Date,AZN.L,HSBA.L,BP.L,ULVR.L,GSK.L,DGE.L,RIO.L,BATS.L,LSEG.L,REL.L,NG.L,VOD.L,BARC.L,LLOY.L,TSCO.L
2017-01-03,4426.66015625,662.4338989257812,514.4796142578125,3490.408447265625,1565.3214111328125,2093.823974609375,3113.161376953125,4581.86279296875,2896.36865234375,1443.756591796875,1022.945556640625,201.15167236328125,231.2678985595703,64.35094451904297,259.7578125
2017-01-04,4464.0546875,666.7122802734375,516.4686889648438,3503.73046875,1574.8416748046875,2118.76220703125,3086.858154296875,4561.49755859375,2911.349853515625,1433.7791748046875,1014.69775390625,204.43128967285156,234.35948181152344,64.50030517578125,258.938720703125
2017-01-05,4537.3505859375,658.155517578125,514.4796142578125,3515.986328125,1586.867431640625,2129.734619140625,3087.3544921875,4550.07275390625,2905.357666015625,1428.7901611328125,1020.9921875,208.15821838378906,231.9161376953125,64.38081359863281,250.81141662597656
2017-01-06,4537.85009765625,665.6178588867188,511.69500732421875,3510.657958984375,1586.867431640625,2138.2138671875,3071.9697265625,4544.1103515625,2920.33935546875,1435.7747802734375,1024.8990478515625,210.04647827148438,234.6087646484375,65.62560272216797,251.3784942626953
2017-01-09,4594.69091796875,665.518310546875,510.7004699707031,3564.4794921875,1599.3941650390625,2164.14892578125,3109.687255859375,4644.4521484375,2922.3359375,1451.739013671875,1031.7362060546875,206.66746520996094,233.4120330810547,64.94842529296875,253.20556640625
2017-01-10,4647.04541015625,668.0056762695312,508.91015625,3554.3544921875,1597.389404296875,2160.159912109375,3268.992431640625,4641.47216796875,2949.30224609375,1447.7479248046875,1014.2637329101562,208.95326232910156,235.60601806640625,66.3027572631836,268.3890075683594
2017-01-11,4564.27490234375,671.9854736328125,510.5014343261719,3573.5380859375,1584.86328125,2168.638916015625,3321.1015625,4682.20361328125,2931.324951171875,1448.74560546875,1013.3956298828125,211.78570556640625,233.5616455078125,66.06375885009766,263.0968322753906
2017-01-12,4542.8349609375,669.7966918945312,512.590087890625,3592.72216796875,1569.3302001953125,2171.132568359375,3379.166748046875,4674.25537109375,2930.325927734375,1457.725341796875,1031.627685546875,213.02796936035156,231.61695861816406,65.75505828857422,259.6318054199219
2017-01-13,4596.1865234375,674.5723266601562,515.1759033203125,3605.51171875,1588.8720703125,2192.08056640625,3392.06982421875,4698.59619140625,2929.32763671875,1460.718505859375,1038.464599609375,213.37582397460938,234.6087646484375,65.76500701904297,259.5688171386719
2017-01-16,4562.7802734375,676.860595703125,509.8052673339844,3626.294189453125,1583.8612060546875,2190.086181640625,3462.04541015625,4731.38037109375,2942.311279296875,1467.7027587890625,1048.7744140625,209.20175170898438,230.47007751464844,64.4206314086914,256.1666564941406
2017-01-17,4517.9052734375,663.5285034179688,499.2629699707031,3538.900634765625,1554.7999267578125,2126.243408203125,3385.12255859375,4550.07275390625,2942.311279296875,1437.7701416015625,1033.2552490234375,206.3693389892578,230.96873474121094,65.17745971679688,254.5286102294922
2017-01-18,4567.76513671875,675.3682250976562,502.3460693359375,3576.203369140625,1563.8187255859375,2155.671142578125,3472.9638671875,4603.71826171875,2949.30224609375,1422.8038330078125,1030.2169189453125,206.31961059570312,226.97962951660156,64.91856384277344,254.08761596679688
2017-01-19,4456.078125,675.86572265625,496.42852783203125,3560.216064453125,1556.3028564453125,2156.668212890625,3432.765380859375,4703.06689453125,3006.23095703125,1417.81494140625,1016.3257446289062,204.82887268066406,227.67770385742188,64.47042846679688,255.2845458984375
2017-01-20,4306.49462890625,674.9702758789062,495.6329650878906,3582.064453125,1549.7890625,2146.693603515625,3424.328369140625,4728.89453125,3045.182373046875,1421.80615234375,1017.9535522460938,204.77920532226562,226.7801513671875,64.7990493774414,249.86639404296875
2017-01-23,4243.67041015625,666.7122802734375,484.4939880371094,3569.27490234375,1530.247314453125,2140.7080078125,3448.646240234375,4735.85107421875,3093.1220703125,1416.8175048828125,1014.4808959960938,201.94674682617188,223.8880615234375,64.13184356689453,245.70838928222656
2017-01-24,4203.28271484375,669.3986206054688,487.0299987792969,3573.5380859375,1526.73974609375,2159.661376953125,3588.10009765625,4768.63427734375,3070.1513671875,1409.8331298828125,1013.504150390625,198.1204833984375,228.0267791748047,63.93268585205078,242.1172332763672
2017-01-25,4250.6494140625,674.373291015625,485.3891296386719,3568.741943359375,1525.236572265625,2135.72021484375,3548.398681640625,4862.021484375,3076.143798828125,1406.839599609375,1000.5897216796875,191.7102813720703,230.22076416015625,65.26708221435547,237.455078125
2017-01-26,4286.052734375,680.4423828125,482.75347900390625,3400.88330078125,1532.2513427734375,2212.530029296875,3507.20751953125,4897.2880859375,3061.16162109375,1394.86669921875,991.148193359375,191.31277465820312,231.71669006347656,65.89445495605469,238.14810180664062
2017-01-27,4227.21435546875,684.1238403320312,484.1459655761719,3446.178466796875,1523.2325439453125,2238.466552734375,3540.9541015625,4888.34716796875,3096.118408203125,1408.8349609375,1000.8068237304688,192.15748596191406,229.971435546875,65.59573364257812,260.2616882324219
2017-01-30,4248.65625,676.5621337890625,473.45458984375,3436.05322265625,1536.7611083984375,2212.530029296875,3474.94873046875,4864.50244140625,3104.1083984375,1417.81494140625,998.2022705078125,194.7415008544922,222.79104614257812,64.63973999023438,249.23643493652344
2017-01-31,4182.34033203125,672.98046875,470.2719421386719,3439.78466796875,1531.2493896484375,2198.06591796875,3465.0234375,4867.48291015625,3167.029052734375,1419.810546875,1006.7755737304688,193.15135192871094,218.85183715820312,64.65963745117188,245.2042999267578
2017-02-01,4235.19482421875,673.3782958984375,470.3217468261719,3414.205810546875,1538.2642822265625,2182.604248046875,3493.311279296875,4833.70703125,3192.9970703125,1411.8287353515625,991.582275390625,191.80967712402344,221.49461364746094,65.1475830078125,246.0233154296875
2017-02-02,4260.6220703125,673.477783203125,470.122802734375,3461.099853515625,1540.769775390625,2189.0888671875,3488.8447265625,4877.9150390625,3183.009521484375,1434.77685546875,999.6129150390625,192.0084228515625,220.74668884277344,64.61978912353516,248.03939819335938
2017-02-03,4345.88525390625,681.73583984375,475.9906005859375,3483.47998046875,1550.791015625,2207.54248046875,3365.27099609375,4930.5703125,3194.994873046875,1438.767822265625,1007.101318359375,192.90284729003906,228.22621154785156,65.5758056640625,248.6064453125
2017-02-06,4375.302734375,683.0291748046875,473.9517517089844,3477.618408203125,1559.30908203125,2211.53271484375,3359.81201171875,4952.42431640625,3155.04443359375,1440.7633056640625,1013.0701293945312,191.66058349609375,226.7801513671875,65.784912109375,243.25128173828125
2017-02-07,4437.1298828125,682.7308959960938,454.6079406738281,3505.328857421875,1565.8228759765625,2222.50537109375,3409.440185546875,4948.94873046875,3135.069091796875,1455.729736328125,1022.7286376953125,191.26307678222656,225.433837890625,65.85462951660156,244.00732421875
2017-02-08,4472.033203125,676.462646484375,453.4641418457031,3562.88037109375,1565.8228759765625,2246.4462890625,3352.36767578125,4992.1650390625,3080.1376953125,1451.739013671875,1039.332763671875,194.69175720214844,224.3368377685547,65.30692291259766,248.98443603515625
2017-02-09,4562.28173828125,685.8151245117188,456.1991271972656,3549.335205078125,1580.3541259765625,2249.9375,3356.83447265625,4988.19189453125,3080.1376953125,1462.7142333984375,1039.22412109375,197.8720245361328,228.92430114746094,65.8646011352539,249.36244201660156
2017-02-10,4613.63720703125,683.4274291992188,457.0942077636719,3528.550537109375,1594.383544921875,2248.93994140625,3545.917236328125,4975.27490234375,3067.154296875,1465.70751953125,1040.0926513671875,196.4806671142578,228.0267791748047,65.36668395996094,249.4884033203125
2017-02-13,4637.5712890625,684.62109375,457.0942077636719,3516.29248046875,1583.3599853515625,2247.44384765625,3652.12060546875,4959.38037109375,3106.105712890625,1467.7027587890625,1036.51123046875,194.9899444580078,231.71669006347656,65.5758056640625,247.91336059570312
2017-02-14,4613.13818359375,693.67529296875,456.9948425292969,3501.903076171875,1580.3541259765625,2234.97509765625,3612.914794921875,4897.78515625,3113.09716796875,1459.7210693359375,1039.332763671875,194.84083557128906,234.6087646484375,66.21312713623047,248.2284393310547
2017-02-15,4670.978515625,702.231689453125,455.0552673339844,3530.681640625,1597.89111328125,2251.932861328125,3627.30615234375,4932.06005859375,3113.09716796875,1464.7095947265625,1033.47265625,196.03347778320312,238.59786987304688,67.18904876708984,248.03939819335938
2017-02-16,4513.369140625,701.2366943359375,446.0348815917969,3567.987548828125,1620.4390869140625,2251.43359375,3619.86279296875,4943.982421875,3115.0947265625,1467.7027587890625,1039.6580810546875,197.07696533203125,237.3512725830078,66.9699935913086,247.9764862060547
2017-02-17,4583.6962890625,703.9232177734375,443.6475524902344,4047.094970703125,1642.9864501953125,2267.39453125,3572.71533203125,4971.30224609375,3126.080810546875,1480.673828125,1043.1314697265625,196.77882385253906,236.3540496826172,66.58161163330078,246.65341186523438
2017-02-20,4558.75732421875,708.6989135742188,442.85174560546875,3781.693115234375,1639.9803466796875,2261.40966796875,3618.86962890625,4949.94140625,3129.077392578125,1479.6759033203125,1042.8055419921875,197.2757568359375,236.85264587402344,67.0695571899414,245.2042999267578
2017-02-21,4550.7763671875,662.3341674804688,448.4220275878906,3822.72998046875,1648.999267578125,2271.384521484375,3618.37451171875,4960.3740234375,3108.1025390625,1468.70068359375,1051.487548828125,199.41250610351562,235.30686950683594,66.49197387695312,241.109130859375
2017-02-22,4544.791015625,676.263671875,445.3385009765625,4040.69873046875,1657.016357421875,2286.347900390625,3581.152587890625,4967.3251953125,3110.100830078125,1475.6851806640625,1052.6810302734375,200.50570678710938,234.5090789794922,69.4097671508789,243.6923065185547
2017-02-23,4589.18212890625,649.6589965820312,448.02435302734375,4016.716796875,1636.25439453125,2263.638671875,3393.5126953125,5026.9365234375,3121.08642578125,1493.64453125,1054.743408203125,201.00262451171875,228.42568969726562,69.26040649414062,241.3612060546875
2017-02-24,4597.662109375,647.1708984375,444.7417297363281,4021.51318359375,1643.270263671875,2266.132568359375,3291.746337890625,5036.86962890625,3121.08642578125,1490.6514892578125,1061.0374755859375,201.59890747070312,225.28428649902344,68.99152374267578,239.40809631347656
2017-02-27,4597.16259765625,642.8916625976562,449.11846923828125,4083.333251953125,1648.2818603515625,2270.123291015625,3316.567626953125,5058.72705078125,3086.130615234375,1498.63330078125,1061.797119140625,200.25723266601562,224.38673400878906,68.91185760498047,238.27403259277344
2017-02-28,4632.5751953125,643.3894653320312,451.1576843261719,4070.543701171875,1651.7901611328125,2262.640625,3273.379638671875,5046.80517578125,3074.145751953125,1501.626708984375,1060.8206787109375,200.65475463867188,225.8826446533203,68.3840560913086,237.39207458496094
2017-03-01,4664.99609375,659.2127075195312,462.1494140625,4119.04052734375,1670.3323974609375,2274.61279296875,3381.59814453125,5127.2744140625,3137.06689453125,1516.5931396484375,1055.828369140625,201.30081176757812,232.26519775390625,68.55335998535156,239.5971221923828
2017-03-02,4735.322265625,660.8052368164062,462.39801025390625,4112.11083984375,1679.35302734375,2278.60302734375,3330.46728515625,5121.314453125,3139.064453125,1531.559326171875,1068.634033203125,201.25106811523438,228.8940887451172,68.6230697631836,237.89602661132812
2017-03-03,4768.73876953125,664.5870361328125,461.602294921875,4113.7109375,1691.8817138671875,2258.650634765625,3316.071044921875,5073.62841796875,3112.09814453125,1528.566162109375,1059.95263671875,200.95291137695312,230.78909301757812,68.13509368896484,237.01405334472656
2017-03-06,4750.2841796875,661.9993896484375,460.3587646484375,4131.29541015625,1688.373779296875,2251.66650390625,3247.069091796875,5048.791015625,3100.11279296875,1532.5572509765625,1061.471923828125,200.75411987304688,226.35084533691406,67.22889709472656,239.78611755371094
2017-03-07,4704.89599609375,661.9993896484375,460.55780029296875,4173.93017578125,1678.851806640625,2246.1796875,3265.932373046875,5074.623046875,3078.14111328125,1529.5638427734375,1059.626708984375,201.15167236328125,226.45053100585938,67.21894073486328,238.08505249023438
2017-03-08,4743.80126953125,664.4874267578125,458.2700500488281,4158.4755859375,1675.3436279296875,2247.177978515625,3237.63671875,5068.66064453125,3067.154296875,1533.5548095703125,1058.6500244140625,202.29461669921875,231.68673706054688,68.02556610107422,237.5180206298828
2017-03-09,4752.779296875,664.3878784179688,451.6053771972656,4266.1298828125,1675.3436279296875,2250.170166015625,3179.55615234375,5066.673828125,3077.14208984375,1543.5323486328125,1063.9677734375,202.14552307128906,231.5869903564453,68.26457214355469,234.87193298339844
2017-03-10,4747.791015625,663.4921875,468.2171630859375,4301.30322265625,1676.34619140625,2263.638671875,3155.72802734375,5074.623046875,3056.168212890625,1531.559326171875,1062.122802734375,202.59275817871094,231.23788452148438,68.47369384765625,237.89602661132812
2017-03-13,4803.154296875,668.8661499023438,461.05517578125,4252.27294921875,1681.357666015625,2265.634033203125,3280.825439453125,5105.42041015625,3052.17333984375,1535.550537109375,1064.1849365234375,202.0958251953125,229.59226989746094,68.2546157836914,240.66818237304688
2017-03-14,4842.556640625,666.7762451171875,454.5893249511719,4308.23291015625,1692.3831787109375,2293.5673828125,3291.250244140625,5137.20947265625,3040.188720703125,1538.543701171875,1068.5257568359375,203.23875427246094,225.95188903808594,67.56746673583984,237.2030792236328
2017-03-15,4838.068359375,667.5724487304688,453.7438659667969,4306.0986328125,1686.369140625,2280.597900390625,3322.5244140625,5151.119140625,3061.16162109375,1535.550537109375,1060.061279296875,203.93443298339844,226.8993682861328,67.94589233398438,238.65206909179688
2017-03-16,4854.02880859375,665.383056640625,456.82769775390625,4318.3583984375,1694.3875732421875,2289.5771484375,3429.75048828125,5116.5205078125,3066.155517578125,1535.550537109375,1068.2003173828125,208.2078857421875,228.84423828125,69.2902603149414,235.50204467773438
2017-03-17,4884.953125,655.9285888671875,460.55780029296875,4306.0986328125,1691.38037109375,2313.520263671875,3428.758056640625,5159.2490234375,3066.155517578125,1532.5572509765625,1068.634033203125,210.0961456298828,229.79171752929688,69.05128479003906,236.06900024414062
2017-03-20,4887.94482421875,655.9285888671875,458.6678466796875,4335.41015625,1692.3831787109375,2322.499267578125,3445.13916015625,5155.2744140625,3094.120849609375,1536.54833984375,1075.0369873046875,209.20175170898438,227.69728088378906,69.01142883300781,238.14810180664062
2017-03-21,4814.6259765625,651.848388671875,455.932373046875,4293.83984375,1684.364501953125,2314.02001953125,3303.16455078125,5155.2744140625,3061.16162109375,1534.552978515625,1085.7811279296875,208.30731201171875,229.39279174804688,68.45375061035156,238.02207946777344
2017-03-22,4840.5625,644.3845825195312,452.35125732421875,4290.6455078125,1674.3419189453125,2304.541748046875,3285.78955078125,5147.32373046875,3014.220703125,1541.536865234375,1086.8663330078125,206.3693389892578,223.95716857910156,67.34840393066406,234.178955078125
2017-03-23,4947.296875,644.0858764648438,454.19158935546875,4280.5205078125,1678.851806640625,2295.56298828125,3243.097900390625,5141.36279296875,3029.20263671875,1551.514404296875,1093.37744140625,209.69866943359375,223.3088836669922,68.14505004882812,238.9041290283203
2017-03-24,4916.3740234375,645.180908203125,449.4666442871094,4282.65087890625,1674.3419189453125,2302.546142578125,3234.162353515625,5243.71142578125,3012.223388671875,1556.50341796875,1099.346435546875,210.29498291015625,226.35084533691406,67.76665496826172,240.66818237304688
2017-03-27,4962.26171875,643.2898559570312,445.5375061035156,4282.11669921875,1680.8565673828125,2292.072021484375,3109.561279296875,5195.021484375,3010.225830078125,1557.501220703125,1101.516845703125,209.30111694335938,223.60809326171875,66.67121887207031,239.34510803222656
2017-03-28,4947.79638671875,652.1469116210938,451.0582275390625,4269.8603515625,1680.8565673828125,2300.55126953125,3196.9306640625,5186.078125,3020.214111328125,1560.49462890625,1099.8890380859375,208.95326232910156,227.49781799316406,66.51189422607422,240.92013549804688
2017-03-29,4942.3115234375,653.2418212890625,458.767333984375,4296.5087890625,1682.359619140625,2310.527587890625,3235.15576171875,5284.45361328125,3102.111083984375,1559.4967041015625,1099.346435546875,209.40052795410156,226.6999053955078,66.26292419433594,239.72312927246094
2017-03-30,4914.8798828125,652.8436279296875,459.2149963378906,4257.6015625,1682.861083984375,2303.544189453125,3266.429931640625,5276.50341796875,3129.077392578125,1562.4901123046875,1091.7498779296875,207.51222229003906,227.44793701171875,66.37248992919922,238.14810180664062
2017-03-31,4900.4150390625,647.7682495117188,455.136474609375,4198.98046875,1663.316162109375,2278.103759765625,3186.506103515625,5266.5673828125,3167.029052734375,1560.49462890625,1099.8890380859375,206.81654357910156,224.5057373046875,66.04386138916016,233.8638916015625
2017-04-03,4897.92041015625,643.48876953125,453.69427490234375,4180.32763671875,1660.8101806640625,2273.614501953125,3163.670654296875,5256.6298828125,3187.00439453125,1557.501220703125,1095.0054931640625,205.3754425048828,220.86538696289062,65.75505828857422,232.7299041748047
2017-04-04,4942.81103515625,646.275390625,461.204345703125,4196.8486328125,1664.819580078125,2281.09716796875,3241.112548828125,5256.6298828125,3201.9853515625,1563.48779296875,1095.0054931640625,205.27610778808594,217.17514038085938,65.23724365234375,232.7299041748047
2017-04-05,4845.54931640625,651.450439453125,462.7463073730469,4198.98046875,1666.823974609375,2281.09716796875,3244.5869140625,5284.45361328125,3194.994873046875,1570.47216796875,1098.8040771484375,205.27610778808594,218.0228729248047,65.21730041503906,232.16287231445312
2017-04-06,4783.2041015625,648.6640014648438,462.0000915527344,4240.015625,1637.256591796875,2286.58447265625,3234.162353515625,5257.623046875,3197.9912109375,1566.48095703125,1106.40087890625,202.7418212890625,215.8286895751953,63.34649658203125,233.35986328125
2017-04-07,4781.7060546875,651.2512817382812,467.9188232421875,4306.63232421875,1640.764404296875,2276.10888671875,3231.679931640625,5323.20556640625,3231.947998046875,1574.463134765625,1120.5084228515625,201.94674682617188,214.73162841796875,62.77867889404297,239.03009033203125
2017-04-10,4726.34375,653.6397705078125,467.17279052734375,4321.02001953125,1641.7664794921875,2277.10693359375,3238.630126953125,5311.28271484375,3222.95947265625,1580.4495849609375,1113.9971923828125,202.6424102783203,215.6291961669922,62.80856704711914,244.70028686523438
2017-04-11,4733.32568359375,654.5352172851562,468.2171630859375,4307.69873046875,1648.7828369140625,2285.5869140625,3252.033447265625,5357.986328125,3230.94970703125,1580.4495849609375,1118.8807373046875,202.046142578125,214.43238830566406,62.718910217285156,246.46437072753906
2017-04-12,4722.85400390625,652.1469116210938,470.0076904296875,4333.27978515625,1649.2841796875,2299.553955078125,3122.4677734375,5348.05029296875,3215.968017578125,1588.431640625,1129.733154296875,203.03993225097656,213.13580322265625,62.300514221191406,232.35189819335938
2017-04-13,4731.33251953125,640.8018798828125,468.6151428222656,4299.169921875,1650.78759765625,2292.56982421875,3098.64013671875,5349.04248046875,3220.96142578125,1579.4515380859375,1124.30712890625,202.7418212890625,212.08860778808594,62.4698600769043,228.69781494140625
2017-04-18,4575.21630859375,623.18701171875,450.2126159667969,4226.6923828125,1590.1483154296875,2239.196533203125,2981.486328125,5229.80078125,3190.999755859375,1560.49462890625,1098.8040771484375,198.46835327148438,206.75274658203125,61.961822509765625,222.0194854736328
2017-04-19,4582.19921875,617.8128662109375,445.4380187988281,4196.8486328125,1577.619384765625,2196.298583984375,3008.788330078125,5152.294921875,3168.0283203125,1540.539306640625,1080.5721435546875,198.76649475097656,207.9495391845703,63.416229248046875,221.26344299316406
2017-04-20,4583.19775390625,619.4053344726562,444.2940368652344,4210.171875,1566.0931396484375,2198.792236328125,3046.01953125,5185.0830078125,3184.007568359375,1554.5079345703125,1074.711669921875,198.07080078125,207.20155334472656,63.814701080322266,219.4994354248047
2017-04-21,4554.7666015625,620.99755859375,439.0716857910156,4196.8486328125,1569.1004638671875,2202.783203125,3036.587646484375,5167.19970703125,3207.9775390625,1558.4989013671875,1087.40869140625,197.5242462158203,207.4010009765625,64.1235122680664,218.99539184570312
2017-04-24,4651.0283203125,635.2285766601562,446.92999267578125,4285.85107421875,1588.644775390625,2255.657470703125,3090.201416015625,5294.39013671875,3312.8466796875,1589.4296875,1104.2298583984375,201.35047912597656,218.621337890625,65.98635864257812,222.96456909179688
2017-04-25,4676.46630859375,639.4085693359375,446.8803405761719,4278.91943359375,1602.67724609375,2253.661865234375,3077.29443359375,5256.6298828125,3302.85888671875,1588.431640625,1096.6331787109375,201.25106811523438,222.2117919921875,66.69364166259766,223.9095916748047
2017-04-26,4674.970703125,639.0106201171875,451.2571716308594,4271.45947265625,1569.6011962890625,2255.657470703125,3089.70458984375,5273.5234375,3343.80810546875,1592.4227294921875,1091.207275390625,201.8473358154297,224.05690002441406,67.15186309814453,227.4376983642578
2017-04-27,4686.44189453125,637.6172485351562,440.315185546875,4229.89111328125,1562.0838623046875,2250.170166015625,3008.292236328125,5202.9716796875,3386.754150390625,1572.7208251953125,1092.8349609375,200.90321350097656,223.35874938964844,68.70588684082031,229.95777893066406
2017-04-28,4626.09130859375,633.4375,440.1658630371094,4233.62060546875,1553.5638427734375,2241.191650390625,3040.063232421875,5182.10205078125,3378.763916015625,1562.7418212890625,1085.23828125,197.8223419189453,211.68963623046875,68.93502044677734,230.9027862548828
2017-05-02,4644.544921875,636.8212280273438,447.22845458984375,4295.4404296875,1575.614990234375,2246.1796875,3024.177734375,5232.78173828125,3383.7578125,1580.7041015625,1092.8349609375,200.65475463867188,209.29598999023438,68.93502044677734,230.5878448486328
2017-05-03,4652.02685546875,642.095703125,444.2940368652344,4291.71337890625,1573.109375,2246.1796875,2941.275634765625,5199.98876953125,3345.804931640625,1577.7103271484375,1102.0594482421875,201.6982879638672,208.39834594726562,68.7955551147461,222.7125701904297
2017-05-04,4637.5634765625,660.60595703125,442.4537658691406,4269.13037109375,1592.15283203125,2269.625,2889.152099609375,5205.95263671875,3353.109130859375,1587.6895751953125,1100.9744873046875,202.44369506835938,211.29071044921875,69.7319564819336,222.58651733398438
2017-05-05,4594.169921875,655.4310913085938,448.9693603515625,4251.00927734375,1591.651611328125,2272.118896484375,2957.656982421875,5253.6484375,3386.07080078125,1592.67919921875,1107.48583984375,203.68592834472656,205.8052520751953,69.7319564819336,226.1147003173828
2017-05-08,4594.169921875,657.4214477539062,452.05303955078125,4317.099609375,1594.1580810546875,2283.59130859375,2913.972900390625,5286.44140625,3387.069580078125,1583.697998046875,1116.16748046875,203.88475036621094,204.35906982421875,69.1840591430664,226.1776123046875
2017-05-09,4698.91064453125,661.7008056640625,453.3460693359375,4312.8349609375,1603.67919921875,2285.5869140625,2947.232177734375,5276.50341796875,3382.075439453125,1603.6563720703125,1119.966064453125,203.88475036621094,204.75799560546875,68.75569152832031,228.1307373046875
2017-05-10,4700.90771484375,667.6720581054688,458.1207275390625,4348.01123046875,1628.73681640625,2273.614501953125,2956.6640625,5283.4599609375,3408.045166015625,1601.6605224609375,1128.1051025390625,205.3257598876953,209.39573669433594,69.61239624023438,231.02880859375
2017-05-11,4735.82080078125,674.7378540039062,453.62152099609375,4354.939453125,1631.4793701171875,2291.572265625,2968.579345703125,5305.3212890625,3427.0234375,1600.662353515625,1120.5084228515625,204.97793579101562,206.00469970703125,69.39325714111328,227.2487030029297
2017-05-12,5163.2666015625,674.8372192382812,457.65069580078125,4373.0615234375,1669.071044921875,2299.553955078125,2948.722412109375,5373.88623046875,3449.99658203125,1621.6185302734375,1131.9036865234375,209.74835205078125,205.35641479492188,68.43692779541016,225.35861206054688
2017-05-15,5181.2216796875,681.9031982421875,461.8293762207031,4386.91796875,1662.5552978515625,2276.607177734375,2997.8671875,5359.97412109375,3472.970458984375,1608.64599609375,1135.1593017578125,209.79806518554688,210.04403686523438,69.12428283691406,224.47654724121094
2017-05-16,5235.08935546875,683.9931030273438,466.85357666015625,4430.62353515625,1671.5775146484375,2322.499267578125,3078.287109375,5470.2734375,3473.968505859375,1633.593994140625,1142.756103515625,218.09652709960938,211.04136657714844,69.88138580322266,224.85459899902344
2017-05-17,5242.07177734375,675.0361328125,468.0970764160156,4427.95751953125,1664.0589599609375,2324.49462890625,3073.322998046875,5445.43017578125,3423.027587890625,1621.6185302734375,1151.437744140625,219.9848175048828,208.94688415527344,71.2461166381836,229.70578002929688
2017-05-18,5127.35498046875,661.080810546875,466.60479736328125,4369.8642578125,1642.0047607421875,2284.58837890625,3079.280029296875,5352.02587890625,3428.02197265625,1609.6439208984375,1138.957763671875,218.792236328125,211.68963623046875,71.00703430175781,231.84783935546875
2017-05-19,5106.40576171875,662.374755859375,469.73870849609375,4410.9033203125,1651.528076171875,2286.58447265625,3144.80712890625,5366.93115234375,3455.990234375,1622.6165771484375,1143.84130859375,218.9412841796875,213.13580322265625,71.505126953125,229.95777893066406
2017-05-22,5117.37890625,663.4696044921875,471.52947998046875,4471.1279296875,1646.014892578125,2300.55126953125,3187.995849609375,5432.513671875,3435.013427734375,1630.60009765625,1058.6859130859375,222.96627807617188,213.08596801757812,71.51510620117188,232.6669158935547
2017-05-23,5128.3544921875,663.7681884765625,471.8280029296875,4466.3310546875,1633.4842529296875,2315.016357421875,3169.628173828125,5385.80859375,3406.047607421875,1638.5836181640625,1071.62744140625,222.86692810058594,213.68434143066406,71.88369750976562,230.08377075195312
2017-05-24,5172.24462890625,664.1661987304688,476.0561218261719,4490.31591796875,1637.4940185546875,2320.004638671875,3152.75048828125,5397.73486328125,3419.03271484375,1637.5855712890625,1076.6046142578125,223.9601593017578,215.87852478027344,72.29210662841797,231.78488159179688
2017-05-25,5196.185546875,665.8583374023438,470.683837890625,4551.0751953125,1621.9560546875,2319.0078125,3142.821044921875,5460.33740234375,3396.05859375,1632.5958251953125,1079.5911865234375,226.69320678710938,213.4849090576172,72.82006072998047,235.31300354003906
2017-05-26,5214.1416015625,671.8300170898438,472.1263427734375,4594.779296875,1647.518310546875,2331.477783203125,3167.14599609375,5555.73193359375,3387.069580078125,1650.5584716796875,1086.0618896484375,228.7801971435547,211.09124755859375,71.46527862548828,235.37599182128906
2017-05-30,5202.1708984375,672.0291748046875,469.6888732910156,4594.2470703125,1677.0908203125,2317.510986328125,3160.195556640625,5466.29931640625,3438.0107421875,1648.56298828125,1084.0711669921875,227.73675537109375,208.64768981933594,70.84766387939453,233.5489044189453
2017-05-31,5221.1240234375,672.4271850585938,464.3165588378906,4617.16357421875,1707.6650390625,2321.50146484375,3080.27294921875,5495.1162109375,3421.02978515625,1659.5396728515625,1084.568603515625,230.072265625,209.4456024169922,70.31965637207031,231.4698028564453
2017-06-01,5314.892578125,673.72119140625,467.5995178222656,4604.90625,1707.6650390625,2337.463623046875,3120.481689453125,5473.25634765625,3438.0107421875,1676.5047607421875,1045.504150390625,227.9851837158203,210.54269409179688,69.89132690429688,231.4068145751953
2017-06-02,5350.8046875,675.2141723632812,460.3866271972656,4660.869140625,1710.1712646484375,2355.919677734375,3133.389404296875,5542.8125,3478.962890625,1676.5047607421875,1029.5723876953125,228.5317840576172,210.3431854248047,69.08444213867188,230.0208282470703
2017-06-05,5329.8564453125,678.199951171875,461.6800537109375,4641.14892578125,1695.134521484375,2343.449462890625,3090.697509765625,5544.80078125,3494.944580078125,1675.5062255859375,1029.5723876953125,228.92933654785156,211.14108276367188,69.12428283691406,229.57972717285156
2017-06-06,5341.826171875,683.3755493164062,462.5256652832031,4658.2021484375,1705.158935546875,2346.94091796875,3125.94287109375,5607.40234375,3435.013427734375,1681.4945068359375,1022.6026000976562,229.1777801513672,208.94688415527344,68.67603302001953,228.8867645263672
2017-06-07,5288.95556640625,678.6978149414062,454.4671325683594,4628.8896484375,1692.628662109375,2324.49462890625,3143.814453125,5547.78173828125,3458.98583984375,1681.4945068359375,1016.1303100585938,227.5876007080078,207.6004638671875,69.81163787841797,224.79161071777344
2017-06-08,5296.9365234375,681.6837158203125,454.0194396972656,4550.5419921875,1685.1099853515625,2279.600830078125,3200.90185546875,5472.259765625,3439.010009765625,1666.5252685546875,1016.6282958984375,216.740234375,204.8577423095703,70.44920349121094,226.74464416503906
2017-06-09,5323.869140625,692.432861328125,465.410888671875,4613.96533203125,1702.1517333984375,2320.503662109375,3241.112548828125,5483.19140625,3449.99658203125,1690.4752197265625,1015.6324462890625,219.7725372314453,206.0545654296875,69.74192810058594,227.7527618408203
2017-06-12,5271.99853515625,688.35205078125,468.49505615234375,4584.12060546875,1699.6456298828125,2318.009765625,3222.744140625,5427.544921875,3395.060791015625,1680.4959716796875,1006.17333984375,222.95407104492188,204.70811462402344,68.83541107177734,231.15487670898438
2017-06-13,5248.05712890625,684.96826171875,467.7489318847656,4537.2177734375,1688.117431640625,2318.508544921875,3194.44970703125,5379.8486328125,3577.847412109375,1672.5128173828125,1013.64111328125,222.50669860839844,205.75537109375,68.32735443115234,233.48590087890625
2017-06-14,5287.958984375,677.5032348632812,459.2425537109375,4521.76220703125,1688.618896484375,2325.9912109375,3119.986328125,5411.6455078125,3627.790283203125,1688.4794921875,1011.1516723632812,221.61184692382812,202.96275329589844,67.63999938964844,234.241943359375
2017-06-15,5270.00244140625,683.4752197265625,458.5959777832031,4530.2890625,1688.117431640625,2323.49609375,3050.98486328125,5405.68408203125,3650.763916015625,1686.483642578125,1006.6710205078125,219.92164611816406,202.61367797851562,67.7296371459961,226.74464416503906
2017-06-16,5271.00048828125,683.9727783203125,464.2668151855469,4558.53515625,1689.1199951171875,2335.967041015625,3022.1923828125,5464.31005859375,3706.69873046875,1711.431640625,1013.64111328125,221.26390075683594,202.71340942382812,68.27754211425781,215.59326171875
2017-06-19,5330.85205078125,688.35205078125,470.2362060546875,4595.31201171875,1699.6456298828125,2368.889404296875,3065.876708984375,5531.88232421875,3747.6513671875,1709.435791015625,1016.1303100585938,221.51246643066406,206.2041778564453,68.43692779541016,215.53028869628906
2017-06-20,5402.67578125,685.0678100585938,457.8995056152344,4602.240234375,1697.139404296875,2384.35302734375,2978.5068359375,5527.90771484375,3754.642333984375,1713.427490234375,1013.64111328125,221.06504821777344,202.2646026611328,66.7533950805664,211.8131103515625
2017-06-21,5386.71533203125,684.1719360351562,454.3675537109375,4589.98388671875,1687.114990234375,2368.889404296875,2998.36376953125,5517.9716796875,3755.64111328125,1706.4420166015625,1003.6838989257812,221.51246643066406,199.62159729003906,66.91278076171875,211.56114196777344
2017-06-22,5494.44921875,680.5888061523438,454.4173583984375,4585.7177734375,1726.210205078125,2330.480224609375,3016.7314453125,5450.4013671875,3748.649658203125,1690.4752197265625,996.7138061523438,222.85462951660156,195.48257446289062,66.74343872070312,209.797119140625
2017-06-23,5387.71142578125,677.5032348632812,454.0194396972656,4568.1318359375,1712.6771240234375,2299.553955078125,3030.63037109375,5447.419921875,3748.649658203125,1697.4609375,995.7182006835938,222.40724182128906,197.02845764160156,66.4246597290039,209.86007690429688
2017-06-26,5423.9111328125,686.3985595703125,455.3675537109375,4640.25341796875,1713.35693359375,2318.82177734375,3062.29736328125,5459.6552734375,3756.26611328125,1704.93896484375,997.8959350585938,223.83193969726562,196.9536590576172,66.22643280029297,209.79075622558594
2017-06-27,5350.83544921875,684.8265380859375,457.8606262207031,4591.6533203125,1704.1844482421875,2325.266357421875,3126.62744140625,5411.00927734375,3703.9580078125,1690.819580078125,980.9815673828125,220.91390991210938,202.07606506347656,65.81800842285156,212.73300170898438
2017-06-28,5227.10986328125,683.1766967773438,452.9747619628906,4554.27099609375,1667.567138671875,2306.03857421875,3132.89306640625,5317.24560546875,3725.67724609375,1671.5146484375,967.2406005859375,218.4303741455078,202.91285705566406,66.344970703125,216.41236877441406
2017-06-29,5157.28173828125,712.1399536132812,447.60235595703125,4430.62353515625,1650.5257568359375,2280.597900390625,3209.341552734375,5201.9765625,3620.79833984375,1645.568603515625,952.90234375,217.23727416992188,204.9574432373047,66.89286041259766,216.72732543945312
2017-06-30,5122.36767578125,708.3577270507812,440.5385437011719,4429.0224609375,1639.49853515625,2263.1396484375,3218.7734375,5200.98388671875,3641.774169921875,1656.5460205078125,947.7245483398438,216.49163818359375,202.2146759033203,65.89669036865234,212.69520568847656
2017-07-03,5150.298828125,726.372802734375,448.9951477050781,4447.6787109375,1633.9852294921875,2267.629150390625,3350.32373046875,5202.9716796875,3620.79833984375,1651.5562744140625,949.9150390625,217.43612670898438,206.50340270996094,66.45454406738281,210.86810302734375
2017-07-04,5098.42578125,718.3108520507812,447.7018737792969,4424.76025390625,1632.481689453125,2258.1513671875,3354.29541015625,5144.34375,3600.8212890625,1648.56298828125,937.9664916992188,216.0442352294922,206.40365600585938,66.39479064941406,210.5531768798828
2017-07-05,5169.2509765625,723.5860595703125,441.8818054199219,4435.41943359375,1629.4744873046875,2266.132568359375,3346.35205078125,5223.8388671875,3687.720703125,1660.537841796875,935.97509765625,216.64076232910156,203.66091918945312,65.43846130371094,218.55438232421875
2017-07-06,5092.44091796875,724.7803344726562,443.6227111816406,4399.71240234375,1611.93115234375,2244.1845703125,3323.517822265625,5151.2978515625,3716.6875,1639.58154296875,928.4075927734375,216.39218139648438,208.59780883789062,66.4246597290039,216.22332763671875
2017-07-07,5117.37890625,724.7803344726562,441.73248291015625,4453.541015625,1618.44775390625,2255.657470703125,3337.91357421875,5186.078125,3728.67333984375,1628.6044921875,930.69775390625,217.48582458496094,207.6004638671875,66.2752456665039,214.8372802734375
2017-07-10,5117.37890625,734.8329467773438,441.48382568359375,4481.787109375,1619.951171875,2278.60302734375,3374.152099609375,5177.13525390625,3726.675048828125,1631.597900390625,927.1132202148438,218.6789093017578,207.15164184570312,66.30511474609375,215.53028869628906
2017-07-11,5117.37890625,734.8329467773438,440.1903991699219,4500.97412109375,1606.91943359375,2255.657470703125,3400.958251953125,5147.32373046875,3726.675048828125,1617.627197265625,927.1132202148438,216.24307250976562,205.206787109375,65.2989730834961,215.53028869628906
2017-07-12,5179.22705078125,741.8994750976562,448.3485107421875,4544.67919921875,1631.9808349609375,2295.56298828125,3428.261962890625,5244.70751953125,3711.692626953125,1633.593994140625,927.013671875,219.17601013183594,207.4508514404297,65.78710174560547,215.08929443359375
2017-07-13,5000.66748046875,740.5061645507812,444.56793212890625,4558.9736328125,1621.9560546875,2280.597900390625,3395.498046875,5256.6298828125,3697.709228515625,1633.593994140625,931.2951049804688,219.57369995117188,210.74215698242188,67.14190673828125,217.60935974121094
2017-07-14,4986.20166015625,730.4534912109375,442.5283203125,4550.93798828125,1612.433349609375,2279.600830078125,3423.297119140625,5243.71142578125,3677.732177734375,1629.6024169921875,926.117431640625,217.53553771972656,207.9495391845703,66.68368530273438,218.61740112304688
2017-07-17,5027.6005859375,733.5388793945312,445.56280517578125,4556.9384765625,1604.9146728515625,2287.581787109375,3447.621337890625,5271.53369140625,3689.71826171875,1624.613037109375,928.3079833984375,219.62342834472656,208.49807739257812,66.8729476928711,219.81446838378906
2017-07-18,5056.529296875,730.4534912109375,443.17510986328125,4573.4609375,1603.91162109375,2281.09716796875,3423.297119140625,5203.96337890625,3675.734619140625,1624.613037109375,937.2694091796875,218.28123474121094,204.50868225097656,66.64381408691406,219.56243896484375
2017-07-19,5057.5263671875,735.3303833007812,443.6725769042969,4598.51123046875,1614.437744140625,2284.09033203125,3421.808349609375,5254.642578125,3709.695068359375,1632.5958251953125,941.4514770507812,220.66738891601562,205.75537109375,67.8193130493164,220.00347900390625
2017-07-20,5110.396484375,737.0224609375,447.95050048828125,4678.4560546875,1628.97314453125,2304.04248046875,3361.245361328125,5390.779296875,3766.62890625,1651.5562744140625,951.40869140625,223.6002960205078,207.6503448486328,68.42697143554688,221.01150512695312
2017-07-21,5139.32421875,731.6478881835938,444.02069091796875,4666.7314453125,1618.9486083984375,2280.099853515625,3328.978515625,5450.4013671875,3781.61181640625,1640.5794677734375,949.9150390625,224.69393920898438,204.50868225097656,67.84918975830078,220.759521484375
2017-07-24,5076.4794921875,733.738037109375,437.5040588378906,4619.29541015625,1599.401123046875,2242.189453125,3300.18505859375,5378.85302734375,3731.669921875,1625.6107177734375,930.9964599609375,220.219970703125,204.9574432373047,67.63002014160156,217.67237854003906
2017-07-25,5074.4853515625,752.748291015625,444.1700134277344,4624.62646484375,1589.8779296875,2244.1845703125,3450.1044921875,5249.6748046875,3747.6513671875,1629.6024169921875,933.6849365234375,218.7783203125,209.14639282226562,68.73577117919922,219.24745178222656
2017-07-26,5100.4208984375,750.1605224609375,442.87652587890625,4643.81298828125,1549.2789306640625,2267.130859375,3435.21142578125,5289.4208984375,3788.603515625,1628.6044921875,940.6549072265625,218.0823974609375,210.6424560546875,68.81548309326172,218.99539184570312
2017-07-27,4314.361328125,750.458984375,442.428955078125,4648.07568359375,1534.743408203125,2402.80859375,3470.95361328125,5288.42822265625,3820.56640625,1661.5357666015625,941.1529541015625,221.4627227783203,208.04931640625,67.24150848388672,221.38951110839844
2017-07-28,4470.47509765625,740.107666015625,441.3841247558594,4612.3671875,1522.2130126953125,2436.22998046875,3478.896484375,4928.71044921875,3756.64111328125,1647.5643310546875,930.69775390625,219.02691650390625,204.5585174560547,66.24534606933594,218.36538696289062
2017-07-31,4557.7587890625,753.445068359375,443.52313232421875,4606.5048828125,1518.2032470703125,2442.71435546875,3494.78173828125,4683.765625,3743.655517578125,1648.56298828125,932.788818359375,220.71707153320312,202.46408081054688,65.32888793945312,219.4994354248047
2017-08-01,4478.95361328125,761.2084350585938,454.11883544921875,4592.1142578125,1520.20751953125,2433.73583984375,3476.91015625,4801.51953125,3782.610107421875,1657.5438232421875,940.1570434570312,220.3690948486328,206.0545654296875,65.31890869140625,221.70452880859375
2017-08-02,4488.92919921875,761.00927734375,456.9542541503906,4587.3173828125,1520.7091064453125,2429.7451171875,3378.619384765625,4823.380859375,3764.631591796875,1652.55419921875,941.8497924804688,219.47430419921875,207.15164184570312,65.30894470214844,224.53965759277344
2017-08-03,4550.7763671875,757.7003173828125,458.24761962890625,4610.59521484375,1531.73583984375,2450.69580078125,3461.521240234375,4972.43310546875,3875.50244140625,1659.6568603515625,953.8980102539062,222.7055206298828,207.9495391845703,66.25531768798828,226.80772399902344
2017-08-04,4522.845703125,765.4645385742188,460.93389892578125,4644.70654296875,1537.7506103515625,2497.0859375,3520.59521484375,5025.1005859375,3887.488037109375,1674.6270751953125,950.910888671875,223.69973754882812,209.794677734375,66.55415344238281,226.99673461914062
2017-08-07,4519.35498046875,762.8765258789062,466.05755615234375,4683.08447265625,1530.232177734375,2516.539794921875,3610.943359375,5023.1123046875,3874.504150390625,1672.630859375,952.3048706054688,225.29052734375,209.4456024169922,66.24534606933594,226.1147003173828
2017-08-08,4552.77197265625,765.96240234375,468.74365234375,4702.27392578125,1537.7506103515625,2528.0126953125,3599.029296875,4958.5224609375,3854.52734375,1667.6409912109375,953.4000244140625,224.1471405029297,209.794677734375,67.00244140625,226.1147003173828
2017-08-09,4494.91455078125,760.6867065429688,466.4554748535156,4721.46240234375,1512.188232421875,2527.513671875,3573.2158203125,4945.109375,3851.53076171875,1672.630859375,958.5779418945312,224.6442413330078,208.19888305664062,66.65377807617188,226.99673461914062
2017-08-10,4416.2841796875,745.95458984375,455.4862976074219,4672.4228515625,1487.3594970703125,2468.031005859375,3455.369873046875,4872.0712890625,3814.572998046875,1663.649169921875,955.5906372070312,221.76100158691406,204.26910400390625,64.5914077758789,223.02761840820312
2017-08-11,4373.88330078125,733.41259765625,445.5357360839844,4662.82958984375,1478.8375244140625,2468.52978515625,3346.62939453125,4824.87158203125,3794.5966796875,1651.6729736328125,950.910888671875,218.23155212402344,198.83319091796875,64.40208435058594,223.27957153320312
2017-08-14,4399.82275390625,739.6837158203125,443.8938903808594,4703.87109375,1484.35205078125,2494.4716796875,3389.330810546875,4814.93310546875,3843.5400390625,1655.6651611328125,959.673095703125,220.81651306152344,199.28207397460938,64.62127685546875,222.08253479003906
2017-08-15,4446.21533203125,741.0772094726562,441.90380859375,4766.76708984375,1498.388427734375,2530.391845703125,3352.091796875,4876.54443359375,3853.528076171875,1671.6328125,961.5648803710938,220.61764526367188,199.9303741455078,65.34860229492188,223.27957153320312
2017-08-16,4457.1923828125,744.56103515625,443.2470703125,4759.837890625,1507.9130859375,2588.264404296875,3432.032470703125,4897.9091796875,3910.462158203125,1686.6026611328125,960.1709594726562,220.56797790527344,200.2296142578125,65.10948944091797,226.9336395263672
2017-08-17,4470.66015625,734.6071166992188,441.00830078125,4755.04052734375,1509.918212890625,2579.782470703125,3405.71630859375,4802.0693359375,3945.42138671875,1691.593017578125,962.06298828125,218.7783203125,196.73866271972656,64.1629867553711,225.35861206054688
2017-08-18,4436.736328125,732.8153076171875,437.82403564453125,4747.5791015625,1493.87646484375,2543.862060546875,3405.71630859375,4722.5654296875,3939.42919921875,1666.6429443359375,956.188232421875,217.78414916992188,195.14280700683594,63.67478561401367,222.4605712890625
2017-08-21,4407.8056640625,730.5258178710938,437.9732971191406,4759.837890625,1483.3494873046875,2555.337158203125,3431.5361328125,4747.41015625,3943.423828125,1667.6409912109375,955.889404296875,218.0823974609375,192.74905395507812,64.33235168457031,222.96456909179688
2017-08-22,4423.7685546875,738.1904907226562,440.01324462890625,4813.67236328125,1507.9130859375,2574.294921875,3514.9541015625,4743.435546875,3978.383056640625,1684.606689453125,967.9376831054688,219.87196350097656,192.7989044189453,64.80062866210938,232.09991455078125
2017-08-23,4484.626953125,737.4937133789062,442.3017883300781,4812.6064453125,1520.9468994140625,2572.7978515625,3589.930419921875,4699.21044921875,3968.39501953125,1679.61669921875,966.3445434570312,218.9771728515625,192.35012817382812,65.1593017578125,235.7539825439453
2017-08-24,4529.02490234375,739.086181640625,440.95849609375,4817.40478515625,1526.9625244140625,2563.818359375,3620.21875,4810.01953125,3967.539794921875,1675.6246337890625,968.13671875,218.6291961669922,193.99581909179688,64.49176025390625,236.19496154785156
2017-08-25,4488.119140625,739.3851318359375,443.2967834472656,4808.341796875,1523.453369140625,2562.321044921875,3635.611083984375,4805.05029296875,3971.53515625,1663.649169921875,966.0458374023438,218.33094787597656,193.7963104248047,64.67111206054688,232.09991455078125
2017-08-29,4481.13623046875,739.1858520507812,438.2220458984375,4796.083984375,1502.3988037109375,2540.86865234375,3636.107421875,4723.06201171875,3945.564453125,1657.6610107421875,957.6817016601562,215.39797973632812,189.85655212402344,63.61500549316406,227.87869262695312
2017-08-30,4442.72607421875,745.6560668945312,439.714599609375,4756.107421875,1520.9468994140625,2551.844482421875,3653.48681640625,4724.552734375,3939.57177734375,1661.6531982421875,961.5648803710938,217.2869873046875,190.20565795898438,63.36593246459961,229.83184814453125
2017-08-31,4530.5205078125,747.049560546875,442.94854736328125,4817.40478515625,1537.4898681640625,2586.267822265625,3720.5185546875,4801.076171875,3945.564453125,1687.6009521484375,970.5265502929688,220.1205291748047,190.6046600341797,63.585113525390625,227.9417724609375
2017-09-01,4581.9013671875,746.2532958984375,442.550537109375,4785.423828125,1536.4873046875,2583.275390625,3733.427978515625,4785.6728515625,3944.566162109375,1683.6090087890625,964.6516723632812,218.23155212402344,191.6519012451172,63.45558547973633,230.71376037597656
2017-09-04,4570.92724609375,741.574951171875,444.2422180175781,4797.68212890625,1519.4432373046875,2576.78955078125,3709.594482421875,4778.7138671875,3920.5927734375,1685.60498046875,964.5521850585938,216.69049072265625,189.70697021484375,63.16667175292969,233.5489044189453
2017-09-05,4562.94580078125,730.7249145507812,444.4909362792969,4765.701171875,1517.4376220703125,2571.800537109375,3669.871826171875,4746.91357421875,3881.63623046875,1678.6192626953125,965.5479125976562,215.04998779296875,187.4128875732422,62.867767333984375,232.7299041748047
2017-09-06,4565.93994140625,725.5489501953125,444.5406799316406,4793.9521484375,1509.918212890625,2559.327880859375,3675.333740234375,4782.19384765625,3850.67138671875,1658.6590576171875,966.2449951171875,214.2049102783203,185.3682403564453,62.81794738769531,234.36798095703125
2017-09-07,4762.9833984375,720.4723510742188,447.6751708984375,4829.130859375,1514.4298095703125,2574.294921875,3689.733154296875,4873.12744140625,3841.681396484375,1676.623291015625,977.2974853515625,213.85694885253906,183.52301025390625,62.84784698486328,234.93499755859375
2017-09-08,4778.9462890625,726.046630859375,443.8938903808594,4804.61328125,1497.8868408203125,2587.765625,3575.530517578125,4886.54296875,3853.667724609375,1671.6328125,970.2279663085938,212.51473999023438,187.11367797851562,63.535301208496094,236.57296752929688
2017-09-11,4878.71533203125,732.2181396484375,446.8790588378906,4824.86767578125,1501.8973388671875,2580.780517578125,3652.492919921875,4867.1650390625,3889.62744140625,1683.6090087890625,967.7384643554688,214.95059204101562,186.1661376953125,63.39581298828125,234.55699157714844
2017-09-12,4913.63623046875,732.8153076171875,446.6800231933594,4734.2529296875,1500.393310546875,2574.79345703125,3664.90673828125,4768.77490234375,3888.62841796875,1675.6246337890625,954.4954223632812,213.3101348876953,190.85397338867188,64.60135650634766,233.17091369628906
2017-09-13,4834.31884765625,728.7341918945312,450.1130676269531,4746.5126953125,1494.8795166015625,2554.837890625,3599.364501953125,4783.18603515625,3854.6669921875,1673.6290283203125,952.0060424804688,213.65809631347656,191.05343627929688,64.74083709716797,228.8867645263672
2017-09-14,4794.91015625,717.4862670898438,449.4660949707031,4659.6318359375,1484.35205078125,2498.962646484375,3475.727783203125,4663.4326171875,3852.66845703125,1651.6729736328125,947.9237060546875,208.78639221191406,189.3079833984375,66.15563201904297,230.9027862548828
2017-09-15,4708.60986328125,704.7449340820312,446.0332946777344,4635.646484375,1457.7830810546875,2482.498046875,3428.555908203125,4711.63330078125,3811.714599609375,1630.71533203125,949.8155517578125,205.2568817138672,186.1661376953125,65.07959747314453,228.69781494140625
2017-09-18,4699.130859375,715.395751953125,448.57061767578125,4679.88623046875,1460.79052734375,2501.955078125,3475.727783203125,4674.86474609375,3834.689208984375,1633.70947265625,943.4429321289062,207.8419189453125,186.96408081054688,65.05967712402344,231.65879821777344
2017-09-19,4762.9833984375,723.6578369140625,453.84442138671875,4664.42822265625,1455.7777099609375,2490.47998046875,3493.602783203125,4619.7060546875,3822.702880859375,1627.7213134765625,947.0276489257812,209.13441467285156,187.81190490722656,65.7571029663086,234.05294799804688
2017-09-20,4741.0341796875,719.6760864257812,457.12811279296875,4638.84375,1457.7830810546875,2421.134521484375,3482.678955078125,4577.46923828125,3796.73193359375,1621.733154296875,947.0276489257812,208.88583374023438,185.41810607910156,65.46818542480469,234.99794006347656
2017-09-21,4757.4951171875,718.2824096679688,461.20782470703125,4542.89990234375,1471.8193359375,2415.147705078125,3441.466064453125,4536.72412109375,3776.75439453125,1611.7535400390625,943.8411254882812,206.8974151611328,189.90643310546875,67.20175170898438,231.09178161621094
2017-09-22,4900.66455078125,723.75732421875,464.29254150390625,4545.56640625,1477.8348388671875,2431.1123046875,3475.727783203125,4582.4375,3782.7470703125,1613.7493896484375,940.0574340820312,207.0465087890625,191.05343627929688,66.66372680664062,231.65879821777344
2017-09-25,4918.6240234375,717.88427734375,470.0638427734375,4550.89599609375,1483.850341796875,2431.1123046875,3412.1708984375,4556.599609375,3740.794921875,1622.731201171875,943.7418212890625,207.94131469726562,189.20822143554688,65.62759399414062,230.52479553222656
2017-09-26,4876.720703125,715.9931640625,469.218017578125,4556.22607421875,1485.8560791015625,2423.13037109375,3393.3037109375,4621.197265625,3740.794921875,1616.7435302734375,939.1614379882812,207.2951202392578,187.81190490722656,64.75080108642578,232.7299041748047
2017-09-27,4871.2333984375,726.6438598632812,470.7105407714844,4546.63232421875,1489.8658447265625,2413.65087890625,3400.7509765625,4675.3603515625,3762.76953125,1599.777587890625,921.3380737304688,207.0465087890625,189.75680541992188,66.95266723632812,235.88003540039062
2017-09-28,4897.67138671875,728.435546875,473.69580078125,4548.2294921875,1485.8560791015625,2435.103515625,3393.3037109375,4621.197265625,3774.756103515625,1618.739501953125,916.9568481445312,204.06387329101562,191.70175170898438,66.97262573242188,233.17091369628906
2017-09-29,4943.56640625,733.711181640625,474.9395751953125,4604.19775390625,1492.3720703125,2447.57568359375,3448.9150390625,4643.06103515625,3825.699462890625,1633.70947265625,920.6411743164062,207.59335327148438,192.84878540039062,67.4807357788086,235.8169403076172
2017-10-02,5049.32177734375,736.2992553710938,477.626220703125,4668.158203125,1524.455810546875,2460.546875,3527.863525390625,4687.78125,3885.632080078125,1664.6468505859375,933.1870727539062,209.28355407714844,192.2004852294922,67.25157165527344,235.18695068359375
2017-10-03,5064.2861328125,743.9639282226562,483.9946594238281,4648.970703125,1523.9547119140625,2473.01953125,3565.103515625,4674.86474609375,3870.6484375,1664.6468505859375,927.013671875,209.3829345703125,193.1479949951172,67.3511962890625,239.4711456298828
2017-10-04,5067.2802734375,745.5564575195312,483.3477783203125,4645.7744140625,1514.931396484375,2496.96630859375,3586.454345703125,4707.16064453125,3869.650146484375,1664.6468505859375,925.818603515625,207.8916473388672,191.8513946533203,67.3511962890625,231.78488159179688
2017-10-05,5089.22998046875,751.82763671875,487.9747619628906,4704.93701171875,1527.46337890625,2520.414794921875,3650.507568359375,4675.8544921875,3912.60107421875,1676.623291015625,932.489990234375,210.7251434326172,189.6571044921875,67.05231475830078,235.12396240234375
2017-10-06,5142.1064453125,753.4202880859375,485.73590087890625,4671.35888671875,1532.476806640625,2529.394775390625,3684.271484375,4751.88232421875,3949.56005859375,1687.6009521484375,933.7844848632812,210.5760040283203,189.70697021484375,66.35487365722656,237.39207458496094
2017-10-09,5160.0654296875,752.1260375976562,483.8950500488281,4650.57080078125,1526.9625244140625,2536.379150390625,3601.8466796875,4789.646484375,3920.5927734375,1683.6090087890625,938.4644775390625,209.97946166992188,187.86172485351562,66.30506134033203,234.80894470214844
2017-10-10,5156.07373046875,759.8903198242188,487.52703857421875,4661.22998046875,1519.4432373046875,2549.84912109375,3584.96484375,4858.21923828125,3917.59619140625,1684.606689453125,937.9664916992188,211.86851501464844,189.5074920654297,66.85304260253906,236.06900024414062
2017-10-11,5136.12158203125,754.9130859375,486.2333679199219,4707.603515625,1520.9468994140625,2552.8427734375,3544.249267578125,4886.04541015625,3916.596923828125,1679.61669921875,938.9622802734375,213.7574920654297,189.90643310546875,66.25525665283203,235.88003540039062
2017-10-12,5142.1064453125,743.6405639648438,489.019775390625,4805.1474609375,1531.47412109375,2563.3193359375,3556.166015625,4851.2626953125,3926.5859375,1694.5865478515625,935.477294921875,215.09976196289062,192.54954528808594,66.05599975585938,233.8763885498047
2017-10-13,5115.16845703125,735.6766357421875,488.3728332519531,4799.8173828125,1519.944580078125,2545.857666015625,3662.920654296875,4827.9091796875,3917.59619140625,1676.623291015625,927.8102416992188,214.4037628173828,190.75424194335938,65.65744018554688,234.3804931640625
2017-10-16,5143.10498046875,740.5546264648438,489.06939697265625,4799.8173828125,1522.9520263671875,2535.880126953125,3692.216552734375,4818.4697265625,3910.603759765625,1674.6270751953125,912.2770385742188,214.75172424316406,188.75941467285156,65.34860229492188,234.56948852539062
2017-10-17,5154.07763671875,740.1563720703125,488.1737976074219,4803.01220703125,1519.944580078125,2532.88671875,3683.7744140625,4834.86572265625,3894.62255859375,1678.6192626953125,921.0393676757812,214.90084838867188,190.85397338867188,66.08586883544922,234.4434814453125
2017-10-18,5164.05615234375,744.9348754882812,485.58660888671875,4848.85205078125,1537.4898681640625,2560.824462890625,3574.041259765625,4840.330078125,3915.59814453125,1691.593017578125,930.69775390625,215.547119140625,192.15057373046875,66.58406066894531,235.82952880859375
2017-10-19,5163.0576171875,739.5589599609375,489.7161560058594,4582.87744140625,1539.9964599609375,2565.315185546875,3575.530517578125,4798.09423828125,3873.6455078125,1693.589111328125,930.7973022460938,215.7957000732422,191.50230407714844,66.74345397949219,236.08164978027344
2017-10-20,5150.087890625,745.2334594726562,489.46734619140625,4435.7646484375,1527.46337890625,2561.82275390625,3575.0341796875,4819.46044921875,3844.677734375,1687.6009521484375,921.8358764648438,215.59686279296875,195.19271850585938,66.75341796875,238.0347900390625
2017-10-23,5128.1396484375,740.1563720703125,488.5220947265625,4393.12353515625,1523.453369140625,2573.297119140625,3561.131103515625,4836.853515625,3840.682373046875,1687.6009521484375,931.1957397460938,214.95059204101562,194.9433135986328,66.75341796875,236.27066040039062
2017-10-24,5067.2802734375,743.441650390625,493.79595947265625,4384.59375,1516.435302734375,2559.82763671875,3565.103515625,4795.1123046875,3821.70361328125,1698.57861328125,919.2469482421875,214.95059204101562,197.48675537109375,67.15193939208984,235.3885498046875
2017-10-25,5063.28759765625,738.5635375976562,485.337890625,4358.4775390625,1432.718017578125,2533.884521484375,3472.251708984375,4813.49951171875,3775.755615234375,1680.61474609375,899.2330322265625,212.36561584472656,196.48931884765625,67.68995666503906,233.8134307861328
2017-10-26,5038.34521484375,743.5409545898438,487.5768127441406,4503.9912109375,1383.5904541015625,2559.327880859375,3540.773681640625,4935.2392578125,3785.743896484375,1729.51611328125,903.8132934570312,213.90664672851562,181.92715454101562,68.67632293701172,234.56948852539062
2017-10-27,5010.41162109375,744.9348754882812,495.4377746582031,4509.8544921875,1370.055419921875,2602.23291015625,3529.849365234375,4990.89453125,3789.740234375,1727.520263671875,913.0735473632812,214.3540496826172,183.3235321044922,68.65638732910156,233.7503662109375
2017-10-30,5011.40869140625,733.6856079101562,499.1195068359375,4486.40087890625,1376.0709228515625,2581.7783203125,3539.28369140625,4886.54296875,3755.77734375,1728.518310546875,900.9257202148438,214.90084838867188,183.0243377685547,67.81947326660156,229.21395874023438
2017-10-31,5020.38720703125,730.9979248046875,507.6769104003906,4551.43017578125,1361.0316162109375,2566.312744140625,3523.891357421875,4840.82666015625,3756.77734375,1729.51611328125,902.1207275390625,214.3540496826172,185.46795654296875,68.0386734008789,228.58395385742188
2017-11-01,5143.10498046875,729.4049072265625,511.4581298828125,4526.37646484375,1355.0159912109375,2538.873291015625,3627.169921875,4860.70361328125,3742.79296875,1707.5606689453125,894.8519287109375,217.68467712402344,183.62277221679688,68.3774185180664,224.86659240722656
2017-11-02,5140.11083984375,733.8847045898438,515.537841796875,4540.06298828125,1362.0340576171875,2565.8134765625,3717.539306640625,4939.21435546875,3745.789306640625,1713.548583984375,911.28125,220.02110290527344,184.52041625976562,67.68995666503906,226.3157196044922
2017-11-03,5168.046875,734.7806396484375,514.2442016601562,4560.8505859375,1364.540771484375,2588.264404296875,3699.166748046875,4964.55615234375,3739.796142578125,1737.5003662109375,914.4676513671875,218.0823974609375,182.7749786376953,67.14197540283203,225.6857452392578
2017-11-06,5119.1591796875,729.6039428710938,518.5230102539062,4537.39697265625,1364.039794921875,2591.755859375,3747.33056640625,4928.28369140625,3764.767822265625,1727.520263671875,916.0607299804688,217.58526611328125,181.5281982421875,67.55048370361328,222.47242736816406
2017-11-07,5012.40673828125,729.6039428710938,522.1052856445312,4499.55029296875,1346.4937744140625,2555.836181640625,3707.60791015625,4901.45068359375,3768.763427734375,1720.5345458984375,914.9653930664062,215.39797973632812,180.87989807128906,67.05231475830078,221.77938842773438
2017-11-08,4982.47607421875,734.7806396484375,521.5082397460938,4562.45263671875,1366.04541015625,2564.81591796875,3746.8349609375,4925.30126953125,3765.76708984375,1722.5306396484375,924.3250732421875,214.65228271484375,178.98480224609375,66.57408905029297,222.8505096435547
2017-11-09,4950.55029296875,738.9618530273438,512.1278076171875,4543.7939453125,1350.2369384765625,2564.81591796875,3652.492919921875,4919.83544921875,3728.80859375,1723.5283203125,900.328369140625,220.5182342529297,178.98480224609375,66.4345932006836,222.78738403320312
2017-11-10,4858.76220703125,737.9664306640625,504.4648742675781,4503.28173828125,1321.65771484375,2553.84033203125,3669.37548828125,4879.5859375,3715.82275390625,1716.5423583984375,890.9685668945312,216.39218139648438,178.68557739257812,66.23533630371094,222.53543090820312
2017-11-13,4918.6240234375,730.798583984375,504.4648742675781,4537.93017578125,1322.6605224609375,2574.79345703125,3673.347412109375,4906.4189453125,3685.856201171875,1726.5223388671875,884.1978149414062,214.75172424316406,178.43624877929688,66.18550872802734,223.0395050048828
2017-11-14,4948.0537109375,732.6900024414062,500.58367919921875,4523.53857421875,1314.63818359375,2579.782470703125,3567.09033203125,4869.6494140625,3716.822265625,1734.5059814453125,879.7168579101562,225.7379150390625,180.23158264160156,66.40471649169922,236.963623046875
2017-11-15,4979.98095703125,732.1923828125,492.6219787597656,4488.88818359375,1311.1285400390625,2555.337158203125,3535.80810546875,4860.70361328125,3733.802978515625,1724.5264892578125,886.189208984375,227.03036499023438,181.92715454101562,66.00617218017578,231.41917419433594
2017-11-16,4999.4365234375,729.1063232421875,488.7905578613281,4501.14794921875,1321.65771484375,2573.297119140625,3524.3876953125,4924.3095703125,3779.7509765625,1744.486083984375,885.6912841796875,227.1298065185547,184.96926879882812,65.81687927246094,232.30133056640625
2017-11-17,4963.5205078125,728.3099365234375,490.73114013671875,4424.38818359375,1311.6298828125,2569.305908203125,3521.40869140625,4952.63134765625,3841.681396484375,1741.4925537109375,879.02001953125,227.3783416748047,184.52041625976562,65.74713897705078,232.74234008789062
2017-11-20,4949.0537109375,726.2192993164062,489.6365051269531,4477.16064453125,1317.1446533203125,2583.275390625,3522.8984375,4971.0166015625,3799.728271484375,1758.4578857421875,876.2318725585938,228.17372131347656,188.26068115234375,65.87664794921875,235.64053344726562
2017-11-21,5024.37890625,726.31884765625,491.9253845214844,4507.013671875,1306.6163330078125,2595.24853515625,3548.22119140625,5059.46484375,3805.721435546875,1765.444091796875,874.4398193359375,228.42227172851562,188.7095489501953,65.47809600830078,238.16082763671875
2017-11-22,4995.4443359375,735.4774780273438,495.4583740234375,4465.43359375,1306.114990234375,2575.7919921875,3607.805419921875,4997.849609375,3798.729248046875,1752.4703369140625,887.4835205078125,227.4280548095703,188.7095489501953,65.65744018554688,244.9654541015625
2017-11-23,4987.9638671875,728.5089111328125,498.49359130859375,4512.3447265625,1309.1231689453125,2609.2177734375,3638.58984375,5017.72607421875,3780.749755859375,1761.4521484375,862.5293579101562,224.1389617919922,188.26068115234375,65.47809600830078,244.5242919921875
2017-11-24,4971.5,732.3914184570312,498.8918151855469,4542.7275390625,1301.1005859375,2616.701171875,3629.653076171875,4973.005859375,3771.76025390625,1760.453857421875,863.0271606445312,224.2384033203125,188.85914611816406,65.84675598144531,242.6971893310547
2017-11-27,4957.03466796875,732.2919311523438,493.81634521484375,4516.60791015625,1324.16455078125,2600.736083984375,3585.957763671875,4936.73095703125,3765.76708984375,1758.4578857421875,874.18115234375,223.3434295654297,187.01393127441406,65.24897766113281,243.01219177246094
2017-11-28,4952.0458984375,741.9482421875,498.99127197265625,4615.7578125,1340.208984375,2644.139892578125,3560.137939453125,4938.22119140625,3795.73291015625,1778.417724609375,879.8574829101562,225.18312072753906,186.86436462402344,64.5914077758789,245.9735107421875
2017-11-29,4888.6923828125,739.8577880859375,492.1244201660156,4494.7529296875,1311.1285400390625,2587.765625,3493.602783203125,4772.25439453125,3800.727294921875,1746.482177734375,876.3719482421875,223.98980712890625,193.7464599609375,66.85304260253906,249.501708984375
2017-11-30,4765.9775390625,730.6990356445312,486.7503356933594,4439.3134765625,1283.0511474609375,2562.820556640625,3477.2177734375,4659.955078125,3774.756103515625,1724.5264892578125,881.3512573242188,223.04513549804688,192.99839782714844,65.7571029663086,244.5242919921875
2017-12-01,4755.99951171875,726.5179443359375,489.6365051269531,4387.07421875,1293.5799560546875,2559.327880859375,3477.713623046875,4754.86328125,3778.75244140625,1710.5543212890625,881.3512573242188,222.7467803955078,188.90902709960938,64.5116958618164,246.3514862060547
2017-12-04,4734.04931640625,729.6039428710938,490.6317138671875,4417.45849609375,1294.081787109375,2580.780517578125,3515.450439453125,4765.794921875,3782.7470703125,1714.54638671875,881.3512573242188,224.28814697265625,193.7464599609375,65.13936614990234,245.9105224609375
2017-12-05,4711.10400390625,728.3099365234375,489.38763427734375,4431.85302734375,1282.549560546875,2600.736083984375,3444.44580078125,4819.95703125,3796.73193359375,1715.5445556640625,877.0689086914062,223.98980712890625,191.2030487060547,64.91021728515625,253.2820281982422
2017-12-06,4712.59912109375,721.6398315429688,491.87567138671875,4454.7734375,1281.546630859375,2636.15771484375,3474.23779296875,4996.85546875,3764.767822265625,1724.5264892578125,874.2805786132812,223.54229736328125,190.5048828125,64.57147216796875,256.30633544921875
2017-12-07,4694.14306640625,722.4363403320312,485.854736328125,4448.91015625,1279.0399169921875,2628.67431640625,3416.640380859375,4927.78662109375,3781.7490234375,1711.5526123046875,872.189208984375,226.5752716064453,191.15318298339844,64.2725830078125,256.621337890625
2017-12-08,4772.9599609375,729.902587890625,490.38287353515625,4457.97119140625,1291.0731201171875,2629.672607421875,3444.44580078125,4908.40771484375,3785.743896484375,1708.5584716796875,874.18115234375,228.11659240722656,195.89085388183594,66.55414581298828,257.7555236816406
2017-12-11,4865.7451171875,748.319580078125,496.3042907714844,4464.900390625,1306.6163330078125,2634.661376953125,3513.464111328125,4971.0166015625,3828.696533203125,1711.5526123046875,875.3761596679688,229.21043395996094,198.0851593017578,66.39474487304688,258.9525146484375
2017-12-12,4923.61181640625,753.6950073242188,508.545166015625,4486.22314453125,1318.14794921875,2642.64404296875,3516.443603515625,5012.7568359375,3838.684326171875,1711.5526123046875,880.654296875,231.05007934570312,200.08001708984375,67.15193939208984,259.1415100097656
2017-12-13,4902.1611328125,766.1666870117188,505.259033203125,4471.294921875,1322.9031982421875,2635.70751953125,3505.51953125,5013.8994140625,3846.82177734375,1734.5059814453125,870.795166015625,229.60821533203125,202.151611328125,67.19477081298828,263.94512939453125
2017-12-14,4873.22802734375,753.0979614257812,501.5787658691406,4413.72705078125,1294.081787109375,2626.180419921875,3537.29736328125,4893.99755859375,3794.734375,1723.5283203125,858.2468872070312,228.41490173339844,202.174560546875,66.06595611572266,260.7797546386719
2017-12-15,4869.73681640625,748.120361328125,502.77301025390625,4473.43115234375,1298.593505859375,2649.129638671875,3599.364501953125,4936.2333984375,3775.755615234375,1725.5244140625,865.0189819335938,228.71324157714844,201.72573852539062,66.16559600830078,261.22076416015625
2017-12-18,4900.16650390625,752.6995849609375,507.25146484375,4488.35498046875,1307.6190185546875,2668.087646484375,3646.535400390625,4929.27587890625,3785.743896484375,1727.520263671875,867.5087890625,230.05569458007812,203.96990966796875,66.50433349609375,259.64569091796875
2017-12-19,4876.2216796875,752.89892578125,505.36053466796875,4459.56982421875,1313.6353759765625,2661.601318359375,3619.2255859375,4964.05908203125,3783.74658203125,1718.5382080078125,869.50048828125,231.7461700439453,203.670654296875,66.90287017822266,259.58270263671875
2017-12-20,4848.78466796875,754.8895263671875,506.25616455078125,4398.2685546875,1313.6353759765625,2650.12646484375,3684.271484375,4889.5244140625,3745.789306640625,1724.5264892578125,866.6123046875,230.70205688476562,203.0223846435547,66.32501220703125,259.7716064453125
2017-12-21,4911.14013671875,762.3560791015625,517.0044555664062,4413.72705078125,1323.6634521484375,2678.564208984375,3746.8349609375,4981.94970703125,3735.800048828125,1726.5223388671875,863.5250244140625,234.1327362060547,204.0197296142578,67.06224822998047,261.47283935546875
2017-12-22,4930.59619140625,758.1749267578125,514.71533203125,4400.935546875,1305.6134033203125,2683.553466796875,3720.5185546875,4939.21435546875,3733.802978515625,1728.518310546875,863.0271606445312,234.58021545410156,201.6259307861328,66.96263122558594,260.52777099609375
2017-12-27,4934.0869140625,760.1659545898438,516.2080078125,4407.86279296875,1314.1368408203125,2679.56201171875,3773.15087890625,4973.998046875,3741.793701171875,1728.518310546875,864.0230102539062,232.8897247314453,202.12469482421875,67.53053283691406,263.4889221191406
2017-12-28,4986.96484375,758.971435546875,516.1085815429688,4396.6689453125,1313.6353759765625,2688.5419921875,3831.2451171875,4925.23486328125,3743.791259765625,1731.51220703125,866.4132690429688,232.98915100097656,202.8727264404297,67.3213119506836,262.60693359375
2017-12-29,5109.1826171875,763.4511108398438,520.1889038085938,4398.2685546875,1326.169921875,2718.97412109375,3914.66259765625,4987.35205078125,3788.74072265625,1735.5045166015625,871.4922485351562,233.68524169921875,202.57350158691406,67.80950927734375,263.6780090332031
2018-01-02,5093.2197265625,761.6591186523438,515.0140380859375,4312.44580078125,1325.4681396484375,2672.077880859375,3960.840576171875,4909.82958984375,3737.7978515625,1711.5526123046875,858.3467407226562,232.4919891357422,202.67324829101562,67.4508285522461,262.73284912109375
2018-01-03,5154.07763671875,759.966796875,521.6817016601562,4326.837890625,1346.927490234375,2680.558837890625,3958.853271484375,4906.34912109375,3744.790283203125,1704.5667724609375,850.7778930664062,232.1439208984375,203.17196655273438,67.22168731689453,264.1191101074219
2018-01-04,5159.06640625,762.6546630859375,527.4539794921875,4340.16650390625,1343.3179931640625,2668.087646484375,3958.853271484375,4884.48388671875,3744.790283203125,1708.059814453125,856.0560913085938,233.98358154296875,203.96990966796875,67.80950927734375,266.1351623535156
2018-01-05,5191.99169921875,760.06640625,527.0560302734375,4363.0888671875,1364.7769775390625,2666.091064453125,3932.041259765625,4939.6455078125,3753.780517578125,1710.0557861328125,864.8197631835938,235.47518920898438,198.66366577148438,67.81947326660156,264.24505615234375
2018-01-08,5141.109375,754.59130859375,524.8665771484375,4362.02099609375,1357.156005859375,2661.601318359375,4009.499755859375,4894.91943359375,3739.796142578125,1696.5826416015625,861.0354614257812,236.32046508789062,199.58131408691406,67.80950927734375,270.0416259765625
2018-01-09,5152.08447265625,762.8538208007812,525.4635009765625,4354.02490234375,1350.53759765625,2654.117919921875,4065.608642578125,4929.2080078125,3714.82373046875,1690.5947265625,847.1926879882812,236.66847229003906,201.27687072753906,68.14825439453125,270.1676330566406
2018-01-10,5124.1484375,791.9224243164062,527.9515991210938,4270.33544921875,1334.693603515625,2643.142333984375,4060.643310546875,4934.67626953125,3695.8447265625,1675.1258544921875,835.0430297851562,231.2987060546875,200.67840576171875,68.72613525390625,267.0171813964844
2018-01-11,5120.1572265625,792.4203491210938,530.4395751953125,4273.53271484375,1334.29296875,2654.61767578125,4136.61328125,5019.15771484375,3644.902587890625,1658.16015625,841.31689453125,227.1719207763672,195.59165954589844,69.57300567626953,254.9202423095703
2018-01-12,5120.1572265625,788.1397705078125,532.230712890625,4247.412109375,1356.7548828125,2635.160400390625,4141.08056640625,4937.65771484375,3695.8447265625,1655.6651611328125,838.8274536132812,228.06687927246094,193.99581909179688,70.24053192138672,258.1964416503906
2018-01-15,5118.16162109375,781.3701782226562,530.1409301757812,4264.470703125,1356.7548828125,2614.20654296875,4143.5625,4984.37109375,3670.873291015625,1643.689208984375,838.5286254882812,226.72445678710938,195.03311157226562,70.34016418457031,261.97686767578125
2018-01-16,5037.35009765625,789.4337158203125,515.8101196289062,4253.810546875,1358.76025390625,2595.747802734375,4018.4375,5002.259765625,3694.846923828125,1651.1741943359375,837.93115234375,229.75738525390625,198.88311767578125,70.23055267333984,266.8912048339844
2018-01-17,4978.98388671875,789.234619140625,513.8199462890625,4285.794921875,1362.9722900390625,2612.211181640625,3976.728759765625,4972.443359375,3684.85791015625,1636.7032470703125,840.1220092773438,226.37635803222656,198.00538635253906,70.17079162597656,267.14337158203125
2018-01-18,4969.0068359375,784.7548217773438,514.018798828125,4285.794921875,1356.9556884765625,2613.20849609375,3981.694580078125,4919.76611328125,3690.85107421875,1620.236572265625,827.175537109375,224.735595703125,198.78338623046875,70.66896057128906,264.24505615234375
2018-01-19,5031.36376953125,784.8544311523438,507.4504699707031,4379.6103515625,1361.76904296875,2615.703369140625,3988.645751953125,5031.083984375,3746.78759765625,1643.1900634765625,827.0759887695312,224.5367431640625,199.98023986816406,71.2169189453125,261.8509216308594
2018-01-22,5042.33740234375,780.9719848632812,513.3222045898438,4339.10009765625,1358.9610595703125,2586.267822265625,3971.26708984375,5011.20556640625,3714.82373046875,1599.777587890625,824.5863647460938,226.0780792236328,208.65769958496094,71.69515991210938,260.84271240234375
2018-01-23,5089.22998046875,781.5692749023438,513.22265625,4360.42138671875,1368.186767578125,2598.241943359375,3913.669677734375,5068.85107421875,3794.734375,1603.7696533203125,817.1172485351562,227.07247924804688,208.65769958496094,71.85457611083984,264.1191101074219
2018-01-24,4959.52880859375,768.030517578125,513.0234375,4303.38427734375,1350.73828125,2536.87744140625,3891.3251953125,4945.6103515625,3983.522216796875,1582.811767578125,802.5775146484375,224.03952026367188,207.95953369140625,71.73500061035156,263.2369079589844
2018-01-25,4986.96484375,764.9443969726562,514.2177734375,4260.20654296875,1338.7044677734375,2531.39013671875,3910.194091796875,4840.25537109375,3927.585205078125,1553.8701171875,792.3198852539062,223.14454650878906,209.75482177734375,70.9877700805664,264.24505615234375
2018-01-26,5083.2431640625,767.1344604492188,513.8199462890625,4258.07421875,1358.76025390625,2553.341796875,3915.158935546875,4908.83447265625,4019.481201171875,1558.3609619140625,803.6727905273438,224.3378143310547,209.45562744140625,70.99774932861328,266.51318359375
2018-01-29,5074.263671875,767.034912109375,513.1228637695312,4227.158203125,1352.743896484375,2523.906494140625,3996.58984375,4845.2255859375,4020.47998046875,1557.3631591796875,801.1832275390625,225.0836639404297,207.1116943359375,71.28665161132812,265.6312561035156
2018-01-30,5002.427734375,757.1795043945312,505.4601135253906,4244.748046875,1344.7218017578125,2521.411865234375,3929.559326171875,4801.99169921875,3984.52099609375,1554.3690185546875,797.8968505859375,223.14454650878906,201.22702026367188,70.26045227050781,263.8670349121094
2018-01-31,4875.2236328125,747.7222900390625,498.6926574707031,4264.470703125,1324.0645751953125,2526.89990234375,3894.8017578125,4789.568359375,3922.59033203125,1554.8681640625,801.38232421875,223.3434295654297,199.42169189453125,69.2541732788086,263.36297607421875
2018-02-01,4874.72509765625,746.9255981445312,499.0908203125,4298.587890625,1313.2342529296875,2514.428466796875,3901.752197265625,4794.53564453125,3990.513916015625,1516.94482421875,794.311767578125,213.2005157470703,196.82843017578125,69.06488037109375,259.96075439453125
2018-02-02,5024.37890625,746.8262939453125,487.0987243652344,4306.048828125,1314.4375,2507.94189453125,3874.443115234375,4730.92724609375,4011.490234375,1508.461669921875,788.1373901367188,218.27198791503906,195.0530242919922,68.4969711303711,254.794189453125
2018-02-05,4875.2236328125,746.427978515625,479.7342834472656,4207.96630859375,1283.953125,2469.52685546875,3870.968017578125,4604.20751953125,3950.55908203125,1491.9945068359375,777.979248046875,209.52122497558594,193.4172821044922,67.85932922363281,250.44680786132812
2018-02-06,4717.587890625,723.7305908203125,472.71807861328125,4077.36669921875,1246.248779296875,2402.17626953125,3818.335693359375,4491.896484375,3907.607421875,1462.0550537109375,745.6133422851562,204.1514434814453,188.5699005126953,65.92646789550781,251.89598083496094
2018-02-07,4778.44775390625,735.9751586914062,482.67010498046875,4149.32958984375,1288.9676513671875,2461.0458984375,3853.589111328125,4616.62890625,4038.459716796875,1496.98486328125,766.0287475585938,208.8251190185547,192.69915771484375,67.1120834350586,255.17222595214844
2018-02-08,4833.81982421875,730.3009033203125,478.78875732421875,4073.10302734375,1307.41845703125,2440.092041015625,3730.945068359375,4470.029296875,3913.60107421875,1471.037109375,757.4641723632812,202.51068115234375,193.59686279296875,67.3511962890625,255.04627990722656
2018-02-09,4758.99267578125,728.5089111328125,467.7918395996094,4033.12353515625,1294.5826416015625,2432.110107421875,3762.22705078125,4385.55126953125,3858.662109375,1479.0205078125,746.4100341796875,200.67103576660156,192.3999481201172,66.30506134033203,251.1399383544922
2018-02-12,4848.78466796875,729.1063232421875,476.4999084472656,4082.164794921875,1296.1875,2456.05712890625,3868.48486328125,4437.73193359375,3929.58251953125,1486.505615234375,745.8123779296875,201.0687255859375,192.81886291503906,66.22535705566406,254.03814697265625
2018-02-13,4819.35205078125,731.4954833984375,473.66351318359375,4041.652587890625,1294.5826416015625,2457.054931640625,3927.572021484375,4354.73974609375,3925.58740234375,1452.0753173828125,733.7623291015625,199.47772216796875,192.4997100830078,66.23533630371094,255.9282989501953
2018-02-14,4818.853515625,746.7267456054688,472.6185607910156,4042.718505859375,1294.382080078125,2468.031005859375,3998.080078125,4412.8798828125,3967.539794921875,1453.5723876953125,741.1317749023438,198.62252807617188,195.19271850585938,66.40471649169922,254.794189453125
2018-02-15,4703.92431640625,748.916748046875,467.56390380859375,4030.2783203125,1304.0087890625,2470.0263671875,4096.89013671875,4396.4833984375,4017.484130859375,1463.05322265625,737.8455200195312,198.7418670654297,197.98545837402344,66.8331298828125,256.68438720703125
2018-02-16,4729.87158203125,757.3785400390625,471.19696044921875,4053.201171875,1322.259765625,2499.46044921875,4073.55322265625,4424.31201171875,4045.451904296875,1488.0028076171875,746.5094604492188,203.50506591796875,199.5314178466797,67.4807357788086,257.81842041015625
2018-02-19,4702.9267578125,757.079833984375,471.84393310546875,3979.10009765625,1312.2318115234375,2488.4853515625,4026.878173828125,4412.8798828125,3970.5361328125,1467.045166015625,744.3186645507812,202.41123962402344,200.47894287109375,67.69991302490234,259.58270263671875
2018-02-20,4712.40625,733.6856079101562,472.78955078125,3991.89404296875,1328.67724609375,2487.487548828125,3962.826171875,4465.55908203125,4000.5029296875,1489.9986572265625,744.9161376953125,201.86428833007812,200.52883911132812,67.60028076171875,260.2126770019531
2018-02-21,4789.74951171875,743.9393310546875,470.00250244140625,3977.500732421875,1328.27587890625,2490.9794921875,3988.148681640625,4422.822265625,4064.43115234375,1519.439453125,743.52197265625,201.26763916015625,201.5761260986328,69.4634017944336,261.22076416015625
2018-02-22,4762.30517578125,724.9688720703125,471.6945495605469,3986.030029296875,1306.8978271484375,2462.289794921875,3995.100830078125,4327.9033203125,4080.4130859375,1514.9486083984375,747.9037475585938,200.72073364257812,210.45303344726562,68.9253921508789,259.96075439453125
2018-02-23,4742.345703125,720.2891235351562,473.8844299316406,4009.486328125,1299.876953125,2472.26806640625,3973.75,4432.75927734375,4051.4453125,1514.9486083984375,754.8748779296875,202.7095184326172,209.2561798095703,68.39734649658203,258.82659912109375
2018-02-26,4803.72119140625,718.2977905273438,478.6122131347656,4085.187744140625,1304.8919677734375,2481.748046875,4035.81591796875,4437.23291015625,4079.413818359375,1498.980712890625,762.543212890625,204.39999389648438,207.95953369140625,68.2977066040039,259.58270263671875
2018-02-27,4785.25927734375,716.1070556640625,475.9747009277344,4000.424560546875,1307.7003173828125,2473.76513671875,4019.430419921875,4370.6416015625,4049.447998046875,1488.0028076171875,753.3811645507812,203.65420532226562,211.45045471191406,68.77593231201172,260.9687805175781
2018-02-28,4765.2998046875,714.01611328125,472.9388122558594,3980.69921875,1311.110107421875,2454.804931640625,3898.773193359375,4269.26416015625,4023.4765625,1489.9986572265625,737.1483764648438,202.61007690429688,212.94656372070312,68.54679107666016,265.6312561035156
2018-03-01,4755.818359375,716.7044677734375,471.39605712890625,3956.176025390625,1308.3013916015625,2424.8681640625,3755.520263671875,4245.41015625,3937.572998046875,1477.02490234375,740.335205078125,201.2178955078125,210.7221221923828,68.06855773925781,262.85888671875
2018-03-02,4726.3779296875,701.96826171875,461.9402160644531,3958.30859375,1293.858642578125,2376.470703125,3614.458984375,4194.22607421875,3832.69140625,1464.5501708984375,736.1526489257812,197.90655517578125,204.7870330810547,66.75341796875,254.5421905517578
2018-03-05,4790.2490234375,698.98095703125,467.9620056152344,4008.42041015625,1312.71533203125,2396.927490234375,3670.585205078125,4195.2197265625,3876.641845703125,1469.5399169921875,746.609130859375,201.168212890625,206.68226623535156,66.75341796875,257.0624084472656
2018-03-06,4785.7578125,697.0890502929688,470.9480895996094,3987.09619140625,1320.5386962890625,2383.954833984375,3723.235107421875,4169.37841796875,3872.646728515625,1479.5198974609375,754.7754516601562,202.26202392578125,210.82188415527344,66.31502532958984,265.8832092285156
2018-03-07,4746.33837890625,696.3922729492188,469.4053649902344,4039.34033203125,1324.95166015625,2375.472900390625,3715.78515625,4174.34765625,3917.59619140625,1483.511962890625,776.2863159179688,203.35589599609375,210.42291259765625,67.00248718261719,266.2612609863281
2018-03-08,4805.21826171875,699.7776489257812,472.78955078125,4136.896484375,1350.828857421875,2435.844970703125,3668.598876953125,4235.47216796875,3916.596923828125,1502.972412109375,788.3363037109375,206.4385986328125,211.76951599121094,67.25157165527344,264.4971008300781
2018-03-09,4775.7783203125,702.7646484375,475.9747009277344,4152.35888671875,1339.99658203125,2441.333984375,3701.87744140625,4247.3994140625,3931.580322265625,1509.459716796875,780.468994140625,205.8419189453125,210.22337341308594,67.0423583984375,268.0253601074219
2018-03-12,4790.2490234375,702.5656127929688,475.72576904296875,4138.49755859375,1342.0028076171875,2458.29736328125,3688.963134765625,4229.01171875,3940.570068359375,1518.441650390625,780.5684814453125,206.04080200195312,210.97149658203125,67.25157165527344,266.8912048339844
2018-03-13,4773.28271484375,694.7991333007812,471.7940673828125,4055.333984375,1320.3380126953125,2415.887451171875,3690.94970703125,4140.556640625,3900.615234375,1489.5001220703125,772.9002685546875,201.7648468017578,209.17596435546875,66.69364929199219,265.8832092285156
2018-03-14,4755.3193359375,687.3313598632812,462.5870361328125,4073.459228515625,1312.915771484375,2422.87255859375,3692.439697265625,4208.1396484375,3961.546875,1487.5040283203125,775.2904052734375,201.26763916015625,206.8817596435547,66.44454193115234,265.0010681152344
2018-03-15,4789.25048828125,696.1929931640625,462.38812255859375,4004.6884765625,1315.122314453125,2431.35498046875,3712.308837890625,4194.22607421875,4014.48681640625,1488.0028076171875,766.8255004882812,200.2732391357422,206.4827423095703,66.55414581298828,269.66351318359375
2018-03-16,4857.11328125,704.2582397460938,471.5452880859375,4037.7412109375,1327.358642578125,2430.85546875,3710.321533203125,4157.947265625,3991.51318359375,1482.5137939453125,777.4813842773438,200.37266540527344,208.9765167236328,67.25157165527344,264.37109375
2018-03-19,4837.65185546875,692.6085205078125,457.6105041503906,4026.012939453125,1305.6939697265625,2408.902587890625,3587.636962890625,4005.385498046875,3954.554443359375,1478.02294921875,762.7424926757812,197.52867126464844,216.45773315429688,66.88294219970703,260.3387451171875
2018-03-20,4858.1103515625,696.0933837890625,461.7410888671875,4016.950927734375,1301.28076171875,2412.395263671875,3634.326416015625,3963.6435546875,4031.46826171875,1470.5380859375,758.161376953125,195.6393280029297,215.41036987304688,67.62022399902344,260.716796875
2018-03-21,4847.63232421875,691.0154418945312,470.50030517578125,3981.23193359375,1300.0772705078125,2375.9716796875,3690.453369140625,3850.83544921875,4145.33935546875,1457.5640869140625,756.86669921875,195.71888732910156,210.92160034179688,66.91282653808594,259.33062744140625
2018-03-22,4823.6806640625,674.9846801757812,461.14398193359375,3996.6923828125,1277.610595703125,2371.481201171875,3560.318603515625,3861.75830078125,4178.302734375,1450.578125,754.0781860351562,191.2838134765625,206.4827423095703,65.81687927246094,255.2982177734375
2018-03-23,4778.2734375,663.7332763671875,460.2979736328125,3981.765869140625,1319.53564453125,2354.01806640625,3542.9345703125,3898.040283203125,4119.37060546875,1434.610595703125,752.18603515625,192.53677368164062,203.83937072753906,64.52165985107422,255.67628479003906
2018-03-26,4750.32958984375,662.3391723632812,467.3648986816406,3939.64990234375,1292.0538330078125,2349.52783203125,3512.635498046875,3876.66943359375,4073.42041015625,1426.6263427734375,750.8914184570312,189.83193969726562,205.385498046875,64.40208435058594,255.42433166503906
2018-03-27,4856.115234375,669.1100463867188,473.1378479003906,3986.5634765625,1355.041259765625,2358.010009765625,3575.716552734375,3922.394287109375,4161.32080078125,1451.0771484375,760.3521728515625,192.75550842285156,205.63485717773438,64.79066467285156,258.9525146484375
2018-03-28,4933.955078125,666.8201293945312,469.2063293457031,4174.74853515625,1401.5804443359375,2399.422119140625,3499.721923828125,4059.568359375,4124.3642578125,1466.047119140625,801.9800415039062,192.7953338623047,205.4852752685547,64.67111206054688,259.0786437988281
2018-03-29,4885.55419921875,662.5386352539062,477.0197448730469,4217.3984375,1398.170166015625,2406.906494140625,3587.140625,4106.28662109375,4121.3662109375,1462.0550537109375,798.8927001953125,193.13339233398438,205.98399353027344,64.42202758789062,259.45654296875
2018-04-03,4915.9921875,660.7461547851562,477.2685852050781,4169.41650390625,1382.122314453125,2379.963623046875,3606.51171875,4125.173828125,4081.412109375,1465.0489501953125,792.3198852539062,192.815185546875,206.33309936523438,64.89028930664062,256.432373046875
2018-04-04,4857.11328125,659.2527465820312,479.5577697753906,4226.9931640625,1399.5743408203125,2424.8681640625,3514.622802734375,4187.29931640625,4015.486083984375,1469.0411376953125,799.489990234375,196.11660766601562,206.8817596435547,64.92018127441406,253.0300750732422
2018-04-05,4996.828125,670.8027954101562,497.47406005859375,4297.365234375,1424.2479248046875,2489.7314453125,3621.412841796875,4260.359375,4147.3369140625,1513.950439453125,820.702392578125,202.51068115234375,211.6697540283203,65.93643951416016,255.67628479003906
2018-04-06,4980.36181640625,661.9410400390625,496.0805969238281,4279.771484375,1426.85595703125,2487.236572265625,3536.4775390625,4285.2109375,4213.2626953125,1514.9486083984375,821.100830078125,202.85865783691406,209.02638244628906,66.0759048461914,257.9444885253906
2018-04-09,4984.8525390625,667.4173583984375,491.25323486328125,4241.9208984375,1425.65185546875,2504.69921875,3576.70947265625,4282.72314453125,4255.21630859375,1520.4376220703125,830.3623657226562,202.51068115234375,210.67227172851562,66.40471649169922,259.0786437988281
2018-04-10,5066.68505859375,670.6036376953125,502.8489074707031,4206.73681640625,1449.723388671875,2529.646484375,3687.472900390625,4235.01123046875,4300.166015625,1539.3992919921875,821.5988159179688,204.4497833251953,214.21337890625,66.81319427490234,265.0010681152344
2018-04-11,5059.7001953125,672.6945190429688,503.54559326171875,4204.6025390625,1441.4990234375,2500.208740234375,3696.91015625,4194.75537109375,4241.23193359375,1522.433349609375,824.0883178710938,205.14581298828125,214.06378173828125,66.76338195800781,284.02880859375
2018-04-12,5034.75048828125,678.6687622070312,502.1522216796875,4184.345703125,1433.8760986328125,2488.234375,3725.221923828125,4149.029296875,4233.2412109375,1502.4737548828125,820.204345703125,206.19000244140625,215.46026611328125,67.89917755126953,293.857666015625
2018-04-13,4999.822265625,682.25341796875,501.9530944824219,4189.6767578125,1424.2479248046875,2486.73779296875,3759.99072265625,4094.358642578125,4265.20556640625,1510.45751953125,822.893310546875,205.69276428222656,212.81690979003906,67.9290771484375,294.36163330078125
2018-04-16,4905.513671875,669.0105590820312,494.0401916503906,4167.28759765625,1412.8138427734375,2453.806640625,3705.3544921875,4018.813720703125,4211.265625,1506.96435546875,812.3372192382812,205.44415283203125,213.2657928466797,67.43092346191406,294.4876403808594
2018-04-17,4916.9892578125,672.594970703125,494.3885192871094,4172.61865234375,1416.8258056640625,2441.333984375,3750.056396484375,3941.7763671875,4170.3125,1500.4776611328125,816.7188110351562,205.34469604492188,211.2209014892578,67.4109878540039,297.2598876953125
2018-04-18,4954.41357421875,673.5906982421875,507.2285461425781,4207.80322265625,1425.8521728515625,2451.811279296875,3950.72119140625,3836.41064453125,4200.2783203125,1507.463623046875,822.5947265625,205.64303588867188,213.46522521972656,67.37112426757812,301.5444030761719
2018-04-19,4945.43505859375,687.7296752929688,514.0963134765625,4116.64208984375,1411.6102294921875,2458.79638671875,3925.88720703125,3628.16357421875,4245.22802734375,1522.433349609375,806.8596801757812,205.4938507080078,213.6647491455078,65.86670684814453,302.04833984375
2018-04-20,4965.89111328125,698.1845092773438,515.7883911132812,4128.9033203125,1434.27783203125,2459.794677734375,3960.65625,3677.865234375,4245.22802734375,1540.8963623046875,809.5487060546875,208.8251190185547,214.96151733398438,65.47801208496094,301.6703796386719
2018-04-23,5004.81201171875,704.1587524414062,519.1724853515625,4121.97265625,1449.3226318359375,2446.322998046875,3922.41015625,3732.0390625,4210.26708984375,1541.89404296875,793.2162475585938,212.7530059814453,215.8094024658203,66.21553802490234,302.1744079589844
2018-04-24,4979.36376953125,708.9381103515625,531.1167602539062,4179.54638671875,1466.5740966796875,2460.293701171875,3948.238525390625,3721.60205078125,4295.17138671875,1550.8763427734375,798.2952270507812,211.21170043945312,214.8617706298828,65.8966293334961,300.4102478027344
2018-04-25,4980.861328125,708.7388305664062,521.5614624023438,4190.208984375,1416.4244384765625,2461.7900390625,3898.072509765625,3826.9677734375,4268.2021484375,1545.3873291015625,802.5775146484375,207.88046264648438,212.46774291992188,64.78040313720703,301.6703796386719
2018-04-26,4981.85888671875,706.84716796875,532.808837890625,4215.26513671875,1441.097900390625,2497.21533203125,3921.417236328125,3941.7763671875,4292.17529296875,1536.18115234375,822.893310546875,210.61508178710938,209.47525024414062,64.6807632446289,299.27618408203125
2018-04-27,5072.67333984375,716.5053100585938,534.899169921875,4319.2216796875,1469.5830078125,2552.597900390625,3951.71533203125,4006.388671875,4313.1513671875,1550.654541015625,838.2298583984375,209.3720703125,208.42788696289062,64.57112884521484,300.0322265625
2018-04-30,5092.63232421875,722.2803955078125,535.4962768554688,4347.47509765625,1465.7718505859375,2583.532958984375,3919.927001953125,3975.07666015625,4295.17138671875,1551.6527099609375,839.3253784179688,210.4161834716797,206.7321319580078,64.44155883789062,297.2598876953125
2018-05-01,5202.40966796875,725.9642944335938,545.1510009765625,4331.4814453125,1472.1904296875,2600.4970703125,3888.635009765625,3876.66943359375,4350.109375,1558.14111328125,842.51220703125,209.32232666015625,204.98648071289062,64.12263488769531,296.1258544921875
2018-05-02,5191.431640625,726.6614379882812,544.8526611328125,4264.84423828125,1464.3675537109375,2600.4970703125,4002.378662109375,3896.05224609375,4369.08837890625,1558.14111328125,841.5162963867188,211.4602813720703,204.93663024902344,64.11266326904297,298.14202880859375
2018-05-03,5189.43701171875,718.1981201171875,541.3687744140625,4217.2353515625,1456.9451904296875,2600.995361328125,3973.56982421875,3874.680419921875,4292.54052734375,1553.150146484375,842.31298828125,207.781005859375,202.19349670410156,64.46150207519531,301.2922668457031
2018-05-04,5194.42626953125,711.3277587890625,555.502685546875,4244.9580078125,1473.5950927734375,2657.37646484375,4048.074462890625,3864.73974609375,4325.50537109375,1569.619873046875,847.491455078125,209.32232666015625,205.08624267578125,65.15913391113281,303.3085021972656
2018-05-08,5228.3564453125,707.5440673828125,547.8384399414062,4322.26513671875,1475.8016357421875,2654.88232421875,3997.412109375,3786.212646484375,4346.4833984375,1579.6011962890625,838.5286254882812,206.3888397216797,206.3830108642578,65.65741729736328,302.3003234863281
2018-05-09,5246.3203125,716.4059448242188,569.3380737304688,4364.91796875,1483.022705078125,2653.883544921875,4099.73193359375,3885.614501953125,4397.4306640625,1580.599853515625,840.8192138671875,207.53237915039062,210.42291259765625,66.3152084350586,304.694580078125
2018-05-10,5241.33154296875,728.5533447265625,561.4484252929688,4414.5009765625,1481.6541748046875,2664.361328125,4168.77197265625,3891.57861328125,4466.35986328125,1602.559326171875,840.4208984375,208.92457580566406,213.2657928466797,66.63411712646484,307.7188415527344
2018-05-11,5268.275390625,732.6357421875,561.9461669921875,4413.9677734375,1471.020751953125,2674.83935546875,4196.09033203125,3836.908447265625,4426.40087890625,1589.083984375,842.7113647460938,208.92457580566406,213.91412353515625,66.85337829589844,310.7430419921875
2018-05-14,5284.24267578125,729.8477783203125,567.9193115234375,4411.8369140625,1481.052490234375,2657.37646484375,4212.97802734375,3788.200927734375,4412.41552734375,1578.10400390625,846.7943115234375,206.04080200195312,211.37051391601562,66.44476318359375,309.7350769042969
2018-05-15,5281.24853515625,735.4236450195312,574.5887451171875,4380.91259765625,1474.63232421875,2669.35107421875,4201.552734375,3803.608642578125,4470.35498046875,1583.5941162109375,833.549072265625,197.27012634277344,211.07125854492188,66.55439758300781,311.1211242675781
2018-05-16,5307.1962890625,735.6229248046875,573.2946166992188,4364.38525390625,1482.858154296875,2705.275146484375,4321.2578125,3817.02783203125,4460.36474609375,1584.09326171875,829.0678100585938,194.664794921875,207.97901916503906,65.46810913085938,310.7430419921875
2018-05-17,5334.14013671875,726.83544921875,581.3578491210938,4372.3818359375,1495.0968017578125,2705.275146484375,4328.70751953125,3792.177001953125,4493.33154296875,1594.0750732421875,860.5375366210938,194.9432373046875,208.47776794433594,66.00625610351562,312.0285339355469
2018-05-18,5230.35205078125,729.82275390625,583.6473999023438,4412.369140625,1492.889892578125,2693.300537109375,4311.322265625,3777.2666015625,4523.30078125,1616.5338134765625,878.4632568359375,192.09921264648438,206.9815216064453,65.80694580078125,309.7601318359375
2018-05-21,5405.9951171875,735.7976684570312,590.1180419921875,4460.88525390625,1501.51708984375,2709.266845703125,4365.9609375,3741.979248046875,4538.283203125,1640.48974609375,884.139892578125,194.18743896484375,208.37799072265625,66.24544525146484,315.55718994140625
2018-05-22,5442.91943359375,742.5691528320312,585.7379150390625,4465.1513671875,1513.9559326171875,2713.258544921875,4385.828125,3739.990478515625,4537.28466796875,1637.994140625,882.8450927734375,198.02589416503906,210.572509765625,66.7935791015625,311.9024963378906
2018-05-23,5442.91943359375,736.1959228515625,574.3894653320312,4473.681640625,1512.35107421875,2702.281005859375,4246.7529296875,3741.482421875,4464.36181640625,1638.9925537109375,881.5506591796875,196.3155059814453,208.27822875976562,66.4049072265625,310.39019775390625
2018-05-24,5416.97265625,727.1339721679688,563.9368286132812,4445.9560546875,1498.9088134765625,2739.70263671875,4213.9716796875,3777.2666015625,4484.34033203125,1631.007080078125,876.2724609375,193.76980590820312,204.7870330810547,65.77702331542969,309.5081787109375
2018-05-25,5466.87109375,729.72314453125,552.5885620117188,4459.8203125,1504.727294921875,2756.666259765625,4235.32958984375,3845.854248046875,4539.283203125,1641.9869384765625,876.3719482421875,193.9488067626953,205.6847381591797,65.44813537597656,309.7601318359375
2018-05-29,5391.02490234375,720.1633911132812,556.6702270507812,4447.02294921875,1502.319580078125,2742.695556640625,4187.1494140625,3766.3330078125,4475.35009765625,1630.5079345703125,875.9736938476562,191.72134399414062,198.26333618164062,64.07281494140625,309.3821716308594
2018-05-30,5453.89794921875,722.7525024414062,570.9055786132812,4477.41259765625,1530.00634765625,2731.22021484375,4233.34228515625,3786.212646484375,4443.38330078125,1636.99609375,870.8947143554688,193.78973388671875,198.6822967529297,63.98310852050781,308.2478332519531
2018-05-31,5454.896484375,717.5741577148438,573.6929321289062,4421.4326171875,1528.802734375,2756.666259765625,4211.9833984375,3845.854248046875,4472.35205078125,1649.4732666015625,830.1300659179688,190.74685668945312,196.7471466064453,62.9964599609375,309.6341247558594
2018-06-01,5409.9853515625,721.7566528320312,574.091064453125,4420.900390625,1527.5987548828125,2710.264404296875,4263.6416015625,3802.614990234375,4479.345703125,1645.9793701171875,825.2486572265625,193.82945251464844,201.39547729492188,63.135982513427734,309.88623046875
2018-06-04,5408.9892578125,728.2296142578125,576.2808837890625,4452.35498046875,1531.611083984375,2764.150390625,4288.97216796875,3787.70361328125,4499.3251953125,1664.44580078125,836.6054077148438,196.8922576904297,204.0388641357422,63.37517166137695,311.5245361328125
2018-06-05,5367.07421875,720.6614379882812,574.3894653320312,4442.2265625,1524.7899169921875,2753.672607421875,4319.767578125,3717.6259765625,4511.3125,1667.440185546875,823.7545776367188,194.0482635498047,197.3057403564453,62.27888870239258,311.5245361328125
2018-06-06,5362.083984375,725.142578125,574.2899780273438,4363.32080078125,1520.7774658203125,2725.23291015625,4462.3193359375,3680.84716796875,4549.27294921875,1675.9244384765625,821.7620239257812,195.51998901367188,200.74713134765625,63.464874267578125,311.1463928222656
2018-06-07,5329.15234375,728.9264526367188,586.9324951171875,4368.65185546875,1524.5894775390625,2690.805419921875,4420.59716796875,3623.1943359375,4497.326171875,1665.4437255859375,826.6434326171875,186.5571746826172,200.64736938476562,63.42500305175781,312.4066162109375
2018-06-08,5342.12548828125,726.83544921875,581.1587524414062,4388.37744140625,1532.815185546875,2718.24755859375,4390.79541015625,3634.12841796875,4499.3251953125,1670.4346923828125,825.3483276367188,186.5173797607422,198.5027618408203,62.687496185302734,312.4066162109375
2018-06-11,5357.09326171875,726.934814453125,583.9461669921875,4417.16796875,1540.840576171875,2751.177734375,4389.80078125,3724.08740234375,4538.283203125,1687.4033203125,829.1339721679688,188.26834106445312,199.50027465820312,62.787174224853516,313.9188537597656
2018-06-12,5322.16650390625,729.9223022460938,575.8826293945312,4429.96142578125,1547.059814453125,2738.70361328125,4355.52880859375,3657.98486328125,4495.32958984375,1669.9354248046875,832.6206665039062,187.53216552734375,198.32321166992188,62.95658874511719,314.4230651855469
2018-06-13,5348.11279296875,729.72314453125,570.7060546875,4425.1640625,1550.0693359375,2769.638671875,4367.94775390625,3693.769287109375,4509.31494140625,1651.968505859375,828.4365844726562,184.6470489501953,197.38552856445312,62.63766860961914,313.5408935546875
2018-06-14,5436.93212890625,731.515625,582.8511352539062,4300.9384765625,1585.1798095703125,2767.642822265625,4372.91455078125,3712.159423828125,4485.34033203125,1606.5521240234375,831.1263427734375,187.09442138671875,200.09872436523438,62.91673278808594,314.80108642578125
2018-06-15,5387.03369140625,719.7651977539062,562.44384765625,4336.12890625,1560.9033203125,2779.617431640625,4191.6201171875,3671.900634765625,4405.42236328125,1622.5230712890625,821.7620239257812,183.8511505126953,194.05389404296875,61.870277404785156,321.10211181640625
2018-06-18,5372.0634765625,721.6570434570312,569.212890625,4310.5361328125,1557.6932373046875,2737.706787109375,4229.86474609375,3613.254150390625,4390.439453125,1619.029052734375,824.0532836914062,184.14962768554688,194.4728546142578,61.361995697021484,322.9924011230469
2018-06-19,5352.10546875,720.760986328125,568.1178588867188,4328.1298828125,1554.8843994140625,2732.218017578125,4092.77734375,3668.91845703125,4365.46435546875,1599.5650634765625,823.8540649414062,184.8857879638672,192.51773071289062,61.32213592529297,322.6143493652344
2018-06-20,5368.07177734375,723.8480224609375,561.8466186523438,4346.79150390625,1554.8843994140625,2733.714599609375,4094.26708984375,3756.392578125,4446.38037109375,1604.5556640625,829.2335815429688,185.2837677001953,193.2160186767578,61.4616584777832,326.899169921875
2018-06-21,5244.32470703125,705.1270751953125,556.9686889648438,4349.99169921875,1543.2481689453125,2724.235107421875,4075.392822265625,3816.03369140625,4445.380859375,1604.5556640625,820.7659301757812,183.45318603515625,189.7247314453125,61.1527099609375,322.6143493652344
2018-06-22,5218.376953125,717.8732299804688,573.9912109375,4407.5693359375,1550.8720703125,2741.198974609375,4154.3671875,3887.60302734375,4456.3701171875,1630.009033203125,830.8275146484375,186.3184356689453,193.5352020263672,61.9101448059082,329.797607421875
2018-06-25,5190.4326171875,699.351318359375,554.4801025390625,4386.77685546875,1505.72998046875,2675.837158203125,4015.78955078125,3780.249755859375,4395.43212890625,1598.5662841796875,827.6397094726562,183.2343292236328,189.98411560058594,61.03311538696289,329.0414123535156
2018-06-26,5198.4169921875,705.0271606445312,560.85107421875,4404.9052734375,1509.7427978515625,2684.3193359375,4078.870361328125,3733.529296875,4488.3359375,1575.1097412109375,829.7316284179688,181.64254760742188,188.5875701904297,61.212501525878906,324.1266174316406
2018-06-27,5228.3564453125,707.4172973632812,579.6658935546875,4441.69189453125,1522.5830078125,2705.275146484375,4158.83740234375,3759.375,4454.37255859375,1591.5794677734375,832.81982421875,182.79660034179688,187.5301971435547,61.631080627441406,323.6224060058594
2018-06-28,5213.38720703125,706.819580078125,579.864501953125,4441.1572265625,1512.150146484375,2730.22265625,4156.35498046875,3854.30419921875,4409.41845703125,1605.5535888671875,835.2105712890625,182.6175079345703,189.44541931152344,62.33868408203125,324.0006103515625
2018-06-29,5242.328125,707.7158203125,575.6837768554688,4469.94921875,1534.62060546875,2716.251953125,4173.24267578125,3807.578369140625,4466.35986328125,1619.528076171875,835.2105712890625,182.87620544433594,188.5277557373047,62.836997985839844,323.49658203125
2018-07-02,5171.47265625,695.865966796875,570.6067504882812,4436.89404296875,1521.9814453125,2699.287841796875,4038.63720703125,3797.637451171875,4384.44384765625,1608.0491943359375,838.5977783203125,181.7022247314453,184.93673706054688,62.09950637817383,322.7403869628906
2018-07-03,5192.42919921875,701.2433471679688,578.769775390625,4505.13671875,1547.862548828125,2722.2392578125,4031.68359375,3887.1103515625,4431.39501953125,1626.515380859375,854.5369262695312,185.0449981689453,185.29580688476562,61.80051040649414,325.890869140625
2018-07-04,5171.47265625,696.0652465820312,577.3759155273438,4499.27294921875,1550.8720703125,2716.750244140625,3939.794921875,3908.484619140625,4473.35205078125,1614.537353515625,852.04638671875,186.83578491210938,185.29580688476562,62.08953857421875,324.1266174316406
2018-07-05,5172.47119140625,701.9403076171875,579.864501953125,4483.81103515625,1545.254150390625,2733.714599609375,4010.822509765625,3877.169189453125,4454.37255859375,1632.005126953125,855.8319091796875,186.6765899658203,186.1337432861328,62.15929412841797,327.0250244140625
2018-07-06,5190.4326171875,699.351318359375,576.4801635742188,4488.07666015625,1552.6776123046875,2741.198974609375,4044.10107421875,3880.648681640625,4492.33251953125,1652.4678955078125,873.1657104492188,190.019287109375,186.03395080566406,62.27888870239258,327.7812805175781
2018-07-09,5244.32470703125,709.6080932617188,581.955322265625,4485.41064453125,1557.4923095703125,2738.205322265625,4133.50634765625,3936.320556640625,4495.32958984375,1651.968505859375,864.498779296875,189.1040496826172,187.90928649902344,62.72737503051758,327.5291748046875
2018-07-10,5270.27197265625,704.0315551757812,586.8330078125,4475.28125,1568.5272216796875,2761.65576171875,4118.6064453125,3908.484619140625,4495.32958984375,1647.9755859375,848.5596923828125,188.02955627441406,186.01400756835938,62.28886032104492,320.97613525390625
2018-07-11,5239.33447265625,697.45947265625,568.1178588867188,4451.2890625,1558.0947265625,2754.171142578125,3995.4248046875,3857.285888671875,4489.33544921875,1654.9630126953125,847.1649780273438,182.19970703125,186.9915771484375,62.11943435668945,320.8500671386719
2018-07-12,5422.96044921875,706.9194946289062,568.8148803710938,4469.41650390625,1581.5682373046875,2778.620361328125,3991.9482421875,3904.0107421875,4510.3134765625,1684.4091796875,858.1232299804688,181.62265014648438,189.0264434814453,62.348655700683594,321.8582458496094
2018-07-13,5490.82275390625,705.3261108398438,568.2175903320312,4476.34716796875,1580.966796875,2798.07861328125,4012.80908203125,3902.519775390625,4515.30810546875,1699.3818359375,853.3414916992188,180.56809997558594,189.20602416992188,62.19916534423828,321.8582458496094
2018-07-16,5459.099609375,702.3795776367188,554.977783203125,4445.80322265625,1552.6776123046875,2767.711669921875,3968.751708984375,3852.63232421875,4484.04052734375,1686.9044189453125,837.1033935546875,179.93136596679688,189.21597290039062,62.13637924194336,321.10211181640625
2018-07-17,5539.72314453125,704.3302612304688,557.6657104492188,4456.6201171875,1565.9193115234375,2806.061279296875,4045.5908203125,3798.134033203125,4495.32958984375,1707.366943359375,842.0845336914062,179.0758056640625,187.88931274414062,62.2390251159668,323.24444580078125
2018-07-18,5594.61083984375,714.3878784179688,559.6565551757812,4481.6796875,1568.7281494140625,2832.506103515625,4092.77734375,3815.53173828125,4543.279296875,1711.3597412109375,836.8045654296875,178.9762725830078,188.427978515625,62.30879211425781,323.1184387207031
2018-07-19,5597.60595703125,715.0847778320312,567.3218994140625,4617.63330078125,1562.90966796875,2849.968994140625,4044.10107421875,3839.391845703125,4563.25830078125,1711.8587646484375,837.80078125,177.32481384277344,185.05642700195312,62.248992919921875,324.88275146484375
2018-07-20,5577.64453125,712.0973510742188,564.7333984375,4650.68798828125,1554.6839599609375,2877.41064453125,4059.9951171875,3936.8173828125,4536.2861328125,1712.3575439453125,841.8851318359375,176.72793579101562,186.31326293945312,62.41841506958008,326.14300537109375
2018-07-23,5573.65625,718.9686279296875,564.3351440429688,4583.51123046875,1569.530517578125,2846.974853515625,4036.650634765625,3898.54345703125,4531.2919921875,1703.3740234375,834.2145385742188,177.0861053466797,186.11375427246094,62.07956314086914,325.0088195800781
2018-07-24,5591.6171875,728.3292236328125,565.5298461914062,4572.31396484375,1561.705810546875,2831.0087890625,4228.3759765625,3926.379150390625,4545.27734375,1685.906494140625,814.8883666992188,176.74778747558594,188.86688232421875,62.76722717285156,322.6143493652344
2018-07-25,5551.6982421875,720.6614379882812,563.4393310546875,4571.2470703125,1547.2607421875,2841.48681640625,4141.951171875,3949.7421875,4551.2705078125,1674.9266357421875,816.2830200195312,174.20094299316406,187.5301971435547,62.22906494140625,324.504638671875
2018-07-26,5784.22509765625,722.155029296875,561.9461669921875,4563.251953125,1541.041015625,2814.5439453125,4133.50634765625,4152.546875,4516.3076171875,1709.8624267578125,822.85791015625,176.19070434570312,188.707275390625,62.348655700683594,324.504638671875
2018-07-27,5722.3505859375,724.7442016601562,564.7333984375,4600.572265625,1558.2950439453125,2830.010986328125,4134.49951171875,4090.91064453125,4487.337890625,1687.4033203125,822.7582397460938,179.0758056640625,190.4229736328125,62.38850784301758,324.6307373046875
2018-07-30,5737.3203125,722.7525024414062,562.9414672851562,4615.49951171875,1569.931884765625,2788.59912109375,4122.08203125,4128.19140625,4401.42724609375,1668.438232421875,807.4169311523438,185.54241943359375,192.47784423828125,62.17922592163086,322.4883117675781
2018-07-31,5853.08447265625,727.4328002929688,570.7060546875,4643.7568359375,1586.5845947265625,2796.083251953125,4168.77197265625,4176.40673828125,4392.43701171875,1659.4549560546875,810.2061767578125,185.0449981689453,193.47535705566406,62.16926574707031,328.0332946777344
2018-08-01,5794.2060546875,711.1016235351562,560.6519165039062,4643.7568359375,1577.35546875,2799.07666015625,4027.21337890625,4157.02099609375,4352.47802734375,1653.9649658203125,787.4927978515625,183.41342163085938,191.22097778320312,63.19578170776367,324.88275146484375
2018-08-02,5798.19580078125,701.1436767578125,553.6836547851562,4612.15283203125,1538.8341064453125,2793.587890625,3882.177490234375,4125.70751953125,4492.33251953125,1652.0921630859375,795.8610229492188,180.36912536621094,186.07386779785156,62.498138427734375,324.6307373046875
2018-08-03,5834.12353515625,712.7945556640625,557.964111328125,4659.60498046875,1558.0947265625,2817.038818359375,3965.62353515625,4164.9736328125,4484.34033203125,1673.5546875,805.7233276367188,183.8511505126953,188.22845458984375,62.33868408203125,327.0250244140625
2018-08-06,5809.17431640625,705.6248779296875,564.2356567382812,4684.6650390625,1583.3741455078125,2821.0302734375,3897.078369140625,4148.07373046875,4463.36279296875,1681.5404052734375,803.8306274414062,185.16439819335938,188.0888214111328,62.3586311340332,326.899169921875
2018-08-07,5922.94140625,713.0933837890625,573.6929321289062,4692.1298828125,1608.8543701171875,2810.552001953125,3935.821044921875,4146.0849609375,4534.2890625,1677.54736328125,806.5202026367188,185.54241943359375,188.8868408203125,62.139366149902344,327.6552734375
2018-08-08,5976.83349609375,722.3543090820312,574.091064453125,4731.5859375,1617.8824462890625,2826.01904296875,3925.88720703125,4187.3427734375,4505.31884765625,1694.517578125,808.5126953125,185.76129150390625,192.63746643066406,61.96992874145508,330.30169677734375
2018-08-09,6064.34814453125,722.7525024414062,561.9238891601562,4728.38818359375,1594.6419677734375,2791.99072265625,3856.79833984375,4169.4482421875,4497.326171875,1700.507080078125,807.3171997070312,184.4082489013672,191.0462188720703,61.90017318725586,333.9562683105469
2018-08-10,6095.2890625,718.2716064453125,553.5606079101562,4663.8701171875,1569.5592041015625,2790.992431640625,3778.797607421875,4130.18017578125,4476.349609375,1687.52978515625,815.5857543945312,181.58285522460938,187.1953582763672,61.65102005004883,335.468505859375
2018-08-13,6040.39453125,713.0933837890625,555.8504638671875,4659.60498046875,1555.914306640625,2790.493408203125,3799.16748046875,4124.7109375,4485.34033203125,1690.5247802734375,813.29443359375,180.09056091308594,184.0627899169922,61.172645568847656,331.1837158203125
2018-08-14,6003.4658203125,712.5953369140625,552.8638305664062,4675.60107421875,1565.1448974609375,2797.978759765625,3750.975341796875,4147.5771484375,4433.39306640625,1688.029052734375,815.2869262695312,177.86204528808594,183.5240936279297,60.773990631103516,327.6552734375
2018-08-15,5930.6064453125,702.537841796875,542.6089477539062,4667.07080078125,1595.6455078125,2759.055908203125,3626.2744140625,4064.06787109375,4386.44287109375,1682.0396728515625,818.076171875,174.12136840820312,179.37391662597656,60.26572036743164,320.7239990234375
2018-08-16,5924.6181640625,700.0244750976562,546.1931762695312,4703.861328125,1615.3095703125,2782.509765625,3666.019775390625,4133.65869140625,4393.43505859375,1701.5054931640625,821.3635864257812,176.09117126464844,181.74827575683594,59.907562255859375,322.8663635253906
2018-08-17,5918.62841796875,694.0490112304688,546.1931762695312,4708.1259765625,1622.3326416015625,2787.998291015625,3682.414306640625,4178.39599609375,4403.4248046875,1710.988525390625,826.2450561523438,174.87747192382812,182.1673126220703,59.967369079589844,323.24444580078125
2018-08-20,5967.53564453125,694.2481079101562,549.4786987304688,4742.25146484375,1624.7408447265625,2792.98876953125,3693.841796875,4197.7802734375,4418.4091796875,1716.97802734375,827.6397094726562,175.69326782226562,183.28465270996094,60.176700592041016,322.4883117675781
2018-08-21,5944.57861328125,689.6670532226562,549.1799926757812,4709.193359375,1618.1190185546875,2761.550537109375,3643.663330078125,4098.3662109375,4399.4287109375,1707.4947509765625,824.7506713867188,175.23561096191406,183.96302795410156,60.5953483581543,321.3540954589844
2018-08-22,5925.615234375,686.4801635742188,552.1668701171875,4720.38916015625,1620.527099609375,2746.58056640625,3673.471923828125,4062.57666015625,4442.384765625,1722.9676513671875,815.087646484375,174.79786682128906,184.7611541748047,60.80467987060547,322.7403869628906
2018-08-23,5869.72314453125,685.3846435546875,555.0541381835938,4726.78759765625,1605.27685546875,2751.071533203125,3638.1982421875,4023.8056640625,4485.51416015625,1726.9605712890625,816.0836791992188,175.03665161132812,182.7060546875,60.565452575683594,319.71588134765625
2018-08-24,5874.71240234375,683.3929443359375,561.226806640625,4728.92138671875,1608.2867431640625,2744.584228515625,3695.33203125,3886.11669921875,4497.50048828125,1726.9605712890625,811.2023315429688,174.38003540039062,183.2247772216797,60.645198822021484,320.8500671386719
2018-08-28,5903.65869140625,687.7747192382812,557.2445068359375,4783.83935546875,1607.6845703125,2736.599853515625,3744.020263671875,3869.216064453125,4592.4072265625,1738.4405517578125,813.4935302734375,174.30044555664062,183.2646942138672,60.5953483581543,325.3868103027344
2018-08-29,5877.70703125,682.0982055664062,552.1668701171875,4747.5830078125,1605.27685546875,2725.621826171875,3703.778076171875,3814.53857421875,4629.36962890625,1729.456298828125,806.1218872070312,172.05206298828125,181.010009765625,60.266414642333984,314.92706298828125
2018-08-30,5898.66748046875,672.2386474609375,554.0585327148438,4728.92138671875,1596.0462646484375,2714.14404296875,3664.032470703125,3756.379638671875,4643.35595703125,1722.9676513671875,805.7233276367188,166.65988159179688,177.87750244140625,59.708213806152344,308.3739929199219
2018-08-31,5783.88720703125,666.16357421875,544.89892578125,4683.599609375,1565.5460205078125,2689.193603515625,3635.71435546875,3699.7138671875,4619.37939453125,1706.995849609375,806.918701171875,163.6553497314453,175.2836151123047,59.11012649536133,310.642333984375
2018-09-03,5877.70703125,672.0393676757812,551.2708740234375,4711.8583984375,1589.8260498046875,2709.653076171875,3626.77099609375,3707.17041015625,4665.333984375,1721.96923828125,807.5164794921875,165.6849365234375,177.099365234375,59.429100036621094,308.7519836425781
2018-09-04,5788.87841796875,674.5291748046875,550.4741821289062,4646.27490234375,1576.7833251953125,2714.14404296875,3551.255126953125,3721.088134765625,4676.3232421875,1720.97119140625,805.1256103515625,163.4564208984375,180.59103393554688,60.15675735473633,306.8617858886719
2018-09-05,5690.0673828125,667.3585815429688,543.9031982421875,4567.36181640625,1558.3226318359375,2680.211181640625,3541.815673828125,3690.7666015625,4657.34130859375,1686.5318603515625,799.8457641601562,162.06356811523438,177.57821655273438,60.41593551635742,302.8289794921875
2018-09-06,5624.19482421875,657.6983032226562,538.825439453125,4503.91162109375,1530.4307861328125,2680.211181640625,3521.9423828125,3660.941162109375,4658.3408203125,1678.5460205078125,807.217529296875,163.157958984375,175.782470703125,59.718170166015625,302.3248596191406
2018-09-07,5639.166015625,652.419921875,534.5443115234375,4526.837890625,1530.029541015625,2676.218994140625,3487.1650390625,3663.42724609375,4639.35888671875,1648.5986328125,801.838134765625,164.4114990234375,174.08651733398438,58.55192184448242,301.0647277832031
2018-09-10,5692.0634765625,650.3285522460938,536.1373291015625,4555.09716796875,1515.1805419921875,2684.702392578125,3493.127197265625,3632.112548828125,4721.27783203125,1663.0732421875,803.0335693359375,164.84921264648438,176.38104248046875,59.17990493774414,302.95501708984375
2018-09-11,5721.0087890625,648.1375732421875,541.6135864257812,4585.4912109375,1499.1279296875,2677.715576171875,3463.815185546875,3533.69140625,4733.2646484375,1650.5948486328125,804.82666015625,165.34664916992188,174.325927734375,59.04035568237305,298.418212890625
2018-09-12,5706.03759765625,649.5317993164062,550.4741821289062,4612.15283203125,1507.3551025390625,2673.22509765625,3512.00634765625,3740.970703125,4789.208984375,1630.1309814453125,799.74609375,165.72470092773438,171.81192016601562,58.691471099853516,299.6784973144531
2018-09-13,5619.20263671875,653.515380859375,546.5914306640625,4559.89697265625,1500.53271484375,2653.76318359375,3537.343994140625,3669.89013671875,4743.25537109375,1599.1856689453125,793.5696411132812,167.41595458984375,171.79193115234375,59.05031967163086,295.5198059082031
2018-09-14,5634.17578125,655.7064819335938,547.9851684570312,4545.50048828125,1489.0947265625,2665.240966796875,3573.611328125,3638.077392578125,4785.2138671875,1588.204833984375,788.2898559570312,166.580322265625,170.6746063232422,58.691471099853516,295.2676086425781
2018-09-17,5611.2197265625,652.7189331054688,546.292724609375,4535.90283203125,1492.5059814453125,2639.791259765625,3582.058349609375,3647.522216796875,4746.25244140625,1568.23974609375,793.9681396484375,167.21701049804688,170.7344512939453,59.100154876708984,296.27593994140625
2018-09-18,5598.24462890625,647.9384155273438,547.6866455078125,4518.84228515625,1491.70361328125,2628.313232421875,3592.49072265625,3578.924560546875,4753.24462890625,1535.7972412109375,792.274658203125,168.05270385742188,169.05845642089844,59.30949020385742,296.27593994140625
2018-09-19,5590.259765625,659.490966796875,550.971923828125,4419.66552734375,1501.736572265625,2607.853515625,3698.809326171875,3539.15966796875,4757.24169921875,1500.8585205078125,770.9561157226562,167.9531707763672,172.709716796875,60.33618927001953,297.15802001953125
2018-09-20,5561.3154296875,662.9765625,553.062744140625,4481.51806640625,1490.7001953125,2648.773193359375,3792.708251953125,3500.387939453125,4742.25732421875,1537.294189453125,778.9256591796875,167.1970977783203,173.84707641601562,61.392799377441406,301.0647277832031
2018-09-21,5659.12890625,677.616455078125,564.5125732421875,4552.43359375,1536.45068359375,2694.6826171875,3896.047119140625,3595.825927734375,4765.23388671875,1549.7723388671875,784.3050537109375,170.0623016357422,176.08177185058594,61.66193771362305,298.418212890625
2018-09-24,5641.162109375,673.2344970703125,567.5985107421875,4480.98388671875,1527.8221435546875,2677.715576171875,3884.122314453125,3523.25341796875,4658.3408203125,1564.2469482421875,772.450439453125,169.12713623046875,175.56298828125,61.46257400512695,301.69482421875
2018-09-25,5781.8916015625,672.9356689453125,584.1258544921875,4457.5234375,1540.26318359375,2674.721923828125,3931.817138671875,3519.276611328125,4579.42041015625,1565.74462890625,761.791015625,167.87364196777344,174.70501708984375,60.70500564575195,304.3412170410156
2018-09-26,5831.79638671875,678.5128173828125,583.4288940429688,4472.98583984375,1543.6744384765625,2692.187744140625,3861.26904296875,3531.206298828125,4580.41845703125,1568.73876953125,761.8906860351562,166.0828399658203,175.1838836669922,60.545528411865234,307.36578369140625
2018-09-27,5947.57373046875,679.2099609375,590.6970825195312,4512.9765625,1547.08544921875,2718.13623046875,3852.8232421875,3593.340576171875,4595.40283203125,1590.700439453125,777.0328369140625,167.27670288085938,176.26132202148438,60.80467987060547,304.4672546386719
2018-09-28,5951.56494140625,667.0597534179688,586.714599609375,4495.91357421875,1541.86865234375,2713.6455078125,3855.3076171875,3563.515869140625,4581.4169921875,1613.1607666015625,788.3895874023438,163.6553497314453,171.37294006347656,59.08022689819336,302.1988830566406
2018-10-01,5978.513671875,666.8607788085938,592.6880493164062,4508.177734375,1537.052490234375,2743.087158203125,3818.54296875,3482.4931640625,4580.41845703125,1615.6563720703125,784.4046630859375,161.16822814941406,171.99148559570312,58.35256576538086,298.29217529296875
2018-10-02,5988.49462890625,660.7855834960938,594.3809814453125,4479.38525390625,1543.6744384765625,2750.07373046875,3865.740478515625,3536.1767578125,4514.4833984375,1599.6846923828125,788.5887451171875,159.05911254882812,169.87649536132812,57.28599166870117,296.40191650390625
2018-10-03,6066.34619140625,666.3626708984375,595.2769775390625,4504.44580078125,1559.32568359375,2763.546630859375,3892.568603515625,3549.10107421875,4559.439453125,1620.148681640625,795.7614135742188,161.645751953125,172.11119079589844,58.203041076660156,270.94561767578125
2018-10-04,5991.4892578125,668.2550659179688,595.6751098632812,4348.75048828125,1535.4473876953125,2700.6708984375,3876.67138671875,3430.2724609375,4516.482421875,1550.7706298828125,774.044189453125,161.3074951171875,173.88699340820312,58.74131393432617,268.9292297363281
2018-10-05,5870.720703125,658.0967407226562,585.91796875,4322.09130859375,1512.3714599609375,2674.721923828125,3720.669189453125,3404.917724609375,4507.4912109375,1534.7984619140625,783.4086303710938,159.39732360839844,172.53021240234375,58.74131393432617,270.69354248046875
2018-10-08,5756.93994140625,651.8226318359375,574.0702514648438,4311.9609375,1492.1048583984375,2689.193603515625,3709.739501953125,3402.43212890625,4425.572265625,1522.3209228515625,783.5081176757812,153.78631591796875,168.59951782226562,57.97378158569336,264.77056884765625
2018-10-09,5707.03466796875,653.017578125,576.459716796875,4322.6240234375,1491.101318359375,2676.71875,3769.357666015625,3397.9580078125,4351.6474609375,1523.8182373046875,782.1132202148438,149.94613647460938,167.36248779296875,57.11653137207031,271.32373046875
2018-10-10,5691.06591796875,650.8267822265625,566.7027587890625,4303.96484375,1488.49267578125,2594.879150390625,3622.797119140625,3430.2724609375,4155.84326171875,1488.87939453125,804.727294921875,152.2144317626953,171.2332763671875,58.920738220214844,272.4579162597656
2018-10-11,5605.2294921875,627.5968627929688,551.9675903320312,4206.38818359375,1456.3876953125,2518.52978515625,3605.905029296875,3385.529296875,4072.92578125,1491.3753662109375,795.96044921875,150.2047882080078,167.6018829345703,57.7146110534668,275.1256103515625
2018-10-12,5535.36572265625,626.4017944335938,555.552001953125,4191.99072265625,1434.1142578125,2535.99609375,3651.115234375,3253.289794921875,4092.9052734375,1493.8707275390625,784.4046630859375,150.22470092773438,164.6090087890625,57.96381378173828,273.361083984375
2018-10-15,5608.2255859375,625.8041381835938,556.94580078125,4269.3056640625,1468.4268798828125,2539.98779296875,3712.720947265625,3311.9521484375,4087.910888671875,1497.36474609375,794.6655883789062,152.81137084960938,162.97291564941406,57.5451545715332,272.22686767578125
2018-10-16,5751.94921875,621.5213012695312,557.642578125,4309.8291015625,1490.900390625,2563.44189453125,3714.211181640625,3158.3359375,4192.80615234375,1522.3209228515625,812.89599609375,152.61236572265625,162.45411682128906,57.17634582519531,262.90057373046875
2018-10-17,5848.76416015625,622.1188354492188,555.8504638671875,4291.16552734375,1499.3289794921875,2563.9404296875,3769.8544921875,3265.220947265625,4270.7275390625,1502.355712890625,811.2023315429688,151.25933837890625,164.56912231445312,57.1364631652832,263.152587890625
2018-10-18,5866.72802734375,615.6444702148438,552.0673828125,4251.17626953125,1515.5819091796875,2619.330810546875,3709.24267578125,3256.272705078125,4281.71728515625,1506.348876953125,815.9842529296875,150.7221221923828,164.6090087890625,56.807533264160156,263.5307312011719
2018-10-19,5922.61962890625,617.9354248046875,555.0541381835938,4383.41064453125,1562.7366943359375,2695.680908203125,3653.599853515625,3280.633056640625,4386.61279296875,1513.33642578125,824.6510009765625,151.6772003173828,163.03273010253906,55.950279235839844,270.46240234375
2018-10-22,5963.54248046875,621.6207275390625,548.3834228515625,4388.74169921875,1544.878662109375,2680.70947265625,3676.453125,3342.775146484375,4350.64794921875,1509.3433837890625,826.1453247070312,148.7920379638672,164.92825317382812,56.24932098388672,268.44586181640625
2018-10-23,5919.626953125,604.2899169921875,530.8607788085938,4404.736328125,1548.48974609375,2667.73583984375,3605.408203125,3484.460205078125,4215.78369140625,1503.3538818359375,827.4401245117188,145.48910522460938,165.3671875,56.20944595336914,270.0843505859375
2018-10-24,5919.626953125,598.4134521484375,530.56201171875,4450.59228515625,1557.7203369140625,2687.69677734375,3576.593017578125,3507.328369140625,4230.76806640625,1522.8197021484375,835.9078979492188,145.66822814941406,170.2954864501953,56.478580474853516,271.3446960449219
2018-10-25,5800.85595703125,606.9791870117188,533.1505737304688,4518.84228515625,1537.25341796875,2677.216796875,3632.23583984375,3587.368896484375,4306.69140625,1549.273193359375,837.4022216796875,145.84727478027344,171.6522674560547,57.535194396972656,271.3446960449219
2018-10-26,5743.96484375,602.5967407226562,525.7828979492188,4443.12890625,1514.378173828125,2689.692626953125,3641.179443359375,3598.30517578125,4231.76611328125,1528.8094482421875,829.0343017578125,143.3004150390625,167.66172790527344,56.648033142089844,268.1938781738281
2018-10-29,5852.75537109375,631.2821655273438,532.8519287109375,4436.1953125,1536.2498779296875,2671.727783203125,3700.301025390625,3528.706787109375,4267.7314453125,1525.8145751953125,840.6897583007812,146.52378845214844,172.5900421142578,56.99692153930664,267.8157043457031
2018-10-30,5929.60693359375,634.2703857421875,543.6045532226562,4458.58984375,1542.6712646484375,2682.20751953125,3683.9052734375,3428.2841796875,4255.74169921875,1515.3330078125,846.0692749023438,146.30491638183594,169.55723571777344,56.6380729675293,270.966552734375
2018-10-31,5978.513671875,642.3380737304688,564.8109741210938,4421.79931640625,1516.183837890625,2703.166259765625,3779.29443359375,3374.0947265625,4310.6884765625,1547.27685546875,826.0455932617188,147.06101989746094,172.0912628173828,57.03678894042969,268.8240051269531
2018-11-01,5815.82666015625,636.2623901367188,539.1243896484375,4383.7880859375,1517.1871337890625,2668.734375,3830.963623046875,3397.9580078125,4274.724609375,1527.31201171875,826.444091796875,150.7221221923828,175.12403869628906,58.66157150268555,274.6213684082031
2018-11-02,5721.0087890625,643.5333862304688,530.960205078125,4350.72705078125,1484.8812255859375,2628.812255859375,3828.479248046875,3323.38720703125,4282.716796875,1527.31201171875,820.6661987304688,149.74713134765625,175.30360412597656,59.299522399902344,272.35284423828125
2018-11-05,5865.72998046875,638.25439453125,539.7215576171875,4364.591796875,1512.1708984375,2672.226806640625,3899.027587890625,3387.517822265625,4255.74169921875,1523.8182373046875,832.6206665039062,149.6277618408203,174.48556518554688,58.38246154785156,273.9913635253906
2018-11-06,5746.95849609375,634.469482421875,537.2327270507812,4352.3251953125,1507.3551025390625,2667.73583984375,3843.88037109375,3323.8837890625,4246.751953125,1517.8287353515625,831.7240600585938,145.52894592285156,172.55015563964844,57.52521514892578,267.4377136230469
2018-11-07,5845.76904296875,635.5653076171875,541.911865234375,4378.9873046875,1536.45068359375,2697.677001953125,3905.486328125,3406.409423828125,4251.74658203125,1535.2978515625,835.3103637695312,147.1207275390625,174.98435974121094,58.0634880065918,271.84881591796875
2018-11-08,6081.31640625,641.6409912109375,526.7568969726562,4348.0595703125,1565.3453369140625,2696.678466796875,3954.174560546875,3352.220458984375,4179.81884765625,1528.310302734375,836.8045654296875,146.32485961914062,178.47605895996094,59.459007263183594,275.503662109375
2018-11-09,6160.16552734375,631.2821655273438,521.6784057617188,4422.18017578125,1575.5791015625,2741.09130859375,3825.001708984375,3295.54736328125,4208.79052734375,1555.76171875,852.4448852539062,143.18106079101562,176.38104248046875,59.75804901123047,275.62969970703125
2018-11-12,6239.01318359375,632.3779907226562,525.8604125976562,4434.44482421875,1578.1875,2734.10498046875,3860.275390625,2945.5595703125,4160.8369140625,1563.2486572265625,857.625244140625,143.6188201904297,170.33541870117188,57.73453903198242,271.21856689453125
2018-11-13,6298.89794921875,641.9396362304688,511.322509765625,4431.244140625,1584.608642578125,2722.12841796875,3821.524169921875,2820.2802734375,4204.79443359375,1567.740966796875,848.460205078125,154.80108642578125,175.0442352294922,58.5917854309082,269.958251953125
2018-11-14,6260.970703125,641.6409912109375,509.9283752441406,4414.1806640625,1556.7171630859375,2721.62890625,3686.389404296875,2801.8857421875,4123.87548828125,1584.2119140625,855.7323608398438,156.75099182128906,173.168701171875,58.203041076660156,267.6897277832031
2018-11-15,6304.88623046875,655.1869506835938,524.76513671875,4532.560546875,1567.991455078125,2784.50537109375,3776.312744140625,2759.1318359375,4094.903564453125,1625.139892578125,836.9042358398438,154.6021270751953,166.0456085205078,55.272457122802734,255.96885681152344
2018-11-16,6192.103515625,651.302490234375,522.6741333007812,4557.09033203125,1567.3896484375,2796.9814453125,3885.116455078125,2691.520263671875,4092.9052734375,1617.15380859375,819.8693237304688,152.61236572265625,164.58908081054688,54.325504302978516,256.9771423339844
2018-11-19,6162.16064453125,648.8124389648438,520.4835815429688,4544.29345703125,1574.01220703125,2780.014404296875,3864.250244140625,2706.43505859375,4051.946533203125,1615.6563720703125,822.7582397460938,155.01998901367188,165.6864471435547,55.651248931884766,258.86761474609375
2018-11-20,6237.01708984375,640.047119140625,516.7991333007812,4553.89306640625,1587.6595458984375,2804.466064453125,3783.76611328125,2710.909423828125,3942.056396484375,1596.1905517578125,843.578857421875,152.8312225341797,161.15719604492188,55.182743072509766,257.10308837890625
2018-11-21,6188.11083984375,657.477783203125,528.4495239257812,4564.0234375,1581.638671875,2819.4365234375,3825.498779296875,2707.4296875,3996.002197265625,1622.1448974609375,850.0540161132812,157.22853088378906,166.24510192871094,56.04996109008789,261.13616943359375
2018-11-22,6073.33203125,647.6172485351562,522.9730224609375,4511.76318359375,1570.4002685546875,2806.461669921875,3744.020263671875,2654.732177734375,3996.002197265625,1617.15380859375,823.0005493164062,151.25999450683594,165.12777709960938,55.8206901550293,253.70028686523438
2018-11-23,6179.12841796875,651.402099609375,510.42620849609375,4527.76220703125,1587.4586181640625,2793.986572265625,3618.822021484375,2715.88037109375,4025.97314453125,1647.101318359375,816.3248291015625,154.3647918701172,164.1500701904297,57.016845703125,254.7085723876953
2018-11-26,6126.22998046875,671.1234741210938,522.57470703125,4477.6376953125,1579.8326416015625,2807.959228515625,3605.905029296875,2701.462890625,4053.94482421875,1639.6142578125,823.29931640625,164.01759338378906,168.3002471923828,57.11653137207031,252.81813049316406
2018-11-27,6079.32080078125,670.2269897460938,522.0765991210938,4541.62646484375,1569.396240234375,2834.406982421875,3531.382568359375,2708.920654296875,4062.935791015625,1639.1153564453125,837.44775390625,166.9831085205078,167.9610595703125,56.20944595336914,249.9193572998047
2018-11-28,6103.27490234375,666.8406372070312,521.3796997070312,4541.09375,1591.2720947265625,2815.943359375,3543.305908203125,2721.348388671875,4044.95361328125,1652.0921630859375,834.1596069335938,167.8588104248047,166.40475463867188,56.159610748291016,248.59609985351562
2018-11-29,6142.19970703125,666.5414428710938,519.885986328125,4537.3603515625,1603.112548828125,2823.4287109375,3595.968505859375,2765.098388671875,4078.919921875,1652.0921630859375,830.9713134765625,166.94325256347656,166.8437042236328,55.960243225097656,252.0619354248047
2018-11-30,6105.27001953125,661.6611328125,517.794921875,4525.62939453125,1627.1954345703125,2817.939208984375,3536.3505859375,2734.275390625,4028.97021484375,1629.6319580078125,829.8754272460938,168.11752319335938,162.4940185546875,55.182743072509766,248.97410583496094
2018-12-03,6140.20263671875,677.19921875,529.7440795898438,4526.6953125,1503.1689453125,2818.4384765625,3677.943359375,2767.085693359375,4075.923095703125,1667.0660400390625,826.3880615234375,167.24179077148438,163.01280212402344,55.770843505859375,248.84811401367188
2018-12-04,6199.09033203125,672.9161987304688,534.7227783203125,4580.5537109375,1516.213623046875,2842.390869140625,3701.791259765625,2731.2919921875,4034.9638671875,1642.6090087890625,827.5836181640625,164.3360137939453,158.74293518066406,55.23258590698242,248.281005859375
2018-12-05,6040.39453125,657.278564453125,524.76513671875,4522.42919921875,1463.8333740234375,2806.461669921875,3626.77099609375,2711.406005859375,4022.975830078125,1607.1712646484375,822.5022583007812,162.20643615722656,158.08450317382812,56.02005386352539,250.80157470703125
2018-12-06,5943.5810546875,633.8719482421875,501.16583251953125,4448.84423828125,1422.8931884765625,2762.549072265625,3491.139892578125,2665.172607421875,3866.13330078125,1582.71435546875,817.1217651367188,159.67881774902344,152.9567108154297,54.51488494873047,244.18496704101562
2018-12-07,5915.63427734375,641.2425537109375,512.6170654296875,4544.82470703125,1442.359619140625,2779.016357421875,3561.68798828125,2648.269287109375,3869.130126953125,1606.67236328125,826.18896484375,161.98751831054688,153.99423217773438,53.8769416809082,250.8645782470703
2018-12-10,5995.48095703125,636.0631713867188,506.9411926269531,4532.0283203125,1474.670654296875,2794.98486328125,3504.5546875,2705.44140625,3863.1357421875,1592.1976318359375,810.7451782226562,158.54437255859375,152.99659729003906,52.72065734863281,247.58778381347656
2018-12-11,6092.29443359375,641.7405395507812,514.6084594726562,4599.75,1485.1065673828125,2820.93359375,3619.31884765625,2709.41748046875,3926.07275390625,1613.659912109375,823.7975463867188,161.70887756347656,153.67498779296875,52.16245651245117,248.59609985351562
2018-12-12,6082.314453125,654.0912475585938,514.309814453125,4606.1494140625,1484.3037109375,2841.393310546875,3685.892822265625,2723.8349609375,4031.967041015625,1621.1466064453125,835.8535766601562,162.3059539794922,158.6232147216797,53.179176330566406,248.4700164794922
2018-12-13,6090.2998046875,653.2945556640625,512.01953125,4625.87841796875,1487.314453125,2839.396728515625,3710.733154296875,2686.05224609375,4025.97314453125,1617.15380859375,847.8101196289062,159.69871520996094,158.64320373535156,52.939945220947266,250.2974090576172
2018-12-14,6118.24560546875,650.9042358398438,510.5260009765625,4607.21630859375,1485.1065673828125,2819.4365234375,3652.108642578125,2644.78857421875,4035.962890625,1626.13818359375,840.43701171875,159.89773559570312,158.06454467773438,52.53125762939453,243.11375427246094
2018-12-17,6031.41259765625,646.2227172851562,506.4433898925781,4511.2314453125,1472.6640625,2803.46826171875,3738.555419921875,2612.971923828125,4015.982666015625,1636.1204833984375,832.2667236328125,159.91763305664062,152.4778289794922,51.733821868896484,239.77391052246094
2018-12-18,5973.5234375,646.2227172851562,495.1912536621094,4489.90185546875,1453.19677734375,2775.02392578125,3708.24951171875,2559.281494140625,4008.98974609375,1605.17529296875,755.9447021484375,157.09149169921875,151.83934020996094,51.793636322021484,244.75209045410156
2018-12-19,5956.55517578125,650.1070556640625,500.3692626953125,4495.234375,1508.18603515625,2801.97119140625,3799.16748046875,2535.91552734375,4025.97314453125,1615.1575927734375,774.576904296875,158.68368530273438,151.10108947753906,52.08270263671875,243.17677307128906
2018-12-20,5934.5986328125,647.6172485351562,490.3119812011719,4483.5029296875,1505.37646484375,2812.45068359375,3722.656982421875,2538.400634765625,4045.952880859375,1609.1680908203125,793.1093139648438,159.18125915527344,147.4896697998047,50.82673645019531,241.85342407226562
2018-12-21,5889.68408203125,651.402099609375,493.1002197265625,4481.90380859375,1518.42138671875,2818.4384765625,3775.816650390625,2518.515869140625,4062.935791015625,1584.7108154296875,783.5443115234375,155.9769287109375,148.6469268798828,51.345069885253906,244.18496704101562
2018-12-24,5949.57080078125,644.4298706054688,496.7843933105469,4441.375,1502.5665283203125,2789.49560546875,3750.975341796875,2504.5966796875,3904.094482421875,1592.1976318359375,775.6729736328125,153.74783325195312,146.01316833496094,50.776885986328125,239.45877075195312
2018-12-27,5709.03125,635.465576171875,483.789794921875,4351.259765625,1481.0927734375,2760.552734375,3688.37646484375,2448.89306640625,3979.02001953125,1578.7215576171875,745.9811401367188,150.78231811523438,145.73385620117188,49.869808197021484,238.8916473388672
2018-12-28,5842.77490234375,647.6172485351562,500.5683898925781,4399.24951171875,1512.199951171875,2782.01025390625,3738.555419921875,2554.80517578125,4059.93896484375,1618.1519775390625,765.2110595703125,153.8274383544922,149.7842254638672,51.04603958129883,242.10546875
2018-12-31,5861.73876953125,644.3302612304688,493.84710693359375,4381.6533203125,1496.344970703125,2789.49560546875,3706.262451171875,2486.186279296875,4057.940673828125,1613.659912109375,761.4248657226562,152.15562438964844,150.163330078125,51.68397903442383,239.58485412597656
2019-01-02,5891.6806640625,644.0313110351562,505.14874267578125,4418.447265625,1505.5771484375,2755.562744140625,3667.013671875,2465.30224609375,4119.8798828125,1614.158935546875,770.7905883789062,154.1856689453125,150.3229522705078,50.83670425415039,241.4123077392578
2019-01-03,5998.4755859375,638.8521118164062,506.5428771972656,4395.51904296875,1512.199951171875,2734.60400390625,3619.8154296875,2471.26953125,4063.934814453125,1600.1837158203125,771.3885498046875,155.3002166748047,149.9039306640625,51.03605651855469,251.24264526367188
2019-01-04,6077.32275390625,653.8921508789062,518.5916137695312,4428.04638671875,1523.83984375,2735.1025390625,3769.357666015625,2568.727294921875,4221.77734375,1628.134521484375,780.4555053710938,157.2108612060547,154.73243713378906,52.63093948364258,248.78501892089844
2019-01-07,5993.4853515625,639.54931640625,518.5916137695312,4377.921875,1519.625244140625,2713.6455078125,3806.618896484375,2460.82763671875,4201.79736328125,1628.134521484375,776.071533203125,156.63369750976562,155.05172729492188,53.179176330566406,255.212646484375
2019-01-08,5886.6904296875,646.521484375,517.5958862304688,4372.056640625,1524.4420166015625,2729.613525390625,3836.925048828125,2492.64990234375,4160.8369140625,1645.104736328125,781.2526245117188,154.8424835205078,156.94720458984375,53.52805709838867,262.2705078125
2019-01-09,5898.66748046875,643.5333862304688,520.6825561523438,4368.32177734375,1542.3033447265625,2724.124755859375,3880.64501953125,2483.20263671875,4193.80517578125,1630.6300048828125,786.9320068359375,152.05612182617188,156.44839477539062,53.63771057128906,266.9334716796875
2019-01-10,5911.64306640625,648.8124389648438,524.76513671875,4364.05810546875,1541.2996826171875,2728.11669921875,3857.79150390625,2491.158447265625,4265.73388671875,1638.6160888671875,798.48974609375,152.99154663085938,158.96240234375,54.604610443115234,272.73095703125
2019-01-11,5701.046875,645.0274047851562,518.9898071289062,4372.58837890625,1530.462646484375,2741.589599609375,3842.886962890625,2532.92578125,4318.6796875,1635.621337890625,798.5894775390625,152.09588623046875,156.84747314453125,54.53482437133789,274.74755859375
2019-01-14,5498.43701171875,636.8599853515625,518.5916137695312,4296.3330078125,1495.9442138671875,2719.134521484375,3836.428955078125,2486.186279296875,4385.61328125,1612.6617431640625,783.6438598632812,148.4736328125,158.74293518066406,55.3621711730957,274.74755859375
2019-01-15,5546.34375,639.25048828125,520.4835815429688,4349.65771484375,1513.8052978515625,2748.077392578125,3877.16748046875,2490.163330078125,4464.53466796875,1629.1329345703125,794.8031616210938,147.9163818359375,158.7230224609375,55.3621711730957,274.87347412109375
2019-01-16,5485.4609375,644.6292114257812,513.811767578125,4264.87353515625,1489.52197265625,2713.146240234375,3854.313232421875,2458.34033203125,4409.58935546875,1633.625,797.4935302734375,147.47850036621094,161.01754760742188,55.950279235839844,277.772216796875
2019-01-17,5499.43359375,636.3619995117188,508.8332214355469,4289.40234375,1486.912841796875,2727.11865234375,3872.19921875,2498.6171875,4399.59912109375,1643.607177734375,792.2127075195312,147.59793090820312,159.99998474121094,55.950279235839844,276.1338195800781
2019-01-18,5559.31982421875,649.210693359375,521.0809326171875,4327.7958984375,1503.771240234375,2748.077392578125,3900.02099609375,2527.456298828125,4449.54833984375,1664.0711669921875,801.7777709960938,148.61294555664062,165.46697998046875,57.81428909301758,282.939453125
2019-01-21,5629.185546875,647.41796875,519.885986328125,4324.0634765625,1497.1478271484375,2761.550537109375,3905.982421875,2550.827392578125,4502.49658203125,1669.561767578125,794.3051147460938,148.433837890625,164.56912231445312,57.81428909301758,278.150390625
2019-01-22,5545.345703125,638.7525634765625,510.42620849609375,4288.86865234375,1495.9442138671875,2747.578125,3821.026611328125,2515.5234375,4445.552734375,1673.5546875,796.1981201171875,147.43870544433594,162.87313842773438,57.246116638183594,277.772216796875
2019-01-23,5558.3212890625,636.461669921875,506.3436584472656,4300.06787109375,1480.2904052734375,2733.605712890625,3737.5615234375,2468.28515625,4415.583984375,1657.5823974609375,801.179931640625,148.53330993652344,162.47409057617188,57.11653137207031,281.8053283691406
2019-01-24,5469.4921875,630.5850219726562,509.72930908203125,4271.806640625,1464.6363525390625,2729.613525390625,3741.039306640625,2411.60009765625,4408.5908203125,1638.1168212890625,800.7814331054688,143.33872985839844,162.2745361328125,57.49531555175781,280.7969970703125
2019-01-25,5360.701171875,635.465576171875,504.75048828125,4239.81103515625,1445.3699951171875,2710.65087890625,3853.31982421875,2378.782470703125,4415.583984375,1617.15380859375,793.508056640625,136.33303833007812,163.71115112304688,58.38246154785156,283.4436340332031
2019-01-28,5314.78955078125,628.5930786132812,492.80145263671875,4203.01708984375,1440.9549560546875,2695.680908203125,3919.397216796875,2361.876953125,4440.55810546875,1611.6634521484375,786.03515625,134.78062438964844,159.70065307617188,56.81748580932617,278.5284423828125
2019-01-29,5353.71337890625,639.54931640625,500.8670349121094,4294.734375,1457.2108154296875,2721.130859375,4051.550537109375,2496.130615234375,4525.47314453125,1644.1063232421875,804.2687377929688,134.42237854003906,160.9177703857422,56.65800857543945,278.4023132324219
2019-01-30,5453.52197265625,649.3104858398438,509.2314453125,4335.796875,1485.9095458984375,2766.540771484375,4107.1943359375,2617.4560546875,4585.41357421875,1670.0604248046875,820.6091918945312,136.0345001220703,161.4564971923828,58.14323043823242,281.3010559082031
2019-01-31,5521.39111328125,636.3619995117188,517.8944091796875,4249.41015625,1482.2969970703125,2895.785888671875,4160.85009765625,2672.152587890625,4574.42333984375,1683.5369873046875,822.203369140625,137.90530395507812,157.80517578125,57.7146110534668,281.1750793457031
2019-02-01,5570.2978515625,636.461669921875,519.2886352539062,4335.26220703125,1488.518310546875,2895.785888671875,4203.08056640625,2695.025146484375,4575.42333984375,1698.5106201171875,830.57275390625,138.16403198242188,158.24412536621094,57.993717193603516,279.7887268066406
2019-02-04,5557.32275390625,637.557373046875,517.8944091796875,4376.3212890625,1485.1065673828125,2918.24169921875,4239.84521484375,2665.6884765625,4620.3779296875,1709.990234375,827.6834106445312,137.42767333984375,158.02464294433594,57.62490463256836,279.1585693359375
2019-02-05,5698.05224609375,650.9042358398438,544.680419921875,4506.431640625,1527.8536376953125,2959.66015625,4275.615234375,2765.13671875,4648.35009765625,1735.945068359375,844.2230834960938,140.3732452392578,160.13961791992188,57.854164123535156,284.4518737792969
2019-02-06,5679.0888671875,648.0155639648438,551.6507568359375,4447.2412109375,1553.34130859375,2919.239501953125,4271.14501953125,2718.39599609375,4645.35302734375,1712.48583984375,840.8355712890625,141.7067108154297,161.19711303710938,58.073455810546875,289.49310302734375
2019-02-07,5641.162109375,638.95166015625,544.9793090820312,4450.44287109375,1551.7357177734375,2959.1611328125,4239.84521484375,2721.8759765625,4586.4130859375,1703.0029296875,841.8318481445312,138.70143127441406,156.04933166503906,57.016845703125,287.0984802246094
2019-02-08,5685.07666015625,639.3501586914062,541.6934204101562,4454.17626953125,1570.1995849609375,2976.12744140625,4237.85693359375,2674.1416015625,4571.427734375,1717.9766845703125,839.1416625976562,138.00486755371094,155.5704803466797,56.6978759765625,282.5614013671875
2019-02-11,5670.1064453125,647.9158325195312,541.9918823242188,4485.1025390625,1555.34814453125,2999.08154296875,4259.716796875,2735.798828125,4634.36474609375,1734.9462890625,840.9349975585938,140.41305541992188,156.4683380126953,57.535194396972656,283.56964111328125
2019-02-12,5713.02490234375,651.003662109375,542.8880615234375,4539.49365234375,1552.1370849609375,2981.117431640625,4267.16943359375,2732.8154296875,4574.42333984375,1723.9654541015625,842.2302856445312,138.96014404296875,157.68545532226562,57.774417877197266,281.67913818359375
2019-02-13,5710.02978515625,656.2825927734375,548.8626098632812,4543.759765625,1552.3382568359375,3018.044677734375,4326.78759765625,2797.45703125,4633.36474609375,1722.9676513671875,839.7393798828125,138.6815185546875,157.64553833007812,57.67473220825195,276.2598876953125
2019-02-14,6137.20849609375,658.2745971679688,538.681884765625,4533.470703125,1571.4036865234375,3031.01904296875,4319.8330078125,2807.89892578125,4626.37255859375,1738.939453125,846.5147705078125,138.96014404296875,156.58807373046875,57.21621322631836,274.6213684082031
2019-02-15,6229.03271484375,663.254638671875,541.2714233398438,4531.87109375,1586.45556640625,3058.464599609375,4370.0107421875,2843.201904296875,4680.31884765625,1716.97802734375,839.1416625976562,140.5125732421875,159.12200927734375,58.25287628173828,282.5614013671875
2019-02-18,6144.1953125,661.0635986328125,535.7937622070312,4540.4033203125,1576.4205322265625,3038.0048828125,4339.705078125,2802.428955078125,4665.333984375,1689.5263671875,839.2412719726562,141.44798278808594,157.74530029296875,58.13326644897461,281.4270935058594
2019-02-19,6081.31640625,634.5692138671875,534.5988159179688,4489.20751953125,1576.019287109375,3014.052978515625,4375.9736328125,2793.478271484375,4598.4013671875,1673.5546875,842.2302856445312,140.8111114501953,158.6232147216797,58.183109283447266,285.586181640625
2019-02-20,6131.220703125,640.8441772460938,537.1881713867188,4518.0048828125,1579.430908203125,3008.5634765625,4420.68701171875,2834.74951171875,4503.4951171875,1682.0396728515625,844.6216430664062,141.68685913085938,160.498779296875,60.93427276611328,286.5943298339844
2019-02-21,6084.31005859375,620.7785034179688,536.690185546875,4538.80419921875,1543.5865478515625,3020.040283203125,4364.048828125,2824.80419921875,4504.49462890625,1762.3983154296875,851.8951416015625,140.5125732421875,160.39898681640625,60.13683319091797,284.9560852050781
2019-02-22,6147.1904296875,621.1769409179688,534.8975830078125,4468.9423828125,1541.7802734375,3013.5537109375,4436.58447265625,2855.63330078125,4505.4931640625,1766.39111328125,858.4710083007812,141.1096649169922,155.77000427246094,59.80788803100586,280.7969970703125
2019-02-25,6277.9384765625,619.2840576171875,534.7979736328125,4433.21484375,1539.9737548828125,2993.592529296875,4396.83984375,2877.51171875,4503.4951171875,1753.413818359375,854.6848754882812,138.92037963867188,158.8426971435547,60.33618927001953,281.55322265625
2019-02-26,6258.97509765625,612.1107788085938,530.8143920898438,4391.08349609375,1517.6927490234375,2966.14697265625,4358.08740234375,2818.83740234375,4485.51416015625,1726.9605712890625,855.6812744140625,135.9349822998047,164.50924682617188,61.701805114746094,287.854736328125
2019-02-27,6270.95166015625,614.3026123046875,531.8101196289062,4253.49560546875,1506.4525146484375,2931.21533203125,4396.83984375,2779.556396484375,4484.51416015625,1709.4910888671875,849.6033935546875,132.9495849609375,166.5045166015625,62.67866516113281,288.7369384765625
2019-02-28,6128.66015625,610.616455078125,532.2085571289062,4274.826171875,1502.8388671875,2908.0205078125,4308.404296875,2743.258056640625,4502.49658203125,1725.9622802734375,844.8208618164062,133.62628173828125,163.81027221679688,63.33655548095703,284.8299560546875
2019-03-01,6175.580078125,611.8119506835938,530.8143920898438,4248.162109375,1515.8868408203125,2932.474853515625,4328.27783203125,2847.1806640625,4690.30859375,1607.67041015625,846.2158203125,133.58644104003906,162.1537628173828,62.64875793457031,288.98895263671875
2019-03-04,6201.537109375,615.6973876953125,533.9014892578125,4265.76171875,1513.8790283203125,2956.928466796875,4367.5263671875,2855.63330078125,4712.2861328125,1644.1063232421875,845.5183715820312,130.720458984375,163.3911590576172,62.86805725097656,288.8629150390625
2019-03-05,6286.39453125,621.0774536132812,536.0928955078125,4343.619140625,1521.5068359375,2979.885498046875,4413.2333984375,2884.47265625,4730.267578125,1655.0870361328125,846.9132690429688,133.32772827148438,164.20941162109375,62.718536376953125,292.2657775878906
2019-03-06,6295.3779296875,620.8780517578125,535.7937622070312,4315.357421875,1514.6822509765625,2986.373046875,4449.501953125,3033.1474609375,4700.2978515625,1676.0499267578125,843.2267456054688,133.30783081054688,164.96778869628906,62.70856475830078,292.7698974609375
2019-03-07,6247.45849609375,621.8743286132812,538.4828491210938,4395.35009765625,1514.882568359375,3041.269287109375,4121.064453125,3059.99755859375,4627.37109375,1657.5823974609375,863.9510498046875,134.95970153808594,161.93426513671875,61.95099639892578,295.29046630859375
2019-03-08,6260.4375,621.6751098632812,532.1088256835938,4438.01318359375,1517.8935546875,3027.794921875,4096.703125,3061.489501953125,4630.36767578125,1639.1153564453125,870.2283935546875,136.1339874267578,158.4416961669922,61.671905517578125,287.9808044433594
2019-03-11,6304.36376953125,622.1732177734375,533.4036254882812,4386.2841796875,1515.48486328125,3047.258056640625,4127.03076171875,3043.091796875,4639.35888671875,1648.5986328125,872.0216674804688,138.28347778320312,160.65699768066406,61.592159271240234,286.7204895019531
2019-03-12,6272.41748046875,624.1656494140625,534.3994750976562,4414.01416015625,1517.492431640625,3038.275146484375,4146.419921875,3068.94775390625,4664.3349609375,1654.0888671875,878.1992797851562,138.72134399414062,162.51303100585938,62.14039993286133,287.72869873046875
2019-03-13,6282.4013671875,617.7896118164062,545.5535278320312,4414.546875,1511.8717041015625,3046.26025390625,4158.85009765625,2963.533203125,4661.3369140625,1645.104736328125,870.6268310546875,138.72134399414062,163.5508270263672,62.369659423828125,289.1150207519531
2019-03-14,6298.3740234375,618.0885009765625,547.6451416015625,4472.14306640625,1514.2806396484375,3045.261962890625,4145.42578125,2981.931884765625,4665.333984375,1667.5650634765625,870.327880859375,139.47763061523438,164.6285400390625,63.59572219848633,287.72869873046875
2019-03-15,6263.4326171875,619.2840576171875,542.2671508789062,4536.669921875,1507.054443359375,3074.20751953125,4127.5283203125,3062.48388671875,4745.25244140625,1665.5684814453125,873.11767578125,142.861083984375,165.5864715576172,64.63240051269531,289.1150207519531
2019-03-18,6339.3046875,624.2654418945312,551.7282104492188,4550.001953125,1518.0943603515625,3079.198486328125,4242.8720703125,3142.53955078125,4776.22216796875,1669.0623779296875,882.1847534179688,143.45816040039062,165.86590576171875,65.16070556640625,296.6769104003906
2019-03-19,6357.2734375,621.276611328125,556.2099609375,4540.9365234375,1508.6602783203125,3058.237548828125,4280.65771484375,3179.83203125,4801.197265625,1643.1080322265625,880.3912963867188,144.87123107910156,168.24078369140625,65.22049713134766,298.5674133300781
2019-03-20,6390.2197265625,621.5756225585938,553.9194946289062,4577.73193359375,1530.137939453125,3069.217041015625,4180.22802734375,3166.90380859375,4706.2919921875,1617.15380859375,881.3875732421875,144.8314208984375,164.0896759033203,64.84171295166016,295.5426330566406
2019-03-21,6514.009765625,627.652587890625,561.4880981445312,4692.3896484375,1571.6884765625,3133.09619140625,4258.28564453125,3162.9326171875,4637.36181640625,1633.625,883.1810913085938,146.0454864501953,160.23793029785156,63.017578125,293.9041748046875
2019-03-22,6340.302734375,610.716064453125,549.8359985351562,4617.7314453125,1560.6483154296875,3079.697021484375,4207.076171875,3069.934814453125,4589.408203125,1612.16259765625,883.0814208984375,143.55764770507812,155.10882568359375,62.110496520996094,293.9041748046875
2019-03-25,6365.259765625,611.91162109375,545.9520874023438,4617.7314453125,1555.4295654296875,3083.689697265625,4275.1884765625,3057.00439453125,4533.4658203125,1603.178466796875,876.8043212890625,140.990234375,155.20863342285156,61.831382751464844,293.39996337890625
2019-03-26,6401.19970703125,610.118408203125,548.3421020507812,4640.1279296875,1567.2724609375,3124.113037109375,4288.11474609375,3066.95068359375,4596.40234375,1621.6461181640625,885.9708862304688,141.64703369140625,152.97340393066406,61.26321792602539,288.2327880859375
2019-03-27,6345.2939453125,610.8157348632812,543.561767578125,4636.92919921875,1570.684814453125,3093.17138671875,4309.98974609375,3073.41552734375,4645.35302734375,1614.158935546875,880.9891967773438,140.1145477294922,155.20863342285156,62.20020294189453,287.60272216796875
2019-03-28,6485.05859375,615.4983520507812,548.3421020507812,4693.45654296875,1595.7757568359375,3126.1103515625,4358.712890625,3135.083251953125,4701.2978515625,1623.642333984375,851.99462890625,138.08445739746094,152.7538604736328,61.74167251586914,288.6108703613281
2019-03-29,6124.66796875,620.9776611328125,556.2099609375,4687.59033203125,1602.600341796875,3132.0986328125,4435.775390625,3176.857666015625,4746.25244140625,1638.6160888671875,847.7103271484375,139.119384765625,154.35040283203125,61.9410400390625,292.5179443359375
2019-04-01,6158.6103515625,633.43115234375,556.9068603515625,4644.927734375,1587.746826171875,3097.663330078125,4540.181640625,3118.173583984375,4749.24951171875,1634.1240234375,839.7393798828125,141.18927001953125,157.9827117919922,62.698604583740234,293.6521301269531
2019-04-02,6254.447265625,643.4935302734375,561.4880981445312,4685.45751953125,1606.8157958984375,3135.093017578125,4578.46337890625,3161.44140625,4801.197265625,1658.580810546875,842.828125,141.50772094726562,159.6591339111328,63.196998596191406,293.6521301269531
2019-04-03,6154.61572265625,646.4823608398438,558.0025024414062,4676.39208984375,1593.3670654296875,3094.669189453125,4612.767578125,3102.260009765625,4925.0732421875,1659.080078125,839.4406127929688,142.98049926757812,163.65060424804688,64.67225646972656,298.1893005371094
2019-04-04,6107.69580078125,646.1835327148438,557.3052368164062,4692.3896484375,1593.567626953125,3103.153076171875,4562.55419921875,3110.217041015625,4924.07373046875,1671.058837890625,837.0491333007812,143.75669860839844,164.3092041015625,62.44009780883789,297.6851501464844
2019-04-05,6134.650390625,650.6666870117188,566.2683715820312,4695.056640625,1599.7900390625,3114.13232421875,4638.12548828125,3103.255126953125,4939.05908203125,1668.064208984375,831.7683715820312,140.65188598632812,162.41322326660156,62.03127670288086,298.5674133300781
2019-04-08,6175.580078125,649.77001953125,575.8289184570312,4706.78857421875,1593.968994140625,3122.6162109375,4691.322265625,3094.80029296875,4860.138671875,1667.5650634765625,829.5764770507812,139.87570190429688,161.77459716796875,62.44009780883789,299.95367431640625
2019-04-09,6140.64013671875,652.8584594726562,571.6465454101562,4712.6552734375,1587.947265625,3124.6123046875,4689.33251953125,3093.308837890625,4782.2158203125,1647.5999755859375,828.978515625,139.8358917236328,161.09605407714844,62.73923110961914,294.78643798828125
2019-04-10,6109.69189453125,650.26806640625,573.8372192382812,4686.52392578125,1583.33056640625,3117.62548828125,4735.07421875,3082.36669921875,4765.23388671875,1653.0904541015625,830.9713134765625,139.15919494628906,160.7967071533203,62.619571685791016,305.373046875
2019-04-11,6007.865234375,648.97314453125,570.2518310546875,4685.45751953125,1571.286865234375,3116.62744140625,4686.349609375,3068.939697265625,4835.16357421875,1664.0711669921875,822.5022583007812,137.42767333984375,163.33126831054688,63.95573425292969,312.93487548828125
2019-04-12,5977.9140625,656.245849609375,568.2599487304688,4654.525390625,1556.83447265625,3109.640869140625,4744.51953125,3072.421142578125,4853.14501953125,1637.617919921875,814.3319091796875,139.8557586669922,165.6064453125,64.61383819580078,311.4225769042969
2019-04-15,5983.9052734375,653.4561767578125,567.5631103515625,4635.32861328125,1555.630126953125,3114.63134765625,4675.90966796875,3106.736083984375,4858.14111328125,1645.6038818359375,817.4208374023438,141.8062286376953,167.32275390625,64.98277282714844,314.1950988769531
2019-04-16,6004.86865234375,660.3306884765625,565.7704467773438,4663.0595703125,1560.4476318359375,3111.636962890625,4646.07861328125,3110.217041015625,4931.06640625,1665.5684814453125,816.1253662109375,141.90576171875,167.04335021972656,65.65083312988281,314.6993408203125
2019-04-17,5904.03955078125,662.8211669921875,569.6544799804688,4669.4580078125,1546.3968505859375,3106.147216796875,4521.28955078125,3083.362060546875,4940.05810546875,1689.5263671875,816.7233276367188,143.0203094482422,168.5601348876953,66.37873077392578,315.45550537109375
2019-04-18,5805.2060546875,664.0167846679688,565.3719482421875,4803.3134765625,1529.937255859375,3120.120849609375,4573.98876953125,3040.593017578125,4959.03955078125,1698.011474609375,815.7268676757812,141.86598205566406,169.03907775878906,65.71066284179688,315.2035217285156
2019-04-23,5905.037109375,665.1128540039062,580.1112060546875,4828.91162109375,1562.8563232421875,3174.5185546875,4610.77978515625,3071.923828125,4992.00732421875,1732.450927734375,816.1253662109375,140.9304962158203,166.22511291503906,65.38162231445312,318.85833740234375
2019-04-24,5898.048828125,660.2310180664062,567.8619384765625,4834.77783203125,1545.995361328125,3175.516845703125,4529.24365234375,3027.662353515625,4980.01806640625,1727.459716796875,825.989501953125,139.17909240722656,166.02552795410156,64.57394409179688,317.0939025878906
2019-04-25,5879.08154296875,659.4340209960938,566.9654541015625,4856.10986328125,1560.84912109375,3170.026611328125,4517.8076171875,2965.994873046875,5034.96435546875,1736.4437255859375,828.181396484375,138.94027709960938,160.05828857421875,63.42725372314453,313.0609130859375
2019-04-26,5785.23876953125,662.9210205078125,553.819580078125,4892.3720703125,1567.0716552734375,3216.93896484375,4519.30029296875,2975.941650390625,5076.921875,1758.904296875,833.4622802734375,141.2290802001953,160.69688415527344,62.81900405883789,315.077392578125
2019-04-29,5830.16357421875,667.0055541992188,550.2344360351562,4916.90283203125,1574.8997802734375,3199.970703125,4483.0068359375,2994.8388671875,5102.89599609375,1753.9130859375,830.9713134765625,142.66207885742188,164.34913635253906,63.417274475097656,312.93487548828125
2019-04-30,5716.35498046875,664.6145629882812,556.707763671875,4967.56640625,1579.115478515625,3227.4189453125,4439.75244140625,2973.952880859375,5008.98974609375,1755.909423828125,833.0638427734375,141.3086395263672,163.92999267578125,62.390235900878906,314.8253479003906
2019-05-01,5634.4931640625,662.4227905273438,549.736572265625,4938.2353515625,1565.4659423828125,3224.923583984375,4413.40234375,2911.78759765625,5180.8173828125,1755.909423828125,824.1961059570312,140.452880859375,163.19155883789062,63.417274475097656,316.0856018066406
2019-05-02,5678.419921875,665.2122192382812,545.2549438476562,4895.43408203125,1553.020751953125,3191.985595703125,4334.35107421875,2864.542724609375,5095.32763671875,1702.791015625,820.2106323242188,140.35333251953125,164.18943786621094,62.619571685791016,312.80889892578125
2019-05-03,5731.33056640625,678.064208984375,545.8524169921875,4909.83349609375,1557.838134765625,3201.4677734375,4382.57763671875,2881.94921875,5111.3134765625,1723.2587890625,826.0891723632812,139.37808227539062,163.33126831054688,62.46003723144531,311.80059814453125
2019-05-07,5753.29150390625,659.7327880859375,531.0133666992188,4899.16796875,1523.3133544921875,3205.959228515625,4385.06298828125,2858.078125,5107.31689453125,1713.274658203125,831.4696655273438,139.31838989257812,159.0803985595703,61.63241958618164,311.2964782714844
2019-05-08,5825.171875,656.5447387695312,536.0928955078125,4937.56689453125,1529.937255859375,3234.405517578125,4396.99560546875,2829.730224609375,5137.2900390625,1740.73095703125,821.0076904296875,139.41795349121094,159.22006225585938,61.642391204833984,306.8854675292969
2019-05-09,5816.1875,649.4712524414062,523.423583984375,4918.3671875,1523.714599609375,3234.405517578125,4346.2841796875,2870.012939453125,5071.35009765625,1727.7515869140625,822.0042114257812,137.82574462890625,156.52581787109375,60.71506118774414,303.2304382324219
2019-05-10,5682.41259765625,649.5707397460938,522.1287231445312,4916.76708984375,1507.4559326171875,3239.396240234375,4387.05126953125,2823.763427734375,5067.35302734375,1739.233154296875,832.4657592773438,138.3232879638672,157.1844024658203,60.87460708618164,305.1209411621094
2019-05-13,5666.43994140625,647.5783081054688,524.2203979492188,4959.43310546875,1517.8935546875,3247.880126953125,4343.30078125,2849.623291015625,5045.37451171875,1737.2364501953125,846.5147705078125,131.13844299316406,154.76953125,59.61822509765625,299.70159912109375
2019-05-14,5793.2265625,651.1647338867188,532.4876708984375,4949.83349609375,1522.1090087890625,3274.33056640625,4479.52587890625,2858.574951171875,5133.29296875,1747.7197265625,847.212158203125,126.22247314453125,157.3041534423828,60.46577835083008,304.9949951171875
2019-05-15,5811.1962890625,660.8287353515625,537.2686767578125,5002.63232421875,1539.572265625,3310.761962890625,4493.94482421875,2889.4091796875,5219.2138671875,1770.183837890625,839.7393798828125,125.38658905029297,159.6591339111328,60.804805755615234,307.1374816894531
2019-05-16,5870.09619140625,658.6151733398438,547.528076171875,5093.2998046875,1555.869140625,3344.198486328125,4582.93798828125,2911.291015625,5279.15966796875,1794.14599609375,811.542236328125,124.25212097167969,160.33767700195312,61.333282470703125,302.27313232421875
2019-05-17,5865.10498046875,652.3377075195312,553.8030395507812,5116.2314453125,1560.8883056640625,3341.70361328125,4646.576171875,2941.626708984375,5283.15625,1804.1300048828125,815.1290893554688,123.67494201660156,158.4018096923828,60.16664123535156,301.7688903808594
2019-05-20,5814.1904296875,647.75439453125,554.9984130859375,5106.6318359375,1557.2747802734375,3337.71044921875,4650.05712890625,2956.048828125,5243.19287109375,1807.1253662109375,814.8302612304688,125.78462982177734,156.0269012451172,59.32905960083008,295.8444519042969
2019-05-21,5858.11669921875,650.1456298828125,557.8869018554688,5067.69921875,1550.4488525390625,3318.247802734375,4610.77978515625,2965.49853515625,5265.17236328125,1799.1378173828125,812.2396240234375,125.40647888183594,156.66549682617188,60.346126556396484,298.61761474609375
2019-05-22,5927.9990234375,655.1275634765625,558.28515625,5180.7646484375,1577.1495361328125,3312.25927734375,4648.56591796875,2966.990234375,5287.1533203125,1840.572021484375,810.6454467773438,125.04823303222656,152.49441528320312,58.98005676269531,293.32342529296875
2019-05-23,6002.87255859375,656.921142578125,541.949951171875,5161.5654296875,1577.551513671875,3312.25927734375,4563.548828125,2935.6591796875,5205.2275390625,1823.099853515625,803.0731201171875,122.71961975097656,149.1814727783203,57.683799743652344,289.6678771972656
2019-05-24,6078.74462890625,657.0206909179688,542.3484497070312,5209.03173828125,1587.9908447265625,3342.20263671875,4615.75146484375,2968.482177734375,5225.2099609375,1827.09326171875,813.6343994140625,125.48609161376953,148.94198608398438,58.351871490478516,292.44097900390625
2019-05-28,5927.9990234375,656.1240844726562,543.344482421875,5183.43212890625,1552.65771484375,3352.682861328125,4748.99365234375,2871.009033203125,5219.2138671875,1834.0823974609375,809.15087890625,126.5011215209961,150.3390350341797,57.46443557739258,300.2562561035156
2019-05-29,5868.09912109375,653.1348876953125,539.1610717773438,5162.63232421875,1541.6158447265625,3309.264404296875,4618.73388671875,2794.918701171875,5141.28662109375,1807.1253662109375,812.8374633789062,128.67051696777344,150.43882751464844,57.324832916259766,284.62579345703125
2019-05-30,5852.1259765625,651.2415771484375,539.1610717773438,5212.7646484375,1543.02099609375,3349.189697265625,4618.73388671875,2814.31396484375,5247.18896484375,1847.560791015625,775.4478149414062,129.30738830566406,150.57850646972656,57.474403381347656,286.7687683105469
2019-05-31,5823.17578125,642.7724609375,537.9658203125,5159.4306640625,1532.7828369140625,3319.24560546875,4510.84814453125,2745.186767578125,5279.15966796875,1839.573486328125,790.19921875,128.78994750976562,149.02188110351562,57.095489501953125,285.3821105957031
2019-06-03,5933.9892578125,644.5659790039062,541.850341796875,5178.63330078125,1555.066650390625,3355.67724609375,4569.017578125,2752.1484375,5297.1435546875,1850.0567626953125,791.5947265625,129.3273162841797,149.16152954101562,56.88609313964844,283.7433776855469
2019-06-04,5976.916015625,645.3630981445312,542.4479370117188,5135.43212890625,1536.1949462890625,3291.796875,4579.95556640625,2822.767822265625,5295.14453125,1816.6103515625,780.4314575195312,133.02915954589844,153.77169799804688,57.72367858886719,288.40740966796875
2019-06-05,5948.96435546875,643.9679565429688,535.4756469726562,5181.8310546875,1533.3846435546875,3329.725830078125,4495.43603515625,2813.318603515625,5329.1142578125,1842.5687255859375,798.0734252929688,132.4520263671875,152.17510986328125,57.6439208984375,287.2729187011719
2019-06-06,6034.81787109375,641.7760620117188,541.3524780273438,5205.29931640625,1550.64990234375,3364.1611328125,4512.83642578125,2899.8525390625,5353.09130859375,1858.0438232421875,812.62548828125,127.39258575439453,150.9178009033203,57.06558609008789,288.7855529785156
2019-06-07,6017.84716796875,648.5514526367188,549.6195678710938,5241.5634765625,1571.1265869140625,3400.59228515625,4492.95068359375,2997.823974609375,5407.0419921875,1869.0267333984375,820.2006225585938,129.3037872314453,150.73814392089844,57.44449234008789,289.1637878417969
2019-06-10,6093.71875,656.0244750976562,553.3050537109375,5225.5654296875,1582.9718017578125,3396.599853515625,4561.0625,3003.791748046875,5458.994140625,1875.0174560546875,814.22021484375,129.80148315429688,152.7538604736328,58.22224044799805,290.4241638183594
2019-06-11,6126.66357421875,653.5333862304688,554.7990112304688,5245.8310546875,1579.7593994140625,3388.115966796875,4669.9423828125,3054.517578125,5443.00927734375,1874.5177001953125,813.4229125976562,129.58250427246094,151.8956756591797,57.88322448730469,286.7687683105469
2019-06-12,6187.560546875,646.5587158203125,538.6632080078125,5303.96435546875,1589.1951904296875,3423.549072265625,4685.8525390625,2920.241943359375,5403.046875,1889.993408203125,820.1009521484375,128.74635314941406,150.15940856933594,57.81343078613281,286.7687683105469
2019-06-13,6183.568359375,645.5623168945312,536.8701782226562,5276.76416015625,1588.5926513671875,3418.059814453125,4778.82373046875,2901.84130859375,5405.04345703125,1877.51318359375,815.8150024414062,128.44772338867188,149.20144653320312,57.88322448730469,289.2897033691406
2019-06-14,6204.53125,643.2706298828125,536.7705688476562,5305.03173828125,1590.3997802734375,3412.07080078125,4743.0283203125,2870.012939453125,5441.01171875,1905.4688720703125,830.6661987304688,127.43240356445312,148.6825714111328,57.53422927856445,282.8610534667969
2019-06-17,6239.47265625,648.750732421875,533.8819580078125,5298.09765625,1594.4151611328125,3394.104736328125,4746.01025390625,2824.75732421875,5449.00341796875,1922.9410400390625,826.47998046875,126.87496185302734,150.41883850097656,57.773536682128906,286.1383972167969
2019-06-18,6399.203125,655.2273559570312,543.7428588867188,5315.6982421875,1601.24072265625,3384.622802734375,4849.919921875,2844.1533203125,5456.99658203125,1931.9267578125,838.1416015625,128.5870819091797,151.2770538330078,57.90317153930664,296.8528137207031
2019-06-19,6439.13525390625,654.9284057617188,539.4598388671875,5255.431640625,1611.07763671875,3379.133056640625,4622.71142578125,2784.972412109375,5474.9794921875,1911.958251953125,831.4635009765625,126.61615753173828,152.8935546875,59.02992248535156,296.2225646972656
2019-06-20,6475.07568359375,651.6403198242188,547.12939453125,5240.4990234375,1613.0850830078125,3388.115966796875,4656.0224609375,2784.972412109375,5524.9345703125,1937.4178466796875,839.736328125,127.75093841552734,150.15940856933594,58.22224044799805,298.2394714355469
2019-06-21,6367.2578125,647.256103515625,554.0025024414062,5235.69921875,1582.3692626953125,3373.6435546875,4662.98388671875,2781.98828125,5494.9619140625,1918.947021484375,844.321044921875,126.31753540039062,148.38319396972656,57.933082580566406,298.36541748046875
2019-06-24,6427.15673828125,643.469970703125,548.12548828125,5281.564453125,1599.0321044921875,3425.046630859375,4724.13623046875,2767.06884765625,5582.880859375,1944.4068603515625,843.1251220703125,125.66056823730469,148.14373779296875,56.836238861083984,291.55865478515625
2019-06-25,6431.14892578125,645.4627075195312,548.8229370117188,5265.03076171875,1611.679931640625,3416.561767578125,4746.01025390625,2795.913330078125,5578.88525390625,1939.414794921875,836.347412109375,123.66976165771484,146.5870361328125,56.53710174560547,287.65106201171875
2019-06-26,6354.27978515625,647.3557739257812,552.3089599609375,5217.56396484375,1593.210205078125,3382.127197265625,4800.69970703125,2793.924072265625,5504.9521484375,1928.43212890625,827.4765014648438,125.18277740478516,148.98193359375,56.74650573730469,282.6089782714844
2019-06-27,6398.2060546875,652.4374389648438,548.524169921875,5186.6318359375,1587.9908447265625,3362.6640625,4801.19775390625,2735.73486328125,5445.00732421875,1912.956787109375,830.3670654296875,128.06947326660156,149.68043518066406,56.6966438293457,286.3905029296875
2019-06-28,6427.15673828125,654.5298461914062,546.4322509765625,5220.765625,1582.570556640625,3377.635498046875,4852.9033203125,2734.73974609375,5480.97509765625,1906.4671630859375,833.0582275390625,128.7264404296875,149.48085021972656,56.427425384521484,285.76031494140625
2019-07-01,6458.10498046875,659.4122314453125,555.6954956054688,5235.69921875,1596.4224853515625,3365.658203125,4887.7041015625,2846.65673828125,5580.88330078125,1928.9312744140625,836.347412109375,127.352783203125,152.19505310058594,57.06558609008789,291.68475341796875
2019-07-02,6520.998046875,666.486572265625,553.703369140625,5350.36376953125,1626.335205078125,3424.546875,4948.3603515625,2885.45458984375,5670.80078125,1958.38427734375,859.8699951171875,128.1690216064453,153.45237731933594,57.474403381347656,292.0628662109375
2019-07-03,6590.88037109375,669.0772094726562,544.1411743164062,5421.83056640625,1647.4151611328125,3475.9501953125,4938.416015625,2957.578369140625,5756.72119140625,1970.365478515625,864.1559448242188,130.81678771972656,154.6498260498047,58.09262466430664,294.71002197265625
2019-07-04,6566.919921875,669.1768798828125,543.7428588867188,5399.4306640625,1645.20654296875,3459.980712890625,4883.72705078125,2951.609375,5778.7021484375,1958.8837890625,862.1624145507812,132.3098907470703,155.6277313232422,58.09262466430664,296.0965270996094
2019-07-05,6516.00732421875,670.073486328125,540.3564453125,5381.296875,1642.797119140625,3420.055908203125,4696.79150390625,2968.521240234375,5650.8193359375,1941.910888671875,851.2981567382812,134.02203369140625,156.8850555419922,57.66386032104492,299.1217346191406
2019-07-08,6426.1572265625,666.0880126953125,543.7428588867188,5398.3623046875,1634.1649169921875,3444.010498046875,4774.84716796875,3014.282470703125,5686.78564453125,1944.4068603515625,846.91259765625,133.1659393310547,156.58567810058594,57.5442008972168,295.8444519042969
2019-07-09,6465.0927734375,668.2800903320312,544.240966796875,5373.83056640625,1646.410888671875,3444.509765625,4777.33203125,2949.122314453125,5672.798828125,1958.8837890625,851.4974975585938,133.20579528808594,156.10671997070312,57.62397384643555,294.4579162597656
2019-07-10,6478.0703125,664.2944946289062,543.5437622070312,5356.763671875,1649.4224853515625,3432.033447265625,4828.5419921875,2932.210205078125,5662.80908203125,1944.4068603515625,851.098876953125,131.891845703125,156.1466064453125,57.8034553527832,298.86968994140625
2019-07-11,6371.2509765625,662.1026000976562,543.6432495117188,5331.69873046875,1638.5814208984375,3428.04052734375,4796.72119140625,2884.95654296875,5672.798828125,1948.8995361328125,837.7428588867188,131.891845703125,157.603515625,57.59405517578125,304.1639709472656
2019-07-12,6313.3486328125,661.0064086914062,543.8426513671875,5336.4970703125,1629.9490966796875,3384.622802734375,4781.31005859375,2890.428466796875,5688.7841796875,1936.4195556640625,835.74951171875,131.13531494140625,156.8650665283203,57.514286041259766,305.17230224609375
2019-07-15,6320.3359375,664.7926025390625,539.9578247070312,5359.96484375,1644.8050537109375,3394.603759765625,4840.47314453125,2910.324462890625,5658.81103515625,1962.3782958984375,835.1513061523438,129.60240173339844,156.4459686279297,57.683799743652344,302.77734375
2019-07-16,6400.20166015625,668.0807495117188,541.4520263671875,5430.36328125,1671.3048095703125,3413.568115234375,4822.57568359375,2936.189453125,5748.72998046875,1961.87890625,827.2772827148438,127.49211883544922,157.7432403564453,57.81343078613281,301.1386413574219
2019-07-17,6431.14892578125,661.903076171875,525.91357421875,5417.5634765625,1666.8883056640625,3432.033447265625,4848.4287109375,2909.826904296875,5772.70751953125,1965.8724365234375,827.2772827148438,125.50131225585938,155.44808959960938,57.52425003051758,300.6343688964844
2019-07-18,6391.216796875,659.0136108398438,513.6622314453125,5402.630859375,1656.047607421875,3393.106689453125,4752.97119140625,3088.395751953125,5764.71533203125,1931.9267578125,829.2706909179688,126.31753540039062,155.9869384765625,57.225120544433594,298.36541748046875
2019-07-19,6379.23681640625,660.3090209960938,515.654296875,5345.0302734375,1652.634521484375,3380.6298828125,4823.56787109375,3076.955810546875,5746.73095703125,1936.918701171875,832.0614013671875,128.74635314941406,155.2884521484375,56.62684631347656,300.38232421875
2019-07-22,6369.25390625,660.209228515625,520.9335327148438,5365.2978515625,1660.8658447265625,3373.6435546875,4790.75537109375,3048.603515625,5710.7646484375,1938.915283203125,830.7658081054688,127.75093841552734,156.26637268066406,56.55704116821289,296.47467041015625
2019-07-23,6453.11279296875,668.4794311523438,525.2164916992188,5378.0966796875,1666.8883056640625,3401.09130859375,4801.19775390625,3048.10595703125,5632.8349609375,1944.4068603515625,839.2378540039062,130.19964599609375,159.75892639160156,56.836238861083984,289.7939453125
2019-07-24,6348.2900390625,654.03173828125,521.4315185546875,5331.16455078125,1659.8619384765625,3347.193115234375,4580.4521484375,3004.832275390625,5622.84423828125,1935.9200439453125,837.942138671875,131.15521240234375,159.57928466796875,56.806331634521484,287.39886474609375
2019-07-25,6838.4619140625,652.7362670898438,521.5310668945312,5222.36376953125,1676.3236083984375,3234.405517578125,4549.62646484375,3004.333984375,5620.8466796875,1864.5338134765625,837.54345703125,131.3941192626953,159.20008850097656,56.606895446777344,286.01239013671875
2019-07-26,6893.36962890625,660.0099487304688,520.9335327148438,5225.5654296875,1692.183837890625,3316.75048828125,4579.45849609375,3003.339599609375,5666.80419921875,1931.42724609375,843.6234741210938,145.3298797607422,159.7389373779297,55.829139709472656,284.8778991699219
2019-07-29,7167.90673828125,663.9955444335938,524.9176025390625,5347.16455078125,1736.551025390625,3405.582763671875,4655.0283203125,3089.887939453125,6536.00732421875,1974.8582763671875,853.7901000976562,151.5412139892578,160.47738647460938,56.01859664916992,285.76031494140625
2019-07-30,7115.994140625,662.4012451171875,541.0537109375,5374.89697265625,1735.346435546875,3442.014404296875,4701.76220703125,2962.552001953125,6498.0419921875,1972.362060546875,849.1053466796875,150.54586791992188,157.3839874267578,54.9217529296875,281.3484802246094
2019-07-31,7049.10693359375,654.33056640625,543.5437622070312,5285.8310546875,1709.0472412109375,3437.02392578125,4671.4345703125,2936.687255859375,6619.93115234375,1950.3974609375,841.5302734375,149.3911590576172,153.751708984375,53.17678451538086,281.4744567871094
2019-08-01,7187.87353515625,663.5971069335938,536.5714111328125,5340.76318359375,1716.876708984375,3519.368408203125,4513.83154296875,3139.131591796875,7051.5341796875,1960.517822265625,853.19189453125,150.96388244628906,155.5479278564453,52.68819046020508,282.3568420410156
2019-08-02,7227.8056640625,643.7687377929688,524.8179321289062,5268.763671875,1697.4033203125,3436.525146484375,4361.69677734375,3094.365478515625,6807.75732421875,1916.0853271484375,853.7901000976562,149.6698760986328,152.83367919921875,51.11273193359375,278.19720458984375
2019-08-05,7087.0439453125,624.5385131835938,513.5626220703125,5192.4990234375,1669.096435546875,3375.6396484375,4265.74169921875,2964.541748046875,6599.94873046875,1886.63037109375,839.2378540039062,147.02207946777344,146.9862060546875,50.03583908081055,273.65924072265625
2019-08-06,7064.0810546875,625.634521484375,504.9965515136719,5147.69921875,1653.2366943359375,3347.193115234375,4203.59521484375,2964.541748046875,6591.95654296875,1876.6455078125,828.27392578125,145.7081298828125,146.9263153076172,50.09565353393555,270.88616943359375
2019-08-07,7110.00439453125,625.1361694335938,503.6022033691406,5187.16552734375,1664.278564453125,3372.6455078125,4171.2783203125,2990.4072265625,6783.78125,1921.077880859375,840.3342895507812,146.5243682861328,147.22567749023438,50.09565353393555,273.2810974121094
2019-08-08,7215.5556640625,632.0114135742188,500.99554443359375,5191.84521484375,1673.951904296875,3356.098876953125,4136.1953125,3055.070068359375,6803.76123046875,1934.5572509765625,843.9225463867188,149.84906005859375,145.63870239257812,49.62311935424805,276.9366149902344
2019-08-09,7339.3603515625,619.7557373046875,500.99554443359375,5199.845703125,1676.3614501953125,3379.05908203125,4034.730224609375,3041.14208984375,6833.7353515625,1938.052001953125,847.0123291015625,148.395751953125,143.48289489746094,49.36878967285156,275.0458679199219
2019-08-12,7318.39208984375,608.79541015625,498.90350341796875,5256.3837890625,1675.7589111328125,3417.990478515625,4019.311767578125,3037.660888671875,6783.78125,1943.543701171875,844.620361328125,147.63922119140625,141.207275390625,48.610801696777344,273.2810974121094
2019-08-13,7330.3740234375,612.0834350585938,504.9804382324219,5234.51611328125,1690.6171875,3393.532958984375,4095.907470703125,3017.266845703125,6741.818359375,1935.056640625,834.3539428710938,148.9929656982422,140.8280487060547,48.8401985168457,269.8777160644531
2019-08-14,7257.49072265625,600.0272827148438,496.1141052246094,5298.51806640625,1666.1214599609375,3401.019775390625,4040.201416015625,2992.8935546875,6721.83740234375,1909.59521484375,840.0353393554688,148.33599853515625,138.49252319335938,48.550968170166016,270.1297912597656
2019-08-15,7218.55126953125,589.2451782226562,487.84552001953125,5308.6533203125,1652.066162109375,3409.50537109375,4004.88720703125,3033.680908203125,6715.84228515625,1914.5877685546875,848.2083740234375,147.55958557128906,136.935546875,48.45124053955078,268.61712646484375
2019-08-16,7244.50927734375,595.1246337890625,488.3437194824219,5345.45556640625,1664.515380859375,3445.94140625,3983.99755859375,3013.287841796875,6845.7236328125,1922.5753173828125,854.886474609375,150.1476593017578,139.55047607421875,49.51839828491211,272.3987121582031
2019-08-19,7269.47021484375,601.6021118164062,498.2061462402344,5430.79638671875,1671.140625,3439.951171875,4043.68310546875,3020.749267578125,6921.6533203125,1944.542236328125,865.0529174804688,149.63006591796875,140.32896423339844,49.802642822265625,276.9366149902344
2019-08-20,7257.49072265625,594.8258056640625,491.4817199707031,5408.39453125,1672.9482421875,3436.957275390625,3988.47412109375,2964.541748046875,6873.69677734375,1925.571044921875,847.5105590820312,147.5794677734375,138.2130584716797,49.58821487426758,271.89447021484375
2019-08-21,7400.26318359375,596.220947265625,496.9609680175781,5458.5302734375,1691.6214599609375,3479.38232421875,3969.075927734375,3008.81103515625,6893.6796875,1955.525390625,853.6903686523438,150.2471923828125,138.91171264648438,49.39372634887695,270.1297912597656
2019-08-22,7312.40185546875,591.63671875,492.5775451660156,5360.39111328125,1682.5859375,3414.99560546875,3925.30712890625,2963.0498046875,6831.935546875,1918.0823974609375,845.0189208984375,149.86891174316406,139.05145263671875,49.57324981689453,269.1213684082031
2019-08-23,7301.419921875,584.3623046875,486.1519775390625,5344.3896484375,1697.845458984375,3412.00048828125,3903.919677734375,2945.64013671875,6825.939453125,1923.0748291015625,850.201904296875,149.6499481201172,137.77394104003906,49.85749816894531,267.9869079589844
2019-08-27,7228.53564453125,578.8812255859375,486.20172119140625,5435.0625,1693.829833984375,3438.454345703125,3913.86767578125,2817.3095703125,6833.9345703125,1946.0399169921875,851.2981567382812,150.5856475830078,136.41651916503906,49.628108978271484,269.37353515625
2019-08-28,7254.49462890625,579.7781372070312,496.8611755371094,5478.7998046875,1699.0499267578125,3448.43701171875,3968.081298828125,2815.320068359375,6873.8974609375,1955.525390625,851.7965087890625,152.0787353515625,135.8975372314453,49.38375473022461,275.8020935058594
2019-08-29,7353.337890625,589.4443969726562,500.99554443359375,5493.734375,1716.116943359375,3483.874267578125,4021.798583984375,2857.101806640625,6963.81884765625,1969.5042724609375,850.999267578125,155.14462280273438,137.27487182617188,49.6729850769043,275.8020935058594
2019-08-30,7306.4111328125,589.3447875976562,498.30584716796875,5542.80322265625,1718.32568359375,3497.350341796875,4127.73974609375,2865.060546875,6947.83251953125,1963.51318359375,855.683837890625,154.5274658203125,136.33668518066406,49.69792556762695,276.3064270019531
2019-09-02,7521.0712890625,592.8327026367188,501.89208984375,5622.81005859375,1743.62451171875,3584.697265625,4125.25244140625,2886.44873046875,7013.7724609375,2007.9459228515625,858.0758666992188,155.9409637451172,137.27487182617188,50.18661880493164,282.6089782714844
2019-09-03,7418.23388671875,591.63671875,500.99554443359375,5679.34814453125,1750.250732421875,3619.136962890625,4107.34765625,2897.391845703125,7027.76171875,2006.9471435546875,866.2489624023438,157.1752166748047,137.05532836914062,49.45855712890625,283.61737060546875
2019-09-04,7379.296875,602.0006713867188,505.0800476074219,5661.21337890625,1752.0577392578125,3603.66357421875,4185.4365234375,2889.434326171875,7129.6708984375,1994.9652099609375,863.8568725585938,156.2395782470703,137.09523010253906,49.46355056762695,286.7687683105469
2019-09-05,7179.61328125,596.7191162109375,505.0800476074219,5524.67138671875,1708.4874267578125,3482.876220703125,4198.36767578125,2894.905029296875,7201.60791015625,1937.0537109375,842.5271606445312,153.0144500732422,139.55047607421875,49.89738082885742,289.0376892089844
2019-09-06,7243.51220703125,598.9113159179688,499.102783203125,5536.4033203125,1721.93994140625,3452.4296875,4214.78173828125,2916.790771484375,7315.505859375,1965.010986328125,838.2412719726562,155.04507446289062,139.82994079589844,49.90736389160156,293.0712585449219
2019-09-09,6992.9091796875,604.8908081054688,502.888427734375,5400.927734375,1685.7987060546875,3371.571533203125,4196.37841796875,2880.48046875,7073.720703125,1912.591064453125,817.31005859375,154.80618286132812,140.50863647460938,50.04698944091797,290.6763610839844
2019-09-10,6836.158203125,611.4674682617188,510.7583923339844,5284.11865234375,1648.0506591796875,3324.155029296875,4228.70849609375,2948.624755859375,6797.9658203125,1859.172119140625,813.7218627929688,156.99609375,147.39532470703125,52.18131637573242,291.68475341796875
2019-09-11,6906.046875,623.326171875,510.1606750488281,5293.71923828125,1656.4833984375,3356.598388671875,4266.009765625,3027.215576171875,7199.60888671875,1868.6575927734375,823.3900146484375,158.2702178955078,148.41336059570312,52.46057891845703,295.34014892578125
2019-09-12,6893.06640625,624.0238647460938,502.09136962890625,5336.9228515625,1668.53076171875,3375.56494140625,4309.28369140625,3057.0595703125,7245.56884765625,1891.6224365234375,829.1710815429688,160.2411346435547,148.41336059570312,51.80231857299805,297.3570556640625
2019-09-13,6836.8447265625,625.2474975585938,502.09832763671875,5238.248046875,1648.813720703125,3274.74169921875,4387.087890625,2981.274169921875,7507.3359375,1851.184326171875,825.7822875976562,160.67909240722656,149.82366943359375,54.116172790527344,303.0293273925781
2019-09-16,6782.2431640625,616.4503784179688,522.6133422851562,5173.177734375,1633.59423828125,3230.8193359375,4309.779296875,2888.935791015625,7397.43310546875,1830.2159423828125,830.167724609375,158.3299102783203,153.1841278076172,53.9765510559082,299.3739318847656
2019-09-17,6880.08837890625,609.8732299804688,515.042236328125,5267.05126953125,1652.267333984375,3272.7451171875,4240.64453125,2934.697998046875,7343.4814453125,1883.135498046875,840.7330932617188,156.37892150878906,148.9124298095703,53.01909255981445,295.59234619140625
2019-09-18,6935.9990234375,607.4814453125,513.1492309570312,5257.98291015625,1653.4718017578125,3263.761474609375,4241.14208984375,2945.64013671875,7249.56494140625,1877.14453125,843.8228759765625,155.4830322265625,147.7147216796875,52.849544525146484,296.8528137207031
2019-09-19,7115.71435546875,613.859130859375,514.9425659179688,5248.3828125,1664.3143310546875,3257.772216796875,4227.21630859375,2946.138427734375,7239.5732421875,1897.1141357421875,848.40771484375,159.6637725830078,150.18994140625,53.91670608520508,298.1133117675781
2019-09-20,7155.65087890625,613.4606323242188,519.0269165039062,5115.0400390625,1678.168701171875,3216.344482421875,4210.80224609375,2902.36669921875,7243.56982421875,1854.6788330078125,848.7067260742188,158.78782653808594,151.2478790283203,55.362857818603516,304.4159851074219
2019-09-23,7158.64697265625,610.7701416015625,516.9348754882812,5192.37890625,1692.4248046875,3241.80029296875,4222.7392578125,2869.039306640625,7299.51953125,1876.6455078125,857.4778442382812,159.22579956054688,148.97227478027344,54.156063079833984,303.0293273925781
2019-09-24,7233.52880859375,609.1755981445312,509.1645202636719,5231.84716796875,1706.68017578125,3253.779296875,4116.30029296875,2817.3095703125,7363.46337890625,1891.1234130859375,865.0529174804688,159.3253631591797,146.75656127929688,53.358192443847656,302.0210266113281
2019-09-25,7316.39599609375,613.66015625,506.7735290527344,5185.97705078125,1686.6015625,3227.325927734375,4154.59765625,2909.329833984375,7247.56640625,1881.6378173828125,860.468017578125,159.80311584472656,147.83453369140625,53.22853469848633,299.8780822753906
2019-09-26,7367.31494140625,617.0481567382812,512.3524780273438,5230.24853515625,1717.9241943359375,3276.239501953125,4143.65625,2919.277587890625,7343.4814453125,1922.5753173828125,884.0902709960938,162.11248779296875,148.85252380371094,53.44795608520508,303.65966796875
2019-09-27,7371.30908203125,622.1304931640625,517.3333740234375,5245.71630859375,1731.778564453125,3293.708251953125,4227.21630859375,2929.72314453125,7353.47265625,1932.0611572265625,880.1033935546875,161.45550537109375,150.62908935546875,54.79437255859375,308.19757080078125
2019-09-30,7249.501953125,622.429443359375,513.8467407226562,5216.380859375,1751.4554443359375,3327.14990234375,4186.9287109375,2991.89892578125,7301.5185546875,1929.56494140625,879.0069580078125,161.25643920898438,150.11007690429688,53.9765510559082,303.7857360839844
2019-10-01,7124.70166015625,617.7457275390625,512.2528076171875,5218.513671875,1737.400634765625,3312.675537109375,4179.4677734375,2971.008056640625,7249.56494140625,1903.6044921875,880.2030639648438,158.66836547851562,149.35153198242188,53.238502502441406,301.8948974609375
2019-10-02,6888.0751953125,600.904541015625,490.1368713378906,5104.90576171875,1676.5621337890625,3212.850830078125,3984.9921875,2881.972412109375,7001.78466796875,1842.19775390625,861.46484375,155.0052947998047,144.0418243408203,51.463226318359375,302.5251770019531
2019-10-03,6929.01025390625,601.0042114257812,483.06378173828125,5103.306640625,1677.1650390625,3273.24462890625,3971.563720703125,2775.018310546875,7161.64208984375,1819.73193359375,855.7833862304688,154.5274658203125,141.78614807128906,51.4831657409668,297.8612976074219
2019-10-04,6986.91845703125,599.808349609375,493.0258483886719,5121.97216796875,1705.67626953125,3282.72802734375,4014.337646484375,2787.455810546875,7375.45263671875,1854.1796875,867.2457275390625,157.13548278808594,142.6644744873047,51.892086029052734,298.9957580566406
2019-10-07,7031.84716796875,602.1998901367188,500.3977966308594,5166.24267578125,1722.1409912109375,3322.158447265625,4033.23828125,2809.843017578125,7445.39111328125,1861.6683349609375,876.7145385742188,160.00222778320312,144.06178283691406,51.56296157836914,298.7436218261719
2019-10-08,6997.90087890625,597.11767578125,499.7004699707031,5159.30908203125,1719.7314453125,3314.17236328125,4005.385498046875,2792.927978515625,7013.7724609375,1874.149169921875,877.6116333007812,160.14161682128906,143.66253662109375,50.84486770629883,289.6678771972656
2019-10-09,7079.771484375,602.4989013671875,504.38262939453125,5163.04345703125,1727.16015625,3349.111328125,3997.427001953125,2804.86865234375,7241.5712890625,1884.1339111328125,876.3158569335938,160.20130920410156,144.72048950195312,50.565616607666016,286.5166320800781
2019-10-10,7040.8330078125,595.998779296875,500.0989990234375,5098.50537109375,1718.727294921875,3315.670166015625,4082.47802734375,2795.91357421875,7281.53564453125,1866.16162109375,867.9434814453125,162.07266235351562,148.9124298095703,52.53038787841797,286.676025390625
2019-10-11,6905.04833984375,605.3673706054688,491.68096923828125,4957.16162109375,1681.58203125,3204.365966796875,4187.42529296875,2696.414794921875,7293.525390625,1833.7108154296875,888.6751708984375,160.5596466064453,160.17066955566406,58.9732780456543,305.333984375
2019-10-14,6967.94873046875,605.2676391601562,490.884033203125,4955.02783203125,1690.818115234375,3224.829833984375,4093.421142578125,2703.379638671875,7291.52734375,1813.740966796875,880.9006958007812,160.26100158691406,157.29620361328125,57.63682174682617,301.4258728027344
2019-10-15,6874.09716796875,603.872314453125,488.3437194824219,4873.4208984375,1662.105712890625,3158.446533203125,3997.924072265625,2683.480224609375,7201.60791015625,1769.8082275390625,890.569091796875,161.0772705078125,163.7238006591797,60.65879440307617,307.85528564453125
2019-10-16,6804.208984375,601.5801391601562,484.3587341308594,4916.09130859375,1642.6295166015625,3157.448486328125,3931.276123046875,2679.99755859375,7003.7822265625,1792.77294921875,892.3631591796875,159.90267944335938,163.94337463378906,60.868228912353516,306.7207336425781
2019-10-17,6810.19873046875,604.3706665039062,486.4010009765625,4963.02880859375,1658.291015625,3140.478271484375,3940.725830078125,2668.554443359375,7037.751953125,1782.2890625,896.0509033203125,159.70359802246094,163.6838836669922,60.79841613769531,305.8382568359375
2019-10-18,6761.27685546875,599.5867309570312,483.2131652832031,4934.75927734375,1652.6689453125,3111.02978515625,3940.725830078125,2650.148193359375,7095.70166015625,1736.85791015625,897.047607421875,159.74342346191406,164.68194580078125,60.03045654296875,307.6031494140625
2019-10-21,6718.3447265625,602.6763305664062,488.1444091796875,4862.22119140625,1646.2437744140625,3090.565673828125,3978.029052734375,2634.725341796875,7067.7255859375,1744.3465576171875,894.5558471679688,159.0665283203125,165.3007354736328,61.27714538574219,309.4941711425781
2019-10-22,6792.22802734375,608.3572998046875,497.259765625,4891.55517578125,1661.7042236328125,3109.033203125,4006.877197265625,2654.62451171875,7127.6728515625,1759.3238525390625,907.7125244140625,159.2855224609375,164.9813690185547,60.2498664855957,308.107421875
2019-10-23,6908.0439453125,608.6563110351562,504.4822692871094,4870.22216796875,1689.2119140625,3118.017822265625,4036.719970703125,2702.8818359375,6929.8486328125,1766.8123779296875,919.1747436523438,161.99305725097656,165.46044921875,60.12022399902344,305.2078552246094
2019-10-24,7291.435546875,615.333740234375,508.0686950683594,4940.62646484375,1726.1563720703125,3136.485107421875,4047.662353515625,2746.66064453125,6983.80078125,1837.2054443359375,922.7630004882812,160.46011352539062,166.07925415039062,59.69135284423828,304.0732727050781
2019-10-25,7371.30908203125,615.333740234375,510.06103515625,4940.62646484375,1706.68017578125,3115.522216796875,4096.40478515625,2695.41943359375,6811.95361328125,1844.69384765625,900.9348754882812,159.86285400390625,170.03163146972656,59.84095764160156,302.05621337890625
2019-10-28,7426.2216796875,592.4109497070312,510.06103515625,4861.68798828125,1743.423828125,3091.564453125,4118.28955078125,2700.394287109375,7015.77099609375,1848.68798828125,897.645751953125,159.4248809814453,170.17137145996094,58.773799896240234,302.308349609375
2019-10-29,7375.302734375,586.0321655273438,490.6847229003906,4902.2236328125,1746.6365966796875,3100.049560546875,4133.21142578125,2702.385009765625,7039.75146484375,1838.7032470703125,891.5657348632812,157.473876953125,171.38900756835938,58.105567932128906,301.047607421875
2019-10-30,7567.99755859375,586.0321655273438,498.7042236328125,4962.4951171875,1789.00244140625,3172.421875,4041.693603515625,2732.731201171875,7095.70166015625,1869.6558837890625,898.9413452148438,156.81687927246094,168.09536743164062,57.44732666015625,297.13958740234375
2019-10-31,7489.12255859375,581.0489501953125,487.44708251953125,4931.42578125,1775.5499267578125,3158.94580078125,3992.949951171875,2688.454833984375,6947.83251953125,1855.1781005859375,898.3433837890625,156.67755126953125,167.47654724121094,56.649444580078125,296.5092468261719
2019-11-01,7453.1796875,586.8295288085938,495.2176513671875,4920.22314453125,1767.920166015625,3148.46435546875,4146.142578125,2727.756103515625,7031.7568359375,1856.176513671875,897.4464111328125,157.7725067138672,166.85775756835938,57.15809631347656,299.9129943847656
2019-11-04,7470.15185546875,594.0053100585938,509.1645202636719,4902.0869140625,1760.892578125,3125.00537109375,4271.47998046875,2773.029296875,7043.7470703125,1839.701416015625,894.0574951171875,159.54432678222656,167.81588745117188,57.63682174682617,302.05621337890625
2019-11-05,7351.34033203125,595.89892578125,514.4445190429688,4913.2890625,1736.7979736328125,3096.05615234375,4320.224609375,2777.0087890625,6955.82470703125,1826.721435546875,888.0771484375,161.2364959716797,168.83392333984375,57.93601608276367,300.5434875488281
2019-11-06,7325.38134765625,596.0982666015625,512.1531982421875,5002.90283203125,1728.9674072265625,3119.51513671875,4325.19921875,2827.751953125,6925.85205078125,1843.6956787109375,894.854736328125,161.69439697265625,167.9955596923828,57.25782775878906,299.1566467285156
2019-11-07,7275.4609375,598.789306640625,512.0318603515625,4965.5634765625,1729.9713134765625,3110.53076171875,4309.779296875,2850.637451171875,6740.01708984375,1842.6968994140625,883.3927001953125,162.669921875,169.7122344970703,57.04838180541992,305.2078552246094
2019-11-08,7265.4765625,593.606689453125,506.75103759765625,4987.43408203125,1743.825439453125,3084.576416015625,4183.9443359375,2871.035400390625,6897.87646484375,1847.190185546875,886.9807739257812,161.49534606933594,166.1191864013672,56.130821228027344,299.9129943847656
2019-11-11,7236.5234375,584.636962890625,504.8580017089844,4921.29052734375,1724.9515380859375,3103.54345703125,4117.79248046875,2895.90966796875,6899.87451171875,1831.214599609375,883.8908081054688,159.54432678222656,171.3091583251953,58.384830474853516,299.6609191894531
2019-11-12,7263.4794921875,586.7297973632812,510.0391540527344,4904.220703125,1737.802001953125,3054.62939453125,4123.7607421875,2912.823974609375,6953.82666015625,1854.6788330078125,884.4888916015625,164.4815673828125,172.427001953125,59.43204879760742,294.744384765625
2019-11-13,7375.302734375,572.2783203125,508.943115234375,4934.625,1746.2352294921875,3110.53076171875,4055.12255859375,2890.4375,6981.8017578125,1853.18115234375,888.7749633789062,164.282470703125,170.5506134033203,59.43204879760742,292.4751281738281
2019-11-14,7304.4150390625,568.3914184570312,504.4594421386719,4910.62255859375,1708.1163330078125,3118.017822265625,4070.0439453125,2885.46240234375,6927.849609375,1865.6619873046875,890.9677124023438,158.84756469726562,169.77210998535156,58.5344352722168,291.0884704589844
2019-11-15,7236.5234375,571.7801513671875,507.04998779296875,4873.28173828125,1706.7108154296875,3091.06494140625,4132.71337890625,2837.703125,6833.9345703125,1846.19189453125,892.1636352539062,153.89041137695312,170.41090393066406,59.01315689086914,294.744384765625
2019-11-18,7371.30908203125,573.0757446289062,499.97589111328125,4872.216796875,1721.169189453125,3101.546630859375,4144.65087890625,2863.572509765625,6833.9345703125,1852.182373046875,903.8253784179688,151.42178344726562,169.99168395996094,59.5816535949707,296.6353759765625
2019-11-19,7300.421875,578.7567749023438,500.07537841796875,4862.08154296875,1723.378173828125,3113.026611328125,4192.3994140625,2875.01513671875,6889.88427734375,1869.1568603515625,895.8516845703125,152.53663635253906,170.0915069580078,59.32233810424805,296.38323974609375
2019-11-20,7242.51318359375,574.4710083007812,495.2929382324219,4829.009765625,1703.498046875,3108.5341796875,4124.25830078125,2846.65771484375,6875.896484375,1842.19775390625,890.1703491210938,151.7204132080078,168.8738555908203,58.953330993652344,293.23150634765625
2019-11-21,7324.384765625,567.7935791015625,495.4423828125,4795.40380859375,1708.51806640625,3093.061279296875,4075.515380859375,2956.604248046875,6775.984375,1827.220458984375,885.1865844726562,151.34214782714844,167.85585021972656,58.54440689086914,289.7015686035156
2019-11-22,7406.25390625,577.8596801757812,497.18597412109375,4818.3408203125,1720.767578125,3114.0244140625,4162.556640625,2966.0556640625,6831.935546875,1854.6788330078125,895.5524291992188,155.8612823486328,168.93374633789062,59.63151550292969,293.23150634765625
2019-11-25,7524.06689453125,580.8496704101562,498.4813232421875,4820.47412109375,1734.0213623046875,3145.96875,4200.8544921875,2994.41357421875,6855.9140625,1880.639404296875,907.41357421875,156.1798553466797,171.66845703125,60.70866012573242,294.4921875
2019-11-26,7548.02880859375,580.8496704101562,491.3074645996094,4865.28173828125,1747.0740966796875,3186.896484375,4234.67578125,2971.031005859375,7003.7822265625,1877.14453125,906.9150390625,156.67755126953125,171.40896606445312,61.05772399902344,293.4835510253906
2019-11-27,7517.078125,583.1419067382812,487.5710754394531,4867.41552734375,1767.7579345703125,3183.40234375,4217.267578125,3064.560302734375,7019.76953125,1873.650146484375,919.4739379882812,159.70359802246094,174.0837860107422,61.53645324707031,295.6268005371094
2019-11-28,7488.123046875,578.8563232421875,484.33294677734375,4877.01611328125,1769.364501953125,3183.901611328125,4247.607421875,3057.097900390625,6891.88134765625,1869.1568603515625,893.208251953125,153.48875427246094,173.88418579101562,62.52383804321289,299.2828063964844
2019-11-29,7446.18994140625,574.371337890625,478.4543762207031,4883.9521484375,1761.131103515625,3159.445068359375,4179.4677734375,3044.66015625,6865.9052734375,1870.1552734375,886.927978515625,152.6922149658203,171.20936584472656,60.9879150390625,289.197509765625
2019-12-02,7410.248046875,567.295166015625,479.99871826171875,4845.54541015625,1737.8367919921875,3118.516357421875,4207.8173828125,3034.7109375,6744.013671875,1834.7088623046875,876.061767578125,147.73394775390625,168.8538818359375,59.7811164855957,291.8448181152344
2019-12-03,7322.38671875,554.3387451171875,468.34124755859375,4826.875,1714.140869140625,3112.02783203125,4152.6083984375,2970.036376953125,6676.07421875,1808.7486572265625,875.2643432617188,145.16514587402344,166.0193634033203,59.01315689086914,285.28936767578125
2019-12-04,7301.419921875,556.9299926757812,470.6329345703125,4822.609375,1714.944091796875,3078.087890625,4157.58251953125,2960.08642578125,6787.97412109375,1813.2420654296875,875.5633544921875,145.44395446777344,166.83779907226562,60.40945053100586,285.0372314453125
2019-12-05,7217.552734375,550.45166015625,463.6584167480469,4774.06640625,1713.7391357421875,3053.630859375,4107.8447265625,2940.68359375,6734.02197265625,1800.7608642578125,879.94970703125,143.6318359375,166.83779907226562,60.349613189697266,286.17181396484375
2019-12-06,7246.50634765625,560.0194702148438,471.380126953125,4855.14599609375,1736.4310302734375,3095.057861328125,4194.38818359375,2982.970947265625,6783.978515625,1825.722900390625,889.8187866210938,143.7513427734375,169.07345581054688,61.30706787109375,292.85333251953125
2019-12-09,7210.56396484375,558.5245971679688,469.53680419921875,4848.212890625,1735.4268798828125,3070.600830078125,4234.17919921875,2984.96142578125,6771.98876953125,1819.73193359375,888.0244750976562,143.2335968017578,171.3490753173828,61.9653205871582,306.46856689453125
2019-12-10,7234.52685546875,557.0296020507812,467.5939636230469,4852.48095703125,1757.3155517578125,3067.107421875,4234.17919921875,2978.9912109375,6791.97021484375,1825.2235107421875,887.9247436523438,142.11846923828125,169.81204223632812,61.31703567504883,302.938720703125
2019-12-11,7294.4306640625,559.8203735351562,461.5659484863281,4826.875,1760.126953125,3074.59423828125,4295.357421875,2981.478271484375,6891.88134765625,1810.2462158203125,894.205078125,142.954833984375,168.35487365722656,60.23990249633789,302.18218994140625
2019-12-12,7263.4794921875,574.57080078125,467.643798828125,4832.20947265625,1751.2911376953125,3054.62939453125,4326.193359375,2984.96142578125,6943.83544921875,1811.2449951171875,885.2332153320312,143.7115020751953,171.5287322998047,60.9579963684082,304.82965087890625
2019-12-13,7205.57177734375,572.6769409179688,460.7689514160156,4848.74462890625,1732.01318359375,3045.644775390625,4297.84326171875,3023.76611328125,7165.6396484375,1801.7593994140625,925.2081909179688,145.6032257080078,182.12828063964844,64.15948486328125,316.8060607910156
2019-12-16,7382.29052734375,583.540771484375,466.2987365722656,4939.95947265625,1771.372314453125,3109.033203125,4386.873046875,3156.099365234375,7325.49658203125,1867.6590576171875,930.0928955078125,147.67417907714844,192.0890350341797,67.07174682617188,326.3871154785156
2019-12-17,7438.203125,591.6133422851562,477.1092834472656,4586.306640625,1785.4296875,3149.462158203125,4433.12939453125,3183.460205078125,7429.40478515625,1884.63330078125,946.242431640625,148.6300048828125,186.9988555908203,63.1322135925293,319.327392578125
2019-12-18,7468.15576171875,597.0951538085938,477.5576171875,4564.43505859375,1801.695068359375,3142.474365234375,4442.0830078125,3222.762451171875,7397.43310546875,1891.1234130859375,946.3421630859375,149.8446807861328,184.76319885253906,63.192054748535156,317.3102722167969
2019-12-19,7621.91015625,597.9920043945312,481.891845703125,4625.7783203125,1813.7442626953125,3150.461181640625,4472.91943359375,3239.18017578125,7453.38330078125,1899.6103515625,949.7316284179688,150.5416259765625,183.0265350341797,63.750572204589844,317.8146057128906
2019-12-20,7795.63671875,598.1913452148438,483.2867126464844,4658.85009765625,1820.5718994140625,3184.4013671875,4509.22900390625,3271.5166015625,7617.23828125,1908.596923828125,959.0026245117188,150.0238800048828,178.07608032226562,62.16478729248047,317.5625305175781
2019-12-23,7733.73388671875,596.995361328125,487.2721252441406,4724.9921875,1822.3787841796875,3222.333984375,4535.0927734375,3267.537353515625,7727.14013671875,1916.5848388671875,962.6911010742188,149.76504516601562,179.11410522460938,62.03512954711914,318.94915771484375
2019-12-24,7701.78515625,597.3939819335938,485.9271240234375,4682.8544921875,1824.9898681640625,3214.34814453125,4511.21826171875,3255.603759765625,7673.18896484375,1919.5799560546875,956.2113647460938,149.7451171875,179.6530303955078,63.251895904541016,319.4534606933594
2019-12-27,7732.73486328125,595.7994995117188,482.19073486328125,4711.1240234375,1826.194580078125,3223.3330078125,4524.64794921875,3250.1298828125,7753.11669921875,1923.0748291015625,958.3048706054688,150.34249877929688,181.15016174316406,63.01252746582031,322.73126220703125
2019-12-30,7641.8798828125,594.3045043945312,476.7606506347656,4665.24951171875,1805.309814453125,3199.374267578125,4483.36474609375,3240.67578125,7709.1572265625,1904.1033935546875,950.5291137695312,147.97286987304688,179.89254760742188,62.95269012451172,322.1009521484375
2019-12-31,7594.9541015625,589.919189453125,469.8856201171875,4641.2470703125,1786.232421875,3194.882568359375,4479.3857421875,3215.797607421875,7743.1259765625,1902.6058349609375,941.3577270507812,146.12095642089844,179.29373168945312,62.33433532714844,321.72265625
2020-01-02,7647.87060546875,593.1084594726562,479.10198974609375,4637.513671875,1784.425537109375,3177.41357421875,4502.7626953125,3249.135009765625,7693.17138671875,1900.1097412109375,947.4388427734375,147.15646362304688,184.84303283691406,63.5411262512207,322.47918701171875
2020-01-03,7687.806640625,592.4109497070312,492.2539978027344,4648.1806640625,1791.6546630859375,3183.901611328125,4480.380859375,3335.7119140625,7631.22607421875,1907.0989990234375,947.8375244140625,147.2958526611328,182.94668579101562,62.88287353515625,321.59661865234375
2020-01-06,7610.9296875,583.241455078125,502.2674865722656,4613.51025390625,1777.597900390625,3177.912353515625,4406.7685546875,3333.720947265625,7493.34765625,1895.61669921875,943.3515014648438,146.43959045410156,180.63116455078125,63.08235168457031,320.2099609375
2020-01-07,7632.8935546875,581.447509765625,496.9866943359375,4574.0361328125,1769.5650634765625,3178.910400390625,4416.71630859375,3389.44970703125,7433.40185546875,1890.125,939.6629028320312,146.02142333984375,182.78700256347656,62.94271469116211,320.8401794433594
2020-01-08,7613.9248046875,579.3546752929688,492.503173828125,4523.3603515625,1778.4010009765625,3202.86865234375,4476.40234375,3452.641357421875,7535.310546875,1897.1141357421875,936.9713745117188,146.85775756835938,181.68910217285156,62.62356948852539,316.4278564453125
2020-01-09,7668.83740234375,586.1318359375,490.2613220214844,4567.1015625,1797.4783935546875,3239.8037109375,4427.65966796875,3442.191650390625,7759.11279296875,1926.0704345703125,933.5820922851562,151.29833984375,182.50750732421875,61.6860466003418,319.327392578125
2020-01-10,7632.8935546875,582.6436157226562,493.4496765136719,4592.17333984375,1804.70751953125,3239.30419921875,4464.46484375,3465.080078125,7645.212890625,1929.065673828125,932.086669921875,150.97975158691406,180.65113830566406,60.17009353637695,314.4107971191406
2020-01-13,7637.88623046875,588.8228149414062,495.2929382324219,4633.2451171875,1816.555419921875,3226.826171875,4531.11328125,3478.017333984375,7559.29052734375,1943.543701171875,938.3671264648438,150.9597625732422,181.32981872558594,58.58430099487305,313.4023132324219
2020-01-14,7678.8212890625,588.42431640625,494.09722900390625,4608.17578125,1811.73583984375,3225.329345703125,4521.16650390625,3466.07470703125,7539.30810546875,1971.5010986328125,935.5757446289062,155.85838317871094,180.65113830566406,58.59427261352539,315.29327392578125
2020-01-15,7823.59228515625,587.8261108398438,493.3998107910156,4642.8466796875,1842.6617431640625,3270.249755859375,4499.28173828125,3489.958740234375,7639.21826171875,1997.9608154296875,953.619384765625,157.27218627929688,178.15594482421875,57.656768798828125,312.1416320800781
2020-01-16,7694.79638671875,588.9225463867188,496.04022216796875,4644.9814453125,1815.3505859375,3244.794677734375,4502.7626953125,3446.172119140625,7639.21826171875,1986.9775390625,957.307861328125,155.00213623046875,176.45921325683594,57.746524810791016,308.8638610839844
2020-01-17,7865.525390625,592.0121459960938,494.5954895019531,4694.05517578125,1853.5050048828125,3275.2412109375,4626.60986328125,3449.655029296875,7633.2236328125,2000.956298828125,973.6567993164062,153.707763671875,174.90225219726562,58.29507064819336,313.4023132324219
2020-01-20,7824.58984375,590.41748046875,491.7060546875,4694.5888671875,1845.47265625,3266.756103515625,4652.47314453125,3404.874267578125,7617.23828125,1991.9700927734375,984.323486328125,154.3250732421875,174.66268920898438,57.746524810791016,310.37664794921875
2020-01-21,7811.6103515625,583.6401977539062,488.5674743652344,4707.92431640625,1845.47265625,3246.2919921875,4584.3330078125,3396.41552734375,7701.1640625,1993.4676513671875,984.2236938476562,154.2255401611328,174.06381225585938,58.344940185546875,308.3595275878906
2020-01-22,7688.80517578125,579.2550048828125,478.7532653808594,4680.1865234375,1827.3992919921875,3216.344482421875,4579.35888671875,3371.537109375,7978.91650390625,2001.9549560546875,991.9994506835938,152.0351104736328,174.4231414794922,57.93601608276367,304.9557800292969
2020-01-23,7644.875,571.0823364257812,480.3972473144531,4660.44873046875,1830.411376953125,3211.353515625,4402.7900390625,3378.5029296875,7910.9775390625,1997.9608154296875,991.1022338867188,153.52859497070312,171.16941833496094,57.24785614013672,306.34246826171875
2020-01-24,7646.8720703125,577.4608764648438,484.33294677734375,4773.00146484375,1830.2109375,3234.312744140625,4415.22509765625,3395.91796875,7942.94873046875,2046.886474609375,1011.2394409179688,155.81857299804688,173.10569763183594,57.93601608276367,313.78045654296875
2020-01-27,7488.123046875,557.2289428710938,475.21630859375,4724.4599609375,1789.847412109375,3186.896484375,4193.8916015625,3346.160400390625,7761.11083984375,2016.9320068359375,1003.2643432617188,153.62815856933594,170.3509979248047,56.958621978759766,309.2420959472656
2020-01-28,7638.88330078125,565.8002319335938,479.99871826171875,4801.2724609375,1799.28564453125,3140.977294921875,4227.712890625,3358.60009765625,7725.142578125,2042.8922119140625,1015.6256713867188,155.97789001464844,171.6884307861328,57.487213134765625,310.1244201660156
2020-01-29,7681.8173828125,564.4047241210938,476.1627197265625,4734.59619140625,1821.3751220703125,3104.541015625,4218.26318359375,3375.020263671875,7783.09130859375,2027.9154052734375,1018.6162719726562,154.94241333007812,171.6884307861328,57.34758377075195,310.2505798339844
2020-01-30,7503.09912109375,561.115966796875,465.4019470214844,4830.07568359375,1799.68701171875,3023.68310546875,4144.65087890625,3333.22412109375,7817.0615234375,2027.9154052734375,1013.2332153320312,149.7451171875,171.16941833496094,57.77644729614258,312.5198059082031
2020-01-31,7412.24365234375,549.9533081054688,455.03985595703125,4836.4765625,1791.2529296875,3004.717041015625,4062.583740234375,3341.185546875,7829.05029296875,2009.9427490234375,1002.666015625,148.64993286132812,167.67616271972656,56.63947677612305,311.2590637207031
2020-02-03,7444.193359375,553.84033203125,451.0542907714844,4886.08447265625,1808.121337890625,3092.562255859375,4062.086181640625,3374.52197265625,7916.97265625,2013.9366455078125,1005.8560180664062,150.16331481933594,169.35293579101562,56.400108337402344,313.78045654296875
2020-02-04,7523.068359375,561.8134155273438,469.8357849121094,4900.48779296875,1822.3787841796875,3134.98779296875,4184.43994140625,3428.26025390625,8020.88037109375,2055.87255859375,1006.6536865234375,150.5814971923828,171.66845703125,57.34758377075195,315.54534912109375
2020-02-05,7650.865234375,567.0957641601562,482.5394287109375,4945.82763671875,1746.6722412109375,3143.47265625,4250.59228515625,3431.244873046875,8128.78466796875,2075.8427734375,1017.8187866210938,146.3400115966797,172.6266326904297,56.98854446411133,313.0240173339844
2020-02-06,7728.7431640625,571.5806274414062,473.27325439453125,5009.302734375,1701.6903076171875,3196.380126953125,4268.0009765625,3464.582763671875,8158.75732421875,2091.818115234375,1024.796875,150.3624267578125,176.37936401367188,56.79904556274414,320.71405029296875
2020-02-07,7672.83056640625,579.3546752929688,468.2914123535156,5009.8359375,1707.1126708984375,3157.947021484375,4165.04296875,3427.264892578125,8188.72998046875,2083.830078125,1019.6131591796875,152.37362670898438,176.81851196289062,56.76912307739258,321.2183837890625
2020-02-10,7697.79052734375,576.36474609375,462.9111022949219,4998.6357421875,1724.583251953125,3128.998046875,4100.8818359375,3433.23583984375,8158.75732421875,2071.848876953125,1021.0087890625,149.34686279296875,176.5590057373047,56.7292366027832,323.7397155761719
2020-02-11,7675.82568359375,589.4207763671875,467.9925842285156,5001.30322265625,1710.3251953125,3108.5341796875,4130.72412109375,3442.191650390625,8190.72900390625,2056.871337890625,1026.7908935546875,149.66549682617188,178.67494201660156,56.57962417602539,319.957763671875
2020-02-12,7602.94140625,593.407470703125,472.8746643066406,4973.03125,1702.8951416015625,3092.562255859375,4240.64453125,3389.44970703125,8264.6650390625,2035.903076171875,1024.9962158203125,151.97535705566406,178.9943084716797,57.28774642944336,323.487548828125
2020-02-13,7613.9248046875,587.9259033203125,458.35675048828125,4920.22314453125,1688.23583984375,3065.60986328125,4196.37841796875,3365.06884765625,8218.7060546875,2068.853271484375,1016.2236938476562,151.09922790527344,175.98013305664062,57.87617874145508,317.8146057128906
2020-02-14,7288.43994140625,582.5437622070312,455.26751708984375,4913.2890625,1675.3836669921875,3074.0947265625,4174.99072265625,3330.736328125,8212.7099609375,2069.850830078125,1036.759521484375,149.38665771484375,175.58091735839844,56.4599494934082,322.47918701171875
2020-02-17,7365.318359375,588.72314453125,459.4031677246094,4939.42626953125,1668.355224609375,3084.576416015625,4190.40966796875,3315.3115234375,8292.63671875,2069.850830078125,1041.5445556640625,150.46197509765625,177.3574676513672,56.719261169433594,324.4961242675781
2020-02-18,7509.0908203125,550.0531616210938,455.9151306152344,4942.6259765625,1673.77734375,3102.0458984375,4150.123046875,3291.925537109375,8342.5966796875,2077.839111328125,1050.5166015625,154.62379455566406,174.74253845214844,55.73188018798828,323.36151123046875
2020-02-19,7602.94140625,557.1292724609375,461.19683837890625,4934.091796875,1684.822265625,3135.48681640625,4179.4677734375,3335.7119140625,8534.4267578125,2095.812255859375,1064.07421875,155.12159729003906,176.3993377685547,55.632144927978516,323.487548828125
2020-02-20,7562.005859375,557.8269653320312,464.5850830078125,4903.5400390625,1656.990234375,3117.5185546875,4187.42529296875,3327.25341796875,8408.5361328125,2078.837646484375,1053.706787109375,154.3250732421875,180.97052001953125,56.400108337402344,321.344482421875
2020-02-21,7677.82275390625,560.3184814453125,451.9788818359375,4900.341796875,1665.22509765625,3094.059814453125,4180.4619140625,3336.20947265625,8414.53125,2068.853271484375,1060.485595703125,154.20559692382812,179.27378845214844,55.203285217285156,322.3529968261719
2020-02-24,7434.21044921875,548.9566650390625,436.73193359375,4782.98046875,1636.70458984375,3006.713134765625,3944.705078125,3220.773193359375,8292.63671875,2000.956298828125,1041.34521484375,150.0238800048828,169.6923065185547,52.96921920776367,314.2846984863281
2020-02-25,7287.44189453125,537.893798828125,427.21502685546875,4686.4228515625,1608.9876708984375,2954.80419921875,3894.966796875,3179.97216796875,8064.84130859375,1977.9913330078125,1031.37646484375,146.3997344970703,165.54029846191406,51.87213897705078,306.34246826171875
2020-02-26,7398.2666015625,553.142578125,426.916015625,4680.02392578125,1639.516357421875,2928.350830078125,3891.982666015625,3203.85595703125,8068.83740234375,1990.9716796875,1044.9339599609375,145.6629638671875,165.62014770507812,51.77240753173828,304.3254699707031
2020-02-27,7132.10009765625,527.5286254882812,412.7154235839844,4610.13916015625,1636.70458984375,2815.313720703125,3659.70703125,3147.133056640625,7803.07275390625,1943.0443115234375,1036.5604248046875,140.44578552246094,154.14230346679688,50.21653366088867,291.2144470214844
2020-02-28,6784.58203125,522.1468505859375,394.7777404785156,4449.03515625,1568.81787109375,2760.90380859375,3589.079833984375,3047.61865234375,7569.28125,1864.66357421875,979.73779296875,133.7749786376953,148.45330810546875,50.06693649291992,288.0628662109375
2020-03-02,7000.28271484375,518.3594360351562,409.825439453125,4609.07373046875,1636.905517578125,2806.82763671875,3700.49169921875,2985.919921875,7881.00439453125,1882.6365966796875,1003.0648803710938,132.9784698486328,143.02378845214844,49.40869140625,287.6846008300781
2020-03-03,7162.05859375,508.0939025878906,413.5127258300781,4675.7548828125,1614.81201171875,2815.812255859375,3801.4599609375,3084.438720703125,7857.0263671875,1917.5830078125,1010.242431640625,132.93865966796875,139.29100036621094,48.54597473144531,296.38323974609375
2020-03-04,7444.66552734375,510.4858703613281,421.1859130859375,4757.90625,1670.848876953125,2827.792724609375,3908.396240234375,3188.431396484375,7986.90966796875,1930.064208984375,1046.728515625,138.9722137451172,138.27294921875,48.23680114746094,303.569091796875
2020-03-05,7491.6005859375,504.705322265625,415.2565612792969,4781.9130859375,1646.7469482421875,2801.8359375,3631.007080078125,3228.73388671875,8022.87744140625,1902.6058349609375,1050.9154052734375,140.2466583251953,134.42041015625,46.87541580200195,303.6950988769531
2020-03-06,7231.9619140625,492.1474304199219,393.8310546875,4643.21337890625,1600.350830078125,2735.446533203125,3488.1953125,3090.90771484375,7585.265625,1844.1949462890625,1012.0368041992188,136.02511596679688,130.68760681152344,45.558921813964844,303.3167724609375
2020-03-09,6993.29150390625,468.4271545410156,317.0976867675781,4446.36962890625,1554.5577392578125,2611.652587890625,3233.422607421875,2964.0263671875,7239.5732421875,1728.3709716796875,974.2549438476562,123.69903564453125,117.87235260009766,41.12569808959961,303.19085693359375
2020-03-10,6935.373046875,476.89862060546875,327.7606201171875,4350.87939453125,1521.016357421875,2594.6806640625,3342.89501953125,2874.9619140625,7029.75927734375,1693.4241943359375,930.2923583984375,121.2895736694336,116.61479187011719,42.4222526550293,305.2078552246094
2020-03-11,6945.35888671875,483.8752136230469,316.0513610839844,4346.07763671875,1529.0504150390625,2548.258056640625,3348.369140625,2868.99072265625,7029.75927734375,1682.44091796875,922.3172607421875,116.96845245361328,117.71266174316406,42.00835418701172,292.6011962890625
2020-03-12,6305.24755859375,443.1121826171875,274.0474548339844,4109.22216796875,1410.550537109375,2372.05126953125,2953.77001953125,2572.438720703125,6350.36279296875,1500.71728515625,832.9964599609375,103.4874267578125,97.33203125,36.896942138671875,266.253173828125
2020-03-13,6307.24462890625,464.2909851074219,275.3428649902344,4112.423828125,1408.7427978515625,2437.941650390625,3258.302978515625,2665.484130859375,6787.97412109375,1521.1861572265625,857.7192993164062,104.6025390625,102.18264770507812,37.78956985473633,277.47320556640625
2020-03-16,6212.376953125,462.8458251953125,258.4515686035156,3975.325927734375,1407.336669921875,2349.588623046875,3341.40234375,2614.732421875,6306.40185546875,1532.1693115234375,861.1085815429688,97.59319305419922,88.8883285522461,35.01693344116211,272.934814453125
2020-03-17,6711.68359375,492.9945983886719,258.7505798339844,4366.349609375,1508.162353515625,2334.613525390625,3377.230224609375,2706.28515625,6168.5234375,1539.657958984375,945.5447387695312,107.25094604492188,87.59085083007812,35.22637939453125,284.7850341796875
2020-03-18,6688.71484375,489.35675048828125,232.8904571533203,4377.55126953125,1443.489501953125,2196.34375,3248.350830078125,2686.880126953125,5800.85009765625,1502.7142333984375,944.8468627929688,106.91243743896484,83.03962707519531,33.545841217041016,288.1888122558594
2020-03-19,6895.4287109375,498.3266906738281,239.91604614257812,4631.47900390625,1461.1639404296875,2396.5107421875,3157.28955078125,2617.716796875,5922.74267578125,1532.6685791015625,911.9496459960938,115.49490356445312,83.5785903930664,32.289180755615234,285.0372314453125
2020-03-20,6881.447265625,498.3266906738281,250.82809448242188,4415.42626953125,1455.138671875,2423.4658203125,3196.600341796875,2528.156005859375,6214.4833984375,1502.2149658203125,874.6661987304688,112.03004455566406,88.8484115600586,32.01490783691406,275.33001708984375
2020-03-23,6821.53076171875,488.3601379394531,256.0101013183594,4195.6435546875,1380.4232177734375,2212.816162109375,3085.13720703125,2370.426025390625,6246.455078125,1480.2484130859375,797.208251953125,109.72016143798828,84.53672790527344,30.488967895507812,267.5138854980469
2020-03-24,6950.3515625,513.2764282226562,311.26812744140625,4264.9931640625,1421.596923828125,2392.01806640625,3538.453369140625,2550.545654296875,6895.87890625,1588.0843505859375,838.6787109375,110.7556381225586,95.83490753173828,33.555816650390625,273.3129577636719
2020-03-25,6908.41064453125,508.1935729980469,338.224365234375,4243.654296875,1495.91064453125,2508.32421875,3801.685546875,2564.974365234375,7361.46533203125,1714.891357421875,902.27978515625,116.59011840820312,105.57608795166016,36.63264083862305,279.2381286621094
2020-03-26,6872.4599609375,496.23382568359375,335.83270263671875,4292.73095703125,1507.559814453125,2679.53955078125,3732.020751953125,2720.773193359375,7319.501953125,1767.311767578125,938.765869140625,123.06182098388672,107.77185821533203,37.4604377746582,295.2486572265625
2020-03-27,6795.56640625,464.9886474609375,304.4417419433594,4194.576171875,1449.1129150390625,2508.32421875,3511.085205078125,2575.9501953125,6941.83740234375,1690.927978515625,934.08056640625,115.57457733154297,97.18229675292969,34.30382537841797,293.23150634765625
2020-03-30,7093.15380859375,461.1016845703125,322.47906494140625,4284.7314453125,1488.2783203125,2570.2216796875,3656.385009765625,2622.73095703125,7315.505859375,1724.376953125,951.127197265625,113.84212493896484,93.81880950927734,33.411197662353516,293.8618469238281
2020-03-31,7205.99755859375,452.729736328125,343.0077209472656,4348.212890625,1521.016357421875,2582.201416015625,3700.671875,2746.154541015625,7273.54248046875,1729.369384765625,943.6505737304688,112.5079574584961,93.92859649658203,31.915178298950195,288.4410095214844
2020-04-01,7092.15576171875,409.6245422363281,332.54412841796875,4261.25830078125,1505.7520751953125,2458.906494140625,3589.706298828125,2843.19970703125,7063.72998046875,1659.4757080078125,908.7597045898438,109.12276458740234,82.70028686523438,28.195068359375,281.6334533691406
2020-04-02,6970.32421875,396.4189147949219,352.1260070800781,4313.5361328125,1499.5257568359375,2464.397705078125,3703.65771484375,2932.283203125,6730.025390625,1635.51220703125,868.2860717773438,109.8197250366211,81.46267700195312,28.828384399414062,275.83428955078125
2020-04-03,7134.09619140625,395.8706970214844,336.13153076171875,4307.13525390625,1495.7095947265625,2453.9150390625,3742.9677734375,2926.310791015625,7193.61376953125,1683.9385986328125,839.1771240234375,110.53659057617188,80.08533477783203,27.65151023864746,282.26373291015625
2020-04-06,7174.04150390625,413.31219482421875,334.6866149902344,4412.7607421875,1515.7947998046875,2549.256591796875,3758.39404296875,2948.20849609375,7057.7353515625,1739.35400390625,863.3018188476562,116.05245208740234,86.39312744140625,29.860639572143555,279.3642272949219
2020-04-07,6990.29736328125,418.1957092285156,339.8188171386719,4441.56689453125,1521.2174072265625,2564.73046875,3758.39404296875,2927.80419921875,7173.63232421875,1715.3907470703125,853.930908203125,115.17630767822266,94.60729217529297,31.137245178222656,282.6419372558594
2020-04-08,6961.33642578125,419.04290771484375,334.18829345703125,4364.74951171875,1505.7520751953125,2517.808837890625,3679.275146484375,2916.85498046875,7119.68017578125,1719.884033203125,869.482421875,110.35736846923828,92.47140502929688,31.775550842285156,281.0030822753906
2020-04-09,7111.12890625,427.41485595703125,334.58697509765625,4399.95654296875,1550.741943359375,2628.6240234375,3834.52685546875,3006.43603515625,7225.5859375,1788.7791748046875,905.3702392578125,112.52788543701172,97.39192962646484,33.30149459838867,292.4751281738281
2020-04-14,7595.45703125,426.01953125,319.9876708984375,4477.84228515625,1576.6512451171875,2619.638916015625,3804.67041015625,2904.91162109375,7237.57470703125,1771.3055419921875,895.0025634765625,111.49242401123047,93.36968231201172,31.70075225830078,296.38323974609375
2020-04-15,7604.44384765625,406.7342224121094,298.6618347167969,4412.7607421875,1576.6512451171875,2615.64599609375,3650.911376953125,2908.395263671875,7057.7353515625,1724.376953125,885.0337524414062,107.52973937988281,86.8322982788086,29.666156768798828,293.23150634765625
2020-04-16,7807.16259765625,404.24267578125,290.938720703125,4406.35791015625,1660.80615234375,2637.609130859375,3676.2890625,2944.22705078125,7255.55908203125,1786.282958984375,895.2020874023438,106.69339752197266,86.91215515136719,29.356979370117188,297.265625
2020-04-17,7958.95263671875,412.9633483886719,302.4984436035156,4390.35546875,1667.6351318359375,2706.49462890625,3798.20166015625,2929.794677734375,7475.3642578125,1836.206787109375,901.3826904296875,108.40589904785156,90.53514862060547,30.369285583496094,300.1651916503906
2020-04-20,8108.74462890625,416.5513610839844,301.25274658203125,4590.935546875,1674.4639892578125,2695.013671875,3814.125,2960.64990234375,7535.310546875,1879.6407470703125,905.1708984375,110.51668548583984,90.83457946777344,30.040164947509766,296.6353759765625
2020-04-21,8138.7021484375,397.96368408203125,292.1344909667969,4481.04296875,1657.5926513671875,2576.211669921875,3616.0791015625,2857.6328125,7343.4814453125,1797.2662353515625,892.610107421875,105.3990707397461,86.34325408935547,29.142545700073242,294.36614990234375
2020-04-22,8133.70849609375,404.24267578125,309.6735534667969,4526.9208984375,1675.2672119140625,2653.58251953125,3749.4365234375,2879.530029296875,7615.240234375,1822.228271484375,936.6724853515625,106.75313568115234,87.53095245361328,29.835708618164062,302.6865539550781
2020-04-23,8175.65087890625,408.92681884765625,316.49981689453125,4445.8349609375,1701.1767578125,2681.536376953125,3764.862548828125,2926.310791015625,7553.294921875,1800.2613525390625,932.086669921875,107.25094604492188,90.42536163330078,30.344350814819336,295.87896728515625
2020-04-24,8192.6279296875,400.80419921875,307.5310363769531,4365.8154296875,1694.749267578125,2650.587646484375,3732.020751953125,2941.24169921875,7433.40185546875,1736.168701171875,936.2736206054688,108.84400177001953,88.43919372558594,29.656185150146484,297.6438293457031
2020-04-27,8278.5107421875,414.9068298339844,312.912353515625,4376.48583984375,1710.2144775390625,2720.47119140625,3742.47021484375,2958.659912109375,7479.3603515625,1793.092041015625,939.6629028320312,110.31756591796875,90.88446044921875,30.454065322875977,296.6353759765625
2020-04-28,8176.6494140625,419.142578125,320.9842224121094,4343.4111328125,1694.749267578125,2758.9072265625,3753.915283203125,3114.928955078125,7481.3583984375,1850.5147705078125,944.2487182617188,112.54781341552734,97.57156372070312,33.15687561035156,297.76995849609375
2020-04-29,8195.6240234375,427.0660095214844,332.34478759765625,4378.61962890625,1684.1044921875,2761.90234375,3924.095458984375,3132.84521484375,7579.27294921875,1873.9837646484375,941.4575805664062,118.38229370117188,109.9676284790039,34.66786575317383,303.19085693359375
2020-04-30,8310.4658203125,408.6278991699219,312.0154113769531,4376.48583984375,1668.037109375,2745.4296875,3666.834716796875,3066.15771484375,7449.876953125,1794.0909423828125,930.8905639648438,111.65171813964844,105.69587707519531,32.154544830322266,296.38323974609375
2020-05-01,8190.63134765625,401.1032409667969,297.8148498535156,4373.28515625,1618.025634765625,2760.90380859375,3597.170166015625,2931.785400390625,7463.8662109375,1796.0882568359375,927.102294921875,109.89938354492188,102.54196166992188,31.601009368896484,297.8960266113281
2020-05-04,8349.4111328125,394.276123046875,299.5586853027344,4325.2724609375,1670.0450439453125,2729.95556640625,3539.946044921875,2929.297119140625,7419.9013671875,1788.5982666015625,936.0742797851562,109.18252563476562,99.48786163330078,30.518888473510742,294.744384765625
2020-05-05,8500.2021484375,399.85736083984375,317.79541015625,4297.5322265625,1675.066650390625,2707.99169921875,3581.247314453125,2993.496826171875,7581.76953125,1809.07080078125,940.2612915039062,111.990234375,103.2007064819336,30.498945236206055,295.2486572265625
2020-05-06,8817.7607421875,400.60491943359375,312.61328125,4286.8642578125,1704.1890869140625,2759.40625,3586.720947265625,2957.16650390625,7669.6962890625,1794.5902099609375,936.0742797851562,112.08979797363281,100.66558074951172,30.090028762817383,295.6268005371094
2020-05-07,8547.13671875,411.31890869140625,314.88946533203125,4356.21435546875,1681.6942138671875,2773.383544921875,3707.63818359375,2963.13916015625,7821.57177734375,1856.507080078125,918.3297119140625,112.42833709716797,105.21678924560547,31.202075958251953,299.1566467285156
2020-05-11,8694.931640625,409.6245422363281,312.8459777832031,4452.23583984375,1684.907958984375,2826.294921875,3656.385009765625,3036.794189453125,7949.466796875,1858.0052490234375,922.716064453125,112.5079574584961,102.40222930908203,30.334381103515625,300.1651916503906
2020-05-12,8843.72265625,409.126220703125,312.2478942871094,4511.9833984375,1714.2313232421875,2879.20703125,3695.696044921875,3137.324462890625,8097.34423828125,1869.9888916015625,939.463623046875,122.34495544433594,101.80339050292969,29.8057861328125,311.0069580078125
2020-05-13,8991.517578125,403.24591064453125,300.68505859375,4495.9794921875,1749.5804443359375,2817.80908203125,3712.614013671875,3043.761962890625,8037.3955078125,1834.536865234375,939.8623657226562,120.9510498046875,97.82108306884766,28.933101654052734,312.8979797363281
2020-05-14,8752.8505859375,397.1664123535156,295.50164794921875,4384.349609375,1648.978515625,2691.0205078125,3738.987060546875,2975.5810546875,7917.49267578125,1778.1124267578125,903.37646484375,118.99957275390625,96.9527587890625,28.539154052734375,301.047607421875
2020-05-15,8658.982421875,398.3623962402344,295.5514831542969,4407.82421875,1655.0045166015625,2738.441650390625,3903.19580078125,3035.301025390625,8019.4091796875,1780.6090087890625,913.943359375,120.45323181152344,97.26216125488281,28.429445266723633,302.5604553222656
2020-05-18,8777.8154296875,413.31219482421875,319.7738037109375,4513.4580078125,1694.576904296875,2836.77734375,4205.73828125,3082.580322265625,8283.19140625,1856.507080078125,930.4917602539062,125.45138549804688,104.9972152709961,29.6063175201416,304.9557800292969
2020-05-19,8663.97265625,410.1228942871094,313.1450500488281,4395.01806640625,1667.86083984375,2835.780029296875,4249.02978515625,3031.81787109375,8279.1943359375,1838.531005859375,910.9527587890625,126.50675964355469,104.51815032958984,29.50657844543457,299.4088134765625
2020-05-20,8869.6875,411.36871337890625,317.531005859375,4446.23583984375,1692.769287109375,2837.776611328125,4265.9482421875,3075.61279296875,8353.134765625,1890.9608154296875,915.3390502929688,126.12841796875,106.5142822265625,29.78583526611328,295.500732421875
2020-05-21,8948.578125,397.5650329589844,310.9022216796875,4400.353515625,1671.4761962890625,2822.301513671875,4190.810546875,3106.4677734375,8333.15234375,1868.9903564453125,906.1676635742188,128.23916625976562,103.71968078613281,28.314746856689453,286.3771667480469
2020-05-22,8983.529296875,377.73162841796875,309.00830078125,4390.75146484375,1670.47216796875,2829.290283203125,4242.0625,3127.867919921875,8425.07421875,1879.9754638671875,877.8562622070312,129.43394470214844,102.94117736816406,28.045467376708984,286.62945556640625
2020-05-26,8659.9794921875,386.3526611328125,308.9584655761719,4398.22021484375,1655.607666015625,2855.246826171875,4159.46142578125,3172.658935546875,8265.208984375,1883.969970703125,889.2206420898438,128.31883239746094,110.56646728515625,29.995281219482422,282.8464050292969
2020-05-27,8317.4541015625,395.2727355957031,318.4281005859375,4481.447265625,1655.80810546875,2913.649658203125,4238.580078125,3259.751708984375,8003.42236328125,1885.967529296875,899.1895751953125,130.8079376220703,119.60900115966797,31.730670928955078,288.01654052734375
2020-05-28,8685.9423828125,383.063720703125,312.9457092285156,4620.16064453125,1690.9613037109375,2949.0908203125,4267.9384765625,3258.2587890625,8225.23828125,1930.9072265625,924.31103515625,133.55592346191406,122.38365173339844,31.29682159423828,295.2043762207031
2020-05-29,8568.1064453125,368.86138916015625,304.77197265625,4622.29248046875,1679.109619140625,2785.862548828125,4292.32080078125,3174.649169921875,8023.40576171875,1870.9876708984375,923.1148071289062,132.44081115722656,115.01786804199219,29.79082679748535,287.8905029296875
2020-06-01,8691.935546875,379.126953125,310.005126953125,4605.21923828125,1669.06591796875,2846.261962890625,4356.013671875,3208.98876953125,8119.32666015625,1895.9542236328125,926.3048706054688,134.73077392578125,120.54718780517578,30.778202056884766,292.43011474609375
2020-06-02,8530.1591796875,383.51226806640625,327.5489196777344,4596.6845703125,1657.8170166015625,2813.81591796875,4421.69873046875,3187.090576171875,8061.375,1898.45068359375,935.2767944335938,134.39227294921875,119.2696533203125,31.84536361694336,288.8993225097656
2020-06-03,8584.0859375,400.4552917480469,338.2146301269531,4693.7822265625,1671.8785400390625,2889.190185546875,4497.3330078125,3226.407470703125,8243.2255859375,1941.8924560546875,958.2051391601562,135.98529052734375,125.07843017578125,33.67051696777344,289.656005859375
2020-06-04,8518.1767578125,398.0633850097656,335.1244812011719,4694.849609375,1658.419677734375,2877.2099609375,4448.5693359375,3185.10009765625,8263.2099609375,1931.9058837890625,940.8593139648438,136.56275939941406,123.28191375732422,33.7951774597168,291.42138671875
2020-06-05,8415.3193359375,421.5345153808594,361.09112548828125,4704.4521484375,1644.760009765625,2895.18017578125,4528.18603515625,3167.68212890625,8065.3720703125,1906.939453125,915.7378540039062,138.35494995117188,131.14671325683594,35.450782775878906,287.1338195800781
2020-06-08,8188.6328125,419.342041015625,364.5799865722656,4688.4482421875,1647.7735595703125,2879.20703125,4540.6259765625,3107.960693359375,7903.5048828125,1889.462646484375,936.871826171875,140.50552368164062,131.5459442138672,36.782249450683594,288.39483642578125
2020-06-09,8232.572265625,404.0931091308594,351.92059326171875,4624.427734375,1649.781982421875,2838.275390625,4503.3056640625,3011.910888671875,7831.5634765625,1863.4976806640625,923.1148071289062,138.33502197265625,125.03852844238281,35.131629943847656,281.7115478515625
2020-06-10,8392.3486328125,399.2095031738281,343.34814453125,4671.37451171875,1657.8170166015625,2865.230224609375,4556.548828125,3109.454345703125,8059.376953125,1878.4775390625,930.4917602539062,135.6666717529297,123.76097869873047,34.92717361450195,286.251220703125
2020-06-11,8264.529296875,374.9908447265625,319.8733825683594,4626.560546875,1622.8648681640625,2769.3896484375,4473.44921875,2986.528564453125,8087.35302734375,1833.537841796875,902.9777221679688,125.4291763305664,114.7783203125,31.96005630493164,287.1338195800781
2020-06-12,8189.63134765625,379.07720947265625,322.0166015625,4592.4169921875,1606.1920166015625,2775.379638671875,4573.96533203125,2986.0322265625,7955.46142578125,1831.5406494140625,913.3453369140625,125.5885238647461,116.83434295654297,31.84536361694336,285.2423400878906
2020-06-15,8269.5185546875,374.9410095214844,314.9891052246094,4577.478515625,1607.7991943359375,2720.47119140625,4459.01904296875,2975.5810546875,7961.45654296875,1829.0439453125,912.1491088867188,123.9551773071289,115.87620544433594,31.446430206298828,280.0721740722656
2020-06-16,8499.2021484375,382.51556396484375,320.62109375,4714.05517578125,1638.7337646484375,2831.286376953125,4559.03564453125,3115.924560546875,8089.35205078125,1879.9754638671875,930.6910400390625,128.5962677001953,122.44353485107422,33.06212615966797,284.738037109375
2020-06-17,8578.0927734375,380.7714538574219,315.7366638183594,4803.6845703125,1672.2799072265625,2833.782470703125,4563.51611328125,3119.905517578125,8115.33154296875,1895.4547119140625,948.2362670898438,128.57638549804688,119.14986419677734,32.4886589050293,286.251220703125
2020-06-18,8388.3564453125,380.2730712890625,313.84283447265625,4809.02001953125,1654.402099609375,2800.338134765625,4483.40087890625,3120.900634765625,8055.37890625,1881.972900390625,946.4418334960938,126.50479888916016,118.41131591796875,32.34403991699219,285.4945373535156
2020-06-19,8477.2333984375,390.09014892578125,320.42169189453125,4942.39697265625,1664.244873046875,2895.18017578125,4445.58251953125,3155.738037109375,8231.2353515625,1912.4317626953125,970.3671875,127.2418212890625,116.3353271484375,32.149559020996094,286.7555236816406
2020-06-22,8458.2607421875,380.07379150390625,314.44091796875,4844.23046875,1652.1923828125,2792.850830078125,4503.8017578125,3132.34765625,8043.39013671875,1903.444091796875,969.9683227539062,126.2657699584961,115.07775115966797,31.56111717224121,293.94329833984375
2020-06-23,8513.181640625,386.3029479980469,320.42169189453125,4846.36474609375,1681.721435546875,2795.346923828125,4578.9404296875,3151.755859375,8359.1298828125,1916.9261474609375,976.946533203125,128.6162109375,116.67466735839844,32.658199310302734,290.9169006347656
2020-06-24,8332.4326171875,379.5256042480469,306.3667907714844,4780.2099609375,1641.7470703125,2698.5078125,4473.44921875,3040.776123046875,8007.41943359375,1856.0076904296875,957.8063354492188,124.53282165527344,111.64439392089844,31.526214599609375,286.62945556640625
2020-06-25,8437.287109375,383.063720703125,307.6128234863281,4763.1376953125,1651.58984375,2680.537841796875,4508.779296875,3063.171142578125,8185.2724609375,1870.48828125,970.1676025390625,126.54463958740234,112.40291595458984,31.536184310913086,285.4945373535156
2020-06-26,8444.279296875,378.97747802734375,303.6255187988281,4821.8232421875,1654.201171875,2695.512939453125,4511.76416015625,3095.02197265625,8351.13671875,1890.4615478515625,963.388916015625,124.73200988769531,110.76607513427734,31.002601623535156,290.9169006347656
2020-06-29,8536.150390625,383.51226806640625,313.8927307128906,4740.73095703125,1671.67724609375,2696.011962890625,4516.24267578125,3125.877685546875,8355.1328125,1900.947509765625,974.7532958984375,127.28163146972656,114.27930450439453,31.17215347290039,292.682373046875
2020-06-30,8409.3271484375,377.3330078125,306.2172546386719,4646.833984375,1643.7557373046875,2677.043701171875,4527.189453125,3090.045166015625,8351.13671875,1867.4921875,986.1178588867188,128.3373260498047,114.19944763183594,31.09236717224121,287.6383361816406
2020-07-01,8439.2861328125,371.0540771484375,308.3603820800781,4628.69384765625,1644.5595703125,2692.517333984375,4426.67333984375,3107.960693359375,8309.1728515625,1865.9942626953125,987.9122314453125,127.32146453857422,113.3211441040039,30.618623733520508,281.58538818359375
2020-07-02,8582.0888671875,387.7978820800781,312.2478942871094,4717.25634765625,1656.8123779296875,2736.94384765625,4523.208984375,3112.440673828125,8427.072265625,1868.9903564453125,936.551513671875,128.95480346679688,117.67273712158203,31.765579223632812,279.69384765625
2020-07-03,8447.2734375,382.2165832519531,306.5661315917969,4607.35400390625,1632.9085693359375,2685.52978515625,4437.12353515625,3046.250244140625,8459.0478515625,1846.02099609375,919.5994262695312,129.11416625976562,115.4969482421875,30.942760467529297,279.3155822753906
2020-07-06,8647.994140625,407.2823486328125,311.7495422363281,4643.6328125,1657.6160888671875,2753.416748046875,4528.18603515625,3116.91943359375,8487.0263671875,1885.4683837890625,914.6137084960938,129.71176147460938,117.07390594482422,31.122283935546875,276.0369567871094
2020-07-07,8525.1650390625,393.82763671875,307.3635559082031,4547.6015625,1624.0699462890625,2725.462890625,4548.087890625,3050.72900390625,8281.1943359375,1856.0076904296875,890.4818115234375,126.50479888916016,114.73841094970703,30.658517837524414,275.1541442871094
2020-07-08,8567.107421875,382.36602783203125,302.47930908203125,4533.73046875,1611.61572265625,2743.433349609375,4589.8876953125,3034.306640625,8395.1015625,1837.033203125,896.6644287109375,124.77185821533203,114.17949676513672,30.638572692871094,271.1190185546875
2020-07-09,8468.2451171875,372.0506896972656,289.07232666015625,4497.4521484375,1599.7642822265625,2697.01025390625,4589.8876953125,2906.90625,8419.08203125,1804.5767822265625,847.6031494140625,122.1425552368164,111.74417114257812,29.656185150146484,266.8314208984375
2020-07-10,8493.2109375,376.5356140136719,289.8697509765625,4473.978515625,1581.88671875,2756.910400390625,4593.8681640625,2865.093994140625,8345.140625,1807.5731201171875,868.5439453125,122.91940307617188,117.53302001953125,30.37427520751953,270.86669921875
2020-07-13,8556.123046875,379.5256042480469,295.7009582519531,4570.0087890625,1604.3846435546875,2777.875732421875,4737.17822265625,2886.9951171875,8439.064453125,1810.568603515625,867.5467529296875,124.21414184570312,119.32954406738281,30.55878257751465,271.1190185546875
2020-07-14,8537.1484375,382.46575927734375,303.52593994140625,4594.55029296875,1611.0133056640625,2770.387939453125,4801.369140625,2889.484619140625,8305.17578125,1786.60107421875,876.5214233398438,126.38529205322266,119.12992858886719,30.025197982788086,268.7230224609375
2020-07-15,8983.529296875,384.8078918457031,309.2575378417969,4639.36474609375,1657.6160888671875,2840.77099609375,4821.27294921875,2857.627685546875,8291.185546875,1818.05859375,868.7433471679688,126.98285675048828,120.06810760498047,30.304460525512695,270.3623962402344
2020-07-16,8831.73828125,384.3095397949219,311.45050048828125,4599.884765625,1637.1270751953125,2808.82421875,4799.876953125,2783.959228515625,8283.19140625,1796.587646484375,874.9259643554688,126.9430160522461,118.35143280029297,30.44907569885254,272.2538757324219
2020-07-17,9174.2646484375,378.2797546386719,308.31048583984375,4669.2421875,1667.4588623046875,2811.3203125,4917.310546875,2772.511474609375,8393.1015625,1808.5712890625,889.085693359375,129.2735137939453,116.1756362915039,30.48398208618164,270.6145324707031
2020-07-20,9307.0791015625,373.04742431640625,302.2301025390625,4629.76220703125,1655.607666015625,2788.358154296875,4935.72265625,2693.367431640625,8475.03515625,1783.6051025390625,893.6728515625,128.75563049316406,115.99598693847656,30.329397201538086,269.9840393066406
2020-07-21,9035.4580078125,379.6750793457031,314.9393310546875,4642.56689453125,1630.89990234375,2813.81591796875,4821.7705078125,2702.32763671875,8471.0380859375,1779.6103515625,900.45361328125,129.81134033203125,116.41516876220703,30.42414093017578,273.3887939453125
2020-07-22,8788.8017578125,369.2601013183594,302.8780212402344,4620.16064453125,1611.816650390625,2775.379638671875,4796.89013671875,2675.448974609375,8479.029296875,1762.1337890625,900.2542114257812,129.45278930664062,117.19367218017578,30.23963165283203,270.4883728027344
2020-07-23,8738.869140625,365.87152099609375,298.8409729003906,4984.00830078125,1614.829833984375,2848.258056640625,4792.91015625,2702.824951171875,8337.1474609375,1697.7203369140625,903.0463256835938,128.27757263183594,116.23551940917969,30.085046768188477,272.3799133300781
2020-07-24,8640.005859375,363.6289978027344,297.1463928222656,4991.478515625,1587.10888671875,2791.353271484375,4724.73779296875,2679.92822265625,8361.1298828125,1668.7593994140625,900.45361328125,121.6645278930664,113.38101959228516,29.616287231445312,278.3067321777344
2020-07-27,8636.0107421875,351.91827392578125,293.4582214355469,5014.95166015625,1590.3231201171875,2779.373046875,4815.79833984375,2667.982421875,8373.119140625,1679.2452392578125,897.6616821289062,120.48930358886719,110.78604125976562,28.823396682739258,277.4241027832031
2020-07-28,8687.94140625,352.06781005859375,292.8103942871094,5003.21533203125,1611.61572265625,2836.77734375,4742.1533203125,2717.758056640625,8365.125,1687.7335205078125,913.2175903320312,120.17059326171875,111.64439392089844,29.142545700073242,274.90203857421875
2020-07-29,8603.05859375,361.08746337890625,292.8602600097656,5076.8388671875,1560.5938720703125,2871.220458984375,4774.99658203125,2691.376708984375,8485.0263671875,1679.2452392578125,916.60791015625,122.6007080078125,104.81756591796875,28.289812088012695,279.4417419433594
2020-07-30,8738.869140625,345.8886413574219,282.44354248046875,4964.8037109375,1535.8861083984375,2855.246826171875,4653.0830078125,2644.58740234375,8339.146484375,1637.4339599609375,893.2740478515625,118.09902954101562,100.58573913574219,26.13553810119629,274.90203857421875
2020-07-31,8518.1767578125,341.0548400878906,274.2697448730469,4879.44287109375,1536.4888916015625,2796.344970703125,4592.873046875,2513.17919921875,8477.033203125,1612.9647216796875,897.861083984375,115.09127807617188,100.36616516113281,26.2153263092041,273.76715087890625
2020-08-03,8754.8486328125,331.1381530761719,280.1509094238281,4976.54052734375,1592.33203125,2876.212158203125,4782.45947265625,2512.183837890625,8678.8671875,1665.8980712890625,916.2090454101562,116.54535675048828,103.619873046875,27.79612922668457,276.4151916503906
2020-08-04,8538.146484375,335.57318115234375,298.292724609375,4979.7412109375,1579.877685546875,2716.477783203125,4749.12109375,2538.565673828125,8431.0712890625,1631.4417724609375,920.3973388671875,117.30228424072266,105.09703826904297,28.080371856689453,280.4504089355469
2020-08-05,8488.21875,332.3340759277344,305.6690673828125,4975.47412109375,1580.078857421875,2618.64111328125,4934.22900390625,2537.071533203125,8580.9462890625,1667.8956298828125,904.84130859375,116.72462463378906,107.13309478759766,28.100318908691406,279.56768798828125
2020-08-06,8407.3291015625,323.8625793457031,294.3055725097656,4884.11865234375,1556.777099609375,2570.720703125,4698.50439453125,2503.721923828125,8570.9560546875,1676.88427734375,895.4678344726562,115.52949523925781,105.63597106933594,28.085355758666992,280.70263671875
2020-08-07,8458.2607421875,324.46051025390625,286.3310852050781,4843.568359375,1561.9996337890625,2562.734130859375,4648.2353515625,2480.327392578125,8612.9208984375,1700.8538818359375,901.4508666992188,116.26648712158203,104.39836883544922,27.711349487304688,282.0898742675781
2020-08-10,8368.3837890625,329.89227294921875,294.4549865722656,4823.29345703125,1559.991455078125,2563.732666015625,4671.62744140625,2532.09423828125,8467.0419921875,1690.866455078125,899.257080078125,116.14698028564453,106.43443298339844,28.339683532714844,284.2335205078125
2020-08-11,8438.287109375,344.8420715332031,306.5661315917969,4785.9443359375,1582.8907470703125,2565.72900390625,4708.458984375,2583.363037109375,8538.98046875,1723.82470703125,885.2965698242188,118.29822540283203,111.54457092285156,29.376924514770508,283.3507995605469
2020-08-12,8686.9423828125,355.9049072265625,310.3041687011719,4896.92431640625,1618.646240234375,2659.073486328125,4815.966796875,2618.70361328125,8866.7119140625,1774.261474609375,921.5939331054688,119.3140869140625,111.28507995605469,29.611303329467773,291.16912841796875
2020-08-13,8530.841796875,342.599609375,300.2755126953125,4890.51953125,1576.89453125,2646.018310546875,4730.85791015625,2572.910400390625,8770.7919921875,1764.773193359375,901.6502075195312,119.75230407714844,107.8716812133789,29.1026554107666,288.6470031738281
2020-08-14,8370.052734375,340.1578674316406,291.7517395019531,4845.7021484375,1542.7408447265625,2599.0888671875,4684.07080078125,2514.6728515625,8628.9091796875,1719.829833984375,889.28515625,118.19863891601562,108.98951721191406,28.873262405395508,287.5121765136719
2020-08-17,8567.79296875,337.5166015625,287.6641845703125,4855.3056640625,1562.630126953125,2631.040283203125,4761.71533203125,2562.457763671875,8724.8291015625,1734.3115234375,887.0914916992188,117.24251556396484,107.73194122314453,28.54912757873535,288.6470031738281
2020-08-18,8480.90625,331.28753662109375,282.480224609375,4811.5546875,1545.9549560546875,2626.048095703125,4775.65185546875,2538.565673828125,8670.873046875,1719.330322265625,868.7433471679688,116.72462463378906,107.9115982055664,28.11029052734375,287.8905029296875
2020-08-19,8596.7568359375,334.4769287109375,282.8292236328125,4867.044921875,1557.8087158203125,2638.0302734375,4768.68310546875,2553.99560546875,8840.7333984375,1737.80712890625,870.5381469726562,117.89984893798828,109.9875717163086,28.58403205871582,287.1338195800781
2020-08-20,8537.8310546875,327.8490905761719,275.9004821777344,4845.7021484375,1531.891845703125,2593.097412109375,4642.75927734375,2516.165771484375,8828.9755859375,1719.330322265625,872.1337890625,114.89210510253906,107.37262725830078,28.060426712036133,283.7291259765625
2020-08-21,8425.978515625,327.05181884765625,272.51092529296875,4811.5546875,1522.0478515625,2586.108154296875,4664.65869140625,2514.6728515625,8844.9638671875,1725.822509765625,874.1280517578125,113.79655456542969,107.79183959960938,28.025514602661133,286.8816833496094
2020-08-24,8599.75,336.8688659667969,281.1343994140625,4888.3857421875,1528.07470703125,2622.5537109375,4708.9580078125,2608.25146484375,8874.9404296875,1750.7908935546875,885.0970458984375,116.485595703125,110.18721008300781,28.52419090270996,286.251220703125
2020-08-25,8615.7294921875,333.6297302246094,273.8569030761719,4853.173828125,1524.6593017578125,2596.0927734375,4602.44384765625,2558.47509765625,8892.92578125,1730.8160400390625,870.9371337890625,114.95185852050781,108.92962646484375,28.12525177001953,282.8464050292969
2020-08-26,8587.765625,330.4902648925781,269.9189147949219,4851.0380859375,1517.627685546875,2544.1708984375,4674.6142578125,2527.1171875,8908.9150390625,1719.829833984375,857.5750122070312,113.77662658691406,110.18721008300781,28.39952278137207,281.58538818359375
2020-08-27,8406.005859375,326.9521789550781,266.42962646484375,4871.31298828125,1500.751708984375,2537.181396484375,4588.50732421875,2539.062255859375,8896.9228515625,1717.3330078125,850.395263671875,113.2188949584961,110.32691955566406,28.12525177001953,279.82000732421875
2020-08-28,8329.103515625,329.04510498046875,263.38897705078125,4759.2666015625,1478.6524658203125,2505.72900390625,4613.8916015625,2521.1435546875,8793.00390625,1700.3544921875,840.8223876953125,110.98798370361328,111.74417114257812,28.274856567382812,275.7846374511719
2020-09-01,8186.29248046875,315.9391784667969,258.9029235839844,4722.98681640625,1452.3341064453125,2436.333251953125,4633.8017578125,2503.721923828125,8723.0615234375,1664.39990234375,831.249267578125,106.72534942626953,105.69587707519531,26.868593215942383,270.6145324707031
2020-09-02,8281.16796875,319.3776550292969,257.2080383300781,4837.166015625,1495.929931640625,2526.1982421875,4636.78662109375,2563.95068359375,8890.9267578125,1722.32666015625,861.1646728515625,108.0997543334961,103.30050659179688,26.943389892578125,273.6409912109375
2020-09-03,8110.390625,316.1883544921875,258.9527587890625,4820.09326171875,1477.4471435546875,2519.208740234375,4482.4921875,2545.533935546875,8637.1279296875,1715.3355712890625,850.395263671875,107.26315307617188,105.35653686523438,26.808746337890625,271.3711242675781
2020-09-04,7959.5888671875,318.6799011230469,256.70965576171875,4722.98681640625,1441.6859130859375,2492.74853515625,4554.6630859375,2543.04443359375,8481.251953125,1692.3646240234375,831.0499267578125,104.83305358886719,106.67399597167969,26.868593215942383,272.12774658203125
2020-09-07,8269.1826171875,322.0685119628906,265.8315124511719,4821.1591796875,1502.760986328125,2539.67822265625,4659.18505859375,2566.439697265625,8717.0654296875,1741.80224609375,859.7687377929688,107.02413940429688,106.73387145996094,26.893526077270508,274.019287109375
2020-09-08,8337.095703125,320.2247619628906,257.70654296875,4874.51318359375,1499.54638671875,2596.59228515625,4678.59521484375,2563.452880859375,8751.0380859375,1759.2802734375,848.9992065429688,106.76519012451172,104.07899475097656,26.389862060546875,277.92840576171875
2020-09-09,8375.0458984375,326.6033630371094,261.44500732421875,5061.255859375,1539.52587890625,2642.02392578125,4768.185546875,2656.53369140625,8920.90234375,1787.744140625,856.777099609375,109.05586242675781,104.67784881591797,26.404823303222656,281.9637451171875
2020-09-10,8324.11328125,323.56353759765625,261.44500732421875,5105.00830078125,1523.85546875,2630.042236328125,4762.2138671875,2608.748779296875,8882.93359375,1787.744140625,847.6031494140625,108.97618865966797,104.8375244140625,26.34996795654297,277.4241027832031
2020-09-11,8417.98828125,321.8193664550781,261.24566650390625,5156.22900390625,1530.6861572265625,2628.045166015625,4969.26611328125,2635.627197265625,9022.822265625,1797.232177734375,851.791259765625,109.77293395996094,102.42219543457031,25.811399459838867,278.4327697753906
2020-09-14,8389.02734375,321.0220642089844,256.3108215332031,5125.28369140625,1522.4493408203125,2627.046142578125,4977.2294921875,2630.152587890625,8952.8779296875,1793.7364501953125,847.0048828125,109.17537689208984,103.4202880859375,26.295114517211914,274.1453857421875
2020-09-15,8593.7578125,321.7196960449219,258.2049865722656,5177.57080078125,1531.6912841796875,2654.00537109375,5111.6142578125,2691.874267578125,9142.7275390625,1804.7227783203125,854.9822387695312,108.7172622680664,102.4421615600586,26.08567237854004,277.171875
2020-09-16,8530.841796875,315.9391784667969,255.11451721191406,5125.28369140625,1516.2213134765625,2626.546875,5027.00244140625,2671.466552734375,8966.8662109375,1800.727783203125,849.9963989257812,108.91643524169922,102.76155090332031,26.514530181884766,272.12774658203125
2020-09-17,8636.7021484375,309.75982666015625,251.3760223388672,5143.42333984375,1527.6728515625,2605.0791015625,4967.27490234375,2687.892333984375,8834.9736328125,1786.7457275390625,838.8279418945312,106.90460968017578,100.34619903564453,26.185409545898438,271.3711242675781
2020-09-18,8734.576171875,302.982666015625,244.99569702148438,5058.0556640625,1532.49462890625,2564.640380859375,4984.19775390625,2656.03564453125,8952.8779296875,1797.7315673828125,845.8081665039062,107.22333526611328,97.2322006225586,25.173099517822266,276.91961669921875
2020-09-21,8600.748046875,287.0362243652344,235.32545471191406,4972.6875,1494.3228759765625,2482.763671875,4782.12158203125,2613.228515625,8731.0546875,1709.84228515625,832.8449096679688,102.84117126464844,91.98236846923828,23.91643714904785,284.3596496582031
2020-09-22,8568.7919921875,286.13916015625,241.25717163085938,5052.72021484375,1486.2867431640625,2494.246337890625,4750.765625,2720.74462890625,8717.0654296875,1695.3607177734375,834.0414428710938,103.55825805664062,91.792724609375,24.22562026977539,284.86395263671875
2020-09-23,8800.48828125,289.2786560058594,238.4657745361328,5099.6728515625,1500.1488037109375,2508.724853515625,4756.24072265625,2789.434814453125,8882.93359375,1743.799560546875,847.6031494140625,103.9964599609375,92.72093963623047,24.51983070373535,282.2158203125
2020-09-24,8547.8193359375,285.7406005859375,231.68666076660156,5045.25048828125,1462.9818115234375,2505.229736328125,4790.58349609375,2802.376220703125,8781.0166015625,1694.36181640625,835.8363037109375,103.41880798339844,92.69098663330078,24.514846801757812,276.2891540527344
2020-09-25,8564.7958984375,282.4017639160156,232.58392333984375,5082.59765625,1481.06298828125,2517.7109375,4711.44580078125,2807.35400390625,8719.0654296875,1730.8160400390625,852.1901245117188,103.37898254394531,91.37352752685547,24.65447425842285,272.3799133300781
2020-09-28,8497.8857421875,307.5174255371094,233.73036193847656,5133.81884765625,1469.8126220703125,2670.980224609375,4657.193359375,2836.22412109375,8836.9716796875,1733.81201171875,848.9992065429688,103.55825805664062,97.81109619140625,26.524505615234375,274.90203857421875
2020-09-29,8527.845703125,297.5010070800781,228.59616088867188,5127.41650390625,1462.178466796875,2640.5263671875,4690.5419921875,2769.525146484375,8882.93359375,1721.328125,882.50439453125,102.6419677734375,97.06253814697266,26.06073760986328,271.1190185546875
2020-09-30,8445.9541015625,300.49102783203125,224.50877380371094,5096.4716796875,1458.5618896484375,2646.018310546875,4634.29736328125,2765.044677734375,8868.9443359375,1723.82470703125,887.2909545898438,102.26351928710938,97.42182922363281,26.28514289855957,267.96636962890625
2020-10-01,8467.9248046875,303.5806884765625,217.53025817871094,5127.41650390625,1450.324951171875,2666.4873046875,4627.33056640625,2724.744384765625,9100.759765625,1720.3294677734375,907.4339599609375,101.28748321533203,97.81109619140625,26.45967674255371,265.6965637207031
2020-10-02,8419.9873046875,307.1685485839844,213.7418975830078,5166.89892578125,1451.128662109375,2678.968017578125,4672.62255859375,2740.676025390625,9190.689453125,1744.798583984375,923.987060546875,102.40294647216797,97.52164459228516,27.122913360595703,264.81378173828125
2020-10-05,8398.015625,308.3146667480469,217.13150024414062,5164.76611328125,1456.35205078125,2677.47021484375,4665.1572265625,2781.997802734375,9208.673828125,1756.28369140625,918.4028930664062,107.2432632446289,99.25830841064453,26.913471221923828,268.0925598144531
2020-10-06,8306.1376953125,313.2481384277344,219.6736602783203,5115.6796875,1436.46240234375,2675.972900390625,4631.3125,2761.586181640625,8980.8564453125,1724.82373046875,917.2062377929688,109.9123764038086,103.97919464111328,27.880901336669922,269.8579406738281
2020-10-07,8284.162109375,314.34442138671875,215.1874542236328,5122.0810546875,1422.3990478515625,2693.946044921875,4740.3134765625,2728.230224609375,8860.953125,1673.8878173828125,929.3718872070312,108.7172622680664,104.2985610961914,27.826045989990234,268.0925598144531
2020-10-08,8360.064453125,313.048828125,220.17208862304688,5135.95361328125,1431.8419189453125,2702.432861328125,4717.9150390625,2718.2724609375,8836.9716796875,1679.380859375,938.94482421875,110.76887512207031,106.89356231689453,28.299787521362305,272.0015563964844
2020-10-09,8412.9951171875,308.36456298828125,221.41827392578125,5172.2353515625,1453.740478515625,2694.944091796875,4778.638671875,2698.358642578125,8872.94140625,1690.866455078125,932.3633422851562,110.7091293334961,107.0732192993164,28.150184631347656,276.91961669921875
2020-10-12,8458.9375,307.1685485839844,217.08160400390625,5176.5029296875,1437.86865234375,2685.957763671875,4707.96142578125,2713.293701171875,8894.923828125,1695.3607177734375,940.1414794921875,111.3863754272461,105.63597106933594,27.995595932006836,276.2891540527344
2020-10-13,8444.955078125,304.17864990234375,212.49571228027344,5201.046875,1445.9051513671875,2696.44189453125,4693.029296875,2702.341796875,8870.943359375,1706.3468017578125,934.9560546875,111.54571533203125,101.9031982421875,26.798776626586914,280.4504089355469
2020-10-14,8179.3017578125,295.607421875,211.99725341796875,5220.25439453125,1432.042724609375,2678.46923828125,4686.55859375,2654.5478515625,8767.0244140625,1685.3734130859375,938.5459594726562,109.31481170654297,101.34427642822266,26.888538360595703,279.3155822753906
2020-10-15,8109.3935546875,298.24853515625,205.81631469726562,5148.7587890625,1382.4190673828125,2623.0517578125,4636.2890625,2602.771240234375,8643.125,1649.4185791015625,927.3775024414062,108.45830535888672,99.92701721191406,26.519519805908203,271.03192138671875
2020-10-16,8206.2666015625,305.3247375488281,208.75726318359375,5192.50927734375,1416.3720703125,2650.51123046875,4625.33984375,2632.642333984375,8828.9755859375,1708.34423828125,941.5374755859375,108.91643524169922,101.603759765625,26.93840980529785,270.2752685546875
2020-10-19,8098.4072265625,308.215087890625,207.1123046875,5124.21533203125,1402.9114990234375,2622.5537109375,4586.01953125,2591.818115234375,8800.9990234375,1679.380859375,934.5572509765625,108.7172622680664,103.1607666015625,27.048112869262695,266.9961853027344
2020-10-20,8055.46337890625,307.5174255371094,205.31785583496094,5160.49658203125,1386.4373779296875,2626.546875,4569.0966796875,2605.758056640625,8751.0380859375,1700.8538818359375,935.155517578125,109.93229675292969,104.11891174316406,27.102968215942383,269.89691162109375
2020-10-21,7909.65478515625,301.3879699707031,199.34620666503906,5018.5732421875,1359.71728515625,2557.151611328125,4562.12939453125,2533.072021484375,8557.1923828125,1650.916748046875,929.7708129882812,106.12779235839844,102.52200317382812,27.092994689941406,268.63568115234375
2020-10-22,7944.6083984375,305.92279052734375,200.7818145751953,5037.78173828125,1339.22509765625,2586.607421875,4525.794921875,2539.54345703125,8509.23046875,1634.4376220703125,932.1639404296875,108.31886291503906,104.07899475097656,27.841005325317383,265.7350158691406
2020-10-23,7932.62451171875,320.32440185546875,204.8692169189453,5008.9697265625,1349.873046875,2624.55078125,4557.1513671875,2560.950927734375,8431.2939453125,1632.9393310546875,942.3352661132812,112.1432876586914,111.32498931884766,29.207374572753906,270.0230407714844
2020-10-26,8066.44921875,318.2813415527344,199.38612365722656,4957.74755859375,1350.877197265625,2596.0927734375,4466.06787109375,2563.440673828125,8415.3046875,1604.9747314453125,942.9335327148438,109.29489135742188,110.30696868896484,28.97300148010254,267.75286865234375
2020-10-27,8045.47607421875,328.995361328125,195.13916015625,5003.63330078125,1367.150634765625,2599.587646484375,4406.8388671875,2502.7021484375,8539.205078125,1600.9796142578125,940.3407592773438,105.58997344970703,106.39453125,28.24991798400879,263.84320068359375
2020-10-28,7869.70703125,317.9324645996094,192.84620666503906,4845.7021484375,1329.983642578125,2531.19091796875,4246.572265625,2441.964599609375,8321.3818359375,1563.02783203125,917.6051635742188,102.6419677734375,103.59992980957031,27.576709747314453,257.03265380859375
2020-10-29,7865.71142578125,322.91571044921875,192.86618041992188,4762.88134765625,1310.09375,2495.24462890625,4314.26220703125,2459.39013671875,8387.3291015625,1538.558837890625,922.1921997070312,103.0802001953125,104.45825958251953,28.20503807067871,256.0237121582031
2020-10-30,7755.85546875,323.4638671875,195.99655151367188,4699.9169921875,1297.6380615234375,2495.24462890625,4337.158203125,2437.48388671875,8271.419921875,1525.574951171875,916.4086303710938,102.58222198486328,106.3545913696289,27.950714111328125,259.1766357421875
2020-11-02,7763.84423828125,331.53680419921875,204.5701141357422,4779.95703125,1330.7874755859375,2503.232421875,4407.3369140625,2452.419921875,8193.482421875,1566.5233154296875,921.5939331054688,105.57005310058594,106.83367156982422,27.75623321533203,265.3565673828125
2020-11-03,7952.5986328125,345.6893005371094,209.30555725097656,4858.9306640625,1362.1279296875,2553.65673828125,4478.013671875,2477.810791015625,8327.375,1621.4539794921875,938.3464965820312,105.72940826416016,113.14149475097656,29.167482376098633,264.72601318359375
2020-11-04,8499.8818359375,331.33740234375,208.1092529296875,4976.32080078125,1421.3948974609375,2645.019287109375,4420.2783203125,2565.43212890625,8703.078125,1620.9544677734375,947.9194946289062,105.94851684570312,110.16722869873047,28.44440269470215,267.3745422363281
2020-11-05,8517.859375,335.02508544921875,200.07164001464844,4981.65576171875,1410.3448486328125,2654.00537109375,4472.0400390625,2489.26025390625,8804.9951171875,1675.3861083984375,947.5205688476562,105.6696548461914,109.9476547241211,27.636550903320312,268.0050964355469
2020-11-06,8461.9306640625,336.6694641113281,199.28392028808594,5004.06787109375,1405.3223876953125,2638.0302734375,4600.95166015625,2470.839599609375,8834.9736328125,1673.8878173828125,932.3633422851562,104.61396026611328,110.72615814208984,27.292461395263672,274.68939208984375
2020-11-09,8290.1552734375,372.7483215332031,229.28720092773438,5035.015625,1434.654541015625,2897.638671875,4613.8916015625,2559.9560546875,8557.1923828125,1834.185546875,938.14697265625,111.64530944824219,128.292236328125,30.698415756225586,276.0768737792969
2020-11-10,8518.857421875,372.69854736328125,241.00332641601562,4995.529296875,1474.2325439453125,2972.027099609375,4753.7529296875,2680.43603515625,8255.431640625,1800.727783203125,941.5374755859375,116.20673370361328,134.1409454345703,32.0498161315918,275.698486328125
2020-11-11,8773.5244140625,386.3029479980469,242.3494415283203,5104.3837890625,1470.0137939453125,2962.041748046875,4751.26318359375,2768.058349609375,8467.265625,1805.7216796875,958.090576171875,116.62503814697266,135.2587890625,33.291526794433594,281.3738708496094
2020-11-12,8648.685546875,371.25341796875,237.11459350585938,5119.32470703125,1453.1705322265625,2945.567138671875,4743.29931640625,2791.45654296875,8569.18359375,1813.2120361328125,950.9109497070312,117.78034973144531,132.10484313964844,33.38128662109375,281.62603759765625
2020-11-13,8621.7216796875,371.4527282714844,236.21717834472656,5068.0986328125,1443.7269287109375,2899.636474609375,4710.44970703125,2778.01513671875,8387.3291015625,1769.267578125,950.9109497070312,119.03521728515625,133.90139770507812,34.62797164916992,283.3917236328125
2020-11-16,8531.8408203125,387.49884033203125,250.0272216796875,4953.9091796875,1448.9512939453125,3032.935546875,4760.22216796875,2829.79150390625,8257.4306640625,1753.28759765625,942.7340698242188,127.26173400878906,138.51251220703125,35.495662689208984,285.66192626953125
2020-11-17,8280.1708984375,375.33966064453125,250.97450256347656,4871.736328125,1409.3665771484375,2990.99853515625,4725.3828125,2837.757080078125,7929.6923828125,1709.84228515625,933.56005859375,122.04296875,138.1332244873047,35.50065612792969,288.3104248046875
2020-11-18,8169.314453125,383.51226806640625,251.22381591796875,4825.8466796875,1381.2354736328125,2972.52685546875,4775.65185546875,2862.6494140625,8087.56640625,1730.8160400390625,939.34375,122.50111389160156,141.3270721435547,35.57046890258789,294.1119689941406
2020-11-19,8114.38671875,382.5654602050781,243.04742431640625,4762.88134765625,1401.5302734375,2975.02294921875,4694.5234375,2768.058349609375,8085.56787109375,1774.261474609375,930.3689575195312,121.16654205322266,138.67221069335938,35.560489654541016,297.7694396972656
2020-11-20,8306.1376953125,379.625244140625,243.69554138183594,4755.4130859375,1400.123779296875,2947.564208984375,4751.26318359375,2768.058349609375,8127.53515625,1780.2537841796875,927.3775024414062,122.68037414550781,137.49444580078125,35.720062255859375,293.4814758300781
2020-11-23,7989.5498046875,382.7148742675781,252.71945190429688,4660.43115234375,1372.3944091796875,2914.1142578125,4843.83984375,2698.8564453125,7877.7333984375,1760.7784423828125,916.4086303710938,121.4852523803711,139.92974853515625,37.101402282714844,287.3014831542969
2020-11-24,7989.5498046875,398.3125,274.0078430175781,4631.6181640625,1386.4595947265625,2898.6376953125,5029.98828125,2673.963623046875,7609.947265625,1742.8009033203125,909.228759765625,124.81169128417969,149.91046142578125,39.395301818847656,286.4185791015625
2020-11-25,7789.81103515625,396.967041015625,266.77880859375,4866.400390625,1385.0531005859375,2939.57568359375,4896.1005859375,2654.0498046875,7719.85791015625,1742.301513671875,906.2371826171875,123.85557556152344,143.1235809326172,38.02892303466797,288.5627746582031
2020-11-26,7737.87841796875,396.5185546875,262.74041748046875,4889.87841796875,1396.5067138671875,2924.099609375,4879.17822265625,2661.517333984375,7841.76171875,1737.80712890625,879.0657348632812,125.17024230957031,140.8280487060547,37.221073150634766,287.17529296875
2020-11-27,7759.85009765625,403.4951171875,262.1421813964844,4894.146484375,1390.0765380859375,2928.59228515625,4900.08251953125,2665.500244140625,7913.705078125,1739.8045654296875,871.4859008789062,124.3934097290039,139.2311248779297,37.19614028930664,287.3014831542969
2020-11-30,7794.8037109375,386.9506530761719,246.9361572265625,4878.1396484375,1376.4130859375,2875.67236328125,4811.98583984375,2628.161376953125,8099.5576171875,1745.2978515625,846.153076171875,123.17833709716797,134.3006134033203,35.52558135986328,286.2925720214844
2020-12-01,7789.81103515625,404.740966796875,254.31483459472656,4731.93212890625,1387.464111328125,2922.102294921875,4974.74072265625,2649.071533203125,7983.64892578125,1755.78466796875,852.7357177734375,124.93121337890625,142.96389770507812,38.173545837402344,288.6887512207031
2020-12-02,7926.6318359375,416.9499816894531,266.3799743652344,4694.5810546875,1400.123779296875,2919.107177734375,5215.14208984375,2678.44482421875,8747.0419921875,1765.2723388671875,861.3128051757812,126.54463958740234,146.65676879882812,38.64229965209961,283.1395263671875
2020-12-03,7718.90234375,419.9399108886719,265.7318420410156,4570.787109375,1381.2354736328125,2890.649658203125,5356.49365234375,2702.838623046875,8665.1064453125,1753.786865234375,855.7276611328125,126.64423370361328,148.2736358642578,39.09609603881836,288.3104248046875
2020-12-04,7947.6044921875,421.2356262207031,276.15167236328125,4616.67626953125,1392.488037109375,2928.093017578125,5425.18017578125,2709.31103515625,8627.13671875,1750.7908935546875,850.7409057617188,129.6320343017578,148.3335418701172,38.92156219482422,285.66192626953125
2020-12-07,8060.45654296875,410.17266845703125,273.0108642578125,4626.28125,1404.3433837890625,2971.02880859375,5436.130859375,2836.761474609375,8709.072265625,1785.2474365234375,857.7224731445312,131.68370056152344,145.97805786132812,37.23603439331055,283.5178527832031
2020-12-08,8123.375,399.0599670410156,271.8143310546875,4646.55810546875,1411.576904296875,2938.078369140625,5419.20751953125,2889.5341796875,8715.06640625,1793.7364501953125,869.8900146484375,130.22962951660156,146.077880859375,37.09640121459961,283.1395263671875
2020-12-09,8001.53369140625,401.65130615234375,271.8143310546875,4644.42333984375,1405.34814453125,2954.054443359375,5344.54931640625,2896.50341796875,8651.1181640625,1802.2261962890625,897.0180053710938,132.1020050048828,145.61874389648438,37.1512565612793,285.66192626953125
2020-12-10,8092.4150390625,401.80072021484375,283.9292297363281,4690.31396484375,1424.0347900390625,2997.4892578125,5499.83837890625,2911.439453125,8671.1015625,1819.20458984375,887.6428833007812,133.19752502441406,141.48675537109375,35.57544708251953,290.83294677734375
2020-12-11,8149.34033203125,399.25933837890625,274.45654296875,4716.99169921875,1419.8150634765625,3003.979248046875,5520.7431640625,2904.468994140625,8519.2236328125,1818.205810546875,872.4830932617188,130.44874572753906,135.79771423339844,33.97969436645508,282.2566223144531
2020-12-14,7681.95166015625,402.0500183105469,268.97247314453125,4656.16259765625,1399.3201904296875,2989.5009765625,5516.76123046875,2873.104248046875,8703.078125,1792.7379150390625,878.4673461914062,130.6279754638672,142.0856170654297,35.635292053222656,285.40966796875
2020-12-15,7495.1962890625,401.302490234375,269.9696044921875,4591.06396484375,1364.3570556640625,2934.58349609375,5577.48388671875,2825.808837890625,8834.9736328125,1768.268798828125,865.1027221679688,129.47271728515625,144.4210968017578,36.552852630615234,282.2566223144531
2020-12-16,7635.01318359375,395.6713562011719,271.8143310546875,4675.3720703125,1370.586181640625,2947.06494140625,5523.72900390625,2847.714111328125,8814.9892578125,1779.2550048828125,875.0762329101562,130.24954223632812,143.9220428466797,36.183834075927734,292.0940246582031
2020-12-17,7532.1484375,393.42889404296875,268.5736389160156,4620.94580078125,1370.786865234375,2934.084228515625,5579.474609375,2783.505126953125,8872.94140625,1782.251220703125,873.2809448242188,125.00910186767578,145.25946044921875,36.12399673461914,290.4544677734375
2020-12-18,7498.19140625,386.4523010253906,270.56787109375,4640.15478515625,1362.7493896484375,2944.568359375,5628.2509765625,2773.546875,8914.9072265625,1798.730224609375,865.3021850585938,125.50723266601562,144.72048950195312,34.807491302490234,285.7880859375
2020-12-21,7430.2802734375,379.8245849609375,257.3062438964844,4581.45947265625,1346.675048828125,2923.599853515625,5581.46533203125,2697.859130859375,8822.98046875,1780.7528076171875,847.7489013671875,121.50230407714844,140.9877166748047,33.49098587036133,277.71630859375
2020-12-22,7318.42724609375,382.51556396484375,257.8046569824219,4633.75048828125,1356.11865234375,2964.0390625,5554.58837890625,2712.300048828125,8924.8994140625,1790.2410888671875,850.1425170898438,121.322998046875,145.69862365722656,34.60303497314453,277.8424377441406
2020-12-23,7214.5634765625,384.5088806152344,264.9840393066406,4600.66748046875,1343.6605224609375,2928.093017578125,5574.4970703125,2702.8388671875,8892.92578125,1778.75537109375,856.7250366210938,122.53842163085938,151.5273895263672,37.02659225463867,285.2835388183594
2020-12-24,7213.56396484375,384.70819091796875,262.2418518066406,4599.6015625,1338.838134765625,2909.62109375,5548.61474609375,2718.7724609375,8870.943359375,1790.2410888671875,854.9296875,122.77750396728516,154.30203247070312,38.50267028808594,293.73358154296875
2020-12-29,7452.2529296875,382.2663879394531,261.5938720703125,4760.748046875,1372.193359375,3040.42431640625,5606.3525390625,2788.484619140625,9094.7666015625,1841.1768798828125,880.6614379882812,122.93690490722656,148.99224853515625,36.657569885253906,294.99481201171875
2020-12-30,7391.33251953125,381.7182312011719,258.6523742675781,4782.09130859375,1364.3570556640625,2986.505615234375,5516.76123046875,2762.09423828125,9090.7685546875,1812.2135009765625,869.4910888671875,121.98052215576172,148.59300231933594,36.712425231933594,296.76055908203125
2020-12-31,7314.4326171875,377.58209228515625,254.0655517578125,4687.1103515625,1348.2821044921875,2873.67529296875,5445.08935546875,2696.863037109375,9000.8408203125,1790.2410888671875,862.7090454101562,120.48613739013672,146.3972625732422,36.34340286254883,291.8418273925781
2021-01-04,7412.30517578125,379.07720947265625,253.76644897460938,4760.748046875,1382.44091796875,2943.570068359375,5726.80078125,2742.176025390625,9254.6376953125,1835.6837158203125,880.2625122070312,123.1760025024414,143.24334716796875,34.7426643371582,298.9044494628906
2021-01-05,7429.28173828125,377.3330078125,271.7145690917969,4734.068359375,1381.8387451171875,2941.07373046875,5741.7314453125,2777.032470703125,9028.818359375,1814.7103271484375,866.4990234375,123.95307922363281,142.9239959716797,35.116668701171875,300.4179382324219
2021-01-06,7502.1865234375,414.75732421875,288.964599609375,4767.15234375,1414.992919921875,2942.072265625,6087.1513671875,2801.431884765625,9126.73828125,1898.6044921875,880.0631103515625,129.0538330078125,154.74114990234375,37.061500549316406,309.2464294433594
2021-01-07,7465.23583984375,415.6543273925781,294.14971923828125,4745.8095703125,1404.54443359375,2984.50830078125,6281.26416015625,2788.484619140625,9010.83203125,1864.6474609375,877.469970703125,130.66781616210938,155.81907653808594,36.79221725463867,310.2552795410156
2021-01-08,7461.240234375,410.37200927734375,297.8390197753906,4749.0087890625,1414.992919921875,3033.434814453125,6281.26416015625,2788.484619140625,9198.6826171875,1884.6220703125,877.6694946289062,127.9580078125,152.62522888183594,36.72739028930664,309.8769226074219
2021-01-11,7546.130859375,406.83392333984375,297.9387512207031,4712.72509765625,1401.5302734375,2952.057373046875,6165.7919921875,2768.06884765625,9196.6865234375,1865.64599609375,875.2758178710938,127.81851959228516,150.90855407714844,36.06914520263672,308.2374572753906
2021-01-12,7395.32666015625,411.41851806640625,304.1208801269531,4611.3408203125,1373.3990478515625,2919.60595703125,6100.0927734375,2717.776611328125,8968.865234375,1823.1995849609375,853.7329711914062,125.22827911376953,153.9427032470703,36.64759826660156,303.94927978515625
2021-01-13,7519.1640625,401.80072021484375,303.0239562988281,4644.42333984375,1379.025390625,2926.595458984375,5966.703125,2743.172119140625,9134.7333984375,1812.7125244140625,872.084228515625,127.04145050048828,152.06631469726562,36.14892578125,305.3366394042969
2021-01-14,7549.125,406.83392333984375,308.3586120605469,4646.55810546875,1399.9227294921875,2921.103759765625,6104.07421875,2769.065185546875,9316.5888671875,1826.1959228515625,870.0895385742188,128.45611572265625,152.56536865234375,36.35837173461914,304.4538269042969
2021-01-15,7582.0830078125,401.9004821777344,301.5782470703125,4689.24609375,1420.21728515625,2898.6376953125,5918.9208984375,2758.60791015625,9126.73828125,1823.1995849609375,873.0816040039062,126.74256134033203,148.51321411132812,35.83974838256836,304.7060852050781
2021-01-18,7651.99169921875,401.65130615234375,299.4842834472656,4655.09521484375,1406.5535888671875,2893.145751953125,5946.7939453125,2738.6904296875,9204.677734375,1811.7139892578125,870.2888793945312,125.90572357177734,151.0283203125,36.0791130065918,306.34564208984375
2021-01-19,7711.91259765625,410.0731201171875,300.3816223144531,4675.3720703125,1417.002197265625,2922.102294921875,5890.0537109375,2728.732177734375,9128.73828125,1820.70263671875,876.4725341796875,126.52339935302734,146.57691955566406,35.90457534790039,305.3366394042969
2021-01-20,7635.01318359375,406.6346130371094,301.9770812988281,4645.49072265625,1386.2589111328125,2931.088623046875,6006.5205078125,2736.201171875,9122.7431640625,1828.6925048828125,871.2863159179688,126.66287994384766,146.03797912597656,35.690147399902344,305.58892822265625
2021-01-21,7640.005859375,412.2158203125,292.5044250488281,4645.49072265625,1371.1888427734375,2904.62890625,5897.021484375,2736.6982421875,9164.708984375,1817.2069091796875,866.4990234375,127.43994140625,144.52090454101562,35.221397399902344,305.3366394042969
2021-01-22,7766.84130859375,405.98675537109375,289.1640319824219,4672.17041015625,1386.6607666015625,2904.129150390625,5849.24072265625,2727.237548828125,9112.7509765625,1867.14404296875,873.48046875,126.86211395263672,142.78428649902344,34.677833557128906,305.08441162109375
2021-01-25,7886.68408203125,396.7677917480469,279.8410949707031,4765.01611328125,1411.576904296875,2890.649658203125,5850.23583984375,2728.732177734375,9024.8203125,1864.6474609375,885.6483154296875,127.91812896728516,136.85569763183594,33.74530792236328,307.48077392578125
2021-01-26,7941.61181640625,398.8607177734375,281.5361022949219,4720.1943359375,1416.399169921875,2908.12353515625,5882.08935546875,2722.258544921875,9040.80859375,1869.1414794921875,879.8636474609375,128.67529296875,139.17120361328125,34.318790435791016,306.97625732421875
2021-01-27,7768.83837890625,398.81085205078125,281.5361022949219,4671.10205078125,1407.3575439453125,2848.712890625,5707.88623046875,2772.05322265625,8663.1083984375,1854.6597900390625,874.0789794921875,127.69896697998047,134.0611114501953,33.16187286376953,308.86798095703125
2021-01-28,7639.0078125,394.0269775390625,275.7030029296875,4613.474609375,1393.6937255859375,2938.578125,5659.1103515625,2726.739501953125,8613.1484375,1854.160400390625,859.7169799804688,126.10498046875,136.31671142578125,33.38128662109375,307.1023864746094
2021-01-29,7481.2138671875,381.4690856933594,270.7174987792969,4524.89697265625,1363.35205078125,2944.568359375,5563.546875,2646.57080078125,8679.0947265625,1810.2159423828125,847.7489013671875,124.37149047851562,133.2825927734375,32.912532806396484,301.931396484375
2021-02-01,7378.3486328125,382.4159240722656,266.33013916015625,4562.25048828125,1363.35205078125,2938.078369140625,5646.16943359375,2634.12255859375,9092.767578125,1842.6746826171875,861.5123291015625,125.92565155029297,134.580078125,33.43613815307617,306.97625732421875
2021-02-02,7370.35986328125,390.1400451660156,254.26499938964844,4585.72802734375,1374.4039306640625,3039.42578125,5592.41455078125,2682.42236328125,9392.52734375,1862.150390625,865.3021850585938,126.90196228027344,139.9097900390625,33.90488815307617,308.7418518066406
2021-02-03,7290.46435546875,387.24969482421875,257.55548095703125,4627.34765625,1288.0010986328125,2974.523681640625,5611.328125,2684.912353515625,9242.6484375,1846.669921875,869.0921630859375,134.35389709472656,141.5266876220703,34.08940124511719,310.75982666015625
2021-02-04,7373.35546875,394.6747131347656,254.21511840820312,4340.2724609375,1291.014892578125,2987.50390625,5622.27783203125,2665.492431640625,9390.529296875,1855.6585693359375,869.8900146484375,135.310302734375,145.49900817871094,36.014286041259766,308.48968505859375
2021-02-05,7265.49755859375,391.1865234375,251.32350158691406,4247.4287109375,1271.7255859375,2997.98828125,5594.40625,2662.007080078125,9442.4892578125,1821.2021484375,849.1451416015625,133.57681274414062,146.93621826171875,36.90191650390625,310.75982666015625
2021-02-08,7279.47900390625,389.0934753417969,261.1949157714844,4220.748046875,1275.9453125,2966.036376953125,5733.7685546875,2684.414794921875,9630.3388671875,1827.1943359375,845.5546264648438,131.90313720703125,147.19573974609375,37.600074768066406,307.48077392578125
2021-02-09,7302.44775390625,393.6781005859375,258.9515075683594,4215.412109375,1282.977783203125,3006.475341796875,5743.72314453125,2719.768310546875,9648.3251953125,1795.2347412109375,852.7357177734375,131.703857421875,147.41531372070312,37.44548034667969,310.3814697265625
2021-02-10,7237.53271484375,397.36572265625,258.35321044921875,4202.60498046875,1280.96875,2976.021240234375,5895.03125,2696.863037109375,9570.38671875,1770.7657470703125,852.7357177734375,132.46102905273438,147.39532470703125,37.40060043334961,311.26434326171875
2021-02-11,7236.5341796875,396.020263671875,257.05694580078125,4165.25390625,1261.075927734375,3022.45166015625,5885.076171875,2682.42236328125,9642.330078125,1822.699951171875,851.538818359375,133.01893615722656,145.6786651611328,36.971744537353516,308.3634948730469
2021-02-12,7461.240234375,400.4552917480469,261.04541015625,4227.150390625,1283.9822998046875,3004.47802734375,5906.9765625,2703.3359375,9792.2099609375,1864.1478271484375,854.1319580078125,133.41738891601562,145.61874389648438,37.00166320800781,303.4449157714844
2021-02-15,7412.30517578125,409.07647705078125,278.09613037109375,4250.62939453125,1293.2252197265625,3058.3974609375,6157.828125,2778.028076171875,9868.1494140625,1868.6422119140625,863.1080322265625,135.09112548828125,153.66323852539062,38.986385345458984,243.8118133544922
2021-02-16,7324.419921875,426.3184814453125,277.39813232421875,4275.1748046875,1278.9591064453125,3037.927734375,6231.49072265625,2737.19677734375,9902.123046875,1862.150390625,846.3525390625,133.1384735107422,155.26016235351562,39.37534713745117,241.71640014648438
2021-02-17,7411.30615234375,430.8034362792969,279.7911682128906,4247.4287109375,1282.3748779296875,3041.4228515625,6206.60595703125,2629.14306640625,9802.2021484375,1827.6937255859375,862.3101806640625,132.20199584960938,154.06246948242188,38.82182312011719,237.1265411376953
2021-02-18,7444.2626953125,417.797119140625,268.6595764160156,4235.689453125,1245.078369140625,3026.9443359375,6206.60595703125,2583.829833984375,9844.1708984375,1805.7216796875,852.7357177734375,129.79107666015625,147.21566772460938,37.38563919067383,230.49118041992188
2021-02-19,7216.56005859375,422.5312194824219,271.6014404296875,4167.3876953125,1221.161865234375,2991.99755859375,6323.07177734375,2551.463623046875,9714.2734375,1758.2813720703125,842.3631591796875,130.66781616210938,153.34384155273438,38.088768005371094,227.0986785888672
2021-02-22,7186.6005859375,430.2054138183594,279.1806945800781,4086.281982421875,1211.313720703125,2941.07373046875,6291.21728515625,2564.90869140625,9630.3388671875,1736.8084716796875,824.2113647460938,129.93057250976562,153.96266174316406,38.31816101074219,222.6085968017578
2021-02-23,7126.677734375,426.56768798828125,282.7207946777344,4183.39599609375,1220.7593994140625,2937.578857421875,6283.25537109375,2595.28271484375,9504.4404296875,1728.818359375,834.5838623046875,129.45236206054688,158.8731689453125,39.11604690551758,224.00547790527344
2021-02-24,7110.69970703125,427.86328125,297.97869873046875,4096.9541015625,1218.9510498046875,2940.57470703125,6326.0595703125,2573.871337890625,9572.3857421875,1711.3406982421875,826.4054565429688,125.02902221679688,164.26278686523438,39.230735778808594,227.29824829101562
2021-02-25,7002.19482421875,433.6937255859375,303.7129211425781,4078.164306640625,1221.9652099609375,2895.916748046875,6450.4892578125,2539.512451171875,9702.2822265625,1720.3294677734375,822.8150634765625,124.2320327758789,162.23655700683594,39.10606384277344,226.69955444335938
2021-02-26,6937.2666015625,424.77362060546875,290.9482116699219,3984.2421875,1196.6417236328125,2808.5400390625,6158.82373046875,2475.278076171875,9610.3544921875,1690.3671875,804.2644653320312,121.56207275390625,159.30203247070312,38.89662551879883,224.30484008789062
2021-03-01,6972.22802734375,418.7438659667969,296.7322082519531,4028.001708984375,1206.4898681640625,2869.95361328125,6274.2958984375,2536.027099609375,9706.27734375,1702.351806640625,821.019775390625,123.1760025024414,161.0387725830078,38.901611328125,222.10968017578125
2021-03-02,6872.33837890625,422.3319091796875,295.7847595214844,4068.559326171875,1214.72998046875,2861.96484375,6406.689453125,2526.068603515625,9706.27734375,1702.351806640625,826.0065307617188,123.69406127929688,161.91714477539062,38.776947021484375,221.91012573242188
2021-03-03,6786.43505859375,431.4512023925781,304.06201171875,4068.559326171875,1213.725341796875,2872.949462890625,6405.69482421875,2544.4921875,9554.400390625,1710.341796875,808.0543212890625,124.77000427246094,170.02198791503906,40.3078727722168,221.31146240234375
2021-03-04,6849.365234375,425.07269287109375,312.23944091796875,4113.3857421875,1230.2056884765625,2929.3701171875,5853.84814453125,2578.8505859375,9480.458984375,1716.3343505859375,827.00390625,125.2481918334961,166.348876953125,40.23805618286133,218.81698608398438
2021-03-05,6850.36279296875,436.13555908203125,317.92376708984375,4152.87548828125,1249.0980224609375,2937.358642578125,5829.94677734375,2603.7470703125,8117.54248046875,1696.3594970703125,825.8071899414062,124.0925521850586,171.25965881347656,39.968772888183594,223.50662231445312
2021-03-08,6997.2001953125,453.9756164550781,317.7742004394531,4151.8076171875,1258.343017578125,2934.363037109375,6015.1826171875,2596.777099609375,7599.9541015625,1702.351806640625,829.3974609375,125.58690643310547,177.5878143310547,41.66925048828125,219.31585693359375
2021-03-09,7123.0595703125,445.8528747558594,314.383544921875,4180.6259765625,1264.5732421875,2955.83251953125,5795.0908203125,2591.29833984375,7843.76025390625,1721.328125,831.9906616210938,127.20085144042969,175.45184326171875,41.02596664428711,220.71278381347656
2021-03-10,7183.99072265625,444.60711669921875,314.13433837890625,4205.1728515625,1270.2008056640625,3003.26611328125,5625.7890625,2609.224853515625,7637.92431640625,1723.3255615234375,839.3709716796875,128.8346710205078,173.67514038085938,40.671913146972656,221.7105712890625
2021-03-11,7003.19287109375,423.7300109863281,318.7713928222656,4179.55859375,1262.16162109375,2980.79736328125,5757.24658203125,2619.18359375,7717.8603515625,1729.8175048828125,836.1796264648438,131.2854461669922,173.93467712402344,40.39265060424805,219.5154266357422
2021-03-12,6943.259765625,427.069580078125,322.56103515625,4215.84619140625,1265.9803466796875,2993.280029296875,5721.3935546875,2632.628662109375,7597.95458984375,1720.3294677734375,836.1796264648438,132.32156372070312,180.26284790039062,41.10076141357422,223.3070526123047
2021-03-15,6970.2294921875,422.68328857421875,315.28106689453125,4240.39501953125,1272.2108154296875,3005.2626953125,5574.001953125,2662.505615234375,7553.9912109375,1732.3140869140625,842.5625610351562,132.5606689453125,179.94342041015625,40.99105453491211,221.81033325195312
2021-03-16,7223.947265625,421.48699951171875,310.3945617675781,4284.15380859375,1297.3333740234375,3048.20263671875,5586.94921875,2678.9375,7506.02880859375,1738.805908203125,848.1478271484375,134.01519775390625,182.67832946777344,41.365055084228516,225.80152893066406
2021-03-17,7130.0517578125,429.2628479003906,312.9375,4295.89453125,1293.715576171875,3041.212158203125,5437.56494140625,2739.18896484375,7262.22314453125,1763.774169921875,829.1981811523438,136.40615844726562,180.98150634765625,41.35010528564453,225.20286560058594
2021-03-18,7120.0634765625,440.17877197265625,311.0926513671875,4273.48095703125,1304.5689697265625,3028.729736328125,5535.1630859375,2750.143798828125,7352.15185546875,1775.759521484375,826.804443359375,135.60916137695312,183.4568634033203,41.494712829589844,225.6019744873047
2021-03-19,7102.0830078125,429.5120544433594,305.8570861816406,4217.9814453125,1302.5589599609375,2991.7822265625,5448.51904296875,2781.015625,7212.26318359375,1782.251220703125,839.7698974609375,133.43734741210938,182.2591094970703,40.916259765625,228.19627380371094
2021-03-22,7335.822265625,423.6802673339844,306.4055480957031,4292.69189453125,1308.3875732421875,2997.2744140625,5363.86865234375,2817.365478515625,7244.23779296875,1772.762939453125,844.1583862304688,132.1621551513672,180.6221466064453,40.891326904296875,229.0942840576172
2021-03-23,7206.9658203125,423.0322265625,294.9371032714844,4348.19287109375,1304.5689697265625,3002.766357421875,5323.0380859375,2859.193115234375,7254.22900390625,1793.2373046875,858.7197265625,133.5967559814453,180.74192810058594,41.23042678833008,228.89471435546875
2021-03-24,7122.06005859375,422.3842468261719,300.7212219238281,4328.9814453125,1291.1031494140625,3004.26416015625,5399.72265625,2838.279052734375,7074.373046875,1797.232177734375,859.9165649414062,133.41738891601562,183.8760528564453,42.123050689697266,228.49557495117188
2021-03-25,7201.97216796875,420.09136962890625,292.8928527832031,4333.24951171875,1291.3035888671875,2974.80615234375,5327.021484375,2743.19287109375,7056.38671875,1820.2032470703125,870.68798828125,134.19448852539062,181.70013427734375,41.65428924560547,227.19845581054688
2021-03-26,7262.9033203125,421.3874206542969,301.8182067871094,4316.17333984375,1303.563720703125,2978.80029296875,5510.26513671875,2764.6083984375,7102.35107421875,1804.7227783203125,857.7224731445312,134.87196350097656,182.61843872070312,42.14299774169922,228.09645080566406
2021-03-29,7385.7666015625,416.8016357421875,299.674072265625,4373.80712890625,1315.6226806640625,3022.73828125,5457.48291015625,2815.40869140625,6970.4541015625,1824.1982421875,867.6958618164062,131.98280334472656,180.04322814941406,41.948516845703125,227.797119140625
2021-03-30,7280.88427734375,429.3126525878906,300.67132568359375,4335.38427734375,1313.411865234375,3025.73388671875,5555.0810546875,2759.129638671875,6908.50439453125,1818.7052001953125,854.7302856445312,133.57681274414062,188.78688049316406,42.985755920410156,229.39361572265625
2021-03-31,7238.9296875,421.8858337402344,293.8401794433594,4328.9814453125,1294.318603515625,2985.291015625,5527.1953125,2763.114013671875,6934.48486328125,1816.7078857421875,861.7117309570312,131.38511657714844,185.57289123535156,42.4222526550293,228.34591674804688
2021-04-01,7164.01513671875,421.8858337402344,289.00341796875,4292.69189453125,1283.8675537109375,3002.766357421875,5457.48291015625,2704.843994140625,7228.25048828125,1832.6875,861.2130126953125,133.15841674804688,183.65650939941406,42.6566276550293,227.44790649414062
2021-04-06,7175.0009765625,425.5245056152344,299.0258483886719,4363.6689453125,1296.1275634765625,3075.164794921875,5603.87890625,2749.666748046875,7364.142578125,1859.1539306640625,872.084228515625,134.1148223876953,185.23353576660156,42.71647262573242,227.8969268798828
2021-04-07,7091.09521484375,432.6023864746094,304.6104736328125,4411.6962890625,1306.980712890625,3086.14892578125,5719.40283203125,2764.1103515625,7272.2158203125,1877.630859375,885.6483154296875,136.12722778320312,187.0102081298828,43.2350959777832,230.84042358398438
2021-04-08,7234.93505859375,438.63360595703125,297.6297302246094,4446.38427734375,1328.083251953125,3182.51318359375,5731.35302734375,2847.281982421875,7384.1259765625,1902.10009765625,901.107177734375,135.94789123535156,187.6290283203125,43.2999267578125,235.33050537109375
2021-04-09,7278.88525390625,436.04168701171875,294.189208984375,4409.02880859375,1326.0736083984375,3178.518798828125,5639.73193359375,2775.067626953125,7472.0556640625,1908.0924072265625,898.1151123046875,134.13473510742188,185.3533172607422,43.14034652709961,233.88369750976562
2021-04-12,7216.9541015625,431.2068176269531,297.579833984375,4413.83154296875,1303.966064453125,3157.54833984375,5621.80517578125,2777.557861328125,7494.03759765625,1908.5916748046875,897.0180053710938,134.31405639648438,187.72886657714844,44.272335052490234,231.4889678955078
2021-04-13,7159.01953125,425.57427978515625,297.4302062988281,4416.4990234375,1294.11767578125,3151.05712890625,5677.5751953125,2780.0478515625,7615.9423828125,1906.0948486328125,890.9342041015625,133.57681274414062,186.47122192382812,43.634037017822266,231.58877563476562
2021-04-14,7262.9033203125,427.5679931640625,307.5024719238281,4396.22021484375,1295.926513671875,3152.05615234375,5824.96630859375,2773.573486328125,7747.83642578125,1919.078369140625,885.7478637695312,133.61668395996094,187.2297821044922,43.71382522583008,226.89913940429688
2021-04-15,7391.76025390625,419.8421936035156,302.6658630371094,4445.8515625,1355.014892578125,3219.960205078125,5959.41162109375,2810.92578125,7893.7216796875,1928.0673828125,895.7214965820312,132.83958435058594,184.2952880859375,42.702083587646484,223.95562744140625
2021-04-16,7371.78271484375,426.12261962890625,302.117431640625,4444.2490234375,1353.0052490234375,3225.452880859375,6029.1259765625,2889.615966796875,7693.87939453125,1933.0609130859375,899.9102172851562,134.6726837158203,188.8268280029297,43.35044479370117,231.3393096923828
2021-04-19,7409.740234375,426.77056884765625,300.0230712890625,4410.0966796875,1344.564208984375,3216.46533203125,6063.9814453125,2902.56494140625,7723.8564453125,1922.57421875,905.0965576171875,134.7722930908203,187.32962036132812,43.64469909667969,233.9834747314453
2021-04-20,7485.6552734375,415.9542541503906,290.9482116699219,4405.826171875,1331.700927734375,3193.99658203125,5930.5322265625,2681.93408203125,7689.8828125,1915.0836181640625,908.8864135742188,130.98655700683594,181.46060180664062,41.93899917602539,226.5
2021-04-21,7611.5146484375,414.5586853027344,294.8872985839844,4418.10009765625,1354.6134033203125,3223.455810546875,5949.45361328125,2725.76123046875,7659.90673828125,1917.0811767578125,901.7055053710938,132.34146118164062,180.40260314941406,41.510093688964844,226.69955444335938
2021-04-22,7664.4560546875,414.2096862792969,294.189208984375,4409.5625,1355.014892578125,3311.8310546875,5980.326171875,2732.236083984375,7701.8740234375,1941.05078125,912.57666015625,133.5967559814453,181.97964477539062,41.86917495727539,225.45230102539062
2021-04-23,7555.5771484375,417.69879150390625,291.29718017578125,4390.35009765625,1349.1864013671875,3291.35986328125,6093.85791015625,2723.271240234375,7719.85791015625,1937.555419921875,901.107177734375,133.07870483398438,181.64022827148438,42.52751922607422,222.05979919433594
2021-04-26,7521.61474609375,421.4371032714844,295.73486328125,4360.9990234375,1347.1767578125,3210.972900390625,6194.4423828125,2695.879638671875,7599.9541015625,1927.5677490234375,897.616455078125,133.83584594726562,185.7325439453125,42.78187561035156,221.91012573242188
2021-04-27,7552.5810546875,439.0323791503906,294.48834228515625,4325.244140625,1343.3582763671875,3224.953369140625,6129.71044921875,2686.914794921875,7472.0556640625,1926.56884765625,898.2147827148438,134.53323364257812,186.15179443359375,43.46514892578125,220.96221923828125
2021-04-28,7498.64111328125,441.9732666015625,303.6631164550781,4351.927734375,1343.1573486328125,3243.92626953125,6141.65966796875,2669.981689453125,7547.99658203125,1925.07080078125,895.322509765625,134.63284301757812,188.60723876953125,44.99129104614258,219.21607971191406
2021-04-29,7389.76171875,452.8891906738281,301.169921875,4496.546875,1336.122802734375,3266.39453125,6130.705078125,2615.69482421875,7462.57470703125,1871.962646484375,889.6375122070312,134.97158813476562,188.36769104003906,45.34041213989258,219.4156036376953
2021-04-30,7706.40966796875,451.3938903808594,302.1672058105469,4516.29296875,1346.171630859375,3246.422607421875,6051.0341796875,2671.475830078125,7394.6240234375,1877.45654296875,908.1882934570312,136.28662109375,175.17234802246094,45.320465087890625,220.51321411132812
2021-05-04,7620.50537109375,439.8299255371094,309.2975769042969,4486.94140625,1338.7352294921875,3244.426025390625,6092.86181640625,2704.345703125,7156.796875,1855.9801025390625,912.8759155273438,137.30279541015625,170.58091735839844,44.93144226074219,221.56089782714844
2021-05-05,7665.455078125,452.9888610839844,317.6246643066406,4505.61962890625,1346.171630859375,3235.438720703125,6381.669921875,2705.34130859375,7226.74609375,1883.4501953125,907.6896362304688,140.0125732421875,176.4300079345703,46.11345672607422,224.205078125
2021-05-06,7671.44873046875,453.7366027832031,313.6722106933594,4594.2041015625,1350.7943115234375,3256.908203125,6450.38671875,2792.000244140625,7094.841796875,1896.9354248046875,931.3269653320312,141.48703002929688,176.7693634033203,46.08852767944336,225.4024200439453
2021-05-07,7726.3876953125,449.7988586425781,312.72467041015625,4560.58544921875,1362.25048828125,3279.37646484375,6508.1474609375,2827.361083984375,7164.79150390625,1910.9202880859375,929.232421875,141.28778076171875,181.20106506347656,46.43763732910156,226.99888610839844
2021-05-10,7708.4072265625,452.9888610839844,314.8690490722656,4566.45556640625,1358.4315185546875,3260.403076171875,6630.642578125,2813.91455078125,7070.859375,1870.4644775390625,927.5370483398438,141.88551330566406,185.11378479003906,47.72937774658203,229.49339294433594
2021-05-11,7623.501953125,438.63360595703125,303.7982177734375,4504.5517578125,1336.725830078125,3185.5087890625,6514.1240234375,2755.643798828125,7074.85693359375,1811.02880859375,911.8786010742188,138.3787384033203,179.6639404296875,46.55733108520508,223.20726013183594
2021-05-12,7777.33056640625,442.5215148925781,314.4700622558594,4530.16650390625,1354.412109375,3293.856201171875,6547.98486328125,2806.44384765625,6966.93408203125,1814.5252685546875,917.2642822265625,139.61407470703125,181.12123107910156,47.17078399658203,226.84921264648438
2021-05-13,7843.25732421875,442.3719482421875,307.58819580078125,4564.32080078125,1360.0396728515625,3298.848876953125,6278.09716796875,2808.435302734375,7078.85400390625,1822.5164794921875,921.5527954101562,138.93663024902344,177.86732482910156,46.886505126953125,226.89913940429688
2021-05-14,7855.2431640625,447.4062805175781,312.82440185546875,4582.9990234375,1377.123046875,3348.77880859375,6109.791015625,2815.906005859375,7184.7763671875,1856.4794921875,933.6207885742188,140.19189453125,180.3626251220703,48.12836456298828,230.44129943847656
2021-05-17,7886.20849609375,442.02301025390625,314.56976318359375,4600.60791015625,1386.3680419921875,3356.268310546875,6249.216796875,2805.447509765625,7172.78466796875,1847.4892578125,928.634033203125,141.16822814941406,178.88540649414062,47.94882583618164,231.7384490966797
2021-05-18,7921.1689453125,445.31280517578125,315.9661560058594,4566.9892578125,1382.5491943359375,3344.284912109375,6224.31982421875,2793.99267578125,7244.73388671875,1843.4937744140625,927.0382080078125,128.5955810546875,179.9234619140625,48.47748565673828,231.28944396972656
2021-05-19,7945.142578125,441.92333984375,307.538330078125,4569.65771484375,1373.5052490234375,3342.287841796875,6014.18603515625,2768.5927734375,7306.68896484375,1837.0008544921875,928.1353759765625,125.92565155029297,177.74754333496094,47.83909225463867,231.28944396972656
2021-05-20,8121.94580078125,444.5651550292969,309.483154296875,4586.08447265625,1366.9080810546875,3397.7099609375,6003.2314453125,2773.074951171875,7498.5478515625,1871.46337890625,948.381591796875,127.40008544921875,178.54605102539062,48.09843826293945,226.0092315673828
2021-05-21,8125.94091796875,443.06976318359375,311.37823486328125,4565.80419921875,1361.8822021484375,3372.7451171875,5969.37158203125,2791.004638671875,7502.5458984375,1870.4644775390625,942.896240234375,127.00159454345703,178.685791015625,48.347816467285156,225.26068115234375
2021-05-24,8140.92431640625,445.1632385253906,315.56707763671875,4558.33251953125,1361.4801025390625,3385.227294921875,5967.37890625,2787.019775390625,7534.5224609375,1881.9517822265625,947.7831420898438,128.89447021484375,179.34454345703125,48.5971794128418,226.15892028808594
2021-05-25,8073.9990234375,448.5527648925781,309.23388671875,4596.7587890625,1358.8671875,3392.717041015625,5880.73681640625,2764.6083984375,7566.498046875,1881.452392578125,944.491943359375,127.4200210571289,179.30462646484375,48.94629669189453,224.911376953125
2021-05-26,8011.0693359375,445.4623718261719,309.88214111328125,4593.55712890625,1360.0732421875,3404.699951171875,5889.70068359375,2766.1025390625,7534.5224609375,1868.466552734375,953.5677490234375,126.50347137451172,178.92532348632812,48.2929573059082,224.7616424560547
2021-05-27,8090.98046875,448.802001953125,305.7430725097656,4472.40673828125,1346.8060302734375,3381.233154296875,6049.0419921875,2748.67138671875,7348.65673828125,1836.501220703125,940.8017578125,127.89823913574219,183.35704040527344,49.7791862487793,223.56399536132812
2021-05-28,8037.04052734375,453.8860778808594,305.3442077636719,4511.3671875,1351.02734375,3399.207275390625,6039.083984375,2702.353515625,7568.498046875,1837.0008544921875,936.7125854492188,127.81851959228516,182.75814819335938,49.76423263549805,222.8154296875
2021-06-01,7948.1396484375,444.9139709472656,313.92156982421875,4525.7763671875,1344.594970703125,3402.202880859375,6279.0927734375,2704.345703125,7476.56494140625,1844.991943359375,947.5838012695312,127.77864074707031,185.23353576660156,49.65450668334961,224.5121612548828
2021-06-02,7923.16796875,450.2973327636719,320.903076171875,4536.4501953125,1346.6051025390625,3414.685546875,6279.0927734375,2719.785400390625,7492.55322265625,1847.98876953125,958.055908203125,127.24070739746094,186.09193420410156,49.87395477294922,225.06106567382812
2021-06-03,7939.150390625,447.9047546386719,323.24688720703125,4555.6630859375,1350.2235107421875,3395.71240234375,6146.64013671875,2734.72607421875,7432.595703125,1848.4884033203125,919.1428833007812,127.1011962890625,185.99209594726562,49.42508316040039,225.26068115234375
2021-06-04,8046.0302734375,442.5713195800781,318.609130859375,4561.0,1361.0782470703125,3391.218994140625,6193.4462890625,2723.271240234375,7572.494140625,1844.991943359375,912.1591796875,127.45986938476562,183.6165771484375,48.8116340637207,224.56204223632812
2021-06-07,7996.08642578125,444.11651611328125,318.3597412109375,4553.52880859375,1359.2691650390625,3410.69140625,6115.767578125,2763.114013671875,7532.5244140625,1838.9986572265625,913.855224609375,128.6553497314453,186.6309356689453,49.5048942565918,225.16087341308594
2021-06-08,7926.16455078125,442.92022705078125,322.3492431640625,4565.2705078125,1358.666015625,3410.69140625,6166.5576171875,2774.071533203125,7540.51806640625,1862.4730224609375,912.558349609375,128.0974578857422,184.81430053710938,48.776729583740234,225.80960083007812
2021-06-09,8120.947265625,436.73956298828125,323.8951110839844,4564.2021484375,1387.4114990234375,3455.128662109375,6043.06787109375,2799.969482421875,7490.5546875,1883.949462890625,910.8623046875,127.75875091552734,180.1630096435547,48.113399505615234,226.10902404785156
2021-06-10,8272.77734375,434.7955322265625,322.4988098144531,4569.005859375,1403.6934814453125,3452.1328125,6008.2109375,2805.447509765625,7562.501953125,1883.949462890625,911.8599853515625,129.31289672851562,178.72567749023438,48.15330505371094,227.5561981201172
2021-06-11,8330.7119140625,435.5931091308594,323.4462890625,4561.53466796875,1410.5281982421875,3429.165283203125,6093.85791015625,2794.9892578125,7718.388671875,1896.9354248046875,916.44921875,129.3527374267578,180.06321716308594,48.27299499511719,231.14918518066406
2021-06-14,8338.705078125,438.0853271484375,329.5302734375,4584.48291015625,1414.5484619140625,3429.664794921875,6066.96826171875,2784.529541015625,7764.35498046875,1907.4241943359375,917.845947265625,129.51214599609375,179.06503295898438,47.719398498535156,231.2989044189453
2021-06-15,8333.7099609375,434.7955322265625,331.8243103027344,4629.8486328125,1424.197021484375,3473.6025390625,5989.28857421875,2834.333740234375,7834.3046875,1926.4036865234375,924.8295288085938,131.50462341308594,178.88540649414062,47.794212341308594,230.55035400390625
2021-06-16,8394.640625,436.6897277832031,328.0841979980469,4639.98828125,1442.8916015625,3481.591064453125,5995.26416015625,2813.91455078125,7908.25146484375,1941.8865966796875,929.21923828125,129.67153930664062,176.78932189941406,47.574764251708984,229.7019805908203
2021-06-17,8373.6650390625,438.0354919433594,323.197021484375,4645.3251953125,1442.6907958984375,3483.588623046875,5857.8310546875,2835.330322265625,7978.19970703125,1945.3826904296875,927.4232788085938,129.81101989746094,178.48614501953125,47.82912063598633,230.70004272460938
2021-06-18,8374.6640625,428.06658935546875,314.56976318359375,4597.29248046875,1430.630126953125,3454.629638671875,5785.13134765625,2781.043701171875,7960.21337890625,1916.9140625,922.7344360351562,127.20085144042969,171.53915405273438,46.312957763671875,221.31837463378906
2021-06-21,8398.6376953125,425.22540283203125,316.0160217285156,4594.623046875,1422.187255859375,3482.0908203125,5768.20166015625,2800.467041015625,8118.09814453125,1930.8985595703125,924.7297973632812,128.9741973876953,172.6171417236328,46.87652587890625,225.16087341308594
2021-06-22,8340.7021484375,422.4341125488281,321.8505554199219,4605.29833984375,1401.8846435546875,3498.068359375,5856.83642578125,2783.533935546875,8214.0283203125,1933.395751953125,928.0220336914062,129.75125122070312,172.21788024902344,46.64710998535156,223.76358032226562
2021-06-23,8312.732421875,419.5929260253906,323.3466796875,4548.72509765625,1416.3577880859375,3483.588623046875,5901.650390625,2761.1220703125,8092.1171875,1928.4013671875,916.7484741210938,130.169677734375,172.4774169921875,46.88151550292969,222.5659637451172
2021-06-24,8405.6298828125,423.2814636230469,323.4462890625,4534.84814453125,1418.1663818359375,3483.588623046875,5975.3466796875,2760.126220703125,8176.05615234375,1950.37744140625,921.73681640625,124.8664321899414,174.0743865966797,47.07602310180664,222.91525268554688
2021-06-25,8489.537109375,426.2222900390625,324.6431579589844,4546.0576171875,1420.37744140625,3479.094970703125,6037.09130859375,2775.56494140625,8275.982421875,1935.3936767578125,921.0385131835938,122.57437896728516,174.51358032226562,47.10095977783203,224.06298828125
2021-06-28,8656.3515625,419.0943908691406,314.3204345703125,4572.7431640625,1428.41845703125,3480.5927734375,5977.3388671875,2804.949462890625,8142.08056640625,1926.90283203125,923.3331298828125,120.14281463623047,171.1997833251953,46.38776397705078,223.5140838623047
2021-06-29,8664.33984375,419.9916076660156,315.16827392578125,4562.603515625,1432.8409423828125,3478.595703125,6003.2314453125,2817.40087890625,8162.06689453125,1913.417724609375,921.6370239257812,120.68094635009766,172.87664794921875,46.67204284667969,222.41622924804688
2021-06-30,8673.3310546875,416.00408935546875,314.17095947265625,4515.6357421875,1426.6094970703125,3456.127197265625,5924.556640625,2789.01220703125,7964.2099609375,1916.9140625,918.6439819335938,120.92011260986328,170.80052185058594,46.57229995727539,222.5160369873047
2021-07-01,8732.2666015625,422.0353698730469,323.64581298828125,4548.1923828125,1445.3040771484375,3490.079345703125,5909.61767578125,2816.902587890625,7872.27685546875,1962.864013671875,923.3331298828125,121.27886962890625,174.9727325439453,47.499961853027344,222.66574096679688
2021-07-02,8769.224609375,415.35614013671875,320.5540466308594,4557.7998046875,1445.1026611328125,3475.100341796875,5931.52734375,2809.929931640625,7890.2646484375,1977.8472900390625,921.73681640625,121.43831634521484,172.03822326660156,46.70696258544922,224.16281127929688
2021-07-05,8668.3388671875,421.7861328125,323.396484375,4551.9287109375,1439.6754150390625,3474.601318359375,6015.1826171875,2817.40087890625,7870.27783203125,1972.3536376953125,921.8365478515625,121.73728942871094,177.3682403564453,47.5897216796875,231.04940795898438
2021-07-06,8711.2880859375,415.2065734863281,309.9819030761719,4581.28125,1441.4844970703125,3469.608154296875,5860.8193359375,2792.000244140625,7964.2099609375,1997.825439453125,927.8223876953125,118.86723327636719,171.1997833251953,46.32292556762695,233.79403686523438
2021-07-07,8648.3583984375,416.65216064453125,306.8900451660156,4653.865234375,1444.298828125,3483.089111328125,6013.19091796875,2810.92578125,8054.14404296875,2020.80078125,938.7966918945312,118.66793060302734,172.17796325683594,46.67204284667969,236.98779296875
2021-07-08,8579.4375,409.32489013671875,306.8900451660156,4586.619140625,1433.2430419921875,3428.666259765625,5841.896484375,2748.2001953125,7858.2880859375,1983.8409423828125,933.4092407226562,117.45215606689453,167.32704162597656,45.50000762939453,233.79403686523438
2021-07-09,8638.3701171875,412.81402587890625,310.0816650390625,4584.48291015625,1442.489501953125,3429.165283203125,6080.91162109375,2762.148193359375,7866.28125,2005.8170166015625,937.3999633789062,118.2294692993164,173.03634643554688,46.592247009277344,237.23728942871094
2021-07-12,8752.244140625,411.5679626464844,308.3362731933594,4597.8271484375,1446.1077880859375,3445.64208984375,6074.935546875,2762.148193359375,7936.22998046875,2026.794189453125,942.8871459960938,119.24592590332031,172.3975372314453,47.051090240478516,235.54061889648438
2021-07-13,8749.2470703125,410.91998291015625,305.0948181152344,4633.04931640625,1451.5355224609375,3497.069580078125,6051.0341796875,2771.612060546875,7794.33349609375,2056.761962890625,940.3929443359375,118.90711212158203,169.6826171875,46.63214874267578,236.48875427246094
2021-07-14,8659.34765625,409.7734680175781,303.9477844238281,4595.1572265625,1445.1026611328125,3482.0908203125,6062.98486328125,2789.545166015625,7654.43505859375,2047.7711181640625,928.9198608398438,117.07347106933594,170.3813018798828,46.816680908203125,235.19129943847656
2021-07-15,8336.7080078125,407.4806213378906,295.2707214355469,4575.41064453125,1414.146484375,3472.60400390625,6116.76318359375,2782.5712890625,7562.501953125,2033.7867431640625,925.6276245117188,114.90101623535156,168.80429077148438,46.442626953125,232.49655151367188
2021-07-16,8330.7119140625,401.99774169921875,291.48077392578125,4651.72998046875,1431.8359375,3495.57177734375,5906.6298828125,2836.369873046875,7594.47900390625,2053.764892578125,940.7920532226562,116.19651794433594,165.11117553710938,45.60474395751953,234.44276428222656
2021-07-19,8297.748046875,390.5832824707031,277.7171325683594,4638.9208984375,1421.181884765625,3428.666259765625,5731.35302734375,2735.746337890625,7594.47900390625,2022.798583984375,928.820068359375,112.60897064208984,159.02255249023438,43.39033508300781,230.74996948242188
2021-07-20,8446.5859375,394.57086181640625,279.4126281738281,4612.76806640625,1419.5738525390625,3438.652099609375,5812.021484375,2713.828857421875,7494.55078125,2035.7845458984375,919.8411865234375,112.94780731201172,161.3582000732422,43.97386169433594,229.20298767089844
2021-07-21,8449.5791015625,400.6021423339844,288.68817138671875,4593.0234375,1420.981201171875,3461.61962890625,5946.46630859375,2732.260009765625,7554.50830078125,2030.789794921875,919.3424682617188,114.70170593261719,166.88783264160156,45.52494430541992,230.84976196289062
2021-07-22,8449.5791015625,399.4557189941406,283.25250244140625,4323.5048828125,1416.75927734375,3467.611328125,5821.97900390625,2724.787841796875,7544.515625,2058.759521484375,916.3494262695312,115.6384506225586,165.01136779785156,45.11597442626953,231.34881591796875
2021-07-23,8470.5576171875,400.35284423828125,283.3521423339844,4423.30712890625,1423.1920166015625,3500.564697265625,5901.650390625,2758.660888671875,7618.46142578125,2063.753662109375,927.3236694335938,118.42876434326172,166.8079833984375,45.769325256347656,233.84393310546875
2021-07-26,8282.7666015625,401.6488037109375,291.48077392578125,4302.68896484375,1406.90966796875,3456.627197265625,6084.89501953125,2755.671875,7418.6064453125,2029.790771484375,925.9268798828125,117.19306945800781,169.12367248535156,46.43763732910156,231.94764709472656
2021-07-27,8243.80859375,402.047607421875,290.6330261230469,4324.57275390625,1406.306640625,3475.100341796875,6016.177734375,2760.15478515625,7332.66943359375,2026.794189453125,928.820068359375,116.3360366821289,169.06378173828125,46.40272521972656,233.94374084472656
2021-07-28,8256.7939453125,395.368408203125,291.03179931640625,4322.43701171875,1408.7191162109375,3508.053955078125,6101.826171875,2723.79150390625,7308.6865234375,2031.788818359375,927.7228393554688,114.94087219238281,172.43746948242188,46.66206741333008,232.6961669921875
2021-07-29,8267.7841796875,399.7547912597656,294.87176513671875,4383.81298828125,1413.54345703125,3535.01611328125,6260.171875,2712.8330078125,7312.68408203125,2097.716552734375,924.8295288085938,115.99720001220703,175.89100646972656,46.083534240722656,232.79598999023438
2021-07-30,8258.79296875,396.21575927734375,288.4388122558594,4430.77783203125,1425.00146484375,3565.47314453125,6075.93212890625,2670.49169921875,7484.55908203125,2111.701416015625,921.936279296875,115.7779769897461,174.1742401123047,45.519954681396484,232.54644775390625
2021-08-02,8264.787109375,394.91973876953125,288.9873046875,4411.564453125,1434.85107421875,3595.430908203125,6190.4580078125,2693.903564453125,7494.55078125,2113.69970703125,925.9268798828125,116.39582061767578,175.57159423828125,46.118446350097656,233.14527893066406
2021-08-03,8287.76171875,396.8139343261719,305.2942199707031,4435.58251953125,1440.6805419921875,3583.947265625,6255.1923828125,2695.895751953125,7410.6123046875,2128.68310546875,925.7273559570312,117.2927017211914,176.03079223632812,46.731895446777344,234.9417724609375
2021-08-04,8260.7919921875,399.15655517578125,302.2024230957031,4402.4921875,1440.881591796875,3608.41259765625,6266.1474609375,2668.9970703125,7454.58056640625,2170.6376953125,925.1288452148438,116.5154037475586,178.506103515625,47.18574905395508,232.89581298828125
2021-08-05,8332.7109375,401.6488037109375,304.9451599121094,4376.7529296875,1449.323974609375,3599.425537109375,6002.23583984375,2646.580322265625,7462.57470703125,2155.796142578125,931.813232421875,117.05353546142578,179.38449096679688,45.79576110839844,231.39869689941406
2021-08-06,8147.9169921875,408.5772399902344,306.6406555175781,4368.21337890625,1443.695556640625,3582.94873046875,6008.2109375,2639.60693359375,7838.30126953125,2129.822509765625,939.1958618164062,118.24940490722656,182.3189697265625,46.46915817260742,232.6961669921875
2021-08-09,8185.87548828125,409.4745178222656,304.6459655761719,4402.90673828125,1455.756591796875,3586.443603515625,6064.97705078125,2647.5771484375,7800.32958984375,2136.8154296875,942.8871459960938,118.9668960571289,184.03578186035156,46.52901077270508,233.19520568847656
2021-08-10,8139.92626953125,408.67694091796875,308.0868835449219,4384.22607421875,1453.3443603515625,3587.941650390625,6138.673828125,2638.112548828125,7844.296875,2130.8212890625,949.2721557617188,118.86723327636719,185.03392028808594,46.52901077270508,234.04354858398438
2021-08-11,8170.8916015625,411.41845703125,310.8795471191406,4415.71728515625,1472.8427734375,3588.440673828125,6075.93212890625,2665.509765625,8092.1171875,2157.79345703125,945.580810546875,119.56482696533203,186.15179443359375,46.374385833740234,238.43496704101562
2021-08-12,8290.416015625,408.67694091796875,306.1809387207031,4408.77734375,1481.4866943359375,3606.914794921875,5617.55859375,2661.02685546875,7968.20703125,2166.784423828125,948.2744750976562,120.18267822265625,183.9357147216797,46.444217681884766,240.7305145263672
2021-08-13,8417.28515625,410.2221374511719,304.5848693847656,4439.73583984375,1499.3770751953125,3630.3818359375,5630.513671875,2675.970703125,7924.23974609375,2168.78271484375,953.2627563476562,119.88371276855469,184.77427673339844,46.119991302490234,242.47711181640625
2021-08-16,8468.23046875,403.9417419433594,297.25323486328125,4408.77734375,1506.814697265625,3614.90380859375,5514.91357421875,2669.992919921875,7986.1943359375,2162.788818359375,954.6595458984375,119.08648681640625,182.5980682373047,45.52141571044922,241.62875366210938
2021-08-17,8576.119140625,404.58966064453125,301.6921691894531,4444.53857421875,1524.102294921875,3621.39453125,5460.10400390625,2692.4091796875,8070.13330078125,2170.78076171875,960.4459228515625,119.9833755493164,181.89930725097656,44.8829345703125,244.77264404296875
2021-08-18,8722.9677734375,404.19091796875,301.8916320800781,4378.35400390625,1533.5498046875,3619.396728515625,5319.59130859375,2685.93310546875,8082.125,2167.783447265625,966.53173828125,121.25894165039062,182.07899475097656,44.558712005615234,244.82254028320312
2021-08-19,8726.962890625,392.92578125,287.0290222167969,4385.29248046875,1521.5228271484375,3561.978271484375,5174.09326171875,2660.0302734375,7990.43896484375,2169.78125,976.0094604492188,120.800537109375,178.5851593017578,43.7257080078125,243.52503967285156
2021-08-20,8721.96875,394.9696350097656,287.1286926269531,4414.64990234375,1523.332275390625,3518.0400390625,5207.9765625,2701.375244140625,8030.41015625,2172.778564453125,976.707763671875,122.25546264648438,179.00442504882812,43.880332946777344,246.0201873779297
2021-08-23,8615.080078125,394.07244873046875,294.26080322265625,4393.30029296875,1510.2645263671875,3526.528076171875,5235.8798828125,2695.895751953125,8086.37109375,2177.773681640625,965.7335205078125,121.89673614501953,180.28216552734375,43.85040283203125,251.01046752929688
2021-08-24,8521.177734375,389.2367858886719,298.1012268066406,4358.07177734375,1491.5670166015625,3522.033935546875,5391.34130859375,2677.963134765625,8132.33935546875,2175.775390625,961.34375,121.97644805908203,181.5,43.6558723449707,250.5613250732422
2021-08-25,8544.1533203125,397.61175537109375,297.6024475097656,4312.70361328125,1490.5616455078125,3514.54541015625,5403.30029296875,2691.910400390625,8048.39892578125,2162.788818359375,948.2744750976562,122.55445098876953,184.81414794921875,44.40907287597656,251.06039428710938
2021-08-26,8571.1240234375,394.27178955078125,295.8069152832031,4336.72119140625,1486.3397216796875,3477.0390625,5297.666015625,2683.94140625,7972.451171875,2173.777587890625,941.390625,122.07611083984375,184.2152099609375,44.11975860595703,252.50753784179688
2021-08-27,8556.1396484375,393.7732238769531,301.7419738769531,4318.04052734375,1483.3238525390625,3483.03173828125,5385.3623046875,2688.921875,8018.41845703125,2174.776123046875,935.7039794921875,122.31526947021484,185.47299194335938,43.98508071899414,254.3539276123047
2021-08-31,8505.193359375,385.0492858886719,296.20599365234375,4319.10888671875,1469.653076171875,3489.5234375,5363.439453125,2718.810546875,7950.466796875,2179.770751953125,939.095947265625,121.53797149658203,184.57460021972656,43.670833587646484,254.65333557128906
2021-09-01,8507.19140625,385.59765625,293.51263427734375,4316.9736328125,1479.1019287109375,3548.447509765625,5313.61083984375,2695.3974609375,8056.392578125,2192.758056640625,944.0844116210938,121.83694458007812,183.65623474121094,43.91524887084961,255.50172424316406
2021-09-02,8605.08984375,386.09619140625,299.1485595703125,4228.37109375,1483.92724609375,3551.443359375,5387.35595703125,2708.846923828125,8078.376953125,2200.750244140625,941.7896728515625,120.84040069580078,185.153564453125,43.52118682861328,256.1005554199219
2021-09-03,8500.1982421875,383.30450439453125,295.8568115234375,4246.5185546875,1486.5408935546875,3525.9765625,5389.34765625,2700.877197265625,8062.38818359375,2188.76220703125,939.2955932617188,120.40192413330078,184.37493896484375,43.30670166015625,255.20228576660156
2021-09-06,8636.0576171875,386.09619140625,297.7021789550781,4272.138671875,1495.9896240234375,3556.936279296875,5318.59326171875,2727.776611328125,8196.2958984375,2210.739501953125,934.2074584960938,121.17921447753906,185.27337646484375,43.670833587646484,256.8989562988281
2021-09-07,8461.240234375,381.3603210449219,297.6523132324219,4258.2607421875,1478.498779296875,3511.4951171875,5341.51513671875,2712.334228515625,8194.2978515625,2202.747802734375,928.3213500976562,121.85685729980469,185.05374145507812,43.14707565307617,257.89703369140625
2021-09-08,8305.3994140625,379.4161376953125,297.5026550292969,4294.021484375,1460.60546875,3507.99951171875,5286.70361328125,2712.8330078125,8192.2978515625,2200.750244140625,945.8800659179688,121.41838836669922,182.0989532470703,42.3040885925293,256.499755859375
2021-09-09,8195.513671875,375.3284606933594,293.9616394042969,4233.17431640625,1434.2685546875,3482.5322265625,5145.193359375,2653.056640625,8086.37109375,2183.766845703125,940.7920532226562,118.4686279296875,181.42015075683594,42.403846740722656,254.1543426513672
2021-09-10,8164.54541015625,374.2814636230469,294.9091491699219,4226.23486328125,1427.0306396484375,3507.000732421875,5245.845703125,2645.584228515625,8120.34814453125,2175.775390625,933.7088623046875,116.3559799194336,179.9427490234375,42.463706970214844,253.90481567382812
2021-09-13,8089.623046875,379.216796875,301.5425720214844,4268.6767578125,1422.808837890625,3526.97509765625,5268.7666015625,2648.5732421875,8086.37109375,2185.765625,957.4529418945312,117.31263732910156,183.81594848632812,43.52418518066406,255.70135498046875
2021-09-14,8121.5908203125,371.7889709472656,299.248291015625,4278.0087890625,1421.6026611328125,3504.503662109375,5161.138671875,2649.0712890625,8100.361328125,2191.759033203125,964.0375366210938,115.65837860107422,180.62155151367188,43.451358795166016,255.3020782470703
2021-09-15,8116.595703125,371.3403625488281,308.4751281738281,4236.9111328125,1404.91552734375,3454.068603515625,5201.0,2659.532470703125,8032.4091796875,2163.787353515625,957.4529418945312,114.26323699951172,179.54347229003906,44.03496551513672,254.20420837402344
2021-09-16,8132.5791015625,367.80084228515625,305.183349609375,4212.35791015625,1402.3021240234375,3462.557861328125,4992.720703125,2653.554931640625,8134.33837890625,2195.755126953125,964.73583984375,114.60206604003906,182.3784637451172,44.66345977783203,256.64947509765625
2021-09-17,8054.6591796875,374.9295349121094,303.88665771484375,4182.46728515625,1395.46630859375,3453.569091796875,4812.84375,2648.075439453125,8004.4287109375,2193.757080078125,962.9400634765625,113.92440795898438,182.3984375,44.93781280517578,255.45176696777344
2021-09-20,8550.146484375,360.62237548828125,302.93902587890625,4257.19189453125,1411.3494873046875,3432.596435546875,4697.7421875,2631.636962890625,7834.54736328125,2192.758056640625,954.4600830078125,113.74503326416016,174.6121368408203,43.04233169555664,253.9547119140625
2021-09-21,8700.990234375,358.6781005859375,308.0262756347656,4283.880859375,1426.427734375,3476.539794921875,4690.76611328125,2656.045654296875,7968.45361328125,2217.732421875,955.4577026367188,113.64539337158203,174.7119903564453,42.373924255371094,256.6993713378906
2021-09-22,8608.0869140625,374.2814636230469,315.9563293457031,4290.81982421875,1436.4801025390625,3506.5009765625,4824.3046875,2682.94482421875,7958.4609375,2223.72607421875,944.7826538085938,115.00067138671875,180.9010772705078,43.875343322753906,261.1407165527344
2021-09-23,8659.0341796875,375.7272033691406,316.9538269042969,4260.39599609375,1421.4014892578125,3501.00830078125,4841.24560546875,2660.528076171875,7936.4755859375,2212.73779296875,932.7109985351562,113.9443359375,183.63626098632812,44.9527702331543,259.0447692871094
2021-09-24,8835.8515625,374.33135986328125,319.39764404296875,4259.32861328125,1395.26513671875,3479.535888671875,4813.83984375,2648.075439453125,7820.556640625,2192.758056640625,917.247314453125,113.40619659423828,183.41664123535156,45.321895599365234,256.998779296875
2021-09-27,8558.1376953125,384.8000793457031,330.4698791503906,4232.640625,1394.46142578125,3493.5185546875,4786.43505859375,2663.517822265625,7548.74560546875,2145.80615234375,906.77197265625,115.47900390625,187.4495391845703,45.73091506958008,257.39801025390625
2021-09-28,8465.234375,384.2017822265625,335.756591796875,4283.34619140625,1390.239013671875,3520.483642578125,4759.0302734375,2690.41650390625,7346.88720703125,2122.8291015625,893.2037353515625,114.58212280273438,185.99209594726562,45.3917236328125,255.8509979248047
2021-09-29,8823.8623046875,392.3275451660156,337.4522705078125,4337.7890625,1412.3544921875,3556.936279296875,4803.875,2726.28173828125,7400.8486328125,2154.797119140625,896.19677734375,115.10033416748047,187.4495391845703,46.324501037597656,256.0007019042969
2021-09-30,8948.734375,388.88787841796875,339.447265625,4275.34130859375,1410.94677734375,3601.3798828125,4896.55419921875,2594.7880859375,7444.81787109375,2144.80712890625,882.52880859375,112.90795135498047,189.2663116455078,46.45917892456055,252.80697631835938
2021-10-01,8763.92578125,387.4920349121094,337.1031799316406,4241.18115234375,1392.8526611328125,3526.4755859375,4791.41796875,2530.5166015625,7442.818359375,2167.783447265625,893.10400390625,111.8117446899414,187.54937744140625,45.132347106933594,247.46737670898438
2021-10-04,8816.87109375,383.05523681640625,343.5869140625,4215.02587890625,1392.048828125,3514.99072265625,4795.90283203125,2557.919189453125,7406.8447265625,2136.8154296875,900.7860107421875,113.38629150390625,186.9503936767578,44.69339370727539,251.16015625
2021-10-05,8846.8388671875,391.8290710449219,349.7713928222656,4183.00048828125,1395.26513671875,3533.466796875,4790.421875,2540.978759765625,7462.8056640625,2160.790771484375,908.2684936523438,114.26323699951172,194.25755310058594,46.40929412841797,252.50753784179688
2021-10-06,8768.919921875,405.0894470214844,340.6941833496094,4139.7685546875,1387.625732421875,3506.5009765625,4767.99853515625,2516.565673828125,7440.82177734375,2142.808837890625,901.484375,111.2337646484375,191.56227111816406,45.94041061401367,267.5282287597656
2021-10-07,8867.818359375,414.8104553222656,343.93597412109375,4135.4970703125,1408.1324462890625,3546.949462890625,4933.42724609375,2525.03564453125,7596.712890625,2163.787353515625,894.3012084960938,112.05091857910156,193.3990478515625,46.38934326171875,272.6182861328125
2021-10-08,8879.8037109375,418.2998962402344,352.6640625,4127.49072265625,1406.322998046875,3538.95947265625,4912.0009765625,2528.025390625,7644.6796875,2143.80810546875,887.9161376953125,111.71208953857422,194.8165283203125,46.74848937988281,275.0635070800781
2021-10-11,8993.6875,429.5163879394531,359.39715576171875,4125.890625,1400.0908203125,3547.947998046875,5083.40625,2531.512939453125,7618.697265625,2152.798828125,884.8234252929688,111.3732681274414,197.33209228515625,47.81594467163086,269.82379150390625
2021-10-12,8886.798828125,427.7218322753906,357.30242919921875,4111.47900390625,1412.3544921875,3558.93359375,4987.73779296875,2530.5166015625,7748.60693359375,2147.8037109375,887.81640625,110.63581848144531,197.11248779296875,48.40953063964844,269.57427978515625
2021-10-13,8845.8408203125,423.2850646972656,354.0605773925781,4126.4248046875,1408.3333740234375,3591.392333984375,4912.9970703125,2560.410400390625,7924.48486328125,2163.787353515625,899.8880004882812,109.75885772705078,192.5804901123047,47.64634323120117,268.8257141113281
2021-10-14,8804.8828125,424.7307434082031,356.8038024902344,4141.90234375,1409.1376953125,3634.3369140625,5093.373046875,2583.826904296875,7828.55126953125,2189.760986328125,899.2894897460938,110.73548126220703,194.05787658691406,48.32472610473633,265.51373291015625
2021-10-15,8785.9033203125,432.9063720703125,362.68896484375,4113.61474609375,1406.926025390625,3610.867431640625,5020.62353515625,2589.8056640625,7902.50048828125,2184.76611328125,895.099365234375,110.0578384399414,197.47186279296875,48.998130798339844,267.4103088378906
2021-10-18,8690.0029296875,431.5104675292969,360.5443115234375,4097.60205078125,1402.9049072265625,3602.878173828125,4984.74951171875,2574.360595703125,7916.48974609375,2189.760986328125,903.7789306640625,109.0613021850586,199.10897827148438,49.157745361328125,269.00738525390625
2021-10-19,8729.9599609375,430.8125915527344,361.0430603027344,4042.62548828125,1414.56591796875,3601.87890625,5032.583984375,2570.873291015625,8056.392578125,2199.75048828125,901.683837890625,109.02143096923828,199.1688690185547,49.28244400024414,273.7486572265625
2021-10-20,8758.9296875,432.00897216796875,362.1902160644531,4076.785400390625,1415.5712890625,3638.831787109375,4868.650390625,2594.289794921875,7948.466796875,2212.73779296875,911.76025390625,111.61243438720703,198.0907745361328,48.93328094482422,271.6524963378906
2021-10-21,8853.8330078125,433.4547424316406,355.30743408203125,4124.2890625,1418.1844482421875,3601.87890625,4632.966796875,2589.8056640625,8078.376953125,2247.701904296875,905.3751831054688,110.4963150024414,196.553466796875,48.205020904541016,270.2052307128906
2021-10-22,8986.6943359375,433.5044860839844,354.1105041503906,4155.78173828125,1428.2373046875,3634.83642578125,4656.384765625,2590.802490234375,7594.7138671875,2243.7060546875,910.0640869140625,110.43651580810547,198.51004028320312,48.60905075073242,270.25506591796875
2021-10-25,8932.751953125,441.7299499511719,359.7463073730469,4141.3681640625,1432.056884765625,3615.86083984375,4750.0615234375,2573.862548828125,7442.818359375,2224.725341796875,909.3657836914062,110.33686828613281,200.24696350097656,48.658931732177734,273.19970703125
2021-10-26,8993.6875,445.8177185058594,358.2999572753906,4182.46728515625,1441.707275390625,3624.350341796875,4708.7041015625,2584.822998046875,7384.8603515625,2240.708984375,920.6393432617188,112.17049407958984,202.44308471679688,48.883399963378906,273.3993835449219
2021-10-27,8984.6962890625,443.37506103515625,356.7040100097656,4155.78173828125,1449.346923828125,3608.869873046875,4641.43701171875,2590.303955078125,7286.927734375,2251.69775390625,934.5068359375,111.63237762451172,199.10897827148438,48.8434944152832,271.0535888671875
2021-10-28,9050.6279296875,439.0878601074219,351.1678771972656,4163.251953125,1506.846435546875,3629.343505859375,4580.1494140625,2575.357177734375,7145.02685546875,2256.692626953125,943.086669921875,108.6029052734375,198.92929077148438,49.46201705932617,269.1071472167969
2021-10-29,9084.59375,440.1845397949219,349.3225402832031,4176.0634765625,1516.4969482421875,3627.34619140625,4544.771484375,2537.4912109375,7095.0615234375,2261.687255859375,933.2099609375,107.66613006591797,201.8940887451172,50.10049057006836,269.4066467285156
2021-11-01,9128.5458984375,445.169677734375,356.1054382324219,4194.744140625,1552.484130859375,3651.81494140625,4544.771484375,2543.469970703125,7145.02685546875,2271.677001953125,944.7826538085938,108.9815673828125,200.49652099609375,50.98838424682617,271.4529113769531
2021-11-02,9417.248046875,443.2254943847656,344.0856628417969,4226.23486328125,1572.7900390625,3708.741943359375,4445.1162109375,2530.5166015625,7161.01513671875,2304.6435546875,946.0796508789062,108.08468627929688,198.11073303222656,50.90856170654297,271.5028381347656
2021-11-03,9330.33984375,443.17559814453125,334.01092529296875,4210.75634765625,1578.8211669921875,3710.240234375,4445.6142578125,2509.590576171875,7045.09619140625,2319.628173828125,944.8824462890625,106.56993865966797,199.1688690185547,50.37983322143555,273.0500183105469
2021-11-04,9433.232421875,432.2083435058594,338.6493225097656,4163.6513671875,1578.620361328125,3765.668701171875,4420.203125,2503.61181640625,7075.07568359375,2362.584228515625,953.4623413085938,109.77881622314453,191.16294860839844,48.13518142700195,275.0962219238281
2021-11-05,9299.37109375,435.9472351074219,344.534423828125,4163.6513671875,1584.2491455078125,3773.658447265625,4409.24072265625,2535.00048828125,7113.04931640625,2347.599609375,947.775634765625,110.97464752197266,192.04144287109375,48.9881477355957,274.8466796875
2021-11-08,9321.3466796875,432.8564453125,344.38494873046875,4142.2998046875,1566.3563232421875,3741.200439453125,4458.56982421875,2522.544921875,7093.06201171875,2327.620361328125,948.9727783203125,110.57604217529297,192.10133361816406,49.04301834106445,274.3476257324219
2021-11-09,9279.390625,428.41973876953125,343.5869140625,4171.65966796875,1567.964599609375,3736.20654296875,4425.18603515625,2536.4951171875,7041.09912109375,2335.612060546875,940.3929443359375,111.39319610595703,189.6656036376953,48.26487731933594,277.99090576171875
2021-11-10,9374.2939453125,430.01495361328125,346.9284362792969,4182.8681640625,1598.5238037109375,3761.174560546875,4429.6689453125,2571.371337890625,7103.05615234375,2357.58935546875,962.4412841796875,111.87154388427734,192.4207305908203,49.1627311706543,284.4291687011719
2021-11-11,9434.232421875,432.25823974609375,344.3257751464844,4183.9365234375,1598.121826171875,3796.628662109375,4581.146484375,2581.335205078125,6987.13720703125,2360.586669921875,966.53173828125,113.62544250488281,196.25401306152344,49.76130294799805,283.181396484375
2021-11-12,8791.896484375,432.9063720703125,340.0859680175781,4180.2001953125,1601.7406005859375,3821.097412109375,4546.76513671875,2603.75634765625,6933.17431640625,2377.56884765625,975.5106201171875,113.16704559326172,194.956298828125,49.11284637451172,284.47900390625
2021-11-15,8958.7236328125,435.3988342285156,340.7344055175781,4171.65966796875,1595.709228515625,3812.109130859375,4498.431640625,2609.7353515625,7161.01513671875,2355.591796875,979.3016357421875,112.11071014404297,195.65504455566406,49.511898040771484,285.37738037109375
2021-11-16,8593.103515625,438.68902587890625,343.72711181640625,4136.427734375,1566.1552734375,3857.551025390625,4438.1416015625,2584.3251953125,7089.06591796875,2337.610107421875,972.1185302734375,117.51195526123047,195.43544006347656,49.85108947753906,280.13702392578125
2021-11-17,8581.115234375,438.2901916503906,341.1833190917969,4116.14404296875,1567.1607666015625,3876.526123046875,4437.64208984375,2565.392333984375,6661.36376953125,2337.610107421875,972.7171020507812,113.78490447998047,195.35562133789062,49.866058349609375,277.34210205078125
2021-11-18,8372.33203125,437.6919860839844,335.6466064453125,4081.44677734375,1520.144287109375,3887.5126953125,4360.4091796875,2556.42431640625,6675.3544921875,2337.610107421875,984.190185546875,114.64190673828125,194.99623107910156,49.77128219604492,278.83935546875
2021-11-19,8470.2294921875,430.4137268066406,325.7701416015625,4109.20361328125,1529.79638671875,3873.031005859375,4439.6357421875,2535.49853515625,6699.33740234375,2364.58251953125,981.197265625,113.22683715820312,190.62391662597656,48.938262939453125,278.34033203125
2021-11-22,8434.2666015625,435.648193359375,333.6014404296875,4118.81396484375,1534.4210205078125,3896.5009765625,4523.84423828125,2570.374755859375,6679.35107421875,2364.58251953125,982.6936645507812,116.83431243896484,194.3972930908203,49.61166763305664,280.3865661621094
2021-11-23,8471.2275390625,441.6302490234375,338.58953857421875,4166.32177734375,1541.6597900390625,3862.045166015625,4654.3916015625,2576.85205078125,6729.3154296875,2328.619140625,990.076416015625,115.57865905761719,193.43894958496094,49.71641159057617,279.28851318359375
2021-11-24,8462.23828125,442.029052734375,343.6773681640625,4172.7275390625,1547.89306640625,3870.03466796875,4701.728515625,2573.3642578125,6805.2626953125,2340.60693359375,995.9625854492188,117.3724365234375,193.01968383789062,49.39717483520508,279.98724365234375
2021-11-25,8499.19921875,442.47772216796875,343.9267272949219,4242.6552734375,1548.2952880859375,3906.987060546875,4651.900390625,2602.261962890625,6819.25390625,2347.599609375,1004.6422119140625,113.74089813232422,195.15594482421875,49.56676483154297,279.83758544921875
2021-11-26,8402.30078125,412.8163146972656,316.89141845703125,4218.63427734375,1518.93798828125,3754.682861328125,4526.8330078125,2532.010498046875,6845.236328125,2306.64111328125,999.8534545898438,109.27499389648438,181.34033203125,45.89053726196289,278.6397399902344
2021-11-29,8358.345703125,415.20916748046875,326.9175109863281,4186.072265625,1533.2144775390625,3818.60107421875,4605.5615234375,2546.958251953125,6865.22119140625,2340.60693359375,998.855712890625,109.77342987060547,182.9574432373047,46.688629150390625,278.4899597167969
2021-11-30,8267.4404296875,418.1004943847656,324.67279052734375,4119.8798828125,1533.2144775390625,3794.631591796875,4596.09375,2521.050048828125,6497.47802734375,2334.61279296875,1004.2431640625,108.9958724975586,183.89578247070312,46.688629150390625,276.2441101074219
2021-12-01,8305.3994140625,427.9212646484375,332.10504150390625,4115.07470703125,1549.5015869140625,3841.072021484375,4675.3193359375,2552.4384765625,6747.30419921875,2342.604736328125,1004.6422119140625,110.71046447753906,189.34617614746094,47.57651901245117,277.6415710449219
2021-12-02,8222.4853515625,430.3141174316406,335.7962341308594,4133.759765625,1542.2630615234375,3836.578125,4704.71826171875,2539.484619140625,6577.42138671875,2341.60595703125,983.6463012695312,109.71360778808594,186.91049194335938,46.81333541870117,277.34210205078125
2021-12-03,8182.52734375,428.41973876953125,340.0361022949219,4141.2314453125,1542.8660888671875,3841.571533203125,4562.70947265625,2574.360595703125,6519.462890625,2341.60595703125,1000.2100830078125,110.03260040283203,186.3314971923828,46.369388580322266,279.5880126953125
2021-12-06,8354.3486328125,435.9970703125,345.6726379394531,4192.478515625,1563.1749267578125,3942.941162109375,4576.6611328125,2616.21240234375,6585.4169921875,2376.5703125,1022.5610961914062,112.52473449707031,186.73080444335938,46.164886474609375,280.13702392578125
2021-12-07,8214.4951171875,442.1786193847656,350.0620422363281,4220.23583984375,1584.2879638671875,4010.85400390625,4796.40087890625,2643.1162109375,6707.3310546875,2421.524169921875,1025.754150390625,111.52789306640625,186.39141845703125,47.37199783325195,283.7802734375
2021-12-08,8275.431640625,438.9881286621094,347.86724853515625,4220.76904296875,1600.374267578125,3971.404541015625,4722.158203125,2674.5048828125,6753.2998046875,2405.54052734375,1035.7325439453125,112.74404907226562,185.5728302001953,47.25228500366211,282.233154296875
2021-12-09,8353.349609375,439.1376953125,342.7296447753906,4251.19580078125,1605.80322265625,3944.439453125,4758.5322265625,2681.47998046875,6637.3798828125,2413.53271484375,1046.708251953125,112.84371948242188,182.51820373535156,46.58387756347656,282.482666015625
2021-12-10,8184.525390625,437.34307861328125,341.7818908691406,4286.9599609375,1620.682861328125,3942.941162109375,4737.60498046875,2749.239501953125,6737.31103515625,2399.54638671875,1048.50439453125,112.84371948242188,182.17880249023438,46.22473907470703,283.8800964355469
2021-12-13,8239.4697265625,430.01495361328125,334.2000427246094,4293.3662109375,1615.25390625,3935.450927734375,4731.62451171875,2722.832763671875,6681.3486328125,2393.552490234375,1048.7041015625,112.10606384277344,177.82647705078125,44.24446105957031,284.8283996582031
2021-12-14,8219.4892578125,433.4048767089844,336.8436584472656,4293.3662109375,1606.607421875,3922.467529296875,4837.2587890625,2692.940185546875,6765.291015625,2354.59228515625,1053.09423828125,113.86053466796875,179.76309204101562,45.082454681396484,284.2294921875
2021-12-15,8279.427734375,431.011962890625,330.1098327636719,4237.8505859375,1617.2646484375,3923.9658203125,4728.6357421875,2667.52978515625,6735.31201171875,2371.575439453125,1056.686279296875,110.92976379394531,176.16941833496094,44.249454498291016,281.6842041015625
2021-12-16,8459.2421875,446.9143981933594,338.140625,4251.72998046875,1627.318603515625,3951.430908203125,4866.1591796875,2679.985595703125,6725.31884765625,2370.57568359375,1041.5196533203125,111.32852172851562,181.81947326660156,46.299564361572266,281.8837585449219
2021-12-17,8504.1953125,444.122802734375,332.95306396484375,4251.19580078125,1622.0904541015625,3971.904052734375,4859.1826171875,2752.727294921875,6803.2646484375,2337.610107421875,1071.4542236328125,113.90038299560547,180.52174377441406,46.05015563964844,283.8800964355469
2021-12-20,8482.2158203125,440.4836730957031,322.5279541015625,4250.66162109375,1600.374267578125,3978.8955078125,4743.0859375,2761.197265625,6741.30810546875,2345.60205078125,1072.4520263671875,111.14907836914062,178.2856903076172,45.35182571411133,287.0743408203125
2021-12-21,8599.0966796875,443.87359619140625,330.957763671875,4206.890625,1616.4605712890625,4007.857666015625,4886.09130859375,2797.568115234375,6799.26708984375,2348.598388671875,1082.43017578125,112.9035415649414,183.9357147216797,46.24468994140625,287.9726257324219
2021-12-22,8606.08984375,443.2752990722656,333.9007263183594,4191.41015625,1623.297119140625,4036.82080078125,4837.75830078125,2790.09423828125,6919.18359375,2369.576904296875,1083.228271484375,112.18580627441406,185.51295471191406,46.84824752807617,287.0243835449219
2021-12-23,8587.109375,446.5654602050781,337.14300537109375,4220.23583984375,1622.8948974609375,4031.82763671875,4847.7236328125,2736.314453125,7015.11669921875,2372.574462890625,1082.031005859375,112.48485565185547,187.07020568847656,47.52164840698242,287.82293701171875
2021-12-24,8602.091796875,446.3660888671875,337.0432434082031,4219.70166015625,1622.6939697265625,4009.855712890625,4849.71630859375,2740.79931640625,6979.142578125,2369.576904296875,1079.6361083984375,112.18580627441406,187.11012268066406,47.32710647583008,287.37371826171875
2021-12-29,8647.0458984375,448.06103515625,335.1976318359375,4239.4521484375,1626.112060546875,4089.253662109375,4829.28662109375,2728.340576171875,7063.08349609375,2414.531005859375,1087.61865234375,112.2854995727539,188.16824340820312,47.885780334472656,290.5179748535156
2021-12-30,8664.02734375,447.2633972167969,332.2048034667969,4234.64794921875,1626.7154541015625,4041.314697265625,4883.5986328125,2720.367431640625,6955.15869140625,2401.544677734375,1076.6427001953125,112.02631378173828,187.72903442382812,48.22995376586914,290.7176208496094
2021-12-31,8669.025390625,447.3132019042969,329.71075439453125,4212.22900390625,1615.25390625,4030.82861328125,4875.12890625,2724.3544921875,6925.18017578125,2399.54638671875,1057.484619140625,111.90669250488281,186.67088317871094,47.68625259399414,289.3700866699219
