Date,AFL,AIG,ALL,AXP,C,CB,CME,GS,JPM,MET,MS,PNC,PRU,SCHW,USB
2017-01-03,27.840068817138672,51.187767028808594,60.06117248535156,65.99488830566406,44.998722076416016,111.8147201538086,80.79637908935547,198.011474609375,67.56047058105469,34.93107604980469,32.687660217285156,85.5689926147461,66.86345672607422,35.443115234375,36.04681396484375
2017-01-04,28.095455169677734,51.85591125488281,60.22312927246094,67.0767593383789,45.60770034790039,111.65338897705078,81.5873794555664,199.29017639160156,67.68506622314453,35.124141693115234,33.12045669555664,86.29431915283203,67.67961120605469,36.34242248535156,36.31299591064453
2017-01-05,27.911893844604492,51.56507110595703,59.947792053222656,66.24996185302734,44.813053131103516,110.89783477783203,81.8698959350586,197.8065948486328,67.06202697753906,34.6414909362793,32.816749572753906,85.1409912109375,66.66580963134766,36.12200927734375,35.703575134277344
2017-01-06,28.007665634155273,52.51618957519531,60.04497528076172,66.38189697265625,44.96900939941406,111.49211120605469,82.766845703125,200.74102783203125,67.06981658935547,34.866729736328125,33.29509353637695,86.35236358642578,67.04839324951172,36.351226806640625,35.93473434448242
2017-01-09,27.740312576293945,52.17817687988281,59.186607360839844,66.72492218017578,44.72393035888672,110.79594421386719,82.1594467163086,199.0934600830078,67.11653137207031,34.55784225463867,32.42950439453125,85.73580932617188,66.78693389892578,36.254241943359375,35.77362060546875
2017-01-10,27.704408645629883,52.822757720947266,59.721073150634766,67.41978454589844,44.73136520385742,110.75352478027344,82.13824462890625,198.83120727539062,67.31124877929688,34.705841064453125,32.69525146484375,86.07671356201172,67.3161849975586,36.315975189208984,35.87869644165039
2017-01-11,27.875986099243164,52.626220703125,59.87491989135742,67.64849853515625,44.53083038330078,110.66860961914062,81.85575103759766,201.4459991455078,67.81746673583984,35.027618408203125,33.1584358215332,88.0061264038086,67.9028091430664,36.43059158325195,36.277957916259766
2017-01-12,27.760263442993164,52.075992584228516,59.66437911987305,67.62210845947266,43.98867416381836,110.18472290039062,82.2301025390625,199.87216186523438,67.16326904296875,34.6929817199707,33.1280632019043,85.92948913574219,66.45535278320312,36.37767791748047,36.02579116821289
2017-01-13,27.78820037841797,52.154598236083984,59.83442306518555,67.39341735839844,44.28575134277344,110.57524871826172,82.54082489013672,200.249267578125,67.5215072631836,34.95038604736328,33.264732360839844,86.5561294555664,67.09938049316406,36.50992202758789,36.207923889160156
2017-01-17,27.88396453857422,51.926658630371094,59.80205535888672,67.37583923339844,43.35740280151367,111.20347595214844,81.70745086669922,193.2327117919922,65.06832122802734,34.461299896240234,32.0042839050293,83.01488494873047,66.26406860351562,35.5577507019043,35.24125671386719
2017-01-18,27.919876098632812,52.06814193725586,60.344573974609375,68.15864562988281,42.62215805053711,112.03543090820312,82.80921936035156,192.04415893554688,65.37206268310547,34.78948974609375,32.54340362548828,84.75636291503906,67.32894134521484,36.23662185668945,35.4163818359375
2017-01-19,27.716373443603516,52.107444763183594,60.10165023803711,67.45496368408203,42.08000183105469,111.44119262695312,82.18063354492188,189.6834716796875,64.87362670898438,34.76375961303711,32.23208236694336,84.23902130126953,66.7997055053711,36.5363883972168,35.53546142578125
2017-01-20,27.963769912719727,52.303958892822266,60.36080551147461,67.02396392822266,41.671531677246094,111.56002044677734,82.39253234863281,190.33102416992188,65.16175079345703,34.963260650634766,32.33838653564453,85.5068588256836,67.32894134521484,36.42177200317383,35.86468505859375
2017-01-23,27.672483444213867,51.478607177734375,60.04497528076172,66.8216781616211,41.3521842956543,111.57698822021484,82.09588623046875,190.7161865234375,65.19292449951172,34.81523513793945,31.860031127929688,85.20083618164062,66.62753295898438,36.315975189208984,35.703575134277344
2017-01-24,27.860023498535156,51.4864616394043,60.30412292480469,68.10588073730469,42.13941955566406,112.03543090820312,82.94342041015625,191.54415893554688,65.9794921875,35.33651351928711,32.444698333740234,86.46141052246094,67.39269256591797,36.853790283203125,36.26395797729492
2017-01-25,28.11539649963379,51.659393310546875,61.0490837097168,67.63092803955078,42.84495162963867,112.9692611694336,84.85735321044922,194.470458984375,66.99971771240234,36.134483337402344,33.30270004272461,88.17373657226562,68.45755767822266,37.28581237792969,36.74028396606445
2017-01-26,28.155305862426758,51.89521408081055,61.38922119140625,67.66609954833984,42.59987258911133,112.96078491210938,85.2740707397461,196.38031005859375,67.56046295166016,36.05727005004883,33.42417907714844,88.62548065185547,68.44480895996094,37.42686462402344,37.09053039550781
2017-01-27,28.039583206176758,51.25849914550781,61.21105194091797,67.59571075439453,42.41421127319336,113.16451263427734,84.97037506103516,194.2245330810547,67.70064544677734,35.78697967529297,33.294498443603516,88.63277435302734,67.96659088134766,37.303436279296875,37.11854934692383
2017-01-30,28.07151222229004,51.00697326660156,61.22724533081055,67.97392272949219,42.04288101196289,111.8147201538086,85.06219482421875,191.72447204589844,66.99971771240234,35.33006286621094,32.89023971557617,87.71469116210938,67.3161849975586,36.8802375793457,37.020484924316406
2017-01-31,27.927858352661133,50.51176071166992,60.903316497802734,67.18231201171875,41.46358108520508,111.62793731689453,85.51421356201172,187.97032165527344,65.90938568115234,35.01474380493164,32.40971374511719,87.77295684814453,67.02288055419922,36.360050201416016,36.88037109375
2017-02-01,26.790626525878906,50.519622802734375,60.9276237487793,67.51655578613281,41.6269645690918,109.0726089477539,85.38704681396484,189.076904296875,66.15863037109375,34.95682907104492,32.56989669799805,88.26844787597656,67.309814453125,36.44821548461914,37.14657211303711
2017-02-02,27.065959930419922,50.401710510253906,62.6767463684082,67.29664611816406,41.694007873535156,111.01668548583984,85.64134216308594,188.8638153076172,65.87826538085938,33.361976623535156,32.13511276245117,87.44508361816406,66.58927917480469,34.53499221801758,37.21662139892578
2017-02-03,27.377195358276367,51.046287536621094,62.741554260253906,68.64240264892578,43.01974105834961,111.44963836669922,84.71614074707031,197.50331115722656,67.89533996582031,33.562965393066406,33.889469146728516,89.01168060302734,67.80078887939453,35.41667175292969,37.58787155151367
2017-02-06,27.50489044189453,51.01483917236328,63.22740173339844,68.44892883300781,42.930362701416016,111.57698822021484,84.61722564697266,196.70816040039062,67.57603454589844,33.63427734375,34.04202651977539,89.19384765625,67.66051483154297,35.037559509277344,37.40574645996094
2017-02-07,27.520856857299805,50.99910354614258,63.259803771972656,68.3609619140625,42.595211029052734,110.99969482421875,83.85449981689453,196.41305541992188,67.53707885742188,33.504608154296875,34.22507858276367,88.50890350341797,67.96659088134766,34.984649658203125,37.265655517578125
2017-02-08,27.78820037841797,51.0226936340332,63.154518127441406,68.43131256103516,41.947235107421875,111.06761932373047,82.32894134521484,194.8638916015625,66.9452133178711,33.31659698486328,33.492828369140625,88.50163269042969,67.0929946899414,34.84330749511719,37.048500061035156
2017-02-09,27.891942977905273,51.344966888427734,63.44603729248047,68.76557159423828,42.6473503112793,111.95902252197266,83.74854278564453,197.99508666992188,67.910888671875,34.08808517456055,34.20982360839844,89.17926025390625,69.11434936523438,35.4087028503418,37.503814697265625
2017-02-10,27.923870086669922,51.57292556762695,63.87519836425781,69.02942657470703,42.922943115234375,112.70608520507812,84.03104400634766,198.95416259765625,67.75517272949219,34.30202865600586,34.09540939331055,89.69660186767578,69.34390258789062,35.28501892089844,37.552852630615234
2017-02-13,28.49800682067871,51.98952865600586,64.46635437011719,69.40766143798828,43.906063079833984,113.59747314453125,85.72607421875,201.86399841308594,68.65076446533203,34.684532165527344,34.52254867553711,90.65843200683594,70.013427734375,35.9741096496582,37.91709899902344
2017-02-14,28.5220890045166,52.579078674316406,64.62020874023438,69.8474349975586,44.561492919921875,113.75028991699219,85.46477508544922,204.47879028320312,69.74887084960938,34.93090057373047,35.11750411987305,91.882568359375,70.42790222167969,36.451168060302734,38.211307525634766
2017-02-15,28.506038665771484,47.831321716308594,65.35711669921875,70.01454162597656,45.06050109863281,114.14930725097656,86.24169158935547,205.3640899658203,70.551025390625,34.96330261230469,35.46074676513672,93.09212493896484,71.28233337402344,37.24628829956055,38.62458038330078
2017-02-16,28.58232307434082,48.94750213623047,65.43000030517578,69.9354019165039,44.97112274169922,115.22745513916016,86.04389190673828,204.46243286132812,70.50431060791016,34.78178024291992,35.17090606689453,92.50916290283203,71.48638916015625,36.70737075805664,38.53351593017578
2017-02-17,28.546186447143555,49.12831115722656,65.13848876953125,70.1113052368164,44.814727783203125,115.61795806884766,86.60185241699219,205.23287963867188,70.2706527709961,34.340946197509766,35.201419830322266,92.43629455566406,71.32589721679688,36.70737075805664,38.44247055053711
2017-02-21,28.67465591430664,49.8436164855957,65.28424072265625,70.33999633789062,45.09775161743164,116.07640075683594,85.49303436279297,206.3640899658203,70.87812042236328,34.58729553222656,35.5141487121582,92.93910217285156,71.39649963378906,36.91056823730469,38.6666259765625
2017-02-22,28.570281982421875,50.17375946044922,65.25186157226562,70.24324798583984,45.14989471435547,116.9508285522461,86.52415466308594,206.33950805664062,70.91703796386719,34.671566009521484,35.483638763427734,93.09212493896484,70.9343032836914,36.76921463012695,38.74367141723633
2017-02-23,28.795101165771484,50.32310104370117,65.22753143310547,70.41035461425781,45.14989471435547,118.01200103759766,86.53119659423828,205.89686584472656,70.97157287597656,34.72343444824219,35.5294075012207,93.36898803710938,71.16543579101562,36.43351364135742,38.806705474853516
2017-02-24,28.791091918945312,50.016544342041016,65.82144165039062,70.15531158447266,44.36039733886719,117.50267028808594,86.60185241699219,202.74920654296875,70.34852600097656,34.02973175048828,34.7285041809082,92.45086669921875,70.58765411376953,36.31865692138672,38.596561431884766
2017-02-27,29.040014266967773,50.30738067626953,66.17123413085938,70.51593780517578,44.70301818847656,116.82345581054688,86.7501449584961,204.3722381591797,70.4264144897461,34.139949798583984,34.9649543762207,93.3617172241211,71.22319030761719,36.866390228271484,38.729652404785156
2017-02-28,29.048046112060547,50.2444953918457,66.83831787109375,70.4191665649414,44.546600341796875,117.29890441894531,85.78258514404297,203.86273193359375,70.57438659667969,33.99733352661133,34.83527374267578,92.7059097290039,70.96001434326172,35.70024490356445,38.526519775390625
2017-03-01,29.301002502441406,50.80259704589844,67.26947021484375,72.05518341064453,45.83510208129883,119.17506408691406,89.69525146484375,207.68418884277344,72.89518737792969,35.222618103027344,35.704833984375,95.34361267089844,73.0655517578125,37.97953796386719,39.514198303222656
2017-03-02,28.983808517456055,50.228763580322266,66.5047607421875,70.45433807373047,45.15732955932617,117.49413299560547,87.74597930908203,206.32823181152344,71.75816345214844,34.639156341552734,35.30056381225586,92.90992736816406,71.76885223388672,37.308135986328125,38.86274719238281
2017-03-03,29.015932083129883,50.480316162109375,66.59424591064453,70.26083374023438,45.43291091918945,117.7063980102539,87.6117935180664,207.83213806152344,72.27214050292969,35.546783447265625,35.720096588134766,93.14311981201172,72.2567367553711,37.50249099731445,38.911781311035156
2017-03-06,28.983808517456055,50.13444900512695,66.17123413085938,69.92658233642578,44.89665222167969,116.89140319824219,87.6117935180664,207.10894775390625,71.5868148803711,34.96330261230469,35.52177047729492,92.96823120117188,71.74957275390625,37.202117919921875,38.729652404785156
2017-03-07,28.887460708618164,49.875057220458984,66.26885223388672,69.99697875976562,45.06050109863281,116.6536865234375,87.2657241821289,206.1967010498047,71.18963623046875,34.58729553222656,35.338706970214844,92.8298110961914,71.40935516357422,36.80455780029297,38.54753494262695
2017-03-08,28.86335563659668,49.8671989440918,66.00041198730469,69.52198791503906,45.51484298706055,116.27168273925781,87.47872924804688,205.654296875,71.03387451171875,34.65859603881836,35.38447189331055,92.93910217285156,71.31306457519531,36.98125457763672,38.43545913696289
2017-03-09,28.94365119934082,49.6864013671875,66.35833740234375,69.75069427490234,45.84254837036133,116.6536865234375,87.91185760498047,205.60499572753906,71.31427001953125,34.76232147216797,35.605674743652344,92.88810729980469,71.24887084960938,37.32579803466797,38.4844856262207
2017-03-10,28.91555404663086,49.58422088623047,66.74881744384766,69.82106018066406,45.79785919189453,116.99323272705078,87.85505676269531,204.1256561279297,71.08838653564453,35.02165603637695,35.46074676513672,92.14485931396484,71.29379272460938,37.52898025512695,38.4844856262207
2017-03-13,28.92760467529297,49.91604995727539,66.78948974609375,69.67152404785156,45.8276481628418,116.7640380859375,88.63613891601562,203.94488525390625,71.15071868896484,35.1124153137207,35.28532028198242,92.10115814208984,71.64685821533203,37.97071075439453,38.47048568725586
2017-03-14,28.843278884887695,49.67901611328125,66.85459899902344,70.0937271118164,45.76061248779297,116.58576202392578,88.3663101196289,203.58335876464844,71.26753234863281,34.937374114990234,35.23191833496094,91.969970703125,71.30021667480469,37.69683837890625,38.526519775390625
2017-03-15,29.048046112060547,49.95555114746094,67.2125473022461,69.68912506103516,45.31374740600586,117.37529754638672,88.57221984863281,202.8107452392578,71.43885803222656,34.80122375488281,34.97258377075195,91.24864959716797,71.50565338134766,37.74101638793945,38.49850082397461
2017-03-16,29.068126678466797,49.70273208618164,67.43216705322266,70.16407775878906,45.544647216796875,116.92534637451172,88.57221984863281,203.99424743652344,71.36874389648438,35.02165603637695,35.338706970214844,91.60565948486328,71.65330505371094,38.45661926269531,38.54753494262695
2017-03-17,29.12031364440918,49.31559753417969,67.3996353149414,69.70668029785156,44.96369934082031,117.23947143554688,88.46571350097656,200.47677612304688,70.62110900878906,34.59376907348633,34.33949661254883,90.6074447631836,70.56201171875,37.86469268798828,38.30936813354492
2017-03-20,29.003883361816406,49.27610397338867,67.00914764404297,69.35485076904297,44.38274002075195,116.42446899414062,87.9970932006836,198.99749755859375,70.11489868164062,34.44466018676758,34.011512756347656,90.19937896728516,70.04843139648438,37.32579803466797,37.994140625
2017-03-21,28.670635223388672,48.794158935546875,66.45596313476562,68.19380950927734,43.228302001953125,115.52457427978516,85.40538024902344,191.4860076904297,68.05889892578125,33.66020202636719,32.53937530517578,86.49053192138672,67.94287109375,35.72674560546875,36.90840530395508
2017-03-22,28.76298713684082,48.38332748413086,66.20376586914062,68.31697845458984,43.02720642089844,116.00848388671875,84.73085021972656,189.89988708496094,68.16792297363281,33.562965393066406,32.19613265991211,86.4541244506836,67.67327880859375,35.47938919067383,36.84536361694336
2017-03-23,28.907529830932617,48.46232604980469,66.10614013671875,68.46649169921875,43.23575210571289,116.01702117919922,84.63145446777344,190.58193969726562,68.05889892578125,33.74449157714844,32.48598861694336,86.91317749023438,67.72461700439453,35.48820877075195,36.83134460449219
2017-03-24,28.903512954711914,48.09889602661133,65.88648986816406,68.78313446044922,43.250640869140625,115.50762176513672,85.12134552001953,187.71380615234375,67.98101806640625,33.71855926513672,32.38681411743164,87.0005874633789,67.68610382080078,35.35568618774414,36.824344635009766
2017-03-27,28.843278884887695,48.13840866088867,65.96783447265625,68.25541687011719,43.44428634643555,116.01702117919922,83.95687103271484,185.3058624267578,67.94207763671875,33.51110076904297,31.715600967407227,86.12622833251953,67.0826644897461,34.82562255859375,36.56516647338867
2017-03-28,29.031993865966797,48.873165130615234,66.61865997314453,69.17015075683594,44.256126403808594,117.15457916259766,84.36869812011719,188.4698944091797,69.00123596191406,34.02326202392578,32.40971374511719,87.63451385498047,67.91722869873047,35.77091979980469,36.92240524291992
2017-03-29,28.738901138305664,48.802059173583984,66.2119140625,68.82714080810547,44.23378372192383,116.46348571777344,84.1414794921875,187.74667358398438,68.74420928955078,33.82876968383789,32.646156311035156,86.95686340332031,67.50636291503906,35.73558807373047,36.443538665771484
2017-03-30,29.0360050201416,49.43410110473633,66.41529846191406,69.67152404785156,45.067955017089844,116.93273162841797,84.3900146484375,190.02308654785156,69.33609771728516,34.43817901611328,33.126712799072266,88.5526123046875,68.8801040649414,36.34516906738281,36.704097747802734
2017-03-31,29.07616424560547,49.32350158691406,66.29326629638672,69.58358001708984,44.554039001464844,116.25017547607422,84.3545150756836,188.7904052734375,68.40934753417969,34.24369430541992,32.676673889160156,87.61266326904297,68.48212432861328,36.05362319946289,36.267486572265625
2017-04-03,29.172517776489258,48.8178596496582,66.15497589111328,69.12618255615234,44.449771881103516,116.2672348022461,83.43143463134766,188.16580200195312,68.16012573242188,33.97139358520508,32.577510833740234,87.32120513916016,68.32804870605469,35.84160614013672,36.302696228027344
2017-04-04,29.152442932128906,49.12599182128906,66.40715026855469,68.83592987060547,44.449771881103516,117.18013000488281,83.26810455322266,188.4122772216797,68.38729858398438,33.91953659057617,32.42496109008789,86.81843566894531,68.1675796508789,35.541229248046875,36.239315032958984
2017-04-05,28.983808517456055,48.68354797363281,66.2363052368164,68.67694091796875,44.38274002075195,116.70235443115234,83.46697998046875,187.09742736816406,67.510009765625,33.647239685058594,31.8376407623291,86.1917953491211,67.71175384521484,34.87863540649414,35.94355010986328
2017-04-06,29.288942337036133,48.857364654541016,66.25255584716797,68.81825256347656,44.606178283691406,117.3934555053711,83.65156555175781,187.90280151367188,67.73717498779297,34.14644241333008,32.10460662841797,86.89859008789062,68.23174285888672,35.39103317260742,36.16184997558594
2017-04-07,29.26887321472168,48.46232604980469,65.98412322998047,68.68575286865234,44.26356506347656,117.29107666015625,83.77937316894531,187.2781982421875,67.5021743774414,34.1075439453125,31.997821807861328,86.83301544189453,67.95571899414062,35.24969482421875,36.02101516723633
2017-04-10,29.52984619140625,48.572933197021484,66.18751525878906,68.43848419189453,44.15185546875,117.72621154785156,83.14031982421875,188.10829162597656,67.2672119140625,34.22423553466797,31.96729850769043,86.25009155273438,67.87226104736328,34.71962356567383,35.760440826416016
2017-04-11,29.610136032104492,48.027793884277344,66.0329360961914,68.23533630371094,43.96564483642578,117.57261657714844,83.12611389160156,187.16317749023438,67.14971160888672,34.21126937866211,31.715600967407227,86.00235748291016,67.66041564941406,34.392738342285156,35.837913513183594
2017-04-12,29.44953727722168,47.537960052490234,65.8702163696289,67.72309112548828,43.5783576965332,116.90715789794922,82.80657958984375,185.52774047851562,66.89122772216797,33.692623138427734,31.326587677001953,84.91891479492188,66.65899658203125,33.92451095581055,35.7041015625
2017-04-13,29.309022903442383,47.048118591308594,65.55297088623047,66.94588470458984,43.228302001953125,116.65116882324219,82.27403259277344,183.53067016601562,66.10797882080078,33.14155960083008,31.03672981262207,84.7724609375,66.06839752197266,33.15589904785156,35.19707489013672
2017-04-17,29.521818161010742,47.34834671020508,66.30138397216797,67.71424865722656,43.93585968017578,117.90541076660156,83.38883209228516,185.94686889648438,67.25153350830078,33.647239685058594,31.64695167541504,86.68317413330078,66.95429229736328,33.6948127746582,35.59142303466797
2017-04-18,29.662338256835938,47.00861358642578,65.33331298828125,66.93707275390625,43.51131820678711,117.3166732788086,83.14741516113281,177.17794799804688,66.70325469970703,33.18693923950195,31.43337631225586,85.21906280517578,66.48566436767578,33.49162292480469,35.070308685302734
2017-04-19,29.537872314453125,46.59779357910156,64.87773132324219,66.72510528564453,42.997406005859375,116.8644790649414,83.19710540771484,175.9451904296875,66.15495300292969,33.16747283935547,32.06646728515625,85.27030181884766,66.87081909179688,33.81848907470703,34.99283981323242
2017-04-20,29.778764724731445,47.14291763305664,65.20315551757812,70.67296600341797,43.50387191772461,116.70235443115234,84.57461547851562,179.2078857421875,67.00873565673828,33.5694465637207,32.4173469543457,86.99064636230469,67.94287109375,34.171878814697266,35.69002151489258
2017-04-21,29.706497192382812,46.716285705566406,64.8614730834961,70.29315948486328,42.98996353149414,115.59318542480469,84.33319091796875,178.22166442871094,66.20195007324219,33.238807678222656,31.883411407470703,86.50746154785156,67.82088470458984,33.862674713134766,35.57029724121094
2017-04-24,29.971481323242188,47.15871810913086,65.81327056884766,71.05272674560547,44.271018981933594,116.70235443115234,85.03614044189453,183.44847106933594,68.53608703613281,33.725032806396484,33.22587585449219,88.47673034667969,69.24601745605469,34.62244415283203,36.30974578857422
2017-04-25,30.11602783203125,47.45894241333008,66.0735855102539,71.21170043945312,44.84452438354492,116.99243927001953,85.16397094726562,186.2509307861328,69.1313705444336,33.95194625854492,33.767425537109375,88.65972900390625,69.25885009765625,35.002323150634766,36.711158752441406
2017-04-26,30.031700134277344,47.530052185058594,66.54545593261719,71.11457061767578,44.76259231567383,118.5367660522461,85.23497009277344,185.89755249023438,69.26456451416016,33.64075469970703,33.84370803833008,89.31124114990234,68.81591796875,35.39103317260742,36.704097747802734
2017-04-27,30.132083892822266,48.312217712402344,66.6918716430664,70.9467544555664,44.351863861083984,118.10162353515625,81.74150085449219,185.57704162597656,68.62223815917969,33.802825927734375,33.360984802246094,88.59383392333984,68.73888397216797,34.675445556640625,36.56326675415039
2017-04-28,30.06383514404297,48.12260437011719,66.13054656982422,69.99287414550781,44.150211334228516,117.10337829589844,82.50127410888672,183.9251708984375,68.14448547363281,33.58889389038086,33.230712890625,87.66414642333984,68.7068099975586,34.322059631347656,36.11255645751953
2017-05-01,29.887176513671875,48.67564010620117,66.30138397216797,69.9752426147461,44.40412902832031,116.79621124267578,82.82077026367188,184.78807067871094,68.19145202636719,33.692623138427734,33.514225006103516,88.68900299072266,68.98281860351562,35.09949493408203,36.4083251953125
2017-05-02,30.120033264160156,48.61244201660156,66.56986236572266,70.24901580810547,44.5908203125,116.91566467285156,83.26100158691406,185.00994873046875,67.7528076171875,33.725032806396484,33.215396881103516,88.33029174804688,69.0470199584961,35.36452865600586,36.3167724609375
2017-05-03,30.015649795532227,48.62033462524414,69.09174346923828,69.6219482421875,44.98664474487305,117.36787414550781,83.80778503417969,185.9879913330078,68.14448547363281,33.776893615722656,33.314998626708984,89.63336944580078,69.63760375976562,35.69141387939453,36.767486572265625
2017-05-04,29.867101669311523,49.51310729980469,69.61239624023438,69.18035888671875,44.964229583740234,117.99922943115234,84.24087524414062,186.21810913085938,68.22278594970703,34.39756393432617,33.16177749633789,90.37274932861328,70.05484008789062,35.47938919067383,36.837913513183594
2017-05-05,29.85103416442871,49.544700622558594,69.5147476196289,69.17153930664062,44.98664474487305,117.52998352050781,84.32610321044922,186.4481658935547,68.14448547363281,34.37795639038086,33.00851821899414,90.13114929199219,69.79808044433594,35.452877044677734,36.457618713378906
2017-05-08,29.843006134033203,48.92056655883789,68.96157836914062,69.03024291992188,45.18080139160156,117.08631134033203,83.14741516113281,184.93600463867188,68.22278594970703,34.66542434692383,32.96255874633789,90.54113006591797,69.49636840820312,35.70024490356445,36.619598388671875
2017-05-09,29.65430450439453,48.841556549072266,68.47344970703125,69.27751159667969,44.97915267944336,116.30987548828125,83.53082275390625,183.89224243164062,67.94864654541016,34.17543411254883,32.816978454589844,89.28196716308594,69.25241088867188,35.77975082397461,36.32382583618164
2017-05-10,29.883153915405273,48.486026763916016,68.57109069824219,69.46298217773438,45.083709716796875,117.74327850341797,83.1119155883789,184.81271362304688,68.48126220703125,34.110103607177734,33.02385330200195,89.64069366455078,69.62476348876953,35.540748596191406,36.598472595214844
2017-05-11,29.694454193115234,48.8178596496582,68.26194763183594,68.81825256347656,45.330142974853516,117.06925201416016,82.92727661132812,184.71408081054688,68.26978302001953,33.71809768676758,32.847618103027344,89.12091827392578,69.19463348388672,35.42567443847656,36.3660774230957
2017-05-12,29.481657028198242,48.18580627441406,68.44091033935547,68.43848419189453,45.606468200683594,116.66826629638672,82.48703002929688,183.11978149414062,68.08179473876953,33.26730728149414,32.7403450012207,88.44011688232422,68.18040466308594,35.0627326965332,36.204097747802734
2017-05-15,29.60211753845215,48.841556549072266,68.766357421875,69.18035888671875,45.86784744262695,117.20574188232422,83.2539291381836,185.00994873046875,68.41078186035156,33.835697174072266,33.27671432495117,89.41376495361328,68.96998596191406,35.88597869873047,36.457618713378906
2017-05-16,29.60612678527832,49.04698181152344,68.60364532470703,69.00370788574219,46.666908264160156,116.90715789794922,82.84919738769531,185.40444946289062,68.62223815917969,33.874900817871094,33.238380432128906,89.76515197753906,69.20108032226562,36.00104904174805,36.5914306640625
2017-05-17,29.55793571472168,48.63613510131836,68.62803649902344,67.44930267333984,44.79246520996094,117.5640869140625,81.74150085449219,175.64111328125,66.0061264038086,32.64011764526367,31.391820907592773,85.79006958007812,66.38935852050781,33.743797302246094,35.535091400146484
2017-05-18,29.598098754882812,48.501834869384766,68.92088317871094,67.4581298828125,44.86714553833008,118.22108459472656,82.19596099853516,176.82460021972656,65.76333618164062,32.542118072509766,31.652320861816406,85.91452026367188,66.40865325927734,33.92969512939453,35.73228454589844
2017-05-19,29.658327102661133,48.351722717285156,68.44091033935547,67.8290786743164,45.62886047363281,118.15282440185547,82.95570373535156,177.01358032226562,66.40558624267578,32.9798469543457,32.02777099609375,86.93937683105469,67.2427978515625,33.86772918701172,35.985801696777344
2017-05-22,29.844087600708008,48.493934631347656,68.97785186767578,67.98805236816406,45.5989990234375,119.24495697021484,83.01251220703125,177.53134155273438,66.34295654296875,32.76425552368164,31.920503616333008,87.44451904296875,67.42383575439453,34.097869873046875,36.22522735595703
2017-05-23,29.936967849731445,49.11807632446289,69.4740982055664,68.18235778808594,46.08440399169922,119.97014617919922,83.92848205566406,180.50633239746094,67.17320251464844,32.99943161010742,32.50282287597656,88.68900299072266,67.99288177490234,34.40769958496094,36.5914306640625
2017-05-24,29.81582260131836,49.45779800415039,69.8076400756836,68.1117172241211,46.50261306762695,120.19198608398438,83.62312316894531,183.94979858398438,67.134033203125,33.00597381591797,32.663734436035156,88.5499267578125,67.87000274658203,34.53162384033203,36.471702575683594
2017-05-25,30.171194076538086,49.86863708496094,70.18998718261719,68.39432525634766,46.26362991333008,121.80458068847656,83.836181640625,182.83213806152344,66.8520736694336,33.44369888305664,32.663734436035156,88.90863800048828,68.5554428100586,34.885711669921875,36.457618713378906
2017-05-26,30.223697662353516,50.208370208740234,70.36895751953125,68.41200256347656,46.35325241088867,121.36090850830078,83.77227020263672,183.70321655273438,66.85989379882812,33.35224533081055,32.82463073730469,88.81348419189453,67.9411392211914,34.98307800292969,36.22522735595703
2017-05-30,30.344852447509766,50.64289474487305,69.96221160888672,68.0852279663086,46.03213119506836,121.06229400634766,83.21843719482422,180.1079864501953,65.71634674072266,33.12358093261719,32.39556121826172,87.01258850097656,67.80534362792969,34.221797943115234,35.985801696777344
2017-05-31,30.441783905029297,50.27156066894531,70.23881530761719,67.95272064208984,45.210662841796875,122.17146301269531,83.28231811523438,174.20388793945312,64.3456039428711,33.051700592041016,31.98180389404297,86.89546966552734,67.79890441894531,34.30146026611328,35.837913513183594
2017-06-01,30.663894653320312,50.48487854003906,71.03129577636719,69.13619232177734,45.61392593383789,123.58782196044922,83.65862274169922,177.29615783691406,65.05838775634766,33.750762939453125,32.64840316772461,87.94229888916016,68.9951400756836,35.14242935180664,36.28860855102539
2017-06-02,30.663894653320312,50.75350570678711,70.81070709228516,69.32171630859375,45.636329650878906,123.835205078125,83.02672576904297,175.89431762695312,64.72940063476562,33.60704040527344,32.57944107055664,87.2322006225586,68.81412506103516,34.47850799560547,36.126644134521484
2017-06-05,30.59524917602539,50.42958068847656,70.76165771484375,69.74559020996094,45.740882873535156,123.75846099853516,83.9213638305664,176.455078125,64.84690856933594,33.404510498046875,32.86294174194336,86.80763244628906,68.26446533203125,34.611289978027344,36.14777374267578
2017-06-06,30.203510284423828,50.01874923706055,70.11624145507812,69.6396255493164,45.56165313720703,123.0161361694336,83.23262023925781,176.90036010742188,64.98004150390625,32.96677017211914,32.9012565612793,86.49284362792969,66.73196411132812,34.27491760253906,35.83087158203125
2017-06-07,30.260055541992188,49.90024185180664,70.15708923339844,70.48748779296875,46.211360931396484,123.1099853515625,85.26771545410156,177.93112182617188,65.72417449951172,33.04518508911133,33.16177749633789,87.77395629882812,66.958251953125,34.40769958496094,36.01395797729492
2017-06-08,30.369077682495117,50.29526901245117,70.7208480834961,70.61113739013672,47.20458984375,123.68165588378906,87.32427978515625,180.3883514404297,66.53876495361328,33.70503234863281,33.79005813598633,88.5865249633789,68.16100311279297,35.195526123046875,36.464664459228516
2017-06-09,31.499845504760742,50.70610046386719,71.38261413574219,70.92909240722656,48.13060760498047,125.04674530029297,88.8238296508789,183.42291259765625,68.11312103271484,34.521690368652344,34.41069030761719,90.16776275634766,69.67411041259766,36.54987716674805,37.24635696411133
2017-06-12,31.346376419067383,50.674346923828125,71.83194732666016,70.80545806884766,48.03351974487305,124.29592895507812,89.68070220947266,182.9858856201172,68.1287841796875,34.78302001953125,34.364723205566406,89.92617797851562,70.06856536865234,37.0721435546875,37.21818161010742
2017-06-13,31.459457397460938,50.99989700317383,71.8728256225586,71.17637634277344,48.30984115600586,124.33858489990234,90.0234603881836,184.8741455078125,68.35595703125,34.828758239746094,34.59458923339844,90.63629913330078,69.86811065673828,37.22262954711914,37.28157424926758
2017-06-14,31.54023551940918,51.01577377319336,72.56729888916016,71.39716339111328,48.33224868774414,125.15766906738281,90.91607666015625,186.7789764404297,68.21493530273438,34.828758239746094,34.41069030761719,90.75341033935547,69.9004135131836,37.443931579589844,37.211143493652344
2017-06-15,31.419082641601562,50.66640090942383,73.35979461669922,71.27352905273438,47.869239807128906,125.76344299316406,90.53045654296875,184.0743408203125,67.80763244628906,34.75035858154297,34.242130279541016,90.0213623046875,70.0168228149414,37.28458786010742,36.88719940185547
2017-06-16,31.65330696105957,50.650516510009766,73.38431549072266,71.93590545654297,47.71242141723633,125.91704559326172,90.10199737548828,182.9033966064453,67.5021743774414,34.965946197509766,34.08122634887695,89.68460845947266,69.64823913574219,37.1075439453125,36.80973815917969
2017-06-19,32.008689880371094,50.77756118774414,73.04930877685547,72.31568145751953,48.153011322021484,125.51606750488281,91.00173950195312,186.46563720703125,68.98258209228516,35.273014068603516,35.03133773803711,90.62165832519531,70.14615631103516,37.58556365966797,37.02100372314453
2017-06-20,31.78658676147461,50.33290100097656,72.9267807006836,72.87213134765625,47.72734451293945,125.36244201660156,90.0234603881836,185.61634826660156,68.5517807006836,34.861427307128906,34.862770080566406,90.03601837158203,69.46717834472656,37.30229949951172,36.859039306640625
2017-06-21,31.487735748291016,50.19792556762695,72.91044616699219,72.6071548461914,47.6676139831543,125.09799194335938,89.18798065185547,183.46414184570312,68.23846435546875,34.319156646728516,34.41069030761719,89.55284118652344,67.82476806640625,36.95706558227539,36.619598388671875
2017-06-22,31.225231170654297,50.06294631958008,72.150634765625,72.6424789428711,47.51076126098633,124.1850357055664,88.5881576538086,181.22125244140625,68.16011810302734,34.110103607177734,34.18083190917969,88.40351104736328,66.80309295654297,36.85084533691406,36.126644134521484
2017-06-23,31.338302612304688,50.03912353515625,71.96269989013672,72.615966796875,47.35395431518555,123.58782196044922,88.63101959228516,179.09378051757812,68.03479766845703,34.142765045166016,33.47591018676758,87.51773071289062,66.83541870117188,36.84199142456055,35.7534065246582
2017-06-26,31.30196189880371,50.166175842285156,72.24049377441406,73.26953887939453,47.6302490234375,124.05708312988281,88.29539489746094,181.77365112304688,68.33243560791016,34.36490249633789,33.71343231201172,88.12532806396484,67.03588104248047,37.04559326171875,35.92241668701172
2017-06-27,31.406957626342773,50.348793029785156,72.03622436523438,73.37554168701172,47.96632385253906,123.52806091308594,88.98807525634766,181.6417999267578,68.9668960571289,34.6131591796875,33.88200759887695,88.66705322265625,67.63723754882812,37.72718811035156,36.211143493652344
2017-06-28,31.625028610229492,50.690223693847656,72.3711929321289,74.16157531738281,48.67576217651367,124.86563110351562,90.52333068847656,184.06605529785156,70.35327911376953,35.632347106933594,33.95863342285156,90.33612823486328,69.35725402832031,37.9307975769043,36.805938720703125
2017-06-29,31.338302612304688,50.42026138305664,72.00353240966797,73.86128234863281,50.02000045776367,124.29974365234375,89.28799438476562,185.04733276367188,71.39505767822266,35.972068786621094,34.28810119628906,91.69046783447266,70.08149719238281,38.072418212890625,36.66431427001953
2017-06-30,31.370615005493164,49.642120361328125,72.25682067871094,74.40001678466797,49.945308685302734,124.65131378173828,89.43080139160156,182.97756958007812,71.59083557128906,35.893680572509766,34.14251708984375,91.41228485107422,69.92630767822266,38.028160095214844,36.763450622558594
2017-07-03,31.669462203979492,50.253501892089844,72.41206359863281,75.1595687866211,50.97587585449219,125.48297119140625,90.1877212524414,187.4139404296875,73.0478744506836,36.69074249267578,34.947052001953125,92.23950958251953,71.24541473388672,38.48845291137695,37.23078536987305
2017-07-05,31.62099838256836,49.84855651855469,72.55911254882812,75.25707244873047,51.117774963378906,125.15718841552734,89.93777465820312,188.04063415527344,73.78032684326172,36.51434326171875,35.36845779418945,92.29804992675781,71.27130126953125,38.66550827026367,37.28742218017578
2017-07-06,31.310041427612305,50.086769104003906,72.485595703125,74.23757934570312,50.50541305541992,124.70269012451172,88.32396697998047,186.92742919921875,73.54405212402344,36.50779342651367,35.34547805786133,92.246826171875,71.64631652832031,38.48845291137695,36.94755172729492
2017-07-07,31.491783142089844,50.30115509033203,72.86961364746094,74.76062774658203,50.71451187133789,125.62875366210938,89.13800811767578,185.76475524902344,73.91419219970703,36.697269439697266,35.284175872802734,92.6347885131836,72.00845336914062,38.34683609008789,37.145816802978516
2017-07-10,31.358505249023438,50.07882308959961,72.59178924560547,74.73403930664062,50.52033996582031,124.56558227539062,88.62388610839844,186.22653198242188,73.3944091796875,36.618865966796875,35.23820114135742,93.11793518066406,71.9955062866211,38.621253967285156,37.03960037231445
2017-07-11,31.354475021362305,49.95178985595703,71.84831237792969,74.60990142822266,49.90050506591797,123.85386657714844,87.94550323486328,187.1417694091797,73.11087036132812,36.27912902832031,34.847442626953125,93.25704193115234,71.54935455322266,38.1520881652832,36.65723419189453
2017-07-12,31.358505249023438,50.17410659790039,72.06073760986328,75.19503784179688,49.97518539428711,123.84528350830078,88.1097640991211,187.504638671875,72.8588638305664,36.29874801635742,34.449012756347656,93.13262939453125,71.91145324707031,38.107826232910156,36.749290466308594
2017-07-13,31.459457397460938,50.92048263549805,72.38754272460938,75.6826171875,50.04985809326172,124.19683837890625,88.1097640991211,189.98663330078125,73.32351684570312,36.3967399597168,34.87808609008789,93.75857543945312,72.37699890136719,38.222904205322266,36.975868225097656
2017-07-14,31.447349548339844,50.90461349487305,72.75521087646484,75.60282897949219,49.82582092285156,124.47977447509766,86.0960693359375,188.5023956298828,72.65409088134766,36.15501403808594,34.632904052734375,93.64807891845703,72.040771484375,38.09897232055664,36.87673568725586
2017-07-17,31.39889144897461,50.85696792602539,72.29766845703125,75.54965209960938,49.9079704284668,124.78846740722656,86.14604187011719,189.0465850830078,71.97676849365234,36.161537170410156,34.73250198364258,93.78800964355469,71.95670318603516,38.001617431640625,36.841339111328125
2017-07-18,31.447349548339844,50.71403503417969,72.61631774902344,75.8155746459961,49.95277786254883,124.92562103271484,86.08891296386719,184.14024353027344,71.7247314453125,35.77607345581055,34.58692169189453,92.46983337402344,71.51699829101562,37.93962860107422,36.55810546875
2017-07-19,31.455429077148438,50.9681282043457,72.91861724853516,76.17906188964844,49.810890197753906,125.65444946289062,85.81043243408203,183.77748107910156,71.82711029052734,35.90020751953125,35.72092819213867,93.08108520507812,71.9696273803711,37.32886505126953,36.87673568725586
2017-07-20,31.370615005493164,50.99989700317383,72.89409637451172,75.66488647460938,49.55698013305664,125.71444702148438,86.08891296386719,183.3074493408203,71.82711029052734,35.65846633911133,35.63663864135742,93.48606872558594,71.81444549560547,37.30229949951172,37.159976959228516
2017-07-21,31.326187133789062,50.97606658935547,72.84507751464844,75.87764739990234,49.28813934326172,126.0403060913086,86.4030990600586,181.55931091308594,71.58296966552734,35.7042121887207,35.69792938232422,92.96327209472656,72.254150390625,37.31114959716797,36.905067443847656
2017-07-24,31.346376419067383,51.23809051513672,73.34344482421875,75.35459899902344,49.362815856933594,125.94596862792969,85.98894500732422,179.9100799560547,71.89012145996094,35.730350494384766,35.78987503051758,93.6259994506836,72.50635528564453,37.1429557800293,37.379486083984375
2017-07-25,31.524080276489258,51.841522216796875,73.70294189453125,75.71807861328125,50.80411911010742,126.34896087646484,87.03863525390625,182.7137908935547,73.08724975585938,36.39020538330078,36.4794807434082,95.23873901367188,73.4051513671875,38.019317626953125,37.64855194091797
2017-07-26,31.237354278564453,51.76214599609375,73.0411605834961,75.62055206298828,50.766788482666016,123.38228607177734,86.99579620361328,183.26622009277344,72.40204620361328,35.75647735595703,36.17299270629883,93.78800964355469,72.5451431274414,37.86882019042969,37.124568939208984
2017-07-27,31.14446258544922,51.74626159667969,73.26992797851562,74.33509826660156,50.483001708984375,122.59346008300781,86.6601791381836,182.63125610351562,72.1027603149414,35.95901107788086,36.273136138916016,94.01630401611328,72.90078735351562,37.6563835144043,37.124568939208984
2017-07-28,32.057167053222656,51.82566833496094,73.93987274169922,75.17730712890625,50.356040954589844,124.62560272216797,86.60305786132812,184.3876495361328,71.89012145996094,36.09621047973633,35.94189453125,94.00157165527344,73.1982192993164,37.665218353271484,37.22370147705078
2017-07-31,32.206573486328125,51.968589782714844,74.348388671875,75.55850982666016,51.117774963378906,125.57725524902344,87.5599365234375,185.80599975585938,72.29966735839844,35.9328727722168,36.126773834228516,94.84844970703125,73.2176284790039,37.97504806518555,37.37240219116211
2017-08-01,32.666954040527344,51.99241256713867,74.348388671875,75.56736755371094,51.97658920288086,126.95777130126953,88.3953857421875,187.18304443359375,73.26840209960938,36.3967399597168,36.365562438964844,96.0340347290039,73.97418212890625,38.17863464355469,37.492767333984375
2017-08-02,32.7759895324707,52.32590103149414,76.93014526367188,75.62055206298828,51.842166900634766,127.6865005493164,88.65959167480469,186.5811004638672,73.33137512207031,36.24647903442383,36.45799255371094,96.23284149169922,74.51089477539062,38.081275939941406,37.521087646484375
2017-08-03,32.69926834106445,52.45296096801758,76.74222564697266,75.83333587646484,51.11441421508789,128.50111389160156,89.25224304199219,184.7010040283203,72.85095977783203,35.20671844482422,36.404075622558594,96.10765838623047,71.30362701416016,37.95734786987305,37.30158233642578
2017-08-04,32.7759895324707,51.6748046875,76.9791488647461,76.21453857421875,51.75212860107422,128.44105529785156,89.85208892822266,189.48370361328125,73.76457977294922,35.48311233520508,37.03572463989258,97.33012390136719,72.7391128540039,38.16094207763672,37.6131477355957
2017-08-07,32.75175857543945,51.59540557861328,76.99552154541016,76.10816192626953,51.79713821411133,128.02088928222656,89.23799133300781,192.06463623046875,74.04808044433594,35.83232116699219,37.21289825439453,96.54951477050781,72.22181701660156,37.95734786987305,37.6131477355957
2017-08-08,32.80830001831055,51.269866943359375,76.97100067138672,76.18795013427734,51.677101135253906,127.3607177734375,89.08802795410156,191.3472900390625,73.78032684326172,36.00952911376953,36.9201774597168,97.47002410888672,72.0860595703125,37.815711975097656,37.6627082824707
2017-08-09,33.0223388671875,50.82520294189453,77.371337890625,75.96631622314453,51.33949279785156,128.00376892089844,90.10917663574219,190.4896697998047,73.66219329833984,35.669891357421875,36.704490661621094,97.00609588623047,71.0902328491211,37.26586151123047,37.69103240966797
2017-08-10,32.63869094848633,50.02324295043945,76.93014526367188,74.96453094482422,50.43170166015625,127.1806640625,88.68101501464844,185.94618225097656,72.60680389404297,34.51066970825195,35.66460037231445,94.98831939697266,68.5813217163086,36.0153923034668,37.08915710449219
2017-08-11,32.61042785644531,49.74533462524414,76.75859069824219,74.72516632080078,50.1165885925293,125.56011962890625,88.0169448852539,184.8329620361328,72.00039672851562,34.562347412109375,35.16390609741211,94.29613494873047,68.34205627441406,36.050880432128906,36.85549545288086
2017-08-14,32.81233596801758,49.92795944213867,77.142578125,75.77128601074219,50.934356689453125,126.38322448730469,89.0309066772461,187.47991943359375,72.84310150146484,35.130889892578125,35.826358795166016,96.39486694335938,69.02102661132812,36.467681884765625,37.379486083984375
2017-08-15,32.816383361816406,50.04706954956055,77.1098861694336,76.94147491455078,50.994380950927734,126.87200927734375,89.9163589477539,187.66958618164062,73.03211975097656,35.2785530090332,35.76473617553711,95.98247528076172,68.70416259765625,36.29918670654297,37.51401138305664
2017-08-16,32.63869094848633,49.99941635131836,77.1098861694336,77.473388671875,50.79930877685547,126.91486358642578,90.13056945800781,186.03684997558594,72.52808380126953,35.40407180786133,35.44120788574219,95.80575561523438,68.03166961669922,36.13068389892578,37.42196273803711
2017-08-17,32.2388916015625,48.967201232910156,76.25200653076172,76.32093048095703,49.9665412902832,125.14002227783203,89.5164566040039,182.58181762695312,71.39395141601562,34.66572570800781,34.732540130615234,93.74382019042969,66.3827896118164,35.181739807128906,36.6218376159668
2017-08-18,32.24292755126953,48.70517349243164,75.91703796386719,75.69148254394531,49.951534271240234,124.70269012451172,89.53791809082031,183.18374633789062,71.4648666381836,34.717403411865234,34.963626861572266,93.60388946533203,66.40882873535156,35.03984451293945,36.593509674072266
2017-08-21,32.36473846435547,48.66547775268555,75.75366973876953,75.62055206298828,49.4788818359375,124.6083984375,89.4593505859375,182.0623321533203,71.3781967163086,34.46636962890625,34.41672134399414,93.22834014892578,65.8421401977539,34.827003479003906,36.586429595947266
2017-08-22,32.5515022277832,48.60988998413086,76.61152648925781,75.62055206298828,50.15410232543945,124.59123229980469,90.2376937866211,184.36293029785156,72.11063385009766,34.828163146972656,35.1022834777832,93.89849090576172,66.37626647949219,35.27042770385742,36.777610778808594
2017-08-23,32.506832122802734,48.252586364746094,76.12947082519531,75.60282897949219,50.439205169677734,123.67383575439453,89.93777465820312,183.67027282714844,72.19728088378906,34.73956298828125,35.279457092285156,93.9131851196289,65.85516357421875,35.26156997680664,36.6855583190918
2017-08-24,32.64084243774414,47.82381057739258,74.7895736694336,75.67375946044922,50.78432083129883,122.40487670898438,89.9163589477539,183.87640380859375,72.07916259765625,35.145660400390625,35.43351364135742,94.01630401611328,66.23948669433594,35.15513229370117,36.71388626098633
2017-08-25,32.85198211669922,48.26051712036133,75.18172454833984,75.77128601074219,50.904354095458984,123.15078735351562,90.75896453857422,183.4476776123047,72.37055206298828,35.43360900878906,35.38728713989258,94.17094421386719,66.97553253173828,35.26156997680664,36.869667053222656
2017-08-28,32.80731201171875,48.16523361206055,74.06242370605469,75.71807861328125,50.874332427978516,121.56456756591797,90.6375503540039,181.69952392578125,72.14214324951172,35.12350082397461,35.03296661376953,93.92794036865234,66.88433837890625,35.06645965576172,36.79177474975586
2017-08-29,33.17679977416992,47.80793762207031,74.50542449951172,75.7269287109375,50.62675094604492,121.65890502929688,90.24485778808594,181.99742126464844,71.74835205078125,34.50328826904297,34.93281555175781,92.98534393310547,65.99845886230469,34.7471809387207,36.466060638427734
2017-08-30,33.318904876708984,47.79999923706055,73.8901596069336,75.96631622314453,51.02438735961914,121.03296661376953,90.01634216308594,184.0327606201172,71.91374969482422,34.746944427490234,35.171600341796875,92.63186645507812,66.53263092041016,35.093055725097656,36.529781341552734
2017-08-31,33.517860412597656,48.02231979370117,74.24290466308594,76.32977294921875,51.03938674926758,121.25589752197266,89.83068084716797,185.12493896484375,71.58296966552734,34.577117919921875,35.04835891723633,92.35202026367188,66.49351501464844,35.38572311401367,36.28904342651367
2017-09-01,33.659969329833984,48.196998596191406,73.65222930908203,76.36524200439453,51.452030181884766,120.45848846435547,90.15200805664062,186.8956298828125,72.22090911865234,35.29332733154297,35.57986068725586,93.25778198242188,67.19050598144531,35.616294860839844,36.593509674072266
2017-09-05,33.099639892578125,47.36328125,70.95323944091797,75.62940979003906,50.386680603027344,117.3375244140625,89.58790588378906,180.19363403320312,70.49612426757812,34.93152618408203,34.578487396240234,91.15907287597656,65.62065124511719,34.38357925415039,36.01996612548828
2017-09-06,33.16461944580078,47.22036361694336,71.78179931640625,75.55850982666016,50.506717681884766,118.07491302490234,91.70155334472656,181.06240844726562,70.96867370605469,35.40407180786133,34.71712875366211,90.98967742919922,65.51642608642578,34.525474548339844,36.04829406738281
2017-09-07,32.70580291748047,46.267539978027344,70.9204330444336,74.83155822753906,49.561405181884766,115.64840698242188,90.25167083740234,178.5884246826172,69.72429656982422,34.562347412109375,33.94684982299805,88.89093017578125,64.25926971435547,33.79823684692383,35.3048095703125
2017-09-08,32.96160125732422,47.46650314331055,73.51277160644531,74.6897201538086,49.64392852783203,120.76717376708984,91.90252685546875,179.72201538085938,69.63764953613281,34.805999755859375,33.90062713623047,89.4800796508789,64.42861938476562,34.30374526977539,35.38978576660156
2017-09-11,33.48536682128906,48.252586364746094,74.84175872802734,75.96631622314453,50.79930877685547,125.07994079589844,92.44802856445312,182.9075164794922,70.71662902832031,35.138275146484375,34.78645706176758,91.14432525634766,65.74441528320312,34.862464904785156,36.02705383300781
2017-09-12,33.391990661621094,48.59400939941406,75.36679077148438,76.72872161865234,51.60959243774414,126.048828125,93.3524169921875,186.9535675048828,71.58296966552734,35.81016159057617,35.240936279296875,93.11052703857422,66.55867004394531,35.33251190185547,36.51560974121094
2017-09-13,33.310791015625,48.228763580322266,74.60386657714844,76.80850219726562,52.05972671508789,123.93959045410156,93.93378448486328,187.4582977294922,71.78773498535156,35.920921325683594,35.60297393798828,93.74382019042969,66.6759262084961,35.29703903198242,36.848426818847656
2017-09-14,33.339202880859375,47.7418327331543,74.24290466308594,76.40957641601562,51.94719314575195,122.4305191040039,94.83102416992188,187.69818115234375,71.6459732055664,35.69940948486328,35.757022857666016,93.66283416748047,66.42185974121094,35.46552658081055,36.565189361572266
2017-09-15,33.62342071533203,47.590179443359375,74.55464172363281,77.11875915527344,51.79713821411133,123.04792022705078,94.23526000976562,186.3495635986328,72.15789031982422,35.83970642089844,35.895687103271484,94.39924621582031,66.94947814941406,35.660640716552734,36.6855583190918
2017-09-18,33.761478424072266,47.406585693359375,74.22648620605469,77.89891815185547,52.967525482177734,123.09937286376953,94.24246215820312,188.26087951660156,73.18174743652344,36.105506896972656,36.450294494628906,95.51118469238281,67.34032440185547,36.050880432128906,37.08915710449219
2017-09-19,33.960445404052734,47.48640823364258,74.76792907714844,78.90071868896484,53.380184173583984,123.01358032226562,94.6084976196289,189.40269470214844,73.98509216308594,36.52637481689453,36.71989440917969,96.6747055053711,67.94612884521484,36.3967399597168,37.64147186279297
2017-09-20,34.07413101196289,47.98929977416992,74.96483612060547,78.39537811279297,53.612754821777344,123.36515045166016,96.03683471679688,190.13087463378906,74.50489807128906,37.0136833190918,36.88936233520508,97.94132232666016,68.50627899169922,36.90224075317383,37.89637756347656
2017-09-21,33.95637130737305,48.29261779785156,74.38237762451172,78.38648986816406,53.83781433105469,122.5677719116211,96.03683471679688,191.37191772460938,74.8435287475586,37.24996566772461,37.174381256103516,98.19905090332031,68.25223541259766,37.319068908691406,38.052154541015625
2017-09-22,34.082237243652344,48.46025085449219,74.26750183105469,78.3687744140625,53.567726135253906,122.25910186767578,96.30242156982422,191.1568145751953,74.6860122680664,37.31640625,37.14356994628906,98.25798797607422,68.39557647705078,37.727027893066406,38.00257873535156
2017-09-25,34.2121696472168,48.69970703125,74.68590545654297,78.20033264160156,53.14759063720703,122.79071807861328,96.3957290649414,190.5197296142578,74.12684631347656,37.54530334472656,36.77382278442383,98.32424926757812,68.63005828857422,37.69155502319336,37.960113525390625
2017-09-26,33.91984176635742,48.2686653137207,74.43158721923828,78.6258544921875,53.222625732421875,121.41879272460938,95.52722930908203,190.25491333007812,73.79605865478516,38.00308609008789,36.55813217163086,97.52156829833984,69.00787353515625,37.98421859741211,37.9530143737793
2017-09-27,34.017276763916016,48.89128112792969,74.56285095214844,79.3350830078125,54.22795867919922,121.67605590820312,96.56080627441406,194.2430419921875,74.96167755126953,38.29103469848633,37.02802276611328,98.91334533691406,69.5550308227539,39.05732345581055,38.34246826171875
2017-09-28,33.41635513305664,48.667789459228516,74.89097595214844,79.9113540649414,54.50553894042969,122.5291519165039,97.51542663574219,194.83053588867188,75.11919403076172,37.892330169677734,37.08964157104492,99.01646423339844,69.04692840576172,38.693702697753906,38.07902145385742
2017-09-29,33.04685974121094,49.00304412841797,75.39961242675781,80.19506072998047,54.57306671142578,122.8393783569336,97.38621520996094,196.25363159179688,75.22157287597656,38.357486724853516,37.10504913330078,99.24473571777344,69.25540924072266,38.79125213623047,38.157344818115234
2017-10-02,33.282344818115234,49.37820816040039,75.78518676757812,80.26598358154297,55.36832809448242,125.37281799316406,97.90302276611328,199.11647033691406,76.26905822753906,38.49777603149414,37.68276596069336,99.50248718261719,69.88074493408203,39.05732345581055,38.050537109375
2017-10-03,33.38792037963867,49.19460678100586,75.55549621582031,81.05496215820312,55.615901947021484,124.69208526611328,98.57054901123047,199.91908264160156,76.6707534790039,38.68975830078125,37.96006393432617,98.8102798461914,70.24549865722656,39.4297981262207,38.07189178466797
2017-10-04,33.34326934814453,49.154701232910156,76.17897033691406,80.68262481689453,55.56338119506836,124.73519134521484,98.24755096435547,198.835205078125,75.89099884033203,38.77835464477539,37.75209426879883,98.87654113769531,70.25199890136719,39.27015686035156,37.84405517578125
2017-10-05,33.49349594116211,49.4739875793457,76.44969177246094,81.12760162353516,56.808780670166016,125.56246185302734,99.06581115722656,203.59280395507812,76.9129409790039,38.82264709472656,38.229679107666016,99.81175994873047,71.17046356201172,40.068328857421875,38.27838897705078
2017-10-06,33.4041633605957,49.69749450683594,76.5317153930664,81.47468566894531,56.7487907409668,125.94159698486328,98.47724914550781,203.5597381591797,76.77827453613281,39.147518157958984,38.32981491088867,99.9222412109375,71.42450714111328,40.210235595703125,38.577430725097656
2017-10-09,33.53004455566406,49.31435775756836,76.4579086303711,81.59925079345703,56.56123352050781,125.85540008544922,99.04429626464844,200.89547729492188,76.374267578125,39.1253776550293,38.03710174560547,99.8633041381836,71.04016876220703,40.27231216430664,38.34246826171875
2017-10-10,33.95232009887695,49.31435775756836,76.56452178955078,81.77725219726562,56.4036750793457,126.91532135009766,98.49874877929688,200.72996520996094,76.94462585449219,39.23613357543945,38.12183380126953,100.68073272705078,71.65247344970703,39.988529205322266,38.61302947998047
2017-10-11,34.05788040161133,49.36224365234375,76.3676528930664,81.83954620361328,56.22361755371094,126.9928970336914,98.47008514404297,200.564453125,76.71490478515625,39.022010803222656,37.88303756713867,100.5113754272461,71.65901947021484,40.183631896972656,38.6343879699707
2017-10-12,34.082237243652344,49.928977966308594,75.91644287109375,81.52806091308594,54.295467376708984,126.3121566772461,98.84330749511719,198.41317749023438,76.04151153564453,38.93341827392578,37.42858123779297,99.61294555664062,71.22908020019531,39.93531799316406,38.4421501159668
2017-10-13,34.11066818237305,50.4158935546875,75.75234985351562,82.6405029296875,54.10041046142578,128.2596435546875,98.55618286132812,197.3624267578125,75.93856048583984,38.926025390625,37.2051887512207,98.4936294555664,71.07275390625,39.66925048828125,38.54182815551758
2017-10-16,34.179691314697266,51.07044982910156,75.850830078125,81.83954620361328,53.84532928466797,129.53497314453125,98.70692443847656,200.5727996826172,77.50707244873047,39.036773681640625,37.69816207885742,99.99695587158203,71.24212646484375,39.43866729736328,38.6343879699707
2017-10-17,34.0091552734375,50.79106521606445,74.98942565917969,81.59925079345703,54.160430908203125,129.32818603515625,97.75230407714844,195.34347534179688,77.33280181884766,38.67498016357422,37.83682632446289,99.42670440673828,70.86431121826172,38.48085403442383,38.36383819580078
2017-10-18,34.0091552734375,50.639400482177734,74.85816955566406,81.94637298583984,54.8581428527832,130.21575927734375,97.88150024414062,200.25830078125,77.62590026855469,38.9850959777832,38.63022994995117,99.78219604492188,70.92945098876953,38.560672760009766,37.92948913574219
2017-10-19,34.28931427001953,51.94050979614258,76.07233428955078,81.78614044189453,54.6780891418457,132.68885803222656,96.8622817993164,198.5704345703125,77.72097778320312,39.1253776550293,38.35292434692383,100.19689178466797,71.39196014404297,38.374427795410156,38.157344818115234
2017-10-20,34.04570388793945,51.78086853027344,76.26923370361328,81.95526123046875,55.165748596191406,132.7061767578125,96.99146270751953,202.4923095703125,78.83001708984375,39.34687805175781,39.038490295410156,101.41878509521484,72.16059875488281,39.62489700317383,38.51335525512695
2017-10-23,34.23653030395508,51.85270690917969,76.26923370361328,82.21331787109375,55.165748596191406,133.73162841796875,96.61824798583984,200.341064453125,78.69535827636719,39.45763397216797,38.98456954956055,101.28551483154297,72.16708374023438,39.43866729736328,38.54182815551758
2017-10-24,34.333984375,51.98839569091797,76.81883239746094,83.53045654296875,55.69841766357422,133.0508575439453,96.23064422607422,202.58331298828125,79.94697570800781,39.974483489990234,39.33889389038086,102.07048034667969,73.06600189208984,40.07720184326172,38.598793029785156
2017-10-25,34.13502502441406,51.96445846557617,76.52352905273438,83.23678588867188,55.233272552490234,132.84405517578125,96.0727310180664,199.99356079101562,80.02621459960938,39.826812744140625,38.922935485839844,101.79642486572266,72.46672821044922,39.59830093383789,38.54895782470703
2017-10-26,33.95637130737305,51.76491165161133,77.08135223388672,85.1590576171875,55.36082077026367,133.3524627685547,98.04657745361328,200.00181579589844,80.59657287597656,40.02616882324219,39.107818603515625,102.08528900146484,72.88363647460938,40.21909713745117,38.662879943847656
2017-10-27,34.082237243652344,51.52543258666992,76.89268493652344,85.24803924560547,55.420841217041016,131.62899780273438,98.72845458984375,199.99356079101562,80.62035369873047,40.08523178100586,39.40822982788086,102.32227325439453,72.9682846069336,39.82888412475586,38.76256561279297
2017-10-30,34.037574768066406,51.709007263183594,77.17159271240234,84.60728454589844,55.35332107543945,131.74961853027344,97.69488525390625,199.3151092529297,80.33515930175781,39.84895706176758,39.05988311767578,101.57432556152344,72.69471740722656,39.77566909790039,38.6343879699707
2017-10-31,34.06193923950195,51.57333755493164,76.99932861328125,85.00776672363281,55.14324951171875,129.96591186523438,98.45571899414062,200.63067626953125,79.70143127441406,39.56100082397461,38.70382308959961,101.30032348632812,71.95213317871094,39.76681137084961,38.71983337402344
2017-11-01,34.224342346191406,51.61323547363281,77.31927490234375,85.24803924560547,55.54088592529297,130.3881378173828,97.7164306640625,202.1034393310547,79.94697570800781,39.77513122558594,38.41740417480469,101.41138458251953,72.03028106689453,39.234683990478516,38.79104232788086
2017-11-02,34.273075103759766,51.86867141723633,80.27257537841797,85.4171371459961,56.07355880737305,128.62156677246094,100.70231628417969,204.271240234375,80.47773742675781,41.148475646972656,39.0289306640625,102.4925765991211,73.56757354736328,39.96192169189453,39.07585525512695
2017-11-03,34.098480224609375,49.48995590209961,80.26437377929688,85.81761932373047,55.79478454589844,127.7684555053711,100.53003692626953,202.21926879882812,80.33515930175781,40.62788391113281,38.71929931640625,102.67037200927734,72.85104370117188,39.74907684326172,38.912086486816406
2017-11-06,34.33803939819336,49.88108825683594,81.28982543945312,85.69302368164062,55.60640335083008,128.56985473632812,99.16632080078125,201.46633911132812,79.83609771728516,40.40478515625,38.812171936035156,102.63331604003906,73.20929718017578,39.59830093383789,39.05448532104492
2017-11-07,34.029457092285156,49.593727111816406,81.3636703491211,84.87427520751953,54.785125732421875,129.0869140625,98.72845458984375,198.42152404785156,78.22796630859375,39.7131462097168,38.231624603271484,99.30079650878906,72.91617584228516,39.15486526489258,38.057655334472656
2017-11-08,34.102542877197266,49.22654724121094,81.28982543945312,84.66067504882812,54.50634002685547,129.34542846679688,98.76432800292969,199.61294555664062,77.34862518310547,39.43053436279297,37.96070861816406,98.70838165283203,73.24188995361328,39.27015686035156,37.50939178466797
2017-11-09,34.13908004760742,49.6815299987793,81.17496490478516,83.43255615234375,54.57415771484375,130.67247009277344,99.08016204833984,199.23233032226562,77.3406982421875,39.27436447143555,37.7904052734375,98.16033935546875,72.92269134521484,39.09247970581055,37.103546142578125
2017-11-10,33.87923812866211,49.5378532409668,81.3144302368164,83.22785186767578,54.438514709472656,130.42254638671875,98.9653549194336,198.70278930664062,77.24564361572266,38.82072448730469,37.743961334228516,98.10850524902344,72.1214828491211,39.33236312866211,36.74753952026367
2017-11-13,34.26902389526367,49.48995590209961,81.57694244384766,83.56603240966797,54.24264144897461,130.41397094726562,100.59465789794922,198.80210876464844,77.5229263305664,38.79096603393555,37.643341064453125,97.92338562011719,71.93912506103516,39.62554931640625,36.7973747253418
2017-11-14,34.39964294433594,49.058902740478516,81.98713684082031,83.44146728515625,53.89602279663086,129.8538360595703,100.63052368164062,196.29501342773438,77.05554962158203,38.67198181152344,37.44981002807617,97.7530746459961,71.36589050292969,39.61665725708008,36.9041862487793
2017-11-15,34.46903610229492,48.8034782409668,82.34809875488281,82.9964828491211,54.046714782714844,130.25885009765625,100.25013732910156,196.60118103027344,77.78433990478516,38.552982330322266,37.233055114746094,98.41957092285156,71.79582214355469,39.572242736816406,37.0323486328125
2017-11-16,34.41596603393555,47.94138717651367,81.68362426757812,83.26345825195312,54.00149154663086,128.27688598632812,100.55159759521484,198.05738830566406,78.00615692138672,38.32988357543945,37.620113372802734,98.11592864990234,71.89350128173828,39.66107940673828,36.88993835449219
2017-11-17,34.22819519042969,47.94138717651367,82.17582702636719,83.379150390625,53.745323181152344,128.0786590576172,100.12093353271484,196.94044494628906,77.74471282958984,38.411685943603516,37.697509765625,98.38253021240234,71.81532287597656,39.696617126464844,36.93978500366211
2017-11-20,34.5670166015625,47.64604949951172,82.29887390136719,83.61054992675781,54.28782653808594,128.3975067138672,101.8507308959961,197.03138732910156,78.4339370727539,38.64967346191406,38.0148811340332,98.70838165283203,71.66552734375,40.08754348754883,36.97537612915039
2017-11-21,34.730289459228516,47.59816360473633,81.79021453857422,84.01991271972656,54.536468505859375,128.55262756347656,102.33882904052734,196.94044494628906,78.37056732177734,38.45631408691406,38.2238883972168,98.57508087158203,71.69157409667969,40.94048309326172,36.946903228759766
2017-11-22,34.71805191040039,47.27886962890625,81.46209716796875,83.49483489990234,54.44606018066406,127.75120544433594,101.82919311523438,195.62486267089844,78.14082336425781,38.45631408691406,37.999412536621094,98.52326965332031,71.45709228515625,40.69169998168945,36.96114730834961
2017-11-24,34.697635650634766,47.119232177734375,81.2816390991211,83.19225311279297,54.26521301269531,128.33717346191406,101.822021484375,195.2276611328125,77.88733673095703,38.5455436706543,37.9761848449707,98.16778564453125,71.43739318847656,40.6739387512207,36.9041862487793
2017-11-27,34.877254486083984,46.903709411621094,81.5523681640625,83.18338012695312,53.79052734375,128.62156677246094,101.97276306152344,194.5326385498047,77.57837677001953,38.203460693359375,37.92974090576172,98.16778564453125,71.82437896728516,40.66504669189453,36.82585906982422
2017-11-28,35.216060638427734,47.749820709228516,82.76648712158203,84.79417419433594,55.53105545043945,130.61219787597656,104.16195678710938,198.09051513671875,80.2955551147461,39.1553840637207,39.013450622558594,100.47827911376953,74.0018539428711,41.88224792480469,37.75148391723633
2017-11-29,35.591609954833984,48.132965087890625,83.9521713256836,85.9688949584961,56.540706634521484,131.5342559814453,106.10704040527344,200.33154296875,82.17301940917969,39.824703216552734,39.725589752197266,103.47753143310547,75.99571228027344,43.01948547363281,38.99039840698242
2017-11-30,35.775291442871094,47.861568450927734,84.52851867675781,86.95674133300781,56.88733673095703,131.0775146484375,107.33445739746094,205.54405212402344,82.7988510131836,39.92138671875,39.950077056884766,104.09219360351562,75.97602844238281,43.34821319580078,39.268096923828125
2017-12-01,35.758975982666016,47.7977180480957,84.89080047607422,87.09024047851562,56.894840240478516,130.67247009277344,108.23163604736328,206.63134765625,83.01274108886719,39.86931228637695,40.2132682800293,104.41803741455078,75.68743133544922,43.97903823852539,39.090091705322266
2017-12-04,35.979400634765625,47.30281066894531,85.31898498535156,87.73989868164062,58.092872619628906,129.96591186523438,110.11217498779297,208.04232788085938,84.7238540649414,39.87675094604492,40.778350830078125,106.52123260498047,76.57943725585938,45.80038833618164,39.6098747253418
2017-12-05,35.8569450378418,47.518341064453125,84.6767349243164,87.84669494628906,57.67093276977539,129.41433715820312,109.17911529541016,206.11671447753906,83.74946594238281,39.44540023803711,40.25970458984375,105.47704315185547,75.75959777832031,45.11626434326172,39.03313064575195
2017-12-06,35.7630615234375,47.91746139526367,84.5202865600586,87.40171813964844,56.842105865478516,130.00894165039062,109.63847351074219,204.14129638671875,83.12364959716797,39.41565704345703,40.012001037597656,105.90654754638672,75.67431640625,44.90302658081055,38.86936569213867
2017-12-07,35.89775848388672,47.78905487060547,84.07566833496094,87.73099517822266,56.49550247192383,128.77667236328125,109.62406158447266,206.30760192871094,82.87805938720703,39.87675094604492,40.522891998291016,106.21018981933594,76.29743194580078,45.382808685302734,39.090091705322266
2017-12-08,35.987579345703125,47.7569465637207,84.39675903320312,87.70430755615234,57.04553985595703,129.30233764648438,110.16474914550781,207.79336547851562,83.91582489013672,39.98087692260742,40.940895080566406,106.49158477783203,76.83521270751953,45.65822982788086,39.41762161254883
2017-12-11,36.11819839477539,47.98166275024414,84.28973388671875,88.10478210449219,57.15102005004883,129.46607971191406,110.08541107177734,207.61074829101562,83.67023468017578,39.89162826538086,40.8480110168457,106.11390686035156,76.25151062011719,45.06296920776367,39.35354232788086
2017-12-12,36.23249816894531,48.09400939941406,85.25310516357422,88.4340591430664,57.37706756591797,129.69012451171875,110.31610870361328,213.8773651123047,84.6446304321289,39.913944244384766,41.68400573730469,108.00972747802734,76.33673858642578,45.80926513671875,39.51729965209961
2017-12-13,36.122283935546875,47.32360076904297,85.07196044921875,87.01902770996094,56.61607360839844,127.91493225097656,109.2924575805664,212.11767578125,83.58311462402344,39.29667663574219,41.165374755859375,106.51380920410156,74.73641967773438,44.71646499633789,38.87649154663086
2017-12-14,36.09370040893555,46.633445739746094,84.5202865600586,86.45836639404297,55.69681167602539,125.9157485961914,108.43461608886719,212.05128479003906,82.90975952148438,39.036376953125,40.74737548828125,105.87693786621094,75.0774917602539,44.6009521484375,38.55607604980469
2017-12-15,36.43659973144531,47.660648345947266,85.60714721679688,87.6776123046875,56.3372688293457,128.15625,108.9031753540039,213.4540252685547,84.08218383789062,38.233192443847656,41.10345458984375,107.34323120117188,75.90390014648438,45.56048583984375,38.805274963378906
2017-12-18,36.0406379699707,47.8131217956543,85.76359558105469,88.70996856689453,57.01538848876953,127.41519165039062,109.05457305908203,215.81956481933594,84.73177337646484,37.876224517822266,41.21182632446289,108.23191833496094,76.15965270996094,45.96918869018555,39.00464630126953
2017-12-19,35.91409683227539,47.973628997802734,85.94473266601562,88.23825073242188,56.2845344543457,127.2083511352539,108.24716186523438,212.8813018798828,84.37528991699219,37.77211380004883,40.971858978271484,107.45429229736328,76.64502716064453,46.03138732910156,38.84800338745117
2017-12-20,35.661006927490234,48.150184631347656,85.97767639160156,87.66870880126953,56.254390716552734,125.7864761352539,107.72816467285156,211.8022918701172,84.08218383789062,37.93571853637695,40.646732330322266,107.32100677490234,76.8089828491211,46.03138732910156,38.6343879699707
2017-12-21,35.55894470214844,48.21438980102539,85.80480194091797,87.65979766845703,57.12843704223633,124.9592056274414,108.76622009277344,216.6413116455078,85.42097473144531,37.95059585571289,40.93315887451172,108.31334686279297,76.56631469726562,46.44895935058594,38.82665252685547
2017-12-22,35.59977340698242,47.596458435058594,85.72244262695312,87.87339782714844,56.87976837158203,125.12293243408203,107.39653778076172,214.94801330566406,85.11994171142578,37.749794006347656,40.80930709838867,108.20970916748047,76.1859130859375,46.271270751953125,38.77680587768555
2017-12-26,35.775291442871094,47.692752838134766,85.91181182861328,87.72209930419922,56.34480667114258,125.21770477294922,107.36772918701172,213.9105224609375,84.77928161621094,37.68286895751953,40.61578369140625,107.30620574951172,75.85139465332031,46.084686279296875,38.456382751464844
2017-12-27,35.80387878417969,47.781028747558594,86.12589263916016,88.2204818725586,56.427696228027344,125.95884704589844,107.74420928955078,212.44137573242188,84.93773651123047,37.74235153198242,40.693199157714844,107.36540985107422,75.64154052734375,46.06692123413086,38.499107360839844
2017-12-28,36.016151428222656,48.150184631347656,86.38114166259766,88.72773742675781,56.57085037231445,126.56499481201172,108.00997161865234,212.8979034423828,85.38927459716797,37.831600189208984,40.755123138427734,107.87642669677734,75.55625915527344,46.2357292175293,38.627994537353516
2017-12-29,35.83244705200195,47.8131217956543,86.21646118164062,88.38067626953125,56.06602096557617,126.53901672363281,107.81804656982422,211.4536895751953,84.71595001220703,37.60105895996094,40.61578369140625,106.8544692993164,75.4119644165039,45.64044189453125,38.36307144165039
2018-01-02,35.91001510620117,47.74892807006836,83.91922760009766,88.05138397216797,56.028343200683594,123.22249603271484,106.88787078857422,212.20899963378906,85.51605224609375,37.318450927734375,40.3990364074707,107.09884643554688,75.72024536132812,45.70265197753906,38.685279846191406
2018-01-03,36.016151428222656,48.27858352661133,83.96864318847656,88.59426879882812,56.201637268066406,124.19233703613281,108.60053253173828,210.23355102539062,85.60316467285156,37.556434631347656,40.507423400878906,107.07662963867188,75.74646759033203,45.77371597290039,39.06475067138672
2018-01-04,36.38760757446289,48.47117614746094,82.99703979492188,90.0678482055664,56.894840240478516,124.69461822509766,109.7595443725586,213.17184448242188,86.8294906616211,38.196014404296875,41.12667465209961,107.08403778076172,76.41545867919922,46.03138732910156,39.3654670715332
2018-01-05,36.62845993041992,48.671791076660156,83.87806701660156,90.27326965332031,56.81950378417969,124.91967010498047,110.47564697265625,212.0845184326172,86.2720947265625,38.552982330322266,41.11119842529297,107.21733093261719,77.18280792236328,46.20907974243164,39.608909606933594
2018-01-08,36.72233200073242,48.35081100463867,83.48284149169922,89.44267272949219,56.15642166137695,124.28755950927734,112.01118469238281,209.00518798828125,86.39945983886719,38.6571044921875,40.940895080566406,107.41728210449219,77.13692474365234,46.41342544555664,39.66618728637695
2018-01-09,36.73867416381836,48.65575408935547,83.1123046875,89.77312469482422,56.74415588378906,126.2965316772461,112.67558288574219,210.77310180664062,86.83745574951172,38.9397087097168,41.258270263671875,109.46861267089844,78.04857635498047,47.390743255615234,39.938270568847656
2018-01-10,37.04075622558594,48.952674865722656,82.6923828125,90.3982925415039,57.00033950805664,125.81163024902344,112.8748550415039,211.09677124023438,87.79302215576172,39.4379768371582,41.745933532714844,110.80158233642578,79.69481658935547,47.58620071411133,40.238983154296875
2018-01-11,37.42853927612305,49.073055267333984,82.98058319091797,89.9606704711914,56.932533264160156,125.12753295898438,112.8084716796875,211.76080322265625,88.26284790039062,39.78008270263672,41.95492935180664,112.18646240234375,81.144287109375,48.12816619873047,40.582664489746094
2018-01-12,34.67314529418945,48.928611755371094,84.07566833496094,90.1750259399414,57.89697265625,126.11470031738281,112.74935150146484,213.33779907226562,89.72010040283203,39.66108322143555,42.667083740234375,112.44563293457031,81.4066390991211,49.21209716796875,40.79745101928711
2018-01-16,35.265052795410156,49.000823974609375,84.09213256835938,89.61238098144531,58.100399017333984,126.14065551757812,112.35809326171875,214.5247039794922,89.40158081054688,38.56041717529297,42.264564514160156,113.31636810302734,80.07521057128906,49.33647918701172,40.93349838256836
2018-01-17,35.84877395629883,49.289730072021484,85.58244323730469,89.98748016357422,58.371665954589844,127.75997924804688,111.804443359375,210.53233337402344,89.97490692138672,39.08100509643555,42.845130920410156,114.78253936767578,80.96065521240234,49.83400344848633,40.3392219543457
2018-01-18,35.285457611083984,49.37800598144531,85.63186645507812,89.1836929321289,58.31137466430664,127.88983154296875,112.36553192138672,208.3079833984375,90.18992614746094,39.37849044799805,43.22441864013672,114.39554595947266,80.8753433227539,49.15878677368164,40.20317459106445
2018-01-19,35.440574645996094,49.39405059814453,85.38483428955078,87.54934692382812,58.9970588684082,128.33148193359375,113.89363098144531,212.58248901367188,89.99082946777344,39.7131462097168,44.47842025756836,115.54161834716797,81.41317749023438,49.292049407958984,40.42514419555664
2018-01-22,35.79570770263672,48.952674865722656,85.98593139648438,87.80834197998047,59.215545654296875,129.7082977294922,114.75738525390625,217.06455993652344,91.04197692871094,40.04780578613281,44.4010124206543,115.89139556884766,81.54436492919922,49.25651550292969,40.99794387817383
2018-01-23,35.95491409301758,50.028045654296875,83.36754608154297,87.50469207763672,59.18543243408203,132.73912048339844,113.87147521972656,215.8776397705078,90.94638061523438,39.86931228637695,44.05268478393555,115.92865753173828,81.45911407470703,49.149898529052734,40.9406623840332
2018-01-24,36.09778594970703,51.61699676513672,82.23127746582031,88.68355560302734,59.863525390625,134.20249938964844,114.41773223876953,220.5174560546875,92.10900115966797,40.233726501464844,44.30813217163086,117.39478302001953,81.87230682373047,49.21209716796875,41.348777770996094
2018-01-25,36.50191116333008,52.00218200683594,82.93938446044922,89.0318603515625,59.85599899291992,134.05531311035156,113.81241607666016,223.2979278564453,92.13288879394531,40.15935516357422,43.975276947021484,117.4394302368164,81.59027099609375,48.13705062866211,41.51345443725586
2018-01-26,37.14279556274414,51.9058952331543,82.77472686767578,88.97825622558594,60.33823776245117,134.91261291503906,114.54328155517578,222.5592803955078,92.62661743164062,40.73200607299805,44.5867919921875,118.07945251464844,82.6528091430664,48.21700668334961,41.606536865234375
2018-01-29,36.55498504638672,51.56884002685547,80.72447204589844,88.78179931640625,60.247806549072266,133.4578094482422,113.28086853027344,226.1614990234375,92.53103637695312,40.45683670043945,44.4706916809082,118.48881530761719,82.22647094726562,48.021541595458984,41.520626068115234
2018-01-30,36.15492248535156,50.838565826416016,81.06208038330078,88.1566390991211,59.23814392089844,132.53994750976562,113.19234466552734,223.22323608398438,91.66310119628906,36.98379898071289,44.004215240478516,117.51383209228516,79.6161117553711,47.266353607177734,41.098182678222656
2018-01-31,36.003902435302734,51.29598617553711,81.32554626464844,88.77286529541016,59.13267517089844,135.21566772460938,113.30306243896484,222.35179138183594,92.10900115966797,35.7492561340332,43.96533966064453,117.60319519042969,77.93051147460938,47.390743255615234,40.91202163696289
2018-02-01,36.61213302612305,51.496620178222656,81.28437042236328,89.3087158203125,59.675148010253906,134.6355438232422,117.3116455078125,225.95401000976562,93.06456756591797,35.987239837646484,44.6650505065918,118.44416046142578,79.04548645019531,48.785640716552734,41.14113998413086
2018-02-02,36.310054779052734,50.589786529541016,80.64215087890625,86.34367370605469,58.26802062988281,132.70445251464844,117.45928192138672,215.8361358642578,91.00214385986328,35.6648063659668,43.133460998535156,117.56592559814453,76.9532699584961,47.390743255615234,40.740177154541016
2018-02-05,35.191566467285156,48.65575408935547,78.23786926269531,82.17296600341797,55.4310302734375,127.595458984375,113.65738677978516,206.76416015625,86.63837432861328,34.412479400634766,40.85550308227539,111.87259674072266,72.66387176513672,45.56939697265625,39.107696533203125
2018-02-06,34.950721740722656,48.35883712768555,79.53882598876953,84.1109619140625,56.603668212890625,126.32249450683594,116.38143920898438,214.72396850585938,89.27416229248047,34.64495849609375,42.239376068115234,114.8271484375,72.7950439453125,46.96426773071289,39.107696533203125
2018-02-07,34.94256591796875,48.52734375,79.7611312866211,83.60186767578125,56.732269287109375,127.74266815185547,118.06462097167969,213.3959197998047,89.87934875488281,34.689945220947266,42.41041564941406,115.35557556152344,72.91310119628906,46.226837158203125,39.2365837097168
2018-02-08,33.983272552490234,46.76987075805664,74.15388488769531,78.89530944824219,54.37189865112305,121.56854248046875,112.9782485961914,204.47328186035156,85.90576934814453,33.20515823364258,40.26462173461914,111.17302703857422,67.80390167236328,43.52960968017578,37.69718551635742
2018-02-09,34.60374450683594,48.32672119140625,74.8373031616211,81.91395568847656,55.741214752197266,125.14482116699219,115.79087829589844,206.9218292236328,87.62578582763672,33.4526252746582,40.5367317199707,112.90705871582031,69.54850006103516,44.61562728881836,38.48479080200195
2018-02-12,34.75070571899414,47.83720397949219,74.70555877685547,84.57537841796875,56.55825424194336,125.22280883789062,118.21224212646484,210.1256866455078,88.97953033447266,33.46010971069336,41.53966522216797,113.33124542236328,70.74217987060547,45.34556579589844,38.642311096191406
2018-02-13,35.13441848754883,47.692752838134766,75.85830688476562,84.45034790039062,56.876007080078125,125.6644058227539,118.23441314697266,212.09280395507812,89.52896881103516,33.895050048828125,41.50856399536133,114.08294677734375,70.10599517822266,45.53252029418945,38.764041900634766
2018-02-14,35.779388427734375,47.67669677734375,78.24610137939453,85.9417953491211,58.03349304199219,127.5434799194336,119.70348358154297,217.9443817138672,91.59938049316406,35.01988220214844,42.79914855957031,117.78921508789062,72.97870635986328,46.64522171020508,39.60173797607422
2018-02-15,36.09370040893555,47.532257080078125,77.82618713378906,86.23648834228516,58.31340789794922,127.35298156738281,121.88861846923828,222.17739868164062,91.98160552978516,35.04238510131836,43.07125473022461,118.97254943847656,71.96865844726562,46.58290100097656,39.45138168334961
2018-02-16,36.595794677734375,47.724857330322266,78.25432586669922,86.44192504882812,58.1167106628418,127.29237365722656,119.87328338623047,222.1276092529297,91.32063293457031,34.97489929199219,42.86912536621094,118.39201354980469,71.77192687988281,46.44047546386719,39.81654739379883
2018-02-20,36.50957489013672,48.18227767944336,77.10984802246094,86.79916381835938,57.8443603515625,125.9415054321289,120.58937072753906,219.86163330078125,91.34456634521484,35.16237258911133,42.80691909790039,118.42929077148438,71.73883056640625,46.591819763183594,39.315338134765625
2018-02-21,36.49314498901367,48.29462432861328,76.91221618652344,87.07600402832031,58.252891540527344,124.4521255493164,119.43032836914062,218.62496948242188,91.726806640625,35.20735549926758,42.83802795410156,120.02932739257812,71.83802032470703,46.55620574951172,39.45138168334961
2018-02-22,36.34944534301758,48.118072509765625,76.40996551513672,86.94203186035156,57.70062255859375,123.88925170898438,118.50753784179688,216.9899139404297,91.55955505371094,34.96738815307617,42.65143585205078,117.29058074951172,71.28253173828125,46.31585693359375,38.85711669921875
2018-02-23,36.77646255493164,48.20634841918945,77.70268249511719,88.23700714111328,58.31340789794922,124.70321655273438,121.08396911621094,221.42210388183594,93.41496276855469,35.5973014831543,43.592166900634766,119.14372253417969,72.06950378417969,46.94790267944336,39.730621337890625
2018-02-26,37.26506423950195,47.355690002441406,78.83897399902344,90.77335357666016,58.74464416503906,126.54763793945312,123.21003723144531,225.14886474609375,94.57756805419922,35.657283782958984,44.32297134399414,120.43864440917969,72.82337951660156,47.82915496826172,39.98121643066406
2018-02-27,36.948909759521484,46.729740142822266,77.40628051757812,88.93363952636719,57.78383255004883,124.85908508300781,123.05506896972656,222.38497924804688,93.45476531982422,35.40983200073242,44.09749984741211,119.2479019165039,71.877685546875,47.891483306884766,39.38694763183594
2018-02-28,36.49314498901367,46.01552200317383,75.96533966064453,87.08493041992188,57.11051940917969,122.89339447021484,122.66374969482422,218.84751892089844,91.97362518310547,34.63744354248047,43.55328369140625,117.33525085449219,70.31040954589844,47.197139739990234,38.92155838012695
2018-03-01,35.99223709106445,45.31733322143555,75.80066680908203,84.96829223632812,55.726070404052734,121.06629180908203,119.78469848632812,213.7285919189453,90.32528686523438,34.29249954223633,42.363773345947266,116.09236145019531,68.72990417480469,46.33366394042969,38.06951904296875
2018-03-02,35.93064498901367,45.34943771362305,75.80892181396484,85.37914276123047,55.741214752197266,121.10958862304688,122.73756408691406,214.84393310546875,90.23767852783203,34.12002182006836,42.55813217163086,117.16402435302734,69.8342514038086,46.849979400634766,38.24134826660156
2018-03-05,36.23448181152344,46.24022674560547,76.8681640625,86.32582092285156,56.3010368347168,122.58164978027344,124.38385009765625,219.00564575195312,91.6232681274414,34.78741455078125,43.141231536865234,118.11670684814453,70.2442626953125,47.722347259521484,38.642311096191406
2018-03-06,36.45209503173828,46.56925582885742,77.31501770019531,85.79888153076172,56.02870178222656,122.90209197998047,125.19586944580078,222.17686462402344,91.7029037475586,35.29734802246094,43.97311019897461,118.58551788330078,71.1171875,48.719337463378906,38.78550338745117
2018-03-07,36.44797897338867,45.991451263427734,77.28192901611328,85.41485595703125,55.922767639160156,121.7850112915039,124.45028686523438,220.86180114746094,91.36048889160156,35.28234100341797,44.22188949584961,118.80880737304688,70.96510314941406,49.34245681762695,38.420345306396484
2018-03-08,36.948909759521484,45.15684509277344,78.0597915649414,86.2632827758789,56.06652069091797,122.88478088378906,124.86539459228516,221.685791015625,91.36844635009766,35.1248779296875,44.28409194946289,118.69717407226562,71.08413696289062,49.76974868774414,38.620826721191406
2018-03-09,37.64278793334961,45.39759826660156,79.4665756225586,88.46029663085938,57.579566955566406,124.69461822509766,127.07452392578125,225.37301635742188,93.99629211425781,35.87476348876953,45.61354446411133,120.90007019042969,72.94242095947266,51.36316680908203,39.58026885986328
2018-03-12,37.29380416870117,45.4296875,78.4901123046875,87.22782135009766,57.51148986816406,123.90662384033203,125.41397094726562,227.54544067382812,93.69367980957031,35.259849548339844,45.80013656616211,120.75868225097656,72.67127990722656,51.41657257080078,39.38694763183594
2018-03-13,37.260955810546875,44.89201354980469,79.78101348876953,85.1737289428711,56.671749114990234,122.91068267822266,122.17446899414062,223.50860595703125,92.57086944580078,35.31984329223633,45.11598205566406,119.44139862060547,72.47949981689453,50.45517349243164,38.77118682861328
2018-03-14,37.03923797607422,44.335105895996094,79.78101348876953,84.42354583740234,55.58234786987305,121.88895416259766,120.79563903808594,220.09597778320312,91.5356674194336,35.177364349365234,44.30742263793945,117.65523529052734,71.4544677734375,49.796443939208984,38.14111328125
2018-03-15,36.961219787597656,44.117191314697266,80.1120376586914,84.29850006103516,55.483970642089844,122.14868927001953,122.60444641113281,221.9104766845703,91.7666015625,35.21485900878906,44.48623275756836,117.49152374267578,71.74544525146484,49.4848747253418,38.20555877685547
2018-03-16,37.154197692871094,43.82661437988281,80.70784759521484,85.38806915283203,55.58234786987305,122.07943725585938,122.40428924560547,222.73452758789062,91.92587280273438,35.48482131958008,44.711700439453125,119.12884521484375,71.85126495361328,49.59171676635742,38.13394546508789
2018-03-19,36.706661224365234,43.94769287109375,80.08719635009766,84.70039367675781,54.99981689453125,121.4906005859375,121.2330322265625,218.51454162597656,91.20124053955078,35.31235122680664,44.27631759643555,118.65253448486328,71.2362289428711,49.55610275268555,37.80459213256836
2018-03-20,37.306121826171875,44.90009689331055,80.59197235107422,84.79861450195312,55.1662483215332,122.3738784790039,121.70741271972656,219.0638885498047,91.28882598876953,35.394840240478516,44.680599212646484,118.22088623046875,72.01658630371094,49.82315444946289,37.66139602661133
2018-03-21,37.25684356689453,45.069583892822266,80.1368408203125,84.61107635498047,55.4688606262207,121.45594024658203,121.9446792602539,217.9485321044922,91.36844635009766,35.40983200073242,44.400718688964844,118.2506332397461,72.00334930419922,49.707427978515625,37.6255989074707
2018-03-22,36.4356575012207,44.23825454711914,78.3245849609375,81.63709259033203,53.19169616699219,119.18720245361328,118.7274398803711,210.24940490722656,87.55412292480469,34.27749252319336,42.480377197265625,114.07551574707031,69.47714233398438,47.535404205322266,36.265201568603516
2018-03-23,35.59807205200195,43.10828399658203,76.3385238647461,80.77975463867188,51.368465423583984,116.52880096435547,117.21516418457031,204.13998413085938,85.21299743652344,33.055171966552734,40.48231887817383,109.58037567138672,66.5541763305664,45.6838264465332,35.262813568115234
2018-03-26,36.20574951171875,43.753971099853516,78.21701049804688,82.71775817871094,52.790733337402344,118.65033721923828,119.87645721435547,212.14715576171875,87.84080505371094,34.607452392578125,42.21604919433594,113.87459564208984,68.88858032226562,47.14371871948242,36.723453521728516
2018-03-27,35.7048225402832,43.40690612792969,77.28192901611328,81.64604949951172,51.65594482421875,118.37326049804688,117.86746978759766,205.8047332763672,86.1366958618164,34.112518310546875,41.321983337402344,111.02416229248047,67.82386779785156,45.870765686035156,35.69956970214844
2018-03-28,35.762306213378906,44.004180908203125,78.29150390625,82.35157775878906,51.64081573486328,120.34917449951172,117.74887084960938,207.56092834472656,86.00131225585938,34.41997528076172,41.1353759765625,111.22509765625,68.04871368408203,45.30996322631836,36.06692886352539
2018-03-29,35.93474197387695,43.923465728759766,78.44871520996094,83.30718231201172,51.06584930419922,119.05217742919922,119.89869689941406,209.63348388671875,87.570068359375,34.412479400634766,41.951725006103516,112.55725860595703,68.47856140136719,46.4849967956543,36.37668228149414
2018-04-02,35.28601837158203,42.874229431152344,77.53845977783203,81.27093505859375,51.2247200012207,116.03170776367188,116.90382385253906,205.8795623779297,85.88186645507812,33.76006317138672,40.987667083740234,110.38410186767578,66.75914764404297,44.873779296875,35.7860107421875
2018-04-03,35.87726974487305,43.36656951904297,78.71351623535156,82.8249282836914,51.80724334716797,117.58110046386719,119.03135681152344,208.5680694580078,87.06041717529297,34.21751022338867,41.337528228759766,112.45309448242188,68.00243377685547,45.53252029418945,36.21100997924805
2018-04-04,36.32890701293945,43.762054443359375,79.88031005859375,83.5750961303711,52.43517303466797,118.53860473632812,118.97206115722656,210.26605224609375,88.38228607177734,34.382484436035156,41.72624588012695,113.49502563476562,69.05391693115234,46.06660079956055,36.50633239746094
2018-04-05,35.885475158691406,44.02838897705078,80.37681579589844,84.44466400146484,53.12360382080078,118.18171691894531,120.82530975341797,212.92117309570312,89.54280090332031,34.5174560546875,42.65143585205078,113.68848419189453,69.37793731689453,46.60072708129883,36.794471740722656
2018-04-06,35.614498138427734,43.261634826660156,79.35899353027344,82.39181518554688,51.898033142089844,116.75420379638672,117.31893157958984,208.0603485107422,87.30980682373047,33.947547912597656,41.236454010009766,110.10877990722656,67.67179107666016,44.606719970703125,36.218204498291016
2018-04-09,35.79514694213867,43.019500732421875,79.25968933105469,82.5979995727539,52.53352737426758,116.7802963256836,118.00096130371094,209.90814208984375,88.35829162597656,34.15752029418945,41.47746276855469,111.04649353027344,67.42048645019531,44.695735931396484,36.441505432128906
2018-04-10,36.443878173828125,43.197059631347656,80.36856079101562,83.36893463134766,53.34300231933594,117.66817474365234,121.27005767822266,213.5537567138672,90.0470199584961,34.83991622924805,42.09165573120117,112.780517578125,69.23906707763672,45.852962493896484,36.794471740722656
2018-04-11,36.287864685058594,43.06792449951172,79.60723114013672,82.11389923095703,52.87395477294922,116.69326782226562,119.54281616210938,210.5323486328125,88.53436279296875,34.53245544433594,41.00322723388672,111.2176742553711,68.08840942382812,45.327762603759766,36.41269302368164
2018-04-12,36.66560363769531,43.1728515625,80.0623779296875,83.68268585205078,54.568580627441406,117.31997680664062,121.72969818115234,216.06748962402344,90.73531341552734,35.26734924316406,41.86619567871094,113.48756408691406,69.45731353759766,46.04880905151367,36.90971374511719
2018-04-13,36.59169006347656,43.25355911254883,79.73966217041016,83.39582824707031,53.72127914428711,116.6410140991211,121.14403533935547,213.01280212402344,88.27826690673828,35.184852600097656,41.1898078918457,108.79072570800781,68.9613265991211,45.43459701538086,36.7008171081543
2018-04-16,36.7641487121582,43.81047439575195,80.70784759521484,83.90679168701172,53.010128021240234,118.1991195678711,121.58885192871094,214.64418029785156,88.20620727539062,35.53731155395508,41.51633834838867,107.57910919189453,69.49037170410156,47.250553131103516,37.032169342041016
2018-04-17,37.1008186340332,43.79433822631836,80.88987731933594,84.13984680175781,52.76048278808594,118.6866226196289,122.1374282836914,211.1067352294922,88.20620727539062,35.169864654541016,41.39194107055664,105.35032653808594,69.371337890625,47.722347259521484,36.751251220703125
2018-04-18,36.96943664550781,43.95575714111328,80.9229965209961,85.29627227783203,52.18550109863281,118.82585906982422,122.46359252929688,211.41470336914062,87.49388885498047,35.24485397338867,41.40748596191406,105.94865417480469,69.99296569824219,46.44939041137695,36.016502380371094
2018-04-19,37.14188003540039,44.53688049316406,81.08025360107422,91.76856994628906,53.16899490356445,119.79204559326172,121.9224624633789,211.55618286132812,89.41473388671875,35.574798583984375,42.52703094482422,107.89319610595703,70.80635833740234,47.784664154052734,36.52073669433594
2018-04-20,37.18294143676758,44.73866271972656,81.3532943725586,90.3521957397461,52.9571647644043,119.84430694580078,122.37466430664062,209.71673583984375,89.21465301513672,35.61229705810547,42.34043884277344,107.78851318359375,70.77992248535156,48.950782775878906,36.326255798339844
2018-04-23,37.19935607910156,44.53688049316406,81.60157012939453,90.19084167480469,52.56378173828125,120.37529754638672,121.7223129272461,205.3136444091797,88.782470703125,35.5448112487793,41.70292663574219,108.6037368774414,71.01139831542969,49.289039611816406,36.40549850463867
2018-04-24,37.09260177612305,44.4642448425293,80.59197235107422,90.03842163085938,52.29141616821289,118.46900177001953,119.79486846923828,201.83445739746094,88.36630249023438,35.70228576660156,41.25977325439453,108.45414733886719,70.8526840209961,48.50570297241211,36.31904983520508
2018-04-25,37.289695739746094,44.71446990966797,80.67473602294922,88.55036163330078,52.47299575805664,119.47871398925781,119.40940856933594,199.12100219726562,88.03013610839844,35.86725616455078,40.45899200439453,108.97021484375,70.60799407958984,48.60361862182617,36.585575103759766
2018-04-26,37.51141357421875,44.82744598388672,80.70784759521484,89.8501968383789,52.33682632446289,118.73014831542969,118.2010498046875,199.83682250976562,88.11817932128906,36.12221908569336,40.5833854675293,108.99261474609375,70.8857421875,49.53829574584961,36.578372955322266
2018-04-27,37.68386459350586,45.40049743652344,81.2540054321289,89.29440307617188,52.19307327270508,119.52224731445312,116.6517562866211,199.59544372558594,87.55792999267578,36.287193298339844,40.513084411621094,110.19674682617188,71.17010498046875,49.840965270996094,36.91692352294922
2018-04-30,37.42108154296875,45.1987190246582,80.94783020019531,88.5234603881836,51.64837646484375,118.09466552734375,116.88898468017578,198.3718719482422,87.06171417236328,35.74728775024414,40.325584411621094,108.90289306640625,70.31040954589844,49.56500244140625,36.34065628051758
2018-05-01,37.2814826965332,45.44894027709961,81.26228332519531,88.3710708618164,51.633235931396484,118.32099151611328,116.01424407958984,196.99021911621094,87.06171417236328,35.469825744628906,40.4740104675293,108.70093536376953,70.1715316772461,49.502689361572266,36.535152435302734
2018-05-02,36.99407196044922,44.26246643066406,77.83634948730469,87.51943969726562,51.4365348815918,115.52684020996094,115.92530822753906,194.80946350097656,86.37342071533203,33.78257369995117,40.38808059692383,107.40707397460938,66.94432067871094,49.53829574584961,35.91567611694336
2018-05-03,36.50136947631836,41.92181396484375,77.82808685302734,87.08016204833984,51.39873123168945,113.32460021972656,116.39977264404297,194.27674865722656,85.82918548583984,33.490108489990234,39.903743743896484,108.46159362792969,64.54376983642578,48.95969009399414,36.00210952758789
2018-05-04,36.7969970703125,42.648231506347656,78.21701049804688,88.16484069824219,51.64195251464844,115.5529556274414,117.98611450195312,195.55027770996094,86.78158569335938,34.99656295776367,40.15373229980469,108.89539337158203,66.56742095947266,49.929969787597656,36.26142501831055
2018-05-07,36.616329193115234,43.00335693359375,78.66387176513672,88.3710708618164,52.0676155090332,115.51814270019531,118.03056335449219,197.43133544921875,87.53395080566406,35.541603088378906,40.9271125793457,109.1197738647461,66.46158599853516,50.71333694458008,36.27583694458008
2018-05-08,36.805198669433594,42.84193420410156,79.2017593383789,89.41092681884766,53.9678955078125,115.63130187988281,117.46719360351562,197.26490783691406,88.83048248291016,35.238800048828125,41.70050048828125,110.3388900756836,66.19707489013672,51.00709533691406,36.254234313964844
2018-05-09,36.747718811035156,42.632080078125,79.78101348876953,90.09221649169922,54.68999099731445,117.24165344238281,119.69847869873047,201.20181274414062,90.7673110961914,35.26909255981445,42.294212341308594,112.4030990600586,66.21690368652344,52.280033111572266,36.614383697509766
2018-05-10,37.24042510986328,42.57558822631836,79.5245132446289,90.881103515625,55.16127014160156,117.98155212402344,118.57919311523438,202.6251220703125,91.47162628173828,35.49617004394531,42.9973030090332,112.81444549560547,66.6864242553711,52.60995864868164,36.85930633544922
2018-05-11,37.14188003540039,42.656288146972656,79.75621032714844,90.91695404052734,55.3817024230957,118.5299072265625,118.08245849609375,202.19235229492188,91.12749481201172,35.40534591674805,43.12228775024414,112.91169738769531,66.05158233642578,53.02014923095703,37.09700012207031
2018-05-14,37.15009689331055,42.712791442871094,78.99488830566406,90.80042266845703,55.19927215576172,117.55502319335938,119.37234497070312,203.016357421875,91.15948486328125,35.54917526245117,43.13791275024414,112.44796752929688,66.04497528076172,52.547550201416016,36.86649703979492
2018-05-15,37.035125732421875,42.96299362182617,79.32588958740234,90.307373046875,55.2448844909668,117.0588607788086,118.94233703613281,201.06033325195312,90.46316528320312,35.942813873291016,42.848880767822266,112.77706146240234,66.48804473876953,52.4494743347168,36.823280334472656
2018-05-16,37.289695739746094,43.35041809082031,79.12728881835938,90.17289733886719,54.68999099731445,117.1371841430664,119.10545349121094,200.5609588623047,90.71128845214844,36.253204345703125,42.94261932373047,112.14881896972656,66.9046401977539,52.502967834472656,36.729644775390625
2018-05-17,37.388240814208984,44.22211456298828,78.61420440673828,90.73766326904297,54.3935546875,117.0327377319336,119.12769317626953,199.0128173828125,90.40715789794922,36.47272872924805,42.86448287963867,112.67237854003906,67.85694122314453,52.89532470703125,36.84489440917969
2018-05-18,37.27326965332031,44.512672424316406,78.54801940917969,90.53147888183594,53.1773796081543,116.24063873291016,118.44568634033203,197.26490783691406,88.94252014160156,36.169925689697266,42.122352600097656,111.25879669189453,67.73792266845703,52.734806060791016,36.41269302368164
2018-05-21,37.56889724731445,44.62566375732422,79.11898803710938,91.47274017333984,53.53461837768555,116.54529571533203,119.63182067871094,197.8475341796875,89.7588882446289,36.404598236083984,42.46608352661133,111.75988006591797,67.79127502441406,53.00230407714844,36.52073669433594
2018-05-22,37.64324188232422,44.48845672607422,79.34246063232422,92.06439971923828,54.02870178222656,117.7030029296875,119.24629974365234,198.09718322753906,90.44718170166016,36.684688568115234,42.8723030090332,112.84437561035156,68.02478790283203,53.136070251464844,36.78006362915039
2018-05-23,37.42023849487305,43.69748306274414,79.10246276855469,91.37410736083984,53.39020538330078,116.47562408447266,118.69034576416016,197.93907165527344,90.03101348876953,36.677127838134766,42.45825958251953,111.9842529296875,67.31758880615234,52.547550201416016,36.693626403808594
2018-05-24,37.42023849487305,43.35041809082031,79.04452514648438,91.44585418701172,52.68330764770508,116.15359497070312,118.61622619628906,196.51577758789062,89.02257537841797,36.336463928222656,42.18484115600586,111.06430053710938,66.97066497802734,51.84310531616211,36.49913024902344
2018-05-25,37.445011138916016,43.019500732421875,78.98661804199219,90.63007354736328,52.022003173828125,116.1883773803711,118.31228637695312,195.60850524902344,88.56636810302734,36.08665466308594,41.411441802978516,110.80256652832031,66.73046112060547,51.094093322753906,36.40549850463867
2018-05-29,36.809085845947266,42.11552810668945,77.98532104492188,87.6001205444336,49.94691467285156,113.08955383300781,117.63026428222656,188.9664764404297,84.78075408935547,34.18655776977539,39.0287971496582,105.64202117919922,63.36128616333008,49.16802978515625,35.19533157348633
2018-05-30,37.626712799072266,42.8338623046875,78.47593688964844,88.73861694335938,50.684207916259766,115.16995239257812,122.6785659790039,191.41383361816406,86.71757507324219,35.01169967651367,39.81780242919922,107.93060302734375,65.28270721435547,49.94379806518555,35.901268005371094
2018-05-31,37.213775634765625,42.60786437988281,77.73580932617188,88.12005615234375,50.69181823730469,113.75982666015625,120.75855255126953,188.67408752441406,85.64511108398438,34.81488037109375,39.16940689086914,107.25750732421875,64.60888671875,49.596046447753906,36.00931167602539
2018-06-01,37.494564056396484,43.01142501831055,78.05183410644531,88.07523345947266,51.14027786254883,113.83818054199219,124.19084930419922,190.73727416992188,86.75758361816406,35.32207107543945,40.00529861450195,108.53638458251953,65.94322967529297,50.58583068847656,36.5639533996582
2018-06-04,37.51933670043945,43.40690612792969,78.37615966796875,89.15096282958984,51.18587875366211,114.70858764648438,126.24425506591797,192.02354431152344,86.797607421875,35.07225799560547,40.270904541015625,109.59844970703125,66.16337585449219,50.701751708984375,36.67201614379883
2018-06-05,37.53585433959961,43.455345153808594,77.91877746582031,89.02546691894531,50.745025634765625,113.98615264892578,126.36283874511719,190.72886657714844,86.30938720703125,35.125244140625,39.669376373291016,108.73834228515625,65.75640869140625,50.202396392822266,36.895320892333984
2018-06-06,37.742340087890625,43.53606033325195,77.34498596191406,90.51354217529297,51.86238479614258,114.33431243896484,128.64605712890625,193.97813415527344,88.32624053955078,35.69300079345703,40.55213165283203,110.42113494873047,66.48363494873047,51.67368698120117,37.29149627685547
2018-06-07,37.72581100463867,43.47956085205078,77.50297546386719,90.9707260131836,52.02960968017578,115.10030364990234,127.82732391357422,194.99717712402344,88.67841339111328,35.647586822509766,40.731815338134766,110.69786071777344,66.54367065429688,51.1297607421875,37.334720611572266
2018-06-08,37.899253845214844,44.48845672607422,77.92709350585938,90.54044342041016,52.0448112487793,116.22318267822266,127.25421905517578,194.94705200195312,88.92650604248047,35.889827728271484,40.55213165283203,111.32611846923828,67.0840835571289,51.477516174316406,37.49319076538086
2018-06-11,37.783626556396484,44.49653244018555,77.85226440429688,90.71973419189453,51.77116394042969,115.77059936523438,127.00115203857422,195.53179931640625,88.70244598388672,36.033660888671875,40.450584411621094,109.96491241455078,67.27755737304688,51.192176818847656,37.060997009277344
2018-06-12,37.775360107421875,44.03647994995117,77.7524642944336,90.29840087890625,51.39110565185547,115.17868041992188,126.6960220336914,194.31228637695312,88.19021606445312,35.95039749145508,40.091224670410156,110.08458709716797,66.55701446533203,51.10300064086914,36.90252685546875
2018-06-13,37.72581100463867,44.40992736816406,77.56118774414062,89.66192626953125,51.147884368896484,115.52684020996094,126.88949584960938,195.3145751953125,88.0141372680664,35.57946014404297,40.30996322631836,108.89539337158203,66.25012969970703,51.14759063720703,36.794471740722656
2018-06-14,37.72581100463867,44.49112319946289,77.17034912109375,89.4288558959961,50.28896713256836,113.24626922607422,125.68372344970703,195.16427612304688,86.46145629882812,35.40534591674805,40.08341598510742,106.08329010009766,65.88316345214844,50.47880554199219,36.68642044067383
2018-06-15,37.783626556396484,44.82399368286133,78.01023864746094,88.3172836303711,50.42576599121094,113.92522430419922,126.40571594238281,193.7191925048828,86.35743713378906,35.0571174621582,39.96624755859375,107.67633056640625,65.75640869140625,50.015132904052734,37.01057815551758
2018-06-18,37.30461502075195,45.10004425048828,77.328369140625,88.27245330810547,50.73741149902344,112.67176055908203,125.93673706054688,193.2764892578125,86.5815200805664,35.29936218261719,39.66157531738281,106.57693481445312,65.34943389892578,49.47121047973633,36.938541412353516
2018-06-19,37.16421127319336,45.05944061279297,77.73580932617188,87.08016204833984,50.760223388671875,112.85455322265625,124.2695541381836,190.71218872070312,86.0772933959961,34.618045806884766,38.99754333496094,106.31510162353516,65.11591339111328,49.28395462036133,37.20506286621094
2018-06-20,36.93297576904297,44.82399368286133,76.65478515625,86.43474578857422,51.216285705566406,110.2954330444336,124.45564270019531,190.2945098876953,86.06927490234375,34.66348648071289,38.97411346435547,105.71678924560547,64.60888671875,49.52471160888672,36.93132781982422
2018-06-21,36.6934700012207,44.04458999633789,76.69637298583984,86.62297821044922,51.40632629394531,109.38489532470703,125.20735168457031,189.5928955078125,86.04527282714844,34.56507110595703,38.895992279052734,105.70933532714844,64.32865142822266,49.31962966918945,36.729644775390625
2018-06-22,36.49525451660156,44.21508026123047,76.70466613769531,87.16087341308594,51.07946014404297,109.77013397216797,125.356201171875,188.79103088378906,84.63665771484375,34.60291290283203,38.19291305541992,104.22847747802734,64.38203430175781,48.95402908325195,36.5639533996582
2018-06-25,36.40441131591797,44.02023696899414,76.19740295410156,88.33519744873047,49.9773063659668,109.53372192382812,123.9197006225586,185.04893493652344,83.86833190917969,34.21683883666992,37.44295883178711,103.53289031982422,64.03511047363281,47.62540817260742,36.43429183959961
2018-06-26,36.338356018066406,43.54934310913086,76.68806457519531,88.03937530517578,50.40297317504883,109.06095123291016,123.22007751464844,185.0823516845703,83.9243392944336,34.065425872802734,37.333595275878906,102.67278289794922,63.58808898925781,47.32223129272461,36.160587310791016
2018-06-27,35.85106658935547,42.932315826416016,75.0997314453125,86.91883850097656,49.75687789916992,109.61251831054688,121.46350860595703,183.91293334960938,82.6278076171875,33.23272705078125,36.8648681640625,101.19196319580078,62.1937255859375,46.278934478759766,35.89404296875
2018-06-28,35.68590545654297,43.216468811035156,75.96456146240234,86.92778015136719,50.83623123168945,110.8907699584961,121.96219635009766,186.61929321289062,83.98037719726562,33.26300811767578,37.724185943603516,101.39387512207031,62.44055938720703,46.10951232910156,35.959285736083984
2018-06-29,35.52899169921875,43.04596710205078,75.89803314208984,87.85114288330078,50.86663818359375,111.20591735839844,122.00687408447266,184.23875427246094,83.39612579345703,33.00563430786133,37.0289306640625,101.04238891601562,62.38721466064453,45.56557846069336,36.24915313720703
2018-07-02,35.42162322998047,43.322017669677734,76.23068237304688,88.74756622314453,51.049076080322266,111.02207946777344,122.05892181396484,186.48561096191406,84.10043334960938,32.990478515625,37.27890396118164,101.65567016601562,62.93427658081055,45.743927001953125,36.53178405761719
2018-07-03,35.429893493652344,43.573699951171875,76.42194366455078,87.70768737792969,50.212947845458984,111.69621276855469,119.92274475097656,184.08004760742188,82.92390441894531,32.854217529296875,36.73207473754883,100.51136016845703,62.70743942260742,44.79872131347656,36.21293258666992
2018-07-05,35.545509338378906,43.776668548583984,76.45523071289062,88.6433334350586,50.592994689941406,112.28278350830078,119.31243133544922,184.38075256347656,83.46307373046875,32.975345611572266,36.48208236694336,101.40137481689453,62.94093704223633,44.12103271484375,36.183937072753906
2018-07-06,35.43814468383789,44.14201354980469,76.63816833496094,88.63433837890625,51.033851623535156,113.10579681396484,119.4092025756836,185.25775146484375,83.73664093017578,33.10403060913086,36.78675842285156,101.71550750732422,63.28119659423828,45.164329528808594,36.38684844970703
2018-07-09,35.809791564941406,45.108150482177734,77.83561706542969,89.88484954833984,52.40207290649414,115.64472961425781,121.7165298461914,190.4365234375,86.32778930664062,34.42123031616211,37.817935943603516,103.80215454101562,65.16262817382812,46.278934478759766,37.22749710083008
2018-07-10,35.694156646728516,45.02696228027344,77.63603973388672,89.88484954833984,51.86238479614258,116.88790893554688,122.19290924072266,189.48434448242188,85.79669952392578,33.9973030090332,37.57574462890625,103.02433776855469,64.72230529785156,45.57451248168945,37.21299362182617
2018-07-11,35.091270446777344,44.296287536621094,77.19529724121094,90.23575592041016,51.61915588378906,115.4345932006836,123.13074493408203,188.4903564453125,85.61160278320312,33.37656021118164,37.302345275878906,102.97198486328125,63.648155212402344,45.00381088256836,37.14777755737305
2018-07-12,35.08302307128906,44.08517837524414,77.25352478027344,91.00043487548828,52.07522201538086,116.02119445800781,124.07601165771484,189.79335021972656,85.9817886352539,33.4522590637207,37.51327133178711,103.2038345336914,63.5814323425293,45.25349044799805,37.22026062011719
2018-07-13,35.18212127685547,44.03647232055664,77.19529724121094,90.4156723022461,50.92744445800781,115.68848419189453,124.2322998046875,189.11679077148438,85.58746337890625,33.4598274230957,37.560142517089844,103.45065307617188,63.42799758911133,45.137569427490234,36.894126892089844
2018-07-16,35.330780029296875,44.466758728027344,77.71920776367188,90.58661651611328,52.79731369018555,116.76535034179688,125.20735168457031,193.31826782226562,88.98328399658203,33.64150619506836,38.20072937011719,106.1014633178711,64.24860382080078,45.529911041259766,37.176753997802734
2018-07-17,35.462921142578125,44.418060302734375,78.38446807861328,91.00043487548828,52.71369934082031,116.77411651611328,125.80280303955078,192.9674835205078,88.91893005371094,33.4522590637207,38.419456481933594,106.54581451416016,64.0617904663086,47.152793884277344,37.176753997802734
2018-07-18,35.72719955444336,44.7590446472168,79.6318359375,92.64681243896484,53.09375762939453,118.19242858886719,127.29145050048828,193.15122985839844,89.74774169921875,34.03515625,39.49751663208008,107.24616241455078,65.04254913330078,48.34766387939453,36.756439208984375
2018-07-19,35.42162322998047,43.71982955932617,77.6859359741211,90.11878204345703,52.4400749206543,116.53772735595703,125.67630767822266,191.80641174316406,88.42803955078125,33.43711471557617,38.94286346435547,105.96593475341797,63.848304748535156,47.152793884277344,37.22026062011719
2018-07-20,35.5620231628418,43.2895393371582,77.6859359741211,90.10079193115234,52.61489486694336,116.64279174804688,125.78793334960938,193.52706909179688,89.54657745361328,33.12674331665039,39.27096939086914,107.31397247314453,63.54808807373047,46.501869201660156,37.002838134765625
2018-07-23,35.90889358520508,43.3544921875,77.49468231201172,91.06342315673828,53.36738967895508,117.264404296875,126.01126098632812,195.256103515625,91.21229553222656,33.755069732666016,39.63813018798828,108.56401062011719,64.6622314453125,46.91205596923828,37.5898323059082
2018-07-24,36.07406234741211,43.598052978515625,77.5279541015625,91.5042495727539,54.021095275878906,117.80716705322266,125.3860092163086,197.02694702148438,91.85604095458984,33.9973030090332,39.825618743896484,107.80339813232422,65.48287200927734,47.13496017456055,37.430416107177734
2018-07-25,36.15665054321289,43.49251937866211,77.96034240722656,92.33193969726562,54.515174865722656,118.73519897460938,126.17493438720703,197.7034912109375,92.68489074707031,33.85347366333008,39.872501373291016,107.47209930419922,64.69560241699219,47.20630645751953,37.408668518066406
2018-07-26,36.67695236206055,44.04458999633789,78.80025482177734,92.21498107910156,54.226322174072266,120.17105102539062,123.8973388671875,198.05433654785156,92.41934967041016,34.23198318481445,39.83342742919922,107.3817138671875,65.44951629638672,46.947715759277344,37.94493865966797
2018-07-27,38.24610900878906,44.13389587402344,78.7004623413086,93.42951965332031,54.49238586425781,120.72261047363281,123.17543029785156,198.49708557128906,93.368896484375,34.489356994628906,39.880306243896484,108.74480438232422,65.97657775878906,46.858543395996094,38.118858337402344
2018-07-30,38.262630462646484,44.604793548583984,78.65888977050781,90.73053741455078,54.94842529296875,122.43861389160156,119.98976135253906,199.5912628173828,93.9321517944336,34.640769958496094,39.99818420410156,109.46775817871094,66.810546875,45.761756896972656,38.39425277709961
2018-07-31,38.436058044433594,44.82399368286133,79.09961700439453,89.53400421142578,54.64439010620117,122.32479858398438,118.43415832519531,198.32167053222656,92.49980163574219,34.62562561035156,39.73099899291992,109.0686264038086,67.32427978515625,45.529911041259766,38.415985107421875
2018-08-01,38.59296798706055,44.6453857421875,78.70877838134766,89.47103118896484,54.674808502197266,121.21287536621094,120.15350341796875,197.1605682373047,93.07115173339844,34.5347900390625,39.4323844909668,109.21168518066406,67.05740356445312,45.36940383911133,38.126102447509766
2018-08-02,38.28740310668945,44.78339767456055,81.11204528808594,89.72294616699219,54.606380462646484,120.50373077392578,119.86325073242188,195.4482421875,93.4654312133789,34.96628189086914,39.14163589477539,109.30205535888672,66.63709259033203,44.700645446777344,38.082618713378906
2018-08-03,38.47734832763672,43.55746078491211,81.53612518310547,90.67656707763672,55.371273040771484,121.528076171875,120.3023910522461,195.53179931640625,94.22184753417969,34.63014221191406,39.22023010253906,109.21923828125,66.3301773071289,44.84330368041992,38.3435173034668
2018-08-06,38.51865005493164,43.370723724365234,81.82717895507812,90.79352569580078,55.37894058227539,121.43174743652344,120.48101806640625,197.0686798095703,94.2459945678711,35.07322692871094,39.283084869384766,109.49788665771484,66.49697875976562,44.9413948059082,38.35801696777344
2018-08-07,38.568199157714844,43.021610260009766,82.13488006591797,91.73816680908203,55.3865852355957,121.38798522949219,121.6346664428711,198.65576171875,94.5920181274414,35.1801872253418,39.393096923828125,109.8895034790039,66.93731689453125,45.289161682128906,38.62614822387695
2018-08-08,38.708595275878906,42.5750846862793,82.50076293945312,92.46688842773438,55.75373458862305,120.3636703491211,121.87287902832031,197.43618774414062,94.7851333618164,35.42465591430664,39.38523864746094,110.20578002929688,67.73124694824219,45.03056716918945,38.785587310791016
2018-08-09,38.61774826049805,42.21785354614258,82.72530364990234,92.65581512451172,55.05766677856445,120.0134506225586,121.29975128173828,195.2728271484375,94.05284118652344,35.2336540222168,38.85089111328125,109.36233520507812,66.6771011352539,45.3524055480957,38.756595611572266
2018-08-10,38.38650131225586,42.39646911621094,82.0184555053711,91.3873062133789,53.7420539855957,118.97159576416016,122.00687408447266,191.78970336914062,93.12747192382812,34.11064910888672,38.025779724121094,108.10469818115234,64.69560241699219,45.2451286315918,38.48121643066406
2018-08-13,38.237850189208984,42.299041748046875,81.62762451171875,91.59420776367188,52.90065383911133,118.1749038696289,122.0291748046875,189.49267578125,91.64684295654297,33.94257354736328,37.20852279663086,106.86959838867188,64.3553466796875,44.79813003540039,37.95217514038086
2018-08-14,38.411277770996094,42.485774993896484,81.81056213378906,91.9271011352539,53.55081558227539,116.53772735595703,123.78573608398438,191.74790954589844,92.2583999633789,34.45442199707031,37.609283447265625,107.47960662841797,64.9758071899414,45.173606872558594,38.53193283081055
2018-08-15,38.229591369628906,42.299041748046875,82.19308471679688,91.32431030273438,52.51057052612305,116.16127014160156,124.79800415039062,191.4889678955078,91.49393463134766,34.27106857299805,37.2870979309082,106.94491577148438,64.2619400024414,44.91435623168945,38.11162567138672
2018-08-16,38.40302658081055,42.59131622314453,83.06623077392578,92.34993743896484,53.20661926269531,117.67586517333984,125.40091705322266,194.62132263183594,92.3549575805664,34.81348419189453,37.95505142211914,108.78997039794922,65.44951629638672,45.71000289916992,38.52469253540039
2018-08-17,38.61774826049805,42.688751220703125,83.17432403564453,92.69180297851562,53.290771484375,117.35195922851562,126.07075500488281,194.93875122070312,92.3549575805664,35.096153259277344,38.01006317138672,108.85775756835938,65.91654205322266,45.50437927246094,38.61891174316406
2018-08-20,38.63426971435547,43.15963363647461,83.52362823486328,93.41153717041016,53.94857406616211,118.06110382080078,126.29407501220703,196.94338989257812,92.2342758178711,35.2336540222168,37.94718933105469,109.10627746582031,66.0915756225586,45.96926498413086,39.00298309326172
2018-08-21,38.96646499633789,43.679237365722656,84.35518646240234,94.2931900024414,54.49165725708008,118.21867370605469,124.56725311279297,199.3406524658203,92.79756164550781,35.760799407958984,38.14365768432617,109.2869873046875,67.1082763671875,44.85176467895508,39.27112579345703
2018-08-22,38.70070266723633,43.13528060913086,82.75025177001953,95.21085357666016,54.39985656738281,116.55521392822266,124.21742248535156,199.91697692871094,92.51590728759766,35.45520782470703,38.190799713134766,108.85775756835938,66.46863555908203,45.53120422363281,39.0899543762207
2018-08-23,38.52630615234375,42.71311569213867,82.45089721679688,94.79701232910156,54.162742614746094,116.73033905029297,124.79800415039062,197.41114807128906,92.32279968261719,35.11906814575195,37.82146453857422,107.8410873413086,65.90306854248047,44.85176467895508,38.988494873046875
2018-08-24,38.75884246826172,43.28141403198242,82.76685333251953,95.14787292480469,54.055660247802734,118.29745483398438,126.02611541748047,196.3837432861328,92.28251647949219,35.462852478027344,37.82931137084961,107.63777160644531,66.34745788574219,45.191490173339844,39.14068603515625
2018-08-27,39.00800704956055,44.02023696899414,83.50699615478516,96.30844116210938,55.371273040771484,119.51441955566406,126.96393585205078,202.6400604248047,93.91608428955078,35.951786041259766,39.20450210571289,109.74637603759766,67.57960510253906,45.924560546875,39.46678924560547
2018-08-28,38.85019302368164,43.874080657958984,83.47370910644531,96.51534271240234,55.36363220214844,119.38310241699219,126.23448944091797,202.4479217529297,93.45738983154297,35.860103607177734,39.29094314575195,110.01000213623047,67.59306335449219,45.808353424072266,39.27837371826172
2018-08-29,38.98307418823242,43.76043701171875,83.6400146484375,96.00254821777344,55.47837448120117,119.40935516357422,128.1473846435547,202.30548095703125,93.151611328125,35.88302993774414,39.251651763916016,109.90451049804688,67.11502075195312,45.8888053894043,39.37258529663086
2018-08-30,38.62596893310547,43.54934310913086,83.56483459472656,95.57071685791016,54.65992736816406,118.32374572753906,128.99586486816406,200.62928771972656,92.69294738769531,35.2565803527832,38.74086380004883,108.2703628540039,66.27337646484375,45.20042037963867,39.16242218017578
2018-08-31,38.401737213134766,43.167762756347656,84.01596069335938,95.34579467773438,54.49165725708008,118.40249633789062,130.05282592773438,199.29685974121094,92.20209503173828,35.057960510253906,38.37152862548828,108.09715270996094,66.15220642089844,45.40605163574219,39.21315383911133
2018-09-04,38.6757926940918,43.330135345458984,84.33340454101562,96.27245330810547,54.61403274536133,119.24301147460938,131.77963256835938,199.17112731933594,92.66075134277344,35.24130630493164,38.27723693847656,108.39085388183594,66.48883819580078,45.87985610961914,39.3073616027832
2018-09-05,39.099334716796875,43.69548797607422,84.70933532714844,95.0759048461914,54.4381103515625,120.18853759765625,127.49241638183594,199.08737182617188,92.21011352539062,35.39409255981445,38.285099029541016,108.57911682128906,67.14195251464844,45.164669036865234,39.37258529663086
2018-09-06,38.94155502319336,43.76043701171875,84.45872497558594,94.8239974975586,53.6273193359375,120.24105072021484,129.1373291015625,196.53970336914062,91.81581115722656,35.012115478515625,37.66429138183594,107.8410873413086,66.47537994384766,44.2617301940918,39.37258529663086
2018-09-07,38.88340377807617,43.573699951171875,83.56483459472656,95.43576049804688,53.267799377441406,119.60198211669922,129.8697052001953,196.02847290039062,91.99286651611328,34.92808151245117,37.892181396484375,107.6603775024414,66.17913055419922,44.842830657958984,39.27112579345703
2018-09-10,38.841888427734375,42.80240249633789,81.74368286132812,96.52433013916016,53.26015853881836,118.59514617919922,130.1088104248047,194.35240173339844,91.5019760131836,34.828765869140625,37.67215347290039,107.4269027709961,66.4551773071289,45.25407409667969,39.22764205932617
2018-09-11,38.725624084472656,42.518245697021484,82.0026626586914,97.44200897216797,53.107177734375,118.68269348144531,129.30921936035156,192.92770385742188,92.08136749267578,34.53845977783203,37.609283447265625,107.86368560791016,65.75494384765625,45.57591247558594,39.27837371826172
2018-09-12,38.45988082885742,42.477657318115234,81.51810455322266,97.05514526367188,53.933265686035156,117.89476013183594,128.2778778076172,191.2012939453125,90.99503326416016,34.30927276611328,37.31067657470703,106.41778564453125,65.16244506835938,45.33453369140625,38.80732345581055
2018-09-13,38.78376007080078,42.761817932128906,82.74614715576172,97.75688171386719,53.65789794921875,119.30429077148438,128.77114868164062,191.3520965576172,91.34908294677734,34.77528762817383,37.499271392822266,105.62702178955078,65.36441802978516,45.07526779174805,39.14792251586914
2018-09-14,39.20730209350586,43.49697494506836,83.53141021728516,98.56658172607422,53.95621871948242,120.91519927978516,129.3988494873047,192.11477661132812,91.33300018310547,35.5468864440918,37.868614196777344,105.73249053955078,67.23619842529297,45.73682403564453,39.23487854003906
2018-09-17,39.07442855834961,43.53781509399414,83.81547546386719,98.24268341064453,54.21630096435547,121.1165771484375,128.41989135742188,190.98341369628906,91.60658264160156,35.28714370727539,37.46785354614258,105.17518615722656,66.65044403076172,44.985870361328125,39.22764205932617
2018-09-18,39.24882507324219,44.06877517700195,84.50050354003906,98.63854217529297,54.583438873291016,121.37922668457031,128.83840942382812,191.82144165039062,91.97675323486328,35.760799407958984,37.6014289855957,105.3785171508789,67.47187042236328,45.25407409667969,39.24213409423828
2018-09-19,39.597633361816406,44.01975631713867,84.95994567871094,99.05237579345703,56.38861083984375,122.67495727539062,129.74266052246094,197.42799377441406,94.64833068847656,36.45600128173828,38.583702087402344,106.58343505859375,69.24266052246094,46.47883987426758,39.80015563964844
2018-09-20,39.772037506103516,44.37098693847656,85.23563385009766,99.96104431152344,57.20705032348633,123.2117919921875,130.3180389404297,198.95326232910156,95.46107482910156,36.99076461791992,39.19664764404297,108.78997039794922,70.17855834960938,46.55036926269531,40.11177444458008
2018-09-21,39.8966178894043,44.65688705444336,85.0602035522461,99.77214050292969,56.717506408691406,123.08860778808594,130.87107849121094,197.2268829345703,94.83343505859375,37.273433685302734,38.82731246948242,108.45111083984375,70.48155212402344,46.344749450683594,39.95957946777344
2018-09-24,39.614253997802734,44.64055633544922,83.85723114013672,98.82745361328125,56.48039627075195,120.64197540283203,130.5946044921875,195.18202209472656,93.92412567138672,36.914371490478516,38.15936279296875,106.38011169433594,69.5523910522461,46.09443283081055,39.43781280517578
2018-09-25,39.614253997802734,44.44450378417969,83.37271118164062,98.84547424316406,56.22798538208008,119.1810531616211,129.73513793945312,194.84678649902344,93.65857696533203,36.6087760925293,37.939334869384766,106.09396362304688,69.04741668701172,46.148067474365234,39.32184982299805
2018-09-26,39.066123962402344,44.15045166015625,82.57907104492188,97.17211151123047,55.41718673706055,117.75529479980469,129.2867431640625,191.81309509277344,92.55610656738281,36.05109405517578,37.48355484008789,104.38448333740234,68.07109832763672,45.343475341796875,38.85080337524414
2018-09-27,39.07442855834961,43.611324310302734,81.99431610107422,97.02815246582031,55.79962158203125,117.37686920166016,128.48709106445312,190.857666015625,92.1537857055664,35.829551696777344,37.53856658935547,103.42803955078125,68.04417419433594,45.164669036865234,38.62458801269531
2018-09-28,39.09103775024414,43.48881149291992,82.45377349853516,95.80461883544922,54.87409591674805,117.61448669433594,127.20172119140625,187.92453002929688,90.80188751220703,35.692039489746094,36.59558868408203,102.5619888305664,68.21924591064453,43.93989181518555,38.53702926635742
2018-10-01,39.165771484375,43.358116149902344,82.3117446899414,97.07312774658203,55.01945114135742,117.20084381103516,130.2209014892578,188.8380126953125,91.33300018310547,35.7302360534668,36.64272689819336,102.41139221191406,68.3875503540039,44.297489166259766,38.55161666870117
2018-10-02,39.10764694213867,43.39078903198242,82.57907104492188,97.51396179199219,54.91999435424805,117.55287170410156,130.40773010253906,189.45814514160156,91.71123504638672,35.417015075683594,36.64272689819336,102.61473846435547,68.32023620605469,44.565696716308594,38.485939025878906
2018-10-03,38.9249382019043,43.5133171081543,82.55401611328125,97.56795501708984,55.34834671020508,117.42965698242188,131.11769104003906,190.8911895751953,92.57223510742188,35.92121887207031,37.01991653442383,103.99285888671875,68.97333526611328,45.41498565673828,38.989444732666016
2018-10-04,38.70070266723633,44.02791976928711,83.07197570800781,97.27902221679688,55.54721450805664,118.344970703125,134.89913940429688,190.6398162841797,93.40687561035156,36.49420166015625,37.145668029785156,104.80616760253906,70.56233978271484,46.201698303222656,39.17189407348633
2018-10-05,38.61764907836914,43.782867431640625,83.19727325439453,96.81853485107422,55.394248962402344,118.336181640625,135.781005859375,189.15643310546875,92.88017272949219,36.119850158691406,36.73702621459961,104.31668090820312,70.33343505859375,46.02289581298828,39.025936126708984
2018-10-08,39.140869140625,44.15045166015625,83.61495971679688,96.60184478759766,55.524288177490234,119.83229064941406,135.19805908203125,188.85476684570312,93.44741821289062,36.48655319213867,36.94921112060547,105.24297332763672,71.36356353759766,46.192752838134766,39.35432815551758
2018-10-09,39.3734016418457,43.96257019042969,83.92406463623047,96.30387115478516,54.98882293701172,120.21074676513672,135.3849334716797,186.8099365234375,92.79911804199219,36.24208068847656,36.27339172363281,104.45220947265625,71.3366470336914,46.6397590637207,39.36891174316406
2018-10-10,38.47648239135742,42.794490814208984,80.92499542236328,93.51388549804688,53.504940032958984,116.55838012695312,134.70489501953125,180.08872985839844,90.3276138305664,35.26422119140625,35.063232421875,102.56950378417969,69.20903015136719,44.333255767822266,38.91647720336914
2018-10-11,36.94839096069336,40.95659255981445,77.8340072631836,91.71713256835938,52.304039001464844,111.61231231689453,131.5511932373047,178.47964477539062,87.62110137939453,33.430721282958984,34.175262451171875,99.11288452148438,65.78187561035156,43.02800750732422,37.81459426879883
2018-10-12,36.582969665527344,40.654354095458984,77.82567596435547,92.9992446899414,53.420780181884766,111.11065673828125,131.9024200439453,179.2339324951172,86.6649169921875,33.48420715332031,34.128116607666016,93.57776641845703,65.82227325439453,43.81473159790039,37.06296920776367
2018-10-15,36.39194869995117,40.066226959228516,77.51655578613281,92.65615844726562,52.93889236450195,109.6937484741211,129.8995361328125,180.36526489257812,86.17060852050781,33.43836212158203,34.1595344543457,94.58688354492188,65.57987976074219,42.589962005615234,36.858642578125
2018-10-16,36.69092559814453,40.27043914794922,79.47974395751953,94.14593505859375,53.32134246826172,109.91375732421875,133.06822204589844,185.7958526611328,88.0181655883789,33.499481201171875,36.100521087646484,94.7386474609375,65.8694076538086,43.1174201965332,37.19430923461914
2018-10-17,37.139404296875,40.531829833984375,79.98934936523438,94.2091293334961,53.420780181884766,111.8851318359375,135.50450134277344,191.3102264404297,88.9986572265625,34.1182746887207,37.08279800415039,96.62052154541016,67.12847900390625,42.94755935668945,38.60269546508789
2018-10-18,36.70753860473633,39.70681381225586,80.70777893066406,92.85476684570312,52.487606048583984,112.20195770263672,135.95289611816406,188.51951599121094,87.58868408203125,33.32378387451172,36.17123794555664,94.26058959960938,65.66740417480469,41.749603271484375,38.04080581665039
2018-10-19,36.93177032470703,38.55506896972656,81.30091094970703,96.3670883178711,52.67118453979492,112.89723205566406,136.4984130859375,190.2040252685547,87.44284057617188,33.491844177246094,36.47771072387695,94.97386169433594,65.71453857421875,41.86582946777344,38.31080627441406
2018-10-22,36.773983001708984,36.725337982177734,80.81639862060547,94.36262512207031,50.93485641479492,111.8851318359375,135.4297637939453,185.71205139160156,86.18681335449219,32.77372360229492,35.44829177856445,92.16625213623047,64.4419937133789,40.766212463378906,37.52999496459961
2018-10-23,36.75737762451172,36.08819580078125,80.25665283203125,94.24525451660156,50.27703094482422,111.55070495605469,135.1158905029297,183.16439819335938,85.287353515625,32.49869918823242,34.98466110229492,91.28601837158203,64.017822265625,39.81856918334961,37.486209869384766
2018-10-24,35.461795806884766,34.4953498840332,76.93175506591797,91.95187377929688,48.800785064697266,110.01055908203125,135.32518005371094,175.30345153808594,83.69908142089844,30.74159812927246,34.175262451171875,88.70604705810547,61.1495246887207,38.057403564453125,36.69080352783203
2018-10-25,35.03825378417969,34.617881774902344,77.56669616699219,93.54098510742188,49.69570541381836,108.84883880615234,132.62728881835938,179.35125732421875,84.97129821777344,31.146503448486328,35.00823211669922,90.77760314941406,62.1864128112793,38.60273742675781,37.413238525390625
2018-10-26,34.631324768066406,33.42527770996094,77.13227844238281,91.41918182373047,49.114383697509766,108.63763427734375,133.5016632080078,177.96849060058594,83.804443359375,30.22211456298828,34.552452087402344,90.64102935791016,60.70515441894531,38.611663818359375,37.150535583496094
2018-10-29,35.113006591796875,32.600276947021484,78.14311981201172,91.36498260498047,49.22146987915039,108.26799011230469,134.06214904785156,179.7535400390625,84.9632339477539,30.527694702148438,34.5367431640625,92.69745635986328,61.10239791870117,39.0676155090332,37.62485885620117
2018-10-30,35.82722473144531,33.457942962646484,79.77214050292969,92.16859436035156,49.35914611816406,110.33617401123047,136.3638916015625,183.7677459716797,86.46233367919922,31.115938186645508,35.20927047729492,94.67034912109375,62.24028015136719,40.739383697509766,38.17945098876953
2018-10-31,35.76908874511719,33.727508544921875,79.96427154541016,92.75545501708984,50.070526123046875,109.93134307861328,136.93936157226562,188.87149047851562,88.34230041503906,31.467369079589844,36.1270866394043,97.50074768066406,63.14252853393555,41.338375091552734,38.142967224121094
2018-11-01,35.60299301147461,35.22233581542969,75.1607437133789,93.93826293945312,50.35353088378906,110.46818542480469,137.3204803466797,190.21237182617188,88.30989074707031,32.04033660888672,36.30906677246094,98.44926452636719,63.883148193359375,41.47246551513672,38.04080581665039
2018-11-02,35.627906799316406,35.35303497314453,74.80987548828125,93.64030456542969,50.76942443847656,111.09306335449219,137.40269470214844,192.49191284179688,87.82368469238281,33.308502197265625,36.356544494628906,98.55552673339844,64.57666778564453,41.642330169677734,37.99702072143555
2018-11-05,36.300601959228516,36.047359466552734,75.51160430908203,94.99466705322266,51.832244873046875,113.17007446289062,138.62831115722656,191.67901611328125,88.39900970458984,34.396148681640625,36.25368881225586,99.08668518066406,65.86266326904297,42.26811981201172,38.194053649902344
2018-11-06,36.533138275146484,36.676334381103516,76.0462646484375,94.78699493408203,51.3547477722168,114.75420379638672,139.30084228515625,191.2431640625,88.81228637695312,34.411582946777344,36.174564361572266,99.98209381103516,66.23970794677734,42.69723892211914,38.4129638671875
2018-11-07,37.4217643737793,36.292396545410156,77.29100036621094,96.89079284667969,52.57161331176758,115.89833068847656,141.01226806640625,193.82437133789062,90.3357162475586,34.85126876831055,36.878746032714844,101.13550567626953,67.79508209228516,43.43031311035156,38.36917495727539
2018-11-08,37.54633331298828,36.1453742980957,78.27677917480469,97.9652328491211,52.20193862915039,115.9599380493164,141.56529235839844,194.13442993164062,91.06501007080078,35.05181884765625,36.736324310302734,101.86396026611328,65.29036712646484,43.5916633605957,38.62458801269531
2018-11-09,37.4051399230957,35.79413604736328,78.29347229003906,97.76658630371094,50.64619827270508,115.44068145751953,141.79693603515625,186.59201049804688,90.18174743652344,34.85898208618164,36.182472229003906,101.85636901855469,64.53626251220703,42.70424270629883,38.785133361816406
2018-11-12,36.90685272216797,34.6913948059082,76.489013671875,96.15039825439453,49.452430725097656,111.93794250488281,139.3382568359375,172.68032836914062,88.28556823730469,34.50413513183594,34.91651916503906,100.74849700927734,63.068450927734375,41.888519287109375,38.61728286743164
2018-11-13,36.84872817993164,34.43815994262695,76.33863067626953,97.38735961914062,49.89141845703125,112.27236938476562,139.99591064453125,171.84231567382812,88.8041763305664,35.067256927490234,35.35169982910156,102.88836669921875,63.70809555053711,42.17536926269531,39.179176330566406
2018-11-14,36.499916076660156,34.258453369140625,74.04965209960938,97.30609130859375,48.90562057495117,111.52432250976562,140.54150390625,169.69692993164062,86.97283935546875,34.74327087402344,34.69498062133789,101.78048706054688,62.516334533691406,42.00504684448242,39.4053955078125
2018-11-15,36.76567459106445,34.871097564697266,74.5926513671875,98.95841979980469,49.752803802490234,114.4990005493164,143.1570281982422,170.74449157714844,89.1931381225586,34.558143615722656,35.051029205322266,103.72308349609375,62.354766845703125,42.417388916015625,39.88701629638672
2018-11-16,37.01482009887695,35.0753059387207,74.76809692382812,98.8320083618164,50.02235794067383,116.64639282226562,146.18368530273438,169.38682556152344,89.12833404541016,33.91017150878906,34.91651916503906,103.49542999267578,61.64779281616211,42.09468078613281,40.076744079589844
2018-11-19,37.67921829223633,35.36936569213867,73.89093017578125,97.739501953125,49.76820755004883,118.2217788696289,146.18368530273438,166.11846923828125,89.80899810791016,33.68647003173828,35.1380500793457,102.66832733154297,61.7083854675293,41.2072639465332,40.1351203918457
2018-11-20,36.99427795410156,35.17333221435547,73.59020233154297,95.78923034667969,48.15855407714844,117.00724029541016,143.60548400878906,160.35267639160156,87.88040161132812,33.04621887207031,34.1015625,100.98373413085938,60.50988006591797,39.916439056396484,39.485679626464844
2018-11-21,37.07780838012695,35.82680130004883,73.57349395751953,96.15943145751953,48.42041015625,116.52316284179688,141.99868774414062,161.40858459472656,87.22406005859375,33.161930084228516,34.600040435791016,100.70298767089844,61.29764938354492,40.22121810913086,39.17189407348633
2018-11-23,37.144630432128906,35.42655563354492,73.28943634033203,95.47320556640625,47.557823181152344,115.56389617919922,141.47557067871094,158.47543334960938,86.42180633544922,33.0153694152832,34.08575439453125,100.63467407226562,60.978050231933594,39.513065338134766,39.055137634277344
2018-11-26,37.26158142089844,35.81863021850586,73.86588287353516,99.03065490722656,49.082763671875,117.42965698242188,143.12721252441406,162.86676025390625,88.53678894042969,33.77904510498047,35.03520202636719,102.85801696777344,62.44690704345703,40.41843032836914,39.52214431762695
2018-11-27,37.21145248413086,35.475555419921875,73.0973129272461,99.41888427734375,48.87480545043945,117.2800521850586,145.0926055908203,162.28854370117188,88.90953063964844,33.94873809814453,34.85322189331055,101.60597229003906,62.48772430419922,40.63357162475586,39.201072692871094
2018-11-28,37.88803482055664,36.20254898071289,74.48408508300781,101.92899322509766,50.507564544677734,119.03144073486328,139.83151245117188,166.22743225097656,89.89812469482422,34.781837463378906,35.85017013549805,101.84120178222656,64.11297607421875,40.929378509521484,39.617027282714844
2018-11-29,37.92144012451172,35.483726501464844,74.2993392944336,100.50238037109375,49.98385238647461,118.11613464355469,141.17666625976562,163.95545959472656,89.1850357055664,34.24186706542969,35.217185974121094,101.41625213623047,63.18136215209961,39.58477783203125,39.43458938598633
2018-11-30,38.20542907714844,35.32853317260742,74.89555358886719,101.3691635131836,49.89912414550781,117.70248413085938,142.05099487304688,160.45506286621094,90.10071563720703,34.4270133972168,35.12224197387695,103.03256225585938,63.75936508178711,40.15847396850586,39.74107360839844
2018-12-03,38.4810791015625,35.27134323120117,74.53445434570312,101.450439453125,50.184104919433594,117.50006103515625,140.57882690429688,161.24606323242188,90.95155334472656,34.57357406616211,35.929283142089844,103.12358093261719,64.09938049316406,40.750091552734375,39.69728469848633
2018-12-04,36.99427795410156,33.30276107788086,72.55268096923828,97.18873596191406,47.95060729980469,116.46157836914062,140.6460418701172,155.086669921875,86.89179229736328,32.722232818603516,34.11738967895508,98.27474975585938,60.64483642578125,38.55393981933594,38.38376998901367
2018-12-06,36.376182556152344,32.19185256958008,71.45262908935547,97.739501953125,46.25624084472656,115.71350860595703,141.25888061523438,154.90150451660156,85.23873138427734,31.758010864257812,33.7138671875,98.12298583984375,59.393577575683594,38.186405181884766,38.194053649902344
2018-12-07,36.12559509277344,30.95840835571289,70.37779998779297,96.32193756103516,44.93925476074219,115.25586700439453,140.3512725830078,151.18234252929688,83.69908142089844,31.341461181640625,32.69320297241211,96.03622436523438,58.393951416015625,37.173484802246094,37.77080535888672
2018-12-10,35.950191497802734,30.639833450317383,69.93274688720703,95.51837158203125,43.95344161987305,114.62220001220703,142.78155517578125,150.47552490234375,82.13517761230469,30.554641723632812,32.21055221557617,94.29096221923828,56.646278381347656,36.841819763183594,36.90972137451172
2018-12-11,35.61606979370117,30.145523071289062,69.26935577392578,95.16622924804688,43.29880142211914,112.58040618896484,142.15151977539062,148.7674102783203,81.33293151855469,30.261510848999023,32.13933181762695,92.9250717163086,55.857452392578125,36.97627639770508,36.57404708862305
2018-12-12,35.833251953125,31.043540954589844,69.19375610351562,97.04428100585938,43.11396026611328,113.22284698486328,141.4464111328125,148.6832733154297,81.85966491699219,30.52378273010254,32.2896728515625,93.13754272460938,56.34027099609375,37.54099655151367,36.58134841918945
2018-12-13,38.213783264160156,30.722225189208984,67.67385864257812,96.34000396728516,42.952232360839844,113.66287994384766,140.97384643554688,148.0269012451172,81.94068145751953,30.48521614074707,32.12351608276367,90.98251342773438,56.26545333862305,37.13762664794922,35.89540100097656
2018-12-14,37.26158142089844,30.887006759643555,66.59061431884766,95.43708801269531,42.374603271484375,112.75641632080078,140.74884033203125,145.37637329101562,81.26811981201172,29.999244689941406,31.36394500732422,89.92012786865234,56.013858795166016,36.92250061035156,35.57432174682617
2018-12-17,37.019344329833984,30.862289428710938,67.31277465820312,91.35597229003906,41.781578063964844,112.32516479492188,139.2111053466797,141.37109375,80.23088073730469,29.991525650024414,31.33230972290039,89.7835464477539,55.51062774658203,36.48326873779297,34.98324203491211
2018-12-18,37.20310592651367,30.94467544555664,68.44641876220703,91.21147155761719,41.535118103027344,110.7234115600586,137.11083984375,144.30775451660156,79.85002899169922,30.562347412109375,31.561758041381836,88.47081756591797,55.68063735961914,36.25916290283203,34.487022399902344
2018-12-19,36.735347747802734,32.411163330078125,68.0013656616211,89.17997741699219,40.680240631103516,111.46269226074219,139.16607666015625,142.41452026367188,78.83711242675781,30.26921844482422,31.094940185546875,86.52821350097656,54.8101921081543,35.60479736328125,33.72810363769531
2018-12-20,36.25089645385742,31.430761337280273,67.01888275146484,86.47124481201172,40.256629943847656,109.96673583984375,138.69349670410156,141.70767211914062,78.15644836425781,30.35407257080078,30.786354064941406,86.18675994873047,54.67421340942383,35.51516342163086,33.39973449707031
2018-12-21,36.108882904052734,30.812854766845703,67.05245208740234,82.46232604980469,38.69321060180664,110.55093383789062,137.00576782226562,134.6732177734375,76.30887603759766,29.798683166503906,29.813156127929688,84.60082244873047,53.348148345947266,35.08488845825195,32.5532341003418
2018-12-24,35.35715103149414,30.755186080932617,64.88593292236328,80.81002807617188,37.93843078613281,106.39058685302734,132.48272705078125,131.5598602294922,74.6639175415039,29.49784278869629,29.283039093017578,83.2500991821289,52.246498107910156,34.287086486816406,31.932966232299805
2018-12-26,36.86898422241211,31.793258666992188,67.8501968383789,84.72863006591797,39.61739730834961,110.67488098144531,136.7582550048828,137.09658813476562,77.75936889648438,31.00204849243164,31.094940185546875,87.14285278320312,54.789791107177734,36.357765197753906,33.122440338134766
2018-12-27,37.57061767578125,32.40293502807617,68.6815414428711,85.48710632324219,39.871559143066406,113.46321105957031,139.59841918945312,139.18336486816406,78.63452911376953,31.588289260864258,31.3797664642334,87.83338928222656,55.35423278808594,36.80596160888672,33.312164306640625
2018-12-28,37.545562744140625,31.81797218322754,68.87467193603516,85.2523193359375,39.91777038574219,113.13568878173828,140.95411682128906,137.18072509765625,78.46435546875,31.333740234375,31.150318145751953,87.54502868652344,54.93260955810547,36.80596160888672,33.26066207885742
2018-12-31,38.05508041381836,32.468841552734375,69.38690948486328,86.06494903564453,40.09490966796875,114.348388671875,142.4763946533203,140.56332397460938,79.10453033447266,31.673160552978516,31.37185287475586,88.71363067626953,55.456233978271484,37.227264404296875,33.62115478515625
2019-01-02,38.02166748046875,32.64185333251953,68.55557250976562,86.38998413085938,41.22705078125,112.67539978027344,140.5526885986328,144.7537078857422,80.47399139404297,32.1436882019043,31.965280532836914,90.15538024902344,56.21785354614258,37.27207946777344,34.099342346191406
2019-01-03,37.06111145019531,31.925094604492188,67.43033599853516,84.70368194580078,40.47998809814453,110.35620880126953,137.46263122558594,142.63323974609375,79.33029174804688,31.526588439941406,31.395593643188477,89.74560546875,55.26581573486328,36.50118637084961,33.62115478515625
2019-01-04,37.52050018310547,33.10321044921875,69.42047882080078,88.52050018310547,42.45931625366211,113.657958984375,139.8710174560547,147.29486083984375,82.25485229492188,32.61425018310547,32.6773681640625,91.99170684814453,57.82952117919922,38.04298400878906,34.452476501464844
2019-01-07,37.72096633911133,33.292720794677734,69.31132507324219,89.0009765625,42.82899475097656,112.73738098144531,139.16668701171875,148.11109924316406,82.31205749511719,32.822513580322266,33.00178146362305,91.78683471679688,57.80232238769531,38.31190490722656,34.29063034057617
2019-01-08,37.8379020690918,33.42451858520508,69.30291748046875,89.43616485595703,42.713462829589844,111.8698959350586,138.3411865234375,147.56410217285156,82.15682220458984,32.99222946166992,32.79607009887695,91.9310073852539,58.142356872558594,38.79594421386719,34.5113410949707
2019-01-09,37.75437545776367,33.910614013671875,69.83197021484375,89.59933471679688,43.422027587890625,113.26847076416016,135.23593139648438,148.4897003173828,82.01792907714844,33.555335998535156,33.025508880615234,91.67301940917969,59.08078384399414,39.288978576660156,34.879180908203125
2019-01-10,38.2304801940918,34.12481689453125,70.15106201171875,89.08259582519531,43.468238830566406,114.65821838378906,136.21295166015625,148.09420776367188,82.00975799560547,33.45505142211914,32.96221160888672,90.73968505859375,59.373172760009766,39.1814079284668,34.80562210083008
2019-01-11,38.163665771484375,34.32254409790039,70.07547760009766,89.34551239013672,43.6607666015625,114.64937591552734,136.74307250976562,148.87680053710938,81.6176528930664,33.725040435791016,33.025508880615234,91.09630584716797,59.66560363769531,39.28001022338867,34.9012565612793
2019-01-14,38.36412048339844,34.6026725769043,70.36940002441406,89.24577331542969,45.38595199584961,115.81779479980469,135.3192901611328,150.38296508789062,82.45907592773438,33.91789245605469,33.61101531982422,91.47575378417969,60.20283508300781,39.262081146240234,35.15873718261719
2019-01-15,38.7567138671875,34.97340393066406,70.7304916381836,88.83780670166016,47.272857666015625,117.24297332763672,137.8109893798828,151.38430786132812,83.06360626220703,33.987308502197266,33.927490234375,91.90824127197266,60.508846282958984,39.66545867919922,35.29117202758789
2019-01-16,39.099178314208984,35.53364562988281,70.99077606201172,90.12517547607422,47.896697998046875,117.69438934326172,138.06097412109375,165.8318634033203,83.73347473144531,34.612144470214844,35.20136642456055,92.70366668701172,61.52886199951172,41.86162185668945,36.129859924316406
2019-01-17,39.52516555786133,35.66547393798828,71.01598358154297,90.19770812988281,48.112342834472656,117.60590362548828,137.28082275390625,167.52320861816406,84.0765609741211,34.750980377197266,33.650569915771484,93.22373962402344,61.99808883666992,42.0588264465332,36.60068893432617
2019-01-18,39.84257888793945,36.38223648071289,71.96487426757812,91.09522247314453,48.612953186035156,118.2520980834961,138.92433166503906,170.42620849609375,85.44080352783203,34.951541900634766,34.568382263183594,95.79353332519531,62.73931121826172,43.00900650024414,36.94648361206055
2019-01-22,39.5836296081543,35.72314453125,72.09923553466797,90.5059585571289,47.63483810424805,116.09220123291016,141.12074279785156,166.3367156982422,84.09288787841797,34.612144470214844,33.55562210083008,95.2811050415039,61.72605895996094,42.55185317993164,36.88761901855469
2019-01-23,39.792457580566406,35.27824783325195,72.12444305419922,90.39717864990234,47.850494384765625,116.8977279663086,142.2491912841797,165.68045043945312,83.88050079345703,34.31129455566406,33.34990692138672,95.13578033447266,61.63767623901367,42.417388916015625,37.1745491027832
2019-01-24,39.533512115478516,35.377105712890625,72.42672729492188,90.40621948242188,48.297183990478516,117.20752716064453,141.11314392089844,166.4377899169922,83.92951965332031,34.72784423828125,33.27077865600586,94.69219970703125,62.140899658203125,42.47118377685547,37.43938446044922
2019-01-25,39.7339973449707,35.574832916259766,72.34275817871094,91.35816192626953,49.30609893798828,117.101318359375,140.82530212402344,168.9115753173828,84.46048736572266,35.07496643066406,34.00662612915039,95.54110717773438,63.18136215209961,43.00004577636719,37.79252624511719
2019-01-28,39.55022048950195,35.27824783325195,72.62825775146484,91.00455474853516,49.1751708984375,116.83580017089844,140.0831298828125,168.05328369140625,84.86083221435547,34.81269836425781,33.745506286621094,95.50289916992188,62.96372604370117,42.59667205810547,37.718955993652344
2019-01-29,39.349761962890625,34.81687927246094,72.87179565429688,91.5304183959961,48.68227767944336,116.31351470947266,137.22784423828125,168.70965576171875,85.0976791381836,34.60442352294922,33.61892318725586,95.08990478515625,61.936885833740234,42.77594757080078,37.557106018066406
2019-01-30,39.57528305053711,35.27000427246094,73.342041015625,93.08069610595703,49.46013259887695,117.55278015136719,136.60678100585938,170.37570190429688,85.29374694824219,34.88983154296875,34.09703063964844,94.57746124267578,62.100093841552734,42.014007568359375,37.54974365234375
2019-01-31,39.84257888793945,35.616031646728516,73.7870864868164,93.10787963867188,49.64496994018555,117.77407836914062,138.05335998535156,166.61441040039062,84.55037689208984,35.22924041748047,33.706573486328125,93.82029724121094,62.657711029052734,41.924373626708984,37.63803482055664
2019-02-01,40.04304122924805,36.10211944580078,74.5848617553711,93.43425750732422,49.381282806396484,118.2343521118164,138.93190002441406,165.37750244140625,84.86083221435547,35.128963470458984,33.32408142089844,93.86619567871094,63.21531677246094,42.157432556152344,37.73366165161133
2019-02-04,40.10986328125,36.25041198730469,74.56805419921875,93.76063537597656,49.68375778198242,118.55304718017578,137.49293518066406,166.3704071044922,85.16305541992188,35.16011047363281,33.834075927734375,95.31934356689453,63.37175750732422,42.30982208251953,37.93967056274414
2019-02-05,40.27692413330078,35.97029495239258,74.70240783691406,94.19583892822266,49.48986053466797,119.0664291381836,135.40257263183594,166.61441040039062,84.78730010986328,35.191253662109375,33.82610321044922,94.08798217773438,63.23573684692383,41.76301956176758,37.87344741821289
2019-02-06,40.4272575378418,35.962059020996094,77.72541809082031,95.15681457519531,49.551902770996094,114.96802520751953,134.6300506591797,165.44480895996094,84.74642944335938,35.191253662109375,33.77033233642578,93.77440643310547,63.52135467529297,41.33274459838867,37.844024658203125
2019-02-07,40.46902847290039,35.28647994995117,77.53230285644531,94.64005279541016,48.71428680419922,115.62305450439453,134.2286376953125,162.4576873779297,83.63545227050781,33.883262634277344,33.05316162109375,93.95030975341797,62.07288360595703,40.49909591674805,37.483524322509766
2019-02-08,40.24348831176758,34.97340393066406,77.64143371582031,94.75789642333984,48.093814849853516,115.38406372070312,134.96328735351562,161.2796630859375,82.80220031738281,33.252620697021484,32.51927185058594,92.72659301757812,61.87568283081055,40.12261199951172,37.211326599121094
2019-02-11,40.31867599487305,35.467735290527344,77.70022583007812,95.56477355957031,47.78358840942383,115.57881927490234,134.2968292236328,160.99359130859375,82.41006469726562,33.6963996887207,32.04117202758789,92.9789810180664,62.22252655029297,40.10468292236328,37.18925476074219
2019-02-12,40.8783073425293,36.1103515625,78.01933288574219,97.00628662109375,48.605709075927734,117.05705261230469,135.5161590576172,163.65255737304688,83.81512451171875,34.49833297729492,32.790191650390625,94.1874008178711,63.487361907958984,41.12659454345703,37.6748046875
2019-02-13,40.945125579833984,36.398719787597656,78.93461608886719,97.51396179199219,48.892662048339844,117.29607391357422,136.62953186035156,163.82083129882812,84.21543884277344,34.428253173828125,32.82206726074219,92.91016387939453,63.834163665771484,41.3695182800293,37.454105377197266
2019-02-14,40.59430694580078,33.1114616394043,78.28804016113281,96.6617660522461,48.41179656982422,115.71160888671875,134.3574676513672,162.0032958984375,83.66809844970703,34.101253509521484,32.44755935668945,92.24475860595703,62.344905853271484,40.748687744140625,37.123043060302734
2019-02-15,41.16229248046875,34.86630630493164,79.25371551513672,97.35077667236328,49.84662628173828,117.91570281982422,132.84268188476562,167.0267333984375,86.22503662109375,34.926536560058594,33.459556579589844,94.95220184326172,64.02458953857422,41.711402893066406,37.74838638305664
2019-02-19,41.14551544189453,35.41830062866211,79.4552993774414,96.55298614501953,49.93193435668945,118.40251922607422,132.00958251953125,167.16976928710938,85.92276763916016,34.83311080932617,33.59502410888672,95.56405639648438,64.57443237304688,42.34122085571289,37.74838638305664
2019-02-20,41.25468826293945,35.66547393798828,79.82473754882812,96.80681610107422,50.133602142333984,119.3320083618164,132.98658752441406,167.1108856201172,86.33940887451172,35.074466705322266,33.80219650268555,96.76485443115234,65.30987548828125,41.79237747192383,37.961734771728516
2019-02-21,41.06991958618164,35.434776306152344,79.46368408203125,96.6527099609375,49.885398864746094,119.24349212646484,133.66822814941406,165.2260284423828,86.15968322753906,34.84866714477539,33.435646057128906,95.53348541259766,64.9455795288086,41.13558578491211,37.557106018066406
2019-02-22,40.94393539428711,35.3194465637207,79.41329193115234,97.4051742553711,49.74580383300781,119.0664291381836,134.8572998046875,164.92312622070312,85.77574920654297,34.83311080932617,33.30018615722656,94.95220184326172,65.30301666259766,41.54046630859375,37.726322174072266
2019-02-25,41.12031555175781,36.1103515625,79.69039154052734,96.94279479980469,50.04827117919922,119.82769775390625,134.4255828857422,167.1529083251953,86.6743392944336,35.23796844482422,33.618919372558594,94.60042572021484,65.68101501464844,41.3964958190918,37.969085693359375
2019-02-26,41.07831954956055,36.135074615478516,79.01021575927734,96.95188903808594,49.73028564453125,119.65067291259766,134.89515686035156,167.3633270263672,86.01264190673828,34.76304244995117,33.794227600097656,94.23328399658203,65.68792724609375,41.8913459777832,37.74102020263672
2019-02-27,41.14551544189453,35.81376647949219,79.3394546508789,97.38703155517578,49.94745635986328,117.7563705444336,136.22055053710938,167.3633270263672,85.90646362304688,35.03553009033203,33.91375732421875,96.15299224853516,66.0315933227539,41.90034866333008,37.9175910949707
2019-02-28,41.271484375,35.591312408447266,79.67713165283203,97.67716217041016,49.6217155456543,118.52649688720703,137.7731170654297,166.1805419921875,85.25289916992188,35.183475494384766,33.45158004760742,96.38245391845703,65.88035583496094,41.3964958190918,38.027950286865234
2019-03-01,41.29668426513672,35.616031646728516,80.20901489257812,98.72883605957031,50.001739501953125,118.7212142944336,138.28819274902344,167.44784545898438,85.31010437011719,35.4637565612793,33.86594772338867,96.84132385253906,66.3958740234375,42.11629104614258,38.050010681152344
2019-03-04,41.204288482666016,35.84672164916992,79.52518463134766,98.81946563720703,49.44333267211914,118.2343521118164,136.55380249023438,165.5722198486328,85.1140365600586,35.54939651489258,33.4675178527832,96.61953735351562,66.48522186279297,41.072593688964844,38.01323318481445
2019-03-05,41.27987289428711,35.56660079956055,79.35633087158203,98.68348693847656,48.807350158691406,118.20780944824219,133.28955078125,165.5891571044922,85.04869079589844,35.4637565612793,33.387840270996094,97.75912475585938,66.5745620727539,41.27954864501953,37.9175910949707
2019-03-06,41.11191940307617,35.01460266113281,78.95955657958984,98.80134582519531,48.481605529785156,117.98654174804688,131.9716796875,164.52467346191406,84.73009490966797,34.988826751708984,33.16472244262695,97.46849060058594,65.63978576660156,40.72169494628906,37.59389114379883
2019-03-07,40.8431510925293,34.446144104003906,78.71472930908203,97.78593444824219,48.00849533081055,117.44652557373047,131.21104431152344,162.86029052734375,84.11741638183594,34.50611114501953,32.80613708496094,96.3594970703125,64.68441772460938,39.60602951049805,37.2849006652832
2019-03-08,40.77595520019531,34.7674446105957,78.765380859375,97.89474487304688,48.132598876953125,117.16329956054688,130.4808349609375,164.9470977783203,84.15010833740234,34.381534576416016,32.957542419433594,96.90251922607422,64.12767791748047,39.09319305419922,37.4246826171875
2019-03-11,41.21269226074219,35.27824783325195,79.44923400878906,99.3271713256836,48.32648849487305,118.09275817871094,129.93316650390625,165.5637969970703,85.24475860595703,34.70075225830078,33.347999572753906,98.32508850097656,64.99371337890625,39.39910888671875,37.85871887207031
2019-03-12,41.288272857666016,35.467735290527344,79.41544342041016,100.11589050292969,48.71428680419922,118.70352935791016,129.5908966064453,166.1214141845703,84.99151611328125,34.70075225830078,33.49143600463867,97.67498779296875,65.1174087524414,39.57905960083008,37.557106018066406
2019-03-13,41.48146057128906,36.077415466308594,78.97644805908203,101.66621398925781,49.36576843261719,119.07530212402344,129.0736541748047,166.6451873779297,85.27742767333984,34.801979064941406,33.794227600097656,98.6080322265625,65.3854751586914,39.956932067871094,37.947025299072266
2019-03-14,41.74181365966797,36.309791564941406,79.2297134399414,101.85659790039062,49.72252655029297,119.8542709350586,128.11521911621094,166.83106994628906,86.05347442626953,34.91096496582031,34.01734924316406,99.1204833984375,65.4817123413086,40.757694244384766,38.04266357421875
2019-03-15,41.951786041259766,36.55047607421875,80.06548309326172,102.91732025146484,50.56015396118164,120.69522857666016,129.41595458984375,167.49847412109375,87.04196166992188,35.27688980102539,34.5273323059082,99.31935119628906,65.96969604492188,40.89265060424805,38.3075065612793
2019-03-18,42.2037467956543,36.7496452331543,80.21745300292969,102.94451904296875,51.13408279418945,121.60694885253906,129.22581481933594,171.05523681640625,87.56478118896484,35.59611129760742,35.08511734008789,100.86427307128906,66.84263610839844,41.29753875732422,38.58708190917969
2019-03-19,42.07777404785156,36.40107727050781,79.53362274169922,102.14672088623047,50.90141296386719,120.11981964111328,128.3433837890625,169.9147186279297,87.24617767333984,35.06667709350586,35.0213737487793,99.0287094116211,66.5333251953125,41.15357971191406,38.20451354980469
2019-03-20,41.54024124145508,35.65414810180664,78.5458984375,100.42416381835938,49.86988830566406,119.2523422241211,125.3464584350586,164.16981506347656,85.38362121582031,33.774269104003906,34.288265228271484,95.95413970947266,64.54695129394531,40.091888427734375,37.05683898925781
2019-03-21,41.96858596801758,36.04420852661133,79.85441589355469,101.37606811523438,49.56741714477539,121.19254302978516,124.99658203125,164.38949584960938,84.03571319580078,33.649688720703125,34.36795425415039,93.99620056152344,64.77374267578125,39.417091369628906,36.534481048583984
2019-03-22,41.54024124145508,35.371952056884766,79.49984741210938,99.23652648925781,47.29496765136719,121.59305572509766,124.22834777832031,159.6415557861328,81.49513244628906,32.536338806152344,33.24440002441406,91.15106964111328,61.832000732421875,37.608646392822266,35.51924133300781
2019-03-25,41.59063720703125,35.230857849121094,79.34789276123047,98.8557357788086,46.79083251953125,121.6375503540039,124.8748779296875,159.26129150390625,80.81708526611328,32.59861373901367,32.86989212036133,91.15106964111328,61.82511901855469,37.635650634765625,35.38679885864258
2019-03-26,41.85099792480469,35.72882843017578,79.4407730102539,99.27279663085938,47.481101989746094,122.22500610351562,124.85967254638672,161.10305786132812,81.62581634521484,33.05797576904297,33.37189483642578,92.89486694335938,62.862979888916016,38.2834358215332,35.688438415527344
2019-03-27,41.84259796142578,35.80352020263672,79.48300170898438,98.80134582519531,47.101070404052734,123.56885528564453,123.66548156738281,160.5454559326172,81.34806823730469,33.08912658691406,32.96550369262695,92.74954986572266,62.91111755371094,37.707618713378906,35.40888595581055
2019-03-28,41.74181365966797,35.77033233642578,79.3056869506836,98.96453094482422,48.0705451965332,123.78247833251953,123.8023681640625,161.51698303222656,82.27117156982422,33.065765380859375,33.41175079345703,93.96560668945312,63.02106857299805,38.40939712524414,35.61647415161133
2019-03-29,41.99378204345703,35.73712921142578,79.50830841064453,99.09144592285156,48.256683349609375,124.67247009277344,125.1867904663086,162.20132446289062,82.69598388671875,33.143611907958984,33.626888275146484,93.81265258789062,63.151668548583984,38.472381591796875,35.727684020996094
2019-04-01,41.893001556396484,36.508968353271484,80.27654266357422,101.2673110961914,49.91643142700195,125.90070343017578,126.68524169921875,166.21432495117188,85.48165893554688,34.358177185058594,34.68669891357422,97.0631332397461,65.89410400390625,39.70500946044922,36.38010025024414
2019-04-02,41.36387252807617,36.14380645751953,80.04014587402344,100.63268280029297,49.96296310424805,124.5212173461914,127.8414535522461,166.85641479492188,85.89012145996094,34.20246124267578,34.822147369384766,96.94841766357422,65.35797882080078,39.92993927001953,36.4319953918457
2019-04-03,40.952335357666016,36.409385681152344,80.74085235595703,100.23377990722656,50.45933151245117,122.6788558959961,128.12281799316406,169.69508361816406,86.06166076660156,34.40489959716797,35.364013671875,96.98663330078125,66.29965209960938,40.154876708984375,36.63958740234375
2019-04-04,40.9691276550293,37.01522445678711,81.10387420654297,100.18831634521484,51.048789978027344,121.72654724121094,128.82261657714844,170.8524932861328,86.89303588867188,34.83311080932617,35.80228805541992,98.21800231933594,66.73951721191406,40.37080764770508,36.91390609741211
2019-04-05,41.153900146484375,37.38870620727539,81.30647277832031,100.9525146484375,50.83936309814453,122.45635986328125,129.37791442871094,170.979248046875,86.687255859375,35.082252502441406,35.77837371826172,97.82794189453125,67.68116760253906,40.08290100097656,36.84718704223633
2019-04-08,41.25468826293945,37.23930740356445,80.0907974243164,100.71595764160156,51.242679595947266,122.07364654541016,131.1273956298828,171.1144256591797,86.96712493896484,35.043331146240234,35.84211349487305,98.08032989501953,67.96983337402344,40.28984069824219,36.980628967285156
2019-04-09,41.187496185302734,37.040130615234375,79.66026306152344,99.94263458251953,50.56791687011719,121.54857635498047,129.88748168945312,169.4923553466797,86.3250732421875,34.49052810668945,35.26838684082031,96.97900390625,66.84949493408203,39.99292755126953,36.49131774902344
2019-04-10,41.330284118652344,37.247615814208984,80.2005615234375,100.22468566894531,50.816097259521484,122.29618072509766,129.35507202148438,171.4861297607422,86.7119369506836,34.903194427490234,35.4197883605957,97.35375213623047,67.62615203857422,39.83096694946289,36.550621032714844
2019-04-11,41.464656829833984,37.93646240234375,80.88436126708984,99.94263458251953,51.11857986450195,122.81239318847656,129.72018432617188,171.35939025878906,87.44458770751953,35.2535285949707,35.69869613647461,98.44743347167969,68.43033599853516,39.82197189331055,36.78046417236328
2019-04-12,41.582237243652344,38.334835052490234,81.89743041992188,100.90702819824219,52.28971862792969,123.86257934570312,131.53054809570312,175.59210205078125,91.54391479492188,35.70510482788086,37.204734802246094,101.4914321899414,69.73628997802734,40.80267333984375,37.23270797729492
2019-04-15,41.11191940307617,38.011165618896484,81.3824691772461,100.56131744384766,52.258689880371094,123.67569732666016,131.89559936523438,168.8925018310547,90.49849700927734,35.230167388916016,36.71865463256836,100.95989227294922,69.6537857055664,40.51476287841797,36.98804473876953
2019-04-16,41.64942932128906,38.79131317138672,82.89360046386719,101.7895278930664,53.75555419921875,124.78822326660156,132.29119873046875,170.52305603027344,91.4533920288086,35.9620361328125,37.467689514160156,102.56988525390625,71.502685546875,41.081600189208984,37.27718734741211
2019-04-17,41.187496185302734,38.152244567871094,82.25200653076172,101.68038940429688,54.562171936035156,122.63438415527344,134.57308959960938,175.64273071289062,94.08749389648438,35.666175842285156,38.45577621459961,103.12452697753906,71.59205627441406,41.47747802734375,37.56632995605469
2019-04-18,41.086708068847656,38.2103385925293,81.6526107788086,103.4180908203125,54.03477478027344,123.4086685180664,134.14712524414062,173.9615478515625,93.39602661132812,35.28468322753906,37.8900146484375,102.60069274902344,71.36524200439453,40.98261642456055,37.9666748046875
2019-04-22,40.784358978271484,38.177146911621094,81.94807434082031,102.19895935058594,53.584922790527344,122.85689544677734,132.94532775878906,172.8547821044922,93.51128387451172,35.199039459228516,37.68284606933594,103.13993835449219,71.11091613769531,40.89265060424805,37.95927047729492
2019-04-23,41.07831954956055,38.160545349121094,82.13382720947266,103.69107818603516,53.670249938964844,123.35530090332031,132.952880859375,172.46615600585938,93.62652587890625,35.37032699584961,37.73064422607422,103.37872314453125,71.24839782714844,40.991634368896484,38.32255554199219
2019-04-24,41.06150817871094,37.96136474609375,81.39091491699219,103.73654174804688,53.38329315185547,125.0908203125,134.0330352783203,169.4247589111328,93.47013854980469,34.981040954589844,37.75455093383789,103.35562133789062,70.62979888916016,40.55075454711914,38.31513977050781
2019-04-25,41.305084228515625,37.5048828125,81.44158172607422,105.42877197265625,53.30572509765625,126.12323760986328,135.40216064453125,170.15130615234375,93.51950073242188,34.80976104736328,37.68284606933594,103.4095458984375,70.61605834960938,40.76667785644531,38.433753967285156
2019-04-26,41.599037170410156,38.21864318847656,82.235107421875,106.99365234375,53.91067123413086,127.25352478027344,136.162841796875,171.5706787109375,94.2274398803711,35.11338424682617,38.16094970703125,104.83467864990234,71.4064712524414,40.39781188964844,38.80446243286133
2019-04-29,41.75861740112305,38.99878692626953,82.53060913085938,106.22943878173828,55.08955764770508,127.83204650878906,135.037109375,174.8148193359375,95.5856704711914,35.59611129760742,38.85856628417969,105.54335021972656,72.37559509277344,41.29753875732422,39.29377365112305
2019-04-30,42.31293487548828,39.48015594482422,83.62808227539062,106.65702056884766,54.8336296081543,129.22935485839844,136.07916259765625,173.9700164794922,95.52803802490234,35.91532897949219,38.6901741027832,105.48172760009766,72.65740966796875,41.18955612182617,39.53102493286133
2019-05-01,42.17856216430664,38.89918899536133,82.73323059082031,106.46595764160156,54.25968551635742,128.3660125732422,133.34088134765625,172.96461486816406,94.79541778564453,35.588321685791016,38.1448974609375,104.15678405761719,71.89449310302734,40.991634368896484,39.375335693359375
2019-05-02,42.2037467956543,38.841094970703125,82.97805786132812,106.67523956298828,54.569923400878906,128.45501708984375,131.4392547607422,173.184326171875,95.0011978149414,36.91188430786133,38.33736038208008,104.71912384033203,69.99745178222656,41.27954864501953,39.427215576171875
2019-05-03,42.40532302856445,39.09837341308594,83.22283935546875,108.58582305908203,55.16315841674805,129.0958251953125,132.28355407714844,175.3217315673828,95.5856704711914,37.37124252319336,38.53781509399414,105.61270141601562,70.88412475585938,41.60343933105469,39.6496467590332
2019-05-06,42.43051528930664,39.09837341308594,82.46305847167969,108.57672882080078,54.960205078125,128.90005493164062,135.50868225097656,174.40081787109375,94.73780059814453,37.39481735229492,38.25716781616211,104.97335052490234,70.12803649902344,41.62143325805664,39.54585266113281
2019-05-07,42.08615493774414,41.74587631225586,80.75775909423828,107.5577621459961,53.203922271728516,127.08442687988281,135.47828674316406,171.19046020507812,93.19023895263672,37.15907669067383,37.455291748046875,102.41583251953125,69.33073425292969,41.0995979309082,38.967559814453125
2019-05-08,42.19534683227539,41.46370315551758,80.47071838378906,106.89356994628906,53.250755310058594,127.07551574707031,135.56198120117188,169.77110290527344,92.69635009765625,37.15122604370117,37.31095886230469,101.67630767822266,69.28264617919922,41.009620666503906,38.715492248535156
2019-05-09,42.40532302856445,42.185752868652344,79.68557739257812,106.684326171875,52.79020690917969,126.95976257324219,136.92344665527344,170.34564208984375,92.62226104736328,37.308372497558594,37.24681091308594,101.6378173828125,69.30325317382812,41.22555923461914,38.6413459777832
2019-05-10,43.060428619384766,42.857994079589844,81.36558532714844,107.7761001586914,53.00096130371094,128.81101989746094,139.1521453857422,170.70040893554688,92.61402893066406,37.65410614013672,37.158607482910156,102.02295684814453,69.60567474365234,41.252540588378906,38.67842102050781
2019-05-13,42.38851547241211,42.09446334838867,79.42387390136719,105.44697570800781,50.25334167480469,127.58283233642578,138.66539001464844,164.71893310546875,90.09516906738281,36.71903991699219,35.42656707763672,98.9493179321289,66.07969665527344,39.417091369628906,37.67012405395508
2019-05-14,42.94283676147461,42.725196838378906,79.9810562133789,106.4568862915039,50.94024658203125,128.0545654296875,139.4183807373047,165.8257293701172,90.8113021850586,37.324100494384766,35.290245056152344,99.9584732055664,67.75676727294922,40.04936981201172,37.848060607910156
2019-05-15,43.094017028808594,43.032283782958984,80.61422729492188,107.04826354980469,50.63583755493164,127.86763763427734,138.30784606933594,165.9270782470703,90.465576171875,37.06480026245117,35.202049255371094,99.12648010253906,67.51622772216797,38.60417938232422,37.65529251098633
2019-05-16,43.61473846435547,43.34766387939453,80.93504333496094,109.03163146972656,51.50225830078125,129.60313415527344,139.03810119628906,168.24192810058594,91.62622833251953,37.434104919433594,35.506752014160156,100.99072265625,68.32723999023438,39.507423400878906,38.18169403076172
2019-05-17,43.82470703125,43.46384811401367,80.74085235595703,108.33108520507812,50.79194641113281,129.0424346923828,139.84432983398438,166.79725646972656,91.18172454833984,37.190513610839844,35.18600082397461,100.31282043457031,67.91485595703125,39.02870559692383,38.226173400878906
2019-05-20,43.807918548583984,43.513648986816406,80.9941177368164,109.03163146972656,50.70607376098633,129.71881103515625,141.2059326171875,166.63674926757812,91.65916442871094,37.33980941772461,35.1779899597168,101.17558288574219,68.25850677490234,39.33580780029297,38.344783782958984
2019-05-21,43.85856628417969,43.57173538208008,81.81301879882812,109.67758178710938,51.5803337097168,130.12826538085938,141.913330078125,168.21661376953125,91.9719467163086,37.81912612915039,35.594966888427734,101.74562072753906,69.03519439697266,39.76032638549805,38.47824478149414
2019-05-22,44.078067779541016,43.62153244018555,81.9649658203125,109.1863021850586,50.47190856933594,131.73915100097656,141.3428497314453,165.1836395263672,91.2228775024414,37.81912612915039,34.87327194213867,101.69941711425781,68.49222564697266,39.353878021240234,38.4411735534668
2019-05-23,43.495540618896484,43.3227653503418,81.02789306640625,107.748779296875,49.87867736816406,130.8936004638672,142.08822631835938,162.1844482421875,89.42837524414062,37.12765121459961,34.24781799316406,100.12023162841797,66.74639129638672,38.42353439331055,37.93703079223633
2019-05-24,43.90921401977539,43.787532806396484,81.35713195800781,108.73139953613281,50.26115417480469,131.87265014648438,142.94020080566406,163.05459594726562,90.30917358398438,37.583396911621094,34.44828796386719,101.6609115600586,67.88533020019531,39.06483459472656,38.0556526184082
2019-05-28,43.3098030090332,43.214866638183594,80.27654266357422,107.51223754882812,49.79281234741211,130.35073852539062,142.43814086914062,160.0469512939453,89.32960510253906,37.07264709472656,33.8148193359375,99.86602020263672,66.90611267089844,38.649349212646484,37.56632995605469
2019-05-29,43.4195556640625,42.84138870239258,81.23894500732422,106.4568862915039,49.73035430908203,129.9057159423828,144.91787719726562,159.5886993408203,89.08267211914062,37.1983642578125,33.830848693847656,100.16645050048828,66.86445617675781,38.631290435791016,37.51443099975586
2019-05-30,43.53775405883789,43.106971740722656,81.3747329711914,106.21122741699219,49.65229797363281,129.7455596923828,146.3174591064453,159.0115966796875,88.12779235839844,37.206233978271484,33.542179107666016,99.07257843017578,66.50331115722656,38.43256378173828,37.36616897583008
2019-05-31,43.3098030090332,42.38493347167969,81.05223083496094,104.36431884765625,48.512664794921875,130.00367736816406,146.1348419189453,154.87020874023438,87.22232818603516,36.31045913696289,32.62804412841797,98.03263854980469,64.15599060058594,37.583534240722656,37.21787643432617
2019-06-03,44.26380920410156,43.74604034423828,82.12150573730469,104.28244018554688,48.87173080444336,131.5522918701172,146.80426025390625,155.4643096923828,87.63389587402344,36.97835922241211,32.66011428833008,99.3498764038086,65.43384552001953,37.60160446166992,37.61081314086914
2019-06-04,44.74502182006836,44.6755485534668,83.0634765625,106.31128692626953,51.4242057800293,131.14285278320312,148.2951202392578,161.14173889160156,90.33385467529297,37.732696533203125,34.063392639160156,102.76245880126953,67.9339370727539,39.59774398803711,38.70807647705078
2019-06-05,45.386653900146484,44.55107879638672,84.29399871826172,107.46676635742188,51.34614944458008,132.9851837158203,152.03750610351562,159.9197235107422,90.6549072265625,37.732696533203125,34.023292541503906,103.41724395751953,68.61454010009766,39.54355239868164,38.93050003051758
2019-06-06,45.43729782104492,44.44317626953125,84.43826293945312,108.65863037109375,51.884742736816406,132.30882263183594,152.80572509765625,161.0823516845703,90.85245513916016,38.01557922363281,34.32801055908203,103.03209686279297,69.35066986083984,39.67903518676758,39.123260498046875
2019-06-07,46.05360412597656,43.912010192871094,85.4736099243164,110.18708801269531,51.27590560913086,133.00299072265625,154.30979919433594,161.0823516845703,89.8564453125,37.976280212402344,34.239803314208984,102.3619155883789,69.04512786865234,38.83903121948242,39.04911422729492
2019-06-10,45.88474655151367,44.26058578491211,85.53299713134766,111.59732055664062,52.392112731933594,132.60243225097656,155.12672424316406,164.74000549316406,90.82776641845703,38.04700469970703,34.7129020690918,103.51737976074219,69.26734924316406,39.119022369384766,39.21963882446289
2019-06-11,45.623043060302734,44.0531120300293,85.22746276855469,112.11588287353516,52.9853401184082,132.2642364501953,151.74447631835938,165.25770568847656,91.10763549804688,38.1491584777832,35.01762390136719,104.13365173339844,69.26734924316406,38.70353698730469,39.427215576171875
2019-06-12,45.91008377075195,43.953514099121094,85.38021850585938,111.02412414550781,52.150146484375,132.4066925048828,151.84375,161.43028259277344,89.9469985961914,38.04700469970703,34.17565155029297,103.30171203613281,68.58678436279297,38.026119232177734,39.06394577026367
2019-06-13,45.986061096191406,44.421112060546875,85.79605865478516,110.86946868896484,52.36090087890625,132.46897888183594,150.20986938476562,162.47412109375,90.16923522949219,38.11772918701172,34.440269470214844,103.01667785644531,68.98262786865234,38.260963439941406,39.06394577026367
2019-06-14,46.46728515625,44.51294708251953,86.67863464355469,110.99684143066406,52.673133850097656,133.73280334472656,150.48471069335938,162.65235900878906,90.39973449707031,38.35346221923828,34.33602523803711,104.15678405761719,68.91316986083984,37.04159927368164,39.01204299926758
2019-06-17,46.05360412597656,44.245765686035156,85.94883728027344,110.4964370727539,51.939388275146484,132.0684814453125,148.70578002929688,161.9479522705078,89.90580749511719,37.98414611816406,34.08745193481445,102.09999084472656,68.01730346679688,36.68031311035156,38.1890983581543
2019-06-18,46.36597442626953,44.54634094238281,86.44950866699219,112.2978515625,53.06341552734375,131.8282012939453,149.50743103027344,165.4698486328125,91.13233184814453,38.27487564086914,34.75300979614258,103.55592346191406,69.09371185302734,36.951271057128906,38.6932487487793
2019-06-19,46.55170440673828,44.755096435546875,87.20478820800781,113.43511962890625,52.75897979736328,133.0118408203125,150.65269470214844,166.02993774414062,90.47382354736328,38.306297302246094,34.592628479003906,102.64693450927734,68.73259735107422,36.029972076416016,38.6413459777832
2019-06-20,46.720558166503906,45.2978401184082,87.87519836425781,113.65347290039062,53.15707778930664,133.60226440429688,151.7979736328125,166.08091735839844,90.70429992675781,38.78562927246094,34.849220275878906,102.3772964477539,69.5382080078125,36.15642547607422,38.670997619628906
2019-06-21,46.391300201416016,44.796844482421875,85.889404296875,113.48059844970703,53.05560302734375,133.85272216796875,150.7595672607422,166.28457641601562,90.08692932128906,38.432037353515625,34.9454460144043,102.58531951904297,69.17012786865234,36.6983642578125,38.74514389038086
2019-06-24,46.45040512084961,44.521297454833984,86.72106170654297,112.9438247680664,52.61848449707031,134.24630737304688,151.49249267578125,167.5999755859375,89.44486236572266,38.5734748840332,34.5364875793457,102.970458984375,68.96178436279297,35.3615837097168,38.774803161621094
2019-06-25,46.391300201416016,44.02865982055664,86.22884368896484,112.05221557617188,51.939388275146484,135.01559448242188,151.41619873046875,166.38636779785156,88.70401763916016,38.29058837890625,34.20771408081055,102.73168182373047,68.24646759033203,35.433837890625,38.58203125
2019-06-26,45.79188537597656,43.63621520996094,84.42977905273438,112.44342041015625,52.470176696777344,131.49119567871094,146.61378479003906,167.192626953125,89.29669952392578,38.400596618652344,34.47234344482422,102.94735717773438,68.42008209228516,35.83125686645508,38.53755569458008
2019-06-27,46.05360412597656,44.295867919921875,84.98138427734375,112.76185607910156,53.19610595703125,131.63436889648438,148.04150390625,169.1529998779297,89.59302520751953,38.6206169128418,34.87327194213867,103.73309326171875,68.91316986083984,36.30997085571289,38.81383514404297
2019-06-28,46.273101806640625,44.48789596557617,86.29674530029297,112.30696868896484,54.6635856628418,131.7506561279297,148.20184326171875,173.63389587402344,92.02959442138672,39.029212951660156,35.129878997802734,105.75135803222656,70.14240264892578,36.300941467285156,39.1274528503418
2019-07-01,47.125789642333984,44.95550537109375,87.53575134277344,113.65347290039062,55.21780014038086,132.24261474609375,150.0952911376953,175.55186462402344,93.57714080810547,39.67354202270508,35.24214172363281,107.6926040649414,70.85076904296875,36.8157844543457,39.582942962646484
2019-07-02,47.455047607421875,44.91374206542969,87.63758087158203,113.8172378540039,54.98362731933594,132.761474609375,152.52320861816406,174.8050079345703,93.67591857910156,39.28852844238281,35.14590835571289,107.53085327148438,70.12850952148438,36.300941467285156,39.52320861816406
2019-07-03,47.9953727722168,45.78212356567383,88.7917251586914,114.86680603027344,55.30366134643555,134.39834594726562,153.97390747070312,174.85592651367188,93.52668762207031,39.657833099365234,35.27421569824219,108.36278533935547,71.14938354492188,36.53578186035156,39.76215362548828
2019-07-05,47.96160125732422,45.59843444824219,88.67292785644531,114.44696807861328,55.732967376708984,133.8348388671875,154.8442840576172,176.43441772460938,94.08209991455078,39.838558197021484,35.45063018798828,109.05609130859375,71.35079193115234,36.906105041503906,40.08323669433594
2019-07-08,47.82651901245117,45.89067459106445,88.57955932617188,113.94500732421875,55.52222442626953,133.6648712158203,154.21820068359375,174.6098175048828,93.56815338134766,39.71284103393555,34.87327194213867,108.4167251586914,70.74659729003906,36.12030029296875,39.65015411376953
2019-07-09,47.72520065307617,46.358272552490234,88.81715393066406,114.90331268310547,55.85786056518555,133.5038604736328,154.21820068359375,176.32411193847656,93.966064453125,39.58710861206055,35.10581970214844,108.45521545410156,70.55213928222656,36.37320327758789,39.82936096191406
2019-07-10,47.70832824707031,46.533626556396484,88.47771453857422,115.80682373046875,55.52222442626953,133.41436767578125,155.11915588378906,174.79649353027344,93.69249725341797,39.53997039794922,34.72893524169922,107.88521575927734,69.96876525878906,35.82222366333008,39.70987319946289
2019-07-11,47.581687927246094,46.324867248535156,87.53575134277344,116.1627426147461,55.89690399169922,133.10137939453125,157.5928192138672,179.3623046875,94.58780670166016,39.61853790283203,35.42656707763672,108.97134399414062,70.2396240234375,36.5448112487793,39.92643356323242
2019-07-12,48.02913284301758,46.984500885009766,88.18071746826172,116.78336334228516,56.02179718017578,133.61119079589844,158.40213012695312,181.56028747558594,95.58258819580078,40.01143264770508,35.97985076904297,109.53370666503906,71.19107055664062,36.24675369262695,40.02350616455078
2019-07-15,47.758968353271484,46.95945739746094,88.58802795410156,117.34010314941406,55.97494888305664,135.39126586914062,157.29510498046875,179.55746459960938,94.42200469970703,39.90142059326172,35.62702941894531,108.000732421875,70.76049041748047,36.400299072265625,39.66507339477539
2019-07-16,47.37063217163086,46.78410720825195,88.97840118408203,116.87464141845703,55.670528411865234,135.46282958984375,155.35580444335938,182.90110778808594,95.43340301513672,39.681400299072266,35.62702941894531,106.89146423339844,70.8993911743164,37.60160446166992,39.605350494384766
2019-07-17,46.973819732666016,46.2330322265625,87.3575210571289,115.980224609375,55.280242919921875,134.57723999023438,155.821533203125,181.0171356201172,94.4966049194336,39.2570915222168,35.097816467285156,107.60016632080078,69.52432250976562,37.22224426269531,40.4864616394043
2019-07-18,47.38751983642578,46.42505645751953,87.57817077636719,117.18492126464844,56.03740692138672,134.73825073242188,157.47833251953125,182.05252075195312,95.06034088134766,39.28852844238281,35.62702941894531,107.87201690673828,70.44795989990234,37.46611785888672,41.21076965332031
2019-07-19,46.43351364135742,46.708961486816406,86.05915069580078,113.91763305664062,55.358306884765625,132.63613891601562,156.40179443359375,181.203857421875,94.12357330322266,39.0684928894043,35.594966888427734,107.83319091796875,70.15628814697266,38.58613586425781,41.06888198852539
2019-07-22,46.48416519165039,46.65886306762695,85.889404296875,114.99455261230469,55.50660705566406,132.19790649414062,157.38668823242188,181.61114501953125,94.72870635986328,39.09992599487305,35.68317413330078,108.4079818725586,69.9896240234375,38.98355484008789,41.31529998779297
2019-07-23,46.593910217285156,47.00121307373047,86.14400482177734,117.00238800048828,56.193511962890625,131.2586669921875,156.78353881835938,186.21937561035156,96.4613265991211,39.398529052734375,36.16429138183594,109.27013397216797,70.75355529785156,39.31774139404297,41.83799743652344
2019-07-24,45.521724700927734,47.9196891784668,86.62772369384766,116.77422332763672,56.98969650268555,135.5880126953125,153.95098876953125,188.42584228515625,96.8509521484375,39.57925796508789,36.48503494262695,109.77498626708984,71.21884155273438,39.99516296386719,42.25615692138672
2019-07-25,45.395076751708984,47.66083526611328,86.59378814697266,116.04412841796875,55.725162506103516,135.0781707763672,153.9662322998047,186.68609619140625,95.92247009277344,39.398529052734375,35.97985076904297,109.39441680908203,71.1563491821289,39.80549240112305,42.233760833740234
2019-07-26,45.49638748168945,47.819480895996094,87.34906005859375,115.70642852783203,56.32621383666992,136.8313751220703,153.5157928466797,188.51919555664062,96.34526062011719,39.8306999206543,36.677486419677734,110.91678619384766,71.71885681152344,39.78742599487305,42.84604263305664
2019-07-29,44.71126174926758,47.15983963012695,86.39857482910156,116.08060455322266,56.01398849487305,137.10867309570312,152.4239959716797,186.9746856689453,96.03854370117188,39.28852844238281,36.268524169921875,110.26433563232422,71.18408966064453,39.48032760620117,42.60711669921875
2019-07-30,44.64370346069336,47.02625274658203,86.41555786132812,115.42353057861328,55.97494888305664,137.135498046875,150.64501953125,187.89120483398438,95.82299041748047,39.29638671875,36.098819732666016,110.23329162597656,71.072998046875,38.857093811035156,42.666839599609375
2019-07-31,44.44109344482422,46.750709533691406,91.14238739013672,113.5069580078125,55.54564666748047,136.71507263183594,148.43856811523438,186.81341552734375,96.16288757324219,38.83277130126953,36.00993347167969,110.99449157714844,70.357666015625,39.037750244140625,42.674312591552734
2019-08-01,44.16250228881836,45.68192672729492,89.00386810302734,113.25137329101562,53.35223388671875,135.2123565673828,153.1569061279297,179.5744171142578,93.62619018554688,37.976280212402344,34.69268798828125,107.39047241210938,63.26009750366211,37.294498443603516,41.58411407470703
2019-08-02,44.348236083984375,45.36463165283203,88.68988800048828,113.45216369628906,53.17136001586914,136.2052459716797,156.6385040283203,177.68194580078125,93.61788177490234,37.15907669067383,34.03810119628906,107.15743255615234,61.50307083129883,36.8067512512207,41.38998031616211
2019-08-05,43.3604621887207,44.095455169677734,86.3731460571289,110.17575073242188,51.26028823852539,132.82406616210938,154.13424682617188,171.1558074951172,90.83247375488281,36.143856048583984,32.72086715698242,103.24275207519531,59.69047164916992,35.08157730102539,39.61281204223633
2019-08-06,43.92610168457031,45.40637969970703,88.14676666259766,111.84590911865234,52.10178756713867,136.04420471191406,159.09689331054688,174.83045959472656,91.54539489746094,37.15907287597656,33.31081008911133,104.37674713134766,59.884944915771484,35.5964241027832,39.993629455566406
2019-08-07,43.99364471435547,45.431427001953125,87.6884765625,112.74942016601562,51.22883224487305,137.8869171142578,159.4862823486328,174.6013641357422,89.55583190917969,36.746646881103516,32.77744674682617,100.78826904296875,59.1487922668457,33.94349670410156,39.28425598144531
2019-08-08,44.64370346069336,47.44374465942383,89.36028289794922,114.34657287597656,52.48714828491211,141.1339111328125,161.1736602783203,175.67062377929688,91.07288360595703,37.41289520263672,33.351219177246094,102.20966339111328,59.74605178833008,33.979793548583984,39.545616149902344
2019-08-09,44.64370346069336,46.97615432739258,88.3334732055664,115.14970397949219,51.94450378417969,142.77976989746094,164.7009735107422,175.5857391357422,90.973388671875,37.2066764831543,33.537078857421875,102.792236328125,58.90571975708008,33.45354080200195,39.418670654296875
2019-08-12,44.17093276977539,45.99087142944336,87.28118133544922,113.12362670898438,50.52103805541992,140.4720001220703,162.0515899658203,171.02003479003906,89.26568603515625,36.39765548706055,32.61581039428711,99.91834259033203,57.44731903076172,33.03615951538086,39.00798416137695
2019-08-13,44.67748260498047,46.859256744384766,88.63048553466797,115.28663635253906,50.985023498535156,142.07310485839844,162.85330200195312,173.21804809570312,90.6418228149414,37.2225456237793,32.88249588012695,101.5572280883789,58.044578552246094,34.1884880065918,39.44853591918945
2019-08-14,43.292911529541016,44.579742431640625,86.29674530029297,111.93716430664062,48.295413970947266,136.5809326171875,159.06634521484375,165.9620819091797,86.87821197509766,35.58864974975586,31.783451080322266,96.79588317871094,55.836143493652344,33.19949722290039,38.00740432739258
2019-08-15,43.959877014160156,44.87200164794922,86.42403411865234,111.69074249267578,48.2246208190918,137.69009399414062,162.40284729003906,166.48817443847656,87.20980072021484,35.47760772705078,31.597578048706055,96.88908386230469,55.620849609375,33.17226791381836,38.2911491394043
2019-08-16,44.44954299926758,45.34793472290039,87.59514617919922,113.74420928955078,49.92333984375,139.00502014160156,163.0670928955078,169.23785400390625,89.29886627197266,35.969364166259766,32.27640914916992,98.6445083618164,56.968116760253906,33.69852066040039,39.037845611572266
2019-08-19,44.4748649597168,45.76543426513672,88.24858856201172,113.53430938720703,50.57608413696289,139.30918884277344,165.4491729736328,171.5970916748047,90.10295867919922,36.30248260498047,32.623897552490234,99.70085144042969,57.804752349853516,34.20664978027344,39.32905960083008
2019-08-20,44.00813293457031,44.6131477355957,87.59514617919922,110.81459045410156,49.876155853271484,138.3610076904297,163.273193359375,169.7130889892578,88.9589614868164,35.98522186279297,32.244083404541016,98.02310943603516,56.700958251953125,33.86184310913086,38.552490234375
2019-08-21,41.56418228149414,44.830238342285156,88.1637191772461,111.8002700805664,49.742462158203125,138.60247802734375,162.9983367919922,170.30714416503906,89.20764923095703,36.2945442199707,32.27640914916992,97.86776733398438,57.228267669677734,34.12497329711914,38.72422409057617
2019-08-22,42.013938903808594,44.880340576171875,88.681396484375,111.59037780761719,50.26150894165039,138.84400939941406,162.8074951171875,171.78382873535156,90.12783813476562,36.65147399902344,32.54308319091797,98.19398498535156,57.7063102722168,34.36088180541992,38.8661003112793
2019-08-23,41.03804397583008,43.828269958496094,86.54286193847656,107.47428131103516,48.7200927734375,137.05502319335938,161.26522827148438,166.5052032470703,87.8895492553711,35.3665657043457,31.783451080322266,95.60748291015625,55.632320404052734,33.1904182434082,38.04471969604492
2019-08-26,41.53872299194336,44.3209114074707,87.586669921875,108.17701721191406,49.32563781738281,138.83509826660156,163.8763885498047,169.43304443359375,88.59420776367188,35.56485366821289,32.454193115234375,96.39198303222656,55.96980285644531,33.27207565307617,38.29859924316406
2019-08-27,41.56418228149414,44.03701400756836,87.0944595336914,107.46516418457031,48.49201202392578,139.12132263183594,165.0827178955078,168.09217834472656,87.65744018554688,34.787567138671875,32.155189514160156,96.415283203125,55.041770935058594,32.77302932739258,38.11193084716797
2019-08-28,41.6829833984375,43.79487228393555,86.90776824951172,108.68812561035156,49.04252243041992,140.43626403808594,164.7314910888672,170.08653259277344,88.53618621826172,34.668582916259766,32.63197708129883,98.30271911621094,55.112064361572266,33.326515197753906,38.51515197753906
2019-08-29,42.09031295776367,43.80320739746094,87.1721420288086,110.19400787353516,50.2536506652832,140.76718139648438,164.6780548095703,173.7329864501953,90.54231262207031,35.00171661376953,33.367374420166016,99.65425109863281,55.91355514526367,34.261070251464844,39.1199836730957
2019-08-30,42.582496643066406,43.4525260925293,87.31709289550781,109.85631561279297,50.60753631591797,139.79214477539062,165.89964294433594,174.1343536376953,91.07288360595703,35.13655471801758,33.52900314331055,100.14358520507812,56.3072509765625,34.723812103271484,39.343997955322266
2019-09-03,42.75221252441406,43.75312423706055,87.44503021240234,107.32825469970703,49.876155853271484,141.83164978027344,166.25848388671875,169.91575622558594,89.99520874023438,34.84308624267578,33.12493896484375,98.45807647705078,55.287818908691406,34.44253158569336,38.84370803833008
2019-09-04,43.10014343261719,45.423091888427734,88.60481262207031,108.05838012695312,50.552490234375,142.9855194091797,168.7779998779297,172.27267456054688,91.08116912841797,35.28723907470703,33.56131362915039,99.86396789550781,55.99791717529297,35.08675003051758,39.172264099121094
2019-09-05,43.388648986816406,45.65688705444336,89.01415252685547,110.13011932373047,52.17255783081055,143.6832733154297,168.86965942382812,176.81582641601562,93.1536636352539,36.445247650146484,34.32095718383789,102.18636322021484,57.593833923339844,35.94873046875,39.77708435058594
2019-09-06,43.76203918457031,45.798831939697266,89.80724334716797,109.69205474853516,51.88157653808594,144.04103088378906,170.3126220703125,176.9525146484375,93.35260772705078,36.667335510253906,34.086605072021484,102.31063079833984,57.76960754394531,36.202789306640625,39.88161849975586
2019-09-09,43.34623718261719,46.26641845703125,90.2165756225586,109.44561767578125,54.09934997558594,143.35227966308594,165.14932250976562,181.02590942382812,95.66548919677734,36.80217361450195,34.838157653808594,105.86030578613281,59.19678497314453,37.29158401489258,41.00168228149414
2019-09-10,43.252891540527344,46.3415641784668,90.12278747558594,107.06359100341797,54.24876403808594,142.51145935058594,157.37374877929688,184.14292907714844,96.88411712646484,37.611175537109375,35.21797180175781,107.10307312011719,60.96144104003906,38.06281661987305,41.711055755615234
2019-09-11,43.61777114868164,47.26004409790039,90.52359008789062,107.69331359863281,54.185855865478516,142.8871612548828,155.19044494628906,185.14212036132812,97.14937591552734,38.04740524291992,35.5088996887207,105.63505554199219,61.8824348449707,38.797752380371094,41.77825927734375
2019-09-12,43.67718505859375,47.39364242553711,90.89028930664062,108.62422180175781,54.500431060791016,143.2091827392578,157.33543395996094,186.79881286621094,97.74626922607422,37.96809768676758,35.815982818603516,106.54380798339844,62.023048400878906,39.079044342041016,41.613983154296875
2019-09-13,43.931766510009766,47.83618927001953,90.23362731933594,108.78850555419922,55.357643127441406,142.19834899902344,157.6571807861328,187.7894744873047,99.6695327758789,38.36467361450195,36.49480438232422,108.1827163696289,63.14793014526367,39.57807159423828,41.875343322753906
2019-09-16,44.05057144165039,47.29039764404297,90.71971893310547,107.3647689819336,54.9172477722168,141.8226776123047,158.57647705078125,185.5007781982422,98.78248596191406,37.714290618896484,36.16347122192383,109.13031768798828,62.641746520996094,39.55992126464844,41.711055755615234
2019-09-17,44.50031661987305,47.928550720214844,92.05007934570312,108.651611328125,54.641990661621094,142.86923217773438,164.49818420410156,184.38206481933594,98.29338073730469,37.61910629272461,35.72709655761719,108.15162658691406,62.07227325439453,39.115325927734375,41.74093246459961
2019-09-18,44.64458084106445,48.40716552734375,92.09272766113281,108.36869049072266,55.12172317504883,142.6635284423828,165.60130310058594,185.38121032714844,99.27989196777344,37.95223617553711,35.84831237792969,109.67405700683594,62.697975158691406,39.22421646118164,41.74839782714844
2019-09-19,44.602149963378906,48.608680725097656,92.40825653076172,107.50167083740234,54.83860397338867,142.44781494140625,162.36851501464844,183.80142211914062,98.96485900878906,37.96016311645508,35.573551177978516,109.51868438720703,62.578468322753906,38.942935943603516,41.666263580322266
2019-09-20,44.10148620605469,48.239227294921875,92.03304290771484,106.59815216064453,54.53974151611328,141.7108612060547,161.75564575195312,182.52896118164062,98.56697082519531,37.62704086303711,35.29071044921875,109.42549896240234,62.627662658691406,38.81591033935547,41.39744567871094
2019-09-23,44.42395782470703,48.113277435302734,92.4509048461914,107.91236114501953,54.697044372558594,141.7378387451172,162.62130737304688,182.2898406982422,98.55037689208984,37.857059478759766,35.20180892944336,109.67405700683594,63.03543472290039,38.63444900512695,41.5766487121582
2019-09-24,44.483341217041016,47.86137771606445,91.89657592773438,107.84848022460938,53.3994140625,142.75335693359375,163.10394287109375,177.41363525390625,97.26542663574219,37.539794921875,34.37751770019531,108.95169067382812,62.697975158691406,37.91763687133789,41.31529998779297
2019-09-25,44.271202087402344,47.46672821044922,91.81131744384766,108.71550750732422,54.56334686279297,142.70848083496094,163.38739013671875,179.3607177734375,97.82086944580078,37.5715217590332,34.78159713745117,108.98273468017578,63.11277770996094,37.92672348022461,41.62144470214844
2019-09-26,44.05057144165039,46.920936584472656,92.1950454711914,108.52385711669922,54.35100173950195,144.20936584472656,165.4634552001953,177.8149871826172,97.0167465209961,37.34151077270508,34.44217300415039,108.81963348388672,63.09169006347656,37.10103988647461,41.49451446533203
2019-09-27,44.033592224121094,47.15604782104492,91.95626831054688,108.23176574707031,54.62626266479492,144.25425720214844,163.8546905517578,178.45547485351562,97.58872985839844,37.56358337402344,34.61996078491211,109.0448989868164,63.386962890625,37.57285690307617,41.70518493652344
2019-09-30,44.39849090576172,46.76979064941406,92.68114471435547,107.94886779785156,54.32742691040039,145.09010314941406,161.90118408203125,176.9695587158203,97.56387329101562,37.404964447021484,34.48257827758789,108.86621856689453,63.23933410644531,37.953941345214844,41.637474060058594
2019-10-01,43.736595153808594,45.65304183959961,91.39344024658203,106.50686645507812,53.59602355957031,142.56466674804688,161.42623901367188,173.092529296875,95.78984832763672,36.508705139160156,33.440101623535156,106.56712341308594,61.36219024658203,34.261070251464844,40.4637336730957
2019-10-02,42.92193603515625,44.8973274230957,90.0630874633789,103.00226593017578,52.10965347290039,140.92897033691406,159.21998596191406,169.3008575439453,93.88316345214844,35.20793533325195,32.510765075683594,105.40200805664062,59.81547927856445,33.126895904541016,39.786582946777344
2019-10-03,43.431095123291016,44.67902374267578,90.09720611572266,103.11222076416016,52.45567321777344,140.60540771484375,160.43801879882812,168.43833923339844,93.74946594238281,35.342777252197266,32.52692794799805,106.2020492553711,60.13887405395508,31.847557067871094,39.91448974609375
2019-10-04,44.211795806884766,45.70342254638672,92.49352264404297,104.81624603271484,53.6196174621582,145.64724731445312,165.48641967773438,171.47848510742188,95.7800521850586,36.0169563293457,32.955230712890625,109.10702514648438,61.41139602661133,32.36473083496094,40.69698715209961
2019-10-07,44.08452606201172,45.03168487548828,91.64075469970703,104.11997985839844,53.59602355957031,143.49038696289062,163.42572021484375,171.1369171142578,95.57115173339844,35.6521110534668,32.87441635131836,108.703125,61.15827941894531,32.16512680053711,40.57659149169922
2019-10-08,43.31229019165039,44.01566696166992,90.3104019165039,103.10302734375,52.219749450683594,139.73367309570312,162.51406860351562,168.5493621826172,93.44026184082031,34.7637825012207,32.17943572998047,105.77486419677734,59.72408676147461,31.96550941467285,39.4103889465332
2019-10-09,43.70264434814453,44.5362663269043,90.88176727294922,104.36732482910156,53.0297966003418,140.9200439453125,164.8046112060547,168.1052703857422,94.11714172363281,35.192073822021484,32.68047332763672,106.06999969482422,60.50447082519531,32.36473083496094,39.58342361450195
2019-10-10,44.18634033203125,45.392738342285156,91.36783599853516,105.37509155273438,53.96565246582031,139.6527862548828,165.38685607910156,170.6842498779297,95.43742370605469,35.66002655029297,33.17342758178711,107.51472473144531,61.636375427246094,32.79118347167969,39.89191818237305
2019-10-11,44.50031661987305,45.69501876831055,92.04153442382812,106.63937377929688,55.12958526611328,139.3921661376953,163.0426483154297,174.79193115234375,97.0501937866211,36.358001708984375,33.88455581665039,109.0526123046875,62.86669921875,33.82554244995117,40.23049545288086
2019-10-14,44.559722900390625,45.51869201660156,92.29741668701172,106.63021850585938,55.23968505859375,139.69769287109375,162.67494201660156,175.76547241210938,97.30926513671875,36.286624908447266,34.143165588378906,109.14585876464844,62.81047058105469,34.22477340698242,40.07249450683594
2019-10-15,44.831275939941406,45.91333770751953,92.16094970703125,107.7295913696289,56.01039123535156,139.4910430908203,162.84352111816406,176.31199645996094,100.24232482910156,36.6356086730957,34.36943435668945,110.19444274902344,63.23933410644531,36.0576057434082,40.448692321777344
2019-10-16,44.68701171875,45.62786102294922,91.66632080078125,107.56468963623047,54.65773391723633,138.98773193359375,162.41445922851562,177.1318359375,100.00834655761719,36.45317077636719,34.57955551147461,110.77391815185547,62.887794494628906,35.40432357788086,41.05812072753906
2019-10-17,44.678531646728516,45.392738342285156,91.87952423095703,109.11296844482422,54.736358642578125,137.52281188964844,163.1805419921875,176.31199645996094,100.56822967529297,36.40559005737305,35.10483169555664,111.71363067626953,62.838592529296875,35.79447937011719,41.1634635925293
2019-10-18,44.72943878173828,45.31716537475586,92.4509048461914,106.96919250488281,54.84646224975586,137.2262725830078,163.3031005859375,176.36322021484375,100.74371337890625,36.564212799072266,35.28261947631836,112.3870620727539,63.056522369384766,36.239078521728516,41.434322357177734
2019-10-21,44.89067077636719,45.80418014526367,93.06488800048828,109.06716918945312,56.474395751953125,137.77447509765625,157.86404418945312,178.69459533691406,103.24222564697266,36.913204193115234,36.349342346191406,113.96102905273438,63.89314651489258,37.11011505126953,42.277000427246094
2019-10-22,44.483341217041016,44.70420455932617,91.67485809326172,108.6640396118164,56.67100143432617,133.4605712890625,154.7614288330078,178.99346923828125,104.27842712402344,36.889408111572266,36.67259979248047,113.9062271118164,64.12517547607422,37.12825012207031,42.623111724853516
2019-10-23,44.52577209472656,44.62862777709961,92.25475311279297,106.72183227539062,56.977725982666016,134.9525146484375,154.92230224609375,180.46237182617188,104.55418395996094,36.92113494873047,37.100894927978516,114.61880493164062,64.3782730102539,37.536563873291016,42.570438385009766
2019-10-24,44.602149963378906,44.418724060058594,92.32299041748047,106.64855194091797,56.859771728515625,135.81524658203125,155.70370483398438,180.23175048828125,104.47897338867188,36.70698928833008,36.97968292236328,114.01587677001953,64.16032409667969,37.19178009033203,42.3672981262207
2019-10-25,45.1961669921875,44.334754943847656,91.4531478881836,108.3434066772461,57.54396438598633,134.03578186035156,153.5663299560547,182.9473876953125,105.31459045410156,36.73871612548828,37.47262191772461,114.85374450683594,64.50480651855469,37.18269729614258,42.69082260131836
2019-10-28,45.40831756591797,44.12482833862305,90.90733337402344,108.63658142089844,57.874271392822266,133.22694396972656,153.71957397460938,185.9534149169922,105.7157211303711,37.12735366821289,37.85245132446289,115.71511840820312,65.46800231933594,37.636375427246094,42.901493072509766
2019-10-29,45.46772384643555,43.74696350097656,92.28885650634766,107.57383728027344,57.481040954589844,133.57740783691406,153.9800262451172,185.85943603515625,105.64884185791016,37.024253845214844,37.84437561035156,116.12230682373047,65.38362884521484,37.1645622253418,43.14226150512695
2019-10-30,45.281028747558594,44.17521667480469,89.50025177001953,108.16932678222656,57.38667678833008,137.8373565673828,157.02133178710938,184.29666137695312,105.06391906738281,36.714927673339844,37.66523742675781,115.69944763183594,64.89851379394531,37.473052978515625,42.97673416137695
2019-10-31,45.1113166809082,44.46909713745117,90.75385284423828,107.44560241699219,56.51371765136719,136.98358154296875,157.6188507080078,182.2215576171875,104.3870620727539,37.11149215698242,37.4942626953125,114.87725830078125,64.07595825195312,36.93770980834961,42.901493072509766
2019-11-01,45.493167877197266,45.14083480834961,90.3104019165039,109.14959716796875,58.4859619140625,135.2041015625,154.3707275390625,185.64596557617188,106.79365539550781,37.48427963256836,38.53644561767578,116.5295181274414,65.36254119873047,37.90856170654297,43.32283020019531
2019-11-04,45.35740280151367,46.12325668334961,90.81353759765625,109.58936309814453,59.5235710144043,132.75955200195312,150.9310760498047,187.7638702392578,107.6460189819336,38.10073471069336,39.75775146484375,117.46918487548828,66.4382095336914,39.215145111083984,43.744171142578125
2019-11-05,44.92461013793945,46.02249526977539,90.25922393798828,108.81063842773438,59.27010726928711,133.7571563720703,150.8773956298828,186.71343994140625,107.87999725341797,38.733219146728516,39.69261932373047,118.26797485351562,64.71572875976562,39.3965950012207,44.0827522277832
2019-11-06,45.569557189941406,46.61867141723633,91.205810546875,109.65347290039062,58.945350646972656,136.76785278320312,152.1337890625,186.52561950683594,108.04712677001953,38.909339904785156,39.537925720214844,118.80045318603516,63.66115951538086,39.08811569213867,44.21064758300781
2019-11-07,45.95142364501953,46.677425384521484,91.86247253417969,111.11016845703125,60.04632568359375,137.43296813964844,152.44790649414062,190.68441772460938,108.6320571899414,39.26161193847656,39.61934280395508,119.86540985107422,64.56806945800781,39.625553131103516,44.46647262573242
2019-11-08,45.94293212890625,46.94614028930664,92.26329803466797,111.28422546386719,60.29186248779297,136.16574096679688,151.81207275390625,190.35997009277344,108.94961547851562,39.485782623291016,40.01829528808594,119.18415832519531,65.30628967285156,39.66200637817383,44.31598663330078
2019-11-11,45.849586486816406,46.51790237426758,93.27811431884766,110.76203155517578,59.880008697509766,135.9950408935547,152.17979431152344,187.04652404785156,108.5652084350586,39.405723571777344,39.96945571899414,119.38774871826172,64.85633850097656,39.37961196899414,44.120357513427734
2019-11-12,45.798675537109375,46.52629470825195,93.91767883300781,110.75286865234375,59.46021270751953,136.06686401367188,154.35540771484375,188.22499084472656,107.93013763427734,39.69394302368164,39.904319763183594,119.26243591308594,65.60157775878906,39.60734558105469,43.99998474121094
2019-11-13,45.94293212890625,45.94691848754883,94.29291534423828,110.17568969726562,58.54141616821289,136.8847198486328,156.75320434570312,187.294189453125,107.3619155883789,39.437747955322266,39.39950180053711,118.10352325439453,65.2359848022461,38.99700927734375,44.09779739379883
2019-11-14,45.97687911987305,45.501895904541016,94.48905944824219,110.78950500488281,58.4859619140625,136.02194213867188,157.8486785888672,187.3880615234375,107.4621810913086,39.46977615356445,39.578636169433594,116.69398498535156,65.25004577636719,39.5162467956543,44.06770706176758
2019-11-15,46.16357421875,45.2835693359375,94.7448959350586,110.63377380371094,58.929508209228516,135.968017578125,156.43145751953125,188.08831787109375,108.23931121826172,39.44575881958008,39.888023376464844,118.13484954833984,65.84062957763672,40.399845123291016,44.45895004272461
2019-11-18,46.15508270263672,45.46831130981445,95.09453582763672,109.62602996826172,58.929508209228516,137.3430938720703,157.2971649169922,187.64427185058594,109.15013122558594,39.32566833496094,39.920597076416016,118.80045318603516,65.48206329345703,40.2449836730957,44.81257247924805
2019-11-19,46.12096405029297,44.84694290161133,94.6852035522461,109.9375,59.26218032836914,137.35208129882812,157.9482421875,187.90899658203125,109.11670684814453,39.34968185424805,40.164859771728516,118.80828094482422,65.70703125,40.445396423339844,44.70723342895508
2019-11-20,46.163612365722656,44.44390106201172,94.14794158935547,109.29620361328125,58.54141616821289,137.06443786621094,158.30068969726562,186.09005737304688,108.32286834716797,39.181549072265625,39.97759246826172,118.85527038574219,65.46800231933594,40.764217376708984,44.47399139404297
2019-11-21,45.941871643066406,43.83933639526367,93.97738647460938,108.83812713623047,58.53348159790039,134.78172302246094,157.419677734375,186.3633270263672,108.57355499267578,39.205562591552734,39.765907287597656,118.78478240966797,65.77735137939453,43.7520751953125,44.75990295410156
2019-11-22,46.04421615600586,44.75458526611328,93.8409194946289,109.0763168334961,59.301788330078125,135.82423400878906,158.49986267089844,188.11399841308594,109.29220581054688,39.70994567871094,40.099727630615234,119.69313049316406,66.7475357055664,43.90693664550781,45.181236267089844
2019-11-25,46.30859375,44.76297378540039,94.35262298583984,110.4871597290039,59.943363189697266,134.78172302246094,158.4232177734375,190.2232666015625,109.87715148925781,39.99015808105469,40.67781448364258,120.12383270263672,66.55570220947266,44.9180793762207,45.00819396972656
2019-11-26,46.675315856933594,44.64543533325195,96.04115295410156,109.7451171875,59.76908493041992,136.39944458007812,157.7107696533203,189.9670867919922,110.02755737304688,39.84605407714844,40.22999572753906,119.72444915771484,66.66938781738281,44.85430908203125,45.08341598510742
2019-11-27,46.7520637512207,44.41031265258789,95.95547485351562,110.2398452758789,59.97503662109375,136.67803955078125,153.9647674560547,190.39405822753906,110.35343933105469,39.9581413269043,40.53125,120.0376968383789,66.73332214355469,45.400882720947266,45.28656768798828
2019-11-29,46.76911163330078,44.21718978881836,95.38156127929688,110.04743194580078,59.49980545043945,136.1387939453125,155.30531311035156,190.093505859375,110.10275268554688,39.9581413269043,40.2869873046875,119.97508239746094,66.52017211914062,45.09115219116211,45.16619873046875
2019-12-02,44.9270133972168,43.37751770019531,95.20169067382812,107.42726135253906,59.024574279785156,134.6109619140625,155.75729370117188,186.90736389160156,109.86042785644531,39.509788513183594,39.9613037109375,119.01188659667969,66.03701782226562,45.154911041259766,44.963050842285156
2019-12-03,44.1168098449707,42.9660758972168,93.7454605102539,106.79511260986328,58.082008361816406,134.25148010253906,156.37020874023438,182.26995849609375,108.44820404052734,38.709205627441406,39.17152404785156,117.25780487060547,64.21804809570312,44.32597351074219,44.33856201171875
2019-12-04,44.628517150878906,42.91570281982422,94.3450698852539,108.05023193359375,58.79485321044922,135.76132202148438,156.87574768066406,185.4474639892578,110.5874252319336,38.95738983154297,39.765907287597656,118.51858520507812,64.4880599975586,44.66301345825195,44.624473571777344
2019-12-05,44.961116790771484,42.940887451171875,93.83113098144531,108.36173248291016,59.1750602722168,135.06930541992188,158.90591430664062,186.4779815673828,111.18910217285156,39.173545837402344,39.95315933227539,119.18415832519531,64.6656723022461,44.39884948730469,44.84266662597656
2019-12-06,45.191383361816406,43.54545593261719,95.16743469238281,110.49635314941406,60.04632568359375,136.78587341308594,157.77972412109375,192.8931884765625,112.8436508178711,39.6298942565918,40.54753875732422,120.44491577148438,65.57514953613281,44.59014129638672,45.24895477294922
2019-12-09,45.24254608154297,43.31034469604492,95.35586547851562,110.35892486572266,59.66613006591797,137.5048370361328,157.61062622070312,190.48855590820312,112.31721496582031,39.68593215942383,40.38469314575195,120.3587646484375,65.93754577636719,44.59014129638672,45.14362335205078
2019-12-10,45.33637237548828,42.8905143737793,94.8590316772461,110.76203155517578,60.02256393432617,137.46888732910156,157.6951446533203,190.54872131347656,112.39241790771484,39.46177291870117,40.44169235229492,121.84660339355469,65.6888656616211,44.80876922607422,45.10600662231445
2019-12-11,45.24254608154297,42.594764709472656,93.87393951416016,110.5238265991211,59.840389251708984,136.57919311523438,157.39532470703125,189.95611572265625,112.1249771118164,39.30164337158203,40.262577056884766,121.37677764892578,65.66752624511719,45.18223571777344,44.57932662963867
2019-12-12,45.96746063232422,43.118656158447266,94.52497100830078,112.35612487792969,61.028499603271484,138.11599731445312,156.1881866455078,194.12982177734375,115.33382415771484,40.4625244140625,41.27218246459961,124.50907897949219,67.18098449707031,46.52131652832031,45.55744552612305
2019-12-13,45.34489059448242,43.600276947021484,93.96817779541016,114.26171112060547,60.50572204589844,138.97877502441406,157.30307006835938,193.2281036376953,114.32271575927734,40.33442687988281,40.905799865722656,124.22718048095703,66.8896713256836,45.50107192993164,45.346778869628906
2019-12-16,45.259605407714844,43.85376739501953,93.89965057373047,113.30892944335938,60.917598724365234,139.7786102294922,156.21890258789062,195.8388214111328,114.76558685302734,40.41448974609375,41.29660415649414,124.50907897949219,67.13833618164062,45.29156494140625,45.64021301269531
2019-12-17,45.293724060058594,43.76082992553711,94.09667205810547,114.472412109375,61.57501220703125,140.3807373046875,156.51876831054688,198.50967407226562,115.46752166748047,40.966896057128906,41.44316101074219,125.57404327392578,67.59308624267578,45.0820426940918,45.65524673461914
2019-12-18,45.12316131591797,43.91291809082031,93.92534637451172,113.84027099609375,61.717567443847656,138.95181274414062,154.15066528320312,197.9084930419922,115.35052490234375,40.93489074707031,41.24776077270508,125.33129119873047,67.69253540039062,44.32597351074219,45.21133804321289
2019-12-19,45.191383361816406,43.879119873046875,95.26165771484375,114.36248016357422,61.939369201660156,139.52978515625,157.40298461914062,197.47055053710938,114.77393341064453,40.670677185058594,41.41059875488281,124.92411041259766,66.960693359375,43.90693664550781,45.15115737915039
2019-12-20,45.31930160522461,43.549583435058594,95.57857513427734,115.22367095947266,62.18489456176758,140.468994140625,155.71148681640625,196.60313415527344,114.68204498291016,41.119014739990234,41.27218246459961,125.15121459960938,67.17386627197266,43.83406448364258,44.970577239990234
2019-12-23,44.80762481689453,43.06795883178711,94.97896575927734,114.05098724365234,62.38291931152344,139.2588653564453,156.2958221435547,196.74057006835938,114.6485824584961,40.82278823852539,41.29660415649414,124.92411041259766,66.9891128540039,44.371517181396484,44.82762145996094
2019-12-24,44.995243072509766,43.042598724365234,95.22737121582031,114.28004455566406,62.248260498046875,139.0240020751953,156.3573760986328,197.4447479248047,114.96614074707031,40.82278823852539,41.27218246459961,125.62106323242188,66.6551742553711,44.371517181396484,44.89534378051758
2019-12-26,44.8758430480957,42.772216796875,95.59568786621094,114.89385223388672,63.230411529541016,139.7555694580078,156.73876953125,198.5612030029297,116.18612670898438,41.022953033447266,41.61415100097656,126.19265747070312,66.79728698730469,44.24398422241211,45.25648880004883
2019-12-27,44.8758430480957,43.15244674682617,95.82698822021484,114.69229888916016,63.10369110107422,140.72190856933594,157.8519287109375,198.08883666992188,116.26970672607422,40.6947021484375,41.59787368774414,125.92644500732422,66.23596954345703,44.03446960449219,44.94047927856445
2019-12-30,44.97818374633789,43.093299865722656,95.74134063720703,113.87693786621094,62.97696304321289,140.26129150390625,155.04953002929688,197.35031127929688,115.84356689453125,40.59061813354492,41.49202346801758,125.30783081054688,65.99436950683594,43.56078338623047,44.83439254760742
2019-12-31,45.1146240234375,43.37214660644531,96.32380676269531,114.05098724365234,63.277950286865234,140.57737731933594,156.2483673095703,197.4619598388672,116.48696899414062,40.80677795410156,41.62228775024414,125.00239562988281,66.60545349121094,43.32394790649414,44.925323486328125
2020-01-02,45.4984016418457,43.7354736328125,96.64076232910156,115.69657897949219,64.33931732177734,140.90249633789062,157.1280059814453,201.23204040527344,117.89918518066406,41.32716751098633,42.371360778808594,125.5818862915039,67.38704681396484,43.93427658081055,44.85713195800781
2020-01-03,45.182857513427734,43.39748764038086,96.64930725097656,114.54742431640625,63.12746047973633,140.68576049804688,159.2297821044922,198.87892150878906,116.34333801269531,40.90285110473633,41.68742752075195,124.3759536743164,66.26438903808594,42.82292938232422,44.334293365478516
2020-01-06,45.05493927001953,43.43129348754883,96.93201446533203,114.05097961425781,62.92942810058594,141.8417510986328,159.8836669921875,200.914306640625,116.25084686279297,40.790775299072266,41.54087829589844,124.12535858154297,66.42780303955078,43.123531341552734,43.728126525878906
2020-01-07,44.628517150878906,43.18625259399414,96.1010971069336,113.45344543457031,62.38291931152344,139.00596618652344,159.57228088378906,202.23683166503906,114.27449798583984,41.06298065185547,41.45945739746094,123.1465072631836,66.35674285888672,43.37860107421875,43.31137466430664
2020-01-08,44.76496887207031,43.69322967529297,96.36664581298828,115.41159057617188,62.85816955566406,138.05772399902344,160.4363555908203,204.18630981445312,115.16594696044922,41.49530029296875,41.988677978515625,124.42292022705078,66.78307342529297,43.64277267456055,43.22045135498047
2020-01-09,44.773502349853516,44.17485427856445,97.46308135986328,117.49845123291016,63.42842483520508,139.03306579589844,162.28125,208.3428497314453,115.5864486694336,41.92762756347656,42.38765335083008,125.92644500732422,67.28755187988281,43.8249626159668,43.23561477661133
2020-01-10,44.40678405761719,43.963623046875,97.1803970336914,117.0112075805664,62.77103042602539,136.35989379882812,159.650146484375,207.9220428466797,114.434326171875,42.0076904296875,42.50978469848633,124.17233276367188,67.08151245117188,43.542572021484375,42.940086364746094
2020-01-13,44.773502349853516,44.46214294433594,98.06270599365234,118.16954040527344,63.87990951538086,136.27857971191406,158.91061401367188,210.5842742919922,115.38460540771484,42.095760345458984,42.973876953125,124.85360717773438,67.55046081542969,43.74297332763672,42.970394134521484
2020-01-14,44.51764678955078,44.225555419921875,97.48020935058594,118.4085693359375,64.87793731689453,136.15216064453125,158.45912170410156,210.97071838378906,116.730224609375,41.783512115478516,43.03902053833008,125.19818115234375,67.45098876953125,43.4605827331543,42.87947082519531
2020-01-15,44.60293197631836,43.752376556396484,97.8742446899414,119.34629821777344,64.34722137451172,136.63079833984375,159.5878143310547,210.5842742919922,114.98095703125,41.51131057739258,43.10414505004883,120.65634155273438,67.01754760742188,42.92313766479492,41.6519660949707
2020-01-16,45.020816802978516,44.24245834350586,99.49320220947266,120.01741027832031,64.15715026855469,137.86805725097656,161.25367736816406,214.45742797851562,115.42668151855469,41.79151916503906,45.95387268066406,120.41180419921875,67.77781677246094,44.63569259643555,41.81866455078125
2020-01-17,45.55809020996094,44.69873809814453,100.69243621826172,120.90911865234375,64.25216674804688,138.7982635498047,161.0279541015625,214.23411560058594,116.22562408447266,42.11977005004883,46.825077056884766,120.99561309814453,68.99285125732422,44.03446960449219,41.93989944458008
2020-01-21,45.063453674316406,43.65943145751953,100.90660095214844,119.99900817871094,63.28587341308594,137.9403076171875,161.0279541015625,211.00511169433594,115.08186340332031,41.43925857543945,45.53049087524414,119.6464614868164,67.848876953125,44.134681701660156,41.23521041870117
2020-01-22,44.7990837097168,44.157962799072266,100.77809143066406,120.88153839111328,63.444278717041016,138.92471313476562,161.5650634765625,212.16444396972656,114.94730377197266,41.55133819580078,45.48164749145508,120.12772369384766,68.17571258544922,44.57191848754883,41.62923049926758
2020-01-23,44.824668884277344,43.60873031616211,101.20639038085938,120.7712173461914,63.206626892089844,137.35328674316406,162.1022186279297,210.90203857421875,114.82953643798828,41.47128677368164,45.212947845458984,120.4827651977539,67.87728881835938,44.10734939575195,41.58377456665039
2020-01-24,44.67969512939453,43.14399719238281,101.3177490234375,124.2094955444336,62.11360549926758,137.28102111816406,162.8806610107422,207.7588348388672,111.97859191894531,41.046958923339844,44.41502380371094,118.64447784423828,66.44911193847656,42.950469970703125,40.79574203491211
2020-01-27,44.20210266113281,42.35818099975586,99.86151123046875,120.1001205444336,60.75918960571289,135.8090057373047,165.7998046875,204.51263427734375,111.03669738769531,40.102256774902344,43.24257278442383,117.18486785888672,64.19674682617188,41.68426513671875,40.568416595458984
2020-01-28,44.662628173828125,42.594764709472656,100.68387603759766,121.76410675048828,61.17897033691406,136.3328094482422,165.97103881835938,208.32571411132812,113.05503845214844,40.47052001953125,43.98350524902344,118.10006713867188,65.36911010742188,42.17616271972656,40.810890197753906
2020-01-29,44.67115783691406,42.5440673828125,101.38626098632812,121.05620574951172,60.57701110839844,136.26954650878906,166.25909423828125,206.2130126953125,112.88684844970703,40.4224967956543,43.706661224365234,117.23223876953125,65.3051528930664,41.85734558105469,40.61388397216797
2020-01-30,45.234031677246094,43.3467903137207,102.68830108642578,122.47200012207031,61.3294563293457,139.20465087890625,170.30694580078125,209.6567840576172,114.28291320800781,41.05496597290039,44.108238220214844,119.10210418701172,66.15780639648438,42.98689651489258,41.10640335083008
2020-01-31,43.98036575317383,42.46802520751953,101.54045104980469,119.39225769042969,59.32821273803711,137.2629852294922,169.00701904296875,204.1776885986328,111.3141860961914,39.79801940917969,42.82974624633789,117.20069122314453,64.7011947631836,41.49296569824219,40.325950622558594
2020-02-03,44.35561752319336,43.2285041809082,101.97734832763672,120.43110656738281,59.90228271484375,138.3828582763672,167.02972412109375,205.259765625,112.16360473632812,40.13727569580078,43.108394622802734,117.98173522949219,65.01386260986328,41.61139678955078,40.68208312988281
2020-02-04,44.4920654296875,42.79757308959961,102.74824523925781,121.21253204345703,60.99459457397461,139.34915161132812,167.78480529785156,207.77601623535156,113.77831268310547,40.54922866821289,44.27214431762695,118.86540222167969,66.45622253417969,42.88670349121094,41.083675384521484
2020-02-05,45.43870162963867,44.34385299682617,106.79137420654297,122.82130432128906,62.86827850341797,149.31040954589844,166.14231872558594,209.80276489257812,115.7126235961914,41.6235466003418,45.06711959838867,121.33482360839844,67.95543670654297,43.988922119140625,41.82623291015625
2020-02-06,44.97818374633789,45.129669189453125,106.12325286865234,122.49955749511719,62.96395492553711,147.40484619140625,165.51959228515625,207.67295837402344,115.72944641113281,41.8981819152832,45.0835075378418,120.59319305419922,67.7352066040039,43.56988525390625,41.523155212402344
2020-02-07,45.14021682739258,45.17192077636719,106.58580017089844,121.18490600585938,62.740726470947266,146.96234130859375,165.9633026123047,204.3923797607422,115.35940551757812,41.6639289855957,45.09990692138672,120.98768615722656,67.2662353515625,43.096214294433594,41.38676834106445
2020-02-10,44.97818374633789,45.746490478515625,106.17460632324219,121.5710678100586,62.57329177856445,147.5222625732422,166.0956268310547,203.84278869628906,115.83877563476562,41.90625,45.362152099609375,121.39006042480469,67.42254638671875,42.604312896728516,41.40191650390625
2020-02-11,45.148738861083984,46.02534866333008,107.15969848632812,121.92960357666016,63.05964660644531,148.23570251464844,164.75669860839844,203.06983947753906,116.05741882324219,42.31820297241211,45.71455383300781,122.12380981445312,68.1188735961914,43.42415237426758,41.62165832519531
2020-02-12,44.68821334838867,45.864784240722656,106.02900695800781,122.49037170410156,63.25098419189453,148.00994873046875,161.63516235351562,204.9505615234375,116.05741882324219,42.382835388183594,46.042388916015625,122.45518493652344,68.17571258544922,43.53345489501953,41.530731201171875
2020-02-13,44.73938751220703,43.03415298461914,106.97982025146484,123.61194610595703,62.987884521484375,148.85887145996094,162.15672302246094,204.6929473876953,115.95652770996094,42.31013488769531,45.83749771118164,122.54196166992188,67.90572357177734,43.24085998535156,41.81108474731445
2020-02-14,45.03788375854492,40.96398162841797,107.56232452392578,124.90819549560547,62.820457458496094,148.6150360107422,165.90878295898438,203.60232543945312,115.60328674316406,42.22935104370117,45.76374053955078,121.60310363769531,67.91292572021484,43.18600082397461,41.7580451965332
2020-02-18,44.480594635009766,41.411827087402344,106.47444152832031,124.65998077392578,61.85569381713867,147.6577606201172,166.0956268310547,200.27877807617188,114.07268524169922,41.86587142944336,45.50148010253906,119.44132232666016,66.97846221923828,42.728816986083984,41.23521041870117
2020-02-19,44.19764709472656,41.74980163574219,106.44015502929688,125.88265228271484,62.230430603027344,148.2989501953125,161.52613830566406,203.81703186035156,115.6285171508789,41.83355712890625,46.14892578125,120.98768615722656,66.92094421386719,43.378013610839844,41.48526382446289
2020-02-20,44.14620590209961,42.07933807373047,105.75489807128906,125.56092071533203,62.36597442626953,147.3416290283203,162.69384765625,199.86654663085938,115.6285171508789,42.22935104370117,44.0508918762207,121.87923431396484,67.4097671508789,44.4203987121582,41.523155212402344
2020-02-21,44.18050765991211,41.06538009643555,105.8919677734375,124.01644897460938,60.946754455566406,147.88351440429688,162.56149291992188,198.05453491210938,114.21565246582031,41.3812255859375,42.96086883544922,121.34273529052734,66.56155395507812,42.235050201416016,41.33372116088867
2020-02-24,42.208526611328125,38.6149787902832,103.25365447998047,117.84781646728516,57.829261779785156,144.93934631347656,162.92735290527344,192.8330841064453,111.14603424072266,39.886871337890625,40.71529006958008,117.40579223632812,63.132843017578125,40.049678802490234,40.219871520996094
2020-02-25,40.89675521850586,38.226287841796875,100.48683166503906,111.14593505859375,55.357582092285156,141.97720336914062,162.16448974609375,186.88168334960938,106.18412017822266,38.43290710449219,39.363037109375,111.5122299194336,60.422950744628906,38.03805923461914,38.4316520690918
2020-02-26,39.91077423095703,38.023502349853516,99.1334457397461,108.93956756591797,54.360931396484375,142.7177276611328,171.3967742919922,185.31004333496094,106.50370025634766,37.89980697631836,38.715599060058594,109.43724822998047,58.88468551635742,37.87346267700195,37.628456115722656
2020-02-27,38.06742477416992,36.68000411987305,94.15662384033203,103.7086410522461,51.38695526123047,135.5651397705078,163.77586364746094,176.6448516845703,102.0716552734375,35.45230484008789,37.215824127197266,103.05453491210938,55.72193145751953,38.32151412963867,36.006935119628906
2020-02-28,36.73849105834961,35.6237907409668,90.60145568847656,101.06099700927734,50.59761047363281,130.97740173339844,154.7693328857422,173.47381591796875,97.64801788330078,34.507225036621094,36.904380798339844,99.72509765625,54.23398971557617,37.26082992553711,35.188594818115234
2020-03-02,38.83048629760742,36.20681381225586,96.98872375488281,104.6831283569336,53.89051818847656,137.1004180908203,163.00521850585938,180.99093627929688,102.19781494140625,35.99351119995117,38.09272766113281,104.64823913574219,57.18830871582031,38.385528564453125,36.491886138916016
2020-03-03,37.15003204345703,35.05766296386719,94.00167083740234,99.29586791992188,51.86534881591797,132.0159454345703,168.19741821289062,175.77215576171875,98.36286926269531,34.38607406616211,36.38807678222656,99.00716400146484,53.95365905761719,35.02061462402344,34.930965423583984
2020-03-04,38.19602584838867,35.94488525390625,98.57266998291016,106.36544799804688,53.73104476928711,137.2178192138672,174.0823974609375,180.36021423339844,100.79332733154297,35.403846740722656,37.07649230957031,102.09198760986328,55.47035598754883,33.97822570800781,35.35529327392578
2020-03-05,35.64962387084961,34.347900390625,93.36467742919922,101.989501953125,50.62152862548828,130.85092163085938,172.67343139648438,171.7630157470703,95.84830474853516,32.81094741821289,34.904685974121094,95.22010803222656,51.941009521484375,31.820295333862305,33.17306137084961
2020-03-06,34.963722229003906,31.973543167114258,92.22840881347656,99.5073471069336,48.85946273803711,130.78770446777344,168.34530639648438,166.63059997558594,90.89482879638672,31.64778709411621,34.2900276184082,90.1234130859375,50.179935455322266,31.207666397094727,32.16529083251953
2020-03-09,32.22871017456055,27.72336196899414,82.30313110351562,90.36009979248047,40.958065032958984,121.89215850830078,160.13941955566406,149.31521606445312,78.5826416015625,26.381237030029297,30.733171463012695,77.91024780273438,41.86332702636719,27.678171157836914,27.52044677734375
2020-03-10,33.6262321472168,29.632986068725586,85.44513702392578,94.96587371826172,44.31476974487305,125.6219253540039,161.7805938720703,159.2862091064453,84.68827056884766,28.28752899169922,32.37226486206055,85.23975372314453,45.191410064697266,30.119558334350586,29.278358459472656
2020-03-11,31.671415328979492,27.40226936340332,79.8583984375,87.68485260009766,40.495628356933594,118.56867980957031,152.14456176757812,148.52023315429688,80.70196533203125,26.8981990814209,30.216846466064453,80.42703247070312,41.669246673583984,29.653230667114258,27.43709945678711
2020-03-12,26.938703536987305,21.6903018951416,72.13682556152344,76.79090881347656,34.491844177246094,105.42850494384766,134.66217041015625,130.1938934326172,74.04966735839844,22.85943031311035,25.660146713256836,74.73070526123047,33.2879638671875,25.9957218170166,23.951587677001953
2020-03-13,29.742321014404297,24.385536193847656,79.8583984375,91.56439208984375,40.69496536254883,110.05241394042969,142.24281311035156,153.0823974609375,87.38789367675781,25.79157257080078,30.733171463012695,84.40339660644531,38.03927230834961,30.969932556152344,28.111480712890625
2020-03-16,24.855281829833984,19.89346694946289,73.1526107788086,78.942138671875,32.84140396118164,91.59293365478516,116.08566284179688,133.6328125,74.3104019165039,21.64779281616211,25.938793182373047,70.98314666748047,31.160293579101562,27.943344116210938,24.67900276184082
2020-03-17,25.84983253479004,19.037830352783203,75.70063018798828,79.59484100341797,32.09193420410156,99.41384887695312,129.74644470214844,137.0976104736328,78.85176086425781,22.96443748474121,27.69263458251953,75.74059295654297,33.618614196777344,30.79620361328125,25.550373077392578
2020-03-18,21.665851593017578,16.068784713745117,65.03504180908203,67.79995727539062,29.046192169189453,90.1389389038086,111.732666015625,120.98321533203125,70.5511474609375,22.762496948242188,25.201196670532227,69.05805206298828,33.19451141357422,29.644081115722656,25.004819869995117
2020-03-19,23.063371658325195,17.626035690307617,64.29473876953125,70.85209655761719,31.605566024780273,89.65666961669922,121.30619049072266,129.16567993164062,71.73692321777344,21.64779281616211,25.34052276611328,72.91609954833984,31.89348602294922,29.0954532623291,25.163938522338867
2020-03-20,22.917617797851562,16.453821182250977,63.588871002197266,68.14007568359375,30.345794677734375,92.4137954711914,123.79914855957031,119.59213256835938,70.22317504882812,19.693038940429688,24.316083908081055,70.60442352294922,30.37679672241211,28.11707305908203,24.67900276184082
2020-03-23,22.02595329284668,16.513713836669922,63.037940979003906,63.396392822265625,28.216978073120117,85.71660614013672,109.05206298828125,116.61983489990234,66.46389770507812,19.006441116333008,22.791715621948242,63.62211608886719,28.191621780395508,26.059728622436523,21.92089080810547
2020-03-24,24.958168029785156,19.619661331176758,67.07520294189453,77.26893615722656,32.4188346862793,93.32374572753906,118.99288177490234,132.7168731689453,74.3692626953125,22.302074432373047,27.225492477416992,71.1488037109375,34.121768951416016,28.089643478393555,23.640920639038086
2020-03-25,31.49135398864746,22.006881713867188,71.44816589355469,82.89520263671875,33.3756103515625,92.63219451904297,122.17364501953125,134.0388946533203,77.1445541381836,24.022584915161133,27.856542587280273,72.62419128417969,37.09763717651367,31.244245529174805,24.26982307434082
2020-03-26,30.668275833129883,23.53845977783203,77.04353332519531,85.76347351074219,36.692440032958984,99.38397216796875,136.63938903808594,143.2495880126953,82.51850891113281,26.276220321655273,29.26616859436035,81.20021057128906,39.282814025878906,31.235097885131836,27.41437530517578
2020-03-27,30.351058959960938,21.827194213867188,76.14825439453125,81.57140350341797,34.92240524291992,98.64691925048828,133.90406799316406,136.8125,76.63994598388672,24.93535614013672,27.872934341430664,78.99901580810547,38.12553787231445,30.732192993164062,27.10370635986328
2020-03-30,31.08838653564453,21.99831771850586,81.46812438964844,82.98712921142578,35.14563751220703,103.7698974609375,135.97512817382812,137.91848754882812,78.63311004638672,25.872350692749023,28.553163528442383,79.6617431640625,38.63589096069336,31.390535354614258,27.502403259277344
2020-03-31,29.356494903564453,20.74909782409668,78.96315002441406,78.70309448242188,33.58291244506836,101.63151550292969,135.1310577392578,133.5723419189453,75.71485900878906,24.69302749633789,27.864736557006836,75.51969146728516,37.47861862182617,30.7413330078125,26.41366195678711
2020-04-01,27.350236892700195,18.490232467651367,74.37495422363281,71.55998229980469,30.7045955657959,94.78875732421875,129.8871612548828,125.5367202758789,70.94638061523438,22.536325454711914,25.91420555114746,68.91605377197266,33.78394317626953,30.137845993041992,24.48150634765625
2020-04-02,27.290224075317383,18.182201385498047,73.84986877441406,70.86665344238281,31.278669357299805,96.39024353027344,131.7393798828125,129.5458984375,73.59552764892578,22.657485961914062,27.782787322998047,71.58274841308594,33.51797866821289,31.44540023803711,25.048887252807617
2020-04-03,27.787500381469727,17.506248474121094,73.99617767333984,68.03787994384766,29.89134407043457,93.56034851074219,135.77975463867188,126.95375061035156,71.42021942138672,22.390932083129883,27.741806030273438,67.2118911743164,33.12982177734375,30.72304344177246,23.91413688659668
2020-04-06,30.196727752685547,18.413219451904297,80.5040054321289,77.53177642822266,32.785606384277344,100.78529357910156,142.5789031982422,136.7174530029297,76.01730346679688,24.741491317749023,30.331584930419922,75.1961898803711,35.32218551635742,32.990699768066406,26.352313995361328
2020-04-07,30.616844177246094,19.90201759338379,79.65179443359375,80.96139526367188,32.88924789428711,101.94091033935547,138.1790313720703,143.4483184814453,77.01997375488281,25.508859634399414,30.274213790893555,74.88851928710938,37.421104431152344,31.94830894470215,26.41366195678711
2020-04-08,32.383033752441406,20.646421432495117,83.71485900878906,85.12132263183594,35.289161682128906,104.28854370117188,141.4300537109375,152.9009552001953,80.13001251220703,27.03551483154297,32.265724182128906,78.50196838378906,39.548770904541016,33.3655891418457,27.333724975585938
2020-04-09,32.6488151550293,22.708498001098633,86.37479400634766,87.65426635742188,37.80070114135742,111.25872039794922,148.6121368408203,159.20846557617188,87.31875610351562,28.64293670654297,33.66716766357422,83.17263793945312,42.19397735595703,33.411312103271484,29.17386817932129
2020-04-13,31.96291732788086,21.929874420166016,84.36048889160156,83.50357055664062,37.21866226196289,108.83830261230469,142.7664337158203,154.819091796875,83.43550109863281,27.722108840942383,32.437835693359375,79.6538314819336,41.690818786621094,31.792865753173828,28.20779037475586
2020-04-14,32.39160919189453,22.058216094970703,88.18254089355469,81.71017456054688,36.21404266357422,111.468017578125,146.9788055419922,153.9982452392578,81.14969635009766,27.810958862304688,32.66731643676758,78.47830200195312,42.12928771972656,33.10957336425781,27.4487247467041
2020-04-15,30.651145935058594,20.603639602661133,84.30885314941406,77.45783233642578,34.172916412353516,106.00834655761719,144.56390380859375,154.24884033203125,77.1474380493164,26.227758407592773,31.47077178955078,73.77693939208984,39.18938064575195,31.701417922973633,25.554927825927734
2020-04-16,30.042402267456055,19.83357048034668,86.02185821533203,75.20220947265625,32.30720520019531,101.86811065673828,146.40829467773438,152.9700164794922,74.20735931396484,24.999969482421875,31.4379825592041,72.26835632324219,37.658302307128906,31.637426376342773,24.366500854492188
2020-04-17,31.277015686035156,20.96300506591797,90.31737518310547,80.78575897216797,36.23796463012695,108.09211730957031,149.7531280517578,158.54318237304688,80.87776184082031,26.704334259033203,32.0362434387207,81.01655578613281,40.68449401855469,32.72553253173828,26.881359100341797
2020-04-20,30.994089126586914,20.32128143310547,88.4235610961914,77.66120147705078,35.08982467651367,104.31584167480469,144.28260803222656,155.87326049804688,77.92918395996094,26.292375564575195,31.4379825592041,81.85462951660156,38.99530029296875,33.45703887939453,26.26030921936035
2020-04-21,29.656579971313477,19.037830352783203,86.15959167480469,75.35935974121094,33.144386291503906,102.26850128173828,139.1246337890625,150.1792449951172,75.66890716552734,25.41193199157715,30.28241729736328,79.02105712890625,37.227027893066406,32.86268615722656,25.094894409179688
2020-04-22,30.411067962646484,19.046388626098633,87.79517364501953,76.3022689819336,33.6785888671875,96.65412139892578,140.19529724121094,152.05416870117188,75.91532897949219,25.654258728027344,30.987226486206055,78.94124603271484,38.53525924682617,32.798683166503906,25.493587493896484
2020-04-23,30.042402267456055,19.38864517211914,85.60867309570312,76.22832489013672,33.8539924621582,94.70687103271484,139.48410034179688,151.2506561279297,75.95779418945312,25.76734161376953,30.708589553833008,79.36429595947266,38.26930236816406,32.588375091552734,25.58559226989746
2020-04-24,31.11412239074707,19.979028701782227,87.32170867919922,76.8846664428711,34.3642692565918,94.65226745605469,142.79774475097656,152.93553161621094,77.07947540283203,26.8981990814209,31.11836051940918,80.40192413330078,40.09507369995117,32.36893081665039,26.068628311157227
2020-04-27,31.954347610473633,20.68920135498047,88.74205780029297,78.63185119628906,37.12298583984375,96.93623352050781,146.7287139892578,158.58636474609375,80.40191650390625,27.802875518798828,32.216552734375,84.2013168334961,42.596519470214844,33.68562698364258,27.51007080078125
2020-04-28,32.400177001953125,21.630401611328125,87.6660385131836,81.52531433105469,37.6412467956543,100.466796875,144.04815673828125,161.5845489501953,80.97123718261719,28.41676902770996,32.88858413696289,84.60043334960938,43.59565734863281,33.90507507324219,28.100454330444336
2020-04-29,33.600494384765625,23.29888153076172,91.09209442138672,88.85601043701172,40.07305908203125,101.97728729248047,141.82078552246094,164.19400024414062,83.15507507324219,30.27460289001465,33.723628997802734,88.59139251708984,46.35588455200195,35.468650817871094,29.488218307495117
2020-04-30,31.92862319946289,21.758750915527344,87.562744140625,84.35404205322266,38.717613220214844,98.28292083740234,139.27313232421875,158.48265075683594,81.3706283569336,29.14375114440918,32.599220275878906,85.14321899414062,44.83200454711914,34.490272521972656,27.985441207885742
2020-05-01,31.397052764892578,20.44962501525879,85.8582992553711,81.64546966552734,36.67900085449219,92.44110107421875,135.7093963623047,153.0219268798828,79.23777770996094,28.012895584106445,31.747663497924805,82.18988800048828,42.79777526855469,33.32902145385742,26.78934669494629
2020-05-04,30.651145935058594,20.59508514404297,86.37479400634766,79.85209655761719,36.356689453125,90.39372253417969,134.85757446289062,152.09738159179688,78.29456329345703,27.60901641845703,31.491371154785156,81.10435485839844,42.323368072509766,32.579227447509766,26.428993225097656
2020-05-05,30.796890258789062,21.44216537475586,87.93289184570312,80.18487548828125,35.4139289855957,91.13988494873047,139.5075225830078,154.05874633789062,78.17562103271484,27.681720733642578,31.400407791137695,79.63565063476562,42.22993087768555,31.911739349365234,25.71593475341797
2020-05-06,29.390789031982422,19.944805145263672,87.35614776611328,77.65194702148438,34.60814666748047,86.67205810546875,135.74847412109375,152.86639404296875,76.70556640625,26.631633758544922,30.838220596313477,78.6219711303711,38.9018440246582,31.609987258911133,25.46291732788086
2020-05-07,30.754018783569336,21.83575439453125,86.81382751464844,80.17564392089844,35.96990966796875,90.07524108886719,139.49195861816406,157.53221130371094,77.50430297851562,28.212657928466797,32.086631774902344,80.84891510009766,40.770755767822266,32.326934814453125,26.221969604492188
2020-05-08,31.08838653564453,23.658252716064453,86.76216888427734,82.73631286621094,37.3236198425293,92.76868438720703,141.8677215576172,160.18487548828125,78.77043151855469,28.851625442504883,33.13662338256836,83.83417510986328,42.395259857177734,33.5586051940918,26.6436710357666
2020-05-11,30.359630584716797,23.572689056396484,87.6660385131836,78.88143920898438,35.51061248779297,92.65949249267578,143.93089294433594,158.25802612304688,76.4506607055664,27.827640533447266,32.929931640625,81.51144409179688,41.00794982910156,32.94278335571289,25.57025718688965
2020-05-12,28.85064697265625,22.717052459716797,83.97312927246094,76.85691833496094,34.12468338012695,92.44110107421875,140.03114318847656,153.116943359375,73.95242309570312,26.516948699951172,31.76419448852539,79.81925964355469,39.002479553222656,31.545650482177734,24.266826629638672
2020-05-13,27.427404403686523,21.356599807739258,79.26441955566406,72.13311767578125,32.714569091796875,89.63848876953125,139.0777130126953,148.44252014160156,71.4032211303711,25.206256866455078,30.581924438476562,77.2570571899414,36.91075897216797,30.470232009887695,22.580032348632812
2020-05-14,28.087575912475586,22.04110336303711,80.84834289550781,77.4762954711914,33.89101028442383,89.94786834716797,141.0784454345703,150.73219299316406,74.36878204345703,26.074594497680664,31.259864807128906,78.09516143798828,38.369930267333984,30.70002555847168,23.898799896240234
2020-05-15,28.284780502319336,22.648601531982422,82.10513305664062,76.00647735595703,33.7781982421875,90.53022003173828,141.50820922851562,148.50299072265625,72.99222564697266,25.984481811523438,30.8299560546875,77.62423706054688,38.046470642089844,29.927927017211914,23.523107528686523
2020-05-18,29.79375457763672,24.342763900756836,85.2557601928711,81.72869873046875,36.799861907958984,95.85338592529297,145.20477294921875,157.15199279785156,76.85851287841797,27.37709617614746,33.30196762084961,83.0599136352539,41.058265686035156,31.444541931152344,25.2712345123291
2020-05-19,29.067716598510742,23.641138076782227,83.73208618164062,80.66557312011719,35.80070495605469,92.84146881103516,140.48443603515625,153.65272521972656,75.34597778320312,26.53333282470703,32.51654052734375,80.72122192382812,39.52002716064453,30.32316017150879,24.527517318725586
2020-05-20,30.078989028930664,23.991947174072266,83.49103546142578,83.87334442138672,36.63871383666992,95.1891098022461,141.31285095214844,156.77188110351562,77.6063003540039,27.164108276367188,33.946842193603516,83.331298828125,40.655738830566406,30.966571807861328,25.3479061126709
2020-05-21,30.122203826904297,24.650781631469727,81.02912139892578,83.04135131835938,36.25999450683594,102.89635467529297,139.24964904785156,155.61399841308594,76.62056732177734,27.43443489074707,33.31850051879883,82.36548614501953,41.453617095947266,30.534568786621094,25.240568161010742
2020-05-22,29.9925537109375,24.719234466552734,81.62306213378906,82.57915496826172,35.534786224365234,106.46331787109375,139.73419189453125,155.4671630859375,76.02578735351562,27.31155776977539,33.17795181274414,83.49893188476562,41.24110412597656,30.17609977722168,25.24823760986328
2020-05-26,31.31499671936035,26.533180236816406,80.9602279663086,87.1920394897461,38.814308166503906,107.66444396972656,142.602294921875,169.4041290283203,81.42160034179688,29.572505950927734,36.12122344970703,87.44998168945312,44.304141998291016,31.711103439331055,27.471736907958984
2020-05-27,32.127479553222656,26.960988998413086,84.12808227539062,93.57984924316406,42.109947204589844,111.89568328857422,137.96014404296875,181.15513610839844,86.13764190673828,30.252426147460938,38.742061614990234,93.06925964355469,46.31196975708008,34.09172058105469,28.844179153442383
2020-05-28,31.66073226928711,26.627296447753906,85.05426788330078,90.64940643310547,39.612030029296875,112.56903076171875,141.05491638183594,173.8626251220703,84.85453033447266,29.867408752441406,36.70823287963867,92.4306869506836,45.32271957397461,33.09902572631836,27.99310302734375
2020-05-29,31.522436141967773,25.72032356262207,84.66474151611328,87.88538360595703,38.60480880737305,110.95844268798828,142.7039337158203,170.83694458007812,82.68769073486328,29.498783111572266,36.542877197265625,91.02587890625,44.6705322265625,33.00711441040039,27.264724731445312
2020-06-01,31.954605102539062,26.13957977294922,85.75540161132812,89.43839263916016,39.84571075439453,108.79276275634766,142.48512268066406,173.82786560058594,83.78387451171875,29.793684005737305,36.95625305175781,91.52873992919922,44.61191177368164,33.5586051940918,28.131122589111328
2020-06-02,32.18798065185547,26.943883895874023,85.69480895996094,91.58309173583984,40.96574020385742,110.74005126953125,139.7185516357422,177.4882049560547,84.06427001953125,29.810060501098633,37.683807373046875,91.6803970336914,44.6705322265625,34.13768005371094,28.07744598388672
2020-06-03,33.026390075683594,28.449796676635742,86.9153060913086,97.43470764160156,42.98018264770508,115.06228637695312,145.5642547607422,183.07872009277344,88.60186004638672,31.030641555786133,38.78339385986328,95.5516357421875,46.68568801879883,36.316104888916016,29.656904220581055
2020-06-04,33.994449615478516,30.12683868408203,88.17044830322266,98.48854064941406,44.841522216796875,122.41459655761719,144.19664001464844,186.7738800048828,90.44579315185547,32.22666549682617,40.255035400390625,97.95418548583984,47.96806716918945,38.3106803894043,30.72264862060547
2020-06-05,35.031654357910156,31.110822677612305,91.29527282714844,101.4374771118164,47.42807388305664,128.00164794921875,150.15957641601562,189.46910095214844,94.51602172851562,33.37350845336914,40.94951248168945,102.19258880615234,50.73066329956055,39.358524322509766,32.486106872558594
2020-06-08,36.38865661621094,33.74617004394531,92.6109848022461,105.07971954345703,49.345821380615234,128.0289764404297,149.85475158691406,191.9818115234375,96.40240478515625,35.22486877441406,41.462120056152344,104.66699981689453,54.76096725463867,38.439369201660156,33.36016845703125
2020-06-09,34.74642562866211,32.29159164428711,89.33899688720703,102.1123046875,47.94376754760742,125.29003143310547,150.01174926757812,189.62562561035156,93.9296875,34.037052154541016,41.66879653930664,100.72392272949219,52.584598541259766,36.93193435668945,32.27909469604492
2020-06-10,33.78700256347656,30.084049224853516,88.2742919921875,98.13725280761719,45.0107421875,119.1843032836914,148.1277618408203,185.64356994628906,90.12288665771484,32.35771942138672,40.255035400390625,94.92903137207031,49.74140167236328,35.03845977783203,30.147615432739258
2020-06-11,30.82231330871582,27.04655647277832,82.05062103271484,91.1485824584961,38.99158477783203,110.50347137451172,136.72972106933594,168.78504943847656,82.60272979736328,29.433244705200195,36.848785400390625,85.81369018554688,44.22354507446289,33.23691177368164,27.70942497253418
2020-06-12,31.66938018798828,28.55923080444336,82.83829498291016,93.9958267211914,42.10187911987305,114.3707275390625,137.15362548828125,175.4363250732422,84.86302947998047,30.67841148376465,38.26253890991211,88.4078140258789,46.282657623291016,33.604576110839844,28.759836196899414
2020-06-15,32.08426284790039,28.688886642456055,84.68205261230469,96.0942611694336,42.69009780883789,117.56465148925781,137.0986328125,179.37490844726562,86.03565979003906,31.186294555664062,39.188514709472656,90.17182922363281,47.293907165527344,33.68729782104492,29.733572006225586
2020-06-16,32.283042907714844,28.775331497192383,85.7986831665039,97.63809204101562,43.87459182739258,118.71116638183594,138.24473571777344,182.22666931152344,86.72395324707031,31.694189071655273,40.14755630493164,91.7442398071289,48.21721267700195,33.935462951660156,30.162939071655273
2020-06-17,31.79902458190918,27.902294158935547,84.78592681884766,96.10352325439453,42.70622253417969,118.01959228515625,140.01095581054688,179.2705841064453,84.53163146972656,30.981496810913086,39.48614501953125,89.23792266845703,46.766292572021484,33.7056770324707,29.526552200317383
2020-06-18,32.075618743896484,28.0665283203125,85.47840118408203,94.4395751953125,42.73844528198242,118.68787384033203,138.40957641601562,177.22738647460938,84.07276916503906,31.21906280517578,39.337337493896484,88.38385772705078,46.927520751953125,33.89870834350586,29.57256317138672
2020-06-19,31.634803771972656,27.49604034423828,85.46109008789062,93.31175231933594,42.641746520996094,117.13159942626953,137.78158569335938,175.3058624267578,83.11256408691406,30.5718994140625,38.799922943115234,86.38838958740234,46.23136520385742,33.7056770324707,29.80257797241211
2020-06-22,31.5137939453125,27.4787540435791,84.10211944580078,91.92510986328125,41.94878005981445,116.60980987548828,137.44403076171875,176.86221313476562,82.21186065673828,30.252426147460938,39.171974182128906,86.65177917480469,45.82833480834961,33.47589111328125,29.30420684814453
2020-06-23,31.45329475402832,27.703489303588867,83.66929626464844,91.9066390991211,42.665924072265625,118.44071960449219,136.23509216308594,178.04461669921875,83.21453094482422,30.342540740966797,39.5936279296875,85.98929595947266,46.29731369018555,32.988731384277344,29.59555435180664
2020-06-24,30.39879608154297,26.190820693969727,80.4579086303711,88.26439666748047,40.941566467285156,115.50210571289062,131.46243286132812,172.16722106933594,80.4359130859375,29.105562210083008,38.81646728515625,82.51714324951172,43.747230529785156,31.067686080932617,28.26913070678711
2020-06-25,30.969266891479492,27.020626068115234,82.95083618164062,90.45528411865234,42.4483642578125,117.69003295898438,132.4200897216797,180.06175231933594,83.24005126953125,29.76911163330078,40.33771896362305,84.96759033203125,44.29680633544922,31.325054168701172,29.17386817932129
2020-06-26,29.975271224975586,25.680830001831055,81.86883544921875,86.36003875732422,39.95045471191406,113.47897338867188,127.52178955078125,164.4900360107422,78.67696380615234,28.728740692138672,38.89914321899414,80.56156921386719,42.57476806640625,29.183399200439453,27.64807891845703
2020-06-29,30.623531341552734,26.519283294677734,82.6132583618164,87.37692260742188,40.522560119628906,115.07185363769531,127.17633819580078,168.2112274169922,79.02535247802734,29.138328552246094,39.05623245239258,82.0781478881836,43.380828857421875,30.10256576538086,28.198875427246094
2020-06-30,31.14212417602539,26.951473236083984,83.9549331665039,88.00554656982422,41.17523956298828,115.91407775878906,127.5924301147461,171.8194122314453,79.92605590820312,29.91655921936035,39.93260192871094,83.97783660888672,44.6265754699707,31.012540817260742,28.563478469848633
2020-07-01,30.58894920349121,25.56846046447754,82.69115447998047,87.33694458007812,40.570899963378906,115.03524017333984,132.5849609375,171.77597045898438,79.24626922607422,29.089187622070312,39.36214065551758,82.0781478881836,43.18296813964844,30.35074234008789,27.911842346191406
2020-07-02,30.476585388183594,25.86235237121582,81.44469451904297,87.5969467163086,40.7320556640625,114.95285034179688,129.73548889160156,171.62814331054688,79.5036849975586,29.203874588012695,39.51094436645508,81.53534698486328,43.45411682128906,30.690824508666992,27.842016220092773
2020-07-06,31.13348960876465,26.57114601135254,82.78636932373047,89.68634033203125,41.876258850097656,116.52742004394531,130.15147399902344,180.28781127929688,81.51142883300781,30.38349151611328,40.36251449584961,82.49319458007812,44.92700958251953,31.444541931152344,28.571229934692383
2020-07-07,29.92340850830078,25.21406364440918,80.19823455810547,86.37117767333984,40.54672622680664,116.4175796508789,130.0023651123047,173.33229064941406,79.21195220947266,29.5069637298584,39.2629280090332,79.58778381347656,43.52006912231445,31.150409698486328,27.601533889770508
2020-07-08,30.597599029541016,25.801843643188477,76.36360168457031,86.26902770996094,40.99797058105469,117.04920959472656,131.94126892089844,175.84495544433594,80.05281829833984,30.121362686157227,40.43691635131836,79.93097686767578,44.531307220458984,31.64676284790039,27.547225952148438
2020-07-09,29.361587524414062,24.202739715576172,74.2861328125,84.10533905029297,39.84571075439453,113.82685089111328,129.9395294189453,171.132568359375,78.31963348388672,28.990880966186523,39.279457092285156,78.9013442993164,42.52347946166992,31.141223907470703,26.546499252319336
2020-07-10,30.139493942260742,26.017942428588867,75.28160095214844,86.57545471191406,42.4241943359375,117.57102966308594,129.20164489746094,178.7228240966797,82.60112762451172,30.260616302490234,41.1727409362793,81.09635925292969,44.362770080566406,31.98684310913086,28.2686824798584
2020-07-13,30.14813804626465,25.689476013183594,76.60597229003906,86.88188934326172,42.06159210205078,117.461181640625,129.6804656982422,181.609375,83.78517150878906,30.645627975463867,41.51998519897461,81.95843505859375,44.6778678894043,31.64676284790039,28.571229934692383
2020-07-14,30.813674926757812,26.614364624023438,77.67066955566406,88.0705337524414,40.40975570678711,119.68573760986328,129.9630584716797,186.06961059570312,84.26567077636719,31.038837432861328,41.75147247314453,80.82496643066406,45.36668395996094,31.75706672668457,28.15232276916504
2020-07-15,31.35820960998535,27.461462020874023,78.01688385009766,90.41068267822266,41.77151107788086,121.5715560913086,132.5299530029297,188.58229064941406,85.5698471069336,31.653228759765625,42.4542121887207,83.0678939819336,46.8469123840332,32.7773323059082,29.19960594177246
2020-07-16,31.43600845336914,28.144325256347656,79.2979965209961,89.44490051269531,41.46531295776367,124.52843475341797,131.25828552246094,186.64344787597656,85.81009674072266,31.72694969177246,43.52074432373047,84.7386245727539,47.081390380859375,32.097145080566406,29.137540817260742
2020-07-17,31.30635643005371,27.763996124267578,79.34994506835938,88.38627624511719,40.466156005859375,124.45519256591797,130.79519653320312,183.8090362548828,84.22276306152344,31.513975143432617,43.33059310913086,83.14859771728516,47.00078582763672,30.736785888671875,27.950620651245117
2020-07-20,31.098918914794922,27.15028190612793,78.70938110351562,87.29048919677734,40.40168762207031,122.92639923095703,131.79995727539062,184.0698699951172,83.4848861694336,30.94872283935547,42.875877380371094,83.08403778076172,46.180076599121094,31.10444450378418,27.593782424926758
2020-07-21,31.557004928588867,27.625696182250977,79.51437377929688,89.45417022705078,41.6828727722168,124.0890121459961,132.0511474609375,184.3394317626953,85.29529571533203,31.391088485717773,43.30577850341797,86.92588806152344,47.62364959716797,32.39128112792969,28.392805099487305
2020-07-22,31.686660766601562,27.824501037597656,80.95130157470703,89.64920043945312,41.6264762878418,124.29955291748047,133.69175720214844,179.10536193847656,84.67752075195312,31.473012924194336,42.164852142333984,86.06229400634766,47.97539138793945,32.041996002197266,28.129053115844727
2020-07-23,31.971887588500977,27.547897338867188,81.94672393798828,89.7699203491211,41.964900970458984,123.89678192138672,132.61634826660156,176.51443481445312,84.92633819580078,31.587692260742188,41.801082611083984,86.63532257080078,48.09263229370117,32.36370086669922,28.52469253540039
2020-07-24,31.781736373901367,27.063846588134766,81.67840576171875,88.52555847167969,41.6345329284668,123.50312805175781,132.46719360351562,175.1667938232422,84.32574462890625,31.309175491333008,41.48691940307617,86.23178100585938,47.56503677368164,32.11552810668945,28.641050338745117
2020-07-27,31.48785972595215,26.666227340698242,80.24150085449219,88.95271301269531,41.328338623046875,121.19622802734375,131.4859619140625,176.51443481445312,83.14167785644531,30.965112686157227,42.42941665649414,84.68211364746094,47.059417724609375,31.10444450378418,28.05147933959961
2020-07-28,31.366851806640625,26.752668380737305,79.8692855834961,87.68050384521484,41.312217712402344,120.80257415771484,130.30845642089844,175.29722595214844,83.50203704833984,30.793079376220703,41.55305099487305,84.60948181152344,46.95683288574219,30.939002990722656,28.175588607788086
2020-07-29,31.548358917236328,28.239404678344727,81.36677551269531,89.78849792480469,42.319454193115234,120.78424072265625,129.4292755126953,176.13186645507812,85.5269546508789,31.685993194580078,41.82587814331055,87.9347915649414,47.98272705078125,31.325054168701172,29.25389862060547
2020-07-30,30.502517700195312,27.47010612487793,79.70481872558594,87.89409637451172,40.98991394042969,119.0082778930664,128.03204345703125,173.48007202148438,83.24462127685547,30.76032066345215,40.75193405151367,85.77171325683594,46.649051666259766,30.865480422973633,28.633298873901367
2020-07-31,30.744531631469727,27.781280517578125,81.70438385009766,86.65904998779297,40.70503234863281,116.48163604736328,130.4497833251953,172.1150665283203,82.91858673095703,31.00606918334961,40.693660736083984,86.09458923339844,46.43653869628906,30.470232009887695,28.57899284362793
2020-08-03,30.563024520874023,27.781280517578125,83.26245880126953,86.86334228515625,41.01433181762695,115.7584457397461,127.9535140991211,173.3583526611328,82.45526123046875,30.931440353393555,41.176509857177734,85.49729919433594,47.21330261230469,30.644868850708008,28.547969818115234
2020-08-04,30.303714752197266,25.689476013183594,83.30575561523438,86.53829193115234,40.810848236083984,114.21134185791016,128.05555725097656,175.31460571289062,81.98336791992188,30.599740982055664,41.010009765625,84.98075866699219,46.3705940246582,31.20556640625,28.10577964782715
2020-08-05,30.72724151611328,26.08709144592285,82.02464294433594,88.58128356933594,41.54338455200195,115.04438781738281,128.0869598388672,177.818603515625,83.40763854980469,31.74411964416504,41.43459701538086,86.00577545166016,49.243106842041016,31.435352325439453,28.594501495361328
2020-08-06,30.606237411499023,25.343719482421875,81.78227996826172,89.07345581054688,41.42129135131836,115.8591537475586,128.7149200439453,177.58384704589844,83.43340301513672,30.666078567504883,41.16819381713867,86.3851089477539,47.37451171875,30.622211456298828,28.540203094482422
2020-08-07,31.56566619873047,26.501996994018555,83.88569641113281,92.08219909667969,42.42243957519531,118.96249389648438,131.20335388183594,181.07899475097656,85.26953887939453,32.10899353027344,41.91746139526367,88.54010772705078,49.800025939941406,31.45383071899414,29.059959411621094
2020-08-10,32.38677978515625,27.19350242614746,84.17999267578125,94.3666000366211,43.024757385253906,119.88712310791016,129.79039001464844,182.04408264160156,86.35064697265625,32.988006591796875,42.10894012451172,88.50782775878906,50.957828521728516,31.2320613861084,29.067720413208008
2020-08-11,32.87080383300781,27.64297866821289,83.81643676757812,95.88953399658203,43.75728988647461,120.84831237792969,131.97265625,183.50473022460938,89.07913208007812,33.64312744140625,43.107967376708984,90.77580261230469,51.837181091308594,32.303932189941406,29.688329696655273
2020-08-12,32.516422271728516,26.7440185546875,83.29708862304688,94.42231750488281,43.423580169677734,119.26461029052734,133.4170684814453,184.43505859375,88.32408905029297,33.203609466552734,43.60747528076172,90.3964614868164,51.228946685791016,32.19304656982422,29.33147621154785
2020-08-13,32.62879180908203,26.54521369934082,83.32306671142578,93.25225067138672,43.049163818359375,120.10682678222656,133.11093139648438,181.183349609375,87.83503723144531,32.7060546875,43.44097900390625,89.5974349975586,50.957828521728516,31.98053741455078,28.990142822265625
2020-08-14,32.90538024902344,26.78723907470703,83.20186614990234,93.24295806884766,43.08173370361328,119.13644409179688,134.57882690429688,180.8181915283203,87.86932373046875,32.84702682495117,43.54087829589844,90.19469451904297,51.72725296020508,32.38710403442383,29.308208465576172
2020-08-17,32.37812423706055,25.89692497253418,82.43148040771484,90.58712005615234,41.85267639160156,115.20000457763672,137.0672607421875,176.55787658691406,85.55268859863281,32.241676330566406,42.691707611083984,89.0486068725586,50.89187240600586,31.989765167236328,28.648813247680664
2020-08-18,32.343292236328125,25.56846046447754,81.95539093017578,89.7699203491211,40.973636627197266,114.5042724609375,136.43923950195312,175.02767944335938,84.36004638671875,31.769001007080078,42.39199447631836,86.42549133300781,50.24702835083008,32.29470443725586,28.18335723876953
2020-08-19,32.24750518798828,25.81048583984375,81.609130859375,89.97423553466797,40.93293762207031,113.45150756835938,135.17543029785156,176.51443481445312,84.55740356445312,31.67777442932129,42.766632080078125,85.86856842041016,50.613426208496094,32.996952056884766,28.05147933959961
2020-08-20,31.925294876098633,25.17949104309082,82.54401397705078,89.81635284423828,40.35503387451172,113.0029296875,135.9447021484375,175.4971160888672,83.54495239257812,31.196800231933594,42.292091369628906,85.61837768554688,49.92460250854492,31.925092697143555,27.62480354309082
2020-08-21,31.716291427612305,24.436120986938477,81.79093170166016,89.28704071044922,40.127140045166016,111.6114730834961,136.478515625,176.00148010253906,83.50203704833984,30.91484832763672,42.54185485839844,85.91700744628906,49.39700698852539,31.83268165588379,27.31450653076172
2020-08-24,32.552310943603516,25.542530059814453,82.23239135742188,92.24006652832031,41.559669494628906,113.90008544921875,137.53823852539062,180.2704315185547,85.85301208496094,32.026058197021484,43.59914779663086,88.6208267211914,51.46792221069336,32.45177459716797,28.50917625427246
2020-08-25,32.308467864990234,25.5165958404541,81.16768646240234,91.98005676269531,42.039886474609375,115.26410675048828,137.3105926513672,179.10536193847656,86.23054504394531,32.05923080444336,43.3327522277832,89.40372467041016,51.475379943847656,32.84910583496094,28.400571823120117
2020-08-26,31.742408752441406,25.118986129760742,80.50984954833984,91.37643432617188,41.38874053955078,114.97113800048828,137.57748413085938,180.16610717773438,85.0207290649414,31.777284622192383,43.04969024658203,89.0324478149414,50.871978759765625,32.728981018066406,28.0980224609375
2020-08-27,32.11688232421875,25.65489959716797,81.95510864257812,94.28302001953125,42.096866607666016,116.95767211914062,138.51162719726562,182.71353149414062,87.81784057617188,32.399227142333984,43.79895782470703,90.80000305175781,51.6690559387207,33.33884811401367,28.656566619873047
2020-08-28,32.334590911865234,25.386945724487305,82.10315704345703,95.22093200683594,42.552669525146484,115.70350646972656,138.96693420410156,180.59210205078125,88.17823028564453,32.68947219848633,44.03206253051758,90.67896270751953,51.87765121459961,33.52364730834961,28.85826301574707
2020-08-31,31.62920570373535,25.188133239746094,80.97128295898438,94.3387222290039,41.608497619628906,114.43103790283203,138.05633544921875,179.20130920410156,85.96454620361328,31.89337921142578,43.5075798034668,89.75077056884766,50.48461151123047,32.83062744140625,28.237661361694336
2020-09-01,31.960121154785156,25.196775436401367,80.93646240234375,95.1559066772461,41.67362594604492,114.3028793334961,136.4156951904297,179.71742248535156,85.92163848876953,31.926551818847656,43.77398681640625,90.07362365722656,50.655941009521484,33.08010482788086,28.46263313293457
2020-09-02,32.13429641723633,25.784561157226562,82.35562133789062,96.94815826416016,42.28406524658203,115.19085693359375,135.5758056640625,183.72357177734375,87.2172622680664,32.19190979003906,44.33177947998047,90.71930694580078,51.40833282470703,33.23719787597656,29.17632484436035
2020-09-03,32.16913604736328,25.412874221801758,81.2673110961914,97.00389099121094,41.917789459228516,113.52474212646484,134.9320526123047,181.5542755126953,86.94268035888672,31.67777442932129,43.915504455566406,90.13009643554688,50.66340255737305,32.701255798339844,29.059959411621094
2020-09-04,32.97031021118164,25.75862693786621,81.67652893066406,98.12751770019531,42.748016357421875,114.94368743896484,133.15013122558594,184.5108184814453,88.82174682617188,32.465576171875,43.88220977783203,91.28428649902344,51.9297981262207,33.449729919433594,29.7193660736084
2020-09-08,32.16913604736328,24.97203826904297,79.44763946533203,96.27027893066406,41.54338455200195,110.86994934082031,131.09347534179688,177.11077880859375,85.73287200927734,31.412403106689453,41.76761245727539,89.0243911743164,50.52185821533203,32.026737213134766,28.485902786254883
2020-09-09,32.2562141418457,25.196775436401367,80.57079315185547,96.37242126464844,41.83639907836914,111.8861083984375,132.56100463867188,176.88336181640625,86.5479965209961,31.74411964416504,42.508548736572266,88.70960998535156,50.86453628540039,32.36861038208008,28.338504791259766
2020-09-10,31.53341293334961,24.34103775024414,80.64044952392578,95.43450927734375,41.470130920410156,109.1489028930664,129.34976196289062,174.9502410888672,85.65564727783203,31.254844665527344,41.867515563964844,87.34557342529297,50.10469436645508,32.026737213134766,27.756685256958008
2020-09-11,31.69016456604004,24.548490524291992,81.68521881103516,95.98241424560547,41.510826110839844,110.46713256835938,128.77381896972656,175.7462615966797,86.71958923339844,31.70265769958496,41.91746139526367,89.38758087158203,50.74533462524414,32.56266784667969,28.45487403869629
2020-09-14,32.28232955932617,25.412874221801758,82.66908264160156,99.61331176757812,39.19110870361328,110.65938568115234,131.0382537841797,176.11361694335938,87.92082977294922,32.208499908447266,42.5834846496582,92.1559829711914,51.9670524597168,33.01543045043945,29.378026962280273
2020-09-15,31.951406478881836,25.006610870361328,82.57331848144531,99.06541442871094,36.47254943847656,107.7116470336914,132.63198852539062,173.19207763671875,85.18375396728516,31.105579376220703,41.95077133178711,89.82341766357422,50.92412567138672,32.10989761352539,28.95136070251465
2020-09-16,32.40425491333008,26.020517349243164,83.50492095947266,98.41541290283203,37.457420349121094,108.56301879882812,134.28895568847656,175.5363006591797,85.54412078857422,31.205102920532227,42.5834846496582,91.72013854980469,51.639251708984375,33.01543045043945,29.602994918823242
2020-09-17,32.76130676269531,25.08527946472168,80.79717254638672,97.18963623046875,37.058589935302734,107.84424591064453,134.6913299560547,170.4192657470703,84.56595611572266,32.60654067993164,41.8342170715332,90.29960632324219,51.095462799072266,33.089359283447266,29.393535614013672
2020-09-18,32.91804885864258,24.464702606201172,79.47374725341797,96.05671691894531,36.51325225830078,108.2036361694336,133.381591796875,170.44549560546875,84.38579559326172,32.89678192138672,41.692684173583984,90.2027587890625,50.7676887512207,33.292633056640625,29.184091567993164
2020-09-21,31.707571029663086,23.581905364990234,80.12676239013672,91.16287231445312,35.756282806396484,106.8858642578125,132.3085479736328,169.69329833984375,81.77741241455078,31.039241790771484,40.26074981689453,87.84600830078125,48.219993591308594,32.56266784667969,28.05147933959961
2020-09-22,31.672748565673828,23.896570205688477,80.39665985107422,91.45072937011719,35.23536682128906,106.93193817138672,131.44065856933594,167.61146545410156,80.88510131835938,30.641199111938477,39.65300369262695,85.0372543334961,47.460147857666016,32.313175201416016,27.609298706054688
2020-09-23,31.01961326599121,23.10118293762207,78.02847290039062,88.73914337158203,34.063297271728516,104.9138412475586,128.0952606201172,162.80056762695312,79.57233428955078,29.92803955078125,38.6456413269043,82.7127685546875,46.15650939941406,32.13760757446289,26.763715744018555
2020-09-24,31.063146591186523,23.144882202148438,78.34190368652344,88.63699340820312,34.34002685546875,105.04287719726562,129.3418426513672,170.66416931152344,79.5036849975586,29.646081924438477,38.80382537841797,83.49565887451172,45.77659225463867,31.74952507019043,26.942138671875
2020-09-25,31.115394592285156,23.66057014465332,79.47374725341797,89.38919067382812,34.20166778564453,104.9138412475586,131.590576171875,170.5242462158203,80.19866943359375,30.068998336791992,39.16181945800781,84.66596984863281,46.245906829833984,32.28544998168945,27.27571678161621
2020-09-28,31.637916564941406,24.15004539489746,81.162841796875,91.76647186279297,35.276065826416016,107.7889404296875,133.28688049316406,174.12802124023438,82.50674438476562,30.889976501464844,40.27739715576172,87.27293395996094,47.69853591918945,33.449729919433594,28.004926681518555
2020-09-29,31.367948532104492,23.852867126464844,81.35438537597656,90.77283477783203,34.52723693847656,105.3653793334961,131.0697784423828,172.13368225097656,81.8117446899414,30.4919376373291,39.32831954956055,86.30439758300781,46.99828338623047,33.06163787841797,27.706668853759766
2020-09-30,31.65533447265625,24.062637329101562,81.9638442993164,93.0943832397461,35.0888557434082,107.00564575195312,132.00869750976562,175.7899627685547,82.60112762451172,30.823637008666992,40.25240707397461,88.70960998535156,47.31861114501953,33.477447509765625,28.138364791870117
2020-10-01,31.69016456604004,24.22870445251465,80.32699584960938,94.0973129272461,35.35746383666992,106.78448486328125,134.32838439941406,173.6731414794922,83.20173645019531,30.89827537536621,39.344974517822266,88.32219696044922,47.311153411865234,34.86347961425781,28.256093978881836
2020-10-02,32.11688232421875,24.665729522705078,80.98870849609375,94.35730743408203,35.536521911621094,107.41111755371094,132.93978881835938,174.85401916503906,83.99109649658203,31.205102920532227,39.93606185913086,90.52560424804688,47.5867919921875,34.80802917480469,28.86046600341797
2020-10-05,32.59585189819336,25.391191482543945,81.5633316040039,96.47455596923828,36.553951263427734,109.75175476074219,131.71681213378906,176.51600646972656,85.7663803100586,31.943134307861328,40.46055221557617,92.6563720703125,48.95002365112305,34.13349914550781,29.61396026611328
2020-10-06,32.54359817504883,25.330013275146484,80.66656494140625,94.49662017822266,36.14698028564453,108.05619049072266,132.81349182128906,175.89492797851562,84.88306427001953,31.818756103515625,39.74458694458008,91.34078216552734,48.674400329589844,33.95793533325195,29.370643615722656
2020-10-07,33.01385498046875,25.836957931518555,81.2237777709961,96.00096893310547,36.49696350097656,109.7609634399414,133.7366180419922,178.09046936035156,86.36388397216797,32.62314224243164,40.55213165283203,92.96308135986328,50.499515533447266,34.90967559814453,30.44593620300293
2020-10-08,33.30122756958008,26.448793411254883,81.47628784179688,98.90103149414062,36.3993034362793,111.76065826416016,134.84124755859375,181.9217071533203,88.1391372680664,33.04605484008789,40.79356002807617,94.06075286865234,50.85708236694336,34.87273406982422,31.003215789794922
2020-10-09,33.17931365966797,26.17784309387207,80.84939575195312,99.16215515136719,36.570228576660156,110.99580383300781,133.66563415527344,181.5367889404297,87.63687896728516,32.739227294921875,40.65202713012695,93.20520782470703,50.566551208496094,35.325496673583984,30.74420738220215
2020-10-12,33.44057083129883,26.623605728149414,82.0683364868164,99.41392517089844,37.34347152709961,113.76032257080078,134.13113403320312,187.29234313964844,88.71067810058594,33.452396392822266,42.24213790893555,93.85089111328125,51.54243469238281,35.547264099121094,31.19944190979004
2020-10-13,32.40425491333008,26.064210891723633,79.91780090332031,97.92191314697266,35.55280303955078,109.26335906982422,132.15863037109375,184.39707946777344,87.27315521240234,32.34117889404297,41.99238967895508,90.80811309814453,49.46403884887695,34.752601623535156,30.15553092956543
2020-10-14,32.20397186279297,25.91562843322754,79.47374725341797,97.73542022705078,35.02374267578125,109.25413513183594,131.52743530273438,184.7644500732422,86.78822326660156,32.31630325317383,42.167213439941406,88.64505004882812,49.41189956665039,34.29982376098633,30.02210235595703
2020-10-15,32.4390983581543,26.186580657958984,79.8481674194336,97.38106536865234,35.49582290649414,110.72855377197266,131.83514404296875,182.46400451660156,88.0871810913086,32.44898223876953,42.73332595825195,89.36280822753906,49.560882568359375,36.06471633911133,30.720657348632812
2020-10-16,32.40425491333008,26.475017547607422,80.60562133789062,97.82865905761719,35.153968811035156,109.89920043945312,132.5452423095703,180.37342834472656,87.90532684326172,32.573368072509766,43.16624450683594,90.9288558959961,49.36719512939453,36.304962158203125,30.720657348632812
2020-10-19,31.768539428710938,26.300209045410156,79.59565734863281,95.5533676147461,34.91793441772461,107.74287414550781,128.87637329101562,179.91856384277344,86.42450714111328,32.399227142333984,42.41697692871094,89.71353149414062,48.86808776855469,35.93535232543945,30.587221145629883
2020-10-20,32.143001556396484,26.7896785736084,79.29962158203125,96.17815399169922,35.42257308959961,109.93607330322266,128.70277404785156,181.96539306640625,86.9181137084961,32.62314224243164,42.84988784790039,91.40192413330078,49.329959869384766,36.15711975097656,30.775588989257812
2020-10-21,31.916587829589844,27.68120574951172,79.02100372314453,94.58358001708984,35.007469177246094,118.15592956542969,129.8625946044922,177.48690795898438,86.05213928222656,32.44898223876953,41.942447662353516,90.24370574951172,49.27035140991211,35.972312927246094,30.469491958618164
2020-10-22,32.66551971435547,27.978384017944336,79.83074951171875,97.71678924560547,35.77256774902344,117.61223602294922,128.98681640625,179.66494750976562,89.09171295166016,33.676292419433594,43.099639892578125,94.06095886230469,50.59634017944336,37.081146240234375,31.772403717041016
2020-10-23,32.961605072021484,28.30179214477539,79.44763946533203,94.16395568847656,35.77256774902344,118.89315032958984,129.2866668701172,179.35000610351562,89.89706420898438,33.949951171875,43.182891845703125,93.64498901367188,51.19975280761719,37.28443145751953,31.913694381713867
2020-10-26,32.02108383178711,27.322851181030273,79.07327270507812,90.34068298339844,35.21095657348633,116.10096740722656,126.36732482910156,175.93869018554688,87.6715087890625,32.65630340576172,41.892486572265625,91.05121612548828,49.47893524169922,36.17560958862305,31.36426544189453
2020-10-27,30.793195724487305,27.235441207885742,77.52349090576172,88.5223159790039,34.08771514892578,113.72346496582031,125.82292938232422,171.1627655029297,86.01749420166016,31.321199417114258,40.45222854614258,89.06101989746094,47.27391052246094,35.547264099121094,30.147680282592773
2020-10-28,29.73946762084961,26.422569274902344,76.61799621582031,85.41707611083984,33.47726821899414,117.418701171875,118.00384521484375,165.99325561523438,83.60143280029297,30.350954055786133,39.60305404663086,88.67765808105469,45.940467834472656,35.2515754699707,29.27645492553711
2020-10-29,29.8004207611084,27.349069595336914,77.13169860839844,84.92286682128906,33.90864562988281,122.33036804199219,118.34312438964844,166.1419219970703,84.14698028564453,30.939733505249023,40.357872009277344,89.57489013671875,46.961036682128906,37.24748229980469,29.880821228027344
2020-10-30,29.56529426574707,27.523880004882812,77.27098846435547,85.0813980102539,34.131141662597656,119.71327209472656,118.91909790039062,165.354736328125,84.900390625,31.387527465820312,40.383033752441406,91.25511932373047,47.69108581542969,37.986698150634766,30.571521759033203
2020-11-02,30.932527542114258,28.362974166870117,79.14290618896484,87.09559631347656,34.78211212158203,124.05355834960938,120.14994049072266,166.36935424804688,86.81417846679688,32.48723220825195,41.41462707519531,93.3513412475586,49.113922119140625,38.12529373168945,31.19159507751465
2020-11-03,31.55953598022461,28.747554779052734,80.9016342163086,89.79051208496094,35.86983108520508,124.6617660522461,121.09673309326172,173.130859375,89.5506820678711,33.5533447265625,42.92427062988281,97.38066864013672,50.4920539855957,39.326534271240234,32.03927993774414
2020-11-04,31.81207275390625,27.611286163330078,80.13544464111328,89.8930892944336,34.674991607666016,122.5146484375,118.74554443359375,173.078369140625,86.81417846679688,32.73905944824219,43.13394546508789,92.05448150634766,46.99828338623047,37.73720932006836,30.61077117919922
2020-11-05,32.395545959472656,29.219539642333984,78.7162857055664,91.48767852783203,35.49078369140625,125.99796295166016,118.70606994628906,177.5306396484375,90.36470031738281,34.52712631225586,43.77974319458008,95.56991577148438,48.69675827026367,38.30085754394531,31.75670623779297
2020-11-06,32.13429641723633,28.98354148864746,79.36056518554688,90.16350555419922,35.19412612915039,126.88264465332031,118.8165054321289,176.04364013671875,89.16099548339844,33.98147964477539,43.36039352416992,93.53892517089844,47.34095764160156,38.00517654418945,30.74420738220215
2020-11-09,36.13148880004883,32.794410705566406,81.74617767333984,109.44763946533203,39.2565803527832,135.44342041015625,128.14260864257812,188.00088500976562,101.23271179199219,37.72547912597656,46.983551025390625,104.38711547851562,54.715858459472656,41.544193267822266,34.66082000732422
2020-11-10,36.44498825073242,33.41498565673828,82.22502136230469,108.12346649169922,39.26481246948242,139.608642578125,133.11334228515625,190.22264099121094,100.90363311767578,38.6404914855957,46.75709533691406,103.37569427490234,56.20573806762695,42.89326477050781,34.64511489868164
2020-11-11,35.60027313232422,32.64582443237305,82.16410064697266,103.61949920654297,40.31957244873047,137.33250427246094,130.82521057128906,190.72998046875,99.39684295654297,38.2039680480957,47.25192642211914,102.31536865234375,54.39553451538086,42.71769714355469,34.33900451660156
2020-11-12,35.103878021240234,31.518293380737305,82.54718780517578,103.60086059570312,39.78395462036133,134.7062225341797,127.0379867553711,187.63351440429688,98.17581939697266,36.75170135498047,46.589351654052734,98.69384765625,52.905662536621094,41.48395538330078,33.6012077331543
2020-11-13,36.1576042175293,32.619606018066406,84.2014389038086,107.22827911376953,40.09708023071289,137.5444793701172,130.94354248046875,191.6309356689453,98.7906723022461,37.55758285522461,47.47837448120117,100.14572143554688,54.47747802734375,42.671321868896484,33.993656158447266
2020-11-16,37.646766662597656,33.64223098754883,85.3768081665039,110.65987396240234,41.5308837890625,139.47964477539062,133.16067504882812,194.51748657226562,101.57910919189453,38.6404914855957,48.73641586303711,103.00867462158203,56.30259323120117,43.496910095214844,34.7549934387207
2020-11-17,37.690589904785156,33.581050872802734,86.51738739013672,108.61772155761719,41.80281066894531,138.25404357910156,132.60833740234375,196.5030059814453,100.54859161376953,38.62370300292969,49.3234977722168,103.49805450439453,56.18339538574219,45.36146545410156,34.558773040771484
2020-11-18,37.56787872314453,33.69468688964844,87.12684631347656,106.52890014648438,42.06650161743164,137.5629425048828,130.80152893066406,196.1968994140625,99.8038558959961,38.37186813354492,49.3234977722168,105.46377563476562,56.444129943847656,44.2483024597168,33.954402923583984
2020-11-19,38.32168960571289,33.68594741821289,87.38805389404297,106.4356689453125,42.96467971801758,135.80282592773438,130.91986083984375,196.4330596923828,100.07230377197266,38.2039680480957,49.17253112792969,106.2794418334961,56.45903015136719,43.67317581176758,33.93871307373047
2020-11-20,38.435638427734375,33.747127532958984,87.22261810302734,104.98096466064453,42.5609130859375,137.19430541992188,132.13497924804688,195.36595153808594,99.2149887084961,38.50617599487305,48.484798431396484,105.13749694824219,56.35474395751953,43.237178802490234,33.48347854614258
2020-11-23,38.9615592956543,34.761024475097656,88.20646667480469,108.25403594970703,43.920555114746094,137.33250427246094,133.1685791015625,200.15931701660156,102.07271575927734,39.597476959228516,50.547996520996094,109.01184844970703,58.085819244384766,44.749229431152344,33.82097244262695
2020-11-24,40.43412399291992,35.818626403808594,91.3147201538086,112.2637939453125,47.018898010253906,142.60357666015625,136.64016723632812,207.7430419921875,106.79228210449219,40.85667037963867,53.3408317565918,114.28097534179688,60.36118698120117,46.187068939208984,35.63408279418945
2020-11-25,39.97832107543945,35.06694412231445,90.5050048828125,112.44095611572266,47.018898010253906,140.5578155517578,137.9104461669922,206.9033203125,105.67517852783203,40.0927619934082,53.24018859863281,114.72139739990234,59.51454162597656,46.149967193603516,35.068946838378906
2020-11-27,39.68907165527344,34.708580017089844,91.14388275146484,112.4502944946289,46.69751739501953,139.53497314453125,137.8947296142578,205.9061279296875,104.97373962402344,39.83252716064453,53.542110443115234,114.01995086669922,59.030723571777344,46.103580474853516,34.70005798339844
2020-11-30,38.505760192871094,33.598533630371094,89.57728576660156,110.58528137207031,45.37908935546875,136.22671508789062,138.09982299804688,201.69004821777344,102.08138275146484,38.758018493652344,51.85634994506836,112.61705017089844,57.163597106933594,45.250144958496094,33.915164947509766
2020-12-01,39.18068313598633,34.358970642089844,91.27517700195312,111.83482360839844,45.70869064331055,140.64996337890625,141.35845947265625,204.10861206054688,103.69209289550781,39.37922286987305,53.07244873046875,114.77851867675781,58.289920806884766,46.40042495727539,34.731449127197266
2020-12-02,39.715362548828125,34.72606658935547,90.74131774902344,114.0728530883789,47.13426208496094,141.1567840576172,143.50453186035156,209.0072784423828,105.68382263183594,40.05079650878906,53.69308853149414,115.31687927246094,59.47673416137695,47.179630279541016,35.068946838378906
2020-12-03,40.04844284057617,34.82221603393555,90.87258911132812,114.80953216552734,46.62335968017578,141.90318298339844,143.3704071044922,207.09002685546875,104.99104309082031,40.05079650878906,53.72662353515625,115.21082305908203,59.620365142822266,47.37444305419922,35.29657745361328
2020-12-04,40.57435989379883,35.56515121459961,91.33644104003906,116.59991455078125,48.30436325073242,143.2209930419922,145.20089721679688,210.70468139648438,105.94361877441406,40.68878936767578,54.5150032043457,116.25484466552734,61.44971466064453,47.30023193359375,35.61051940917969
2020-12-07,39.5926513671875,34.77850341796875,90.50502014160156,115.57416534423828,47.90060806274414,140.38275146484375,144.53025817871094,209.71087646484375,105.5452651977539,39.94166564941406,53.894378662109375,115.66754913330078,60.45945358276367,47.08686447143555,35.163150787353516
2020-12-08,39.65399932861328,34.54251480102539,92.29042053222656,115.18252563476562,48.09012985229492,140.43801879882812,144.68804931640625,210.05384826660156,105.64920043945312,39.89129638671875,53.600830078125,115.35763549804688,60.66356658935547,46.89207077026367,35.30442428588867
2020-12-09,39.548828125,34.909610748291016,92.0628662109375,113.4760513305664,48.57630157470703,141.01852416992188,144.56915283203125,213.55418395996094,104.8265151977539,39.99202346801758,53.98662567138672,116.86656951904297,60.6484260559082,46.89207077026367,35.98728561401367
2020-12-10,39.75042724609375,34.708580017089844,92.26416778564453,113.61592102050781,49.853538513183594,141.61752319335938,144.64840698242188,214.94375610351562,104.15104675292969,39.91647720336914,54.04533386230469,117.44568634033203,60.4443359375,46.47462844848633,36.199188232421875
2020-12-11,39.303401947021484,34.179893493652344,91.39772033691406,112.11459350585938,48.5598258972168,141.67283630371094,142.8966064453125,211.06527709960938,103.53620910644531,39.6142692565918,53.105987548828125,117.17652130126953,59.40114974975586,45.85312271118164,35.97942352294922
2020-12-14,38.7424201965332,33.62476348876953,91.7828140258789,109.43831634521484,48.403263092041016,139.01889038085938,140.74049377441406,209.13037109375,102.44506072998047,38.48099899291992,51.898277282714844,115.65127563476562,57.91195297241211,46.23344802856445,35.170989990234375
2020-12-15,39.329689025878906,33.9596061706543,92.70177459716797,111.06085205078125,49.16960144042969,142.27178955078125,143.78440856933594,213.211181640625,104.19435119628906,38.81678009033203,53.634376525878906,116.76055145263672,58.81907653808594,47.35588836669922,35.4692497253418
2020-12-16,39.16314697265625,33.76575469970703,93.1393814086914,110.96761322021484,49.23552322387695,142.05990600585938,144.0459747314453,214.38967895507812,104.49744415283203,38.883941650390625,53.869205474853516,118.47344207763672,58.96270751953125,47.94029998779297,35.59484100341797
2020-12-17,39.27710723876953,33.68645095825195,93.26190948486328,110.94896697998047,49.482730865478516,142.08767700195312,146.59840393066406,214.9700927734375,103.6314697265625,39.02665328979492,54.23823165893555,118.28583526611328,58.70569610595703,48.03305435180664,35.53989028930664
2020-12-18,38.47068405151367,33.025577545166016,93.99708557128906,109.57820129394531,48.66693878173828,141.1151885986328,145.83746337890625,212.94735717773438,103.12055206298828,38.32149124145508,53.8272705078125,118.19610595703125,57.83637237548828,48.21857833862305,35.210235595703125
2020-12-21,38.20773696899414,32.92865753173828,92.92056274414062,108.55244445800781,50.455078125,140.55015563964844,144.08563232421875,226.00755310058594,106.99146270751953,38.1619987487793,56.88850402832031,117.9432373046875,57.602027893066406,48.0052375793457,35.57913589477539
2020-12-22,37.716896057128906,32.4264030456543,92.93807983398438,106.8179931640625,48.831756591796875,139.08677673339844,143.47525024414062,219.94796752929688,105.36341094970703,37.9521369934082,55.89045715332031,117.233642578125,56.69490051269531,47.9031982421875,35.783206939697266
2020-12-23,38.155155181884766,32.99033737182617,92.76304626464844,109.05597686767578,50.08427429199219,139.9110870361328,142.9521026611328,225.54144287109375,108.30775451660156,38.724449157714844,57.207191467285156,119.65614318847656,58.04802703857422,48.56181335449219,36.677978515625
2020-12-24,38.4268684387207,32.92865753173828,93.81328582763672,109.42897033691406,49.91122055053711,139.69805908203125,143.46656799316406,225.28634643554688,107.83145141601562,38.87554931640625,57.106563568115234,119.20751190185547,58.010223388671875,48.29280090332031,36.48961639404297
2020-12-28,38.497005462646484,32.664310455322266,94.058349609375,110.37081909179688,50.372684478759766,140.6705780029297,145.0018310546875,228.30299377441406,108.54154968261719,38.825172424316406,57.07301712036133,119.52559661865234,58.13874053955078,49.109127044677734,36.62303924560547
2020-12-29,38.347984313964844,32.74361801147461,94.10208129882812,110.16566467285156,50.19139862060547,139.76292419433594,143.77200317382812,226.91342163085938,108.25579071044922,38.62370300292969,56.78785705566406,118.16345977783203,57.70785903930664,48.73807144165039,36.207054138183594
2020-12-30,38.57587814331055,33.06082534790039,94.65348815917969,111.36859130859375,50.150184631347656,140.7168426513672,143.0806884765625,228.17987060546875,108.55888366699219,38.95109939575195,56.896888732910156,119.81109619140625,58.54694366455078,48.61747741699219,36.55557632446289
2020-12-31,38.979087829589844,33.36042404174805,96.21134185791016,112.74870300292969,50.80941390991211,142.56002807617188,146.33619689941406,231.92640686035156,110.0396957397461,39.412803649902344,57.4755744934082,121.53211975097656,59.015625,49.201881408691406,36.90409851074219
2021-01-04,37.85713195800781,32.71718215942383,94.59220886230469,110.07240295410156,49.556888580322266,138.67921447753906,144.12567138671875,233.06094360351562,109.00050354003906,38.68246841430664,57.30785369873047,121.65446472167969,57.75321960449219,48.942142486572266,36.53181076049805
2021-01-05,37.918487548828125,33.263492584228516,93.8482894897461,110.65987396240234,50.84238052368164,138.7904052734375,143.9810028076172,238.27621459960938,109.59364318847656,39.16096496582031,58.280738830566406,121.0101089477539,58.312599182128906,48.9514274597168,36.6506233215332
2021-01-06,39.38228225708008,35.43112564086914,96.26385498046875,114.75358581542969,53.76766586303711,145.3941650390625,155.44349670410156,251.13412475585938,114.73969268798828,41.49467468261719,61.79484939575195,127.65768432617188,61.767208099365234,53.25566101074219,38.82098388671875
2021-01-07,39.16314697265625,36.03031539916992,96.3338851928711,113.84586334228516,54.40216827392578,144.35682678222656,159.8082733154297,256.4989318847656,118.50763702392578,41.62059020996094,62.85161590576172,129.6886444091797,61.49509048461914,54.78627014160156,39.597251892089844
2021-01-08,38.996620178222656,35.792396545410156,96.22884368896484,113.95816040039062,53.866546630859375,143.9307861328125,160.50758361816406,255.11817932128906,118.63850402832031,41.477882385253906,63.11161804199219,129.0279541015625,61.00372314453125,54.71205520629883,39.06654357910156
2021-01-11,39.01414489746094,35.49281311035156,95.5286865234375,113.2844009399414,54.74824905395508,142.75453186035156,159.9127960205078,258.4162292480469,120.40907287597656,41.469486236572266,63.79092788696289,129.9985809326172,61.064205169677734,55.89014434814453,39.08237838745117
2021-01-12,40.47793960571289,36.12723159790039,96.0800552368164,113.8084487915039,54.93777084350586,145.05152893066406,161.96255493164062,265.7862243652344,122.30176544189453,42.141056060791016,63.57288360595703,131.9153594970703,62.205657958984375,56.77140426635742,39.327938079833984
2021-01-13,40.39905548095703,35.880516052246094,95.2923812866211,114.53832244873047,55.09433364868164,145.52383422851562,159.116943359375,266.4281921386719,122.41516876220703,42.250186920166016,63.371578216552734,129.77023315429688,62.1678581237793,55.20370101928711,39.21702575683594
2021-01-14,41.08272933959961,36.391578674316406,95.4499282836914,115.82970428466797,56.86600112915039,144.31979370117188,156.05445861816406,270.7640686035156,123.1303482055664,43.29112243652344,64.13481140136719,131.72776794433594,63.430259704589844,55.03672790527344,39.03485870361328
2021-01-15,40.74089813232422,36.43563461303711,94.87228393554688,114.30438232421875,52.92715835571289,143.7362823486328,154.18951416015625,264.7309265136719,120.92366790771484,42.93014907836914,63.10320281982422,127.15200805664062,63.203487396240234,54.49869918823242,38.337799072265625
2021-01-19,41.24050521850586,37.22867965698242,96.50891876220703,118.60895538330078,52.482177734375,143.8937530517578,154.4949951171875,258.7416076660156,120.40033721923828,43.75282669067383,62.893531799316406,128.1542510986328,64.14840698242188,54.943965911865234,38.076412200927734
2021-01-20,41.24928283691406,37.07889175415039,97.14781188964844,120.65828704833984,52.1196174621582,144.31979370117188,152.58995056152344,255.46115112304688,118.59488677978516,43.3582763671875,62.767730712890625,128.36778259277344,63.5058708190918,54.36882400512695,36.10407638549805
2021-01-21,40.60065460205078,36.17129135131836,96.90275573730469,119.24524688720703,50.98245620727539,145.57015991210938,149.6720428466797,254.49371337890625,117.6005630493164,42.87138366699219,62.650299072265625,126.2566146850586,62.63652801513672,54.45231246948242,36.17536163330078
2021-01-22,40.697086334228516,35.316585540771484,96.64896392822266,118.03813171386719,50.5374870300293,141.27259826660156,147.93580627441406,254.5113983154297,116.69343566894531,42.695106506347656,62.17224884033203,125.33648681640625,62.45511245727539,54.17402648925781,36.32585906982422
2021-01-25,40.819786071777344,34.87600326538086,97.10404968261719,113.3686294555664,49.902984619140625,141.42080688476562,148.20106506347656,248.92669677734375,115.23685455322266,42.485233306884766,60.70454788208008,123.6113510131836,61.95619583129883,52.94953536987305,36.246639251708984
2021-01-26,40.697086334228516,34.461856842041016,95.8525161743164,108.68978881835938,50.19139862060547,139.11459350585938,147.70269775390625,247.80096435546875,114.765869140625,42.06550598144531,59.7232780456543,121.63151550292969,61.39680480957031,52.14249801635742,35.79515838623047
2021-01-27,39.57511901855469,33.131317138671875,96.71894836425781,106.76206970214844,48.94710922241211,134.39097595214844,143.71571350097656,240.38693237304688,111.521240234375,40.6384162902832,57.38332748413086,118.65769958496094,59.900062561035156,49.433799743652344,33.909950256347656
2021-01-28,40.42534255981445,33.906734466552734,95.65996551513672,111.3286361694336,49.72169876098633,136.27113342285156,146.6737823486328,241.8733367919922,113.48368835449219,41.61219024658203,58.43708419799805,121.4096908569336,61.374141693115234,49.85123825073242,34.670372009277344
2021-01-29,39.60141372680664,32.99033737182617,93.80452728271484,108.7927017211914,48.192562103271484,134.91888427734375,146.0869903564453,238.48731994628906,112.22773742675781,40.4201545715332,56.52347183227539,117.90190887451172,59.17435836791992,47.81043243408203,33.941627502441406
2021-02-01,39.97832107543945,32.97271728515625,95.14359283447266,109.51324462890625,48.558231353759766,137.11399841308594,150.66883850097656,241.61825561523438,113.05630493164062,40.68878936767578,57.04612731933594,119.82421875,59.65060806274414,49.50801086425781,33.8624153137207
2021-02-02,40.591896057128906,33.98603439331055,96.96402740478516,112.94754028320312,49.513938903808594,139.52206420898438,154.34228515625,252.38307189941406,116.53644561767578,41.0749397277832,59.81117630004883,123.55382537841797,60.59552001953125,50.593353271484375,35.05057907104492
2021-02-03,40.2237434387207,34.320865631103516,95.39739227294922,112.70423889160156,50.77712631225586,143.85671997070312,154.3262176513672,253.77255249023438,117.87094116210938,41.44429397583008,59.516136169433594,125.03253173828125,61.200260162353516,49.59149169921875,35.430782318115234
2021-02-04,40.10103225708008,36.42683792114258,93.7607650756836,116.87774658203125,51.865806579589844,150.7198028564453,155.5640869140625,258.3458251953125,120.5835189819336,43.977901458740234,60.94081115722656,128.7128448486328,62.5760612487793,51.2055778503418,36.68231201171875
2021-02-05,39.83807373046875,36.72642517089844,93.57698059082031,118.16912078857422,52.0070915222168,150.5531005859375,153.84390258789062,258.12603759765625,120.34800720214844,44.554115295410156,61.72481155395508,128.9264678955078,60.59552001953125,51.70650863647461,36.713993072509766
2021-02-08,40.56559753417969,37.2639274597168,93.9795913696289,119.76930236816406,52.89631271362305,153.9152069091797,154.125244140625,263.9744567871094,122.23201751708984,45.909881591796875,62.57624435424805,130.4462432861328,61.1624870300293,51.80854034423828,37.545692443847656
2021-02-09,40.539302825927734,37.131744384765625,94.41716766357422,118.5434341430664,52.45585250854492,152.38693237304688,154.31011962890625,264.24713134765625,121.7435531616211,46.11324691772461,62.58466339111328,129.91229248046875,61.55556869506836,52.198158264160156,37.71204376220703
2021-02-10,40.92497253417969,37.38727951049805,92.42169952392578,119.99386596679688,52.871376037597656,152.15538024902344,148.86822509765625,267.606689453125,121.81333923339844,46.57080841064453,62.66054153442383,131.53062438964844,62.069580078125,51.669395446777344,37.506099700927734
2021-02-11,41.10028076171875,36.65592956542969,91.44148254394531,120.0687484741211,52.522342681884766,153.6095428466797,146.86676025390625,265.8829650878906,121.47318267822266,46.86740493774414,62.14631652832031,130.8734130859375,61.47996520996094,52.05096435546875,37.426883697509766
2021-02-12,41.12657165527344,36.47970962524414,91.39772033691406,121.29460906982422,52.87968826293945,152.04425048828125,148.20106506347656,269.40081787109375,123.20016479492188,47.172447204589844,62.89658737182617,133.30506896972656,62.001373291015625,54.15421676635742,37.73580551147461
2021-02-16,40.91471481323242,37.14056396484375,90.3299560546875,122.28653717041016,53.28689956665039,152.41476440429688,152.25230407714844,274.361083984375,126.16569519042969,47.460540771484375,64.1104965209961,139.58132934570312,63.45823287963867,56.722808837890625,38.53583526611328
2021-02-17,41.5238037109375,38.12745666503906,91.7740707397461,120.30268096923828,53.818782806396484,154.10040283203125,153.64295959472656,275.0470886230469,126.55815887451172,46.952125549316406,63.60472106933594,137.64254760742188,63.96430206298828,57.04853820800781,39.05070114135742
2021-02-18,41.744483947753906,37.105316162109375,91.96659851074219,120.23716735839844,52.75502014160156,152.61851501464844,155.93385314941406,272.5494079589844,126.98555755615234,46.596248626708984,63.08204650878906,137.1168212890625,62.80647659301758,57.63484191894531,38.860595703125
2021-02-19,42.44184494018555,37.51945495605469,90.54000854492188,123.25037384033203,54.666439056396484,152.54440307617188,156.8019561767578,277.58001708984375,129.10504150390625,47.511375427246094,64.06834411621094,139.9920654296875,64.48570251464844,57.61621856689453,39.62101745605469
2021-02-22,43.4393310546875,38.85881423950195,92.16790008544922,127.218017578125,54.450355529785156,156.11952209472656,157.12350463867188,278.6792907714844,130.3174591064453,48.67226791381836,65.24857330322266,140.08242797851562,66.02694702148438,58.58409118652344,40.34973907470703
2021-02-23,43.48347091674805,39.096717834472656,94.53095245361328,128.14443969726562,55.46425247192383,156.2955322265625,159.7600555419922,280.7373046875,131.36407470703125,48.663795471191406,65.33285522460938,142.3004913330078,65.45951843261719,58.323524475097656,40.880455017089844
2021-02-24,44.004276275634766,40.03074645996094,94.8372802734375,130.9049835205078,57.010005950927734,158.06454467773438,161.3275146484375,290.78973388671875,133.67543029785156,50.46866989135742,67.33920288085938,146.6215362548828,68.94068908691406,59.970760345458984,41.83098602294922
2021-02-25,42.945003509521484,38.72663879394531,95.24861907958984,128.27545166015625,56.02106857299805,152.7666778564453,164.62318420410156,288.25677490234375,131.86122131347656,49.367103576660156,66.1168441772461,142.33335876464844,67.40713500976562,58.72368240356445,40.896297454833984
2021-02-26,42.274112701416016,38.72663879394531,93.29691314697266,126.57237243652344,54.74954605102539,150.5808563232422,160.52369689941406,280.9747619628906,128.36367797851562,48.80784606933594,64.80177307128906,138.30799865722656,66.49465942382812,57.43940734863281,39.60517501831055
2021-03-01,43.006805419921875,39.92500305175781,96.02754974365234,129.80076599121094,57.79119873046875,155.0081024169922,168.56190490722656,291.2962951660156,131.26812744140625,50.366981506347656,66.73226165771484,142.17726135253906,67.95154571533203,59.654327392578125,40.524017333984375
2021-03-02,42.93617248535156,40.49774932861328,96.70146179199219,130.3060760498047,57.26764678955078,155.23965454101562,166.1022186279297,292.19683837890625,130.84075927734375,49.960262298583984,68.1063461303711,142.1936798095703,68.25824737548828,59.37514114379883,40.12004089355469
2021-03-03,43.20098876953125,41.42295455932617,98.09451293945312,133.43153381347656,58.4892692565918,155.1377716064453,165.427001953125,295.27825927734375,133.37017822265625,50.366981506347656,69.17694854736328,142.4073028564453,68.52661895751953,60.45469284057617,40.524017333984375
2021-03-04,42.72431945800781,40.77091598510742,96.41053009033203,133.5157928466797,58.015567779541016,153.7484588623047,166.40769958496094,290.73992919921875,131.32046508789062,49.680625915527344,68.37611389160156,141.77474975585938,67.9132080078125,60.27785873413086,40.413116455078125
2021-03-05,44.092559814453125,41.387718200683594,98.41189575195312,137.86712646484375,58.36461639404297,158.99998474121094,171.95407104492188,289.04473876953125,131.625732421875,50.595767974853516,68.17381286621094,144.96217346191406,69.5157470703125,60.51053237915039,41.56167221069336
2021-03-08,44.82522201538086,41.62562561035156,99.87545776367188,140.61827087402344,60.018402099609375,160.44483947753906,172.05050659179688,295.0662841796875,133.37017822265625,51.155025482177734,68.36768341064453,146.90090942382812,71.09530639648438,59.98937225341797,42.81318664550781
2021-03-09,44.313232421875,41.079315185546875,98.38543701171875,135.7803497314453,58.9962043762207,157.12908935546875,169.2898406982422,291.8877868652344,132.42816162109375,50.5449333190918,68.15693664550781,142.63729858398438,70.07550811767578,59.32860565185547,41.90227508544922
2021-03-10,44.85171127319336,42.16313552856445,100.25459289550781,137.32437133789062,61.2899055480957,160.6763916015625,166.80357360839844,301.9796447753906,135.30645751953125,51.248233795166016,70.04524230957031,146.0465545654297,71.15665435791016,60.51983642578125,42.59932327270508
2021-03-11,45.028255462646484,42.304115295410156,100.29866027832031,138.26016235351562,60.924251556396484,158.94444274902344,165.97216796875,302.0503234863281,134.60000610351562,50.84998321533203,70.18013763427734,145.3482666015625,70.85761260986328,61.80412292480469,42.25872039794922
2021-03-12,45.76091003417969,42.68300247192383,102.04436492919922,138.9993896484375,62.478309631347656,162.13055419921875,168.8297119140625,307.9747619628906,136.19615173339844,51.7651252746582,71.09900665283203,149.02859497070312,71.97711944580078,62.95812225341797,43.28053283691406
2021-03-15,46.02573776245117,42.87815475463867,103.39332580566406,137.54896545410156,61.68050765991211,161.3432159423828,168.78131103515625,305.537841796875,135.51580810546875,51.2990837097168,70.69438934326172,146.66268920898438,71.92343139648438,61.73897171020508,42.757747650146484
2021-03-16,45.107696533203125,41.982269287109375,102.13253021240234,134.09593200683594,60.940887451171875,159.6946258544922,167.19105529785156,301.70587158203125,133.89349365234375,50.2568244934082,69.58160400390625,145.0607452392578,70.07550811767578,60.9293212890625,42.6468505859375
2021-03-17,45.61084747314453,42.28384780883789,102.13253021240234,135.3873291015625,61.16523361206055,160.6486358642578,166.75518798828125,304.56671142578125,135.27157592773438,50.96860885620117,70.69438934326172,146.58053588867188,71.44804382324219,61.14336395263672,43.16171646118164
2021-03-18,45.69913101196289,42.416908264160156,102.3088607788086,133.42222595214844,61.36470413208008,156.42474365234375,166.109375,307.2596130371094,137.5044708251953,52.332855224609375,70.76183319091797,147.7552032470703,71.39436340332031,61.48771286010742,44.5716552734375
2021-03-19,45.16065979003906,41.53876495361328,99.84020233154297,131.6723175048828,60.67494201660156,148.1443328857422,163.59085083007812,303.9044189453125,135.31520080566406,51.93460464477539,69.91881561279297,144.41177368164062,70.52790832519531,61.469078063964844,43.73202896118164
2021-03-22,44.622196197509766,41.006553649902344,98.9585189819336,130.96112060546875,59.802330017089844,146.11610412597656,160.9189910888672,299.6045837402344,131.67808532714844,50.934730529785156,69.05894470214844,140.65748596191406,69.66912078857422,60.27785873413086,42.96369934082031
2021-03-23,43.69532012939453,39.89778518676758,98.6235122680664,127.33970642089844,58.92973709106445,146.4231414794922,161.3871307373047,292.9296875,130.3610382080078,49.7060432434082,66.69853973388672,139.16236877441406,67.80584716796875,58.96565628051758,42.44090270996094
2021-03-24,44.04841995239258,39.906673431396484,99.49635314941406,129.5293426513672,58.23997116088867,145.71604919433594,165.30218505859375,290.17486572265625,131.37281799316406,49.6043586730957,66.87556457519531,139.8606414794922,68.08956146240234,59.67293930053711,42.35377502441406
2021-03-25,45.14301300048828,41.24604797363281,101.13624572753906,133.14144897460938,59.6028938293457,147.84658813476562,165.68154907226562,291.85247802734375,133.05618286132812,50.87540817260742,67.54996490478516,145.40576171875,69.72279357910156,60.612892150878906,43.47856140136719
2021-03-26,45.51375961303711,41.52988815307617,102.30006408691406,134.49830627441406,60.6832389831543,148.65603637695312,168.25660705566406,289.06243896484375,135.27157592773438,51.53633499145508,67.42351531982422,147.6073760986328,70.52790832519531,61.152671813964844,44.524139404296875
2021-03-29,45.319557189941406,41.31700897216797,102.97895050048828,133.2256622314453,59.48652267456055,149.17709350585938,168.6844024658203,287.5966796875,133.16954040527344,50.977081298828125,65.6531982421875,143.34381103515625,69.50041198730469,59.66364288330078,44.04095458984375
2021-03-30,45.7520866394043,41.99114227294922,103.25227355957031,134.2737579345703,60.63337326049805,150.26559448242188,165.43133544921875,293.14154052734375,134.73951721191406,52.06170654296875,66.67323303222656,145.9150848388672,70.60456848144531,60.26856231689453,44.59166717529297
2021-03-31,45.178321838378906,40.98881530761719,101.30378723144531,132.75320434570312,60.458858489990234,146.97203063964844,164.8582000732422,288.7179870605469,132.7770538330078,51.51091384887695,65.46776580810547,144.09959411621094,69.85313415527344,60.65943145751953,44.144710540771484
2021-04-01,45.39017868041992,41.13961410522461,102.30006408691406,135.6909942626953,60.7829704284668,147.92103576660156,166.35960388183594,289.2831115722656,134.06796264648438,52.19727325439453,65.93983459472656,145.74261474609375,71.0876235961914,61.83205795288086,44.55974197387695
2021-04-05,45.416664123535156,41.46780014038086,103.5873031616211,137.08949279785156,60.458858489990234,148.7770233154297,167.44937133789062,285.6630859375,134.77862548828125,52.18034362792969,65.7543716430664,146.85157775878906,71.1183090209961,63.4234619140625,44.99073028564453
2021-04-06,45.55788803100586,41.38798141479492,103.8870620727539,137.1739501953125,60.33420944213867,149.8283233642578,165.55242919921875,288.77105712890625,133.8310089111328,51.909175872802734,66.67323303222656,145.734375,71.34068298339844,62.63238525390625,44.87899398803711
2021-04-07,45.65498733520508,41.760520935058594,102.60862731933594,138.09378051757812,60.409000396728516,149.74456787109375,164.94699096679688,288.3207092285156,135.92796325683594,52.349796295166016,66.63108825683594,146.43263244628906,72.03843688964844,62.399749755859375,45.3419075012207
2021-04-08,45.45196533203125,40.85576629638672,103.1993637084961,138.00929260253906,60.10981750488281,148.7770233154297,163.65545654296875,292.3733215332031,136.0946044921875,51.95155334472656,67.60897064208984,146.31761169433594,71.28699493408203,62.20429992675781,45.31795883178711
2021-04-09,45.584373474121094,41.334747314453125,103.24345397949219,138.70384216308594,60.18461608886719,149.50267028808594,165.1810760498047,292.08203125,137.1123504638672,52.46843338012695,68.0473403930664,148.04281616210938,72.34514617919922,62.88367462158203,45.72500991821289
2021-04-12,46.290565490722656,41.831478118896484,105.23600769042969,138.5067596435547,60.409000396728516,149.73529052734375,165.2376251220703,292.9914245605469,136.82284545898438,53.09547805786133,67.59212493896484,148.53567504882812,73.27294158935547,63.01395797729492,46.03628158569336
2021-04-13,46.15815734863281,41.414588928222656,105.08612060546875,137.02381896972656,59.88542175292969,149.71664428710938,166.1739501953125,289.3184509277344,135.1909637451172,52.5786018371582,67.044189453125,145.9150848388672,73.0582504272461,61.98093795776367,45.198246002197266
2021-04-14,46.670135498046875,42.12419509887695,106.17057037353516,138.36598205566406,60.591827392578125,152.6845703125,166.9085235595703,296.09051513671875,132.66419982910156,53.154788970947266,68.1063461303711,147.32803344726562,74.6378173828125,62.76268768310547,45.95647048950195
2021-04-15,46.634830474853516,41.38798141479492,107.20215606689453,139.40777587890625,60.28433609008789,150.81448364257812,164.71292114257812,298.9158935546875,133.50643920898438,52.79043197631836,68.13164520263672,144.5169219970703,74.60713958740234,60.95723342895508,44.958797454833984
2021-04-16,47.18212127685547,41.778255462646484,107.73995208740234,140.7781219482422,60.20955276489258,151.43785095214844,167.56236267089844,302.2357177734375,134.49783325195312,53.442901611328125,66.25172424316406,147.88204956054688,75.81864166259766,60.24995040893555,46.17993927001953
2021-04-19,47.27922439575195,41.45006561279297,108.30422973632812,139.4171905517578,59.943603515625,150.45167541503906,165.95602416992188,302.9244079589844,133.9275665283203,53.46831512451172,67.46565246582031,146.93948364257812,75.55794525146484,61.310890197753906,46.068206787109375
2021-04-20,46.42296600341797,40.385650634765625,108.3306655883789,136.1884765625,57.99894714355469,150.45167541503906,166.3838348388672,293.0267333984375,130.96212768554688,51.82443618774414,65.15582275390625,141.98695373535156,73.62564849853516,59.27276611328125,44.87100601196289
2021-04-21,47.22625732421875,41.47666549682617,109.23876953125,138.14068603515625,58.71365737915039,153.57772827148438,167.06993103027344,296.0198974609375,132.07635498046875,53.087013244628906,66.8081283569336,144.7980499267578,75.09020233154297,60.86417007446289,45.48556900024414
2021-04-22,46.73193359375,41.210567474365234,109.02719116210938,138.12196350097656,58.015567779541016,155.2989044189453,166.39190673828125,292.1172790527344,129.29513549804688,52.45148849487305,65.99883270263672,143.73146057128906,74.177734375,60.305789947509766,44.8231201171875
2021-04-23,47.11149597167969,41.99114227294922,110.25272369384766,135.4657440185547,59.320335388183594,157.47601318359375,167.3444366455078,299.6222839355469,131.769287109375,53.20563888549805,68.2412338256836,147.2040252685547,75.52726745605469,62.48350524902344,45.6771240234375
2021-04-26,47.11149597167969,42.159664154052734,110.47314453125,141.10662841796875,60.00178146362305,154.47088623046875,165.22955322265625,303.30401611328125,132.09388732910156,53.20563888549805,68.72174835205078,149.02304077148438,75.55025482177734,63.06979751586914,46.12407684326172
2021-04-27,47.25275421142578,42.96684646606445,110.94923400878906,141.12539672851562,60.65831756591797,155.00120544433594,165.30218505859375,306.0499267578125,132.6992950439453,53.688629150390625,69.09266662597656,151.78456115722656,76.14069366455078,64.81010437011719,46.54708480834961
2021-04-28,47.24391555786133,42.76283264160156,110.51720428466797,143.1715087890625,60.591827392578125,152.6380615234375,162.2670440673828,307.3566589355469,133.5590362548828,54.00214767456055,69.74178314208984,153.17356872558594,76.53173065185547,65.01483917236328,47.06586456298828
2021-04-29,47.86183166503906,43.41035842895508,112.73899841308594,145.13319396972656,61.36470413208008,157.69932556152344,164.45457458496094,311.6476745605469,136.15603637695312,54.595306396484375,70.8084716796875,156.4063720703125,77.59756469726562,66.7365493774414,47.911903381347656
2021-04-30,47.42929458618164,42.97572326660156,111.79562377929688,143.93177795410156,59.6157341003418,159.643798828125,163.05006408691406,307.6568603515625,134.9452667236328,53.91741180419922,69.8857192993164,154.57089233398438,76.9534683227539,65.51739501953125,47.369171142578125
2021-05-03,48.126644134521484,43.5079345703125,112.96826934814453,145.2926788330078,60.00904083251953,160.03456115722656,164.43035888671875,309.1667175292969,134.55052185058594,54.417362213134766,69.80951690673828,155.5382537841797,77.78158569335938,66.01994323730469,47.32126998901367
2021-05-04,48.453269958496094,42.93138122558594,112.71257019042969,145.03929138183594,60.52786636352539,160.68582153320312,164.963134765625,308.8841247558594,136.41046142578125,54.493621826171875,69.96189880371094,159.83761596679688,77.95793151855469,65.22889709472656,48.3668327331543
2021-05-05,48.885799407958984,43.34827423095703,112.36872863769531,146.78504943847656,61.68268966674805,159.4111785888672,163.9137420654297,315.7533264160156,138.20028686523438,55.42571258544922,71.54501342773438,160.90420532226562,79.8902359008789,66.05716705322266,48.19921875
2021-05-06,49.59198760986328,44.501380920410156,116.92695617675781,147.24496459960938,62.57809829711914,161.178955078125,164.9551239013672,323.1258544921875,140.98147583007812,56.73065185546875,73.50910186767578,163.8558807373047,80.97903442382812,66.55973052978516,49.037261962890625
2021-05-07,49.53019714355469,45.40613555908203,116.60953521728516,149.21597290039062,62.82914733886719,164.10963439941406,163.8007354736328,327.4698486328125,141.46401977539062,56.908592224121094,74.24559020996094,164.45945739746094,81.2397232055664,66.7737808227539,48.981388092041016
2021-05-10,49.90094757080078,46.05365753173828,118.57567596435547,148.93441772460938,62.87098693847656,161.7278594970703,167.94174194335938,325.5185852050781,141.44650268554688,56.729373931884766,73.20433044433594,164.17007446289062,81.83014678955078,66.16885375976562,48.82176208496094
2021-05-11,48.74456024169922,44.68765640258789,118.2582778930664,144.9454345703125,62.65342712402344,156.08045959472656,171.20291137695312,317.7840881347656,139.09512329101562,55.24435806274414,71.8921127319336,160.43287658691406,80.44229125976562,65.73146057128906,48.00767517089844
2021-05-12,48.064849853515625,44.42155456542969,117.04158782958984,142.94625854492188,62.11784744262695,153.43820190429688,172.8012237548828,312.910400390625,138.1388702392578,54.12631607055664,70.84235382080078,157.4315948486328,79.131103515625,64.326171875,47.536773681640625
2021-05-13,48.991729736328125,45.104549407958984,121.24713134765625,144.616943359375,63.0048828125,157.03871154785156,173.7617950439453,316.8040771484375,141.692138671875,55.09073257446289,71.84130096435547,162.06170654296875,81.12469482421875,65.71644592285156,48.765892028808594
2021-05-14,49.839149475097656,46.03591537475586,122.78119659423828,147.49842834472656,64.06765747070312,158.33197021484375,175.15830993652344,325.5980224609375,143.89427185058594,56.24290466308594,73.9493179321289,164.84799194335938,82.56627655029297,68.34772491455078,49.41238784790039
2021-05-17,49.803836822509766,45.74319839477539,122.56967163085938,147.22621154785156,64.78733825683594,156.75962829589844,174.70623779296875,326.0218505859375,144.4733428955078,56.07220458984375,74.57577514648438,164.55865478515625,82.78096008300781,68.11446380615234,49.65182876586914
2021-05-18,49.644012451171875,45.33517837524414,120.90330505371094,145.47105407714844,64.11786651611328,154.2755584716797,172.93040466308594,321.8808898925781,142.43789672851562,55.80763626098633,73.62760162353516,160.3253936767578,81.73047637939453,66.15499877929688,48.56635665893555
2021-05-19,49.510826110839844,44.944889068603516,119.63365936279297,145.22698974609375,63.98398971557617,154.53604125976562,171.01730346679688,316.42437744140625,141.3499755859375,55.32969665527344,72.8487548828125,159.48208618164062,81.62310791015625,66.44425201416016,47.94382095336914
2021-05-20,49.41316604614258,44.820701599121094,119.98629760742188,145.9778594970703,63.76640701293945,154.5918426513672,174.36721801757812,317.6605529785156,141.10430908203125,55.013912200927734,73.20433044433594,157.96075439453125,81.04803466796875,66.00569152832031,47.5926399230957
2021-05-21,49.715049743652344,45.5125846862793,121.16773986816406,147.23556518554688,64.97981262207031,155.10357666015625,175.7960205078125,323.3818359375,142.70986938476562,55.2272834777832,74.78741455078125,159.9698944091797,81.96817779541016,67.34000396728516,48.183250427246094
2021-05-24,50.052459716796875,46.0181770324707,121.00027465820312,148.89686584472656,65.29779052734375,155.0570526123047,175.41665649414062,325.17425537109375,143.4818878173828,55.79057312011719,75.9303207397461,160.39157104492188,82.4177474975586,67.75056457519531,48.22316360473633
2021-05-25,49.510826110839844,45.06019592285156,119.1575698852539,148.3055877685547,64.67018127441406,154.13597106933594,173.45509338378906,321.8367614746094,141.99920654296875,54.638389587402344,75.22765350341797,158.49819946289062,80.89852905273438,66.83614349365234,47.608604431152344
2021-05-26,49.94590759277344,45.565792083740234,119.52788543701172,148.84059143066406,64.87101745605469,154.58251953125,174.46412658691406,324.3883972167969,141.98165893554688,54.851749420166016,75.64249420166016,158.66355895996094,81.41007995605469,66.74283599853516,47.672454833984375
2021-05-27,50.452022552490234,46.75439453125,120.17151641845703,149.92930603027344,65.90869903564453,157.55979919433594,176.04629516601562,327.8936462402344,144.1925811767578,56.03806686401367,76.44674682617188,160.49905395507812,82.65028381347656,68.90755462646484,48.47856903076172
2021-05-28,50.32771682739258,46.86970520019531,120.44482421875,150.29537963867188,65.8668441772461,158.15521240234375,176.58705139160156,329.5768737792969,144.09603881835938,55.78202819824219,76.99702453613281,160.96205139160156,82.91381072998047,68.90755462646484,48.51049041748047
2021-06-01,50.79832077026367,47.49948501586914,121.68794250488281,153.702392578125,66.74552154541016,159.55076599121094,172.05857849121094,338.80810546875,145.68408203125,56.76350784301758,77.97907257080078,161.9046173095703,84.10748291015625,69.64469146728516,48.678104400634766
2021-06-02,50.74504852294922,47.047115325927734,121.79376983642578,154.04031372070312,66.82919311523438,159.457763671875,174.60940551757812,339.6940002441406,145.6928253173828,56.40504455566406,78.52935028076172,161.57388305664062,83.73542022705078,69.915283203125,48.42269515991211
2021-06-03,50.83384704589844,47.4906120300293,120.84481048583984,154.41571044921875,66.63671875,161.32777404785156,175.93324279785156,344.37158203125,145.78936767578125,56.644012451171875,79.02882385253906,161.95423889160156,83.89044189453125,70.92301940917969,48.39875411987305
2021-06-04,51.038063049316406,47.3841667175293,120.81818389892578,154.86627197265625,66.51956939697266,160.96498107910156,176.2722625732422,346.7901916503906,146.02622985839844,56.80617141723633,79.54524993896484,160.39981079101562,84.05323791503906,70.65239715576172,48.50251770019531
2021-06-07,50.95814514160156,47.0737190246582,119.27505493164062,155.729736328125,66.36894226074219,157.6527862548828,176.0543212890625,343.87548828125,145.3419189453125,56.507476806640625,78.9103012084961,159.6639862060547,83.76644134521484,69.72866821289062,48.318931579589844
2021-06-08,50.869361877441406,47.215641021728516,119.35486602783203,156.2835235595703,66.17647552490234,157.9970703125,175.68299865722656,340.810302734375,144.7628631591797,56.36238479614258,78.55474090576172,160.48252868652344,83.7586898803711,70.09259033203125,48.119407653808594
2021-06-09,50.24781036376953,46.266544342041016,117.98026275634766,154.01214599609375,65.38984680175781,155.65248107910156,174.68600463867188,339.1092529296875,142.9554901123047,55.201683044433594,78.45315551757812,157.7457733154297,82.23169708251953,67.97449493408203,47.28934860229492
2021-06-10,49.90152359008789,45.74319839477539,116.54350280761719,152.26641845703125,64.34381103515625,153.94061279296875,172.5460662841797,331.2778625488281,140.72702026367188,54.52745056152344,77.61502075195312,156.05909729003906,81.32483673095703,67.75990295410156,46.77854919433594
2021-06-11,49.94590759277344,46.142356872558594,116.8272705078125,154.4063262939453,64.00071716308594,155.4570770263672,173.8348846435547,334.9189453125,140.6305389404297,54.71520233154297,77.92826843261719,156.43121337890625,81.79764556884766,68.97290802001953,47.2015495300293
2021-06-14,49.217811584472656,45.60685729980469,116.16214752197266,153.7493438720703,62.89611053466797,154.8709716796875,175.65054321289062,330.3741760253906,138.24412536621094,54.03244400024414,76.80230712890625,154.70315551757812,80.93727111816406,67.1906967163086,46.41938018798828
2021-06-15,49.19117736816406,45.99062728881836,117.16431427001953,156.05828857421875,61.77473449707031,156.3967742919922,175.8775177001953,328.93902587890625,136.14727783203125,54.42502212524414,76.7853775024414,156.4890594482422,81.30158233642578,67.68524932861328,46.698726654052734
2021-06-16,48.9247932434082,46.124507904052734,115.68323516845703,154.56591796875,59.79983901977539,155.8385772705078,177.39329528808594,328.6732482910156,137.10357666015625,54.37382507324219,77.1240234375,157.18356323242188,81.51084899902344,68.81425476074219,46.64286422729492
2021-06-17,47.46858596801758,43.52732467651367,112.23330688476562,152.17251586914062,57.62407302856445,149.82752990722656,175.8937530517578,320.25714111328125,133.14671325683594,51.42084884643555,74.42340850830078,150.8502655029297,78.00735473632812,67.31200408935547,44.47194290161133
2021-06-18,46.243247985839844,41.813724517822266,110.00727844238281,148.45571899414062,56.57804870605469,145.84510803222656,170.79525756835938,309.0325622558594,129.77769470214844,49.75661087036133,71.1894302368164,147.44381713867188,75.66651153564453,65.1566162109375,43.68976593017578
2021-06-21,47.12229919433594,42.616966247558594,113.66116333007812,154.7724151611328,57.28097915649414,148.66830444335938,175.09129333496094,316.7488708496094,131.97982788085938,50.934383392333984,72.7556381225586,152.2558135986328,78.10810852050781,67.8718490600586,44.67945098876953
2021-06-22,46.90919876098633,42.43846893310547,113.96270751953125,154.39700317382812,57.7077522277832,148.939453125,174.96971130371094,316.7400817871094,131.7868194580078,50.584468841552734,72.55244445800781,152.05740356445312,77.83682250976562,67.64791870117188,44.64752960205078
2021-06-23,46.784889221191406,42.599124908447266,113.3596420288086,155.82363891601562,58.28516387939453,149.09832763671875,174.08619689941406,319.8584289550781,132.58522033691406,50.5673942565918,72.69636535644531,153.06610107421875,78.30963897705078,68.0118179321289,44.807159423828125
2021-06-24,47.20220947265625,43.02751922607422,114.34404754638672,157.87911987304688,59.68267822265625,150.69686889648438,175.8775177001953,326.6799621582031,133.80474853515625,51.21601867675781,73.72073364257812,156.4146728515625,79.45681762695312,68.47835540771484,45.397769927978516
2021-06-25,48.14342498779297,43.750457763671875,115.9847640991211,159.04295349121094,59.875144958496094,151.7158660888672,176.8015899658203,326.6976013183594,135.1558837890625,52.07802200317383,74.83821868896484,159.87066650390625,80.86750793457031,68.84225463867188,46.171966552734375
2021-06-28,47.38868713378906,42.80440139770508,115.07130432128906,154.6597442626953,59.84169387817383,148.59352111816406,174.45089721679688,326.64447021484375,135.40150451660156,50.99413299560547,74.24559020996094,158.41552734375,79.21651458740234,68.375732421875,45.92454528808594
2021-06-29,47.54851531982422,42.30459976196289,114.91165924072266,154.1623077392578,58.31028747558594,148.07931518554688,172.89459228515625,330.1083984375,135.2348175048828,50.76369857788086,76.73457336425781,157.48123168945312,78.85220336914062,68.31974792480469,45.5546989440918
2021-06-30,47.646183013916016,42.483097076416016,115.68323516845703,155.08216857910156,59.205692291259766,148.5841827392578,172.39207458496094,336.23004150390625,136.46311950683594,51.079471588134766,77.62348937988281,157.72100830078125,79.42578887939453,67.93718719482422,45.8039436340332
2021-07-01,47.94807052612305,43.08107376098633,117.76734161376953,157.09593200683594,59.42325210571289,151.2764892578125,173.62413024902344,332.2080383300781,137.814208984375,51.64275360107422,77.90287017822266,158.5312957763672,80.06914520263672,68.64629364013672,46.29438018798828
2021-07-02,48.08125686645508,42.884727478027344,118.15758514404297,158.56393432617188,58.92115783691406,150.85581970214844,173.07296752929688,331.47271728515625,137.68186950683594,51.565940856933594,77.91132354736328,159.3993682861328,79.93736267089844,67.9278564453125,46.286338806152344
2021-07-06,47.29989242553711,41.59952163696289,116.8006820678711,159.5614776611328,57.08013153076172,150.59405517578125,168.6310272216797,327.6632995605469,135.36996459960938,50.26869201660156,76.37054443359375,155.4059295654297,77.61978912353516,66.03370666503906,45.03209686279297
2021-07-07,47.73497009277344,41.760169982910156,118.0334243774414,160.89772033691406,56.845829010009766,151.41677856445312,167.7475128173828,325.7231750488281,135.52879333496094,50.21748352050781,76.2181625366211,154.2649383544922,77.82131958007812,65.38055419921875,45.016021728515625
2021-07-08,46.46522903442383,40.03764343261719,115.64774322509766,157.6229248046875,55.841636657714844,147.6586456298828,168.23385620117188,317.9891357421875,133.1904296875,48.38255310058594,74.1948013305664,151.49514770507812,75.30220031738281,63.39311218261719,44.25221633911133
2021-07-09,47.37092590332031,41.831573486328125,118.37043762207031,161.8011016845703,57.28097915649414,152.1272430419922,169.91171264648438,329.3465881347656,137.4524383544922,50.23454666137695,76.47213745117188,156.8197479248047,77.96085357666016,65.82842254638672,45.8039436340332
2021-07-12,47.65505599975586,42.340293884277344,119.34600067138672,163.36322021484375,58.10944366455078,153.8847198486328,170.414306640625,337.0894470214844,139.42018127441406,50.831974029541016,78.5208740234375,158.67181396484375,78.76695251464844,66.9107894897461,46.29438018798828
2021-07-13,47.14005661010742,41.70661544799805,117.31504821777344,162.4409942626953,57.21403884887695,152.39833068847656,170.56826782226562,333.0850830078125,137.3465576171875,50.0809326171875,78.9103012084961,156.49732971191406,77.61978912353516,67.01341247558594,45.76374053955078
2021-07-14,47.30875778198242,41.421024322509766,116.79180145263672,162.346923828125,57.046661376953125,153.60427856445312,170.34942626953125,331.6853942871094,136.87889099121094,49.70541000366211,78.2753677368164,155.72015380859375,77.27100372314453,65.50183868408203,45.82002639770508
2021-07-15,47.58402633666992,42.9025764465332,115.72756958007812,162.65745544433594,57.28097915649414,155.333740234375,170.56016540527344,330.75518798828125,137.1789093017578,50.046791076660156,78.41928100585938,157.7259979248047,77.74381256103516,65.82842254638672,47.291343688964844
2021-07-16,47.16669464111328,41.85835266113281,115.69210052490234,159.9849395751953,55.98388671875,155.8852996826172,169.67665100097656,323.1805725097656,134.0463409423828,49.14213180541992,77.25099182128906,152.6737518310547,76.52687072753906,64.27952575683594,45.96474075317383
2021-07-19,45.91471862792969,40.100120544433594,113.06695556640625,153.20947265625,54.46085739135742,150.31361389160156,167.15582275390625,314.2505798339844,129.687255859375,47.67417526245117,75.64249420166016,147.9878387451172,74.18605041503906,62.21742630004883,43.82609558105469
2021-07-20,47.042388916015625,42.15286636352539,113.36849212646484,158.91213989257812,55.47342300415039,156.74533081054688,169.0687255859375,323.14520263671875,132.10508728027344,49.244544982910156,78.15685272216797,151.15065002441406,76.78268432617188,63.39311218261719,45.09641647338867
2021-07-21,47.841522216796875,43.09892272949219,114.21988677978516,162.33746337890625,56.812347412109375,158.38137817382812,171.8408966064453,330.8880310058594,134.8846435546875,50.34550857543945,81.00137329101562,153.87234497070312,78.44915771484375,64.90469360351562,45.988861083984375
2021-07-22,47.1489372253418,42.4473991394043,113.74098205566406,160.8224334716797,56.008995056152344,156.35272216796875,169.7009735107422,330.1882019042969,133.1815643310547,49.33842468261719,80.90824890136719,151.2505645751953,77.08496856689453,62.74927520751953,44.871299743652344
2021-07-23,47.38868713378906,42.224273681640625,115.06243133544922,162.96800231933594,55.824893951416016,156.0255584716797,171.75982666015625,331.375244140625,132.92572021484375,49.18480682373047,80.04473114013672,152.3325653076172,77.12371063232422,63.36509323120117,44.7989387512207
2021-07-26,47.68169021606445,42.58127975463867,115.73643493652344,162.4315948486328,56.71192932128906,157.18472290039062,170.56826782226562,333.01422119140625,133.8169403076172,49.543243408203125,81.72943115234375,153.58102416992188,78.08484649658203,63.48640060424805,45.168785095214844
2021-07-27,47.770484924316406,42.32243728637695,116.5789566040039,162.7421417236328,56.88766098022461,158.28785705566406,171.7760467529297,332.0751037597656,133.64044189453125,49.2786750793457,81.67862701416016,153.37294006347656,77.9220962524414,62.86125564575195,45.144657135009766
2021-07-28,47.76161193847656,41.90298080444336,115.65662384033203,159.9943389892578,56.98808670043945,155.2028350830078,173.00003051757812,331.5347900390625,133.8610382080078,49.19332504272461,81.33154296875,152.94845581054688,77.96085357666016,63.309112548828125,45.05622100830078
2021-07-29,49.37763595581055,42.72407913208008,117.52794647216797,161.81053161621094,57.58224105834961,156.52099609375,174.02940368652344,334.4759826660156,135.0081787109375,49.696868896484375,82.10760498046875,154.11373901367188,78.61970520019531,63.980918884277344,45.3778190612793
2021-07-30,48.83599853515625,42.25997543334961,115.33735656738281,160.4742431640625,57.008941650390625,157.74562072753906,171.94627380371094,332.110595703125,133.931640625,49.244544982910156,81.85176086425781,151.82481384277344,77.7282943725586,63.40242385864258,44.65422439575195
2021-08-02,48.57850646972656,42.27782440185547,115.08015441894531,159.28857421875,57.101680755615234,159.25074768066406,171.4356231689453,335.0429382324219,133.39337158203125,49.3554801940918,82.06495666503906,151.30047607421875,77.66629028320312,63.20647048950195,44.3245849609375
2021-08-03,49.36875534057617,42.60804748535156,115.92268371582031,159.07211303710938,58.07121276855469,161.37283325195312,169.22276306152344,336.9653625488281,134.9111328125,49.748077392578125,82.38047790527344,155.0959014892578,79.18551635742188,62.89857482910156,44.935611724853516
2021-08-04,48.78273010253906,42.02792739868164,114.34404754638672,158.14987182617188,57.7677116394043,160.8773651123047,169.00390625,334.7505187988281,133.45513916015625,48.7580680847168,82.1161117553711,153.99722290039062,77.43377685546875,63.14118576049805,44.2682991027832
2021-08-05,49.34212875366211,43.42915344238281,113.45720672607422,159.62733459472656,58.75410461425781,161.27932739257812,168.8012237548828,340.4559020996094,135.1405487060547,50.21748352050781,83.42943572998047,155.37887573242188,79.1235122680664,64.66209411621094,44.871299743652344
2021-08-06,49.93703842163086,45.47298049926758,116.02024841308594,161.2552947998047,59.91754913330078,163.5697479248047,170.0900421142578,352.4953918457031,138.97903442382812,51.81344985961914,85.04975891113281,158.366943359375,81.2008056640625,67.1160659790039,45.82805633544922
2021-08-09,49.82160949707031,46.27622985839844,117.66978454589844,160.7095184326172,60.296939849853516,164.31759643554688,169.49832153320312,354.2583312988281,138.82896423339844,52.011314392089844,85.91108703613281,158.15052795410156,81.23956298828125,68.50634002685547,45.86022186279297
2021-08-10,50.345481872558594,47.42756652832031,119.13314819335938,159.49560546875,61.5278434753418,166.49578857421875,169.35243225097656,361.4254150390625,140.5320281982422,53.10383605957031,87.01971435546875,159.55718994140625,82.20845031738281,69.54205322265625,46.366737365722656
2021-08-11,50.567466735839844,48.26651382446289,120.26835632324219,160.60595703125,62.64069366455078,169.2816162109375,169.46592712402344,366.6700439453125,142.2086181640625,53.85226058959961,88.5888671875,161.38829040527344,83.35562896728516,69.80331420898438,47.26721954345703
2021-08-12,50.93151092529297,48.0880126953125,119.94905090332031,158.58279418945312,62.49739456176758,169.842529296875,168.9066162109375,367.6533508300781,142.76451110839844,53.91248321533203,89.2625961303711,160.9720916748047,83.68118286132812,70.54222869873047,47.31546401977539
2021-08-13,50.84272003173828,48.73953628540039,119.78057861328125,156.28665161132812,61.637447357177734,170.82411193847656,167.8123321533203,363.914794921875,141.16738891601562,53.75762939453125,88.64004516601562,158.45849609375,83.71993255615234,69.22342681884766,46.80894470214844
2021-08-16,51.07356643676758,48.73953628540039,121.09313201904297,155.9761199951172,60.785926818847656,172.2263946533203,167.9420166015625,361.76202392578125,140.2407989501953,53.31890869140625,88.4524154663086,157.85089111328125,83.18511199951172,68.52195739746094,46.286338806152344
2021-08-17,51.002132415771484,48.204036712646484,119.48790740966797,154.94097900390625,60.381248474121094,172.67514038085938,166.48300170898438,358.76763916015625,138.54661560058594,52.88016891479492,87.7275390625,156.26947021484375,82.58050537109375,67.81107330322266,45.635101318359375
2021-08-18,50.341270446777344,47.98090362548828,119.11540222167969,152.569580078125,59.959712982177734,172.45077514648438,160.15245056152344,353.30157470703125,137.2847442626953,52.45004653930664,86.35456848144531,154.44667053222656,81.43336486816406,67.3434066772461,45.06425857543945
2021-08-19,49.93940353393555,47.26689529418945,118.86709594726562,149.6524200439453,58.88056182861328,173.35755920410156,160.55775451660156,348.6682434082031,136.13766479492188,51.856468200683594,85.04975891113281,153.43118286132812,80.44895935058594,66.46422576904297,44.493412017822266
2021-08-20,50.33235549926758,47.811344146728516,119.33712005615234,150.32992553710938,59.22623062133789,174.07737731933594,160.7847137451172,350.70587158203125,136.5259246826172,52.054317474365234,85.8428726196289,154.66311645507812,80.87525939941406,67.3153305053711,44.76677703857422
2021-08-23,50.644920349121094,48.33790969848633,121.79376220703125,150.98866271972656,59.76580810546875,173.40423583984375,163.60548400878906,355.6492919921875,138.2730712890625,52.62208938598633,87.1220703125,155.8699493408203,81.91764831542969,67.6240234375,45.16073226928711
2021-08-24,50.644920349121094,48.51641082763672,121.4567642211914,151.69442749023438,60.7353401184082,173.2640838623047,162.5760498046875,361.94805908203125,139.12899780273438,53.06943130493164,87.9151611328125,156.8770751953125,82.70140838623047,69.3543701171875,45.67531204223633
2021-08-25,51.002132415771484,49.0251350402832,122.27265167236328,156.38075256347656,61.69644546508789,174.51675415039062,162.34910583496094,365.98785400390625,141.99684143066406,53.74043655395508,88.7679672241211,159.9150848388672,83.72027587890625,69.75657653808594,46.342620849609375
2021-08-26,50.368072509765625,48.21295166015625,120.80934143066406,155.75025939941406,61.07257843017578,172.3011474609375,161.57907104492188,365.35882568359375,142.729248046875,53.155452728271484,88.55475616455078,158.97454833984375,82.71707916259766,68.88672637939453,46.02102279663086
2021-08-27,50.98427200317383,49.09653854370117,121.95337677001953,158.70509338378906,61.536277770996094,174.18023681640625,162.00057983398438,371.8083190917969,143.8763427734375,53.99850845336914,89.9277572631836,161.89601135253906,84.14349365234375,70.93507385253906,46.87326431274414
2021-08-30,50.39486312866211,48.21295166015625,120.00858306884766,154.573974609375,60.42341995239258,171.87112426757812,161.53854370117188,366.41314697265625,141.57327270507812,53.224273681640625,88.7679672241211,158.64991760253906,82.94438171386719,68.69029235839844,45.89238739013672
2021-08-31,50.61811828613281,48.694915771484375,120.68659210205078,156.1737518310547,60.62575912475586,171.9365997314453,163.5082550048828,368.1134033203125,141.1409149169922,53.33610534667969,89.05789947509766,159.05776977539062,82.98355102539062,68.1384506225586,46.141624450683594
2021-09-01,50.31449508666992,48.7127685546875,119.78551483154297,154.743408203125,60.11989212036133,171.09523010253906,161.4737091064453,368.2469177246094,140.93795776367188,52.74252700805664,88.95556640625,157.70938110351562,82.09791564941406,68.46580505371094,45.16073226928711
2021-09-02,50.001914978027344,49.29289245605469,119.51790618896484,152.49432373046875,60.280094146728516,171.09523010253906,160.18487548828125,368.9947204589844,141.59091186523438,53.04362106323242,89.3990249633789,159.5654754638672,82.3173599243164,68.19457244873047,45.3778190612793
2021-09-03,49.751869201660156,49.17686462402344,119.51790618896484,149.906494140625,60.001869201660156,171.50656127929688,158.30438232421875,366.1548767089844,140.7349395751953,52.66510772705078,88.90441131591797,159.40733337402344,82.20765686035156,67.42759704589844,45.144657135009766
2021-09-07,49.341060638427734,48.793087005615234,117.2875747680664,150.3017120361328,59.706787109375,169.92666625976562,157.0560760498047,365.27362060546875,140.48793029785156,52.37260818481445,88.84471130371094,159.98165893554688,82.1606216430664,67.41824340820312,44.88737869262695
2021-09-08,49.26961898803711,48.91804504394531,118.491943359375,149.5582733154297,59.049198150634766,170.54367065429688,157.0479736328125,360.5376892089844,139.86141967773438,52.45863723754883,88.32451629638672,159.5738067626953,82.0116958618164,66.93187713623047,44.493412017822266
2021-09-09,49.242820739746094,48.810935974121094,117.8406753540039,149.99111938476562,59.403282165527344,169.2816162109375,156.73040771484375,360.16375732421875,140.4702606201172,52.50164794921875,88.55475616455078,160.03990173339844,81.93331909179688,67.65208435058594,44.87933349609375
2021-09-10,48.81415557861328,48.58781433105469,117.35895538330078,149.36065673828125,58.65293884277344,168.496337890625,154.083740234375,359.1845703125,138.85546875,52.27798843383789,88.36714935302734,159.5238494873047,81.31415557861328,66.81964111328125,44.58186340332031
2021-09-13,49.32320022583008,49.19470977783203,118.89342498779297,151.9296875,59.4538688659668,171.3943328857422,154.10000610351562,364.3299865722656,141.06146240234375,53.155452728271484,89.03233337402344,161.85438537597656,82.61518096923828,67.24052429199219,45.45821762084961
2021-09-14,48.48373794555664,48.578887939453125,117.87641143798828,150.0758514404297,57.986907958984375,169.4685516357422,153.79058837890625,359.3714904785156,138.5995330810547,52.286582946777344,86.90885925292969,156.76889038085938,81.29066467285156,65.2202377319336,44.95170211791992
2021-09-15,48.81415557861328,48.88414001464844,117.48384094238281,151.82614135742188,59.39484786987305,170.85220336914062,153.880126953125,357.8224792480469,139.56138610839844,53.396324157714844,87.87251281738281,158.29200744628906,81.76091766357422,66.54838562011719,46.47126007080078
2021-09-16,48.724853515625,48.79435348510742,117.29650115966797,153.0400848388672,59.01546096801758,170.0821990966797,153.66029357910156,353.131103515625,139.49961853027344,53.52537536621094,87.38642120361328,158.0589141845703,81.20445251464844,66.20232391357422,45.90846252441406
2021-09-17,48.21580123901367,48.30955505371094,116.89505767822266,154.25404357910156,58.981746673583984,169.52821350097656,153.62770080566406,348.4841003417969,139.13783264160156,53.09523010253906,86.77239990234375,157.24331665039062,80.8360824584961,65.87496185302734,45.836097717285156
2021-09-20,46.50115966796875,47.788841247558594,115.61038970947266,151.1015625,56.73916244506836,167.03060913085938,153.10647583007812,336.6175842285156,134.97288513183594,51.022003173828125,84.11167907714844,153.70590209960938,77.5051498413086,64.35037994384766,44.76677703857422
2021-09-21,45.85816192626953,47.54643249511719,115.61933898925781,153.64236450195312,56.4356575012207,165.0681915283203,151.33937072753906,334.5789794921875,134.99053955078125,50.29939270019531,83.83023071289062,153.1232452392578,76.72921752929688,64.01365661621094,45.90846252441406
2021-09-22,46.331478118896484,48.21977233886719,116.29733276367188,157.613525390625,57.53164291381836,166.12918090820312,154.1814727783203,343.1517333984375,137.5760040283203,51.14244079589844,85.9622573852539,156.20286560058594,78.41429138183594,65.84688568115234,46.56773376464844
2021-09-23,46.786930084228516,48.94697570800781,116.69879150390625,163.1374053955078,59.757381439208984,166.65504455566406,157.56103515625,348.8402404785156,142.22625732421875,52.69950485229492,88.30746459960938,161.14688110351562,80.89093780517578,69.49466705322266,47.66922378540039
2021-09-24,47.00127410888672,49.207340240478516,116.4222183227539,165.35821533203125,60.01029968261719,165.96018981933594,161.2500457763672,347.9411315917969,143.8675537109375,52.78553771972656,87.76165771484375,161.8876953125,81.31415557861328,70.70122528076172,48.071224212646484
2021-09-27,47.68892288208008,51.20041275024414,116.33300018310547,166.34629821777344,60.92081832885742,167.5376434326172,161.59207153320312,355.9175109863281,147.34422302246094,54.72113037109375,89.62928771972656,166.63192749023438,83.55570220947266,72.37545776367188,49.12446212768555
2021-09-28,47.17987823486328,50.26671600341797,114.18299865722656,162.9303741455078,60.170494079589844,164.7583465576172,161.15232849121094,346.7393493652344,146.55003356933594,54.015708923339844,87.01971435546875,164.56777954101562,82.7406005859375,71.2530746459961,48.57773971557617
2021-09-29,47.09951400756836,50.13204574584961,115.3784408569336,161.4246826171875,60.305381774902344,165.62217712402344,159.74349975585938,342.63543701171875,146.43533325195312,53.83506393432617,84.8962631225586,164.334716796875,82.99140930175781,70.50482940673828,48.8207893371582
2021-09-30,46.55474090576172,49.279151916503906,113.57633209228516,157.65113830566406,59.16721725463867,162.8898162841797,157.47959899902344,336.5285339355469,144.4410858154297,53.10383605957031,82.98596954345703,162.83653259277344,82.45059967041016,68.12908172607422,48.156455993652344
2021-10-01,47.278114318847656,49.8088493347168,113.94213104248047,163.68316650390625,60.01029968261719,164.70201110839844,160.09365844726562,338.2823181152344,147.47657775878906,53.783451080322266,84.46984100341797,165.05882263183594,83.21868133544922,69.60691833496094,49.22587585449219
2021-10-04,47.126285552978516,50.11409378051758,112.95186614990234,162.47866821289062,60.1030387878418,163.0118865966797,158.56268310546875,333.0745849609375,147.31776428222656,53.65441131591797,82.84951782226562,164.87571716308594,82.850341796875,68.4938735961914,49.03955078125
2021-10-05,47.71571350097656,51.57748031616211,114.30790710449219,164.454833984375,61.14845275878906,164.45785522460938,161.5024871826172,343.4543762207031,149.72349548339844,55.28888702392578,84.59774017333984,166.8733367919922,84.77049255371094,70.9911880493164,49.6552734375
2021-10-06,47.61746597290039,51.46076202392578,113.73692321777344,163.1750030517578,61.055721282958984,165.93203735351562,161.82823181152344,345.4484558105469,150.0430450439453,55.039424896240234,84.51248168945312,167.1479949951172,84.62159729003906,70.81346130371094,49.78489685058594
2021-10-07,48.367637634277344,51.35304260253906,113.60311889648438,164.42025756835938,60.861820220947266,167.43435668945312,164.58885192871094,347.7363586425781,150.992919921875,55.5297737121582,84.25665283203125,167.9636688232422,85.02913665771484,71.44947814941406,50.13326644897461
2021-10-08,48.68913650512695,51.72111129760742,113.1927490234375,165.23159790039062,60.99669647216797,171.62208557128906,164.11656188964844,349.6859436035156,151.1083221435547,55.908287048339844,85.31413269042969,168.76268005371094,85.99317169189453,72.33805084228516,50.49784851074219
2021-10-11,48.653419494628906,51.972503662109375,114.15621948242188,163.6372528076172,60.43183135986328,171.60336303710938,163.945556640625,342.9469299316406,147.9302520751953,56.02012634277344,82.96891021728516,167.3394012451172,86.27531433105469,71.65526580810547,50.10895919799805
2021-10-12,48.608760833740234,51.532596588134766,113.13030242919922,165.00514221191406,59.55503845214844,170.54229736328125,165.15895080566406,344.09539794921875,146.79396057128906,55.72763442993164,83.38680267333984,169.212158203125,85.4131851196289,72.2725830078125,49.95501708984375
2021-10-13,48.18903350830078,50.464229583740234,112.14002990722656,159.16566467285156,59.23466491699219,171.1150665283203,166.33973693847656,343.8995361328125,142.92352294921875,55.1856689453125,84.06051635742188,167.9303741455078,84.21402740478516,71.33724975585938,49.79299545288086
2021-10-14,49.430355072021484,51.86475372314453,113.13030242919922,161.79771423339844,59.689945220947266,172.7300567626953,168.61181640625,348.252685546875,145.1161651611328,56.36421203613281,86.141357421875,169.59701538085938,86.0401840209961,73.05823516845703,48.67496871948242
2021-10-15,49.608978271484375,52.3226318359375,113.085693359375,165.85418701171875,60.94611740112305,170.2418670654297,172.5614013671875,361.490234375,147.90362548828125,56.40724182128906,87.10499572753906,166.7745819091797,86.67501831054688,75.66781616210938,48.7964973449707
2021-10-18,49.260684967041016,51.972503662109375,112.45225524902344,166.80699157714844,60.372825622558594,166.85223388671875,174.21450805664062,368.2736511230469,147.8503875732422,56.08893966674805,86.48246765136719,168.2067413330078,86.61233520507812,75.34046936035156,49.080039978027344
2021-10-19,49.823299407958984,52.64582824707031,112.8537368774414,167.26927185058594,60.49929428100586,171.068115234375,177.1706085205078,366.9116516113281,149.64358520507812,56.51046371459961,86.77239990234375,173.22348022460938,87.71739959716797,76.26641845703125,49.70387649536133
2021-10-20,50.40378189086914,53.51667404174805,114.4952392578125,169.42958068847656,60.54986572265625,174.15728759765625,174.41000366210938,363.1103820800781,151.65869140625,57.293312072753906,85.8428726196289,178.2234649658203,89.34761810302734,76.31317138671875,50.70038986206055
2021-10-21,50.11801528930664,53.20245361328125,113.0946044921875,167.42019653320312,59.4454345703125,174.85206604003906,174.9148712158203,362.8433532714844,150.46917724609375,56.61369323730469,85.518798828125,178.16481018066406,88.77545928955078,76.92115020751953,50.376319885253906
2021-10-22,50.49309158325195,53.87578582763672,114.19192504882812,176.48599243164062,60.170494079589844,176.62672424316406,177.48822021484375,368.8345031738281,152.49314880371094,56.66530990600586,86.81503295898438,180.97048950195312,89.33976745605469,78.14642333984375,50.830020904541016
2021-10-25,50.88603210449219,53.543617248535156,115.08403015136719,171.98609924316406,59.71522521972656,176.5891571044922,177.27651977539062,369.2172546386719,151.74745178222656,56.46745300292969,86.90885925292969,181.3725128173828,89.19869995117188,77.52910614013672,50.65177536010742
2021-10-26,51.0289192199707,53.17552185058594,114.47737884521484,170.70314025878906,59.5634765625,175.8004150390625,178.563232421875,371.7633056640625,152.15586853027344,56.3126106262207,88.23922729492188,180.9621124267578,89.07329559326172,77.68811798095703,50.58695983886719
2021-10-27,50.01084899902344,52.56502914428711,111.42633819580078,167.94847106933594,59.276824951171875,178.6548614501953,176.76345825195312,365.8700866699219,148.9866943359375,55.30610656738281,86.874755859375,178.3155975341797,87.5920181274414,75.90164184570312,48.83699417114258
2021-10-28,49.439292907714844,53.77703094482422,112.60392761230469,164.72216796875,59.757381439208984,184.1195831298828,177.8058319091797,369.2795715332031,151.23260498046875,56.14914321899414,88.01681518554688,178.43284606933594,88.23468780517578,76.68733215332031,49.363609313964844
2021-10-29,47.93003845214844,53.049827575683594,110.3290023803711,163.9391632080078,58.72986602783203,183.45294189453125,179.60556030273438,367.970947265625,150.8153839111328,54.02431106567383,88.25724792480469,176.7410430908203,86.2518081665039,76.72474670410156,48.909915924072266
2021-11-01,49.00170135498047,54.03739547729492,110.186279296875,164.3447723388672,59.111995697021484,180.57034301757812,177.79769897460938,370.9531555175781,150.73548889160156,55.1856689453125,89.30487823486328,176.41439819335938,87.25501251220703,76.57508850097656,49.24208450317383
2021-11-02,49.22496795654297,53.84885025024414,111.6761245727539,163.36370849609375,58.254310607910156,178.8989715576172,179.64630126953125,377.3182067871094,151.3302764892578,54.78995132446289,89.87162780761719,175.9621124267578,87.12959289550781,76.48155212402344,49.30691146850586
2021-11-03,50.064430236816406,54.8364143371582,112.51470947265625,162.8354034423828,58.5939826965332,180.46701049804688,179.5159912109375,372.02142333984375,151.383544921875,56.15776824951172,88.11128234863281,178.13966369628906,89.30058288574219,77.9406509399414,50.0927619934082
2021-11-04,49.7429313659668,54.216949462890625,104.4677734375,162.75994873046875,56.89559555053711,178.4013214111328,179.62188720703125,363.2706298828125,149.39503479003906,54.97920608520508,85.68972778320312,173.96047973632812,87.62335205078125,76.18224334716797,48.83699417114258
2021-11-05,50.680633544921875,52.93312072753906,104.52127838134766,166.68434143066406,56.88711929321289,181.39663696289062,180.55020141601562,362.3893127441406,149.18197631835938,55.04802703857422,85.7584457397461,173.4495849609375,86.93367004394531,75.90164184570312,49.169166564941406
2021-11-08,50.680633544921875,53.11267852783203,104.43207550048828,169.8540802001953,58.12693405151367,180.1853485107422,179.70327758789062,363.510986328125,150.0785675048828,55.247379302978516,85.93017578125,174.34573364257812,87.05121612548828,76.39735412597656,49.169166564941406
2021-11-09,50.260902404785156,52.753562927246094,102.76383209228516,169.67483520507812,57.73630142211914,181.7064666748047,180.56651306152344,360.84930419921875,148.94227600097656,54.579978942871094,85.62104034423828,173.39935302734375,85.55424499511719,75.55557250976562,48.666866302490234
2021-11-10,50.02870178222656,52.84334945678711,101.80030059814453,171.11822509765625,57.92312240600586,181.2651824951172,180.03720092773438,355.3031921386719,148.8002471923828,54.909339904785156,83.95515441894531,172.03421020507812,85.8834457397461,75.69615936279297,49.00714111328125
2021-11-11,50.305564880371094,52.84334945678711,102.29096221923828,171.03329467773438,58.483585357666016,181.3120880126953,181.2017059326172,358.1697692871094,148.79135131835938,55.15202713012695,84.9083251953125,172.19329833984375,86.42420959472656,76.30549621582031,49.24208450317383
2021-11-12,50.91283416748047,52.259788513183594,102.3355712890625,171.58987426757812,58.72986602783203,181.06797790527344,183.1072540283203,360.45751953125,148.1255645751953,55.63742446899414,85.74127197265625,170.52667236328125,86.8004150390625,76.9710693359375,49.015235900878906
2021-11-15,51.412940979003906,52.15205001831055,102.4158706665039,172.75970458984375,58.37318420410156,181.36843872070312,184.59754943847656,360.3685302734375,147.85923767089844,55.60275650024414,86.05039978027344,171.54005432128906,86.8788070678711,76.79296112060547,48.982826232910156
2021-11-16,51.430904388427734,51.34404754638672,102.90653228759766,170.67486572265625,57.52400588989258,181.35906982421875,183.76693725585938,358.83740234375,146.79396057128906,54.961341857910156,86.46257781982422,172.1347198486328,87.22364044189453,76.68983459472656,49.031436920166016
2021-11-17,51.12551498413086,51.12858200073242,101.01522827148438,169.4390106201172,56.768226623535156,180.07269287109375,184.3858184814453,348.564208984375,146.00393676757812,54.71865463256836,83.87788391113281,169.5635223388672,86.43206024169922,76.32425689697266,48.059242248535156
2021-11-18,50.209354400634766,50.38343048095703,100.86358642578125,166.23155212402344,56.98902130126953,180.21353149414062,184.20669555664062,348.40399169921875,144.74334716796875,54.311279296875,83.87788391113281,168.26535034179688,85.62480926513672,76.60546875,47.516422271728516
2021-11-19,49.796180725097656,49.33302688598633,99.86439514160156,163.71273803710938,56.33513641357422,176.75816345214844,181.8531951904297,344.8609924316406,142.85250854492188,53.00246810913086,83.21665954589844,166.96725463867188,83.49300384521484,75.15248107910156,46.65763854980469
2021-11-22,50.173423767089844,51.119606018066406,101.30071258544922,161.22222900390625,56.92958068847656,179.11492919921875,182.683837890625,352.6681823730469,145.89736938476562,54.1812629699707,85.2861557006836,170.97891235351562,85.15681457519531,76.79296112060547,47.783782958984375
2021-11-23,51.01772689819336,52.87925338745117,102.5051040649414,161.17507934570312,57.80424118041992,181.1712646484375,185.62367248535156,361.7305603027344,149.38616943359375,54.91801834106445,87.46726989746094,175.11627197265625,87.30399322509766,77.7491226196289,48.666866302490234
2021-11-24,51.206356048583984,51.972503662109375,102.32665252685547,161.89202880859375,57.13338851928711,178.7957000732422,186.43798828125,355.3655090332031,148.21434020996094,54.285274505615234,86.83180236816406,174.73098754882812,86.62260437011719,77.93658447265625,48.48052215576172
2021-11-26,49.91294860839844,50.320587158203125,102.70134735107422,147.93959045410156,55.621822357177734,173.28402709960938,180.91668701171875,346.6414489746094,143.74908447265625,52.092369079589844,84.09255981445312,167.5869903564453,83.27114868164062,74.1963119506836,46.5847282409668
2021-11-29,50.02971267700195,49.33302688598633,101.65016174316406,148.92066955566406,55.231201171875,173.74411010742188,183.49818420410156,344.1042785644531,143.12767028808594,51.910343170166016,83.49147033691406,168.24026489257812,83.2156753540039,75.08686065673828,46.50371551513672
2021-11-30,48.628517150878906,47.22324752807617,97.67903900146484,143.67556762695312,54.09328842163086,168.51412963867188,179.5811309814453,339.16357421875,140.99716186523438,50.8442268371582,81.42198944091797,164.99070739746094,81.02098846435547,72.54647064208984,44.83475875854492
2021-12-01,48.20636749267578,46.43319320678711,96.2505111694336,141.5623779296875,53.091251373291016,164.44847106933594,179.16583251953125,336.9173583984375,140.16268920898438,49.500755310058594,81.79981994628906,163.69253540039062,79.27003479003906,71.74030303955078,44.437782287597656
2021-12-02,49.62553024291992,48.44422149658203,98.54154968261719,147.89239501953125,54.186702728271484,171.2277374267578,184.49168395996094,346.81512451171875,143.10992431640625,51.424957275390625,84.8911361694336,169.0526123046875,81.9400863647461,75.10560607910156,45.85557556152344
2021-12-03,48.754268646240234,47.86964416503906,97.31964111328125,147.109375,53.29505157470703,170.3826904296875,183.44119262695312,342.5105895996094,140.5177764892578,51.50297164916992,84.33300018310547,165.60203552246094,81.39339447021484,73.55889129638672,45.03730392456055
2021-12-06,50.04767608642578,49.171417236328125,98.63139343261719,151.5810089111328,53.091251373291016,176.08213806152344,182.78155517578125,348.39007568359375,142.17779541015625,51.719661712646484,85.24319458007812,167.46971130371094,82.55809020996094,75.3399658203125,46.082427978515625
2021-12-07,50.93690490722656,49.54848861694336,99.04467010498047,157.49595642089844,53.41394805908203,176.56100463867188,188.31915283203125,358.0641174316406,144.31724548339844,52.465084075927734,88.01681518554688,170.26702880859375,83.78614044189453,76.22112274169922,46.738651275634766
2021-12-08,50.95486068725586,49.35097885131836,97.9485855102539,159.36378479003906,53.0402946472168,177.61264038085938,188.90550231933594,355.5673522949219,142.6660614013672,52.54308319091797,86.94343566894531,169.25363159179688,83.75444793701172,76.11803436279297,46.2120475769043
2021-12-09,51.52970504760742,49.207340240478516,96.73567962646484,158.50534057617188,52.76856231689453,178.58914184570312,186.10134887695312,354.82452392578125,142.444091796875,52.7684440612793,86.36811065673828,168.1146240234375,84.40413665771484,75.61183166503906,46.349769592285156
2021-12-10,51.95185470581055,48.83026885986328,97.05013275146484,157.5714111328125,51.55421447753906,179.78160095214844,186.72268676757812,349.9652099609375,141.87596130371094,52.5517578125,84.52191162109375,168.80972290039062,84.80821228027344,75.75243377685547,46.80347442626953
2021-12-13,51.21533203125,48.336483001708984,97.21186065673828,154.05264282226562,51.10414505004883,178.61732482910156,186.3138885498047,344.2198486328125,140.18931579589844,51.893009185791016,83.43994140625,164.3290252685547,83.25530242919922,74.41193389892578,46.033809661865234
2021-12-14,51.34108352661133,49.072662353515625,99.46695709228516,153.6280975341797,51.494773864746094,180.78631591796875,186.02780151367188,347.9606018066406,141.26348876953125,52.6990966796875,84.8567886352539,166.50662231445312,84.82405853271484,75.7336654663086,46.4307975769043
2021-12-15,51.511741638183594,49.09073257446289,101.9915771484375,153.0526885986328,51.15510177612305,182.11959838867188,186.1095428466797,348.93603515625,140.20709228515625,52.7164421081543,85.38058471679688,165.8951873779297,84.72105407714844,76.49298095703125,45.968997955322266
2021-12-16,52.00575256347656,49.92154312133789,104.0580062866211,153.7695770263672,51.859928131103516,184.66531372070312,187.2867431640625,355.61212158203125,142.39976501464844,53.210479736328125,86.127685546875,169.00241088867188,85.60844421386719,78.63966369628906,46.52801513671875
2021-12-17,51.05365753173828,48.864959716796875,102.54862976074219,150.9488983154297,50.560665130615234,178.9233856201172,183.76321411132812,341.6782531738281,139.15951538085938,52.222381591796875,83.40558624267578,165.19171142578125,83.49299621582031,77.75849151611328,45.150733947753906
2021-12-20,49.724327087402344,47.781280517578125,100.90446472167969,147.0622100830078,49.490692138671875,175.15203857421875,181.41696166992188,332.55914306640625,136.6562042236328,50.7835578918457,81.89429473876953,161.26376342773438,80.50599670410156,75.63056945800781,44.4539909362793
2021-12-21,51.05365753173828,49.79512023925781,101.81189727783203,151.79794311523438,50.424800872802734,176.53797912597656,184.1066131591797,340.3537902832031,138.5647430419922,52.28305435180664,83.95515441894531,164.8817901611328,83.9604263305664,77.98348236083984,45.2398567199707
2021-12-22,51.35905456542969,49.91251754760742,101.90174865722656,153.2695770263672,50.611610412597656,177.61285400390625,185.74166870117188,342.1525573730469,139.10629272460938,52.7684440612793,84.4102783203125,165.0911865234375,84.7052230834961,79.09900665283203,45.42618179321289
2021-12-23,51.81712341308594,51.086509704589844,102.53962707519531,154.8922119140625,51.12962341308594,179.74365234375,187.1805419921875,344.577880859375,139.60340881347656,53.548526763916016,85.30333709716797,165.7695770263672,85.76689910888672,79.80205535888672,45.62063217163086
2021-12-27,52.275211334228516,51.384517669677734,104.29161071777344,155.08090209960938,51.50326919555664,182.4213104248047,190.26548767089844,347.2625427246094,140.4023895263672,54.163917541503906,86.21355438232422,168.39939880371094,86.2264404296875,80.44886016845703,45.968997955322266
2021-12-28,52.53569412231445,51.17681121826172,105.19902801513672,155.0998077392578,51.477783203125,182.37417602539062,190.83766174316406,346.87774658203125,140.82846069335938,54.267940521240234,85.84429931640625,168.48316955566406,86.40867614746094,80.14889526367188,45.977108001708984
2021-12-29,52.80515670776367,51.276161193847656,105.97169494628906,154.55259704589844,51.40985107421875,183.2510223388672,190.00010681152344,345.6159362792969,140.7574462890625,54.32861328125,84.77949523925781,168.54177856445312,86.42452239990234,79.6427001953125,45.85557556152344
2021-12-30,52.598567962646484,51.24003219604492,105.72911834716797,154.86390686035156,51.31644821166992,182.0724639892578,189.62693786621094,345.0073547363281,140.6864471435547,54.241939544677734,84.83963012695312,168.3407745361328,86.06797790527344,79.19274139404297,45.86374282836914
2021-12-31,52.44586944580078,51.348388671875,105.7021713256836,154.3356475830078,51.28247833251953,182.2610321044922,189.46104431152344,342.3494567871094,140.57106018066406,54.163917541503906,84.2900619506836,167.93875122070312,85.75897979736328,78.8365249633789,45.88007354736328
