,AFL,AIG,ALL,AXP,C,CB,CME,GS,JPM,MET,MS,PNC,PRU,SCHW,USB
2017-03-31,0.52292020441505,-0.09498686301196578,0.00862641834052591,0.34010796623290285,-0.22637637129707788,-0.4748317207456531,0.5562123577707327,0.21948175270414166,-0.47288212662028695,0.1927986502027998,-0.14957420037290114,-0.0877601143365222,0.21209083362405967,0.17326938799155106,-0.5272270106876733
2017-04-03,0.5568987425814944,-0.3869038536639746,-0.4342413270496471,-0.5634408243496188,0.19063376741284627,0.11575686603542769,-0.8265780364778093,0.1942831768623346,0.030415647364409715,-0.22303619191967577,0.2008714912181794,0.08556146759366229,0.15855411950011056,-0.011179189226636799,0.44583170668689703
2017-04-04,-0.6457818659246584,0.07392712601826629,0.045880462207692374,-0.517471363927628,0.13068093845977646,0.5652606858505576,-0.12335700385498496,0.3353724859253368,0.4831466693109565,0.12298204725323045,-0.07133074619593383,-0.24878689463813572,-0.08336658686702528,-0.12468943086529205,-0.008302934663207695
2017-04-05,-0.14062755282905415,0.030092872675208215,-0.20184894803301445,0.26132670343962927,0.6026664047491754,-0.10115282615940735,0.6527415003171644,0.23653822219726228,-0.4617961657407238,0.06236346918114577,-0.41198603020064195,0.1104172888445929,0.12076518556972149,-0.522482740836969,-0.22155562310663302
2017-04-06,0.6351799534268642,-0.36370225082855234,-0.5389358252863415,-0.3826411382944903,-0.16873750666368975,0.2574692426666362,-0.21432005959970166,-0.19809820277025658,-0.2995863713607639,0.6370470240029533,-0.07183729206465628,0.04221523686246831,0.04587996114523707,0.38354025519317875,0.1081134601663134
2017-04-07,0.28428659359035435,-0.1999176655096499,-0.5439621202372411,-0.021137791067612877,-0.33949382468040656,0.23840495821148755,0.3647379719531104,0.07646185710363865,-0.016055151164192538,0.14432112941355496,0.04511421704806293,0.1909659441783116,-0.07874194383392474,-0.06071994488622379,-0.15755627941115752
2017-04-10,0.4209485068197375,-0.5011283229571513,0.08711734517598516,-0.3429688176914229,-0.004230352630854389,-0.11094867166633748,-0.43685654938021046,0.6563090920277078,-0.02357171607069447,0.5334227189767398,0.2864836543824625,-0.16109207318785124,0.13332794147432317,-0.35853937911350015,-0.4404782727697055
2017-04-11,0.5431001326069866,-0.25805951004302446,-0.5553550490132128,-0.17449931990955436,-0.06926018974476966,-0.056903821957275225,0.07015941725270967,-0.029394793210004655,0.11481558993115648,0.27851533024554553,-0.2006571909018634,0.002165805360204248,-0.02471536830342691,-0.32344544128764985,0.4438658251417762
2017-04-12,0.0692470005718494,0.11399110152039194,-0.09996232682322392,-0.2591146859726918,0.10813511501889617,-0.13702051454559583,0.19517148112008315,0.2149404862638007,0.5229336089396939,-0.40345864550225286,0.05620194649726029,-0.18787540286827809,-0.48871740552062526,-0.11881472309462315,0.3711589763734696
2017-04-13,0.034688982520520995,-0.15587007288482602,-0.4290488935171708,-0.6612028649219059,0.30078602009171684,0.28970212309164317,0.12871442152770152,0.17785003134315425,-0.0074369752698724145,-0.37928818629889216,0.405105085030665,0.8322374842094522,0.204816063440181,-0.4380126909539136,-0.5904002456361486
2017-04-17,-0.451528914591831,0.19244162915398905,0.30689843028140906,0.19591650720699771,-0.11173617635476019,0.09228702640441866,-0.027251424217289433,-0.1967200373299154,0.08647187005876078,0.1032891826901956,0.004103077745848838,0.5495874735893751,-0.2274942258705146,-0.1570136261641586,-0.23820397460877563
2017-04-18,1.4670002928301011,-0.15142710248479618,-1.4993116540661922,-0.3393337093403306,0.3956679684113308,0.28658868327431786,0.8444809330294785,-2.847987842085881,0.49909589889100237,-0.051564280173613475,0.7302986596550705,-0.28022644408340014,0.6434280316483001,0.7347585451387555,-0.4004702424277147
2017-04-19,0.37200682175940814,-0.14757200882889193,-0.4143259345819268,-0.32028549118274857,-0.9221684805876349,0.42031965841159236,0.24752310930927737,-0.46713832913813935,-0.6939758573487746,-0.1782516780812703,1.3005064490442793,0.06671081296842996,0.6307422165316067,0.28484953581573674,-0.11490575010214671
2017-04-20,0.155997830763978,0.25569333650703996,0.015371401405183338,5.871812375768965,-0.8935723150224333,-1.0366498365660697,0.23160353802001454,-0.22636131576896923,-0.7341550765437672,-0.8328054835544434,-1.2051572777818116,-0.09658159028824143,-0.42580706363740384,-1.236506820603413,0.537710810548401
2017-04-21,0.5768548745484308,0.05471090100835296,-0.24073160889712597,-0.032450263654484224,-0.31613852719070534,-0.474235549024173,0.28530613973444147,0.2924001068220373,-0.4351616106875409,-0.21142032465250404,-0.43820493208426226,0.1457252687362578,0.5611061787084464,-0.059839621522277175,0.3134745039400454
2017-04-24,-0.4534728263369656,-0.04467349237886464,0.5772393587252334,-0.9006940041708321,0.404812588108054,-0.32771452721690153,-0.9067074294590245,0.2731715412214326,1.0856991695277238,-0.5734311650084021,0.8986604046640401,-0.1485758473275527,-0.16638213435656324,-0.47341733443995304,0.2244239129073895
2017-04-25,-0.016231411650887706,-0.06696430706315193,0.1470679658406714,-0.49076846850098266,0.3739912708709181,-0.18408612379641692,-0.28632914517502184,0.5163065121722723,0.06659385896713721,-0.09318966651269589,0.39465241609385904,-0.5120828764532711,-0.7214871392893565,0.06682944533873014,0.6648473022749919
2017-04-26,-1.0687202589675984,0.32206560952018926,0.13727649987520607,-0.2710447519927814,-0.32093806202509434,1.0654633264296995,-0.17359177089914768,-0.11199865275876211,0.041278453457054,-0.4466902577282045,0.3124371797502819,0.5917529757649821,-0.640340374241508,0.9158588495586915,-0.1900823519593171
2017-04-27,-0.011009909769219894,-0.5453730293392316,1.065399650994365,0.27874640085816693,-0.19563704764453127,-0.5008977449474457,-2.6478856799244634,0.3632481000199722,-0.17957771953055812,0.7527786121255788,-0.4500467318098142,0.24298270636344743,0.6948930951691854,-0.24131089621255464,0.7472992196736928
2017-04-28,0.4979330778029658,0.10031027955036709,-0.45183480470810067,-0.8121467369380343,0.24738184711298405,-0.20450596095191997,1.4643194165750952,-0.0008771684076706032,0.028740643792093068,-0.08200325483013499,0.1634969032021616,-0.3320640360761763,0.5126986763601756,-0.23696236919781072,-0.6796032972253281
2017-05-01,-1.2568700231890673,0.7993768806536198,0.6992326985642876,-0.4283022142239008,0.009547536341342033,-0.2076428335316194,0.07531529234498441,0.0005367329822304479,-0.3702957630658761,-0.4183432330284924,-0.09856914947291529,0.5501656542602396,-0.21823928163432443,0.5731243571337503,0.6349494169312868
2017-05-02,0.8478882914664905,-0.036116403601040244,0.0955347601981571,0.2593012820617651,0.2019008903906661,-0.28318727714739883,0.435110447511581,0.06998922895613173,-0.6887827794194628,0.20080487862006022,-0.5659157198516661,-0.38969194857275274,0.04322810005963397,0.5433594528457119,-0.3271363423790797
2017-05-03,-1.9547469274731064,0.9566123310418048,2.943734131875498,-1.3628812701200674,-0.08998349886888579,-1.5876685568033113,-0.49594107878710125,-0.040912797752761576,-0.35025649278069715,0.6176909526131868,0.08547874577553242,0.5572752482166344,0.3873923964342911,0.6289073904579277,0.2896068705764896
2017-05-04,-1.544395011707408,0.7331266170207862,0.7314587641460887,-0.8777365758976469,-0.3611684597198463,0.3924849778106724,0.5761002388812548,-0.17894792244107088,-0.17883576573689566,1.267016570068834,-0.5202755962010246,0.5338783724945276,0.3361375911429658,-0.34622519783246536,0.06769476774844382
2017-05-05,-0.041544813323029894,0.09231235090809392,0.22273311327888984,0.13975154871594192,0.23479327618661444,-0.2317052551954354,0.3780139293722117,0.353164845217723,0.14659341969166237,-0.003552278744812754,-0.2067780318553545,0.03206394198666959,-0.1997981013630587,0.04016407165075992,-0.7291894642017622
2017-05-08,-0.0382440495180128,-0.43383820971235937,-0.5231505255929475,-0.31211321672016085,0.4408096388218085,-0.09347691841150063,-1.467132447668179,-0.4176483912495986,0.3041523602616322,0.8272523003035686,-0.1604326821960853,0.4621020955993676,-0.44125224712646577,0.2566155014835079,0.6949752351723626
2017-05-09,-0.7606590552854017,0.5042760879664947,0.225942063208749,0.47017237984984195,0.12142280270705297,0.025514758813535154,0.4141698043578586,0.24239830739078944,0.3308092271194265,-0.7240936516446858,-0.023879402178969222,-0.6606339080428844,0.0654158432575655,0.30744976888453424,-0.14283626795414484
2017-05-10,0.8223438683367827,-0.7669245112326697,-0.9698979420537924,0.17186402892185246,-0.297317321835592,1.0331945796361668,-0.5122384415617348,0.06743992794399406,0.23775933304386532,-0.541412652573473,0.30204322422697827,-0.045009042849126824,0.1691086181274839,-0.5531959331829411,0.3893887129664763
2017-05-11,-0.9433185633189083,0.6449025508588372,-0.03750817337770063,-0.6186406184037192,0.9460134302834886,-0.3958848057103378,0.0809035049419195,0.5425555455520632,0.28634933563380766,-0.585395196731449,0.04064311585838282,0.024180644425468856,-0.17367648524237284,0.1846749803379666,-0.05070409352740857
2017-05-12,-0.6454068996044664,0.28732018173731866,0.07415903263477899,0.2217195374727483,1.0828724032781059,-0.2979656128196852,-0.17999128368812972,0.021320496150903256,0.30789545784779765,-0.3630859332824208,0.42587933058409705,-0.11349201813301357,-0.8085196561496881,-0.1581075904689067,0.09945151123541374
2017-05-15,-0.41216057402758255,0.7618588715546999,0.08029106227886063,-0.012547356461103387,-0.5331405041656946,-0.08986065553349376,0.11295498845455709,0.029405456174542266,-0.5867474135500684,0.44348034563393246,0.2516557588550301,-0.10733848566590676,0.0674842166875751,0.498324894691774,-0.24211519836221385
2017-05-16,-0.257387778754383,0.37901216585493697,-0.46569257021738536,-0.4903570557191049,1.385702374860388,-0.5523926922850054,-0.6878000430516036,0.09042233663050964,0.08410491868703251,-0.09343533129746806,-0.3123628789820657,0.10363116036441555,0.11765063069302606,-0.08630309694613764,0.23218636200254106
2017-05-17,1.0353567805513713,-0.2923502645054583,0.6131114705027946,0.8145867841051748,-0.6679488274902914,1.6159390077376896,2.55843751008732,-1.5718304851385168,-0.6523317003053943,-0.40742246537677484,-0.45668813210254644,-0.32883508577281795,-0.9000301590808681,0.06660221454148418,0.13834656661084077
2017-05-18,0.30542315458880476,-0.40117508202554575,-0.05658164648857711,-0.005123885623009999,-0.24636700225751074,0.6008835873356688,0.17739746292465103,0.3925710840988047,-0.6837689152219326,-0.3731993607926449,0.3770831526150849,-0.1789859353486915,-0.13341107316731962,0.037265703049254806,0.36546681811289283
2017-05-19,-0.3304957084787555,-0.3823165750910105,-0.5026487253325808,-0.4797166937832802,0.8887281544012254,0.020657598187336895,-0.14312512939174604,-0.3286026154397624,0.3692155445617701,0.5063216263980155,0.007515754254297402,0.2801167405853454,0.4848308489249795,-1.1836624077321947,0.17787447062620187
2017-05-22,0.0317029495813661,-0.03179865773513568,-0.07674549082126458,-0.0863341791160318,-0.1675241849885758,0.14088196164925426,-0.1434126529078309,0.30771195996711964,-0.36556542574231243,-0.7469859577874567,-0.04967926244125234,0.289282987894139,0.08727888096207922,0.40340831043226083,0.3625353989217833
2017-05-23,-0.012182716537406768,0.5171807876921029,-0.33868443340949983,-0.3137420162142528,-0.21898744316709495,0.13850174830272022,0.5646479652818021,0.22361632152357647,0.09486946962130083,-0.4192479253691588,0.29546360085687984,0.08569243010461625,-0.21160327553642766,-0.33687889938972926,0.046111811663711366
2017-05-24,-0.07962343816209627,0.10805499902789995,-0.2881027273917468,0.29598505720993273,0.25547514254104386,0.4340300552292289,0.1777111126554824,0.8614629782781348,-0.2627673914037458,-0.25259090619279634,0.010504994469987594,-0.3647311328691155,-0.31776291087164477,0.08168971769767203,-0.44191433981991013
2017-05-25,0.30029634121755633,0.7119035214814633,-0.4783206893565771,-0.31207586866346815,-0.5217521735763807,0.20511030685659004,-0.37087736468796856,-0.230250506445317,-0.8157903916267226,0.7411329929012472,0.21852677555168742,0.0468502535586473,0.6175734888459287,0.5126239473191612,-0.564364660476302
2017-05-26,0.5895394454410733,0.6838779664448961,0.03318538333342774,0.2267360868768304,-0.010458331677680122,-0.44098778611066825,0.1722438377904799,0.29498754942930694,0.0385796480800157,-0.240488065653636,0.28546181418397476,-0.08187843374860673,-0.7864910838747698,0.1648494185470879,-0.5614739032360022
2017-05-30,0.08482033120884425,1.5975205787177296,-0.19290392763135533,-0.15743224994269078,0.401328334661218,-0.6044576346197181,0.026074536461257236,-0.2538746424003553,-0.6465202078648452,0.028429131115054407,0.18907113061714664,-0.7053661475584321,0.6118451053269555,-0.43453577766263696,0.21391908033126628
2017-05-31,-0.5929283421639469,-0.8129591953967235,0.5118921093663059,0.02981068786553706,-0.682277383171211,0.627127015980986,0.8700953243044508,-1.413332095183304,-1.2339922749434873,0.1945985229895297,0.16197350847948178,0.6987270781134551,0.6049270156344817,1.0740555055416372,0.21386994760383637
2017-06-01,-0.4434799626602921,-0.7352691272580595,0.2574675489975071,0.4653648004817168,-0.44355318789326226,0.3803264113232667,-0.2640686951071196,0.14487826900844936,-0.26731014128805963,0.4279189685029239,0.2234615009562666,-0.40495807569110065,0.26480433815449156,0.4000400843293448,-0.05495905945719337
2017-06-02,-0.3423109376070237,0.8116874508062217,-0.39855990892081816,0.47112072855657905,0.44184074691661623,0.11300623101825386,-0.44941747091571355,-0.031791272003717175,-0.01308089024786091,-0.07831581038599383,0.3637038044478772,-0.2313956538991136,0.14474984695230683,-0.7817176730069467,-0.03949343471200267
2017-06-05,-0.0444111748567807,-0.5755094565305567,0.16870017774386878,0.5392490744491985,-0.11151361800330764,0.5137576749559447,1.0122360867990334,0.19037286075544704,0.16071038078120597,-0.5050616920021354,0.3513771147125802,-0.5210933528209347,-0.8195783847610653,0.05825941974663279,0.13655351630786397
2017-06-06,-0.3401958862468315,-0.0005121303633452978,-0.5941928508892335,0.7197594277081045,-0.2800327931179027,0.7004552201926186,-0.7951043723919017,0.5316772489244012,0.6998840871118761,-0.082448515016035,0.36877519309541346,0.3536608027235174,-1.1481850550931672,-0.18226406836826203,-0.07342197339391154
2017-06-07,0.2153996038436863,-0.5156573076050653,0.06740676059919434,0.3477821456546124,0.2443174889162636,0.4282496544324272,1.930242589829454,-0.36219896171641075,0.2688291998088995,-0.4651329805936975,-0.48555215246201766,0.3572069930784505,-0.4726488122023213,-0.6609616900517933,-0.15210076243674675
2017-06-08,0.0975411280453013,0.06457930608990226,-0.0620131732932232,-0.8736897969097922,0.35189403163362454,0.09697588831150183,1.5875734587452681,-0.4559560175266355,-0.2839304039342383,0.5923234384808922,-0.24404895150767358,-0.7536681522837423,0.37061367425582437,0.017013212850249593,-0.0685420139796562
2017-06-09,2.386348441572551,-1.0265326065589546,0.38950335432936345,-2.3303203521490357,0.6150706268590642,-1.043687193941615,1.0414754664227017,0.1450697147500828,0.778071445215818,-0.5815108226899852,-0.2547859213853516,-0.4367962569124286,-0.5805241701624837,0.8204329565813113,0.20962044508342625
2017-06-12,-0.17522890915172928,0.040888680515171014,0.6409292328027628,-0.0970713711104541,-0.7056795628386705,-0.5423751629888123,0.7563304968179985,-0.4733078520676283,-0.2295083890171936,0.8038160296300648,-0.45358888276994347,-0.43173111553729526,0.5628348546736703,0.6234662369028581,-0.16107472576285606
2017-06-13,0.3956805955861296,0.4187883709682797,-0.25948516657315124,0.19998086786773195,-0.05459456971129062,-0.06845172804450748,0.11334028558403064,0.3178102206421095,-0.07315491221958259,-0.21366143183503633,0.006337534341793627,0.23728197897920877,-0.5561838957088302,-0.09864075701623032,-0.12396226698457502
2017-06-14,-0.3140431807734133,-0.37502532966821567,0.6071981472177975,0.19415230162784783,-0.14221073288923783,0.2562767462054206,0.9000194047523389,0.6856317921775232,-0.26585225833949994,-0.2894732439763521,-0.38899255431435287,-0.07836046644342978,-0.19523042800317744,0.22540717171045133,-0.41183328139695263
2017-06-15,-0.8046219699203461,-0.931959979063801,1.0419100220180995,0.29023469925890205,-0.3526561446536023,0.21786201240905956,0.11023720562125983,-0.3853741804842399,0.05634374014449023,0.13145819064484482,0.3122226155614439,-0.1375335921952887,0.5686061329329879,0.2773163342938273,-0.43439369344238354
2017-06-16,0.336483252592198,0.17014789298535632,-0.054932398982997656,0.8980255569292467,-0.07048210863797727,-0.34378989809121224,-0.5209851861424661,0.05712075636025754,-0.12723204843065208,0.5901243882962379,-0.03624099468499534,-0.1334567389349007,-0.4092863667256429,-0.15225820800715137,-0.10693014284917023
2017-06-19,1.0140248763617237,0.3491774161971946,-0.4385663830225636,-0.5857010430519382,-0.37400161254002706,-0.37055366918310906,-0.30447310550318063,0.535459523428351,0.8920902541732352,-0.07362352357016266,0.5941148736798456,-0.23678116366529534,-0.3426542409459187,-0.3342948145393321,-0.33807983349312365
2017-06-20,-0.3180210123579609,-0.5505557278466541,0.09211072149153365,1.2334006077947155,-0.4163771125855741,0.3223723961403485,-0.8398253100860373,0.2319758853261643,0.020121843437848175,-0.28440337829102713,0.12966272939052664,0.06932341423624533,-0.16496907545243522,0.10563417237859851,0.28069772687639627
2017-06-21,0.03683128090074561,0.2993576224440237,-0.1695031184202503,0.5898309286383471,0.3869535228017249,0.14783286480717373,-0.5304691717392057,-0.24804319620348736,0.33275335835684,-0.23929981209636342,-0.2379046210424548,0.3187202422726957,-1.1165517591558631,0.2215337308628722,0.26889402750676317
2017-06-22,-0.3185388510991658,0.6015087630220551,-0.1666098514190495,0.41844759032962237,0.11181114850315527,0.12397857502083709,-0.512426203833718,-0.1846473716382132,0.5249630674624495,0.3831235386426185,-0.06177932542333209,-0.32637174647219447,-0.5324277435409615,0.47430992099470076,-0.4879948629153892
2017-06-23,0.020515476402820365,0.25638473492537817,0.3769660645406475,-0.021044825103603892,0.1519537226154069,-0.5730017788926647,0.2778115971259753,-0.08927147357159326,0.4065633456472003,0.3545727093179259,-1.0060605825312043,-0.2974038276715396,0.36020608907227736,0.4272740923259456,-0.5627863701394598
2017-06-26,-0.315411436755352,-0.05248404516078639,-0.1992816835888403,0.593771167820315,-0.12085065133432221,0.2053631903546351,-0.8228422252567531,0.5456927039614349,-0.10101919079503813,0.21051586351069845,-0.04387344481239186,0.054637348435047195,-0.10294752224995907,-0.12837147940728205,0.06608941600029344
2017-06-27,-0.1307885549867352,0.3270270496745567,0.05177034829288596,-0.6581737626826694,-0.10531703246995505,-0.4291005051871867,0.15771600180880663,-0.5248577059977598,0.1738643130652573,0.04439867867268221,-0.40388802732232654,0.010547449574775047,0.270288522206206,0.5411797174277104,0.39600848904307606
2017-06-28,-0.8612448294655364,-0.3105485877793879,-0.4670607896796202,-0.16178407887408608,0.07871162401131526,0.43373163508238943,0.6487469799610024,-0.17097347977059285,0.5506392325951177,0.9685058212405107,-1.158232740009267,0.2327769141280629,0.7191352228412342,-1.0847508643800747,0.2535679903445893
2017-06-29,-0.2499381270776886,-0.41384112388788524,-0.41788649561046726,-0.8986504635141638,1.478285474237177,0.2603723665857356,-1.973967104955811,-0.5310343048121564,0.47419584160872574,0.8944642305506885,-0.26612228335349686,0.6763394281656353,1.0088175244028286,-0.3496238310911082,-0.7724558526837364
2017-06-30,0.04840035460226482,-1.9138093605629116,0.4269397587275826,0.7291594387787225,-0.07320355526920444,0.4353663064725566,0.18924097300391007,-0.5787889701052452,0.43100383314677826,-0.047741745361469606,-0.17403355006396234,-0.09050683103904292,-0.015000802648668404,0.04776866814740241,0.5014496481033537
2017-07-03,-0.1841907688853479,0.5916262417610557,-0.41494233005114245,-0.33255248355928313,0.4196254746791306,0.25216038523859496,-0.3503289091850914,0.43831153529472355,0.3946552446279641,0.3831141996977656,0.15919762433534168,-0.7012753404625853,0.16834448383596468,-0.7302947673061126,-0.14417448439754788
2017-07-05,0.30514064793317025,-0.910320924976728,0.3483738691435223,0.0421082673017082,-0.31509723881131174,0.02002562161445487,-0.28282902781584607,-0.06392642255910616,0.5105201607843001,-0.39242283156808394,0.4679738640479894,-0.19201791400987073,0.09277936344603846,0.10633087799249918,0.14156005703616006
2017-07-06,-0.2301733911180892,0.927285721913202,-0.4120786547498836,-0.7008139607623812,-0.9506032326841793,-0.25884599802173824,-1.1400699598779496,-0.18244016476770478,0.07113107923554357,0.6967362489035546,0.2665815852671497,0.2905200559196043,1.2347180870431018,0.16929472002937845,-0.36508303163407585
2017-07-07,-0.31032027057235556,0.08994516594994156,-0.03112609808191985,0.2673829621683661,0.2558782741626758,0.16665043937746904,0.44146844711359795,-0.4196945653555369,0.3013840190753371,-0.09362712292835312,-0.2180906472212342,0.11858562109432896,-0.06567220546326702,-0.5259980217551777,0.14747158161165025
2017-07-10,0.08381923831477311,-0.12996246405659234,0.1626345060687444,0.011633352252308882,-0.5952833598634423,-0.5144943929402199,-0.4043932530950998,0.24907752640930664,-0.6971091301858732,0.14661743131819793,-0.20069391646097715,0.5925599431220203,0.35973571302262014,0.5685215968398976,0.0713742358792529
2017-07-11,0.3268771260458929,0.3209930243134989,-0.3441454743962087,0.018255459207510316,-0.7333766156285864,-0.09272796463685151,-0.4588772511060517,1.0238704762428898,0.11298394050761923,-0.1887790874017382,-0.36387843171135204,0.8066638327787391,0.10122721569959636,-0.32661111000340204,-0.31364192149342063
2017-07-12,-0.17901935084482612,0.31763556812448757,-0.017169760527247835,0.7067937847624948,0.06740210809332024,-0.37407317878623914,0.17691512356985098,0.20658989653015114,-0.30193754710680376,-0.0509799226283224,-0.7948361256113059,-0.16163727212077972,0.38309489891044934,-0.11691290773220603,0.24978307123774823
2017-07-13,0.2809087117451592,0.76706747681563,-0.3895047620312716,0.4929123879187019,-0.5609855958564912,-0.1331483453873608,0.11009527586858699,0.18692135568327695,0.00369858647682475,-0.502084223034033,0.36757918935030326,-0.10484464391096077,-0.04381168321934287,-0.24548280057217528,0.09576699179510834
2017-07-14,0.3169295252135099,-0.5950020655547608,0.13876727281961537,0.5143503313815643,0.05016059081371138,0.14161945738412018,-1.3317866574880226,-0.13909330734878883,-0.20316373912598584,-0.2554645566893755,0.10562789784530491,0.35780982613212264,0.027012400188117014,0.37648465976782136,0.2771945656515808
2017-07-17,-0.14151756491219425,0.02282173950249139,-0.6891223163555896,-0.12908100707935397,0.10167121011142921,0.5526776513627996,0.08036352160290143,0.37337669257161776,-0.7965490854984247,0.14541658292350781,0.22103102694402813,0.21858875089824703,0.027350193639385623,-0.16974711678351004,0.09347546862630404
2017-07-18,-0.09799782205281195,0.18940516496764637,0.5927366414175745,0.4103748880097998,0.7174694458974398,-0.11938546550672809,-0.1437476750585679,-0.8630597712265838,0.3297219425891725,-0.3927437750112863,0.3557426407990311,-0.5938626090191718,-0.05693299628214188,0.32759746250854405,-0.2893300250143558
2017-07-19,-0.43051331061852716,-0.03576549571443238,-0.07611045742218708,0.41678540074140213,-0.6692597053808665,0.40408303502831944,-0.4334548344987661,-0.4558396938638659,-0.19030852461553527,-0.19945566256533775,2.1220270718394216,0.2165788528333933,0.09529295075540534,-1.51612293531999,0.5747641284643461
2017-07-20,-0.3217570236944064,-0.026463738190505834,-0.1663672575723741,-0.991258294828015,-0.4886050940671658,0.027394802632220744,0.4721691001902135,-0.036834618009581904,0.10482470458487936,-0.4969224534254586,-0.056461394526338415,0.5311927111394072,-0.050706694243258715,0.03957989266582887,1.0695322057732919
2017-07-21,-0.31109399984983765,0.1579333642170157,-0.34644280291837526,0.30756233647820563,-0.39970258832024197,0.11908159139234319,0.30069771470819595,-0.36181795973254194,-0.1272529919494909,0.32985980128237946,0.3439355436550513,-0.31025195250754317,0.7789208450037073,0.11954989301464689,-0.5830643756800654
2017-07-24,-0.11040656084560654,-0.31847305227295564,0.4227472618536988,-0.9186900983224929,-0.019123202478797882,-0.46167520917798693,-0.12722660849634992,-0.8395999326612908,0.3728084846408557,-0.28776394008770867,0.16172740095006571,0.512392587713339,0.03172814850416422,-0.36461886952828826,1.3612064297203146
2017-07-25,0.07851956547204375,0.28855809463566096,0.03774959854065224,-0.3245266870016382,0.97804308650924,0.11132144700324509,0.46818951715772583,-0.43763771493582015,-0.07678065325733585,0.11152761121257426,-0.15932901357643248,0.025930280670810157,-0.3636193388355291,0.2389828417184865,-0.605650799793583
2017-07-26,0.7455412903311169,0.7904296800059015,0.7052304782154739,0.3225625979119123,-0.16693417903746288,-1.837397725488449,1.2769469994383729,0.47080362794597236,-0.729676126498215,-0.34422539418542564,-0.4358032603046,-0.812886588749626,0.30700132334311747,0.29878974364775807,-0.2051619414867225
2017-07-27,0.8299466041043045,-0.6838786022390887,-0.4080906481855652,-1.2701199572113424,-0.6302821524341565,-0.6859396162728352,0.2599419104185222,-0.18978443951106122,-0.18717521527640568,0.852334277879198,0.338961921915234,0.08493237979964088,0.7150744960706461,-0.19943328821152972,0.23221807841615982
2017-07-28,1.299570652241214,0.1466110860493669,0.15536681869211333,-0.03510920591435385,0.2918259553356839,0.07126545152763919,-1.456851911229026,1.4399654929679064,-0.02461742802365835,-0.41219247827724326,-0.40365346259972185,0.23380673492442985,-0.3863017536382531,-0.12214615962446436,-0.3812814965248369
2017-07-31,-0.13154606677639236,-0.0920176503407375,0.1503340295016773,0.05472389514135467,0.8574569082417531,0.558129725190437,0.5507058630624033,0.25596582039452564,0.044437781056617,-1.0945342744298325,-0.1065228916356884,0.2990867105014347,-0.6572421659500916,0.02792076796871057,-0.187117842772904
2017-08-01,0.6434435006295249,-0.44555603726491366,-0.6682892096155152,-1.2640490019016393,0.8453809410742873,0.7608939799344934,-0.010468227566996724,0.06843696656673215,0.5593138555160461,0.12293327363894435,-0.2132819091049306,0.4477523342481283,-0.05108235395259764,-0.4444742640549337,-0.5917915311893003
2017-08-02,-1.467087911307682,-0.6619848380008799,3.9974262767377273,0.02531457526670719,0.2989911819372439,-1.4984552739818526,-0.0708169858764765,0.20599983271214456,0.6184725873279969,-0.9749422210653846,0.5665515710463318,0.23156857369174663,-0.11051225285616884,-0.09021195309407798,-0.46944609524593434
2017-08-03,-0.12509718069305076,1.4776917595027117,-0.36550148573705055,0.43830457022750674,-0.4990849876867617,0.8232491685970885,1.1857226796979807,0.2820409528522434,0.2118612387735641,-1.58596586486266,0.7895922429550398,0.7931672851204665,-2.973237474039328,0.5736958161799313,0.15035778934951882
2017-08-04,-0.06467869643762886,-1.2322205336632388,0.7403347459572989,-0.9773451124741229,-0.24698630696026924,-0.21459863858973202,-0.24854528120083907,1.0604180020952705,-0.21362622865037784,-0.024883668974188367,0.2018097672982464,0.10374148147008722,1.276615360903261,-0.7369110834505841,0.08654679000003718
2017-08-07,0.20314023204609255,-0.3427884505273756,0.32003365839135145,-0.13589005838005125,-0.20848548946048115,-0.08317184685650059,-0.5906413105155142,0.9783510944170077,0.25631234334672526,0.9505611440044387,0.205374042866912,-0.7976323415195238,-0.5686237928099189,-0.41568633634429475,0.1744159414940854
2017-08-08,0.30387618775768976,-0.3690838522732116,0.11069774799868243,-0.17869496376671745,-0.33164597035807736,-0.69899351507133,-0.15740967507269055,-0.1111837425928906,-0.38840194143028106,0.6638876329529018,-0.5762573377211535,0.9998260962896692,0.09733300194485212,-0.22455234386072037,0.3435047225196559
2017-08-09,0.21033978568067963,-0.5463797747135077,0.4162914862046215,-1.1860891896249546,0.012443735086430485,-0.10089064892385402,0.8693421357685283,0.37562851820454907,0.40519722526578195,-0.19772384443817903,0.22114621116545308,0.054525464878239505,-0.4355815356271908,-0.683295047188773,0.47549234286969677
2017-08-10,0.1173786660520153,-0.6122618900535506,0.39933089784595865,-0.8214564066984147,0.37004184138819385,0.2610649004099148,-0.14908937109452358,0.22319807510137135,0.7217483916984959,-0.39994194840964825,-0.15567293199883014,0.19751998920896074,-0.45293646384545116,-0.3805931272370442,0.5591702270227275
2017-08-11,0.7309468364767173,-0.4438851938717917,0.2650917233165604,0.009660131485863754,-0.26742132476304564,-1.0878599859142408,-0.1402929212685894,-0.0549074657997034,-0.3767686685085394,0.7750705313866408,-0.7385900893996047,-0.19480556307953534,0.3945580256674696,0.6607721186912062,0.06545883185466894
2017-08-14,-0.4118902425854736,0.14406848092152807,0.09250902021722307,0.444340199888954,0.027764266271523175,0.07593502400974983,-0.19550185860779434,-0.1763727246517588,-0.3437688127030494,0.1323294669565207,0.11854150424331888,0.691214233653688,-0.33613268138021535,-0.5245336287630608,0.29446408338008223
2017-08-15,-0.6613616583546569,1.0238368617748206,-0.23493311036797226,1.1092634967348642,-0.08916785673284584,-0.09791927765746661,0.25889527875125884,0.023689291310481125,0.010878038488767422,0.3777199381323578,-0.206388477872744,-0.6109448833213098,-0.22725409659706414,-0.6058655606591461,0.23451754295994798
2017-08-16,-0.7346991600117555,0.3326269742561555,-0.04138480194956751,0.5300203167392966,-0.017820245101664356,-0.12947241842587418,0.1643169259153211,-0.3013507086634268,-0.3951778954744455,0.8669366001543267,-0.36428215591484725,0.18635512169241725,-0.12977587009704905,-0.027532181500342923,0.061180490864488735
2017-08-17,0.5746375852383225,-1.278150649949824,0.1122384524875426,-1.1215015522620018,0.04317582345112547,0.006494716076645535,0.9734520849763912,0.033003943291163074,0.10029131309666584,0.4926837832322344,0.006305216060304986,-0.24115635219879916,0.409542155135052,-0.28600964887702807,-0.24483309371455286
2017-08-18,0.5577005925267192,-0.7481862257911477,-0.32961920212235074,-0.8793921248398258,-0.24822778813787102,0.24150280795446466,0.4385869962114753,0.12587147173659957,-0.03195187206861591,0.18453059023196297,0.3848696147544747,-0.18920658967334972,0.13253373011427422,-0.25824148187256135,0.23087750509342736
2017-08-21,0.4955793366932142,0.24258087874445802,-0.4795286885786596,-0.30380922207512934,-0.3732781384748143,-0.21040453939169024,0.11483488572713033,0.11441527783312333,0.44042008110094344,-0.030418989271358665,-0.782918983423826,0.09190081591097399,-0.054438661800396804,-0.013640813699702048,0.49120951117784234
2017-08-22,0.14223559638272365,-0.9125485449606547,1.1058200335006596,-0.4855260704541715,0.2384443462632848,-0.35953857217745155,0.35741779841522553,0.09408666695503864,0.011424008638181493,-0.11840582216802509,0.6402910531400272,-0.30874045996012467,-0.294931769847508,0.2102395621956502,-0.2218634197161352
2017-08-23,0.45059241444248493,-0.40043146402259155,-0.040560557728601676,0.015171996441892988,0.30292314406053256,-0.1457474050834382,-0.2902478208435854,-0.5258917511255055,-0.09697665671820324,0.0472817198050845,0.2902907117451035,0.09573786601134977,-0.15947591630726415,0.14087292833641504,0.14790486575641415
2017-08-24,1.257463298871941,-0.5777717696627901,-1.3090478467205544,0.13568605169108086,-0.013001678324625288,-0.2535421489338592,-0.11168728369841632,-0.577889132626228,-0.8162475328673618,1.0513929989938078,-0.13446282447572677,-0.09232011482637362,0.7808378511147254,-0.3530858085746957,0.4215525847042836
2017-08-25,-0.08083598978159068,0.7315793213404204,-0.46517195535963574,-0.23080848993636516,-0.015046229544625825,-0.016557144564606885,0.6864903194105441,-0.205806569450688,0.1636406963654622,0.10474044435175367,-0.3983436548549395,-0.29200197031002706,0.258712608220687,-0.09610988049859356,-0.10555270745465828
2017-08-28,0.7505660442985679,0.6361605475947685,-1.028743988934483,0.20283237810376675,0.006705769193583039,-0.6795767204174361,0.19471434290072953,-0.7241378838843007,-0.2390695073752444,-0.15201243890043525,-0.6439675025555975,0.139486016077646,0.6778297844476175,0.008494613748533886,0.5553156964070733
2017-08-29,1.2665408872202135,-0.5924254939530729,0.6635672645094819,-0.3542747432357757,0.26827040537227986,-0.19866255642763053,-0.448004069214028,0.9483296284699322,0.13971219562921278,-0.7611460895509118,0.5226026178569567,-0.35896964544067533,-0.18784305045980942,-0.09654793352569702,-0.5461910285997035
2017-08-30,0.543818354489337,0.298809630037916,-0.34118748806443455,0.18698120047423542,-0.05823980993451372,-0.06605506058308108,-0.5953216181634357,0.3850377716552309,-0.4689378392860576,0.1543750727281244,-0.00900678440064806,-0.9475831481924885,0.40962527276361504,0.5034533570656379,0.0506768117945289
2017-08-31,0.2790941267858459,0.662663436026014,0.04271802843922112,0.288288746764708,0.12501335642024655,-0.19230815986607858,-0.45013512434902736,0.7134542439152098,-0.5240840606333388,-0.3026260592028646,-0.1545370332326023,-0.3032144935323505,0.13583162843710556,0.8837468099464324,-0.8637453226128068
2017-09-01,0.4566974318419606,0.46035366047905135,-0.5114042750864373,-0.0016485876194885507,-0.5702632715762332,-0.262947090013103,-0.02190576489111798,-0.23136480264286574,-0.25611763164337675,0.7084258462648736,0.09424555469726337,-0.04596894344778257,-0.0800059290434314,-0.3174244704785235,0.4111470772247827
2017-09-05,0.5121407391070312,0.5742732617329027,-1.2854879532655556,-0.3077920860797527,-0.47174352858519497,-0.34276354174023815,1.062567724996483,-1.6817022796457235,-0.7534137089233894,1.5659284829023035,-0.46623483264168675,-0.11261692967168058,0.9368207507454187,-0.8942420794623906,1.0596790196183568
2017-09-06,-0.5894839578736395,-0.8189344463889181,0.6926444884473668,-0.919995017348168,-0.1278081569293531,0.09492050834998678,1.9011025300344282,0.18256917340894685,0.2792982228939466,0.8029621563410858,0.05707125847133429,-0.6535778069365044,-0.39456372687294455,0.04344042134005571,-0.4492864244387937
2017-09-07,0.06061634525781656,-0.7659299695620507,0.6101896527507953,0.25849261745524177,-0.10117773369943062,-0.32885505325650843,-0.1313820961969483,0.832624953337525,0.07811191816600038,-0.2697219945617393,0.01608352874641228,-0.37288575551634473,0.42477575789223,0.12006835069896704,-0.33106721505025005
2017-09-08,-1.2713350041020628,1.2913968868239758,-0.8814545722952527,-1.5861903595073177,0.4295539957142449,1.6428157894690756,1.6244032313199335,0.10445844837832408,-0.7212382440647465,0.8967384470017188,-0.7001803777729285,-0.3139570575565881,-0.22357035834841255,0.8542935388907433,-0.9802420846232223
2017-09-11,-0.3802468808432886,0.0896755115395953,-1.228788244168097,0.5249468713130496,0.8698163954600104,1.5423065406932994,-0.9532755056522955,-0.22948787416170613,-0.22074302127908219,-0.5765574767137449,0.4421425628955187,-0.07968834005418746,0.049753101056804416,-0.20554590532361194,0.10947040898881344
2017-09-12,-1.4659000887414806,0.04941691378823987,0.07943118005583805,0.5568354707990956,-0.03829948011924533,0.330208200449716,0.24202213249179927,0.4134105986114269,-0.3131000258899579,0.13099231256566002,-0.4735457610588403,0.6788145611374825,-0.4409851362418664,-0.051350157750638115,0.31956917210931324
2017-09-13,-0.0486580522890766,-0.3864642595679094,0.5166642400474315,0.030911984973938645,-0.03422529695512411,-0.7803157715996412,0.45162884187547736,-0.2406950952022512,-0.2764890360145364,-0.5518153074201904,0.3914678914871749,0.39850085275992647,-0.2320297956178176,-0.3604837074230902,1.1146202355489394
2017-09-14,0.32106266827864616,-0.47952706805951095,0.2486540629232321,-0.8684253850808049,-0.24968572556583835,-0.42731030090931676,1.1167757570755628,0.2745513489933059,-0.13824807869303526,-0.46244637904186797,0.5209321625665825,0.12291200293557483,-0.05419344749108446,0.8179003097296327,-0.6650739936037074
2017-09-15,0.5971505433066584,-0.558406886380908,0.08435909759728966,0.7078069976803656,-0.670185869357592,0.08018955313871667,-1.2183109350709627,-0.8925387143624259,0.42144619865193894,0.033088745736315095,0.07930076450470955,0.4423346900983804,0.4568722360685847,0.2862976125180554,0.036647286823387304
2017-09-18,0.02817415970194892,-0.37505812617997286,0.032008114247652875,0.4114829078784986,0.7011255538537144,0.29493132938756944,-0.7709947415581302,-0.20520624666550047,0.3063492674055286,-0.6744156921522919,0.17021886866665947,0.07047638260694056,-0.5779123073531879,0.2163453783534206,0.24771065819297533
2017-09-19,-0.13990155381630542,-0.12390180055650912,0.4837662311591776,0.6207023420340696,-0.39195792122635686,-0.4906095750754694,-0.5913113552051151,-0.3905474377213518,0.15582192526111005,-0.030646036339511018,-0.2210071365592654,0.26698446830811806,-0.08082755702010613,0.11358223465086936,0.7481744040169489
2017-09-20,-0.0014900785378486048,0.5680149918049137,-0.46815058090921124,-1.2257449235090419,-0.43622849802304753,-0.3138324751460461,1.4039477985834132,-0.4183637716419283,-0.06037239703938002,0.3728125832923973,-0.4789604006271405,0.35649407237954567,-0.09536888649173103,0.6052690178912186,0.07769468993582229
2017-09-21,-0.2966076475773151,0.8303121398270037,-0.5178722411986878,0.13318720424200256,-0.20399483727000933,-0.17918174696667877,0.06468976285252254,0.1860103530229732,-0.01245915997460828,-0.008950140496654435,0.06352731858781707,-0.297724698831633,-0.796554499789603,0.7761572618465579,0.1825950170158968
2017-09-22,0.3145085178983018,0.35842394169897573,-0.38657921013802077,-0.08385913872070674,-0.5410748876974503,-0.35532317958160053,0.1819793139879552,-0.10513757501205946,-0.31167974155089145,0.11514344295989451,-0.13971596454817942,-0.07818869534347477,0.18261242867372696,1.0083334725683297,-0.20135887246345796
2017-09-25,0.31091385124345905,0.18388790012555262,-0.23242986494281626,-0.052958632682846396,-0.4070032279437673,-0.15783165240279246,0.07211390565103387,-0.041716597974425285,-0.587194928039844,0.7857231045605407,-0.634158228230993,0.12688036329126864,0.5174977461220427,0.07859977968098805,0.04147587596773136
2017-09-26,-0.7098214239600088,-0.23399149316469825,0.5562115227007149,0.9507505756383283,-0.10572829633080442,-0.025050821474048912,-0.7263377415999931,-0.09366253422053274,-0.5664357487383304,0.8996757339907092,-0.5972313099181675,-0.8273007309149425,0.4579711396055726,0.9603887561995017,0.11835889852658435
2017-09-27,-0.5719076513424102,0.8061884383131743,-0.33397099651823703,0.18688297277738009,0.17270714498475082,-0.3688982012080163,0.2783808990630161,0.501459529392174,0.16813820548015834,-0.8063020214517986,-0.35898073646015805,-0.12708961947033925,-0.7067402160443209,1.300737499561063,-0.2147982351721247
2017-09-28,-2.697665674349461,-0.11898550003381791,0.614745205723763,0.6549031666874086,0.5315294333349412,0.7924916533327575,1.0029902032735747,0.4019515939180437,0.3952092417690154,-0.6198151802255453,0.32852307421181814,0.29846883685724834,-0.18228723505394728,-0.5683743009399469,-0.6440797600017916
2017-09-29,-1.3971481736362414,0.35367615027397026,0.2999745813754707,0.9937296138420146,-0.026962541086700105,0.23087946366467754,-0.09188950199918783,0.4394369572736395,-0.050128157658782646,0.5004359494288378,-0.37016705434688935,-0.2597213344761966,-0.30854343232192194,-0.09061635987282449,-0.05376415108215171
2017-10-02,0.017110694335304433,0.027236723619332714,-0.4824706975859125,-0.5975394546001213,0.6520095244515696,0.9238622700667144,-0.17600302569013704,0.5710778465030011,0.815741356190494,-0.3790280727706196,0.5535117715190468,-0.6721591318891826,0.11097792615523705,-0.20993284400934165,-1.197359177506814
2017-10-03,-0.09763180202345767,0.062330874503255584,0.16954663844541407,0.3186939258753695,-0.313558843128744,-0.20598392671405227,0.25490583447074516,-0.13918983948234398,0.08525013627799655,0.23966514533447703,0.19742032066061627,-1.0263993598612333,0.4621198739377265,0.5518588966353843,-0.3231626680099587
2017-10-04,0.06981531477129549,-0.33848797179280027,0.3728373547423629,0.14111605962798546,0.49216529471688264,-0.044370242850910374,-0.07209299792927976,-0.03923596603798496,-0.6973041476012798,0.3700104748397681,-0.13676584448024537,0.2564915236714106,0.17024568572810472,-0.0382846117883735,-0.3683877041543925
2017-10-05,0.01873764978939635,0.03234852644512021,-0.11735522005141616,-0.19561865221207175,0.6583910330149669,0.08099424369786645,-0.3778838698821805,0.7524667541463017,0.08738122468258469,-1.14137280851373,-0.35830894725771023,-0.4269955954532646,0.0980609852655594,0.4847420102353195,0.1620751722129108
2017-10-06,-0.9740952981009208,0.5346642585527207,-0.02734120129844164,0.162821234365415,-0.328193171064268,0.23029807267149252,-0.34210247930146975,-0.15975659040545145,-0.29500633344178073,0.3641766602426753,0.05771845791600614,-0.09132994290107799,-0.09398752925675097,0.1921672158019003,0.6354284591462784
2017-10-09,0.6101401623961328,-0.6806427336528844,-0.15169239599964396,0.3643284362660646,-0.022562433803360538,0.0010747759727217365,0.6404060930447186,-0.8112426942357154,-0.21323865418618804,0.33059053181934983,-0.29939729017034417,0.28488450372895757,0.04786296000755608,0.5075029793236281,-0.3459128360834076
2017-10-10,0.4163156660346894,-0.27158963276732545,-0.4114463383351342,-0.3885328500244133,-0.4331801850613187,0.30277752611903186,0.1608296817192758,-0.21987811348394806,0.8023854896969311,-0.26169289112605654,0.061907142245543834,0.5258016982806019,0.028541533045176593,-0.795026948834843,0.3411723471480417
2017-10-11,0.1441982360235255,0.18941295905791544,-0.43026199961119294,-0.0029622365806220158,-0.18828409181583283,-0.017722490718627408,0.1151639372066065,0.09375778425594217,-0.12259910301613947,-0.39419909388645114,-0.3574132323449244,-0.039835626887561454,0.14417602276787345,0.6040057401736657,0.17420687081587063
2017-10-12,-0.03263840156135299,1.621499907414696,-0.9586320083132206,-0.0577737567336889,-2.1956432853921473,-0.7264121945448736,0.7904910632258975,-0.01622139096989872,-0.0036655943683550074,0.6877950969117663,-0.005106843556597074,-0.09551597286091729,0.4334397932212134,0.37338129691002764,0.22980692274857784
2017-10-13,-0.7217001287023971,0.9439125281475624,-0.9098192353828132,1.8473549364801738,0.04914927386731616,0.6942189656929924,-0.21164143872428148,-0.1948729070128214,0.10420613093132453,0.06237879415663902,-0.2024892104385997,-1.0910232586556,-0.14453222424275844,-0.3151427934720379,0.29518951137338795
2017-10-16,-0.2607550306345533,1.0172414569064614,-0.5173669230246714,-1.928613539625459,-1.0929633864683352,0.24636613621829984,-0.6829902963111418,0.8519451791737407,1.7650697199134167,-0.18607393655501375,0.5510841064666774,0.9013279644410048,-0.14088040022948373,-1.0838727432785717,-0.24315664274546075
2017-10-17,-0.38079274229818194,0.3722830043452965,-0.31090227318612285,-0.00023418332073499304,1.2808664272386872,0.7584296415977523,-0.37738820120045613,-1.5475055444115937,0.5525458816078568,-0.41121968759864225,1.0168013365589945,0.18507489109525144,0.10451323129446743,-1.1703556148208198,-0.22595608735201766
2017-10-18,0.14215744001171374,-0.37053133282862205,-0.012356244143439887,0.17079735598421614,0.315513836146748,0.795450131685504,-0.7481601845985786,1.533437000564697,-0.28693235036232767,0.20592922139655112,1.0364080517588126,-0.21351755837640582,-0.1975501506355593,-0.4496350144558857,-1.8110180386537893
2017-10-19,-0.8197349323176913,1.723377301553493,0.08747473521828741,-1.2761634448171941,0.335334763124664,-0.10329050971911191,-1.3461804697577184,-0.3640725342088944,0.3836949332064668,0.22164348108250476,0.057816962606488165,0.3860982163021076,0.3730786435534562,-0.49669733249470144,0.31609128468141096
2017-10-20,-0.8025053616953338,-0.31914400932393683,0.4132271997488345,-0.1896946171048767,-0.7646471058365647,0.2238719345754265,-0.9907527407022463,0.19967747866979524,0.1801256539351479,-0.5543401665387244,-0.046651770415776506,0.019622645533874827,0.08533370549267005,1.7244162991565952,0.2880964339399761
2017-10-23,-0.09105500972698843,0.06390679424164342,-0.13011511036181353,-0.12487997544571933,0.312040547091923,0.36254249003278594,-0.10724532981056512,-0.5702514107213422,0.06561951138607164,0.13894524312311513,0.3228453281784218,0.04297026982122493,-0.05060857669370312,-0.22725160021920954,-0.016021013295203376
2017-10-24,-0.6007322157890314,0.17403625642107506,0.8135538266167233,1.02755474094503,-0.18785648316063275,-0.5240729186672198,-0.589992965246936,0.07201382619711283,0.8204618749359073,-0.08211262779657957,-0.12011642005174827,-0.14063030732923176,-0.1265439226291376,0.5298998147102852,-0.9777797296504287
2017-10-25,-0.5184281910352619,0.348214594712783,-0.14371151814520028,-0.19200041053821748,-0.20470147117446857,0.12567833145514884,-0.09685147829808949,-0.5430037289591209,0.6913368030440072,0.19578655628340197,-0.31700794836806023,0.32169238690788304,0.01194589781316957,-0.39312234801756085,0.5024300459115952
2017-10-26,-0.8859266472562477,-0.4554493492168238,0.25358008176323854,2.916291324667994,-0.6675306804498414,-0.04207010846953496,1.2914461032169107,-1.066690437375328,-0.1500148100414206,0.03385810283433538,-0.6195410718319405,-0.5058151391192615,0.2784757000298118,0.4705204680744266,-0.06071742157437304
2017-10-27,0.7854382151478885,-0.03774443869390537,0.11732868157096527,-0.043106274929142124,-0.1872899254416233,-0.7693892567162421,0.6488129734430043,-0.26095259658279524,-0.21172959649302822,-0.02233644792090981,0.3783446614894816,0.13824762084600306,0.17176126642610193,-0.8584744860129826,0.33726052561158315
2017-10-30,-0.31892761737546976,0.29437447989761395,0.3594025223110222,-1.0176412705166686,0.5479684377346445,0.01744103947544202,-0.8295973916840971,0.45352339011606985,0.13703338485858074,-0.26054993716969704,-0.03772082198292803,-0.24157597996604097,0.09639586726497956,0.4747160894792982,-0.042831417763109336
2017-10-31,0.49879188976583644,0.2040562486501411,0.01621641168260174,0.8545143545576405,-0.23698126810922152,-0.9417241830113714,0.6628458894081666,0.569860154413403,-0.772317237320032,-0.3751309300081485,-0.6969549241142222,-0.04801769972270287,-0.33455912959034895,0.2161634719795079,0.6963584637356707
2017-11-01,0.19631049037484483,-0.26285085372800965,0.3549060434090213,-0.0967316503081273,0.7188701345260058,0.15019519158256067,-0.42757772712179964,0.8122179954715281,0.2841532256084929,0.08572244129168388,-0.4831984488946293,0.04198483657384952,-0.23811306329803655,-1.0329501527298979,-0.08520653995664995
2017-11-02,0.05180541440431076,-0.1444485733157731,2.307768466981022,-1.4022355669275215,-0.47741747570731574,-2.4163060250914863,0.6559523196143298,-0.8636071919467154,-0.717132891537229,2.2628211880633464,-0.0905451360003573,-0.2473600351799321,1.3474091376681505,-0.3038729509809752,-0.10993896166505945
2017-11-03,0.7784672258049216,-3.314132655183511,1.3101477708840497,0.6014544243157035,-0.23004639778538033,0.9892652637919919,-0.7399816303736892,-0.47713896811668804,0.38846764272371537,-0.712627481399246,-0.30975894986914077,1.019580790201674,0.13738341818805555,0.045103065875109316,0.41928538043840935
2017-11-06,-0.20992720139236354,-0.2193844621922102,0.8441762501188754,0.10836428236131646,0.06398257106562838,-0.3273631502809694,-0.4529035800375183,0.1504732954745739,-0.6518685149319019,-0.6176765640426658,0.6464596700769314,-0.0588842004453308,0.22480946029923904,0.14045643881660813,0.24601588529313376
2017-11-07,-0.4467507116661109,0.023364670703210022,0.19820097706190454,-0.22207319139416604,0.4244557409899494,0.49162463995690453,-0.38460860110169925,0.34410949680486613,-0.5112404445623222,-0.037539690637265366,0.6708612512095478,-1.5795204977884185,1.6474607387299032,0.7414521436843442,-1.400889097196224
2017-11-08,0.5793075291230252,-0.5671715997039957,-0.039997043912219754,-0.2030965152110082,-0.014523272161342082,0.2380390813549053,-0.09774139364947838,0.9279671757069641,-0.8300578553447309,-0.3063336831706005,-0.058737116919439614,-0.10544042481667548,1.1053428523137518,0.6736334987382857,-1.2777980116818917
2017-11-09,-0.016333375015355103,0.44778736510546957,-0.7072964368284281,-1.6866229951881833,0.8546867740903796,0.31735361604258394,0.24181496069327,0.3263917708723088,0.622140048898435,-0.1245327612313003,0.28556995581219463,-0.0007750973128998195,-0.1854158155831574,-0.003855773251488226,-0.6887713221294003
2017-11-10,-0.6377323691481434,0.20808663286909557,0.33465728003578565,-0.14820086383231018,0.20467202450203587,0.266613913552162,-0.36982541209352565,0.16276181050410732,0.3734456737882127,-0.9327087967603365,0.3479916543079826,0.4900550875757942,-0.7485431679411793,0.8049047488372282,-0.5142812738322493
2017-11-13,1.6382936004512438,-0.3982204128897709,-0.40919939302045333,0.45131608296825676,-0.34470598875071035,-0.32826204302876716,1.048131879013612,-0.16400123648531925,0.34456598360095875,-0.5182512764296596,-0.31043688513209156,-0.27600825263010487,-0.5337448980657675,0.23963336878640412,0.20346714776339378
2017-11-14,0.695012044587826,-0.6589485676964991,0.5135133787547445,-0.042158932583966024,-0.19154532961081994,-0.32266707762818986,0.09713758669063427,-0.6843722245489836,-0.22557811412006012,-0.04584081213675584,-0.009510341188927796,0.28998416411214045,-0.532266078417287,0.3347648668665517,0.8382336921830305
2017-11-15,-0.15582251155283394,-0.6391561450450293,0.43263077668335514,-1.0917438184822592,0.05766596259578981,0.002590065556936888,-0.12543048868526518,0.04807659010354999,0.8037435897164422,-0.37395637324643627,-0.6725001911516577,0.5498888787287414,0.4536155289512255,-0.10048276619086506,0.23672085970081067
2017-11-16,0.5409068193386475,-0.4902937830705252,0.15529968835154495,-0.0835764399393425,-0.46669697572597735,-0.0772182304576392,0.12233234104660451,0.5439887237458916,0.14082993787912912,-0.7479142922367207,0.7371048549657546,-0.3543107724346403,0.3236057032870381,0.027906343508261273,-0.4025549774032365
2017-11-17,-0.80955623226232,0.1369520206668126,0.5785638358889211,0.1283450967560254,-0.39579730427813387,-0.063736040006619,-0.6108426321877248,-0.3877999156218296,-0.2917011943136667,0.22645183816852008,0.32634227454228015,0.43568602976873144,-0.057407118594626216,0.09782635208206594,0.3738281742907389
2017-11-20,1.438432149956917,-0.6592175621181208,-0.3645865982283127,-0.16430239698562205,0.4913711723810611,0.21427987993565745,0.9132347634401027,-0.5886785184484055,0.44799233176810316,-0.15077113114914747,0.23051079159462823,-0.16642487459996874,-0.825490187954478,0.01159321122326884,-0.23349835483364145
2017-11-21,0.6619980993717552,0.029275933175502894,-0.6195636175213126,0.31660879181834123,0.1468679281248313,0.20890735292465687,0.21042655799628734,-0.2939345524468356,-0.3986136240093173,-0.831032695302523,0.24798474441895024,-0.37549090324996554,-0.21115437341491633,1.49908223629393,-0.2372193233994239
2017-11-22,0.07567350145754875,-0.2076310580871114,0.1336097968956178,-0.8566907002171649,0.0821519618859623,-0.23737880532784406,-0.10310583313625965,-0.15858981089831847,-0.02444536458017804,0.3948188801759825,-0.2023902804976342,0.34916024339454377,-0.001233163259521719,-0.07538988794165002,0.4518901824325434
2017-11-24,-0.08137161459215789,-0.26702108472355396,-0.27172366817352356,-0.45000643588344424,-0.07984540410998381,0.3458692965686675,-0.03282021391086354,0.06899728672758315,-0.1445432505932268,0.35789690502523225,0.20192122950134783,-0.13732405686084898,0.12536908270867458,0.07168471432721935,0.11502000174652749
2017-11-27,0.6354133458859559,-0.6023573115373033,0.11413090610404147,0.11156457655588736,-0.5946430242451075,-0.09787087538406483,0.19838013306858782,-0.04734537741885225,-0.22058067627852368,-0.8400952054725919,0.1818005020982143,0.22978329323103722,0.769894624762492,0.11371660159754193,0.010421780832854222
2017-11-28,-0.3488854525434102,0.3455859660800198,-0.2853984037702675,0.4119011160439303,0.28899646779066446,0.0444710523192533,0.6239373164273776,-1.2891308759187354,0.7793406133680865,-0.10012760182397917,-0.36449169087648103,-0.5201268165951944,0.7038372008866687,-0.33401251288013567,0.29444775893840136
2017-11-29,0.10507789414861257,-0.3284321483942396,0.013408229962730056,-0.004807532367882672,-0.6402108367421513,-0.4520294831543652,0.6769764315847517,-1.3860983758804886,-0.004268919281201988,-0.4406206302053697,-0.8289788309857042,0.6936885519223255,0.8155713824344488,-0.05812346430391857,1.7359878398404645
2017-11-30,0.7100728868898527,-0.28706199186058223,0.3442005750148583,0.737736567552681,-0.2808031587294781,-0.05760902858049172,0.16879164439214955,1.3702322477130195,-0.041513636164770884,-0.659157329346994,-0.4572528282008886,-0.13239041993129597,-0.7657991302677166,-0.4484274597483612,0.300806324410661
2017-12-01,0.20005108703256075,0.2043163796301319,0.006739448088990602,-0.16580582408013164,-0.08771957465078659,0.08279415452117889,-0.01565786118552548,0.14952143227292888,0.16217945508684362,-0.5020735312789151,0.4322783739529184,0.2003316611942863,-0.6222439097860027,0.6060671103117492,-0.4571844695160502
2017-12-04,0.7896275233028311,-0.6106403340945098,0.13081877902141303,-0.7181413700991868,0.3124841395775979,-0.0025378739777591752,0.2702089014466733,-1.057792531658877,0.42048785978828684,-1.3975546617141794,-0.458237077004787,0.50854192143355,-0.03442850974498235,1.6710900054798377,0.09161845757293774
2017-12-05,-0.19812548435895583,0.9554712803186245,-0.23369126237610027,0.8779794625347543,0.32968522097564457,-0.22970473981504091,0.055716672945578916,0.18659678816457914,-0.21225354280665454,-0.025303663920047237,-0.18962739759924396,0.04543824465505586,-0.23762076454109593,-0.22667197967350838,-0.5374026155718126
2017-12-06,-0.44652721718848737,0.5440150776946273,-0.803584813705443,-0.21281404728337927,-0.6454832063241572,0.014997513119583583,0.4066273959984972,-0.3433195146152732,-0.1309877215404519,0.17507442325027,0.08364157800079319,0.9457426941940982,0.16256302626715408,-0.12695962697672614,0.1278130930755329
2017-12-07,0.5902303023908622,0.16950372032312455,-0.536697630915942,-0.20152571570912847,-1.1532051439586364,-0.5464395315749297,-0.48106820718489063,0.43138166401382977,-0.9266189956026808,0.8819081657877067,0.6160739490768983,-0.18522943176876,0.5455292278965298,0.2956180095559286,0.24012349816114173
2017-12-08,-0.0868875241394314,-0.30697998033161134,0.23758966458815228,-0.7328523949318291,0.16474035548444343,0.012844873111732491,0.14323458120213384,-0.005352336972390126,0.3738314480971491,-0.16592720942226086,0.25029238359661476,-0.46939476512221745,0.1370470217795816,-0.24980298843582974,0.36526049108719566
2017-12-11,0.5410857311531432,0.3860401526639996,0.025720628079124452,0.7475297572946858,0.3923898637696441,-0.31871335650977983,0.26442555224830344,0.14502810365093458,-0.18226478164319182,0.11005715599861643,-0.024176720723388445,-0.16039437268302364,-0.728349060685743,-0.8059577727489435,0.16674032252049292
2017-12-12,-0.0682522194407228,0.15426812977075077,1.194686026309881,-0.5796644076707402,-0.8954837180536546,-0.1485904528332502,-0.5560405211196945,1.7187900875294573,-0.20045556955148724,-0.6884578078789854,0.7950548951680201,0.7849738295063697,-0.9223795996908308,0.10129896890727275,-0.48702508316439325
2017-12-13,0.6227949397824843,-0.2820421720909556,0.7614193611101789,-1.3810833822490642,0.40567924413007383,-0.6482248377689555,-0.3080448963228224,0.6677848854941273,0.578066280483388,-0.15626008672641456,0.3157032078452673,0.2510834818669381,-0.7198951416244279,-0.7123757976302192,0.04331518129713263
2017-12-14,0.5891862000609449,-0.2960701026122692,-0.5350833681912042,-0.7229988315607881,-0.6701537755675273,-0.7975670217846471,-0.9917217359741239,0.6590004391324487,0.17398399948123466,-0.07955294173533733,-0.3226675736727441,0.20947296111802194,1.4718515497866096,0.06945439232992179,0.049042708854557526
2017-12-15,0.5260718483899759,0.5317223081317717,1.15706738336837,1.3798291158316287,-0.19292294744183636,-0.04534425209228843,0.384808831133741,-0.5126558317419305,-0.15285072312278292,-2.913987347587939,-0.37187904220081835,0.3187103850009494,0.13640391844444477,0.9980137635458919,-0.24212334343074682
2017-12-18,-1.709819678243681,1.1053141883883728,0.620005599595644,0.8773859763506031,0.3425161861955327,-0.4780023097474675,-0.3440310272133555,0.05142831322332808,-0.03710985123791477,-0.9055253994150286,-0.6824934247813149,0.3750579868151729,0.2609700913289928,-0.143087016786912,0.44684248319839326
2017-12-19,-0.742102186832254,0.19877624869353888,-0.11690254271364854,-0.28672589075190447,-0.34130453102902814,-0.16211160092469887,-0.5917947859358109,-0.4708844142049208,0.3268874532441741,-0.17452661953293785,0.2357330065163028,-0.19319978508752245,0.9880308239562035,0.6483430250369916,0.03786709423574958
2017-12-20,-1.1338350931031762,0.828101973402062,-0.23021909051721848,-0.774664713092664,0.6139437123258134,-0.7831201939300019,-0.6521695732697523,0.002478943664658506,0.22204532135634447,0.5784405358049963,-0.27786526224649044,0.28352539305887947,0.47638290121299043,0.15891680971020564,-0.2112621662293856
2017-12-21,-0.39989774457160726,0.8368454277517187,0.06581388867483018,-0.9961386582006064,0.3707253525425265,-0.7274776170603017,0.4505849761585546,0.8289603451797927,0.47831497196575035,0.05536291814648191,-0.5516892640619203,0.21916987075557248,-0.6909092207771828,-0.37285005404564775,0.2136113320889872
2017-12-22,0.44083677869191784,-0.9703666767504112,0.22594810239956392,0.48071521287575203,-0.0836527140235454,0.1557222078868542,-1.0945496170357156,-0.46017679980669984,-0.059721053710151795,0.17508410724804724,0.04836352180560766,0.3256437461725781,-0.058322399808495295,0.041903128485377805,0.4760880402421958
2017-12-26,0.7564525849351985,0.005663157004075048,0.02501201195091029,0.18143569910087792,-0.2036755351449412,-0.008474321691074697,0.30203852123292285,0.17529229238319355,0.1313076042303134,0.02114139006612406,0.12496305200140978,-0.4067502181195074,-0.3196927471622072,0.15778113546147576,-0.46071286426093033
2017-12-27,-0.11454429532691537,-0.09334673775791286,0.004881935264413804,0.6071398916007793,0.09231421750846051,0.31376464563345224,0.3602800781450072,-0.6704890386770029,-0.01836729810314346,0.2654078513662229,0.100452285072398,-0.059416217783230814,-0.5180607645196317,-0.13371527441701328,0.1132565084722306
2017-12-28,0.5045977287123603,0.17242581076166452,-0.15734240667512428,0.42985752894520624,-0.06486008327955559,-0.15748454941382062,0.13038598856624528,-0.07079556880382283,0.024970237137281637,0.15950801563391817,-0.19040980844927113,0.11634981260563187,-0.6339974414948516,-0.02214726541959825,0.07631079373770483
2017-12-29,-0.4818958202415106,-0.23535820227984566,0.03844325890438116,-0.0658227961899639,-0.08252792838765144,0.34505409666052905,0.2135285092026893,-0.008651856834160254,-0.06877073714710191,0.0174798486127119,0.3776908011397674,-0.2782721346279904,0.4591505802033842,-0.4104460124296151,0.0774346415239412
2018-01-02,1.2023976014005364,1.4573988124516633,-2.466680284377883,-0.8229670131272876,-0.34679368094488094,-2.4141502437510947,-0.8775230470477877,-0.19463022790891804,0.8169938354064715,0.3205722590242045,-0.7877571498317546,0.2687353366070806,1.2484731861936316,-0.13703564730830758,1.4788208788413653
2018-01-03,-0.2441668535680751,0.33034983571758114,-0.8724013244397635,0.5338987619532237,0.21749494397424493,0.33883618283951333,1.4817633287567082,-0.8542187836372942,-0.2939403877576654,0.261301492568229,0.049125754971051094,-0.3962602191218719,-0.6185856435407159,-0.17469488020095797,0.6717449678083496
2018-01-04,1.1994883805168788,0.12681593683458076,-2.0339825694343596,1.0499852401966536,-0.09823809263877648,-0.16891767480784364,0.5362538017956746,0.07954972431596685,-0.012196960241570132,1.6866318075739524,0.3029105914406165,-1.2786987429868746,0.12594879242934154,-0.7502105881526908,-0.157006020612118
2018-01-05,0.4590425214710183,-0.4067268154938478,-0.16319942177422342,0.3046686369571164,0.21760930098444495,0.05494230350950968,0.034260164646119584,-0.21014624749385635,-0.7155934464519746,-0.06067276003526079,-0.0650801466485369,-0.0650698050445837,0.28938589998581976,0.06312437285980965,0.3108059144186676
2018-01-08,0.61289092251325,-0.22789873969055247,-1.2213244167295112,-0.987060557047484,-0.524380650304539,0.19528935275987092,1.1527434787797384,-0.9848333117807614,0.5647415043427894,0.0019008752330670897,-0.15739691171673031,0.49820010959078254,-0.059711458109437454,0.3815546958961296,0.5066530421526745
2018-01-09,-0.8767003367911093,-0.16416503166734164,-0.9300789682042478,-0.5795797756553462,-0.05383483731074201,1.020127557046973,0.20278211508824526,-0.12761252355736108,-0.8232466630420554,0.4619989111021092,-0.2687018231942897,0.967235019150397,0.5011973701628591,0.7883285707124271,-0.18243099673731766
2018-01-10,0.7813601930901527,0.2050121669818803,-1.2899857972628126,0.006626434292705485,-0.3896358526627836,-0.7820460845326824,-0.6754752101173783,-0.6226424059266021,0.018850524771918842,0.7030339493596103,0.22022984466012974,0.30880617494754314,1.5010455517014702,-0.6651516691533205,-0.053847556647932615
2018-01-11,1.3085547476372401,-0.057649747873555146,-0.5920876110131157,-1.1821524783537336,-0.46129205087554037,-0.7484558441563391,-1.1022277212085132,-0.04964123495849751,-0.07013082276745292,0.07403175396922201,-0.12395498755780737,0.6851794983215526,1.2273272352305393,0.10561932378636563,0.29221603938351937
2018-01-12,-13.117765552400435,2.084404771347086,2.980154440150524,-0.0936112079299596,0.9960360668670907,3.317471738838054,-0.32962487872668916,-0.6341108315784167,0.880303924471857,0.3243734148078166,0.9423541277675819,-0.3177534565884915,0.7799415328563641,0.9698438444002072,0.6969515827454387
2018-01-16,3.0323893597974267,-0.3219629563887574,0.7525274068656236,-0.9870126009481669,0.23950821115042187,-0.8362996548181143,0.5844341390772638,0.4945847302416007,-0.6139331666798091,-1.8835169298404486,-0.8356100250678404,0.9683151223866437,-1.4514466997035105,0.6167570652024842,0.6528430958384465
2018-01-17,0.712182528872658,-1.0665526536888146,0.8164222326972566,0.15637649835019635,0.20512695817550222,-0.06725918425140276,-0.9155022679952564,-1.5443752441019538,0.34325496091728214,0.7819457214813581,1.2407894571442932,0.8585901849312385,0.25553357162817714,0.4863185255762585,-2.2415841693970577
2018-01-18,-0.811609749503356,0.16516669359620134,-0.34436578288434316,-1.0489657910368073,0.023936444005633745,-0.21934886832957134,0.7260941877987698,-0.8092539509280741,0.3570026557406446,1.231939896541689,1.1151920847779493,-0.13260673967107722,0.06270870536674233,-1.1580278289149486,-0.043809547413435956
2018-01-19,0.11786571676158863,0.13788597625996032,-0.6322888416222749,-3.1726101422696575,0.5417674074674866,0.7119150563106156,0.671492006711714,1.2777329328355922,-1.1667387545579122,0.3442295391632324,2.2099777949494293,0.16738492226161727,-0.04614348243954114,-0.7471034784926271,-0.17658141165947744
2018-01-22,0.38131148952275534,-1.160858339171475,0.4002444129246796,-0.2596703575518972,-0.1670052789614893,1.246196739668859,0.10446313936776574,1.598131749880786,0.4491240402613066,0.3055483171113712,-0.8470409222579642,-0.4828626500481688,-0.6084174313434446,-0.8302563824226186,0.8544861051641836
2018-01-23,-0.33930922706395317,1.1780883880970603,-4.226110850734102,-0.11621134398871025,0.5803205103583949,1.7728460982646468,-0.5866050622678308,0.4211647910427042,0.489504624781147,-0.31045176862431545,-0.11799859908357246,0.38524665666115937,-0.18593312106132803,0.3620930739236575,0.12316297135597398
2018-01-24,-0.6055316428037097,1.4363766300342826,-2.0360151012838115,0.9332005047515213,0.20856417488402101,-0.4706627635540064,-0.2495669721384507,1.8110658069832044,0.30954938261542775,0.010973903954603292,-0.3835786538207929,0.14963056881598158,-0.8434746373536639,-0.9164387417374033,0.17641863906540745
2018-01-25,0.12624114893125327,0.5547254126229955,1.0802093166650617,0.6394958037742268,0.31150513486480425,-0.19242179181472932,-0.6732968646010525,1.4607846958172463,0.21686219871463056,-0.1981148504659965,-0.5732769413872064,0.007052475957035925,-0.5299133752890045,-1.7353290318203698,0.5161109125634405
2018-01-26,0.06219923774431524,-0.8470348507036973,-0.33739134309126434,-0.497740088385578,0.5301420629707302,0.43534772106916436,-0.06012163715393909,-0.5957309530270625,0.031419225441385534,0.637611134021756,0.8993625003453157,-0.27312454166129596,0.451014995555174,-0.37153663680177806,-0.48180681131296565
2018-01-29,-0.6102443826879574,0.6556728518386802,-2.5733682130243367,0.026214738544676763,0.21670878936919974,-0.15279012601794362,-1.1987157348307507,1.4788478870309267,0.13618772549674957,-0.02352058039287863,-0.03319365635270838,0.7765523467762503,0.04016805151409186,-0.2609284314289882,0.20869734797394257
2018-01-30,1.7972963276234133,0.4118551947933773,0.880113028596019,0.5206953900338247,-0.29497876969747727,0.06845349700487224,1.4859477377327375,-0.11548285628285071,0.6464446286542562,-6.012037210519878,0.5100592891056264,1.3043376412295766,-1.1346863895782113,-0.08371968396920959,1.1525355189280957
2018-01-31,-0.6352011787945795,0.03832384732616423,1.271540448354223,0.8816445863821522,-0.085300409185877,1.613694581979035,0.6382532101107604,-0.43084748963343444,0.550965970852057,-1.7405733431896186,0.2537798193226845,0.08879151420691173,-1.8276560969206235,0.5681803655241356,-0.3540351635135902
2018-02-01,1.1259379361877726,0.36728664057509774,-1.3699956931735449,-0.08839734765500917,-0.34875961990194204,-0.546876192751293,2.295931900403367,0.5712721762005285,-0.38509075306408,-0.5823702230665622,-0.040800715019450706,-0.710155539483018,-0.039679956115908244,0.7921692340043833,-0.651840593003588
2018-02-02,-0.34748913487139255,0.24190017110243867,-1.0430360937867988,-2.1600981131533095,0.424243274052988,-0.39587506356420143,1.2512806004874628,-1.5885769038592477,0.43823457917088593,0.886210187235208,-1.3337259991616834,1.7170743973138245,-0.7847993712990575,-0.3848521734725652,1.6197144621994624
2018-02-05,-0.3348807540359635,0.746129661088744,-1.1048923080962747,-2.1507387466509176,0.27024668781233885,-0.8227796660968103,0.011672326988085846,-0.44507763644174947,0.04030459036300105,2.0351460677176276,-0.5909205775377044,-0.0905278825920135,-0.44366579331241063,1.1644279710157943,0.6988040847357251
2018-02-06,0.3094375437984689,0.41720706348464,0.6533376351726236,1.5431084917560371,-0.3111962318876995,0.05429436147925437,0.5604339188599679,0.8260822931487564,0.31030985961028357,-0.3266759538119214,0.7931988215192325,0.2766504181948797,-1.2916284633507165,-0.20583869452692127,-2.3807610015564764
2018-02-07,-0.3571824664504428,-0.3212553034194983,0.20685198204041239,-0.7163822522468131,0.06732305257772524,0.3881664884911652,1.1881145135439481,-0.35413914495907584,0.34924791354313245,0.22679570209875877,0.21311556347234933,0.10008798254634678,0.031441744948422334,-1.2036903900758762,0.18658221546771567
2018-02-08,-0.7370069233360665,0.8981369378624362,-3.399000873974164,-0.32230156263213594,1.3826028015998109,0.03346772895242012,-0.904370642598288,0.5241491416516535,0.9640887951913757,-0.6838536660001895,0.5828130549456536,1.1897962143772571,-1.5009138924458947,-0.12247061716357521,0.09288469870132054
2018-02-09,-0.10497970133327428,0.10390456440430773,-0.3838103038445382,1.4089743715706833,0.14587041868260764,-0.32075134243744907,0.9381908794915403,-0.16124499813512871,-0.28453462089456294,-0.3755020359409631,-1.1382353986337743,-0.7260637389765536,0.17977902096130682,0.28502732198091274,0.28373746036386693
2018-02-12,0.35390413910642626,-0.7928758068125907,-0.8038092710609261,2.048123606582116,0.008106398061230369,0.30653872191185283,0.7143955567606666,-0.2528753524767591,-0.1568687266202733,-0.5269616961332899,0.4359233241606253,-0.9768308865680659,0.3970927346505302,-0.3545170441415627,-0.6499786411287083
2018-02-13,0.7449000616546876,-0.48849702605802964,1.3965116550761727,-0.3810205428178325,0.14980416604198293,0.12870371064260644,-0.44139794947987043,0.37127957014450874,0.05263468768299551,0.8700470980984214,-0.43259273953477384,0.11817434296820747,-0.8841552088894078,-0.14818565886939922,0.025249535485584756
2018-02-14,0.030822910756578725,-0.957389320274132,1.412187128237326,-0.34099586996504594,-0.36499039094434993,0.40444093383923574,-0.8957447563851866,0.013827652285018477,-0.2984666665346076,0.29347903468700376,0.07055503618825099,0.6512937777437191,0.5870812224324358,-0.41442618984308965,0.022248379587569866
2018-02-15,0.5331196656744862,-0.023423717371086783,-0.2884651739099807,0.11379503906684404,0.06254841056425547,0.18152410970331534,1.032488494939291,0.8188984573833238,-0.11679886832864092,-0.2005087853373319,-0.016267852247286996,0.3991873392552423,-1.0727078573139701,-0.49134757526784834,-0.6083095898062608
2018-02-16,0.3579875149543801,-0.060108637518825114,0.6882081520512828,0.322414619682442,0.03283740911958655,-0.32022043096148006,-1.3464541042877278,0.4362852570193241,-0.30183171719212376,-0.10108583557742726,0.02334724485382378,-0.3808195156039579,-0.11605677519736805,0.11411190218331085,0.8581162821725496
2018-02-20,-0.4686917300228094,0.9501449827574084,-0.6565863961219872,0.5586816975918563,-0.10130753424212746,-0.5502824601965153,0.4666949913231695,-0.46836790365325126,0.16490060029634993,0.31287482998685134,0.07132495184686083,0.058855906924105666,0.09896125974225355,0.3555921588748144,-0.9893277210015337
2018-02-21,-0.15966895912185047,0.37790310734156685,0.025884980012730582,0.25835848191242106,0.45512969837211187,-0.6703045643543092,-1.0280569668906883,-0.5156799787174577,0.12837527534678997,0.0074381562401742984,-0.11938113346282647,0.8910184793772428,0.04269534715848363,-0.20902741925005852,0.21202991232391988
2018-02-22,0.06657437372704433,0.021441911612927356,0.10046199729604682,0.4611522419470537,-0.05400927891215124,0.047833463495346396,-0.1877710670660111,0.08183257235039099,0.4023574252898964,0.33042540793398106,0.32996280144154627,-1.3057785104278485,0.2678805211436748,0.253914685400967,-0.6722772314961553
2018-02-23,0.11176361528624457,-0.3202241010448065,0.5011808281514765,0.02387996588542851,-0.4490950963013184,0.0952617349220739,0.48274379300204684,0.04170111221285455,0.09753009562843551,0.01479070485861822,0.06989038328689068,-0.19917534874581877,-0.5442617531932556,-0.4563539738526713,0.7017041888984916
2018-02-26,0.8117528882751998,-1.7196575817138238,0.46544741010133206,1.1664713632601291,-0.45796061185072273,0.8714162835410804,0.4016064915139407,0.014927548196955298,-0.24621310182755096,-0.3889178822400318,-0.02034451544867555,-0.271250340032824,-0.1488241292695598,0.05202107271899947,-0.3190882265941472
2018-02-27,-0.08532927243569022,0.0966538273269546,-0.3533990523731644,-0.36605216428331655,-0.31282052565670904,0.2835410095541313,0.4670157451437362,-0.291272990843388,-0.1290349924240909,0.09646748055360177,0.3302396218613623,-0.14743967847416284,0.12018778304130895,0.7417711857920689,-0.42620374063540223
2018-02-28,0.08352725929179372,-0.054758008052166796,-0.2790403742446018,-0.23679070291485171,0.27375652246211823,0.05166728178884772,0.5844920082950169,-0.22440139189665698,-0.1565745819465627,-0.20795680824509288,0.18112135835885734,-0.2960138409772439,0.019158805190588213,0.06644941064722087,0.15160504955064624
2018-03-01,-0.27554542838186225,-0.15900775643241616,1.1675856124483692,-0.14351452385772112,-0.28991595530457825,0.15413809423602998,-0.7380735203114963,-0.19330204189663802,0.08342895094775216,0.5217194098030855,-0.37560780845193986,0.48385450095312665,0.14833640718398367,0.21637943480539779,-0.4778443923650597
2018-03-02,-0.18204695332153373,0.03395563557817331,-0.19283733838035905,-0.05016222445000679,-0.42257057089776484,-0.06222527299961411,1.3799893105148915,-0.19141766214791073,-0.6626412993367272,-0.4088299025335094,-0.2733976521891258,0.1489600044078998,0.6750809348126992,0.13303206616044427,0.04930296408216589
2018-03-05,-0.24307492954709575,0.5818897920134407,0.27906894022886863,-0.2889995764423551,-0.21278411506014971,-0.09380531651583879,0.09296478217655801,0.4303269234189736,0.07499987037056055,0.600538682659165,-0.042458252919429285,-0.4650644134115489,-0.5733767600591977,0.24425871833821444,-0.0635259023350555
2018-03-06,-0.23079247949968967,0.5271006281813813,0.2701439802882281,-0.7187431806441675,-0.7717256513244455,0.2009692767714084,-0.10528790832716978,0.37747025819094515,-0.49168794325809984,0.17969464251235256,0.6310890690375832,-0.35757782690824996,0.17356174386329837,0.7543190541995117,-0.16566494803127324
2018-03-07,0.22008481878200153,-0.200344548744525,0.3550827648444838,0.06666766703708987,0.06226433176009544,0.11753060990259212,-0.5557818504039097,-0.46921403699570374,-0.24856842169263058,-0.016523698037414672,0.27913398764261366,0.1418672448225594,0.10893736401681686,0.74115534244021,-0.5686867611495627
2018-03-08,0.7277193616218827,-1.4882419063421688,0.6490209039418933,0.507186300306817,0.030391224911822695,0.6529445225633439,-0.08325585262119267,-0.018899761870927956,-0.29202613602095573,-0.4312001996422048,-0.20716330903060903,-0.42031388375689416,-0.07905703044644122,0.27467715185452923,0.27677373003789135
2018-03-09,0.27010900321313724,-0.5670088023205,0.05512272250745065,0.12637277699165872,0.3546310597229936,0.022989871621772462,-0.3099408747661121,-0.6316163992009962,0.30649730896652994,-0.14709216434372285,0.05027357554491596,-0.3721076457426382,-0.13570756249812232,0.28378868923704004,0.5497803917328652
2018-03-12,0.052973243357040345,0.4985445613216903,-0.5452657712536889,-0.6020625992099016,0.1703960496978036,-0.09367978879339345,-0.8763116248911968,0.6789777080248628,-0.12867206508392254,-0.2790020752428376,0.4024867274665477,0.09533792679867165,0.3355473470165673,0.1812167770891691,-0.003675885005322732
2018-03-13,-0.23760486380248788,-0.23777703938731787,2.0466655417381037,-0.4354144665186499,0.0103998667961962,0.32243977357679865,-1.2652021091463057,-0.17122112750427376,0.09753744774388262,0.31856571672205636,-0.028922119761738863,-0.0948104883794636,0.5883116201783772,-0.23654920076426422,-0.47607396267289426
2018-03-14,-0.131707622680998,-0.23132922561960922,0.8838922374962042,0.4407541072413318,-0.39048204899099215,0.2673209821422151,-0.16194659866385208,-0.07562836004524565,0.09376336546308173,0.38930403128907487,-0.22925480152096323,-0.3673675872681472,0.10506318268814785,0.0643917924072932,-0.45591843569213775
2018-03-15,-0.14095045972470369,-0.1374277187157797,0.22242536884947584,-0.11422303742426956,-0.2281195577392039,0.3077512413812778,0.8141365686879961,0.3027155605081297,-0.05940274108313821,-0.05022856781779392,-0.033539483056615166,-0.3560876246385695,0.14874583207829198,-0.6514250497192027,0.09130284769196877
2018-03-16,0.03914747642895822,-0.26644336919646716,0.25654451574188175,0.7126364481212545,-0.02260665994039826,0.04733609854285172,-0.45195904560295475,0.001743797821632448,-0.17798338543361114,-0.03910406029264846,-0.0808164120795089,0.7105112061668475,-0.23113741808990657,-0.21471994255482604,-0.3193597775246941
2018-03-19,-0.58960915417688,0.435301690668941,0.047620685624203685,0.04756209937141742,-0.14957872214537982,-0.0326554036665056,-0.2594136897077224,-0.5841153374218183,-0.0617883314808817,0.4160470515938158,0.006587062990310533,0.15533344600743693,0.18094096772374524,0.4712944865762214,-0.15020073690797642
2018-03-20,0.04167550946325527,0.7154078412893345,0.22051217244183868,-0.26941269716344773,0.0540291240764888,-0.3281582925934653,0.050235199114665646,0.2455340417892133,-0.1655163682259919,-0.010635883662391044,0.5555999307579286,-0.6588896422370315,0.28776277085938745,0.21229653098874887,-0.731043407806669
2018-03-21,-0.12100502880870344,0.3487113271680589,-0.22279118344251309,-0.017671495753536215,0.5197555445068773,-0.5037817180053484,0.12146849367668212,-0.21191234864509534,0.07262749341270434,0.22722747651338293,-0.3206498495450638,-0.0004535254221628704,0.14665988943059213,-0.12324236616215756,0.0321364314161489
2018-03-22,-0.4487837881603316,0.11242685414627851,0.5055208807129823,0.34313327886173806,-0.3278279202742804,0.5548758109311123,0.26229369009231585,0.28906332543487867,-0.44767203338997374,-0.0012516264290365342,-0.06280238215551126,-0.3678650747595249,0.4686686066016681,-0.2289537988296919,-0.5234094444338986
2018-03-23,0.03834306406934518,-0.38394961658146376,0.2410665705666717,1.5030296973487904,-0.27364310886394794,0.22958339035238873,0.8538846838572578,0.13767567418915694,0.1754578991529505,-0.08820074381123466,-0.7870015293683421,-1.003397154739727,-0.062371150500982964,-0.4074773907162248,-0.06467555578525186
2018-03-26,-0.4073424472230591,0.11740166266875951,-0.3729481633216478,-0.6599496411406576,-0.21458323830571358,-0.31563929591442186,-0.5476160260492218,0.30407777558736404,-0.164268426753289,0.7720375702792057,0.14607860265330652,0.6477386230464561,-0.307834200975893,-0.35800274152715605,1.264131883605721
2018-03-27,-0.5799610331305209,0.010614640197809888,0.4333988609475631,0.61058890041922,-0.047011504619530964,0.7993053346938217,-0.01028965805666382,-0.3797105861562533,0.046532070264185155,0.20944206416188293,0.20908685045668918,-0.6457780599470753,0.5063968058325856,-0.23696594517375336,-0.9413021703039903
2018-03-28,-0.7851354229957357,0.07255810352498937,0.9520645475544536,0.2739575735326111,-0.22825409898083335,0.5956589478624907,-0.3019096152844335,0.5275410796704628,-0.3382601130029499,0.277034209629999,-0.3200642991827266,-0.1776753294351667,-0.10123705955247211,-0.8310285373132893,0.491601558616137
2018-03-29,0.3510116687412659,0.4467207887531897,-0.3034131356078502,0.2758824118094009,-1.232134759886446,-0.570791902889114,0.44722850508347667,-0.22202031727292826,0.43496737907734107,-0.4119212413912526,0.1750220580906151,0.05940626178639841,-0.09408113665356765,0.6032854622859726,0.1473258158780017
2018-04-02,-0.12052012809710222,-0.10653856162941389,0.29592583538678585,-0.0968616386329344,1.560857891084573,-0.2688400746461621,-0.7735081199819483,0.052871946223912,-0.036647515339988335,0.06541583277462248,-0.13086467550140002,-0.11262011540383265,0.04740836783834834,-0.8156419328576174,0.24327547850680387
2018-04-03,0.035757467210193905,-0.07356866015232943,0.23754312104593223,0.270221719147416,-0.13283300099452922,-0.006660043105119362,0.3506205982227196,-0.04927192926314783,-0.04458072268717039,-0.16768645275762273,-0.4220672379088588,0.20995605993796118,0.0035675948507531974,-0.017454168907637513,-0.12378129194694443
2018-04-04,0.05886677082236824,-0.0034623285594461706,0.4742959358565989,-0.03410721756413493,0.21383168179779832,-0.11229381238027059,-0.6382111121875805,-0.05177837575993549,0.3416786286646184,-0.32262613745365293,-0.08708748212376277,-0.08927960430157533,0.1636931438403073,0.10046226895464905,-0.06762358249067058
2018-04-05,-0.15387693570336058,0.4117142108177595,0.1704234218364501,-0.03351503194752492,0.1344219503801949,-0.4737939846056007,0.2301460620407848,-0.13529618039030322,-0.022167186253730042,0.2867470461606158,0.32659979929423333,-0.5177710881512239,-0.034958229108281835,-0.19237567566852887,0.07657470080952733
2018-04-06,-0.23030313263094118,-0.2749634230057719,0.3307217030406684,0.17128266290362082,0.18516387418888103,0.2505145916602882,-0.4520253508967027,0.34372201123668544,0.09939243888588423,0.1036223335373212,-0.05715367756499057,-0.5659341336264472,0.14187448617976517,-0.5851025697484156,0.46641734804875645
2018-04-09,0.20148966833193507,-0.20536996216862152,-0.3837340018389842,-0.07991971646483048,0.509312382453417,0.03203621990259013,-0.05710027568331533,0.08413290909322085,0.33932262341011216,0.08769751721579128,-0.1631989523224702,0.1122875928242123,-0.4208708452355919,-0.2905864603367016,0.18300024410130356
2018-04-10,0.13539067431701945,0.03513107778621505,-0.17119667556908813,-0.31535269568365165,0.05111952408225451,-0.02524018719921306,0.7708398156832804,-0.08577227101666085,0.09476321072248539,-0.05042145925432728,-0.4046105440489457,-0.21486160966404022,0.3007134525155186,0.2769965643546306,-0.3203242826214603
2018-04-11,-0.11345530151154815,0.09640406456495851,0.09979496370462315,-0.047059848718793984,0.32539994891518453,-0.1535950908646237,-0.1732664479596373,0.09995221847793678,-0.17714664040749561,0.18315325906163504,-0.3991517393169458,-0.12224123536166331,-0.04942877841066562,0.3034091534837833,0.14130804630451332
2018-04-12,0.15748388622333642,-0.12526685346174932,-0.6254298646089218,0.054807596457621344,0.9061818919260909,-0.2138753211116326,-0.045792865065684474,0.1763921667926971,0.23609182418806718,0.24261759598207755,-0.2870167330074478,0.019172673030611653,-0.009484607929580946,-0.43883513281426934,-0.13266614921844377
2018-04-13,0.026588901879741084,0.18728325530996026,0.1567113725002713,0.562009121209175,-0.12918718467506973,-0.33031815957155036,0.5768062769599188,0.1989056477395884,-0.7650013239131418,0.31029816011782907,0.1529959963497579,-1.6841971655200954,0.28824890784663193,0.2747592979623794,0.3732545349237068
2018-04-16,-0.3352177383852032,0.231906137306798,0.3262951901230246,-0.012166077513634743,-1.1275455484548882,0.2055005954714051,-0.02470457667152265,0.17783944891393125,-0.4176765901314389,0.0973538789765549,0.1417210596627967,-1.0257132514745224,-0.046777044434164694,1.7549369132300119,0.236063550758776
2018-04-17,0.5539758445977203,-0.17686378338035774,0.1706859621902513,0.32595464809579344,-0.08511139379522215,0.11895953513348712,0.46992932491655837,-0.5975104005056906,0.16824239545008582,-0.4807526108939239,0.10951575186785753,-1.072943536547355,0.04734384744963478,0.7703369041181783,-0.3063554178508155
2018-04-18,-0.36588895542119315,0.10847337222724845,0.1641978277608,0.9103335697458702,-0.4587374704911452,-0.04289724463109243,0.3124274506435762,0.2968621353748959,-0.316105509540494,0.24973083368805488,0.26070412727571485,0.5022382910814238,0.6272094794291087,-1.0474545818755236,-1.1009931352154507
2018-04-19,-0.34611903437503905,-0.30673195016343335,-0.095045466750727,2.980942728937454,0.03406206752669316,-0.4000392360465763,-1.545880200332813,-1.1487038735568482,0.0743148446928823,0.145208858731885,0.23252804489410805,0.03563609506657972,-0.2133066486020806,0.383716121220389,-0.05119696626460102
2018-04-20,-0.1468341894275131,0.3264182653474139,0.053746894495922404,-0.7272200168776783,-0.0895358665283785,-0.024767346750244,0.24718831645586037,-0.3663310711588684,-0.040794781689824644,-0.0411158275587222,-0.11081804577367596,0.07354519258582237,-0.013802112254162363,1.2000807713870323,-0.272616494823862
2018-04-23,-0.2078243824296428,-0.3424523568019324,0.022660907856077023,0.08637273330388681,-0.1292900333142914,0.24825992056547402,-0.1169820148644709,-0.8277917149073561,-0.0010988788236921954,-0.19068613380509625,-0.4352668314715841,0.72895686661819,0.23151611879552442,0.5524383330761757,0.3118887383980936
2018-04-24,-0.04435456630331211,0.4822700239774177,-0.5698608594589395,0.4068498065005276,0.2081781954833684,-0.6335966944045878,-0.6026791772529562,-0.4807135852294913,0.20131811278860795,0.3761366786990619,-0.0704758062198983,0.35413565068006736,0.3102143943673751,-0.3105281093354615,0.3381867275494952
2018-04-25,-0.07069755427314195,0.10239866714562706,-0.3543729672436758,-0.668004609309284,0.49583834956243406,0.23644918074796584,0.048372024095614696,-0.39674140967928573,0.06922592575443398,-0.047657253997820226,-0.617262783080957,0.599542434224085,-0.27128974257911553,0.319543927139165,0.5261117419147239
2018-04-26,0.19949393306243388,0.20455085202057854,-0.18029524051310108,0.5617050603558469,-0.22145710806333965,-0.5114341203218504,-0.813767590828936,0.04017654699638662,-0.0946346672938505,0.18472553028632638,0.0022346069532031554,-0.09932605196317282,0.07617000064802898,0.7492394179890141,-0.09164599187864785
2018-04-27,-0.25572211885860435,0.46008919239767476,-0.23221188582829244,-0.2782747043924543,-0.03679514610534833,-0.16079074247031466,-0.6511715247148631,0.1812889791645672,-0.25060299224446814,-0.1405629580059285,0.1378392817559178,0.7042908398287141,-0.0966222916160237,0.209607998396716,0.39369266202971
2018-04-30,-0.011847737781494394,0.18094998592324033,0.4788955163856909,-0.2502975862641093,-0.12531507705396294,-0.19693847956493005,0.2890516197842888,0.1129482271400758,0.062409658349571406,-0.2282325482341866,0.1574608296547194,-0.1595983263764415,0.04253067370769026,0.03808692785589185,-0.3485047291688873
2018-05-01,-0.4407201040664625,0.16484352506577876,0.23930518873120477,-0.20703529647377544,0.17708882510688226,-0.036096635831076584,-0.44298731642122896,-0.11727519002832967,0.12113836359258605,-0.3604937525798803,0.3593477526533166,0.1252469072344322,-0.0344004695030959,-0.09217115641479975,0.4740848508537867
2018-05-02,1.3041892847972063,-0.4775237589875314,-0.3763387590667797,-0.5013621546291837,0.4441212953545601,0.3875143299150716,-0.17217983727065625,-0.1865343836464156,-0.041796910271751087,-0.9574690248527387,0.16012898924446803,0.12330254158684573,-0.7038648871745807,0.47564852760519044,0.4369572013089169
2018-05-03,-0.2334488812711012,-1.1317641900117135,0.6501653446597537,0.8182698275016695,0.22884820310214254,0.9618006153022056,0.40623647925220613,-0.3670078977163929,-0.2164948192706549,-0.535721380860565,-0.6161428084356717,0.27863847212652637,-0.9813715483674711,-0.07518249486626327,0.8472593734173754
2018-05-04,-0.5091964967733779,-0.24446482086031107,-0.9766098814734656,-0.09696296680010452,-0.1756680648263355,0.1651007916212084,0.4619712877519291,-0.10432754769401259,0.07298109808522413,1.6256733686972829,-0.2309278648185581,-0.25709572822390875,0.3971358187720837,0.1254712661841959,-0.32978387243129903
2018-05-07,-0.8886500753295702,0.4595326074925955,0.08225681159852749,-0.3320078277933886,0.22763369516315274,-0.24301445244659392,-0.3970678985315388,0.2637940007488168,0.13918154579678588,0.660052044479242,0.6333032777968644,-0.21245599748247035,-0.38124406154047047,0.312168031842219,-0.28882812538050295
2018-05-08,0.1358522668090703,0.1868204543374104,0.36314358033864497,0.044279190152523684,1.8331248254197252,0.19092270801603806,-1.026883581740293,-0.6464603177945882,0.2856022653008211,-0.7302297480746216,0.3522567644304595,0.04805806195138407,-0.3299240107185266,-0.26880605916930833,-0.451841386123781
2018-05-09,-0.744864030225787,-0.043105944228780724,0.19053396332261235,-0.5043912316204058,-0.050304823276635435,0.9673625736842557,0.17164188539619762,0.267567698144189,0.3551815963220555,-0.3896032053718357,-0.27509578658997025,0.1691315742590369,-0.3867797622526982,0.34509154864762015,-0.06294973184545016
2018-05-10,0.7131515222062832,-0.19764621961157502,-0.6476392246491234,0.06556293270319463,0.23513544282238164,0.21502125616110723,-0.9803454106676399,0.0766766978053881,0.07936311044631589,-0.03874150508230684,0.5063810873664409,-0.18210689807459252,0.0144073486276306,-0.12279320011582312,0.07280406472967577
2018-05-11,-0.39575312321799416,0.20043106944511316,0.12117704683427463,-0.06575910147968966,0.3125270254735275,0.44801638495039275,-0.3015158792775946,-0.09547907720352607,-0.28604190225090353,-0.26631040310666076,0.1211811548301918,0.06603227480301786,-0.5710142402096859,0.26274290739220346,0.5049837142819871
2018-05-14,0.17329471241316685,0.12002801525631526,-0.2903834664011047,-0.27286268709382316,-0.1092175114302252,-0.39215622412830126,0.6516442370227944,0.40392674455790206,0.010154813408922558,0.5198767952151387,-0.07530885143803658,-0.0650595285736563,0.25279703051183655,-0.7184692955863696,-0.16667675019100756
2018-05-15,-0.4915209309223729,0.28012208691263507,-0.0044264353668491685,-0.14995520122010253,0.3982056501894029,-0.5318903281067162,0.10594017051350962,-0.32679937409528953,-0.24051227172191936,0.4201178372766774,-0.10653538084757647,0.4384605137618396,0.2594218063568257,-0.020456926622123867,0.06251798930564327
2018-05-16,0.4339370787694198,-0.07298770304102387,-0.26532909468308363,-0.2503211925984349,-0.38662177936057307,-0.20372953074741648,0.19185007420557498,0.04693861254049195,0.28440838267181234,0.25419129910254606,0.12529427503777985,-0.04301155586740857,0.07506452094613314,-0.23387580108548045,-0.03738326933044331
2018-05-17,-0.005924434490113345,0.21506098701368104,-0.3571069271657639,-0.01565767650742106,-0.023044682716542253,-0.4604517607543277,-0.04327682868314763,-0.28862533073263824,-0.20541301575199533,0.07232841669323828,-0.2559155670432889,0.71786414661535,0.3973304979551007,-0.14930803064992287,0.42181312697566226
2018-05-18,0.027439668095925906,0.0251520144321139,0.43609770550679117,0.31810933869508207,-0.5309078107491101,-0.362136730597016,0.2500780176547651,0.33785873283926415,-0.27014077088184385,-0.2930383525722713,-0.2940504632660844,0.18626991353520128,0.11374033583929168,0.18521093731176336,-0.050513450165809104
2018-05-21,0.3478549167392769,0.10001438377351712,0.18281997075756595,0.16856174360793486,0.06056447616095717,-0.04458659137559512,0.3168966268077206,-0.19758073419205674,0.1347672422550028,-0.02128449647997971,-0.024302213293709407,-0.13392361064355596,-0.3061079456890744,-0.28384180962406336,-0.1868970463746455
2018-05-22,-0.2318008606829411,-0.06871863340462404,-0.4115052812687562,0.12450930434311053,0.24920780108393137,0.6430146841030205,-0.5107818935710071,-0.24919973363313783,0.13089936935567797,0.007400703547455589,0.22727891784535215,0.17422866503323586,-0.06822956584497425,-0.22052614850861144,0.12238618682484781
2018-05-23,-0.12779055838192466,-0.19032159852298736,-0.12245051838936852,0.060754854552963256,-0.5457703479652957,-0.2695766366422234,0.08172894235290973,0.40917534309001585,0.11379869624100336,0.4384909923141031,-0.03613849750685583,-0.2491875797044171,0.1322229385687117,-0.07711664669887552,0.2683689765946279
2018-05-24,0.31019659964897034,-0.210467272967081,0.13871329910609703,0.4257852383265977,-0.4412788565089856,0.15586920875046964,0.3784944225320416,0.0559956955275307,-0.29395645761860545,-0.3319328826371356,0.1040007717357696,-0.08179919647078082,0.11043021942881565,-0.39254841196701024,0.09060005744852306
2018-05-25,0.317113121198441,-0.13784041237506528,-0.2014319196087187,-0.005862887577118281,-0.3958343968053271,0.3333839209845867,0.35498560070467566,0.21368649653980346,0.17132683154459177,-0.3881270385931541,-0.4954151136237891,0.21289380714229164,0.125305710421909,-0.3418976760633421,0.20770515477304174
2018-05-29,0.5339808874149767,0.1307175559550986,1.1532886893083376,-0.12070526794988279,-0.2648410450240868,-0.10465225458685223,1.7266250433020114,0.29408763985335673,-0.34439883231589663,-1.0338894493594637,-0.8017480515624134,-0.5567456420344579,-0.603835581817719,0.21550861228376705,0.13942041635362967
2018-05-30,0.7618675036526481,-0.19130020525125202,-0.6589371960755905,-0.7790581198839883,-0.19282621413794576,0.28863801463555405,1.9319636046519544,-0.46414149637595936,0.052459093328039774,0.07642482539018625,-0.434975499332104,0.17986148846916827,0.24034133741387875,-0.8762760778121766,0.12173609477471814
2018-05-31,-0.5363582059985105,0.38099910406364923,-0.36089178794847243,0.08339270160627654,0.5838568605910043,-0.3735164832446366,-0.6359488097085897,-0.2969669320614322,-0.22914457784011533,0.24223282674400892,-0.3014593958102213,0.16196950925176445,0.15657364929528872,0.1776224171013977,0.9381578467495403
2018-06-01,-0.07112985837667285,0.14328260984758967,-0.2316633425368027,-1.1066899600199471,-0.2532068671118243,-0.5868121601395836,1.2588405599740469,-0.11900592949092437,-0.146012513778486,0.19410366159512216,0.16656420684770712,-0.06706747384803102,0.48801701115760343,-0.03438225883747037,0.32867628690714057
2018-06-04,-0.3359998298794218,0.2968698305632778,0.25893065122282993,0.17261082630776026,-0.22078251372518165,0.459117271391424,0.8439292876407232,0.26559162594643454,-0.37567918773936443,-0.7357249801041053,-0.06015465957949423,0.34074828887990777,-0.1581117103025368,-0.4014968250743935,-0.08316904253753354
2018-06-05,0.18678567760297907,0.14828468263185893,-0.3335000658207321,0.06482231289535237,-0.15720740452165632,-0.316350853695443,0.3141947086980331,0.012361423418018824,-0.0032561688132768385,0.28300233293747185,-0.4389542348903851,-0.08237681277787273,-0.11688956061023989,-0.32764137699238555,0.7973160338225614
2018-06-06,-0.07215399555253832,-0.0917669138768113,-0.5811045067414747,-0.4991454945290159,0.16255069607029404,0.08773414500608723,0.20746363757757802,0.1282217166946502,0.11451372092814038,0.5622962965436007,-0.22792124237013622,-0.14537294057911154,0.1597959108464807,0.24998940157870164,-0.14968713194028294
2018-06-07,-0.22542125307038874,0.022153733333132104,-0.058954779060673534,0.2434562975384745,0.14014671076656535,0.5789106483809928,-0.5893129145006926,0.3463087732447403,0.15812113015226362,-0.24134670030900995,0.20198820979245713,0.059025461371748245,-0.0012101910964169293,-0.6752956543575458,-0.0377049460125872
2018-06-08,-0.21412530134195007,0.5788182121878476,-0.10021448594900995,-0.5390314557832923,0.29020883179973417,0.11760501453664951,-0.33727357307942957,0.1685302511757692,0.23080479698393497,-0.29491300457960284,-0.23698976618004416,0.47440126362789503,-0.3287615067066466,0.028533390551335303,0.17739933657621385
2018-06-11,-0.24271662282312356,-0.0010735638129813615,0.03676294102662313,0.23883061154410093,-0.040106538838433986,-0.2117232717826345,-0.028531791005803553,0.5776451104064881,0.10954420829446998,0.3408674632717076,0.17529252861440156,-0.47876724289096184,0.3340973071652571,-0.14721783656781906,-0.6774044664892813
2018-06-12,0.2636197410310125,-0.3601113491388395,0.25193929133091114,-0.07132328926735731,-0.19001798916507065,0.00949033655096182,-0.1882609851512947,-0.090292822085897,-0.10671759285273258,0.2094461949636194,-0.14405689202983002,0.37850879631184103,-0.16327747867670644,0.1377405188369204,-0.012685062613392195
2018-06-13,-0.2242168489738048,0.5531651743936183,-0.2529454695183428,-0.22079896195476956,0.037542156623189216,0.3116500284348613,-0.12173928208012125,0.5763144235674231,0.07708518509796236,-0.6180183118786443,0.5722484462072095,-0.42297182535078376,-0.23490115248125018,0.09513708500221602,-0.09121020428847347
2018-06-14,0.4475134711102451,0.35212838379729405,-0.022221877693886727,0.35087974528139343,-0.3530695052017536,-1.3304475633009072,-0.21669868379945034,0.7792729537490655,-0.3971183008959689,0.19416175499712673,0.48942453415172293,-0.8569961715851668,0.23256576221819408,-0.1284398463889882,0.4360455388669824
2018-06-15,-0.1833570365198764,0.2018692002038206,0.7818118758792275,-0.6790584853535888,0.42692221963553223,0.309483409301721,-0.01327260061213964,-0.4956214930137107,-0.0415074048324456,-0.8398339849157159,-0.05310167211608451,1.02440871742744,-0.36205547638059743,-0.6409964984348371,0.6160816606478771
2018-06-18,-1.0059975919610797,0.7753380899882345,-0.3267317070862913,-0.3378557174998157,0.5118551894245806,-0.5086049143396945,0.2822147512371437,0.273043165894812,0.3889786594671407,0.7309971159245927,-0.24435903493554517,-0.33385188445604286,0.08613447188279666,-0.3661776370315796,0.15191163747185762
2018-06-19,-0.2377790026219827,-0.1517244084997579,0.6731866948115609,-0.5665711475327817,0.6062369518285098,0.3303169943320603,-0.6663502012557431,-0.37693214290060906,0.15243532896438472,-0.959663515493279,-0.37518925264472147,0.3663607593350245,0.02854168487917058,0.13775558367097265,0.9154733087561928
2018-06-20,-0.11745522049588197,0.6900971084626639,-0.5823810848579043,-0.5484402583634244,0.4957230661882315,-1.1153894981302006,0.11934244181673767,0.013293473508110165,-0.00022922371079299453,0.705646950187107,0.026874503115433632,-0.2362676175205891,0.39843244157351115,0.43125355957962835,-0.2776437291038045
2018-06-21,-0.37602740825861725,-0.4339181149965363,0.5445132948046133,0.2258488938624694,0.16351775467545487,-0.043122042637117275,0.1249085486298156,-0.24885104874851868,-0.08644566502956352,0.2808410485033401,-0.0815563201933808,0.004215828122398985,0.39147816359503407,-0.1679334659961838,-0.2833886419689528
2018-06-22,-0.53364946460467,-0.0884252468420822,0.029625631487205793,0.6308940481945883,0.2021043488955659,0.3005731683678321,0.5209073137410857,0.3075816220789849,-0.5064989143859758,0.10885161794867271,-0.43805267289095967,-0.3109425954489446,0.09745775674242371,-0.08079974135875251,-0.02645022023417032
2018-06-25,0.14303814610602927,-0.255978609475904,-0.45831436859045227,1.6533893026116846,-0.7281856231506111,0.30923628853402935,-0.22437565941844906,-0.6566023116302308,0.3897729273583539,-0.2229189265839967,-0.15464767397120638,0.48745394392195696,0.22792897023870923,-0.9491306668494388,0.33469199089068596
2018-06-26,0.13254940427078493,-0.2488276249992999,0.7682719956944876,0.0009244596757381207,0.4453050263003042,-0.05523955049967466,-0.1455284816313121,0.4131634689632908,0.16779118444237803,0.047994535050242426,0.12737046894527243,-0.6815821884637586,0.0749560633598087,-0.13952607132706102,-0.8122625870407174
2018-06-27,-0.5276970542099209,-0.0022427257736332695,-1.2656853595749444,-0.029109098016415147,-0.26441990967186124,1.8804460846184654,-0.3555510466288979,0.5884514343266172,-0.08698812499029951,-0.5002063796379042,0.3012869160437144,-0.006504116346609856,-0.029549486763409183,-0.34984972101038836,0.33045669763512
2018-06-28,-0.9895853190173337,0.6365076396595517,0.6298170242710824,-0.5091039088242656,0.6220685815938094,0.6571401722786109,-0.05483196301395807,0.8251312541144918,0.36317518474700416,-0.3910520540813789,0.8971989613579959,-0.8850659975159845,-0.05590001377557696,-0.8154075365671508,-0.7798897791583655
2018-06-29,-0.35692278349410833,-0.081932944385123,-0.37900794136393445,1.1219697189536435,0.11794397769424739,0.3263810038797829,0.5172113675708552,-0.508443944448973,-0.16115905217632825,-0.3106502691912192,-0.6120224804631607,-0.17897607826176812,0.2684902692424913,-0.3842479258064794,0.7752655583329565
2018-07-02,-0.7517031988843819,0.33015446133352533,0.4464399491693607,0.00575115717758623,-0.2991929323007934,-0.38769887579131257,-0.2198135491206728,0.8080892982557351,0.10466865425008864,-0.41595399986108933,-0.06425310839612441,0.03280948502327796,0.30486782063734885,-0.2260559458963709,0.3718600955483114
2018-07-03,0.1941381602134009,-0.19042562743298008,0.26423310925972515,-0.2938313355039579,0.11137187792877046,0.6363830525218042,-0.6398674948197838,0.16664317929184758,0.1958235875619807,-0.07206886281830735,0.3177366806213573,0.33267195107357184,-0.19015352902922011,-0.6098184442903786,-0.38008474414271476
2018-07-05,0.26162701226141294,-0.007763082185827885,0.10869751663958618,0.068464519782507,0.3985310709453825,0.3784327739700204,-0.2347901184189412,0.27144332872721766,0.34531562120211506,-0.02548417115126217,-0.6138771391594063,0.5853633256366086,0.0059557835501877765,-1.1759061031784697,-0.3405315718347959
2018-07-06,-0.893713280196547,0.3269863821774207,-0.02363060021531871,-0.5016597406113458,0.2375876575692898,0.35414599316302536,-0.3336403360379213,0.15205154883081373,-0.21725188055186906,-0.20567187189188607,0.15323862954249878,-0.13309289717115258,-0.06992274402438553,1.012300386216182,0.10811664890261774
2018-07-09,-0.6926978837586493,0.21873325566453272,-0.0710994368504112,-0.3956314256316944,0.2509728366811621,0.23591890745771593,-0.34183972137437046,0.6322369497894589,0.26243928361617375,0.6152880873744611,-0.12155548348177225,-0.3887601502268945,-0.1931264739811107,-0.48836940147028685,0.3660918867467702
2018-07-10,-0.2762508201819891,-0.17649076049051476,-0.12504495927866394,0.3002406795021892,-0.28779593406301957,1.2654331731086639,0.49370985197533734,0.07276649460947476,0.025276654812704746,-0.5872868498923532,0.10996841750357361,-0.04025440677442371,-0.2200296767424952,-0.7146720107450799,0.28147790404704665
2018-07-11,-1.3530339312807969,0.10947718868077438,0.5638175770682704,0.4682216550079654,-0.4561931953906724,0.032180058573827885,0.8254707440813308,-0.15111688589092895,0.06386920127330856,-0.15801647569709942,-0.24777668309603446,0.28583681146788614,0.24869837323923694,-0.40876044507211123,0.49415589106395796
2018-07-12,-0.1023309865268485,-0.28071082334323993,0.17802951115552462,0.2557420736663331,0.11774263412762165,0.4702574959296772,0.1386968036840166,0.22513641575576404,-0.22647277320725295,-0.012042138848987194,-0.13311105675631185,-0.20623294094846345,-0.07937726232496951,-0.09642607984025392,-0.1189654290037295
2018-07-13,0.4295705775504203,-0.26409472926413574,0.01045550919271021,0.08354074008822732,-1.1155091154049963,-0.14343884016653494,-0.22957163766669036,0.03843630580027313,0.13883400761415854,0.13397629012364135,0.6011162771728616,0.8248430891157079,-0.04664157041030477,-0.025811016853524243,-0.5919412754525124
2018-07-16,-0.0765327740524866,0.6125795283307931,0.3780362747815403,-1.3107422731289724,0.9470545881718584,0.16704073138189013,-0.4776862354974287,0.5174055092412009,1.242816838500695,-0.6313033609088445,-0.7015893391274362,0.34038474590361134,0.1568354023330032,-0.8809857574097545,-0.5869073726510207
2018-07-17,0.32842348393218485,-0.32656707420300574,1.0043397832669847,0.12661725204505025,-0.474734330189707,-0.15974324350177632,-0.01037519762591993,-0.49374900179620945,-0.5066936482908478,-0.6898155358980786,0.04505405688136788,0.051884686107019795,-0.45589068095575624,2.250637710489453,-0.32846644814975384
2018-07-18,-0.04030597191682439,-0.5401299579334878,1.5270898262366859,0.956116916677236,-0.10177408757275141,0.4167165088696929,0.08028400667627178,-0.8365495774880188,-0.26631580985969205,-0.03420980264815077,0.9821138577194128,-0.15268811483349465,-0.14215853269690792,0.7807200788640696,-2.1416196245315735
2018-07-19,0.37964745267049915,-0.38034209174142064,-1.856395072144755,-1.8833875230194332,-0.22356285037960566,-0.06775748861647735,-0.37752938225079513,0.5243441469214445,-0.10430851631361615,0.39579992901627725,0.22273157587131132,-0.0566738249878167,0.497787812130001,-0.5995672777930776,2.5338909983624722
2018-07-20,1.0056561432541937,-0.21448424812450495,0.01312550082936792,-0.1609969815667387,-0.4250702637916753,0.1652600244192741,-0.18129944768925885,0.5594417434299586,0.5117581586599406,-0.3816496804867806,0.31112387815696835,0.6175813596404712,0.08154820327696921,-1.1246250761171876,-0.9547625641663642
2018-07-23,0.6267568949618788,-0.5879467204837364,-0.8104749967582996,0.24440507872188855,0.09521884166085692,-0.25118709997011035,-0.7641123951122207,-0.14795232389751023,0.32154421965786906,0.3274523928353741,-0.37529425232540925,0.01610686090265978,0.33081317251802367,-0.3346291019183223,0.8100470567799718
2018-07-24,0.2542600672050863,-0.05654173231559645,-0.26607449875251954,0.08951849566132108,0.7277702053792101,0.028118747760154772,-0.8862778989004573,0.6393623199675744,0.2134948311176535,0.040713201489826156,0.027509143489165555,-0.8373041445813838,0.41491201737963845,0.015214447985503698,-0.743380245392537
2018-07-25,0.27681920366885726,-0.1336072931991897,0.6205228476079117,0.6576660095202725,0.285144214405251,0.6829400019311477,0.16998558926674395,0.006016444213111649,0.2682229997690073,-0.3783094732021033,-0.2644092766575172,-0.5796163675917372,-0.8609314723058146,-0.1432975175100903,-0.31706061634562155
2018-07-26,1.43257026770589,-0.42590463591389316,-0.23619740625162566,-0.17095374341815314,-0.33501124660466713,-0.33430957020180396,-0.6166570856718876,0.49567705757291347,-0.14325563731773802,-0.0036034606850938733,0.3041201098678451,-0.4136435969897254,-0.2921363383727751,0.08475610053513322,0.4896465757988515
2018-07-27,4.978407656382074,-1.1858783168988123,-1.0358851411905603,0.5258652488256129,0.13180662292104223,-0.6216047000143285,-1.1896732671872052,-0.24023569820859525,0.2447538149879922,-0.5843364043944733,-0.4770445793960823,0.5961173870911702,-0.6862954624878868,-0.7970267533509254,-0.07781833336192462
2018-07-30,0.41080674341717527,0.5711863487729307,-1.1813353419525499,-2.3495396261370596,0.13442057884203928,0.19400881112934298,-0.40047059681089436,0.9395945984602689,0.46850677764421983,0.3455944960787284,0.8330627763700734,-0.11546216129605524,0.6895830989249924,-0.46186334239678084,-0.7329475572246112
2018-07-31,0.07704096542980537,-0.24035134025856109,0.7149392302217761,-0.6853330726283497,0.2640271979321857,-0.5339100716172456,-0.1548495340943954,0.02496198075267131,-0.5847457004213139,-0.07517831800681721,0.2548766769389817,0.12741252635615857,0.3598694524847998,0.4665155208824885,-0.07823138888530491
2018-08-01,0.8366965402136126,0.05723642170834298,-0.4879036705439387,-0.43486587798304754,0.16829505751660534,-0.4338452351346852,0.6349418888899506,-0.4477351721871166,0.577630357903748,0.1048446462252006,-0.4320402316711774,0.45085429097089974,0.15994711603371375,-0.3900275823293278,-0.30418379066453016
2018-08-02,-1.264760670812378,-0.2985688889865041,3.743672776711338,-0.05914233335683167,0.34492646875032035,-0.820502564781241,-0.4090961982008184,-0.5507664879464915,0.5854275947007741,0.6120259607974847,-0.2878509436056753,0.3591056906169123,-0.7814506335112765,-1.0538634387744181,0.08505860036497315
2018-08-03,0.9925659524570191,-1.9855092597721682,0.9917264096082885,0.8283574729269026,0.16234594757610454,1.0997368483464962,-0.19911292020616927,-0.609497800924671,-0.12215228690084234,-0.4369834373781181,-0.39079350507611677,-0.492314532867998,0.020325451335428346,0.015457568675278699,0.49564168257227226
2018-08-06,-0.002706820364208346,-0.5445366727804275,0.3456108031658856,-0.18005760954822064,-0.24053233889742653,-0.24263384433232713,-0.20942840081652292,0.5466646980530058,-0.2855635756082143,0.7513519538179584,-0.102352963755392,0.06290095993328365,0.0676215679978702,-0.025449408794868594,-0.10190720332609002
2018-08-07,-0.024349476197911155,-0.6470970647393022,0.3138017844408162,0.3067771621825405,-0.5116390934212618,-0.06258622437364314,-0.06278191429316049,0.3437187567712915,-0.32604918621461243,-0.04520729586256472,-0.26958952051678103,-0.025789578831195592,0.37190591077620594,0.0806686695869,0.644349117930355
2018-08-08,0.3089651138627863,-0.963712002150482,0.42529455590241816,0.4317438378270268,0.3445563929533254,-0.9050784976305151,-0.27402393763105043,-0.7579216191752707,-0.08804260893246113,0.43917550439782826,-0.13187352777441663,0.1710760970227706,0.9247534082704305,-0.5252071231427159,0.42737345984829217
2018-08-09,0.0018861912188510854,-0.5202311821493277,0.41892654501248405,0.2317929586038168,-0.23680147264564433,0.2768031346972031,-0.48226710885227864,-0.3618416535936777,0.054450413454323665,0.08306293705933926,-0.27876087306002273,0.0737824921002016,-0.6834464215718888,0.9356358540492979,0.6718208038465596
2018-08-10,0.16863674978825482,1.3130064699756674,-0.4060261244962189,-0.7857769082888415,-0.5013914522399414,0.3219504757943581,0.8494652993954648,-0.3971476646950849,0.5930894611576991,-1.2498545557941765,-0.12338712917603978,0.45192579793966514,-1.0596160011116225,0.8409362594714387,0.5553914699720277
2018-08-13,-0.11192277215599383,0.02158122666760487,-0.5653230761469283,0.25367866212028484,0.08765523475643988,0.1449742131030285,0.019073259013567084,0.04594541390040763,-0.08194816705750263,0.3165939133204437,-0.450509132366544,0.18278739522437815,0.391110360966333,-0.15496674724535658,-0.2797915030183806
2018-08-14,0.19778070700067668,0.6035472889349089,0.14840971962514826,-0.39663051501761437,-0.06569537636448242,-1.7614457493933497,0.3436453792755111,0.2636509058061173,-0.5453409663509334,0.5972251952260473,-0.058542862826539976,-0.28678978342382433,0.25977770321825844,-0.038444004805138876,0.9660191767894312
2018-08-15,-0.3110035816390784,-0.1199764930671812,0.39469528028753126,-0.7900817966198099,-0.6329333304986603,0.21673568139867794,0.47325289901973444,0.7050792402000681,0.047643794140785456,0.16284663674055627,0.15837543516152758,0.3287261507196512,-0.20164086238797674,-0.16612911837971556,-0.351794123492574
2018-08-16,-0.566610125008183,-0.2526865999401503,0.23960784551830228,0.11007120105547696,-0.18204034508384592,0.18432579003720462,-0.33592224002822346,0.4059477233929576,-0.6126024732684626,-0.03972240220039858,0.08801695013997479,0.2567304271001061,0.11454298289441489,0.41727062674956494,0.051646402038523886
2018-08-17,0.34296710100700706,0.040214467179677804,-0.22693822763100052,0.03912025919861961,-0.01964676196326498,-0.5403372481271905,0.20158966292639444,0.03954646129523151,-0.2425135159172011,0.4136161948146414,0.013441515546654154,-0.10194780156454779,0.3403091302757753,-0.41237788163598965,0.09289779931650471
2018-08-20,-0.4968587127568188,0.6223465139070847,-0.04853887914061428,0.3640998880023265,0.463306008115805,0.03139670665264993,-0.09371003764269929,0.547079882610712,-0.6702948749293649,-0.21672490637937963,-0.510952715922849,-0.2998870107194059,-0.38215072173313364,0.5250098424721932,0.5437847582780523
2018-08-21,0.1410972002341927,0.0006450448278789711,0.3973417321478374,1.1217977832315218,0.31800331086742323,-1.0776583977894045,-0.4900239086977425,0.6720151890852994,0.048658000681750635,0.4231248227814862,0.10695565725220108,-0.4319993462075733,0.2246059857374494,-1.4310043319413026,-0.22307776738102358
2018-08-22,0.10574146244223492,0.3543256783149369,-0.9573642750023512,0.8233553071330708,-0.3794065203442486,-0.17305922909969085,-1.139814106546404,0.22709052286686224,-0.38135015497071534,0.07907209149715366,0.24223130752922195,-0.04181099687268275,0.16287431900781124,1.0691108585942486,-0.3644462214135106
2018-08-23,-0.040058382917306457,-0.37054111944436574,-0.005287847103900178,-0.06651392530952133,0.14977919736851913,0.7545000741414681,0.5230044466332183,-0.6335249647639917,0.3466856854519354,-0.02778924900592794,0.021037826746022614,-0.18686374430986707,0.06347372904011184,-0.48990134540999064,0.11811151654857355
2018-08-24,-0.018861783138435007,0.4195985119681619,-0.7992971548564873,-0.18096178956354408,-0.07997720935387413,0.6515693006947757,0.6281574239200286,-0.5363541513092419,-0.1554122752131029,0.2127721571809127,-0.07231329386950877,-0.3916947755358354,-0.03804638089015755,0.31269131695049845,0.3366694083438838
2018-08-27,-0.4816756483118688,0.6817690074411771,0.12866344524349793,0.012877268028330224,0.05666952553330762,-0.21750914912085517,-0.3561980848535158,1.2236887926383218,-0.4594702533020769,-0.5568966552379333,0.8887413267114843,-0.011552357663073387,-0.288567796478878,-0.045412763010003854,-0.7852162535631577
2018-08-28,-0.3968358127049457,-0.16963822031670533,0.013197516601397091,0.19512845848184707,0.10069739025626867,-0.007929778125666198,-0.6100888100264269,0.036830257027535035,-0.3414601095298,-0.0028406109927100187,0.43508899025342596,0.4593574912232406,0.25212155500258737,0.07207230078516692,-0.599216384388685
2018-08-29,0.5420512328446858,-0.00028311906835426504,0.21096059721242588,-1.0165782461887973,0.11622374415828146,0.2205148048789497,1.1311759767253298,-0.10599428388445753,-0.41326004442664466,0.1455295775777981,-0.07998121447250678,-0.046638014553345944,-0.44870862733601513,-0.040390675788643,0.43812635051614046
2018-08-30,-0.35633861654889754,0.4354430769305129,0.5153672898787423,-0.3032294587046811,-0.20591076711841905,-0.10825279624120188,0.6918701018459801,0.2135367572213699,0.5117061731188984,-0.45355463401150264,0.012406109597259851,-0.4509562115517298,0.09141396067058394,-0.5334466451864222,0.21711413194330564
2018-08-31,-0.4789089718599272,-0.5202401532698363,0.6827202175971042,-0.584518414998628,0.05699362744937497,0.4251334134041594,0.5075850561725599,-0.3341899566788803,-0.24514064907198307,-0.1679339993635467,-0.4439244862738409,0.2037733920597701,0.2933331065645566,0.36239319690644095,0.5692313223631534
2018-09-04,0.4213012091369987,-0.03376938426775222,-0.40881137784959004,-0.11888603074279336,-0.016032543771445695,0.46024897283032223,0.5643964035659886,-0.3188717802520423,0.09171867586900445,-0.12726544681698237,-0.5676306033844709,-0.005614316925521778,0.04129079378240047,0.10801503767886622,0.41691840411989245
2018-09-05,0.42307195301389977,-0.4823086565090845,0.022381466834737518,-0.013344533274342485,-0.06582520669637776,-0.3255401321843988,-1.0648067215237904,0.06497537440678577,-0.038958345055967736,0.024743699465966884,0.5757564204856194,0.317937817580348,0.010237790187512474,0.6305207449490839,-0.8410336987542973
2018-09-06,-0.11583222315019231,0.6393412216973465,-0.20157405783563587,-0.19682451315365043,-0.3445989862192942,0.5232958148428872,1.481730171434035,-0.36715280784406745,0.44543663275534084,-0.26335705096097484,-0.4208549985211375,0.18487211299403494,-0.13550723986230007,-1.0128978990939657,0.6900193178958921
2018-09-07,0.2617623371674659,0.29904413173972116,-1.0893375353676298,0.17118874175384607,-0.6162022594296913,-0.0561019949901711,-0.37397386215597705,-0.22814971414289043,0.05621279909301055,0.14508351217374243,0.5442980716831005,-0.029635803496717933,0.13615354426489312,0.6249736041960909,0.007648904560877301
2018-09-10,0.6710221144845125,-0.73743643174024,-1.948306672512596,1.0635056260701135,0.02034998312841542,-0.09158052047217591,-0.6383601008812698,-0.6943346587679665,-0.4846269506130432,0.5042826378520153,-0.250563854702891,0.10631408562143305,1.303107347471975,0.5862467761739112,0.2556435541806106
2018-09-11,-0.17811914284430083,-0.3443757966731889,0.3681014128095526,0.7729893823060785,-0.19955266391364657,0.3161739316360749,-1.0837910377094586,-0.6361631219891796,0.6088903116460803,-0.49511833794265947,0.018261601646363826,0.6040871712795959,-0.6715954715796597,0.5374532186841758,0.3180289291379854
2018-09-12,-0.2698385987496078,0.6294792551489262,-0.08734280298358155,-0.020899792040939835,1.9176258806125834,-0.24914539509198652,-0.5321362551248672,-0.13522885591408484,-0.5042669584253512,0.2691070010155311,0.19937324391124223,-0.8008633163407682,-0.0009106298162604443,0.2931305718292566,-1.2748796062129064
2018-09-13,0.06028881147949705,-0.38929163807570233,0.3494557732633541,0.0853851180759086,-0.34138983626908515,0.28874993496462276,0.4598314392717609,0.10068352590054151,0.2929339793481832,0.35586190301552256,0.37225815548183994,-1.0849003164511541,-0.5155673875688086,-0.4797875871903825,1.0448163783967082
2018-09-14,-0.14502487129892971,0.16284758294249446,-0.8780739616018244,-0.36044743697530723,0.09111481622680967,-0.03854353794144694,0.23158296074975177,-0.08472475691185422,-0.6224881005049552,0.42860002201554526,0.19855158680629226,-0.6611070544825991,1.1710603920679583,0.5163868044085265,-0.1437424173063826
2018-09-17,-0.3198743578218223,0.2339933818825492,0.5505459616708783,0.18754131765818005,0.7149580529705779,0.16198355734393316,-0.03076386167665013,-0.20516148646483467,0.6597572538855475,-0.25060392995129277,-0.3078133558466079,-0.20934794902968357,-0.5513683618801732,-0.3983937157406159,-0.11717565738791083
2018-09-18,-0.22502189205957046,0.5173103605462789,-0.09586041544514234,-0.33358134442245235,0.2196494096351403,-0.5939196447251642,0.10214167658228321,0.07968506010796267,-0.08438076971473651,0.3744447808598972,-0.08354376698284127,-0.26526910896183264,0.35404105882866277,0.12667294653172917,-0.3103629272435835
2018-09-19,0.18046043859792438,-0.6563490968877834,-0.00917455444413895,-0.6555252778334926,0.11265604748957037,0.2180979729615642,-0.04655850934991035,0.24632626447508432,0.20752798096457736,0.18260568367320573,-0.08862182719748146,-1.0522829718249318,0.5848846529640368,0.7873262803463938,-0.1429829232953841
2018-09-20,-0.2030053406445887,0.2634614677499416,-0.3074243162244541,0.23219213682431827,-0.10849592869184965,-0.32996412302480155,0.076670531213474,-0.5416059580809025,-0.5174786903722699,0.25479700813196493,0.17212568486219149,1.2278637903922158,0.09965005318827724,-0.4741193853491272,-0.04277680356023472
2018-09-21,0.09897728352601726,0.37124344411802007,-0.749722970700964,-0.43621374930030715,-0.04912319290218048,-0.40646262623068524,0.48137156843695816,-0.14099802679567697,-0.09205460877344607,0.5869516011250409,-0.23572569009111988,0.2225819262943307,0.4242188183684956,-0.06190127186918251,-0.11188628768488706
2018-09-24,0.101341423957243,1.2112889011281573,-0.6583931693993434,-0.572705742827213,0.8214980457148559,-1.4819078620394426,-0.09810480941838001,0.334880042624361,0.22026447636576507,0.6354010456032633,-0.05294173911007194,-0.9332268084981219,0.3172890395720942,0.44723653114921613,-0.8609125856457915
2018-09-25,0.4764398877447531,0.31022706892196034,-0.12849324463669132,0.13213135820320182,-0.1116575489389161,-1.070717279022166,-0.6792555927641672,0.22386381702382682,-0.019743059563388177,0.026034547841593425,0.027947179470550476,0.11017698302083367,0.04051236572036698,0.4848371190696247,-0.22755285153588867
2018-09-26,-0.7999759815169876,0.38291169654433854,-0.03419505414076407,-0.768616216179655,0.1666936132865604,-0.17736887896358788,0.2502560608755114,0.011769908236555437,0.27317807989839715,0.2459426178487618,0.6776783113614457,-0.3040184700380346,0.32322216686493976,-0.05222211971645985,-0.587973303524272
2018-09-27,0.33563570254776,-0.5929155434462677,-0.17574481677234877,0.1628367942994775,0.6959530319906584,0.17614768127159552,-0.44631221354755973,-0.22995413106201001,-0.2535184813137529,0.08823186833169927,0.5969835417006957,-0.7227216652167797,0.4633176339752961,0.1422445883563106,-0.7602880074303803
2018-09-28,-0.07139438143443842,-0.7838451453700179,0.4337355839402306,-0.0630985675932001,-0.06265253024302009,0.17921488213315062,0.45483257616698136,-0.18521015799749607,-0.030614712205110806,0.1033909175934708,-0.7237454962701102,0.30437335629924567,0.6819539852050354,-0.3998210499267112,0.326691942643053
2018-10-01,0.4077383336730467,0.1669040890508131,-0.3400104439823769,0.03230272160774117,-0.07489131961103002,-0.15864468298224765,0.7172932656161988,0.29552004228370105,0.03151257581382799,0.043495864596420956,-0.27336685348807493,-0.4040168913301275,0.336429249128951,-0.6026102951562088,0.2210991215989451
2018-10-02,-0.2688766895347196,0.1739374439434483,0.22881843542253288,0.06466020892323088,-0.21116092101192147,0.3593217783890067,-0.30394188546383305,0.3218810028947853,0.24213323286422173,-0.7840580218648725,-0.0073094723351940505,0.2027434015253526,-0.07446617222259674,0.22388310287472127,-0.22882819257489964
2018-10-03,-1.1315911321437508,0.4723066354756883,-0.11246775622849282,-0.6713900485780453,-0.5352858638703926,-0.455651649506053,0.16146974144990922,-0.3505715900564974,-0.2610669409142541,0.7415705952278483,-0.08769143230459975,0.5475987046715368,0.12795325261780555,0.8382245017250395,0.9360232681563261
2018-10-04,-1.4725357659661835,0.5926108096887874,-0.45138824434497116,-1.8031942250610447,-0.10222838820252572,0.21900411848987367,1.695272562473509,-0.5679654415495146,0.24540376009242315,0.46738413701677683,-0.43595417603901243,0.3533054902885966,1.2491046311432612,0.20045215100803015,0.653189664419258
2018-10-05,0.006163223818604291,-0.2482886423361217,0.3106080900582878,-0.4344055485411928,0.35094536337873555,0.40969234729877096,0.4390542825214541,-0.09014416220170429,-0.051889213294950776,-0.43453056579326543,-0.28985455986929476,0.12715777100972192,0.2566714202159302,-0.015093780781836125,-0.004564423338259016
2018-10-08,0.533661728978517,-0.14377343197664838,-0.466845175224409,-0.31460076572140416,-0.3633906973017198,0.425518716968297,0.1602874332531795,-0.7693783761993713,0.08589714552409455,-0.1893153058784932,-0.018427271400814793,0.3924005650529877,0.1075401936166176,0.4867811710409071,0.3490873850180142
2018-10-09,0.7473511360602327,-0.6026193615857217,0.08477558124719808,-0.30546712394788245,-0.05714833871614344,0.46543363523287495,-0.026300746979008412,-0.2807558139390778,-0.04228564832989512,-0.4232996577811334,-0.8911756257806482,-0.14820026280921206,0.2799649989763199,1.0635317908787427,0.6464907927228243
2018-10-10,-0.6187456113996297,0.17654007034054509,-0.8846163645902352,-0.3722880029825961,-0.195083474455243,-0.5570224680646838,1.076222573447199,-0.9988647742128038,-0.1517928646875002,1.224822505884649,0.3839563538100199,0.9913277920692938,0.7708344909707976,-1.1882221913496904,0.09179163554777703
2018-10-11,-1.6913092639137757,0.32595646476775997,0.6583208749249652,0.4532686752732369,0.06234594715754893,-0.42229168680841145,-1.3456886428371477,1.7997405575791343,-0.5862535253217631,0.21818859311208616,1.1676649947890012,-0.516250098784099,0.22655980043239943,-0.14571920808696426,-1.8552480473872377
2018-10-12,-0.4176059538896384,-0.08936125660025807,0.17464463749740572,0.8489166509304583,2.8651189242547055,0.3367875260160995,-1.375584191651247,1.482258086879968,-0.7157231838874317,0.9387579324151724,0.6618623023853323,-5.669695146854692,1.0013051286189871,0.6908129361547611,-1.5408746035209553
2018-10-15,-0.5747949335497071,-0.5633576610096753,0.6963463318086124,0.5413167256808333,-0.9477522698944747,-0.8599629217450322,-0.355964960528927,0.7533822293846502,-0.3798009950531011,0.5702560153323593,0.5479064708583146,1.6379246172550883,0.1055580983455216,-1.1821300068611276,-1.1825326283799125
2018-10-16,0.05617244708367297,0.06906723989479857,1.9278424759077661,-0.49737973436635574,-1.0388138098002289,-0.6713353117986669,0.49299286229009986,1.4984943305238871,0.4227990965582267,-1.4228195204769643,3.001615019557671,-1.4816364291922066,-1.112560641957124,-1.2361173072859355,0.32816688981263265
2018-10-17,-0.4063381116008007,-0.7881499407778596,-0.9033535073802381,-0.8424888881676585,-1.24022381415035,0.19806997850035213,1.529572694613783,1.205305516624098,-0.4341947908363164,-0.3351260561966658,0.5338322592709381,0.34134488939396146,-0.41189965666446393,-1.0022503269874132,2.8730701710961934
2018-10-18,-0.21722577592892367,-1.1104227708359216,1.6064467441799035,-0.40195613730235014,0.251285079940331,1.302525381753389,0.2720048800712946,0.6644548452936281,0.10800717250111935,-0.498022753986898,0.16817827408272978,-0.6921891322374554,-0.2695481322895754,-0.8040668170106748,-0.4645307278912174
2018-10-19,0.6217319002861983,-2.276346913296603,0.6011088355165418,2.613342443960401,-0.7313507111081117,0.8013625224379489,-0.6728205046211659,-0.22048942345378608,-0.9870884692725623,0.16152661063258628,-0.35171925283094496,0.7265248148839795,-0.1973866886091629,-0.925344055827784,0.7051708437551129
2018-10-22,1.1840542096722428,-2.852318438713401,1.0199178188869091,-0.5577395176396405,-0.8943456546659878,0.9504419553545724,-0.01645673735454678,0.051755711224468204,0.7807262653531757,0.34433785669190753,0.20799253177068278,-0.6974947164473435,0.5369690018513655,-0.12697590090335464,-0.5490737630450262
2018-10-23,0.444612995953238,-1.0973831041742166,-0.14377533848738144,0.6229271321598432,-0.24569355008800298,0.35391375731033325,0.17284316674990463,-0.22272035650758015,-0.08088342994978348,0.06442377874395044,0.1052086000043726,-0.06451414407570544,0.19080561547162433,-0.7345978087517756,0.538623281382933
2018-10-24,-1.0238652546422315,-0.6512527876292968,-1.3048800059179841,-0.615474594282547,0.07550012023509778,1.6061143159065516,0.55924570072965,-0.8119759680090137,1.0301947711800867,-0.7573343236483647,1.2221545741999618,0.7924310880535284,-0.031019796078806117,-1.1953894341903195,0.8238505580983619
2018-10-25,-1.854815938051014,0.45750784564633556,1.006606502424325,0.28013893953126057,-0.6432479279419787,-0.684164374462473,-0.37859037992609457,-0.2948114834539346,0.4012616601517418,-0.05895020796502637,-0.2757524887054241,0.6540466424528204,0.07366514951312464,0.4023475371916876,1.011803799088277
2018-10-26,-0.13178490320243852,-1.4940488788491257,0.3173138497737664,-1.6243670783865412,0.13153014547781872,0.9371310482436024,0.23009607835268933,0.5190941441898027,-0.21480849085210707,-0.8890730550039931,0.31099084994615045,1.259612192498864,-0.43546429988050694,0.6132065413499375,0.4537036564369693
2018-10-29,1.0010237355603322,-2.20855224402075,0.6489988237215851,-0.704454083554363,-0.4943768790695944,-0.7698745492717259,0.1680915189197127,0.08785181429481193,0.7442468574945462,0.012965046913440026,-0.7096163448402938,1.2635496303877476,-0.2976438843881327,0.43772666332486865,0.5736863741439444
2018-10-30,0.49847477966226705,0.562672940560347,-0.10374632848510923,-0.5676182741293723,-0.8390843736817052,-0.13293015877406766,-0.48775434510957294,0.5894249807996674,-0.008129466419791509,-0.43899317302546725,-0.0737404877111465,0.4445022609652278,-0.49490986578024687,1.4293878845859556,-0.3089019837789402
2018-10-31,-0.3717586744463349,0.40280167061059885,-0.13062206776819907,-0.8817434641452734,-0.3949582270841252,-0.17023404903618064,0.24517155019713718,0.42110653370977746,0.8132806171275497,-0.11448519098786991,0.14931900134178222,1.287926252470707,0.04040368964490726,-0.23900079202232838,-1.020805231820671
2018-11-01,-0.20737367294152406,3.310520516820652,-4.880404815468773,0.46570296575461567,-0.21653009005656543,0.979957323497947,0.45175462949701783,-0.14667495346851867,-0.3720079219881626,1.0053340051601232,-0.27117863029414707,0.4930188052892642,0.5432048958816833,-0.13261202115645626,-0.5162089628784584
2018-11-02,-0.381313960647861,0.046464436695711875,-0.845161722697403,-0.6042021151742336,0.324520988791095,0.27446380395598163,0.2888761444771472,0.4537030509999917,-0.7964973327683982,2.0055449495021747,-0.2025054532939732,-0.3142963192560418,0.13784559944721408,0.1951096206064097,-0.6297003773753768
2018-11-05,0.364440017744208,0.2956741337586206,-0.6748625897426764,0.7023001961922055,1.2163259034131637,0.27900418855143383,-0.018192542022105185,-0.9304859319204283,-0.2785139341813614,0.8470849948462227,-0.7480509706539786,-0.4831109366626317,0.015828662130245252,0.2986079467524909,-0.7121727065963106
2018-11-06,-0.29623185522088435,0.6626156816376008,-0.33323157956932214,-0.12703418085395174,-0.3789589158902507,0.26520827590883567,-0.30932344608876794,-0.04386585221248163,0.2647961303770294,-0.48634355640565097,0.017173598773508103,0.4017709177812803,-0.19004715350275486,0.5794236717268273,-0.006343041709175212
2018-11-07,1.3636954537411916,-1.3362460628799728,0.3070226541309734,0.7629195478842583,0.7823546549677045,-0.027092991384734755,-0.22523765430260545,-0.2972742590444418,0.23056471448613935,-0.3252796534649576,-0.04045975420917647,-0.13021198152366031,0.3680950001214669,-0.27951740243406586,-1.2537961629744347
2018-11-08,0.31553115513195074,-0.022862592902397394,0.7582842854718729,0.8190582169110566,-0.45541281939404293,-0.07879633636313868,-0.5756509280657107,0.06737521366279958,0.6059482649385611,0.38268610725028157,-0.32731869451375084,0.5979200491421579,-2.4098531029764496,-0.015913114115146676,0.5254301838368314
2018-11-09,-0.2865684404761391,-0.027577642957748616,-0.0033477535767833105,0.8961959053483959,-0.9632670708609037,-0.615505424102688,-0.05319574242467322,-1.3366562311446608,0.20610390459806427,0.26210315954732155,0.42090888998309495,0.859934282105104,-0.15205648876778866,-0.148521199592896,0.9387668798458115
2018-11-12,0.13283957300617621,-0.5265799145454888,-0.3057212223164234,0.39187435012389327,0.05157222902663938,-1.479361907463122,-0.046910217446487934,-3.0955861643902565,0.3353304835122599,0.944111986009951,0.014492112422720194,0.8663636460311331,0.14991856427286887,1.0911473869555448,1.260291443610919
2018-11-13,-0.43851725588632795,-0.7542533689382781,-0.303715582506358,0.438298672080898,0.006474768119467789,0.061848528430986094,0.09171172399782909,-1.0955053621227377,-0.10089583412516667,0.3826438740157807,0.07106543341226745,0.934590906695962,0.03804895950276488,-0.16554487902637494,0.8176569216632782
2018-11-14,-0.11252475605540024,0.5310719073346746,-1.426625326373101,0.552034344927539,-0.6048510635305628,0.12188431711821723,0.5598186070389316,0.15589135555956846,-0.9123757871789989,0.2073692403819375,-0.2700584446979204,0.01040700850321219,-0.3427482398037054,0.5507537431222037,1.2116841070995346
2018-11-15,-0.40544801883633474,0.63674722701944,-0.611374999424907,0.3836139372427675,0.5623224013444159,1.1153528327418178,-0.035830601968630305,-0.47025112135333924,1.0441559719503655,-1.1484713485146454,-0.33698223091781354,0.6907715992851482,-1.0100573114198936,-0.565089410369327,0.26190495109141687
2018-11-16,0.10118303391294703,0.7148463359863008,-0.669605589748277,-0.09533682496432791,0.9617515072394033,0.8362789586121437,0.23454903466130084,-0.0831643274092487,-0.13502216020917868,-0.9848305252627454,0.03041471511701299,0.19239977826333543,-0.5575333577822181,-0.5901555180844188,0.26692282967084574
2018-11-19,1.0547310760935429,0.4127515902072633,-1.1748002193315168,-0.5029061720618162,0.28766661078250305,0.6161822756098537,0.0009477218798386311,-0.4124369228872532,0.9074321687378138,-0.711460547125297,0.9636643211583978,-0.6829330001152489,-0.14127807409244128,-0.6673561770301868,-0.31880153372505876
2018-11-20,-0.6524960764523737,0.7348938272252058,0.7395659133134111,0.04305583687641423,-0.4620313642134646,0.13265743191806445,-0.27961521362161723,0.040584803360199206,0.015215271556824561,-0.030722823983214687,0.23614110333901217,-0.06508160624502135,0.059562487834718736,0.20167341226716173,-0.6294611964757494
2018-11-21,0.34322087036711935,0.8648111031826596,0.5611953489824398,-0.010328376739340839,-0.07148329764981087,0.036053282024798405,-0.22907292156921488,0.12772969023691888,-0.6921517372012946,-0.4151009827174067,0.5863744705847962,-0.5971134714410202,0.28305225648164045,0.2546563704336032,-0.9033464883942455
2018-11-23,0.3801356820949207,-0.3695610204178462,0.17710799900351695,0.1856335038410608,-0.3153521216224485,-0.5033394202760412,0.03236101756824761,0.008112400456461555,0.008171325512279948,0.09009526776574503,0.0208653127865448,0.3286723009841229,0.11361818480498367,-0.12421548323026477,-0.038842451465779276
2018-11-26,-0.5593384158310578,-0.0642083998000118,-0.1637280177937206,1.026883955007139,0.2223067443138862,0.6073318478796268,-0.03817358744140764,-0.4020215225848711,0.1510863114319918,-0.028121020670270447,-0.3417591054446061,0.20316666437039865,0.04725100356778955,-0.5930037461817248,-0.02107150371934119
2018-11-27,0.14343529741241873,-0.0006576754553860309,-0.6758601177707037,0.1119928660571668,-0.25641883013823724,0.01263687616033203,0.5141712609331893,-0.1897504532079277,0.3088494693664404,0.7038898642039533,-0.33736206812416714,-0.4862146865266807,0.42037630771351386,0.2459740307770318,-0.5898010560195359
2018-11-28,0.7769496015067522,-0.2961925536167238,1.5271429284812723,0.9099889421777974,0.7964603157472387,0.9305624475621972,-2.031791304861958,0.1949923789772383,-0.15387816529421872,-0.7046904244450769,0.4240674547033527,-1.514576397589748,-0.3848686317931065,-0.6473177762127323,-0.21339239918651143
2018-11-29,0.4438918436059439,-0.34461022211837933,0.19458090305038178,-0.21118797663928146,0.5353027684347438,-0.457872322260522,0.22051095763091638,0.39976879529611065,0.07077426905108719,-0.034087205265679876,-0.011311142713959499,0.28104156074927483,0.05204853786994745,-0.9381580665761479,-0.10300044067710418
2018-11-30,0.12113254727529654,-0.3767012939841373,0.18917762493832957,0.38896149591121976,-0.11835044658737534,-0.9011662333760406,-0.14760087690708756,-1.1440116650991239,0.40091637938228225,0.02213791153056366,-0.3226684374717068,0.6930875211335823,0.2678072148800152,0.6586604751955167,0.1765950274209388
2018-12-03,0.5740703937474689,-0.29627859137346946,-0.18991992499150606,-0.5715111984213799,-0.30913272124165203,-0.04254044910865709,-0.3446572836305465,-0.2021688232637034,0.46717823913585205,-0.2614503462946096,0.7943246271949418,-0.08696910902549654,-0.18364925735889537,0.46683357078226423,-0.17060691808767944
2018-12-04,-0.6426172974252138,-0.4134503000295666,0.4026210883386514,-0.48441883243475026,0.323301713338767,1.5673263513547662,-0.020399450469029256,0.9653465107258914,-0.6229327782408096,0.12472970911919701,0.15360436442101477,-0.5491453126777923,0.12256493279901903,-0.2655316186379171,-0.6433486454380097
2018-12-06,-0.19497837228574944,-0.5752534942065926,-0.05186727519115408,0.9566575055465709,-1.3086377239748712,0.37765244695458666,-0.4930996365836024,0.7628185330618532,-0.7653377864634691,-0.3698311767748992,0.123712643792528,0.7740121033322422,0.13275895171111807,0.11175127142433444,0.3853690318732594
2018-12-07,0.2677148436613831,-0.9700613022647986,-0.19348492113677274,0.22760126313482165,-0.2468418712518412,0.38266272118021605,-0.21832320891562074,0.2896973160421934,0.06279883980343381,0.375101986363394,-0.1551352111372748,-0.2698774716604547,0.23367993647427454,0.018086064591906315,-0.04519099092894385
2018-12-10,0.6683161658779329,0.8154446695520567,0.2921637946577321,0.14185921113620914,-0.21531454866338318,-0.032644331057216924,0.2161860954279391,0.43239773193901043,-0.5731740831559385,0.021475166647461075,0.003452024131574527,-0.27046163195437123,-0.33496928463785625,0.30319030396475355,-1.1768194619980887
2018-12-11,0.23907121097496997,-0.062220019025063356,0.2454330859056955,0.02066903709132073,-0.5184764154811039,-0.5102331265481209,0.03524763897867378,-0.25973134775166484,-0.047332208047018653,0.1574937418201296,0.2517602497057053,-0.2059558909964695,-0.07837310167312361,0.6990883114048861,-0.001720511052375695
2018-12-12,-0.06856836709983771,1.1176928349729751,-0.30780157312157364,0.8463535628317078,-0.7427128863601078,0.2021777401680775,0.03315237795069104,-0.2223817113687346,0.07572538339742912,-0.27933940917648603,-0.15482866283116936,-0.26459745133053614,-0.21034443061825447,0.49090464975748865,-0.4297400543985025
2018-12-13,4.461420020168931,-0.7727101626370407,-1.7425204080874939,-0.08314001871270549,0.3144381752630929,-0.14952096281453503,0.148186026122415,0.7568417973874667,0.3654781814319469,-0.4309140860341717,0.37237490467140894,-1.4585217056878428,-0.31114627885411206,0.005011178047561349,-1.9149863913789484
2018-12-14,-0.9290963853656874,1.1133005576152544,-0.28260393275575413,-0.1529268336085472,-0.05665207178212439,0.17402596449205976,0.18902053038458294,-0.2798598550061586,0.18194198647840576,-0.13326821517054432,-0.6195687632905597,-0.07097334775724295,0.5143342633062162,0.3820140688056001,-0.07988104370029525
2018-12-17,-0.6467893995320702,0.42137177213235133,1.4173729731667477,-2.183997041970072,-0.019859306083132022,-0.022108062375385873,-0.3485943788053143,-0.36708123927615954,-0.043938718559979995,0.3884490689675824,0.877586912413479,0.761248137548463,-0.01584353154855178,0.2532969616314191,-0.5775511231208554
2018-12-18,0.19749782616443654,0.05490003873307653,1.6178344025972748,-0.3435846072892049,-0.5262124128454858,-0.6100406279530084,0.030721223842937295,1.1719634531105136,-0.19500438500821218,0.6348419652856538,0.30393291126409216,-0.725405920448748,-0.1217426807329875,-0.2430625929326406,-0.9656915055578439
2018-12-19,-1.2897788312347833,3.002857381093138,-0.09247431488522517,-0.6494262846233921,-0.15365220151983716,0.1393941209592342,0.5765518230432531,0.45548934372005506,-0.16626670621528417,0.11074056889856565,0.2974460300682763,-0.47041041771395,-0.2111609188024926,-0.06719522572182879,-1.1694062044525577
2018-12-20,-0.08507879963361253,-0.727853455704654,-0.16780972474330957,-1.6408464390393853,0.04182095877405073,-0.17358684005052105,0.1324409308620983,0.2944145110798355,0.11343953340794827,0.8186770129830807,0.00243802241300467,0.3201477525715755,0.5880856361928053,0.4903822679225378,-0.17886638300559327
2018-12-21,-0.25732951130691023,-0.5061784899204971,1.0240670565040053,-1.1202099316694378,-0.680845498383668,0.6309380900088303,-0.6921180565794327,-0.7318776822584039,0.06150670472044406,0.12687169942404186,0.15460101398372483,0.9168969673243421,-0.134854514777472,1.0202867157505153,-0.09650485817314114
2018-12-24,-0.12230308682118607,1.2292306729312166,-0.699418463651585,-0.2495804197017103,-0.1870016854723473,-0.6114832188714754,0.23435706063885142,-0.15583790235908557,0.14770239620505698,0.13999850879181774,0.037721809587793254,0.371829339331598,-0.2261131617948432,0.16633914864644306,0.034862442989139986
2018-12-26,0.3062146882502299,-0.6212773040660944,0.6007722892819292,0.19922049314982848,0.005079150509624153,0.07792212617919114,-0.041965588556455824,-0.41692839615534893,-0.4769709817022263,0.06271682649144061,0.3386045211854092,-0.05822343443084543,-0.10230993720865111,0.18113244228024827,0.03529391371050794
2018-12-27,-0.11762120108406338,-0.07929273317904739,0.018776928251878156,0.01593731592714942,-0.07978981085465087,0.20609292421418002,-0.015533721018204938,0.4077319680826158,-0.14659015101047101,0.28091923504575134,-0.04982059973646502,0.00916297936711008,-0.20473692377887465,-0.06940743415527595,-0.14548599476586221
2018-12-28,0.2319674429573666,-0.44492253870229437,0.40566886330543556,-0.02989326261478048,0.543420972921712,-0.23767776690165737,0.12107887726228495,-0.44301815797495886,0.01816658521648122,-0.02848624516149878,-0.15391279974092914,-0.1073949192279901,-0.007710183860378528,0.22277693953340674,-0.05055214688090305
2018-12-31,0.059041747115390564,0.48713412802679434,-0.12852404649871452,-0.07539555932583653,-0.24672582906168516,-0.10300492861801513,0.05610052046772218,0.6972333305267313,-0.19443150567900402,-0.14318350023801873,-0.31589460925917023,0.16107673060910943,-0.1472196073404396,-0.10663558497242054,0.1952077043020578
2019-01-02,0.17629665565494937,0.19216440652005368,-0.5686533981533446,-0.8280648522706524,0.6638604315381773,-0.15204902577040746,0.19901226968772767,0.48170446483110996,0.48790437738855574,-0.17154193441579257,-0.16900730025259558,0.011737077940183083,-0.0711011800192981,-0.5792902393295686,0.32370580036582597
2019-01-03,-0.25429028996429937,0.08276196309938266,0.2439555191315108,-0.4139533765618626,-0.08356284214831089,0.23468296870156102,-0.255503172993502,0.06959800270283872,0.1848924846104837,-0.16624708921872822,-0.11809982429126353,0.4735349489534495,0.07976560124531196,-0.026651494118276386,-0.12356460821408899
2019-01-04,-0.9267318607108344,0.29251647406490067,0.1287422475823159,0.4463430670488897,0.716810382357421,0.32744702276534743,0.06987366341963863,-0.306487290083463,0.1487001968255912,-0.3351460424087369,-0.203778996232729,-0.5706988004827023,0.325546758470157,0.00027534100138248974,-0.19148629840452824
2019-01-07,0.1808471611269694,0.09643303142993731,0.06959006972442228,0.07876233787398801,0.2927573288865537,-0.3252575760908374,0.2107706832621994,0.14261718459678074,-0.043537355574900405,-0.13176507902572981,0.19149057891546933,-0.20590792027839255,-0.33219768064633615,0.18576644571198697,-0.3047424332676709
2019-01-08,0.14634272432217638,0.12590551820108095,0.15845154260100452,0.09072003445614199,-0.2579110952428826,-0.2960451627110917,-0.06086733841088471,-0.26908293942759365,-0.19390513454192612,-0.022899093452533048,-0.5016470939343598,0.0033693761890730145,0.12917182663962257,0.5268183264452385,0.460535804074168
2019-01-09,-0.5995883463969428,-0.08855607245666619,0.5109845849189537,-0.2832768798230148,0.22597503279953912,0.9358981205132221,-0.7143346147567461,-0.12877726135307016,-0.43385144902676687,-0.10052125167419557,-0.24116660144796026,-0.2811781238136426,0.05253631848087448,0.18523619635811683,0.7710562580386975
2019-01-10,0.04418331503806583,-0.05842084984723728,0.08534448449518928,-0.18108884150973337,0.2249468664885836,0.0628091778596992,-0.07625785046771821,0.13479306611370415,0.011320364046464929,-0.3039937330930155,0.003980618527437786,-0.2013389158890521,0.21149423150788463,-0.16464274038521207,0.17506646887169816
2019-01-11,-0.23861213063417575,0.2319215144176507,-0.05866819813890077,-0.054972407323864686,0.12109016847607851,-0.06823466996138877,0.2423609109415764,0.1220211551731274,-0.4504372349371222,0.16746387581581218,-0.14132440323814244,0.06421940459995606,0.1083779434690616,-0.001287227956563275,0.09503598289441975
2019-01-14,-0.10934651870767043,-0.15515452012725284,0.1290625702767389,-0.5971860020108445,1.3532391315945227,0.6078011348815265,-0.3434301452614181,-0.06453836614340935,0.11669144125816233,-0.5224116347376238,0.15026567805269175,-0.17817120760247446,-0.2364732484400125,-0.5125411815158103,0.22185737089302637
2019-01-15,-0.19477406425503574,0.10009682459858182,-0.23376376262070203,-0.7035097240277983,1.7006743676717735,-0.1791139073172161,0.44495361256455146,-0.019993821177850257,-0.09802119775250517,-0.3412898328041791,0.02596125411328548,-0.1321266526297975,-0.15199806975463737,0.02220344085026882,-0.15541335741536905
2019-01-16,0.026191366186695653,-0.003276074704460119,-0.4343170473599947,-0.6754783615214538,-0.7553706374783999,-0.17807647906260293,0.1616779714021647,3.0668702368955048,-0.8938203004234573,-0.505377491814549,0.3458990632299419,-1.1309493492944571,-0.534266803156319,1.4177181240266263,0.19593998030713933
2019-01-17,0.510618574414983,0.10303306396583856,0.06800954484130461,-0.05120919186547382,0.14864542660582186,-0.13946090311983833,-0.3067760728480361,0.4555160787427581,0.17685821701833526,-0.030456402503892144,-2.34026867979271,0.23161227660456796,0.25470552436287336,0.15303983868508747,0.8748482858497214
2019-01-18,-0.018886684298104583,0.5717325207945719,0.2063257879065723,-0.4612564769334053,-0.25797758193380016,-0.37714363647062,0.1447350006535283,0.02959705360963516,0.057563434586875406,-0.47334832373308133,0.4476510121888022,0.539248491628076,-0.1432579669389742,0.23556520257341673,-0.38205319434111185
2019-01-22,0.32959703655722644,0.26986804892894145,0.5945412195533762,0.11575444587283534,-0.046367049458523324,-1.0637464194666668,0.5003076321160745,-0.32132675895459695,-0.3672586485257726,0.4913098072508394,-0.656561645399681,0.016585534387838552,0.18700475301613328,0.1480235219023236,0.2071283312819537
2019-01-23,0.24649771948326402,-0.37844889170846485,-0.020757559720640348,-0.04880830383197146,0.39225513730349304,0.18552013044271087,-0.17421900060373663,0.010958801619848427,-0.1785759100411335,-0.24504050906027391,-0.13540564202368882,-0.22494342962519331,0.17130100035194676,-0.21302386677644516,0.5399733701581352
2019-01-24,-0.4937384981756562,-0.08631243734449914,0.38700531839859464,-0.10461875221403379,0.2367857692450383,0.3295836015990185,-0.0895812641607806,0.002534953025530612,-0.07299858118780654,0.23520398475068632,-0.3347276261859258,-0.45781706037316494,0.14525977236681709,-0.15131670620512133,0.42831087674177826
2019-01-25,0.09114867121079298,-0.13643931099749196,-0.25835162640389175,-0.020802689179181266,0.3706146719403143,-0.0940260357270443,0.1777914238430686,-0.023199322066050576,-0.1843331715566111,-0.24084586946042025,0.3792618768421241,-0.18073653463572548,0.1923747888359505,-0.09725271015765868,0.04899603717596501
2019-01-28,-0.05533126984266312,-0.1386128758617618,0.5209073886704416,-0.043716664273009104,0.09055882391787155,0.09968136825232884,-0.29834496946557243,-0.022448782604119033,0.49995748968753684,-0.253579216823376,-0.1748865581040035,0.004359256285894897,0.05018560318277143,-0.3582818977580212,-0.04190573738339369
2019-01-29,0.14949759272409302,-0.3604458909983032,0.6828940866213183,0.49849207160479586,-0.3205953382181985,0.3856749218010501,-0.744124996181408,0.246165692709045,0.44619313011132006,-0.3150181913585669,-0.06155237750407018,-0.24215755192026034,-0.7223837127849798,0.3192405385598942,-0.2224486961607233
2019-01-30,-0.40775717916349097,0.09826769252824596,0.295422719043859,0.8642666862737108,0.3943346294172754,0.273144960008167,-0.13291643546204945,0.23920751710154672,-0.11051904584854527,-0.09363694288408309,0.3800657748030482,-0.3198448017421239,-0.3110027188820196,-1.1633469840031045,0.0259099616374111
2019-01-31,-0.15451370385654434,0.3314719023427559,0.2746886076689833,0.15210930393531716,0.22316179521110396,-0.44699439798161156,0.36509434166364646,-0.6828714540477698,-0.579291157909305,0.539015350259687,-0.4285520369376865,-0.3168598186973571,0.5429228397542095,-0.024905761440470076,0.4071279419933043
2019-02-01,-0.1274655714563566,0.5506438500259716,0.5091725724045495,0.10073645204766779,-0.3270504847280101,-0.26840613021887094,-0.10038604121503925,-0.2427008661870892,0.08333757033860908,-0.26261225714710557,-0.5608586326279212,-0.049075926412179165,0.45100247972617663,0.16873841426543432,0.13791895668679321
2019-02-04,0.12815837391496906,-0.011501406849962509,0.06964774768677084,-0.15806060678053124,-0.04532644011340459,0.32952655971147593,-0.4335557848430253,-0.11590137262948974,-0.030724158990369704,-0.4581626547129635,0.3827357027970692,0.6239675622344736,-0.23846349775665907,-0.24636384601941505,0.06823687777282356
2019-02-05,-0.0011854594300423904,-0.5672268635913356,0.44344124920879424,0.613387546600904,-0.11140224777093452,0.4050318360827133,-0.47883804790542484,0.24913324348474658,-0.033500746526169106,-0.11833616355939071,0.11854086572750819,-0.40391177517343585,-0.12637565113006627,-0.4535123972545726,0.32560690024010036
2019-02-06,0.31854339368194995,-0.005441816784295318,3.193861967938512,0.5018882659377841,-0.045022994764103166,-2.245323847651977,0.223616941063904,-0.39840273723660957,-0.005130913937833034,-0.25489884190274303,-0.19811204216917389,-0.25510904779909077,0.12942593037920322,-0.6484498667852303,-0.15581960475050372
2019-02-07,0.41119489581063273,-0.2971994160996363,0.30995163128061776,0.41280277002431176,0.11382519766360155,0.5349782954911899,-0.8629679403462948,0.21180027196346918,-0.07083451718063671,-1.2972028443605317,-0.018587923277599394,0.8537252438816231,-0.26227569496345615,-0.2489604747554659,-0.04730174944085386
2019-02-08,-0.19494865011792656,-0.02742885639213516,0.4192692888697329,0.5152445828197703,-0.029942707872075647,-0.10858037769051328,0.002172796832677737,0.3293726833033018,-0.15142267667167236,-0.5342956944720065,-0.1369115700679181,-0.4266805554830139,0.4748244078563507,0.017197673203625252,-0.1354931625095978
2019-02-11,-0.13708533559817904,0.5996880485470854,0.0170683680547538,0.43867176777286093,-0.4524299149885852,0.06667143454403687,-0.03173662685010159,-0.12498764097522216,-0.361945257508437,0.5996032229624291,-0.836058127746571,0.26488169148959073,0.1665265591206302,-0.07860222621880916,-0.03555276724364595
2019-02-12,0.01385177286411099,0.12260519533107805,-0.6093596807703235,-0.2028286093574203,-0.20796937657779857,0.029547521325019366,0.2304057072795404,-0.17446919617022394,0.06279260610216708,0.4002508603166881,0.10705128306207823,-0.09528471672285588,0.10683905842744501,0.273970435785829,0.0007879714859362341
2019-02-13,-0.4135520531484357,0.1695418059505125,0.6119557319833345,0.23797557851745765,0.1932109916464526,-0.33496714092378205,0.3192557422070528,0.13905409823507095,0.21865457539594238,-0.19543281091662362,0.029735866886845333,-0.8873476223982034,0.2041873521446862,0.2883552835503645,-0.45329990099142725
2019-02-14,1.0459645612257502,-3.7227742045426178,0.4815009652540988,0.18022004358489896,0.5334322518093719,0.5129978203387566,-0.531738029864349,-0.12269117351178671,0.7304272986521698,0.47134180994258856,0.37771840150305314,0.13929698465919305,-0.29719628556861233,-0.1440974014892502,-0.07270888400871234
2019-02-15,-0.5735939741020912,1.2958547642549487,-0.39192895666854255,-0.9583288246753976,-0.19371260847538418,0.46635513542802076,-0.37930798581845176,0.04386630583038609,0.5477186072927782,-0.456384332002882,-0.1247055842443836,0.9203037770250311,-0.2721005122665763,-0.15460044962632136,0.06131643754115679
2019-02-19,-0.27531840653542056,0.6245323824389784,0.025221758929528826,-0.6361452502413868,-0.12239617521096689,0.2562870883876864,-0.1863786948082477,-0.14450395748030828,-0.3597079392787575,-0.4316963061772142,0.014360422576332466,0.4162153657111976,0.24995984119973863,0.6351615219297433,-0.10258311134372974
2019-02-20,-0.2737352506783223,0.057941518579742446,0.0016598029180894258,-0.1770921368860933,-0.07426977216308667,0.041201659615591635,0.06286234404822888,-0.19354095403298788,0.0197252068863924,0.20939038743828292,0.09591922974553019,0.6323487899200659,0.3943304739167159,-0.9863234580800646,0.15181444035329061
2019-02-21,-0.26962983461979184,0.011446626500587309,-0.19309102727541577,0.3540015279860996,0.24746928015715142,-0.0074459324320857445,0.16412513755649139,0.005440117594845639,0.3812802915398904,0.10338274425414201,0.03667794100756161,-0.3340837331240126,0.1287865315999474,-0.3890508820508126,-0.2658673854919904
2019-02-22,-0.045569020859642095,0.08740040970788449,-0.1870253357199876,0.29541442241786764,-0.06699719909311645,-0.15417200195734274,0.10673263796129528,-0.14638928775918014,-0.29984138289590834,0.1219684595384494,-0.10495171364589191,-0.5846995907766462,0.363378812031789,0.35999838205693707,0.22658197429242558
2019-02-25,-0.3942449979674,0.46344670750285544,-0.11972593141020191,-0.47484176601863304,-0.13631670842175164,0.11886875211890824,0.16093289335656435,0.36454489243180355,0.4099994448695285,0.13743450157763393,0.09640502540693874,-0.323367311607907,-0.1858662312043689,-0.44839711673218785,0.4063408671542883
2019-02-26,0.11616675888606875,0.30491111865979587,-0.6085118351096916,0.08978122022211221,-0.11703569908573885,0.021186102572942872,0.09580348022867002,0.16793110682648255,-0.3193945845317741,-0.5647656024116636,0.4888712199340657,-0.15900574451855792,0.1931395885021068,0.7107005145962499,-0.34018764420290853
2019-02-27,0.5797483825453557,-0.05979165084884286,0.17690007472375122,-0.18668429563305966,0.09630453596246236,-1.0050194503873817,0.3391839423603964,-0.44079732916999526,-0.28395900456663464,0.46413546193970545,0.009168825324852387,0.857337889261471,0.18721223368637135,-0.4359181679702742,-0.1391441052362215
2019-02-28,0.07629122122450935,-0.10966891614542457,-0.030669230889451032,0.14301610643348112,-0.09494918086154486,0.1771147376043577,-0.08387980598015521,-0.02841657921322649,-0.32774908848409334,0.594563508773129,-0.36259071066093157,0.26644499275991135,0.015615856350762819,-0.5795097805778708,0.35028693862666965
2019-03-01,-0.1384903812153365,-0.08265687549253652,0.04095553689999837,0.18588485152159273,0.044548430421964325,0.02342237620814193,0.037445709454679066,-0.057590141801594386,-0.31632324786977833,0.1442773597885576,0.27902185812379715,-0.15829914999073552,0.03949027318241349,0.43782845590681185,-0.4608786463603223
2019-03-04,-0.08847706680892109,0.3575489529423943,-0.2398981900439956,0.5928838345139377,-0.3955695027195682,0.05790461168081451,-0.13881398303893933,-0.3804580490295938,0.17217049469562856,0.2528585652511506,-0.3683166774574564,0.3329091526066228,0.3142290070613889,-0.9984692585942827,0.4150752636664685
2019-03-05,0.32627489220492517,-0.28364814262571425,0.1930784279383964,0.15602237204778244,-0.7860359331326326,0.6250307898692633,-0.69611128802086,-0.24961188782803356,0.0012178504704128028,-0.3438898541570098,-0.23693045917053734,0.9148591463416874,0.041110200496478205,0.28527991060762786,-0.10417824080717525
2019-03-06,0.11648935130907162,-0.22980389560890935,-0.014148065742634885,0.543653694498976,0.08774534739660322,0.4272817919448868,-0.3399695490279843,0.008595669320502985,0.27518485994273156,-0.3849744757765653,0.11685435356353213,0.24525686768278773,-0.3849965262791041,-0.3116025162104452,-0.20576070370924704
2019-03-07,-0.06820718953356475,-0.21329202687143722,0.21082757484528408,0.058860198101039374,0.22567558432211232,0.24471779048557635,-0.049942740111766304,0.2308187287486232,0.3132585685372685,-0.23341699319306208,0.26405218945881836,-0.09025524222080805,-0.21524526879179973,-0.8602279435201833,0.1659695311749042
2019-03-08,-0.016747947602705426,0.4924462202559954,0.05765423632333509,0.07907283968444101,0.07261997877052576,0.08962488103707295,0.040830218637169735,0.46518398861728283,0.04547218782380785,-0.3973636769034167,0.20496649077560958,0.3535280696125051,-0.6920875515016659,-0.825907134081359,0.28209523034100215
2019-03-11,0.22388319269900264,0.1192802302979512,0.08700263953028964,0.3210974303953248,-0.5350942746339317,0.1280904206701705,-0.43874289660864263,-0.5645317919271228,0.31331235968660875,-0.18751633778742582,-0.06864433192061348,0.4489282126029124,0.052185555508956094,-0.2923174152715838,0.28090923835053194
2019-03-12,-0.3146732839306843,0.030182904103367686,-0.025279250541871884,0.5943297822742871,0.3961049399941449,0.18924817862644686,-0.03994089408126411,0.08518566878212291,-0.2732983925995926,-0.17610241089601103,0.21542605663318776,-0.3559929664708664,-0.016622907161987572,0.23860044586003354,-0.557927918397514
2019-03-13,0.004899966814006368,0.44885481816281636,-0.7182733470397837,0.6537116376111226,0.23008002358806579,0.08394068603459875,0.005358742768277497,-0.45794458037152225,-0.22015027029209067,-0.42990587457809715,-0.027011324637671308,0.29143283548371346,-0.32719777550538454,0.06078003190022907,0.42995375281169257
2019-03-14,0.299809190738918,-0.06941825064841484,-0.04226459572947297,-0.18340238559942368,-0.022984192621656352,0.3118942756918125,-0.45591486340896104,-0.40159598168414795,0.39424214082888265,-0.25604404238691475,-0.022002783048338803,0.032168124488065664,-0.39714618502008897,0.8045437417087568,-0.16429382890912378
2019-03-15,-0.3410564207820907,-0.09762502288673755,0.00870071271722439,0.0861883236975175,0.43104849338706613,-0.09370825730011711,0.2658404031162004,-0.1950041047122072,0.37907190731890783,0.15145749947978432,0.37838268377516504,-0.42540498859244774,-0.18250806724685786,-0.36815072973170987,0.009648658499203822
2019-03-18,0.1031113729012958,-0.24254065293451124,-0.24281202735021695,-0.5702240091999532,-0.09359001592551452,0.33416454832211906,0.11802674281107219,0.24316688428589495,-0.19083614066851995,-0.13680282434075947,0.1678530223435255,0.5495722942739699,0.14968683954959872,-0.07977833706155935,-0.0706866048719339
2019-03-19,0.36816941479385473,-0.12710137020990275,-0.24549777341449353,0.09681674087635717,0.22263407173244787,-0.34749747554495825,0.2043845531533569,0.06692180999206154,0.36075174804283894,-0.5918465273917907,0.4646214481185882,-0.9382997308466869,0.22180141838436562,0.38267059398923786,-0.2689649188087555
2019-03-20,0.45486983561353433,-0.1574029181361707,0.23308883010370485,0.7048382862179272,0.5010322777898522,0.6719010442479644,-0.8061065288157347,-0.06684945409454923,0.1754964440121849,-0.9921558029135504,0.6533208591278992,-0.7212256548892659,-0.35280846433596547,0.26538565385166346,-0.7248979120912726
2019-03-21,0.40110785179891423,0.014642823202372923,0.9491794141256804,1.1174646842210656,-0.16997919631816444,0.12063936411815712,-0.7144403121073029,0.9523393034569194,-1.0518882677330084,0.032756886413093156,0.694599576404302,-1.0598640729648914,0.26069667598433743,-0.6514741474810679,-0.8117830214865057
2019-03-22,-0.05419359063585527,0.1951787137981087,0.39435655808622005,0.467106895683685,-0.7676221524776978,0.6181663093812837,-0.042948683643697694,1.1853134819457234,-0.2814720528854111,-0.06115145172073966,0.6155377232986288,-0.09083786160544793,-1.1302883360708242,-0.5250036637612356,-0.11770484738180009
2019-03-25,0.01874704421034,0.032584727114726375,-0.4187549582038436,-0.18894438660903046,-0.450909414497238,0.007220957935938049,0.3591266117919216,0.29314908286101954,-0.40691065809674587,0.42800323352932396,-0.24768574010906091,0.2491513549638859,0.1931005056551924,0.30189948655064464,-0.08054688964369905
2019-03-26,0.010023653340348604,-0.062195139251812415,-0.31260042210917394,-0.42131950129628815,-0.05330594863108795,-0.10036627593378655,0.19799548152764002,-0.36740635978835884,-0.022502281447712713,0.10935598058601259,-0.04393314317145114,0.6860817700963628,0.24591273836438,0.2033990228367567,-0.10046464748356843
2019-03-27,-0.08943574898544362,-0.2879103843698456,0.21725675268758968,0.15102914694138514,-0.3347865441282338,0.4033407302505611,-0.31919030638080936,0.31285763897379965,0.04104556495293482,0.36725669512449005,-0.29871889186872624,0.3522335587061804,0.20928352492083954,-0.5159054409985167,-0.2412145339775007
2019-03-28,-0.5164626940554068,-0.1984108340052523,-0.2847142490297264,-0.2943247462040043,0.6806446481276957,0.360157467849133,0.7321212058043933,-0.459659557982256,0.4383434032022103,-0.6004173488620512,0.23278795784508977,0.33581254628692625,-0.4195171424425516,0.5303284590602626,-0.11160571985575385
2019-03-29,0.15843221381635575,-0.47934494371468206,-0.49341720568343633,-0.41518427811096187,-0.02949928516813255,0.166547993879248,0.7347384111327935,0.16328194502093402,0.3565129080340361,-0.017954945547150686,0.3262517088038372,-0.1685803373276849,-0.22701879464449756,0.027131804701106675,0.1414780249515957
2019-04-01,-1.8967133755372383,-0.13170798380961002,-0.27068590450582697,0.1284053874887554,0.04495745970655274,0.7571748875097236,0.7057514537815346,-0.772446021953602,0.8510929889222743,0.4995856975130506,-0.06467373413564537,0.5296117470742541,0.861050955669791,-0.2762743393181044,-0.680073575136551
2019-04-02,-1.2304023086323421,0.248871211926735,-0.3233866608186172,-0.6544341748950173,0.22517959232012213,0.29433371384468443,1.3029162775327672,0.20308249427091882,0.6123993411010573,-0.20260973357198953,0.4968398260716932,-0.3461413857804614,-0.397447239631581,0.3761094232581827,0.031007838363197215
2019-04-03,-1.2867117102957624,0.7951229754551622,0.6532410399938532,-0.9316388484031557,0.27778832857026803,-0.27261206790661663,0.3857506749050353,0.4471646781958161,-0.20693391767026406,0.015650176142748773,0.7136690566431357,-0.7437657491574867,0.6688755545127496,-0.16726537794440982,-0.13810045321676018
2019-04-04,-0.06252872505638442,0.801459484029268,-0.23309233720942713,-0.8528299783666728,0.13829056160026204,-0.36479730312945235,0.28615592612300644,-0.2417405622654037,0.26966309487276774,0.30631006471813194,0.20808360433562267,0.29963533038747125,-0.24332161687203152,-0.3846083375971481,-0.02309153860294788
2019-04-05,-0.15974201861598136,-0.0010922314754574503,-0.5443115500820762,0.5167579085362721,-0.4980784928164856,-0.02858231626981067,0.18832325517051168,0.12206595096805004,-0.21796756420010283,0.4168357755537831,0.016050496588686583,-0.22503829352469368,0.7186665765363212,-0.2669360841133944,-0.2318314417355114
2019-04-08,0.5956133843650291,-0.023660542274664298,-1.8235756184222085,-0.40161639481525246,0.32030571574476163,-0.26662017019417417,1.8824692575056816,-0.31370903389362675,0.13117069370977924,-0.1250334534480594,-0.12325483258404177,-0.023696903507835654,0.23758687657019206,0.06263282786679492,0.18464330985119876
2019-04-09,0.35108731831822876,0.4932102287092218,-0.05801815509148445,-0.14498898758485446,-0.09915801043758399,-0.4272683362845324,-0.11443360097205613,0.1322699193596496,0.2545955000393272,-0.14588285739929563,-0.19743732221836663,-0.020977427329621934,-0.21154576271179404,0.4563667086198421,-0.3937004638879753
2019-04-10,-0.13172149998958615,-0.2092807568114263,0.35583603391755436,-0.17667768470726086,-0.17186052644050046,0.051629918812430564,-0.38830456632872623,0.3194998466695609,0.07131834204460963,0.5404709494994024,-0.07026802734091253,0.019149635774035223,0.340262445158735,-0.5191186135495197,-0.21402930774055298
2019-04-11,-0.21998122484098093,0.44768173491424246,0.2032453297050406,-1.1247779592045215,-0.13721861967000276,0.11193870594568267,-0.0047684769643933644,-0.4433625448800578,0.3416471167609978,0.2172965298907933,0.115077365171327,0.4773766949489191,0.18036574279106377,-0.3272645583483933,0.16050683239620284
2019-04-12,-0.45345147871946173,-0.4605155204911713,0.6477212296052995,-0.42735910124448717,-0.3680543490314736,0.8496883703955593,0.7917354904605327,-0.4745946164393011,2.427320250328931,-0.8877444191087963,0.7829714597234279,0.4818616430914926,-0.5570477432841949,-0.49968988329063646,-0.8262510223511266
2019-04-15,-1.0809374184250382,0.39691108909594863,-0.6415047207281093,0.17033489851705197,0.6938721073559696,0.5983128043575543,0.6297743720276318,-1.5862448060876286,-0.30460867565235894,-0.13813510308767718,-0.07381224587111201,0.26114377840599046,0.7302303919369806,0.30678668222974265,0.08842176354363807
2019-04-16,0.2561232513779106,-0.5063465395589883,0.4177571311987771,-0.2654522102609873,0.6939341988034442,-0.032330226685072794,-0.6216864420608872,-0.35546120235156076,-0.18861415220076083,0.07954478906485063,0.2863716332925934,0.23601031146899387,0.2201626646568433,0.009502790812644268,-0.4711736110971555
2019-04-17,-0.24064521649576043,0.2019798841523237,-0.4904921173517096,-0.13920244145771576,0.18518971708721077,0.2784179107185194,1.7475237466143603,0.574756797984423,1.653787838378047,-1.0987634909754416,0.6293286369769433,-0.8481605412710085,-0.295106321554645,-0.87855334590286,-0.3693762678534155
2019-04-18,-0.6621374139337677,-0.0002857178962105706,-0.8697208495978352,2.158458661469054,-0.41400519399107094,0.11683646251861879,0.17506772800304432,-0.3700853494559108,-0.23264829488736105,-0.5191187604168612,-0.7031330299130937,-0.10030652174607041,-0.050516282460663586,-0.34581867430937546,1.613001157341854
2019-04-22,-0.5195838032017212,0.5511735262431318,0.7264026112515622,-1.1385395915313485,-0.411294095673145,-0.029301868578950563,-0.7716134536858714,-0.2458765213249861,0.20079576377569758,0.35071364721683684,-0.214223739785039,0.629521363915672,0.12875507141352943,0.14884942794240882,0.33948976625313165
2019-04-23,0.40689276920444006,-0.6151726026942909,-0.5213697233654755,1.1419407987997725,-0.23963542821447184,-0.10944559543904187,0.04996175570359061,-0.3481043415908413,-0.10836408381964485,-0.06430831444287782,-0.19384285123303063,-0.05027193068785482,-0.4232355827404124,0.11283047636091752,0.8252575157406024
2019-04-24,-0.09702339998879925,-0.22296090182311945,-0.3078111057232247,0.39223497352668824,-0.05604443362965272,0.736834650826108,1.606268447176613,-1.0852261605908886,0.13781917536807992,-0.3640745950343439,0.2995822142213457,0.16851147332758884,-0.2561673844681682,-0.37721984636286143,0.4530258478386586
2019-04-25,0.4336533140387264,-1.0789606640311298,-0.4800922713005996,1.5495505661890379,-0.37405328257835685,0.4989571348259587,1.1854525556276982,0.20176816404091458,-0.12199628362498674,-0.6280503286959709,-0.34777535400458937,-0.12804248776822152,-0.41306498331492036,0.35950523179038874,0.20983708632653203
2019-04-26,-0.16809918843398086,-0.001456969613183201,-0.0012241505295964572,0.506064008383328,0.07231917222202577,0.061424392115124515,0.46112910822339104,0.05821842785219411,0.009347562290250966,-0.29410140879155733,0.18321950797165465,0.4161988681756076,-0.27289325920405094,-1.063040408054484,0.3270554610510965
2019-04-29,0.15593500313469355,0.5716729610633081,0.21569567547787177,-1.639502540161303,0.5140778292395507,-0.023366501887116142,-1.4346379849419097,0.40109492080998344,-0.061786364534869964,0.19278052927947398,0.07161795037443275,-0.6191724940550674,-0.03507973402386688,0.5323271375390051,0.3238173111365692
2019-04-30,0.626084270556889,-0.3348232831223159,0.22719082869758211,-0.6381354120421339,-0.4611328768013138,0.1162271983862121,1.1308448439393959,-0.23922735339912896,0.15426087647659872,0.12783612102040542,-0.2632235476380176,-0.01166887083623297,-0.3644707149917137,0.11073737641884898,0.5752645527925633
2019-05-01,0.20973590863417257,-0.08259048819001236,-0.5250997811280269,0.3807457346244767,0.0012144035943204567,-0.6050541528667767,-1.8101466939068223,0.348730361478042,0.03420607931581188,0.3179424735764058,-0.28369562849169394,-0.3311833189342871,0.09152537925372817,0.4660828599371446,0.4042955204686258
2019-05-02,-0.12023746058527612,-0.2517847625048447,0.015411725655348943,-0.14406257163813158,0.20416465836127073,-0.09127411332757135,-1.6011271671034168,-0.018501238336783035,-0.055120889705486655,2.656512483965676,0.11139358509575693,0.21554464946916008,-2.245970556886009,0.4384482426779337,-0.005629845046346393
2019-05-03,-0.10998153806474864,-0.31853878878077746,-0.702553293488014,0.9642461343415479,0.0646066505593279,0.10022726665256615,0.04013406648627171,0.3658595327113816,-0.1724961169572491,0.14730777010476803,-0.3601804931460913,-0.0014913535534014644,-0.014564206361696863,0.09398885694346881,-0.1446303529071984
2019-05-06,0.38556995427073076,0.4784367119109727,-1.600434918627997,-0.3748105331660188,-0.03202997844990346,0.4791075791347608,1.9785985837495776,0.011078069087096465,-0.4601995704853746,0.4297638929358697,-0.2536666575846074,-0.11993300228728421,-0.6293345046433123,0.5428004147675174,-0.02430244616582694
2019-05-07,-0.7658966235450366,4.46657410509537,-1.6121038554050995,-0.26853120309405254,-1.1350494292509958,-1.68764462950054,1.1135224981767955,-0.20478250619753746,-0.15229638117900235,0.6414907320179893,-0.2655743527514265,-0.8816281894682554,0.38551736707183726,0.3316566849581576,-0.3190948033483225
2019-05-08,0.55207213598716,-0.16262053794571157,-0.29339346762693047,-0.5961190106702768,0.3904517432817027,-0.06116297760903987,0.43009122643938485,-0.27201296796432267,-0.15936702031044908,0.322865323857398,0.01960809785866019,-0.3167531614227183,0.27014143909134836,0.2457568887108563,-0.3299782139055641
2019-05-09,0.6208602696070674,0.8787602982735724,-1.2376594134821066,-0.41159126794649825,-0.6999377627760477,-0.3468367486286196,1.262946408350623,0.2598526531247981,-0.14894946595777758,0.2689632704362627,-0.2012413602227628,-0.12901344235147644,-0.04165788159887597,0.41871345244023994,-0.2145008500623805
2019-05-10,0.436594137210921,-0.519167197070813,1.432113753191301,-0.5561885283424507,0.10395790114226333,-0.4113900499847998,0.582663300014679,0.19386289651131358,0.09612805998327092,-0.08214954414588438,-0.2721355043997078,0.08964384202385929,-0.6260402589848184,0.20618652428308526,-0.3863349244282674
2019-05-13,-0.2906269855098569,0.6800471473873444,-0.5357763360935897,-0.46241970672578514,-0.7635803966288424,0.382333886598478,0.2678021598280682,0.273883433683225,0.6650634314037593,0.969853750923146,-0.4106075855373015,0.6407556114634243,-0.7732941098322397,-0.40690907184527436,0.14754499028790358
2019-05-14,0.822505745343872,-0.16908441443549116,-0.09253663065145634,-0.1367900063696731,0.19651379961949966,-0.8074210189463562,-0.08437181174181985,-0.14305946248455154,-0.04763943325685538,0.29454932548462487,-1.0936408138431741,0.0014967675967231253,0.7813118193541018,0.5975336792580536,-0.34938476619774494
2019-05-15,0.06655507722523141,0.13790148916385425,0.8013167946450759,0.6261960593246858,0.13149022616309336,-0.9904430534219077,-0.09501383928644302,0.6313161595628293,0.30695252182592153,-0.34785000023497475,0.3647896594099077,-0.16500948704066054,0.06484158554404978,-1.8390284859873274,0.02556884717725061
2019-05-16,0.4895773185500343,-0.7182053697535675,-0.6813805674113145,0.6510552616340712,0.09999875728780516,0.3422449415744073,-0.28192222116352417,0.0778020749166829,0.006825424495525256,-0.5102109845771323,-0.5287076543154237,0.33497377731241285,-0.5095620619669659,0.7997647021200551,0.3073900879147813
2019-05-17,0.8200082047185313,0.30283373507974104,0.011450962569687861,-0.5733795104128445,-0.4211439363096182,-0.6419879690272454,0.657092519581088,-0.12283839254778273,0.05963419238582324,-0.07914524490467123,-0.13939771574959325,-0.05266703096365033,0.05379592404270933,-0.2145338506438942,0.6212321697338627
2019-05-20,-0.43752815901286823,0.263020895946125,0.0775103292745365,0.031742570299645056,-0.4544636076218979,0.1518308998550597,0.2670472126936163,-0.2667876313848319,0.09312399635264276,0.14490771821548826,-0.31067308585510617,0.3087961930344865,0.0882942972643882,0.32172891726321456,-0.0004407207700036775
2019-05-21,-0.3690480489256743,-0.26008126720155333,0.6733991516292582,-0.1510821854805926,0.42463102575426803,-0.06960774617380783,-0.05599088350474496,0.07606459685265599,-0.46568969578177155,0.35298369105985217,0.09703756839943467,-0.29306913960931646,0.09376802853868449,0.12271297905727274,-0.3269897562562427
2019-05-22,-0.040647840584413286,-0.24100330987102098,-0.05896666311606941,-0.7511992663260276,-0.6153081582251373,0.4713920752434123,-0.13750647271567973,-0.44994448880447746,0.3242375465594851,0.2983356296721079,-0.471552769457113,0.706646455210285,-0.06642216797783684,0.3508112208491114,0.6282802346399665
2019-05-23,-0.5213996820360653,0.6586241994882964,0.08660043179378563,-0.2908267837613745,0.5414161887957686,0.1669103448931486,0.7343407445290104,-0.07316840945441694,-0.4878973867821199,0.1333011900262122,-0.01106573256829746,0.09798013126474547,-0.20843964423685613,-0.2910126613502626,0.02046873615457634
2019-05-24,0.31544356425928544,-0.17829218997507024,-0.36167410122399735,-0.060418105268121636,-0.19429504216545007,0.009511540147325248,0.13282654343725353,-0.20923057710535964,0.12535133303095025,-0.0049980647371480336,-0.2588608256115336,0.39731505163553416,0.24359370849521522,0.49766358960445245,-0.44347780258142794
2019-05-28,-0.2524117936833805,-0.17765082681080768,0.018024167345831232,0.1955614481564527,0.42271918586899093,-0.04144477222422749,0.09187416115740421,-0.41671621381428414,-0.11107067684853411,0.27309888977368724,-0.3606423698864054,-0.26676890595306446,0.39104238643183564,0.2977831758723819,-0.15667688368669652
2019-05-29,0.3660756025723295,-0.6555699774148298,1.3677792517232146,-1.1369223149810659,-0.13976571892366824,-0.5661275871549113,1.7821370949020492,-0.22607580831590113,-0.3529910681894275,0.23936357851557127,-0.05133819374445703,0.14345915644687637,-0.01943931077167358,0.014005653791533873,-0.15301311258609282
2019-05-30,0.25652170927146684,-0.3464476266131311,0.4179086381448339,-0.19502941167638907,0.38113506022338417,-0.2842289728252304,0.8695799843256673,0.19450389304114926,-0.41667456163225874,0.07766401501513628,-0.1041613789741056,-0.4586186378304155,-0.15136237368332417,0.14103859484025055,-0.06941339546655012
2019-05-31,0.019459456007996367,0.05103952126701161,0.32874187447679415,-0.8877411801200026,-0.11772711177009909,0.37964207183153026,0.7555860327645627,-0.49272672441547427,0.49666684404306016,-0.39508154888398894,-0.4647499171761289,0.49837429818433765,-0.7784321080823391,0.09267882790045068,1.0446829134940891
2019-06-03,0.9733038792422097,0.5661856561956196,-0.01109706160164059,-1.513460106830264,-0.05212286348995443,-0.45796087172011957,0.6684928393955674,-0.15123629010918116,0.0820740155442077,0.08835762032701955,-0.34668459549845354,0.3031590001946518,0.19136233650151002,-0.31915751451839985,0.4163086212678627
2019-06-04,0.642139444995205,0.006141974735635047,0.09828472344788497,0.20326013540426313,0.48000517491279604,-0.527748763947173,-0.10875616235367269,-0.1597523817783162,-0.5748916435664975,-0.8786476799049125,-0.09997226484943189,-0.10707296895410545,-0.11361123599671208,0.6523866432580805,0.39004553731000247
2019-06-05,0.24550052262190958,0.6256169111317371,0.21961279129061384,-0.11811355069772045,-0.30605880386266315,-0.569561905988806,0.6866979325267124,-0.43206503967737636,0.10132212531781482,-0.20681710696768557,-0.11083393359011201,-0.08586419204945839,0.34612944710235755,0.004368809923571892,0.05898001978563139
2019-06-06,0.13271054101627364,-0.356585343640781,0.0882031281178996,0.8492457918844518,0.16766114746693167,-0.6479123676704743,0.003926724329125553,0.09871888516793925,-0.42877686940879367,0.22887136984601386,0.079079511338082,-0.7361388741273747,0.3441097960699574,-0.19410030362086644,0.08381331775760098
2019-06-07,0.605890589252297,-0.36904099019112346,0.4905249126259573,0.770953548091082,-0.3246758393569472,-1.1669871047925444,-0.009298524811825581,0.6380582674733268,-0.36203795676520556,0.11202159167477699,0.4056423570909151,-0.35037482294250444,-0.03900225696099749,-0.6989063081949924,-0.03764646501879923
2019-06-10,-0.33917789548301736,0.2980227001579526,0.0018463162907934039,0.9023580700163256,0.3786593905240889,-0.019981738139874694,-0.07653478903103877,0.7341957427321782,-0.18879160850226928,-0.40338075084088637,-0.05240790791468597,0.05939326891823371,-0.42311970888803524,-0.4535961309397109,-0.3260675888513004
2019-06-11,-0.26409719352302374,-1.2057374556385856,0.0453873256916586,0.8275345957293172,0.4708384512009376,0.35903471093376826,-1.735840615715248,0.05237502281804715,0.005347498569284487,-0.07764190746741782,0.36715738235194073,0.41077928029974836,-0.11712360516400278,-0.9055075662890231,0.5375273736704704
2019-06-12,0.4848216971496997,-0.18172226902397878,0.22131771755584456,-0.631376915337734,0.10772577706461739,-0.47745107719361796,0.1711548931186717,-0.4870315902118425,0.10491344284118731,0.3835640413296108,-0.4117795418851986,0.31879447774895253,0.17178679523269103,0.08522073585716372,-0.005318677930661542
2019-06-13,0.061193967043194644,-0.4396637527767677,0.49354168741896476,-0.077256224788983,0.05069385635665874,0.12178850698843494,-0.6047929829862687,0.2822365305260002,0.031463653849476594,-0.37688329340937643,0.34026973874149946,-0.3103045263005316,0.03565504277327766,0.15548859361304376,-0.0654805744720751
2019-06-14,0.14991208228541197,-0.28499351328992883,0.26121148011345874,-0.47769377787861733,0.5335739453048526,-0.12240353733101073,-0.3347372980544614,0.33325470390051504,0.44025944904276115,0.17582212930495242,0.06347211368799216,0.7690475783067288,-0.21377535753944044,-1.5237880484909572,-0.15706073074201166
2019-06-17,0.2339675750045498,-0.5156897178185832,0.3518831739519128,0.7263666170438641,-0.01928762767650749,-0.3406535145857126,-0.40200151953449437,0.43790289117663894,0.29769476374734527,-0.032055121036581924,0.3518405627096413,-0.5405672302328621,0.22433597251882142,0.15834955274771256,-1.2973747491654999
2019-06-18,0.3443432836368985,-0.08267930563902642,-0.01948169930009158,0.6989029475224008,0.08552039840999481,-0.49481397661931475,-0.25672156720970896,0.41978550405933457,-0.1759791225988796,-0.3947042360388872,0.07035184226969515,-0.08787837379853591,-0.0736961018141481,-0.5801644688421991,0.22792375017923905
2019-06-19,-0.513103923096273,0.22440648894946405,0.2581895869102109,0.6456531960176154,0.05763482820608096,-0.05409352266240608,0.1564188514574485,0.7311112502763184,-0.11967523797090918,0.06119134494486876,0.2028221254952215,-0.5141585972473819,-0.22568182145223634,-0.8487649912608136,0.06644532248150203
2019-06-20,-0.23593420149556285,0.23033065615430853,0.24491391958602238,-0.30771370058158515,0.13322083063333334,-0.06455435535691284,0.4976300204551952,-0.20358150073734527,-0.07980220055153017,0.41282180002053553,0.22845018030658695,-0.5982240764277809,0.2751240335270659,0.08632388490912177,-0.28297984987584035
2019-06-21,0.1653241839277011,-0.5985544624764434,-1.6149068012278798,0.356788458576876,-0.07728027309738435,1.2932524668323593,-0.8254271003164655,0.12235797032628831,-0.6246752596690487,-0.362220817408323,0.19239085807538245,0.3397277050475505,0.08459980558833291,0.886291131300084,0.34597621830420705
2019-06-24,-0.39327320968419477,-0.40750195630506025,0.7735563463781993,-0.6538114529652719,-0.07815102388729023,-0.28166473001013315,-0.09560477513206031,1.1152220066759364,-0.14884076646804745,0.4534726945584666,-0.20277178280396635,0.5574303352591973,0.09653641810581243,-1.6236621750711833,0.28938996890700935
2019-06-25,0.04291219521427342,-0.3290270267072999,-0.21949747046082557,-0.576868756139826,-0.24852965498419044,0.774913990337873,-0.4723023226094516,0.11699828584442018,-0.17657072809733787,-0.013240785366825047,-0.006502039182594954,0.33860870618270966,-0.01648558658282495,0.7746270984666539,-0.08870380385003618
2019-06-26,0.847529819095248,-1.3576209844048965,-0.4025509854376541,1.4703470633959594,0.08500279798355892,-0.5064542119035647,-1.836285971389063,-0.44242711585276195,-0.11042481930911235,0.26711358022149734,-0.26404347312399956,0.37197420670903675,0.32736776879640506,-0.18451547250799205,0.08431331554889554
2019-06-27,0.18567489348880423,0.42673437647390206,0.14128611704383637,-0.3788466133449482,0.1457936317235231,-0.22482772800109585,0.5777256986554772,0.21106589369434092,-0.43623618074096887,-0.3017185003067202,0.09888101657551407,-0.0994458364375862,-0.2339660171148421,0.3230125383931802,0.07430124328820231
2019-06-28,0.17134159756106734,-0.43537613509666845,0.998671595234542,-1.3000215533151522,0.4920038012697878,-0.07826597737683297,-0.40004536703992427,0.7275719579967335,0.9779890653053389,-0.18715199469528254,-0.725290319770393,0.42879821537441254,0.077680980191428,-1.0330844920406488,-0.23484977090147496
2019-07-01,0.7433733285184454,-0.12491190459735191,0.02269798208099183,0.045040227842886305,-0.36266945101684966,-0.814827962093442,0.20391480826433261,-0.0831498206828365,0.46106646823742614,0.2039517048505468,-0.6363991580180752,0.3221285763328099,-0.5072368623582466,0.35092842432306837,0.0973630505504619
2019-07-02,0.37890099769428537,0.5118548320036425,-0.24020804525661202,-0.11882911248476083,0.08098945649635508,-0.34763702500811217,0.6657588505972871,0.12355930903683143,0.3943682582102372,-0.528155707839753,0.28748394394808285,-0.04697867852317722,-0.36333697092285777,-0.20516312214946408,-0.12888514636108073
2019-07-03,-0.2161089679957211,0.11705106503313356,-0.0027143982179556048,0.15591612398742904,0.0253945817803487,0.15986622517151727,0.03536106860785304,-0.20755784510867203,-0.3678068169900158,-0.2643087048400534,0.08105253602769494,0.011489660199154872,0.18270135154626999,0.433698365240681,0.02334347453049046
2019-07-05,0.07004090737278729,-0.07487742225541782,0.0009414254063804528,-0.746205239714836,-0.10703323520962066,-0.21833570834349664,0.43117374969890854,0.10286732563143897,-0.15867201183092444,0.2468076125361831,-0.21463057040836292,0.057353708847709794,-0.04419204704644909,0.2370484542540337,0.4639070223382501
2019-07-08,-0.21153899056243602,0.010142834404728102,0.30819369726821966,0.03562442972606583,0.525119979959457,0.03327482028044776,-0.18052641759278215,0.03864855715585358,0.3074034501311671,-0.013734900025182517,-0.23516594113860745,0.2499528667455917,0.03644819458257775,-0.5623746178782769,-0.5062204248754576
2019-07-09,-0.2911352034204834,0.4723057722778094,0.28536551490688017,0.6090870252073981,-0.04991633708987897,0.05818617663039505,-0.013418804925290517,0.31763978959914213,-0.09710335793523414,-0.6050771894722655,0.09871435477062951,-0.3176082743852517,-0.4260653254184643,0.15913595777695144,0.1760140087242076
2019-07-10,-0.15682893506542495,0.2350175282545239,-0.31521144299617065,0.9297480386413499,0.06204724954386942,-0.2699095215815117,0.28735607962599113,-0.1103509551695031,0.17583770257784226,0.1258451795118759,-0.16535364981627276,-0.10959696026348564,-0.1396125270680622,-0.3317153472726361,-0.023809258228417562
2019-07-11,-0.03757514604620893,0.47018655464167647,-0.9722479799300344,-0.30458464224677406,-0.5938652632471042,0.11297310788825332,1.2617598882853114,0.8467325938183509,-0.35648796009912154,0.057499715790496925,0.3355637196274166,-0.020581571499121987,-0.11944123288828212,0.5092451447824761,-0.2273728198280185
2019-07-12,0.1933124813404148,0.03603897164202663,-0.009820713201193931,-0.08649201886914942,-0.4123434651569525,-0.11915252638717239,0.05390682142589159,0.42640092916310673,0.37272833176780784,-0.009864719840015357,0.6560701287808911,-0.22208018494578924,0.23988826462655066,-0.7957328411699334,-0.37070586836496006
2019-07-15,-0.888805612403804,-0.2695131084798152,0.4769525820952056,0.6729372541506389,0.536096889926188,1.3948957706778136,-0.9476281217238693,-0.12567934270176873,-0.4141566825567867,-0.03864005598648235,0.06031491188508309,-0.7297695300061595,0.05824022461598771,0.9614228663172351,-0.5874514730095309
2019-07-16,-0.39355842907655236,-0.0524955364196209,1.1146294740585818,-0.5649988766170719,-0.8445963411815183,0.905368713798929,-0.5743876579778815,0.9177660178774605,0.6720772103918738,-0.5960142460449052,-0.39823331758097874,-1.0975568515420095,0.1713615627015864,1.5998643973627493,-0.3626225729158583
2019-07-17,-0.1885835700510572,0.4566993556841705,-1.0346528358211777,-0.661304007986762,-0.1830110859110783,-0.3817239116648493,0.7487342778268951,-0.47521601575052497,-0.5711614077858042,-0.24167579163955533,-0.6906446285134592,0.9780012226222976,-0.5021974299906433,-0.2262832046182498,2.9358319053983375
2019-07-18,0.2830583943057915,0.12474758342027609,-0.4187883366237549,0.1652873639166439,0.06113690109333636,-0.44269568109279767,0.5233617810397534,-0.3649652908629926,-0.21235485344090255,-0.6789946342502757,0.4215703866750903,-0.6887606161745994,0.25278922673944115,-0.09161521143662155,1.1305906412984426
2019-07-19,-0.6821694148402773,-0.1582711325595935,0.2073012163920973,-1.9981983419495888,-0.5766153715161972,0.32070498471607545,1.0147553623525747,-0.27361854490690785,-0.6848667590625673,-0.15888257723144683,0.13231955447032046,0.855657139386165,0.38229973472419226,1.6705083956323175,0.47818075503208957
2019-07-22,0.028365219862136942,0.12014464619603576,-0.22147772212705713,0.5234751297769903,-0.29380682351928433,-0.4503914626462192,0.5813246818764081,-0.27522776036635366,0.23477156128704468,-0.1739098453354631,-0.15839726268453214,0.058514436277791404,-0.3244389801166485,0.38035480581723985,0.26092074954853606
2019-07-23,0.09600911369688692,0.17169179403981724,0.1645344260114351,1.0569394461293395,-0.492638321731532,-0.6126062172399116,-0.2844041524749033,0.5592229946817786,0.5128513983070342,-0.19900790166097482,-0.26033785535790877,-0.4061959568007706,-0.18293543269800783,-0.695171368559133,0.22251896997521614
2019-07-24,-3.0091711130523033,0.7649136725736309,0.3822410964128461,-0.6323791716184253,0.31965492910052573,4.300142813651855,-1.888961240330536,0.22479989609381412,-0.20584281408395128,-0.21700566021318468,0.09795708500138489,-0.12038998286618435,-0.08436284323034082,0.42635772959284046,0.5131085568572495
2019-07-25,-0.05048980240410306,-0.2096610011748803,0.350754013521693,-0.23810389619934258,-0.816270908862003,-0.31576469545183444,-0.023792223547429353,-0.10873212088005912,-0.24397545526901032,0.0489513605669849,-0.2500900720085655,0.2904943518483821,0.6851139270166573,0.309843390216185,0.4345563491411386
2019-07-26,-0.5124552474042735,0.17136363994953274,0.15533390421437854,-1.1400597394069873,-0.14384035724510058,1.1291754648232546,-0.8355654463324558,-0.08149118202399341,-0.37232730231355476,0.30392157474357795,0.7438606825605898,0.3187772211305355,-0.08635850143188972,-0.45201605793696525,0.6387661807046265
2019-07-29,-1.0888490055766071,0.2419179703794212,-0.18808358273316406,0.871695929367813,0.10468937200618145,0.951336873017201,-0.2686891549585104,-0.21654029107918132,0.25329122965539813,-0.43660974864499136,-0.21214538515015136,-0.018337342642026133,0.5054035490587696,-0.04878526707945813,-0.25034967722499535
2019-07-30,0.177020376634548,-0.04476123588128422,0.34921743074641787,-0.4724011967462317,0.0683973714025443,0.19952118028989727,-1.1095794260112775,0.3903519981815185,-0.08188603761075561,0.28717318904671507,-0.14775458231008506,0.08378556316858346,0.1754869609961782,-0.8297003744067274,0.1579992511496775
2019-07-31,-0.7692384647305087,0.2393267185215877,5.0477476772531515,-1.890046436290672,-0.41306937712596326,-0.7867802504360079,-2.043818480271778,-0.31747460759091284,0.4775784893005089,-1.0475537091488574,0.11190823666626037,0.49724625392819743,-0.4155930793163488,0.7337888858618817,-0.1637741725965256
2019-08-01,0.18189919741108085,0.7281670844772001,-1.2887543672664319,1.697005042156689,0.5386180127693869,-1.3135112179355666,2.6517949313030535,0.29137833243863254,0.661115325620599,0.6912160742305322,0.7620667144853557,-0.27944129821116803,-3.8544974364406555,0.6181425633705819,-0.32259894287422375
2019-08-02,0.08137511425514249,0.7583723720271758,-0.7006204072837221,0.32810638649242285,0.5943394032899043,0.14435648440233595,1.3380627730395345,0.11161237964679205,0.8708982094462108,-1.4693177891303923,-0.26907319314314826,0.2360829738996238,-0.9585595082908742,0.5727596966746814,-0.147124073476404
2019-08-05,0.4094364842614042,-0.7184966640771606,0.38347868724691914,-0.19852309468317708,0.6643856261457572,-1.0178417451946458,-0.14589958178812212,0.03628811679878652,0.15834017275818724,0.4274267096722446,0.15591225318364055,-0.15371177043352358,1.2485852315485122,-0.7532163422165101,-1.7956946730083074
2019-08-06,-1.1473197298907192,0.9625086652296377,-0.33099442972219606,-0.3131122054543656,-0.04367294744924077,0.5885876558581364,0.847542779124344,0.5248350907044564,-0.4014665530446314,0.9950543431543191,0.4074302978807277,-0.5773099254730929,-0.8131171640277209,0.5208487629092411,-0.5543667906847011
2019-08-07,-0.10614146496687472,0.40213767350277446,-0.744462351149893,1.3805134826304652,0.31774216048813964,0.7832824784865553,-0.4668625975819338,1.3007809564607498,-0.5955470433335581,-0.18033091399136414,0.506093458027854,-1.7464749583089143,0.5209895020291813,-0.9019227182820233,-0.5781636652817259
2019-08-08,-0.48302037783668483,1.9845868771058284,-0.8607058138406931,0.2041222966722096,0.5003362940618579,0.2059403248000815,0.08378719035278448,-0.49593259754335645,0.4571795289931795,0.016553787850147605,0.40575432497990105,-0.29940816486082933,-0.8170277740351062,-0.2837624866206624,-0.6968973311818965
2019-08-09,-0.7060432783481596,-0.5597239887533526,-0.6097794452999095,0.012710622922405657,-0.39064479696509835,1.3599671064430063,0.26353345006051043,0.24082602616049123,0.12108243376436877,-0.2440626484086965,0.7594768352137211,0.5978508450988069,0.01861753234468433,-0.2651452841267155,-0.2642754277560994
2019-08-12,0.7865039987195885,-0.37963216342546335,0.37177321214070735,0.0018872491944035286,-0.1140191985435548,-0.4988190878006167,-0.35209945517899444,-0.3100571309618039,-0.06067798185755291,-0.20317717233583954,-0.20763285776839302,-0.564371303060073,0.27722541310372173,0.47906201292904127,0.6813342559015166
2019-08-13,0.059855237647080894,0.11065013314566108,0.00543015616862319,0.7142665439895821,-0.6603876432969146,0.010479740266460813,-0.32838145735008883,-0.35242560522863053,0.12486879352168567,0.6568978989551464,-0.6135647681165584,-0.004419275030864478,-0.4903853559560307,1.1865890372399286,-0.21594157686314663
2019-08-14,0.34360250923643676,-0.43454165872995665,0.9093622715152883,0.3131059568610062,-0.37717269953361443,-0.8268939137564879,0.205992083171751,-0.056684362020936074,-0.606694264388774,-0.226407721438056,0.802678941028609,-0.4440524786900655,0.819992875109246,0.18435841095750005,-0.3775373985411097
2019-08-15,0.6770985599408929,0.12785178162625443,-0.26449206419345217,-1.0041061866874639,-0.12800435026485216,0.03821543950794659,0.32345718631707365,0.16921354643500566,0.3104377708160994,-0.5377027647875422,-0.3531735734367746,-0.06830684783652209,0.10074580908121725,0.44969752952248665,0.48201199977774756
2019-08-16,0.13675078559108234,-0.503279120984723,0.11363148397472378,0.394396978792394,0.6251543310764853,0.1689535254805019,-0.38126330573786044,-0.5253951900334188,0.4723514230978769,-0.2693103402889123,-0.15736445369673668,-0.18555156876692624,0.035909769656909285,-0.29410230749794186,0.19074370435131405
2019-08-19,-0.34103047501839817,0.08042995397218033,0.14806585782887804,-0.8349918152512189,0.02208365980873317,-0.10750748050037648,0.859252906750445,0.09612807297884773,-0.01065952062706843,0.13972564949911792,-0.04328691318174693,0.05178674464141153,0.2263802065534759,0.2518062567517617,-0.12116674090980728
2019-08-20,0.3418080804072632,-0.7614585611653404,-0.029572089095300624,-0.7979227152146058,0.26038349124717586,0.2836147558926274,0.182835932000601,0.26649451022492987,0.1007772388961935,0.5038259124429987,0.3405175173419561,-0.027746354017411434,-0.20758155312604154,0.14409864308078202,-0.5258213523017696
2019-08-21,-4.199720606101281,0.5411676025700187,0.6867058497353726,1.3964406826114062,-0.41024512195681984,0.9473834778512041,1.2804299729150799,-0.13879687422541798,-0.00445969385850184,0.8525064729418181,-0.22927167338619434,-0.17460286853364254,0.05217911568553757,-0.29493281928815984,0.26239021766700765
2019-08-22,0.7995220075797607,-0.4367409021954161,-0.09143357459521767,-0.4632802459857634,0.09211976004952577,-0.19550072115856015,-0.13665303887085725,0.012489826871261434,0.2982239665326651,0.3214150783805188,0.09684329954932963,-0.23643490495863262,-0.0015464422465265582,0.006958415500009474,-0.18684828539101475
2019-08-23,-0.21007958924356673,0.3367717212211163,-0.38408040496683826,-1.3059475066192596,0.28671167227842753,0.4539024017363169,0.5384163938241107,-0.04181093708147188,0.1524202675285482,-0.5253952151240648,0.5491722887156123,0.29535534508305483,-0.05362112449344214,-0.318601008916616,0.27948384206056276
2019-08-26,0.10491340798225468,-0.12107949711260879,0.11211034229251049,-0.3938864256385877,-0.00608108862075718,0.1864367291424306,0.16566402641969014,0.40483628104789404,-0.10728215274691866,-0.38452615253709777,0.761817616163158,-0.19216724443496336,-0.08026624939485039,-0.08283326366730279,-0.24548198507882973
2019-08-27,0.12851917666452092,0.07733143975489626,0.006305570881699363,-0.3283277968820616,-0.2612001292267495,0.29752328538709893,0.029298346567502187,0.11302088622153494,-0.10831774334097777,-0.9892888132725013,0.13480224270179586,0.6847980913487413,0.09206910114999389,0.07253475096962725,0.19841068472710022
2019-08-28,0.13946869724600983,-0.6519723716811774,-0.10730067079347655,0.34072153610082867,-0.08113055520785006,0.8864649230889782,-0.5354032438682675,-0.0885831144626481,0.006176140495387172,-0.6798750623227142,0.1772323261829576,0.6770081363922481,-0.3129317369016151,0.16779961595965254,0.081824897814602
2019-08-29,0.5508229563083065,-0.6150199417661895,0.10055609727751944,0.18881286670833375,0.10116421908476347,0.2120650198413419,-0.3989388793224334,-0.06705066803658188,0.3762060321526486,-0.1481027374111905,0.06974368460856661,-0.259284172343207,-0.14708227542036012,0.1448818350964982,-0.059770844711742654
2019-08-30,0.8865549813882494,-0.5790563049770958,0.33308202407172177,-0.6319131076929774,0.033608758228535096,-0.4441721378370237,0.1585067497102648,-0.33376894371471116,0.05170052569202255,0.168573068228512,-0.09741441568141246,0.016015625350356222,0.34125099340009724,0.3554798277589246,0.031838380406570554
2019-09-03,0.367689292531602,0.5171541905957815,-0.5475188397936611,-1.1992980075084643,0.13920416848708472,0.5834864468054833,0.29523875331136795,-0.5737783952355318,0.10807917049140436,-0.12044488926470659,0.36106001483304384,-0.21271396834184908,-0.22896843386903631,0.9159850361527823,-0.03625234640069186
2019-09-04,-0.20421345928724355,1.3977808300748304,-0.2494342725107448,-0.3457148129254555,-0.21949268323346016,-0.6178787801164889,0.44019469375595743,-0.11953904989974595,-0.08679095114148538,-0.10336131981328034,-0.024570453531226555,0.03723119440313216,-0.036169287762978564,0.5532975009187104,-0.26160259535016606
2019-09-05,0.06149077708226314,-0.5633179240562709,-0.24938530574276663,0.3198801347542124,0.21648599313590844,0.0009920699837951963,-0.17166987372348347,-0.16491234908198638,-0.05563839011671501,1.2201263159310511,-0.2561418786107601,-0.026456641219658295,0.17003155382257007,-0.26461799691564414,-0.45202624712594863
2019-09-06,0.4531241434765115,-0.15434778275103367,0.24306824760360285,-0.4704969625627704,-0.4375583082334359,-0.3450397563539891,0.2625081669283292,-0.0793826557294119,0.06373499898255203,0.3321330638717256,-0.48506072047052573,0.011096905067375262,0.28138614598619677,0.5690932779440595,0.1236826180297084
2019-09-09,0.18018733550113208,0.3018323630896235,-0.09928623956979765,-0.5343443101599858,0.9211605291379894,0.08477068738513771,-0.5398770427236159,-0.39546549541737597,0.16076230036818107,-0.7513968490466044,-0.37361376144831415,0.9980358121696491,-0.6544308449252989,-0.6255308760081282,0.7802120766110079
2019-09-10,1.4909180730032856,-0.09454919910786194,-0.7954708197497898,-1.119516522892098,-0.7046811423281651,-0.005142335159713518,-0.8952363204256333,0.08620538854987858,0.10612044339965532,1.178558321542564,-0.28766080936428906,0.29001008069397427,-0.08258019124338323,-0.4971579994468105,0.840314076762757
2019-09-11,0.813638346429152,0.7207852366855971,-0.4547681423451372,0.5970560435625437,-0.4455632789528874,-0.3214481308189138,-0.5733215125520971,-0.1163071749190567,-0.21267678948220287,0.3874848349358444,0.18553736634260826,-1.225916177513822,0.27892396594758584,0.6093633696373175,-0.24615100606051443
2019-09-12,-0.297275089867568,-0.05032759125967565,0.2594427416873836,0.15595252922552227,-0.010312971704225626,-0.09468149015674665,0.2918917394304005,0.1272930785366343,0.04669162174063768,-0.3743388669809118,0.2389249354973344,0.20836931267484832,0.16284201242928026,0.23347724583711166,-0.6968740393206547
2019-09-13,0.30915526253629566,0.5211224327613238,-0.34386313019765163,-0.4426161359495828,0.02620474263062622,-0.37971914762597203,0.1441798781664152,-0.6707626927258554,0.45697128854723246,0.2153910039815491,0.34372726105148876,0.10418855780126846,0.3650337684841729,-0.23371618147651385,-0.4819924396914663
2019-09-16,0.5280691450030097,-0.4821940345498997,0.6000505314132758,-0.6451000434912844,0.022233761683676856,-0.14473038162884425,0.3467675373404162,-0.39600685877337527,-0.21976617703646895,-0.7312162948622816,-0.12366854902000901,1.0333999902487432,0.15895843430961037,0.39984757006854627,0.10496064241319403
2019-09-17,-0.29436565108293566,0.2114448679125096,0.5182817128537369,0.16212760046288044,-0.0259152070206059,-0.700823982046689,0.5605130579858064,-0.1364675114001913,-0.08595029994003905,-0.16915831725088443,-0.4413714350693687,-0.3026488291465561,0.41684968635264324,0.35543068592420546,0.314147163077994
2019-09-18,0.07892978553927779,0.36948838352836766,-0.15420050855270576,-0.472833868321814,0.07121212209201289,-0.3041046051944544,0.2481088211565456,-0.16498479782843767,0.20145953934883515,0.30990138808811624,-0.20451851435658985,0.46246004052429507,0.2799515017199561,-0.24679438430283746,-0.47320662836457994
2019-09-19,0.5893007522188747,0.24706202938244143,-0.08746384855733577,0.13435887157079573,0.0048934593178054375,-0.22680583402730936,-0.568245130833543,-0.34087375710019896,0.03214622367706743,0.2351981497147608,-0.21757319460369262,0.21768068100686794,-0.06686256864143993,-0.3668999393215079,0.08547855683408107
2019-09-20,-0.2390291979068283,-0.044386887433782496,0.018164433429889104,0.009138114476506698,0.09489761275521963,0.009218626357996085,0.24353236521111793,-0.1400038099127468,0.02924879822472337,-0.13864834312477736,-0.14736708756622602,0.29968800845081894,0.36988811960623824,-0.03919984629724377,-0.19636466445968276
2019-09-23,0.2356120782788365,-0.3739746827027637,0.2635288567700429,0.617080895906956,-0.003090063694023648,-0.2443508381696734,-0.2950665033185314,-0.31075238887638684,-0.2600492399929307,0.3414445865771053,-0.30452354300772244,-0.05961699494533229,0.48983800791087295,-0.26492906973193325,0.10747699718077963
2019-09-24,0.28170648548135235,-0.12347438909973846,-0.4557333909670658,0.4263279280224597,-0.4358849827600412,0.3664486693020508,-0.33781290409274073,-0.8269110606409491,-0.03997271993826579,0.18624765927899367,-0.5655697818468962,0.4562453725180388,0.7631180371364592,-0.034475896141309414,0.35522385369385034
2019-09-25,-0.4556511808047222,-0.506424654055173,0.13009381488065191,0.42308690326811615,0.841185554703644,0.2026417481042568,-0.04376975050092877,0.17095164525454565,-0.1637632072906819,-0.1401802222920708,0.2965962231803084,-0.5381542230645006,0.10860696396577935,-0.5038184676159273,0.0012006923728240526
2019-09-26,-0.46499116168076743,-0.8704688371335156,0.17469815118743787,-0.07213920091271284,0.2665816992100189,0.5255401644889905,0.29966227812801677,-0.03864702952871235,-0.14757578123714143,-0.06501393734105093,-0.08382603259055443,0.38161730688593726,0.6155450972819397,-0.5882375929717235,0.20866425653318055
2019-09-27,0.24519547800180475,0.2109326171261634,-0.3639622233334423,-0.021715033222002272,0.0077090813512420975,0.07613184027791937,-0.20040783311044919,-0.1426739172333718,0.03530419365055454,0.2228866859492669,0.00825622693188588,-0.21097248671380328,-0.13376323156149594,0.1630400799560826,-0.002960361449496518
2019-09-30,0.9587700822682057,-0.742937248801224,0.27888990267165414,0.13635137688722626,-0.15419353164580302,0.2532363953638681,-0.5014891130660399,-0.39208352181576417,0.0944888729414541,-0.21558864419310603,-0.08748778123209841,0.056088300170413746,-0.08496610254526506,0.552105600821827,-0.02283494626117233
2019-10-01,-0.31522343861503277,-0.07435415994048777,0.2457087652788712,0.17945186568324267,1.2373909593915586,-0.6071150116030428,-0.5470997971875455,0.5790481740703044,0.6054953486791625,0.25833779595773954,0.05376898921343032,0.46566408119034164,0.5589844636814008,-3.3966027583442866,-0.36352511783987107
2019-10-02,0.046118291981716464,0.4061286927489629,-0.13462161680791707,-0.7428656377348164,0.05892640611411659,0.21478029100325835,0.17041415730843545,0.2107816810692691,0.1370101457397872,-0.836961021268384,-0.14549484681478697,0.8253808844817335,-0.015388091242992452,-0.3918522635900292,0.21588262548138015
2019-10-03,0.7030419315034475,-0.28999211915474377,0.24039718238728056,-0.2935829564240593,0.34250184625148095,-0.3504578992100196,-0.2973275309395977,-0.3498914938717607,-0.1807150309164683,0.37415061775903324,0.051583419926419,0.4538937865634668,0.6303778857640314,-1.498758500604829,0.1853067072321274
2019-10-04,-0.3204180174776461,-0.6606109312883848,0.015475837586183872,-0.49640264814311585,-0.05643280154352004,0.6650230386406966,0.429747948512051,-0.10059090379482805,0.2420844158798101,-0.21582628142917115,-0.3742078907535533,0.6209658538059741,0.27457859196579015,0.011496047027479195,0.2660350167194121
2019-10-07,0.5581763171689592,-0.09580798199016194,0.2187742152325658,0.08167710663373196,0.21450313718285582,-0.2877648490854461,-0.28532393441850856,0.02313630974945534,-0.01531827952141357,-0.15983346583430885,0.04158712401352668,-0.09489112774617325,0.02818648055992995,-0.20006755447999847,-0.1106104583431948
2019-10-08,-0.07053838514163324,0.23971880823870828,0.43768404854832754,0.6265768531441622,-0.0515575163818216,-0.7624444449317147,0.18871689380827072,0.3992778519249397,-0.2673670051275159,-0.10825630764053096,0.06582831144547763,-0.4736069447543778,0.14891189570884644,0.8216603762648325,-0.9053354484309295
2019-10-09,0.020135979086750133,0.11579509919870945,-0.09308880988580182,0.17376399527060038,0.22006299591801948,-0.11554013140872765,0.08562548719108742,-0.726791517196662,-0.15385663303800245,0.2552461945902187,0.44371093013617957,-0.4440313425609813,0.3668158460238745,0.29736988739475,-0.3107803335184709
2019-10-10,0.4132311030220662,0.7890591437917628,0.1891689931559979,-0.011706727280539009,-0.0466142574248809,-0.9696875820088395,0.020917722594408134,-0.01529179961315097,-0.058012983186549794,0.13621744570681793,0.0009700335451263697,-0.09896887499047691,0.19003957069168698,-0.08736556352389668,-0.42878989705914783
2019-10-11,0.42022237997515033,-0.07309082566412517,0.2201576109846674,0.4165688992642379,-0.056889462097258425,-0.25289629391226065,-0.3815878572335504,0.2305209538859898,-0.12629094269732932,0.3492477130097791,0.09305997492882989,-0.294342898588688,-0.21792307782492193,0.2431724717414414,-0.641676709252414
2019-10-14,0.20497252931898516,-0.2871085183751779,0.09905594850304791,0.07912586934586417,-0.03880063445092327,0.10467316914763064,-0.049947538980255446,0.18966436496319478,-0.01913554559022526,-0.15974043219871623,0.35584312892358605,-0.12595120414016958,-0.14763087612794137,0.37880341189261635,-0.4793010086433711
2019-10-15,0.214322281487678,0.2349146542446124,-0.2259702738102748,0.1965814637187181,-0.22877049488756807,-0.19618804875278037,0.1460957190140176,-0.7770917511245343,1.082487122014591,-0.05364426294157587,-0.5284944384162189,-0.33420286868591875,-0.4586070419775533,1.595080495928039,-0.30637743565192266
2019-10-16,-0.0690657466314509,-0.10947502045292384,-0.17908668073768247,0.051517586537004785,-1.2427283015314456,0.003424813827877571,-0.02223427519885743,0.37163580557586096,-0.16520354943312482,-0.12686558408616225,0.4681024947630162,0.40669575614251974,-0.141796634052046,-0.673238928918029,1.237528975285145
2019-10-17,-0.29285777343780245,-0.1645104833886998,0.6257370562593862,0.6121120212560555,-0.3325498667132102,-0.46000606341699096,0.08161422615925529,-0.6249264648134023,-0.09269288420443039,-0.2645545473566973,0.5958748497113291,0.2626147036609604,-0.14544978063943698,0.2832184648711181,0.008959553671875314
2019-10-18,0.40089490346167667,-0.22538303449163521,0.05507263480728419,-1.10468792416164,-0.010457368195669794,-0.32933335901375715,0.5902163890021499,-0.09983216972729625,-0.06955000907922386,0.22432417061128201,0.19006960065226966,0.18809514855244322,-0.08154688293935547,0.30535226254708686,0.29989251470063694
2019-10-21,0.20123724415393363,0.14389867883243457,0.04933613519455338,1.0580918203988408,0.246149403150415,0.38264696318825475,-1.1231790948975975,-0.5409449121830194,0.21841490617924797,-0.450563197574645,0.4760051963012757,-0.3853640634925741,-0.7932562277602625,-0.330219828646074,0.22786795167062057
2019-10-22,-0.043572524283121083,-0.26967809989853286,0.4768567316931187,-0.05406509068156748,-0.15997590659705177,-0.44754225331511366,0.15637044428216962,-0.23674101060608801,0.22676095437013194,0.1299718933436861,0.2115698614661542,-0.108490183709799,-0.1693580932950893,-0.37966224268793997,0.6282133555266634
2019-10-23,-0.0008201246835025239,-0.4433103033252658,-0.3679644080866147,-0.9020391960588459,0.17362941581785285,0.556656629497686,0.3825735604264987,0.4229694959698113,-0.05624305147380315,-0.07187783825624025,0.5879669664816253,0.12384888229681709,-0.08933707006625435,0.20808528202127397,-0.3170976062294897
2019-10-24,0.03593411234039526,-0.26536085487573496,-0.04994008976277128,0.01956422461348493,0.08248145391136347,0.3393777487029025,-0.09313328255658487,0.1779585924718293,0.08800670615940409,-0.15784833744724455,0.033098076073402066,-0.17682139506496647,0.19158008381539854,-0.09432686529875683,-0.13545990009228187
2019-10-25,1.090184720348194,0.18413276851364443,0.10751117009258226,0.37258235290787867,-0.10807417294567467,-0.345857813490169,-0.7114643234773737,0.3060821250371165,-0.2842377205433698,-0.3381610191221316,-0.01310276153943768,-0.0562278643510703,-0.08692362903159123,-0.443377373477479,0.011030766579908424
2019-10-28,0.3321256351665915,-0.20917288360660957,-0.12470312815848766,-0.3020525614879367,-0.29926028803682236,-0.11072359922358116,0.2180263154132171,0.5119586024420805,-0.43429295801407763,0.3146515801547932,-0.04240908341873861,-0.010204616681062317,0.37663023091367637,0.10221183467617562,-0.1288053334001591
2019-10-29,0.08826710778863489,-0.7376951396266114,0.41257661562450676,-0.1598893875414263,-0.17381469291575205,-0.13180244451751139,0.2418202604307682,0.1759055304001958,0.039664037366380245,-0.04533475547276919,0.19202687186762685,0.23170587976533544,-0.02835411143448475,-0.47480774145562327,0.4723299490841735
2019-10-30,-0.7382209998251466,0.6680332867504218,-3.134483593324856,0.2590680544554309,0.22654693881275978,2.1976479000958893,0.30251941486188105,-0.2319779483495532,-0.030166174089766296,-0.2136243456385788,0.03315140423533275,0.05582454587685565,0.023596611370419462,1.052401126613998,0.12160176418352842
2019-10-31,-0.1379361022548352,0.21425334841873794,0.8928533859488015,0.17708686244252386,-0.37703492707871766,-1.0948200108418369,0.004538251166165408,-0.27498530965126367,-0.056354690153236686,0.9767846176801748,0.19231683855790532,-0.14597443046197572,-0.4759062227284336,-0.413563505024998,0.2071794620411745
2019-11-01,0.32638861361989885,1.0309643745547528,-0.2592863373438955,0.19156199106515204,0.4791651347588062,-0.17644960853198166,-0.4498830832862404,-0.19848693677489004,0.01075344890444363,-0.268060748648267,0.16578206072248824,-0.36852672659905694,-0.10400947018431084,0.03302526767953817,-0.5978229613044821
2019-11-04,-0.01999559805944584,1.1651992288277049,0.3296265390295903,0.3195127428979854,-0.03824558376688669,-1.0252149950393568,-0.06457535748406618,-0.26209167290845903,-0.7218930574195785,0.2480909330096227,0.8983902409466051,-0.5129647373073936,-0.2063204480564269,0.1691888727876909,-0.4178916317455379
2019-11-05,-0.5529861689500774,-0.1620076818923159,-0.7995232847571028,-0.027663490473778973,-0.07165329417995475,0.49334941763717255,0.18214533355775214,-0.20682480822130062,0.21731064044189047,1.2224829584214925,0.013259066137217446,0.5379415795076887,-1.6726033460218177,0.15672530841034413,0.6917969461794694
2019-11-06,0.5163870900538414,0.20262962682259122,0.0182975813291526,0.41222895657304237,-0.23136718879001103,0.4334060238767947,-0.9675125417844842,0.09203892120614232,0.08520205974496411,0.10017860074162768,-0.0519994916119097,0.08940534521258237,-0.9805002942913701,-0.24682003704784394,0.12104975207044774
2019-11-07,-0.04375728259660738,-0.3886227329967614,0.29860252248718777,0.2844176287492922,0.2418947441010596,0.1382855574174347,-0.17897693509496815,0.8447342161075474,-0.4826807962757609,0.03806202990587493,-0.6860845849390312,-0.15951475070422688,0.23668827516605884,0.10943432361164923,-0.25087761416605686
2019-11-08,0.05897047113604269,0.43616913806528124,0.4287310712781781,0.1942905586960204,0.006985504873250531,-0.5340407961051393,0.04150298084415083,-0.31089619621153874,-0.09845537934288245,0.2730712036101323,0.3475319044944246,-0.6803478013583715,0.5290132015544018,-0.20160401828784819,-0.5235335422432144
2019-11-11,0.08881984174209054,-0.5758983863394848,0.9053194673266685,0.17931629951174272,0.04340202219362044,-0.3655574033185096,-0.07988868078818165,-0.7699394187138123,0.061043142579392584,0.11124395424208908,0.30516685227525475,0.3576963472657917,-0.08207115096012663,-0.09517810807374116,-0.10624067422538891
2019-11-12,-0.2229665496016745,-0.25579791280530784,0.2255295638244601,0.10468108070233643,-0.37137613870715,-0.46602383432087047,0.5214795019823375,0.5171788309748527,-0.5135367321409179,0.4048135368219121,-0.09314727798074221,-0.23649085429997027,0.7605115600269647,0.2146085729418334,-0.3357520967727414
2019-11-13,0.1227825862040152,-0.804145636617036,0.2836578494416998,-0.14425101273852137,-0.37614072062300297,0.0070639684326030405,0.20986912221862086,0.33581804441423113,0.15890564525410578,0.014947746831877717,-0.2538648197468951,-0.42710257310541866,0.30162200614405954,-0.0541697255714807,0.8095187510446573
2019-11-14,-0.10067290154706063,-0.5130712679539219,0.4437732761481142,0.388583681149845,-0.1558820775392546,-0.3788695501399675,0.38855975739042,0.05702417664931385,-0.01625800152701093,0.23690690032757833,0.2430512208190969,-1.1358926731353713,0.08131693413297353,0.7734896054913032,-0.004912336946692131
2019-11-15,0.35507460080589553,-0.5509913255977636,0.1515190245475253,-0.21446693276611034,-0.08237201212047418,0.22875505311172487,-0.1173553506301922,-0.2453434326474988,-0.07038254600137855,-0.49606024293353274,-0.12565659756609504,0.46883595246574894,0.06464635071283725,0.5291436230230493,0.2697110816101977
2019-11-18,-0.05547277382674981,-0.03294997568374519,-0.24517510540375043,-0.5401546721374358,0.08353133437678412,0.35407290491981647,0.10568866173564384,-0.08869553013000397,0.6460908805842249,-0.458108943441894,0.04024089813622686,0.32040309834176933,-0.41435172226820305,-0.27651182473853814,0.6238964028233958
2019-11-19,-0.31163427270183836,-0.7183567351139395,-0.025807187989361324,0.02927538059498505,0.13450137371532472,0.36749163961255565,0.2542742539742055,0.019312222744893782,-0.22023234040294987,0.25127957496459036,0.2492830361908312,-0.16186494391457126,0.2487195455684546,0.37947854390700375,-0.19499511540355496
2019-11-20,0.35463831428070164,-0.24025746464463682,-0.38160785637373956,-0.13423076235873993,-0.40544463659337404,0.02715387683241005,0.0837184954310335,-0.29715072073249726,-0.2865943984209096,0.1438946827358203,0.026054844611002492,0.3461662543264471,0.16387411961331882,0.8009101906777221,-0.1288553402701964
2019-11-21,-0.12747185534740668,-0.7452894555136316,0.2047369613827778,0.06375285300637196,-0.37312661141803904,-0.5395408057204767,0.7647124781067802,-0.21216697847645336,-0.26454900136843074,-0.00988467266856509,-0.9434473887558239,-0.46398984577403013,-0.04030937575242574,3.1404314052768925,0.27026622461530914
2019-11-22,-0.5675415070486589,1.124034837462329,-0.8961160537300064,-0.290361211924422,0.18791244429302956,0.21935617426163995,0.29970038014700917,0.1321459731278623,-0.26375344671898604,0.33804704479939607,-0.11808277583843224,-0.15862825876156977,0.4042262067752411,-0.47050123590139525,0.13157678293035246
2019-11-25,0.188352773683865,-0.05342858592841686,0.7825992520623892,0.26794654497198833,-0.017916696861226766,-0.5655584367292629,-0.20077384363106363,0.30551834182623966,-0.2611990635372894,0.23694175353286767,0.36957217429226263,-0.2261190624177899,-0.7632791759343039,0.6764308670343393,-0.8524435862938465
2019-11-26,0.6112243470231846,-0.7678848285283567,0.7339394026946511,0.26212048082835404,0.24629851271910558,0.129219028637803,-0.6768491611055087,0.2992204831923892,0.25221447329933827,-0.5165588973805093,-0.5303264987699281,-0.5268240690489281,0.26041332662441397,-0.03286330161148765,-0.05302760138553285
2019-11-27,0.3493979119842302,-0.30148762549728036,0.008630260545889945,0.5612221748639188,-0.1481376487512468,0.6981037384262678,-1.06839002637548,-0.15295277418555595,-0.21586712042942516,0.022936309880586914,0.09368332775391841,-0.18666512903945776,-0.3522982061957276,0.1406949683514878,0.0691333509840786
2019-11-29,0.06734364153532396,0.004595212690812311,-0.43391298946905954,-0.2108607450993254,-0.30786491807745797,-0.14078050866416975,0.34725661785066153,0.21619080159897042,0.03362411095033635,0.3177735475747669,-0.22382338858344086,0.2645246450169166,0.050664108061321156,-0.06006998350872006,0.12266989351761459
2019-12-02,-3.354574657249025,0.08905307399315832,0.5485431990396679,0.24037023350906184,0.5975898934707209,0.38640862962311995,1.8873645036780458,-0.4118583969109513,0.6986248824794368,0.27213081765690283,0.3061829211415995,-0.23734752616346178,0.23927990983048864,0.6002226685003504,0.052582118756667406
2019-12-03,-1.27941330566812,0.8140956005703134,-0.4911226113429821,0.3252030695457916,0.3455773496627006,0.70595553470403,0.10854719726362203,-0.5522625537214809,0.3598770819408128,-0.1293478079952255,-0.08669357676328726,0.18524988894596572,-0.6279805564998018,0.3889860226152815,0.2596782645980895
2019-12-04,0.4136723839843024,-0.9511467142461313,0.045925384187334495,0.013592018397687866,-0.11932143250059413,0.4972111588425173,-0.22323662435074548,0.6345003315631996,0.8087663876616098,-0.43068696735578404,0.21596415346393882,0.1338650449796417,-0.5770666228942016,-0.357349689019807,-0.1561478579877567
2019-12-05,0.2782574361668159,-0.2270650344036406,-0.3966468391536839,-0.5254071371393962,0.010711198000650513,-0.5998483456263106,0.7403759384532083,0.16394210246269042,0.09338422191774454,0.2348582278308011,-0.023032786387045867,0.33573789490772793,-0.06678324558152565,-0.35366415393002903,0.40048428434473093
2019-12-06,-0.7751847914956034,0.10498670448121539,0.7629195023095093,0.5530302890815193,-0.2958794173507857,0.49865468924713585,-0.8069968194359354,1.711872430617792,-0.07311033271681722,-0.3120749557269691,-0.25459865616571353,-0.26263873069842814,-0.15332008669749841,-0.7911947628116971,-0.30997382798309425
2019-12-09,0.1964791975080739,-0.21135425106588235,-0.05878105003515777,0.22131747401231164,-0.16468623250782183,0.28279184060365214,-0.39640867481298314,-0.7213249079581825,-0.2994414130224905,0.3397583527902487,-0.03648785937904858,-0.0393365776525314,0.7274728047535268,0.16006818959696276,-0.16902698044198863
2019-12-10,0.1802239577366117,-0.7114657799953773,-0.26979493750120903,0.10727765026315803,0.2777192279949956,0.2157713573043658,0.10043217493505599,-0.013652017206064824,-0.13018936543133064,-0.5064830801021564,-0.07600374068093757,1.2732381116158926,-0.3733915748753543,0.16963110049271218,-0.06511291218196119
2019-12-11,0.1828043809493632,-0.0038042880638903265,-0.1660024854669806,-0.25897027515548077,-0.08608218822090274,0.13396353487066082,0.10104089721374251,0.05710032413412186,0.00029337852158362043,0.16196389459112387,-0.18088789404382438,0.07921364368870998,0.3300929905048222,0.6580944410128224,-0.7465165546187723
2019-12-12,0.08692272072611296,-0.44840264433939536,-0.6174928348156657,-0.09606695404800436,-0.627730720239827,0.36222875443126445,-0.4106681295001001,-0.23521950989200335,0.5005319681819573,0.677851879137028,-0.2585808695746705,0.5808070138877186,-0.1014231959912184,-0.3289363448946292,0.30097678874562384
2019-12-13,-1.745133268081663,1.3361325459972373,0.21929236594264645,1.1489854899180312,-0.42845620743288765,0.07995342404247752,-0.317514860692767,-0.015151928734675746,-0.48183370146715265,0.16337943932865434,-0.18748383618720366,0.04406768670206962,0.10752185806648934,-0.23713568749296465,0.1121192844051635
2019-12-16,-0.2949570124085745,0.548160332204883,-0.48640591385197673,-0.803284397204641,0.1959735492699145,0.6094202566901057,-0.3095196274191285,0.842431100855879,-0.12870258109282906,-0.16942989444713413,0.2976687055884113,-0.24026751737994284,-0.03901604800350314,-0.6494496747810624,0.25975642897233336
2019-12-17,-0.5686509185289503,-0.5213785841188802,0.19652580339104034,0.18662480243741153,0.145272593826136,0.07540434190991502,-0.048809887642397326,0.5627174557023487,-0.08217640413125565,0.7845510100826794,-0.324862984406755,0.2696118900929345,0.057267910436219704,-0.5000940819146557,-0.43839057491633304
2019-12-18,0.11773740769511004,1.0115635180333515,0.23687762905012652,-0.1817572022940156,0.29857763775366697,-0.11267852854778371,-0.7331618343698098,-0.024707843948262254,-0.043988491332736135,0.28724815622738487,-0.3645674874192487,-0.00258592404553154,0.3306139498885412,-0.8239292890028399,-0.8586614984234586
2019-12-19,-0.06918410041204173,-0.12033028511066013,0.9477440246154977,0.5524619719268605,0.6654305505651841,-0.7437304999772913,0.6957577469899847,0.1029375231640629,-0.27913189474832883,-0.5999213669176886,0.749586833233544,-0.46861387902291085,-0.6018071418729076,0.03634320411691505,-0.09920651401699057
2019-12-20,0.2672357105819643,-0.5598985096201274,0.3008700751232597,0.6241064859244779,0.15229473162269913,0.5471026971402323,-0.9641395410238356,-0.4923746974952701,-0.32039808039244677,0.885643719889943,-0.4719450859092634,-0.04289428545396872,0.18693935366122155,-0.15882459959913603,-0.569679319038714
2019-12-23,-0.6228635412549823,-0.25386795012259156,-0.282458860971157,-0.49004858369946214,0.4726250023843404,-0.0008544582037396387,0.902149524066678,0.34538715243220697,0.12837259115953858,-0.24146997426762673,0.14874651141672451,0.10335782465799481,0.07870869959076432,0.5841892575139328,-0.03892255798187777
2019-12-24,0.3801882385416479,0.04408612754962935,0.10474381606305122,0.15816553301700628,-0.26301985188270655,-0.302803523861277,-0.09155707698954858,0.21300460844465954,0.05901466697352417,-0.12783482371408755,-0.18996053382992334,0.3509266797496305,-0.4721978546520288,-0.046165219307203645,0.011748570166682501
2019-12-26,-0.6285591734371523,-0.7605540994855198,0.15225914784235833,0.10831014669296457,0.7230835360491129,0.2550070792727639,0.23075361433849298,-0.0020401104005798865,0.4174839613609006,-0.031791867374598715,0.1098007778107748,-0.11009387004308477,-0.24462478121614611,-0.4557974830303909,0.37856154591941304
2019-12-27,-0.0165681411855182,0.8885181836825057,0.32373448041689784,-0.25651105296719334,0.13303805239637667,-0.008207130689983022,-0.19561314978945332,0.06277052061531974,0.31908326869570575,-0.5846079402803743,0.29923212661248294,-0.17594121056886275,-0.32454397635116394,0.12284726343659813,-0.564817548091195
2019-12-30,0.7699063351352833,0.585625584966192,0.0075122122823293724,-0.13445773939987993,0.0952373905772107,0.2960385241345971,-1.2099075947524105,-0.07309292156055563,-0.2526355618009371,0.06949975732103003,-0.15571961353689812,-0.37819766078740524,-0.052008495545186995,-0.6769946188728716,-0.10739599946239792
2019-12-31,-0.027607279855046185,0.4142450985296851,0.14264367087694896,-0.08698223790158614,0.16721746176281144,-0.36347745460864456,0.20674389933882376,-0.2000440533925655,0.20049634919585435,0.13073674542327382,0.00809023638797425,-0.7753162256180386,0.6709252854963312,-0.34529452479466655,-0.13544915041420094
2020-01-02,0.04133390781681312,-0.06472155151114434,0.4295064720226138,-0.035194857204365215,0.12537616544231622,-0.2929020864343998,0.40051134838534097,0.5891322685300431,0.03903297759651159,0.22096963573843176,0.40608539056654613,-0.5902118435125752,0.13044918027537455,0.009757877080664334,-0.995325881582585
2020-01-03,0.05840729284451496,0.1965859154515034,0.18160051164668709,0.09561878089446396,-0.07493155707651855,-0.4792998174608554,0.1437394291405989,0.28491343440221173,-0.0067586424687318125,0.15583633417978726,0.0051432754483498044,-0.06084116932246442,-0.06554759399334587,-0.2635301277966362,-0.2726625981090478
2020-01-06,-0.2892545130732906,0.17330061333838215,0.28000027350964846,-0.4266895705240789,-0.011861213060018083,0.36202225512344394,-0.1944659673954543,1.1428833566484229,0.07026125861727706,-0.21094026142750533,-0.13643183246001578,-0.1615539049826854,0.6109518631175047,0.6599958927413916,-1.6905699446903526
2020-01-07,0.01984925822475292,0.5938292659100706,-0.1288603380525981,0.1238140974828289,-0.3657316967529435,-0.9617455140126918,0.1703226100112797,1.2447164685507486,-1.602099537639766,1.4573488119875764,0.03505096180873368,-0.5778720886960471,0.3609461435402212,0.07683728102204168,-0.9347195759129454
2020-01-08,-0.33312103099534185,0.5211564723709503,0.417030790057815,0.7368645428692492,-0.30319652071933506,-1.1712342356496868,0.49150313594505296,-0.0070285442673030385,-0.14863017342020746,0.3648750343243029,0.22781394716029812,0.4228801956320012,-0.04455959868120568,-0.26969744255997885,-0.9634187758825354
2020-01-09,-1.202882478115594,0.029606622697159413,0.5808750971200666,0.7757073086140565,-0.05560994282564058,-0.49845660485689713,0.5929953282433195,0.8629821113423962,-0.5489321583054749,0.09417194111159999,0.026840382867418744,0.56868630096576,0.10087600417746018,0.01746949213257703,-0.6911526652813401
2020-01-10,0.22568815186882052,0.8969145209062387,-0.0026139449313298257,0.6114263176247738,-0.3994816915568652,-0.6253320981611621,-0.9448905352436686,0.48662218024950915,-0.7986440399860738,0.8366086271178865,0.47468347966796204,-1.3793341441037237,0.12340563044185682,-0.6261400629576109,-0.6856798059588766
2020-01-13,0.266547653208842,0.5458404232440669,0.6233117484433328,0.09103573499112327,0.6599077829095034,-0.4954115254036135,-0.35394402163521477,0.1272514669085102,-0.055398700685049596,-0.750357564999386,0.006152833834312199,-0.3431327501486993,-0.026581689737270264,-0.21572116553638696,-0.6282241636002581
2020-01-14,-0.38113524888036554,-0.43941241330490777,-0.021001444569599403,-0.13784407908386562,1.1451068162528095,0.3021107719431377,-0.12435823488897367,-0.05806996993720951,1.2311039952578007,-1.0221417010323208,-0.2333971907847125,0.27234854694466903,-0.2710228422659163,-0.7926390248123545,-0.13734004195372873
2020-01-15,1.1724951159303674,-0.724483163667645,1.6531499336908098,1.021756104050569,0.43931946566676117,-0.04960883248206499,-0.6335171675918021,0.8310563129010438,-0.36305600991974174,0.32399956330547086,1.3985043839370668,-3.5661562127742608,0.6834454318047689,0.17243227417530393,-2.286762827581261
2020-01-16,0.0031582612169092084,0.3949838771903068,0.8430763074415746,-0.38662470601481097,-1.5914814877934176,0.43114408712570385,1.4273778286452061,0.23985481270436138,-1.1383483368101468,-0.679851381963194,4.829640480351004,-1.8433059447974387,-0.027612060703149144,1.757395002085533,-0.8208232406389879
2020-01-17,0.47446330405644943,0.4248795802337276,0.1387650036659398,0.1539855262484372,-0.5039393816466823,-0.27289589124154534,-0.35894445698874866,-1.0218828519111827,-0.1491981983176569,-0.05895117361605717,1.036354124136111,-0.4441902652298172,1.302790792115129,-1.0269840441115785,-0.46128207031839397
2020-01-21,0.3326519064124478,-0.9864938229662903,0.9898974712711084,0.5610610164550995,0.06237189495837625,0.1509209941247005,-0.28331836820138073,0.16705080340856737,0.49644897617107664,-0.5444757486517926,-0.9315358945461507,0.36937591853940965,-0.21828050192634407,0.7607497482997793,-0.5511047955370096
2020-01-22,-0.9249416664285933,1.061676094203833,-0.20482287365867638,0.5030227681219857,-0.2515154102191352,0.09899990242491052,0.10858324935142863,0.11379613169333064,-0.8280042480100682,-0.066817898836122,-0.34464300700034106,-0.2772930559290621,0.3755028957441006,0.44084397702696654,0.7271333085218872
2020-01-23,0.5819222237748369,-0.8552209617356639,0.6927453093018157,0.22793195645793968,-0.0941233619809414,-0.946930702901633,0.28461903421051343,-0.2593500851950358,0.17802311616651495,0.006780899195538814,-0.2935002584513717,0.6693534307093512,-0.09050170552497033,-0.655117105816294,0.3087922532386488
2020-01-24,0.07280861234933755,-0.5452758117821247,-0.6651363573611675,3.4917595927583025,0.2145415004437914,-0.26462035220619884,-0.9255546455906796,-0.3269610832246954,-0.9137855401308284,-0.17821047661255274,-0.7293856760305337,0.6009677863025469,-0.9001380722247678,-0.24660364473883511,-0.11437195497284325
2020-01-27,1.023745581419246,0.11814616033788816,-0.014779288736965768,-1.4352549903763872,-0.1494918672267853,-1.323340381818454,0.9475812035007833,1.0858477533771687,0.7337970002209504,-0.5404264242391217,0.4215433455546118,-0.18588984557621346,-0.7917484957178456,-0.618273126898433,0.5587165728072157
2020-01-28,0.15360085348948194,-0.4810979246754773,0.0047482310934615635,0.09402422744128591,-0.5785447197206162,-0.1498377489880448,0.2671474961007605,0.25817957491697263,0.8150034086386346,-0.3333429274724047,-0.09592908465415517,-0.14580961374217472,0.47306098080971637,-0.03298483762076487,-0.03375820709076616
2020-01-29,0.25932864880208145,0.2639319554911229,0.6066970559170304,-0.6696134464121009,-0.3885917848456608,0.027606143774019126,-0.19791018735820876,-0.6041007309873737,0.4121140640597085,0.1420765995279244,-0.24250733879783487,-0.13534753536924837,0.3562512354276147,-0.12041333185553349,0.22414338283496038
2020-01-30,-0.20980441406200523,0.15036792546482025,0.6609015220751295,-0.44373997991660374,-0.17217295011190314,-0.2370606354470275,1.3156409905470479,-0.06725416672442663,-0.3019914969378459,0.32679121985779114,-0.4819594622240395,-0.011558851249592328,0.3185974913997134,1.4962218820363922,-0.008691731402366898
2020-01-31,-0.5445215864559891,0.6629816073853716,0.22704201658689516,-0.19713884427866324,-0.5127422058078546,0.3384765568320325,-1.096171788836743,0.33325167462689986,-0.3530711114295704,-0.8571706234575096,0.23537028826363615,0.7022091121179843,0.5178497142845084,-1.0348202531362594,0.06457834126361828
2020-02-03,0.29618298172486324,1.0236236326156067,-0.05040264814982226,0.008480687585283309,-0.06023848490791095,0.24917928150159652,-1.2698505677839005,-0.5399419432866577,-0.16590711789316792,-0.033329889900224896,-0.44705332053336794,-0.18541743662918408,-0.304890108794957,-0.38280233125012814,0.3582886019117505
2020-02-04,-0.3763605939671176,-1.6244252829082821,0.3892861632658478,-0.10222401603110293,0.31883100111760676,0.4781960935265101,0.8628222981650425,-0.2793363490812366,0.05397459793995907,-0.21341398545572254,0.791456178687161,-0.5012183499136583,0.7294951890950783,0.6056893355646711,0.019883928595389122
2020-02-05,-0.9904497379447657,0.28739535399714233,1.9019367369123628,-1.6191190402530553,0.6210528252898198,3.979795210147759,-3.641347440756575,-1.8493857712501418,-0.8339065218037125,0.12394000682895756,-0.9149388138588073,-0.27666716755598797,0.17539045504177486,1.1277096105217232,-0.19639674997015755
2020-02-06,-0.629274127636021,2.3185324009016117,-0.6904436394845835,-0.1647581637073674,0.3309318830667919,-0.7323955225950982,0.03838770443213735,-0.7482983704721977,0.31097177398677717,0.8361406922839232,0.05636452408866967,-0.22659546409664638,-0.21928768315946667,-0.7562591214027226,-0.25037958771299407
2020-02-07,0.7452448819367481,0.4553492430797605,0.5818968266169551,-0.6547806644463466,0.08869615342687992,-0.4908882136043696,-0.34032153777902757,-0.9824899079912546,-0.1321498764539773,-0.11221005331459932,0.4546835699139254,0.497966655826131,-0.08005701318773262,-0.267014941853389,-0.13181245286714038
2020-02-10,-0.4702522506677236,1.1970867647984833,-0.9078168925496355,0.16258903929796367,-0.37197625014692187,0.1071648566432063,-0.3274299411410527,-0.4380088168275744,0.15127668053828155,0.4741152606155957,0.3025505621484339,0.10248686259824669,0.17465236006553386,-0.7360798548437311,-0.07747466533343206
2020-02-11,0.0538057199471475,0.02170391796074611,0.47758580259320516,-0.06462827478243872,-0.0492205263632729,-0.14812266423617043,0.06361841473690477,-0.7746427394747857,-0.5297726370579964,0.245966717026882,0.0739792348243844,-0.07264980348262118,0.22204421318412337,0.7005908074831682,0.08285311238827353
2020-02-12,-0.5299761428715192,0.05237373712764781,-0.7866684758776862,0.9000297273628322,-0.015345453518912228,0.45287875893272433,-0.3923534236662569,0.8327190662292592,-0.35457257662296193,0.0015150175215710021,0.5107819122277277,-0.06341225318993274,-0.21536903758750844,-0.34435081214530533,-0.4253891373446532
2020-02-13,0.5774715440372438,-4.730457841868907,1.3880051455878217,0.9681205440044109,-0.0658655140856223,1.0676452159727985,-0.37189703736189145,-0.10996264857366522,0.07352438766336414,0.1479568512520258,-0.3543516393680558,0.40392605703105877,-0.03989886045473712,-0.5810189167732693,1.1916356330292688
2020-02-14,0.9690662087451873,-3.3825079270460305,0.8568968799882062,0.6891573446613725,0.3105698119675949,0.512087552182319,-0.15851746426246294,-0.7497606753741608,0.030832128687486193,0.29591840400288805,-0.4407783342855527,-0.1040847127285146,0.5849754691036384,-0.3113874822023144,0.5884392705406883
2020-02-18,-0.39905515885352094,1.6673645378007906,-0.8169479730454432,0.4326432388118643,-0.227423318969606,-0.18711147096529962,-0.1084346417085095,-0.290629679200614,-0.22200528605512804,0.23783611117174142,0.5939888177763439,-0.7448056257499072,-0.0642197595179228,0.41762846507668716,-0.19000858885158367
2020-02-19,-0.4188052595290782,-0.47084043273158815,0.19548497809905502,0.9230509400980664,-0.4079881383502664,0.44317403973470415,-0.7055185484721958,0.7858883488093146,0.4406198900385291,-1.0564867801415867,0.31937304870676075,0.4201891970513836,-1.0508686503726095,0.11350533396415274,0.05318539186061222
2020-02-20,0.34603586038086426,0.8020175577458011,-0.439891430895859,-0.06862315487424936,0.28993382406891505,-0.10444725283562561,0.9717316537230143,-1.5723797970077396,0.031661765617406024,1.0029047838201535,-3.185111092271745,0.8475565492115624,0.759130277912021,1.2382722290050412,0.34863952139844695
2020-02-21,0.8332292885106094,-1.1857317970428143,0.18151156457826984,-0.7793027745877962,-0.6490224904545081,0.21030112644116855,-0.549013632119863,0.6132525760124993,0.26425983613209203,-0.7154479019461355,-0.5519343733898638,0.9375436218851652,0.29975519107984416,-1.287736586068969,1.0888055204881733
2020-02-24,-0.8785158956594841,-1.172176898085227,0.3679655167352647,-1.7029208144379164,-0.6073996879620989,1.6292224966916447,-0.20458570949672092,1.264830539200588,0.9803052918576385,0.4148203840718141,-0.4057381180928221,0.24782926804035066,-0.697965071823663,-0.6337106461754942,0.6054594616863049
2020-02-25,0.4635939068249191,0.8115485229587645,-0.2086435602923271,-2.3925679762463545,0.14777000706236443,0.6671343197699753,0.5000452798878713,1.3543671309937295,-0.44237665084784794,0.2618993125465754,1.307348886637783,-1.4180896964013585,0.10509899463973582,0.41004594095779057,-1.0090002969058656
2020-02-26,-1.579055914125398,2.1482653146371526,-1.3229842545818542,-0.9386867264990016,0.10907314056904904,0.9650513243044636,1.6008564282791422,0.4656090518317024,1.305238587196901,0.2198463127097221,0.23733439948746216,-0.3911901256392265,-0.40776881067705184,0.8497840258827494,-0.924985653791488
2020-02-27,0.8542618988109467,-0.4453321185083856,-0.09632317506255905,0.6546374886088238,-0.38472846923854886,0.33436587623738667,-0.4927372265827312,-0.6310615281201404,-0.2111826557880958,-1.7318265712267213,0.7170907678493288,-1.4433652645100654,-0.32295766667418446,3.491584555150837,-0.36728749860548815
2020-02-28,0.46418584398329577,-1.5270400563777535,-0.1992630813640739,0.9205277330785588,0.8237473706819348,0.23108896959838665,-0.70561184718993,0.20759986689772347,-1.7171037055377965,-0.23787897741382946,1.092940735675715,-0.716624070710614,0.05559759625328908,0.12791775095852942,0.21240647737662566
2020-03-02,0.03416584336115136,0.05765309025033161,1.5907915635775387,-1.8558994561537765,1.1175967580320316,-0.8520158423679907,-0.01713069278019841,0.2311098477676694,0.4609010994600231,-0.035761994951839515,-1.1724563272042698,0.6851036415082876,0.45113254443723116,-1.131785756225894,-0.010274357744419316
2020-03-03,-0.5509043260529687,1.3922019120578004,-0.48044550621142923,-0.6153805551739056,1.1834169049795298,-0.3868183545325201,1.035467167278738,1.1723743840063388,0.4872240561007546,0.16194857171938049,0.7207138844516323,-0.8018477556740331,-0.17991080018302474,-1.482527548581153,-0.4271026509727456
2020-03-04,-0.22500247180119626,0.00779896818557857,0.49395800842896387,2.3961309015889087,0.1849962268710792,-0.028677344204441013,-0.7214661891881298,0.050069794019218294,-0.37724481868605353,-0.0995653798381142,-0.07253393295820842,0.07487608779092114,-0.06321326625141754,-1.7857831532707507,-0.5734601223381333
2020-03-05,-0.6655361141217568,-0.06906649366761108,-0.13231655012747323,0.9748977653360282,0.43247586657890036,0.10681305617306291,0.17237067303260545,0.24760633352946826,0.43076999166224406,-0.748919229555792,0.045533183223307905,-0.24542689286524855,0.2595665696173528,0.015120070100978378,-0.6400169108774771
2020-03-06,0.6197555059834672,-0.6425940371238341,0.9244491036585937,0.17286756682455584,-0.04258285068056655,1.9493499944086363,-0.6292523242478417,-0.30190260185441775,-1.4674122350071672,-0.07984618463550319,0.7363346712245494,-1.3582658052406307,0.0509030627234055,0.3999797275575383,-0.5253053113594071
2020-03-09,2.5377858059081575,-0.7206654624746394,0.30136084848530587,1.7958779428516616,-1.0768132719725747,2.670971316701073,-0.8172030377648993,0.4217575637852198,-1.0072112652268705,-2.0140920144293197,1.3054223868442643,-0.2568170823165383,-1.0886574939626907,0.7338186500439345,-2.737641866244653
2020-03-10,-0.9083946769456119,0.5626721902791778,-1.017217291354895,-0.9674151340896966,0.31613531605964873,-1.3734589486731918,0.7682535860517773,0.3514173193054786,1.0063480522428256,0.1543903373536022,-1.1716562363049698,1.452488178139749,0.04106526425806045,0.4681398160744439,0.7268494793026399
2020-03-11,0.15211378057792668,-0.8255664507274805,0.2514607817970518,-0.5451699683544247,-0.37816120197930125,0.18545942007836302,-0.09794521955797197,-0.6245669056944325,0.6908090296515104,0.818744862084738,-0.7339168388709869,0.49067945358601595,-0.1442989009180473,0.6983688316055082,-0.049008827040156966
2020-03-12,-1.6654728166219712,-2.655755921138808,1.4116480496869848,-0.14989919867443202,0.5466314666399299,-0.43875253030098804,-0.9307527425232376,-0.1727334175092441,2.4700620305968686,0.4648259460300359,-1.5799603503162825,2.9291421997142986,-1.1816189612438048,-0.45132330454288105,0.37125389293744426
2020-03-13,-0.135565371960654,-1.3490131728951944,-0.3783600479646383,2.787145226504098,-0.24010720272150987,-2.015642276425534,0.9863460670030808,1.6522900020310098,0.5494541151065544,-1.8203585687016588,2.1367903643771324,-1.584644566060918,-1.4984006850644729,0.7369508103997662,0.811954559274179
2020-03-16,-1.4021833105740997,-1.4249626340922958,3.435492073201802,0.0954587714648314,-0.2580242595248725,-1.840607022286889,-0.8964248300137339,0.25878532773915897,0.8382897282277604,0.789863631592489,-1.8610654966282913,0.5967566573482763,-0.08273997882268347,-0.27144081819445587,1.0831825500644028
2020-03-17,-0.1567131944833311,-2.794785286740958,-1.2931708899633088,-1.5808799156300934,-2.498223374171035,1.6180373953687162,1.5029016335281415,-0.6094427688396815,0.2723418728805438,0.1897898788301413,1.7338206779476923,0.5312269305593478,0.9691105917128031,3.3900959224764384,-0.1528223099242958
2020-03-18,-1.218759749143861,-0.024498682291971274,-1.8368673178856212,-1.20985052695728,0.6367535848785868,0.5338720541466446,-0.4027533110222561,-0.9067406461223675,-0.7839261177821126,2.171803997623495,-0.06115757790580734,-0.22284860630919479,2.209971825348234,-0.41296897915649394,1.3308094453141999
2020-03-19,0.708317618568344,0.4482260405281733,-1.1873566589977795,0.16039156918576158,0.7468536558852583,-1.118124686186618,1.2404214972756742,1.085215480460677,0.21846772822942556,-1.6834032449671696,-0.28957416534679814,1.1316051427564793,-1.3911196547712628,0.3299689713737616,-0.14814640600482049
2020-03-20,0.4038827076554337,-0.15292786141403703,0.31349741034250006,0.18069655670348228,0.3720999790967823,0.6426676710057306,-0.365888043065169,-0.8290459344141579,0.27403538431097424,-1.2339814580638098,-0.02649147782166983,-0.06765695247170711,-0.20142681597519596,0.08390876622351773,0.6123462048748755
2020-03-23,0.5069964823680199,0.3009407238809909,0.9958796176146085,-0.8535148310872572,-0.6701461738826365,0.09233598167334556,-0.5839883313542344,0.47920336065794616,0.3866666172376414,0.7306791717233639,0.03322276385287526,-0.6013172425727102,0.15371708744420776,0.3103917650709467,-1.3600583132316657
2020-03-24,0.06845494637325,-0.14601863338627208,-1.4413123074932743,1.458524090504803,-0.7924438663284068,-0.330925351287759,0.12927187652837846,0.052167373579541376,-0.0985231029227438,0.5964643829461194,1.0446722249388616,0.03411288605213292,0.8421473925849345,-0.2188892518444534,-1.2247293467014693
2020-03-25,3.936816091890865,0.24091599075815617,0.31962003373054815,-0.383701721705626,-1.025753879106425,-1.0518361584202305,-0.3866281479958873,-1.45967579516111,-0.507440015008779,0.39476394923769353,-0.9654167494119734,-0.7231827428501788,0.393047655573854,1.6207165166390072,-0.3083780880381848
2020-03-26,-1.9579156710684331,0.4041647514233965,0.6301900021750055,-0.5745375260075888,0.5567500493253887,-0.1912829146716819,0.4699172691261029,0.28800668191068235,-0.05739560696993351,0.510448124109709,-0.4599483482935909,0.8827178989710467,-0.45726163939653386,-1.4516227169318001,1.4216559595761356
2020-03-27,0.5457261463054581,-0.12639223708420178,0.36658560656546035,-0.028427359610666558,0.04952650282530102,0.07492072520238896,-0.3049693987848029,-0.030519892707645768,-0.8263481676087623,-0.2753274861607622,-0.14905968948526815,0.056822793621020606,0.1368452209918185,0.12647394680281782,0.37514545189421905
2020-03-30,-0.008640234403170521,-0.056630549508188854,1.2918335514427544,-0.1209429556820899,-0.2615489484239556,0.47000096138200065,-0.5740541034398641,-0.21276020418443864,-0.0017877652278418532,0.32134242037957705,-0.04984211398084104,-0.3798246751181877,-0.25988288381662483,-0.036226716450614926,-0.12670827472795887
2020-03-31,-0.32734739969735216,0.05188221650875591,-0.06294907957627849,-0.09389388172927937,0.10667241225513346,-0.009921625135709822,0.24874077914523127,0.21448210297013237,-0.0463467019360978,-0.13849851752377207,0.3030576516674166,-0.3566882622035241,0.1963395368214118,0.11943886462903713,-0.16233155399215715
2020-04-01,0.09411955468880051,-0.3249697817566275,-0.056134773219762124,-0.21128980584195323,0.006660075733776916,-0.2132364533549016,0.48761506923233966,0.18127111306811772,0.1649338798183435,-0.2416563925934916,0.10951303661741774,-0.26592426042020834,-0.2489966299792825,0.752496098080556,-0.12288598029546471
2020-04-02,0.21989248049192073,-0.18193116019642314,-0.4113311494064952,-0.35958135168656535,-0.03902715141177154,0.006350872898842341,0.042796502161000616,0.2994416203070702,0.2823673088355483,-0.44039215239201557,0.8193616527274439,0.23053430217902426,-0.6181736553827055,0.36636288915723747,-0.20341896056768083
2020-04-03,0.1931827595463724,-0.426538808221023,0.24496923587646427,-0.4566650295213799,-0.27515928684168595,-0.3526576753303099,0.6348093518275365,-0.001263002120226342,-0.07922158372470761,0.4204763791408398,0.46008081994513395,-0.6215556090968568,0.39851186854420667,0.12406554353205329,-0.16240348462376442
2020-04-06,0.22675078551100314,-0.5678859898174445,0.4659906981386168,0.7784078567967228,-0.07732863564283443,0.19307019453222152,-0.4998302152223415,-0.15250365683877942,-0.49698404782447625,0.1483543842219579,-0.10191239749146441,0.5326345648506989,-0.6611399116617933,-0.1176852571969047,0.2957791338334681
2020-04-07,-0.4353248436995742,0.7737883108745444,-0.5707280362354433,0.2850365926026387,-0.1786691727380979,0.3869136528689442,-0.49664382527284573,0.6725737763709365,0.03752400864445682,0.25937287923026353,-0.3672408377317727,-0.1230443025281853,0.6464831525926057,-1.0952193604110774,0.024649436615667236
2020-04-08,0.04134515854169585,-0.2988176538164218,0.27742022495563723,-0.15962403654008706,0.28731521104203717,-0.15203274116652477,-0.06291452845969664,0.3240802927165951,-0.1524998574959766,0.051805029393316326,0.12923281992513846,0.04813469952313676,-0.07447401777107387,-0.12197822315504336,-0.18080018634661166
2020-04-09,-0.3921184956685471,0.94206802165989,-0.2857430393445983,-0.3757982237449077,0.17150824083223637,0.22809667674252831,-0.32879729420671944,-0.15299313893493682,0.6664725813270851,0.11954378191103054,-0.26916021199184026,-0.09382784108120701,0.1838101965998169,-0.7151209351973288,0.17762535709406357
2020-04-13,0.03212254608083437,0.008041730246155065,0.00047355036267515693,-0.24981030393686066,0.4068078824205329,0.16395645301398282,-0.22011131328261413,0.05012643074880907,-0.22135472799215894,0.050819074925374186,-0.04680552340886013,-0.0669994951191023,0.407915749409546,-0.44106078161677664,0.05937840045601617
2020-04-14,-0.07622366194418678,-0.040536758798581374,0.8081268888830482,-0.49894211416703116,-0.45927806421337125,0.35683679532811896,0.1686118569405744,-0.1774453245914217,-0.5554265029288765,0.11959484895808643,0.08257771946054122,-0.26927703257939894,0.20404629193125295,0.922838181143304,-0.40370764074366183
2020-04-15,-0.2070712355288178,-0.15257044605921766,-0.2191264901539971,-0.008262265992538431,0.04406947087813229,-0.30291429702888073,0.2609998132836985,0.9207254137289754,-0.016626899629321956,-0.02602069757770975,0.2699438251160111,-0.13369822813642862,-0.15137180012531126,0.0394853907325553,-0.34510353895566337
2020-04-16,-0.24131506439113515,-0.2395476301428919,0.6891182227042876,-0.11528451823008934,-0.3635001591720904,-0.5203056674072253,0.3159777448586982,0.25224178154375543,-0.21316870813408395,-0.24636336782527296,0.45169100682807595,0.16374308216549385,-0.09411611385787544,0.4535099248230889,-0.24012968358639375
2020-04-17,0.2864995442734971,0.14851612440307438,0.06421351592082525,0.1625251347322294,0.6461772763627471,0.056084155767182065,-0.5676568794517223,-0.5247141437760169,0.29198187026431976,-0.19604936443657595,-0.9971763624713648,0.6757448772968353,-0.013266297096646396,-0.5015016317740187,0.3659494043011411
2020-04-20,0.2033084085384069,-0.0318802437953386,-0.028495949410560106,-0.2804965617604853,-0.07980800069950889,-0.1091726130607088,0.08760865810382334,0.012371211146359695,-0.2949905103058753,-0.033463766823357236,-0.02056657948223803,0.6448073123494302,-0.3798356781441695,0.46933394262505757,-0.08244627997502163
2020-04-21,-0.009959228643336093,-0.18452569348261405,0.06780677036891425,0.19212737793624507,-0.18028301985470874,0.21777982642902444,-0.08030450849306603,-0.06322047509730566,0.10458928241418824,0.039903864820279744,-0.003998299274208916,0.0417337021865245,-0.06869825114309558,0.16120070480500504,-0.22702338847572778
2020-04-22,0.02281691726107027,-0.21844390187033313,0.26900028471334836,-0.05926677655582163,0.16504733855738604,-1.0080939241669542,0.4205840452912606,0.04893281530215393,-0.03294437101797332,-0.06539283003153312,0.20102404708133048,0.018840497567198064,0.3082726000581714,-0.3976420171953744,0.2931897856876109
2020-04-23,-0.037352864809603537,0.44491802656102375,-0.4555432944428026,0.06637925293509152,0.1598903955079732,-0.24350787926528863,0.13623767426968092,-0.050898221469324295,0.059173973049112934,0.07236957187978879,-0.12665301940950813,0.13891057691788114,-0.0784912254380711,-0.18709213745734815,0.08419811599416097
2020-04-24,0.09000808822930284,0.11489304474018713,0.012948010274960564,-0.2337327937205418,-0.051778388502409345,-0.2548684425444267,0.11107680213633009,-0.14322101081149974,-0.030747157247697054,0.42741167555103327,-0.1224910461246772,-0.0394380008300208,0.40278299011662133,-0.4504320738543516,0.14151130164454145
2020-04-27,0.13449784077810117,0.08465265065341632,-0.25618048684652006,-0.2765617850004768,0.4642129559830377,-0.11152024466458832,0.10065054083433128,-0.018003783042279786,-0.016686037420053035,-0.2495886058083273,-0.16032258458800563,-0.026450570097570125,0.18155118158914563,0.051026919279198335,0.11691151896993213
2020-04-28,-0.010983132798858042,0.4683629299026664,-0.5274462542229468,0.27848683634441224,-0.05805915902482017,0.6628324033021477,-0.36571835848394907,0.043468692849112034,-0.16941174773236775,0.005807709215849888,0.012299161940261205,-0.1907837700401594,0.012292549312685364,-0.2874413224163127,0.089154719432886
2020-04-29,-0.18805483270208567,0.4014100889389185,0.19094115226073882,0.5583809528179667,0.22275138070280465,0.09771603589582495,-0.21888671605399132,-0.5157238523586762,-0.2819133587567748,0.10728078949943431,-0.4533164716668573,0.13922093774369504,0.010803036523529208,-0.23746242533496886,0.1259231040716512
2020-04-30,-0.02269155952039026,-0.15973575430392128,-0.1832835925520987,-0.07435896505121609,0.15825530684820344,-0.16770751003814555,0.17990571014080953,0.007776257962156308,0.26154032642661124,0.03290288858667356,0.09497250737478269,-0.05929683925822726,0.1742732843391735,0.07139857892715656,-0.3184473176493344
2020-05-01,0.07690814794093692,-0.2951949045349417,0.13027610251368987,0.07585444986955248,-0.07468516926187518,-0.4771442936485557,0.1379215941258109,-0.021440178560178325,0.2477309267918133,0.00695351912781883,0.1888925876576268,0.1667683196258044,-0.0477213347339035,-0.16139601338829362,0.010992211237775718
2020-05-04,-0.23307090269753544,0.33571828570060025,0.2701518016931006,-0.14535925027689772,0.09264644539863878,-0.25227566709994764,-0.007811241050925677,0.07858108902090254,0.007658523856854699,-0.024885810082884624,0.0568746409010788,-0.01116965561605432,0.04299997539964116,-0.2538484821430949,-0.0017190218600862117
2020-05-05,-0.39283925360648947,0.45980802947640126,0.0959812605813612,-0.00037565943888016873,-0.2825059464636274,-0.007238385518961388,0.019462901623875872,0.2223196473305976,0.06350414937842042,0.2479371482435198,-0.01924387608443573,-0.18684092720628742,0.10186115418285133,-0.18875495983677773,-0.16240244033067347
2020-05-06,0.006077359332392396,-0.3349378529404847,0.4097104152141243,0.05284593774001689,0.11963919383171101,-0.517063293810317,0.06555020158870994,0.3402828260081051,0.11010594081450414,-0.21649118872126527,0.162654718570941,0.17481003147173985,-0.7144687428488192,0.18198202344667028,0.1481118141764734
2020-05-07,-0.015723166250252607,0.7060650291295201,-0.7966480146265074,-0.17530953246612624,0.012916003611963434,0.40101433006121945,0.0012350129612823668,-0.07255674030250625,-0.3841111912755867,0.3553312754854805,0.052050321088552565,-0.05121924683491863,0.09031830376956584,-0.15461704411661614,0.05064556774515472
2020-05-08,-0.2692424499457817,0.7568176736710241,-0.4935753434985275,-0.025976663876156714,0.06788636835275164,0.31297892417261797,-0.0037943660068521234,-0.20396728221233928,-0.2031835009157295,-0.1583014641791603,0.03140174597436429,0.1320784405114639,0.07047519269766767,0.21022329596448552,-0.19171165970920484
2020-05-11,-0.2832120228381252,0.25553618522058974,0.33386489119038787,-0.3620585915100247,-0.26732978832926346,0.1130833879965174,-0.058224521725008416,0.1012101190965434,-0.11311550623280336,-0.035771137189119395,0.2883477717628412,-0.051159288545784,0.008731963283528266,0.22233384840208126,-0.12952825069501162
2020-05-12,-0.06288303673197748,0.24098951641721078,-0.35413951042394776,0.2831252989556851,0.0529139463301283,0.4178359402867499,-0.2713191824492878,-0.007118943493894192,0.009889208124005733,-0.09268564556879832,0.034731196454510505,0.18428338823400803,-0.033978748484010945,-0.13310335677545404,-0.3172143027140438
2020-05-13,0.007778612782259664,0.016377919745722558,-0.5448898738073973,-0.1318007928735101,0.17036355872441628,-0.04647650527930175,0.17589061634862962,0.16479230609229534,0.13016615861730585,0.024959020969483325,0.14637123272561525,0.15454447796382093,0.043463316415375375,0.1632636759950178,-0.46652758076749246
2020-05-14,0.0007088743403992903,0.0065729838627826,0.007404635042564667,0.6019809803874603,0.004465618764801893,-0.21080741831382413,0.057473147988415185,-0.24573740018202717,0.21975023063118715,-0.03077211708170502,-0.17311402516608493,-0.34269935688001285,0.01895426110594045,-0.4288888227227786,0.4706238639081285
2020-05-15,-0.05497315985383275,0.36266273018215645,0.2638693179649833,-0.20655713681406357,0.13261247572841806,0.16104106215836014,-0.24147596549731878,-0.21543712876309,-0.16087389685717313,0.15255166814058813,-0.1276198849963408,0.07330530827451659,0.046949125937526905,-0.26592577538199563,0.052734371168034866
2020-05-18,0.07322028227120014,0.09622290657397525,-0.1257391630615886,0.07626266555856964,0.15880058020149557,0.32238794154090544,-0.24646070388208352,-0.03625585729430858,-0.2046275183413404,-0.31432177072290035,0.19820112694504832,-0.019187050827175645,0.012006313964698645,-0.11337516248782276,0.09844866145654474
2020-05-19,-0.013979034114941558,0.037969772636538834,0.059412396970668246,0.2401853623349688,0.09400874672947424,-0.06891495418783239,-0.13725773853731543,0.013592912118208456,0.14098641879061324,-0.05709398749794403,0.04311452843500391,0.019208894808104282,-0.09982213146553165,-0.33679987643119724,0.001284416381558573
2020-05-20,0.2711885751397188,-0.14290061294910011,-0.4110026404878388,0.16901056669536385,-0.12140468953634093,0.24788699129566266,-0.10682064653671641,-0.09360082575285444,0.06624054222205533,-0.12631093205255367,0.25100981837572023,0.04486090871891679,-0.0605839490522192,-0.08744744801687615,0.08849594159110019
2020-05-21,0.185395837996165,0.45952043571265827,-0.6417295255750094,-0.08679653433733814,-0.15346267114623385,1.4702878751881998,-0.6155403066609271,-0.15744718293138366,-0.24921685968369084,0.23196832288329916,-0.3272967448655343,-0.28451401513374674,0.35045581597234254,-0.11193953960253147,-0.06816444135342074
2020-05-22,0.05607186174111606,0.1105687240232323,0.09610369423862558,-0.026028347861980335,-0.2814492144928553,0.5109431125245714,-0.34448899465037586,-0.04226214592995746,-0.1558601787832179,0.026970573556823696,-0.09161507631827631,0.1369577272937719,0.015197728197770686,-0.049108429289361155,0.03609044640891996
2020-05-26,0.15415841815616194,0.20578355334037302,-0.8388231832809308,-0.21326241471860852,0.17779922708924367,-0.32367796774786184,0.2907294673532471,0.6060878287903129,0.12829852942029185,0.03496426482109882,0.32453192336716663,-0.3513315123338331,-0.12972358685780971,-0.2639724023601826,0.1664359184381674
2020-05-27,0.017223711783236895,-0.4043732767276227,0.31413124861360675,0.19547437330574347,0.23789164541794272,0.43980931086341296,-0.4819981846860858,0.40063548100477897,0.07033708700491048,-0.7477493547002365,0.22353229470720093,0.0977822747064967,-0.38758054720146584,0.3028829563324744,-0.3108315441510918
2020-05-28,-0.033581849066746605,0.12295620117870042,0.3429884965717303,-0.07785209866387327,-0.432516511323219,0.12168184809085364,-0.052478199563429806,-0.42601181436513774,0.11855306452626169,0.34936627389653674,-0.5105549557636642,0.21396430969998997,0.1969028945608253,0.05228389818777113,0.054141555212553205
2020-05-29,0.020044773801016942,-0.2576964786150804,0.030639313930903495,-0.2049665448136237,-0.01861136727787599,-0.15803670376895526,0.21040650284172296,-0.05907207760683386,-0.13391790012457427,0.12355091984125674,0.17542835580471583,0.017646112133941294,0.08701914903213212,0.24594879881808437,-0.04527270590793431
2020-06-01,0.0011335618412618154,0.026981814387800923,0.16429645820918726,-0.0178201907688397,0.2276068957749876,-0.3125570303881559,0.15945469274196444,0.04182451673158549,0.022343819931701786,-0.1250000051599441,-0.09989384099637386,-0.08081167354067302,-0.2791664827054428,-0.02809898287788254,0.30735522131308635
2020-06-02,-0.08442246332560363,0.24293388588441922,-0.12490987141901602,0.11896057074629318,0.22156304371981125,0.40055440773159934,-0.2541646732099108,0.1503288510048817,-0.10622636409495437,-0.21374852004330178,0.07899422969183698,-0.11381281571152638,-0.1921557457364319,0.05121348511768453,-0.18542983882857347
2020-06-03,-0.05857492648144602,0.1353133638289593,-0.3056622498380835,0.2194337528512934,-0.08383425944571266,0.06591520260868722,0.2057639397038712,-0.21124922587095296,0.14550975583569759,-0.11424212778590959,-0.3286955804183594,-0.14941045192682323,-0.1024403167647997,0.5318838087778767,0.11681728136622893
2020-06-04,0.08468712177724924,0.33140522382595455,-0.10985244757540319,-0.3945332205564147,0.037786295443186346,0.8689688089282475,-0.4622148614943854,-0.2268804562495515,-0.21155606380887387,0.019810616983534035,0.0008743641724878737,-0.1754111524298385,-0.17551342570143236,0.47754966349416683,0.003902429474158531
2020-06-05,0.10992095851556372,-0.08531191528351417,0.18601398554751025,-0.10349502412407602,0.18532493148755913,0.027133266360419017,-0.08156218560007644,-0.38460101016953857,0.10966573064515817,-0.015310108690211544,-0.40028898405316066,-0.08329765695954061,0.2604558153513259,0.02545199645200158,0.2731117593465082
2020-06-08,0.012547067998991746,0.6278420821832615,-0.06969191386389623,-0.028496179275058375,0.13371873361292685,-0.12459217543864759,-0.07923550066655052,-0.2816029546251414,-0.06298091574423792,0.3935651734924104,-0.3379001250357009,0.07816379924778066,0.6695614083548218,-1.08268232384402,0.0686817475299416
2020-06-09,-0.04517825787796237,-0.014065903516053524,-0.3167743859677533,0.16920789182219498,0.0788234363350177,-0.15724091968752396,0.2932756224667262,0.2614893198165843,-0.012197548666702529,-0.05545985779041118,0.5636111012534429,-0.3171706491902808,-0.060462275604372784,-0.2808335024868721,-0.1468237003297
2020-06-10,-0.1056699602858201,-0.32996860154347707,0.1812031272320288,0.2111094280387159,0.02665833086370184,-0.3204481644685314,0.17295207785985875,0.40213002852366325,0.1302175384322236,0.00043736400765270744,0.236168701037745,-0.1576924559483468,-0.0030010542632072923,-0.3551954241544678,-0.14589831839913647
2020-06-11,-0.08576619529814922,0.05167264079059275,-0.16703519606701978,0.4367434052299126,-0.4059838388318566,0.11798758285526323,0.07901349535306745,-0.21389327168278682,0.04083345240135694,-0.04956132992470663,0.10540199335712619,-0.10632647659417804,-0.1643427299008382,0.2452071975117298,0.140550009505088
2020-06-12,0.17533251256856766,0.21638429239687607,-0.0732427168896197,-0.16053939774893233,0.512851818122634,0.17408639833602246,-0.16644136081713273,0.1720253588316979,-0.13965774483564264,-0.058277416456107844,0.006162394901585877,-0.19871031397626304,-0.03557093289305824,-0.3354261713805099,-0.12830929300148908
2020-06-15,0.10091755330651966,-0.2861474675880764,0.3439356938758097,0.05203464607153474,-0.20471304594537754,0.25010831436775394,-0.3138366263442115,0.1093058364406801,-0.0772811796539642,-0.07622656271071357,0.08704950268707934,-0.048165157069041675,-0.0038398819403327455,-0.16622289508273794,0.23496891908931905
2020-06-16,-0.028809365472927582,-0.2542038307547469,0.1502199027201488,0.009624483131094652,0.13090618059431186,-0.07925947573350695,-0.022990071153979136,0.04051986174624081,-0.11229125603349024,-0.006419233470153551,0.17171344395032134,0.009263084321043447,0.026653305006430844,-0.0028041108290260963,-0.04113689122296749
2020-06-17,-0.02679235403703445,-0.18075009753867827,-0.19002174563092367,0.14824449295853465,-0.03201125636489632,0.09913126676530845,0.23264479736080448,-0.05011443037260199,-0.14506818271173255,0.06390829255398134,0.01688762692916501,-0.17011518633857486,-0.049654982284811466,0.29593811726581104,0.057981861017248115
2020-06-18,0.028939248804275244,0.02963521229570639,0.2475509651372383,-0.29850513514058236,0.06139671860032289,0.2542879033689815,-0.11571682761297117,-0.24922454803431454,-0.02486037654487433,0.10100354420825546,-0.10969942639115866,-0.0902852761115821,0.00603458644415545,0.08854875622126634,0.12833123952165967
2020-06-19,-0.05094072917685183,-0.13386194708574234,0.18863071459400418,0.048193937251942376,0.24485507897770445,-0.15140676274839826,-0.011451983889036066,-0.08904171582426684,0.02998678787849296,-0.2095471652036175,-0.16030343614864023,-0.22356508520214308,-0.041558481997772956,0.09316630428633604,0.4559459468059104
2020-06-22,0.15887908152673275,0.1262008747486049,-0.26630923873382273,-0.1757968088422476,-0.20695707873914393,-0.03603857429755422,0.13968388520117034,0.3034648001121158,-0.11517772302111062,-0.08931727311887022,0.3025002723326593,0.2013716159843719,-0.03181477763099544,-0.026187232607629785,-0.22293757597618788
2020-06-23,0.20977400214330771,0.0873239818846511,0.010770911710241304,-0.11695233138873885,0.09499095751628234,0.2406397006465042,-0.11339596599276502,-0.08476440330832444,0.17172023607837383,-0.0167850026633687,0.04960243600462703,-0.3405298780809178,0.13912148816441686,-0.37576744872819534,0.03156980828889101
2020-06-24,0.42649668654412864,-0.04941305906816673,0.00014557120355340736,0.07099270740344543,0.08574405929023665,0.1086614939411612,-0.1262446645766817,-0.19658089223811015,0.0907201259390722,0.12395424375456687,0.28320173478430966,0.011008530833963137,-0.13417426973776836,-0.704045904952131,-0.03479790719313458
2020-06-25,0.11676959053104871,-0.03741931465972287,0.4683929337138686,-0.1020611168529732,-0.07511265313000604,-0.19206995652867603,-0.1936035510687439,0.5284694709998088,0.18486339645489303,-0.1918164132059283,0.26802182117511,-0.07864540927934582,-0.40644500963557306,-0.21698232280278043,-0.07317168671104535
2020-06-26,0.2863976395144763,-0.27485332072275626,0.8519832580286748,0.23803907115350764,0.14969084552493417,-0.18852113573106932,-0.5576211804130169,-1.2989885202058642,-0.17984809026480475,0.2752236211505301,0.4283994768075836,0.1601244181803636,0.16430526103184606,-0.41557705383553234,0.18774039725250558
2020-06-29,0.30801576535159514,0.28962690906089505,0.04313965224846353,-0.1815002184417467,-0.21022856051839084,0.0651021594581189,-0.15026284570004286,0.13321053810519662,-0.30300465257307224,-0.0692606977826068,-0.4581078243226029,0.009357393736659891,0.03028821194075515,0.538856545165693,0.005451673217001074
2020-06-30,0.09536329477775618,0.07287862009825535,0.06538695748968193,-0.2893039382438514,-0.18985850136684798,-0.07592652612604842,-0.16740309123168365,0.03130835224216438,-0.14796904708770603,0.24104499770814214,-0.09217891807824025,0.04215948954140397,0.28318535749662255,0.2974483950480703,-0.1809028110088323
2020-07-01,-0.27237902129604596,-0.5133684792136495,-0.803764117969289,0.4936895452074232,0.3573740691705565,0.16440942939312608,0.6990492202188615,0.42868881886571486,0.316712487753829,-0.21407078672245772,-0.13777140542242222,-0.050112362353538775,-0.20505152961628736,-0.32107121800930716,0.1150862040448496
2020-07-02,0.05954587892569943,0.15845156079354344,-0.08276445697423046,-0.07421655618349207,-0.08986611464781338,-0.006124160910146378,-0.036182380515692336,-0.19606491247490188,0.045112336293297015,0.08073906020712164,-0.006043767541587794,-0.18668712465585977,0.1272372423238709,0.3804135042131497,-0.1426891978249438
2020-07-06,0.03406871681013046,-0.0026813892214966883,-0.00015573144353908663,-0.14030284478040178,-0.23255402402073494,0.04768067033617723,-0.1073402652006491,0.6780801457054898,0.019538641138449275,0.39301036408191703,-0.274444639712335,-0.41976698563814424,0.10521310741599077,-0.004141966191038349,-0.11015883177693131
2020-07-07,-0.3884279882675886,-0.5122097152165805,-0.4324923166830077,-0.060910404133280194,0.21552540961028188,0.3569807420886155,0.36741028144006094,-0.2852178011864981,0.07480729781665985,0.001869593116506807,0.04652370885166357,-0.08124320596194201,0.033290512370865,0.7147368216682629,0.09274111453777534
2020-07-08,0.5506856475837769,0.00814125755288847,-1.741480002659022,-0.3344397620132433,-0.12977421493861255,-0.3523920033263767,0.8039381876123083,0.2559666160531662,0.044906098271922545,0.18183345036016035,0.6485142175675894,-0.17001997044167594,0.160474885555976,0.42303999855248414,-0.3550020938499707
2020-07-09,-0.3945397180514204,-0.4008922849233445,-0.2713912788942273,0.13387737609717398,0.20725542597428648,0.10434627406012764,0.2841546243496693,-0.15242258427491795,0.2688287225723073,-0.09493553532456978,-0.22963453399984157,0.5107091691518284,-0.10062276037866846,0.19434547838550714,-0.0051061370191575195
2020-07-10,-0.13972646487277418,0.3902011581938982,0.06057962387846799,-0.5111978537651537,-0.005257322670338294,-0.06533912248844709,-0.0876558640445749,0.24639202853506403,0.41853269292281947,-0.05750687941720556,0.24451849436726958,-0.4395404673756317,-0.19783243063030576,-0.16684543444444,0.2896440439175507
2020-07-13,-0.12634197264432823,-0.27222928658164997,0.1933934640431546,-0.0751200423516302,-0.3631093447706304,0.2284568003989816,-0.18674321542336184,0.2397881837492316,0.24809294552294645,0.2643358458207952,-0.003946016240828118,0.11160271783627781,0.056837104064494735,-0.4430638021408766,0.08380315108135343
2020-07-14,0.5052121451252063,0.3797317395150554,0.4949689656228348,0.23932761070612657,-1.0223176585135658,0.15972704380511948,-0.3998163697833179,0.5810314603122875,0.009857630761648598,0.06475656900205415,-0.04438562565971448,-0.5733572713439659,0.05368152216118896,0.10111561034344835,-0.5098190542597267
2020-07-15,-0.06998475547747285,-0.05353916031368555,-0.31720088714771777,0.09719587982680067,0.035543837391413646,-0.1479578847557928,0.2748203262729346,-0.24320472916635388,-0.1766368280584455,-0.1676455755628296,-0.17378830586329103,0.14101439292754814,0.04229655497600826,0.547534505479977,0.26496305116959307
2020-07-16,-0.003697302284097967,0.2601538601565013,0.7980884242508032,-0.37275947065549936,-0.2863522734741533,0.434647260481754,-0.5193546040406238,-0.4161242320150427,0.007071056907939053,-0.12356558689650367,0.6188712849420229,0.4820873823515813,-0.06190667633201766,-0.677448384368577,-0.13567790417209852
2020-07-17,0.2681759966160048,-0.051483513662978264,0.4076692165096406,0.202206245904463,-0.024057213940325006,0.10645393552444014,-0.38983154184142926,-0.010837228308089308,-0.0785038525302697,0.1868488842077759,0.2826320655669632,-0.06702013609074498,0.3050848625009726,-0.7679985233926193,-0.4790665456878963
2020-07-20,0.17750223445392793,-0.0074462992113146775,-0.051042996565063115,-0.09402077710931223,0.103037472076176,0.11244859102515337,0.02129745803475186,0.009649204057408656,-0.23287616557662508,-0.19887633545044425,-0.32103972020705773,0.20524450968771835,-0.06992016974552778,0.5439341463559331,-0.14034565054931097
2020-07-21,0.0021603527121171195,-0.16240947047919715,0.15058543974351085,-0.0041066928853856766,-0.046287207829205146,-0.09263101965341988,-0.010030122241188266,-0.7451947749438237,-0.01677285761418368,-0.22014601214369295,-0.547110751713289,0.8197192258830543,0.18215842684353284,0.6688839219693135,0.03881170211114615
2020-07-22,0.07071057789955172,-0.12122687273492182,0.6523044502135075,0.3584374896938783,0.33012031440663103,-0.38766659256650515,-0.09861409590354342,-0.5819557723977051,0.06548166519543075,0.033982831163979,-0.5799625409580729,-0.09514591702505765,0.0908450705479647,0.19368048815332478,0.09036340240372376
2020-07-23,0.31854010160459983,-0.34802768370829745,0.6365030134631281,-0.06320675403942748,0.07978230768612211,-0.22244336105130522,-0.1688402264172257,-0.5698769220988649,0.028676350358002027,0.01284392523961871,-0.4839675054159399,0.1782320285293154,-0.010851925642634888,0.31741681715824643,0.30229562239765134
2020-07-24,0.08341940380465496,-0.1863537749697794,0.13030257607496418,-0.16479548136375222,0.022676967566200357,0.07529190812325409,-0.047416932147644565,-0.11056290159406557,-0.046870574193646874,-0.04376567345053339,-0.1499624950795787,0.10376641524988736,-0.04181853224520021,0.03203379849632376,0.346557160931707
2020-07-27,0.09343117314860971,-0.01357727097990441,-0.3005499972535769,0.4186125371373789,0.043303170049040385,-0.3763162788333503,0.26758221435086443,0.44829957828953254,-0.21529595402915325,0.0025284043827732416,0.8299723238897976,-0.2688527781991461,0.08080272990279297,-0.7763679504012385,-0.2824997139690593
2020-07-28,0.07311161472043855,0.1705254612731982,0.05714853450657148,-0.2855277304262688,0.1081042426384877,-0.07554685452027665,-0.1690954379626779,-0.11293579502976703,0.29676309283581864,-0.022874956715717987,-0.6434853796668277,0.14354579221737848,0.09674000470056306,0.0007457694063955911,0.2767178779436748
2020-07-29,-0.31021604815923487,0.7782606554723421,0.3663915823385667,0.03172015930815275,-0.1530874175300324,-0.4011833358933843,-0.41482698341573976,-0.5884151077116033,0.09986939821635143,0.30768913314830804,-0.5990352323021636,0.6178050254090787,0.01431833165182883,-0.23232496775163924,0.316747521740706
2020-07-30,-0.35243917980345285,0.06762767218371135,-0.14579249259999427,0.11273920828398798,-0.02634322470814554,0.05705820717239474,0.1578289592822506,0.21465969945242536,-0.15693870059478543,-0.1238388896446675,-0.2167209561042477,-0.01587153286895915,0.05396737918002381,0.2451048486103125,0.19743424346497718
2020-07-31,0.2670023181070861,0.4383088602230461,0.22615706061040386,-0.38535170950255326,0.012750104298640569,-0.5165579827170204,-0.22282929707070753,-0.21453856242734892,-0.15512575242776452,0.36244649218342767,0.1269802498996057,0.13357623643503766,-0.008277370800969824,-0.2001755426787996,0.01491374613363599
2020-08-03,-0.2583697893808803,-0.2647939932816812,0.6613021208119765,-0.039117413628256124,0.11337529316582963,-0.5223864727851343,-0.014479339832823568,0.3067600265578374,-0.2000421447979295,-0.1678790029306143,0.28011642927537317,-0.29278316202962384,0.3406717238804015,0.2881135578900301,-0.13214203911130518
2020-08-04,0.10656637092872279,-1.4439871633826915,0.8624664854733182,0.12397339591621828,0.05042452514370985,-0.2056401104417958,-0.11830076221156925,0.35370420182117485,0.011776538524949809,-0.026432317852741638,-0.16491192723825404,0.12363197239309265,-0.14636011917711766,0.7389926822238666,-0.1369051643330314
2020-08-05,0.11425507769719895,-0.13035030794638394,-0.620812686441625,0.14174209581860053,-0.2135525838432113,-0.1764411419281346,-0.049653628239660005,-0.24027974115287176,0.0036848932618472885,0.6522077149642447,-0.44940497658254197,-0.11237060879265082,1.1848917589532155,-0.3087621172846175,-0.08848052321157895
2020-08-06,0.15334792155498017,-0.4626123782489726,0.20491026914710495,0.4878403857829607,0.21811725024417739,0.3791798807533355,0.048669118607619466,0.19206622179006694,0.309884540528256,-0.8099056682614871,-0.01932300427610273,0.4381286176628977,-0.7749887471279491,-0.5313611732098507,0.2606604807476507
2020-08-07,0.07502166361115647,-0.03190927825168732,-0.07911015803351407,0.23483000598172976,-0.2321529816080229,-0.1233255791675123,-0.038096533148312295,-0.03866317618563064,-0.1012396728938657,0.422867711351249,-0.14982313976536604,-0.16928678330298363,0.3106989204350582,0.29404311459427745,-0.4142197565072507
2020-08-10,0.6110919941105084,-0.037320061032743324,-0.21387778424167256,0.49068109162170104,0.014176005514599826,-0.3938515961291792,-0.020188862244444328,0.00011011459926870554,0.1661096411748025,0.3860389543363611,-0.2012343873525958,-0.35165668673088213,0.0878206491619275,-0.34518203153809857,-0.37514018922613124
2020-08-11,0.08663381202996195,0.18274704785218945,-0.4530093349979907,-0.201958733628732,-0.28470214676813455,0.012706485843518994,0.07711728407244556,-0.58667465724959,0.3715430755226329,0.1131329403935839,-0.010253372216810441,0.2561429733522884,-0.03358709816222177,0.48257344423546655,-0.06433196905055455
2020-08-12,-0.03498175058848929,-0.08900761422590187,0.16079397220449604,-0.38662524263139303,-0.011091084992539524,0.03016329258011119,-0.0004139921549571879,0.11573995311632704,-0.1709742859852042,-0.03393194699617097,0.4218181396127182,0.13820960826882273,0.10679947391356687,-0.04271470430984886,-0.14153238521108702
2020-08-13,0.29643363070420814,-0.10699594120408251,-0.005224548466961146,-0.14721969978956273,0.084089025827557,0.19339921912383165,-0.012104248728370973,-0.20530045751746573,0.10518469222995253,-0.3520219375246365,0.17126371784351346,-0.05689548304476,-0.02753330901230311,0.19159666118706553,-0.08974529695440209
2020-08-14,0.20688386863715447,0.24938250600247397,-0.20342019582756704,-0.18318517122233538,-0.1222944134683025,-0.43341263753960924,0.04300471580922394,-0.2542142483444344,-0.16765506364083527,0.005763170600980573,-0.10056125775084285,0.08405819896939484,0.2915588141242337,0.3454883384545672,0.1630694619468748
2020-08-17,0.06012494531796975,0.23425491934573317,-0.05411852931569905,-0.2627505699419739,0.03491029363189124,-0.5959922778587547,0.011434311575088119,-0.18759788790790255,-0.31260422243052854,0.19713421815684895,0.00673911745298561,0.19951431220842808,0.3620544738825442,0.15327993989309102,0.052724260061385086
2020-08-18,0.38410168811290535,0.10602071362319404,0.11132160244016548,0.048324326931660944,-0.189066715842805,0.030409803591773588,0.0067416611500584755,0.014947500322722407,-0.13869296852348284,-0.12070914600964067,-0.01600031418946979,-0.6450499451649283,-0.0036455979226670543,0.6781038017488104,-0.13135338534543273
2020-08-19,-0.018166018606109002,0.3418461015364632,0.16441084070078912,-0.04756806362619804,-0.20868252821732,-0.2804837837737984,-0.011327734361759823,-0.0012128350234056062,-0.02222149747874857,-0.10604247089265732,-0.07627151719101133,-0.21285984264759045,0.21908197369272026,0.584687116643094,-0.25388812397498794
2020-08-20,-0.16624841210407254,-0.27189272520553265,0.5584436748283675,0.40911177932844145,0.11757039799927971,-0.07895806459274837,-0.1489443010947401,0.3169209317919814,-0.03863649037333272,-0.21160075946195062,0.11030261565310195,0.23304704790792732,-0.12201272965640864,-0.6601804176924138,-0.06034368073207208
2020-08-21,0.09244115825680049,-0.1765040611211388,0.008603704350131802,-0.06904430915266052,-0.05283950376445257,-0.0245875671690734,-0.06469662337275425,-0.01723208687353559,0.07487236064324154,0.020529453787609564,0.1056884049822568,0.332831821629761,0.048282109704859855,-0.13919509066915786,-0.19515823067120652
2020-08-24,0.06260709094898109,0.03370233801134104,-0.38597375930449684,0.24610465003524395,-0.12318212550271168,-0.16196499080518567,0.127539290579194,-0.15732352008796924,-0.016643011051495904,0.09824281217967257,-0.15713570650338815,0.1484555074355638,0.1074819199361905,-0.273066832025218,0.3487956841888329
2020-08-25,-0.21820750540287503,0.060404576394173994,-0.17302378823277847,-0.12510661238763524,0.2706018898075814,0.4965788728841822,0.012470058350258592,-0.46013755477000134,0.12375042798220844,0.07848482680118113,-0.5642100864796502,0.39593485455974475,0.045666671900789,0.18305241372470427,-0.1581909012058003
2020-08-26,-0.37366935988023015,0.1094891089133419,0.08273078216538526,0.0675331897140643,-0.1725680542149527,0.19075716818741267,-0.008062071523030873,0.39407932646553323,-0.2810074655968388,0.08982784818202394,-0.1639946700749753,0.1836964577519849,0.016953921845578646,-0.055081384312570716,-0.029329657545730137
2020-08-27,-0.27907068476173613,-0.1379986208486561,0.252190675012792,0.5693636045876533,-0.28225024037703805,0.07062160966218012,-0.16530959289898206,-0.16337278457687843,0.5713869504241755,-0.10568693570054888,-0.03718271756929137,0.009765954044090308,-0.34851709623529786,0.10466858875124707,-0.08423329978853478
2020-08-28,0.18493751144007792,-0.29210707437787514,-0.07510665515111004,0.3418560816220596,0.23392437018972403,-0.5486768746592517,-0.028898712421730227,-0.5340684557311995,0.09138255553897302,0.2184414173727622,0.08799514364176188,-0.12240879243067164,-0.01813838922603403,0.1992194950538499,0.172589545428136
2020-08-31,-0.2759512601372943,0.48711309534867353,-0.09192392168775165,0.2802820008313615,-0.00696400872328784,0.12143735289654578,0.08143975851653035,0.3108686437607195,-0.37830116994006424,-0.24231542477253087,-0.01050701027353318,0.31123106355464236,-0.2221133336259844,-0.2534159196280106,-0.0768278830478627
2020-09-01,0.38002266887311337,-0.24818349594218383,0.17396879239010177,0.22866514729272952,-0.09764233246644084,-0.13024895215172708,-0.1977428292460986,0.006627115249250748,-0.18115573951279243,-0.2152260276861868,0.007414730611013026,0.08053749360892742,-0.16987415100259629,0.2430205605795775,0.1142082323823056
2020-09-02,-0.345803562993056,-0.03942472001015551,0.44754750326183035,0.25733111241013795,-0.07342636564454857,-0.08936406976102457,-0.23812316159710903,0.5185787095025376,0.09747101620016496,-0.39287194846835227,0.018030434174515053,-0.1977065722916997,-0.26153488012287696,-0.007754738096997726,0.3429203193971111
2020-09-03,0.4340142446270835,-0.031334517851743404,-0.3170954438814369,0.3948870671783741,0.09881256309398317,-0.3500455090403438,0.06697281682829109,-0.13147655129713204,0.2384534327836288,-0.2704675973479136,-0.18823114735936053,0.14783943517977197,-0.16924457101896634,-0.30064536503358125,0.23072564893587494
2020-09-04,0.5275348262377452,-0.47319620150949604,0.1569456608281398,-0.16964665293930392,-0.04055161629711834,0.08885276322584224,-0.2832290719112733,0.10395894567742048,0.23934539394149867,0.10387202266533546,-0.808888471967246,-0.039444919354153174,-0.04797467528592536,0.47560074879463443,0.10947594253871873
2020-09-08,0.23638186068893652,0.5136172120477758,-0.5065754537872604,0.6960243070836503,0.4730847529393163,-0.8489580580099854,0.09650268386763616,-0.21289515941074,-0.057418738424945825,0.1576066731547845,-1.2825596795319327,0.45674025368545057,0.4543887846868002,-0.3720486173350763,-0.11531792792497897
2020-09-09,-0.22810167869556913,0.16437085185083547,0.22165506967171766,-0.32163295950187115,0.06199509642922196,0.3572924697824809,0.17100318961566752,-0.35760419621731104,0.18777385451373904,0.1679089495272181,0.7298768422336266,-0.5790028274069816,-0.03892023236609271,0.2678929488714005,-0.5354164554906234
2020-09-10,-0.5438443929097826,-0.5579482184614252,0.5126078055990336,0.31544338855388465,0.4273094441748425,-0.9781576808168458,-0.4754597659369022,0.4330415091754902,0.33041745853327786,-0.002850440521365294,-0.22465330263003191,0.1317726866426835,0.026296637354446206,0.5427787659254547,-0.10422426295798548
2020-09-11,-0.32441171429573085,-0.27946543519609807,0.02270913568902644,-0.2668815526729632,-0.4385102573304062,0.25136517376725437,-0.2552945644911768,-0.16242614841688016,0.11879145486992215,0.031798933143163954,-0.4540423843754672,0.6765378131438562,-0.11518291611874476,0.5704211713704855,0.5263592581151649
2020-09-14,0.2321947566381437,0.6886681356477262,-0.6792979821517849,1.190397951319262,-2.862313748064328,-0.48426812203625674,0.057566159989564936,-0.5406316137109922,0.015570189011503088,0.004176909389559058,0.3776373264579418,0.7053909771820182,0.29190616794131785,0.1120699029339377,0.6798088310760958
2020-09-15,0.2963851607797291,0.6663128218801817,-0.4653767038831047,0.6203913421078753,-1.3374057816071165,-0.5487937695719021,-0.05227379229581919,0.4991535520067757,-0.31737225643790934,-0.43122611299674896,0.47546601183085047,-0.46069668465589353,0.29846862814353425,-0.0670607109182404,0.5825630078933459
2020-09-16,0.0769588195077564,0.8308174208900266,0.27740203733864444,-1.1443872091570872,0.6257540374374169,-0.04034015462677987,0.11030341945505406,-0.14155395267465198,-0.6000535157959763,-0.5758751711452244,0.058706083443051615,0.26381756429477354,-0.15460266249076737,0.5019986670423929,0.24679954699413387
2020-09-17,1.1648682899031417,-0.5424918770917481,-1.014509527143789,-0.22921685294866279,-0.24571874553161702,0.04821932713821003,0.26126663584269216,-1.250809955851046,-0.27328045398696943,2.5834284925613176,-0.8395178261728239,-0.41006825428450244,-0.01805277836021979,0.20987870167762068,0.13659103951931229
2020-09-18,0.5991640658312027,-0.5083504381115345,-0.19684846585646043,-0.38789652115704365,-0.6717489613883034,0.471364462567248,-0.20580260081632928,0.02122596206502847,-0.006381919955622817,0.633860394244558,-0.23795774057590297,0.18565209604289307,-0.12437256588251813,0.3214341240457864,-0.10242549206683998
2020-09-21,-0.668234606984218,0.311502000105355,1.1686181947823617,-1.3070547190968878,0.7620500608026664,0.7148365142532018,-0.21225658405480669,1.3406391979863654,0.0413597156266603,-1.06993623675334,-0.41187877285122876,0.07295120924590459,-0.6190284655674954,0.503875867845113,-0.08099071987765138
2020-09-22,0.36687850183030185,0.7189632258694469,-0.11523818294494761,0.5595680929114489,-0.005898987263356581,0.5021743643503525,0.12661502207858177,-0.02686492719716771,-0.041464493372766476,-0.10889366167834408,-0.3321161257809062,-1.2656098705896048,-0.3129743871421293,0.27906932114256716,-0.2286431587915817
2020-09-23,0.1445376899129096,0.23698277024941783,-0.0213052667348963,-0.21511690599432365,-0.690775546983937,-0.006748731246172923,-0.12712218619988525,-0.06504061574291153,0.41939881949111946,-0.10154938004415415,-0.19859786801297785,-0.04289557054625437,-0.08692020274596679,0.6156926918798424,-0.0018220692854122866
2020-09-24,-0.19872138474128612,0.009741720943985746,-0.06898164013636188,-0.3199296003393789,0.49635169986216693,0.028745892129333456,-0.2636613874407717,2.0818745417237476,-0.22778584040920674,-0.524923202066082,-0.0108358454232724,0.17909002706255245,-0.5190199814324644,-0.7852926944593905,0.11436573430471936
2020-09-25,-0.4540057474275503,0.369942291228516,0.07063154129968208,-0.09253707623059865,-0.11768585191043647,-0.37915131507680316,0.10617445507937906,-0.5396324656939508,0.03452663585828769,0.329079964528355,0.05135771948402529,0.13097761191231472,0.0174858517235425,0.4433619441983157,0.0925080932090106
2020-09-28,-0.4952991547362503,-0.5809511517540245,0.3298703075617815,-0.010358183141160326,0.3332553214345071,0.6547411131318057,-0.025768177170999662,-0.26742307655968456,0.048653718405528235,-0.14095107176857113,0.2225750085451832,0.1348242883025359,-0.12467611863188321,0.3920692835462154,-0.25985722490341634
2020-09-29,0.349210661960213,0.20315564158779165,0.2089581521467563,0.0771875650711853,-0.3474728231140786,-0.9448589832185044,-0.27094295114477096,-0.17609298089255165,0.21284600999085568,0.2657411891844653,-0.564042330823398,0.14171715162153808,0.12551308883098578,0.21270500820078142,0.27412860443451437
2020-09-30,-0.31598222113997654,-0.4939865984135424,-0.23980999952696674,0.5151017957544676,0.1686156460199909,0.38536648958241304,0.07209467356575239,0.417281498210607,-0.3471997440211377,-0.3256033998147567,0.49745665003351014,0.6171558990830489,-0.6055315660843603,-0.05837915808138128,-0.15451103659712973
2020-10-01,-0.34609437252830594,0.5856167507863956,0.26418896557413674,0.582180456598689,0.3760620557227738,0.1758049433380707,0.25156891284095795,-0.3293894409829704,0.3106855170027871,-0.5093550518825841,-1.4526966057787223,-0.46909559355928765,-0.36634254665984756,1.1843177526915394,0.09443687725007621
2020-10-02,0.4076221357256709,0.052580185833074666,-0.16724136021200053,-0.42275298493659996,-0.3279945800762197,-0.16175426096435686,-0.2700293079843261,-0.25363941646529364,-0.14812610780867513,0.021347075942245497,0.3767500088269133,0.8521526339873209,-0.2969948136831079,-0.3811289969664463,0.40645147222824674
2020-10-05,0.15210618360138528,0.02940784442390698,-0.5576212858369951,0.2446287360344216,0.2166126323873938,0.48018715502625464,0.10520037631564771,-0.5149624864178671,0.00979262296765504,0.26278886141168756,-0.09563920135093673,0.42051081201196017,0.280467551849484,-1.595698688145856,0.18908120753132096
2020-10-06,0.29045665065405063,0.5867079716890158,-0.1987454452541395,-0.7189535661412869,0.16988256995657952,-0.23808873338423175,0.17329791264149152,0.5117718077869868,-0.02110072547401365,0.20720375112732864,-0.37283605507259876,-0.3366352581892974,0.2405422010414784,-0.2926275972011976,0.08791653227617152
2020-10-07,-0.2807373449333692,-0.19626555290198955,-0.0752140048975517,-0.3396429002319228,-0.43302087827226865,0.21681663163826825,-0.09900227536706752,0.08733762478074614,-0.20290427317096782,-0.039723586463113136,0.3103855233818058,-0.3004966180815105,0.47597563566032863,0.23387581564151927,0.5645880985651148
2020-10-08,-0.1960466806424026,0.15508774726970198,-0.7668277706317757,0.8876898204140264,-0.5370682775872515,0.5818320414092693,0.2261183459441906,0.581358118801539,0.4687420041703595,-0.00024877897345709776,-0.484783445016443,-0.2681871967154482,-0.45965258190494196,-0.5101611617158266,0.12436515844214258
2020-10-09,-0.10986093315775214,-0.05934981580400028,0.015111825402603363,0.3097607904683007,0.33005113876492137,-0.1260351195959673,-0.11151380237720698,0.33131934563805554,-0.18626500467649837,-0.43291748786234785,0.25896016858373994,-0.28314926633023957,-0.17381165460455206,0.6706868571166344,-0.20635521646173893
2020-10-12,-0.34673375357175795,-0.4605680623981758,-0.5776988634919002,-0.8848951102807043,0.4418059910603084,0.6289651815150146,0.25630690788976734,0.6978489192488897,-0.2570286495981109,0.4531908342243308,1.1096664342054885,-0.7347176146988481,-0.027195312397081506,0.21397201083350526,-0.18006719003746796
2020-10-13,-0.5538335189643206,0.7822408274040956,-0.7706414495735328,0.6809794053528474,-0.9982553964225396,-1.0799905731083284,-0.23511728162097767,0.2718083830055704,0.7208437762969482,-0.00748490206707686,1.2434188068932335,-0.19500207267588832,-0.24589217603147273,0.03965934722756481,-0.032205088411310534
2020-10-14,-0.04392314962206806,0.16728798069986672,-0.277726506242295,0.15951084661067358,-0.5092250516511536,0.3645302558753985,0.07722624793552096,0.18501312606557754,-0.01936870876942859,0.37058147962238586,0.5260280303996259,-1.0550833614968496,0.3013261938004742,-0.42386429532557174,0.08698380347747481
2020-10-15,-0.3781117378608572,-0.126360953639705,0.3740492947960997,-0.9570021564611066,0.30093088911093413,0.5999167898833062,-0.15751774873299623,-0.7595316621458197,0.19295530087885548,-0.7578892692682067,0.5452318116163204,-0.20822477361916175,-0.7278079963567317,1.9065437321405747,0.4471748759619989
2020-10-16,-0.26313830617127426,0.36606913150432246,0.41585113424834963,0.09606885341676005,-0.18850907088718194,-0.3739397043094137,-0.3909153080218118,-0.7346646972897075,-0.1642290511672524,0.1210387981578536,0.5357565344337498,0.7368669447694167,-0.27204794354922707,0.12678732451439811,-0.17612502016993126
2020-10-19,-0.487716940309338,0.6732433030523045,0.09381976162257,-0.6112028898379722,-0.20624621900735676,-0.6825948128485698,-0.19619248394737943,0.3184838635096009,-0.3710282890833234,0.4359889572623205,-0.14437999519943678,0.1564163923463967,0.22376044893844727,0.1345221053074429,0.6272880392595366
2020-10-20,0.2711249148591087,0.21729077787034368,-0.6192748883763743,-0.26073195940421756,0.11839337239535097,0.8273267495969987,0.16376956969123366,0.09711756918734404,-0.34075096351133843,-0.280967438880207,0.04238647947287366,0.4700005343390463,-0.21893018021341187,-0.13390050483685065,-0.35811326653519987
2020-10-21,-0.5573868815917229,1.4246261232205712,0.040530340006382254,-0.9810105237469925,-0.2504281585487541,5.137555055278864,0.5303327593371532,-1.2610525816279334,-0.5946146560559229,-0.38957989688519645,-1.114438267129723,-0.6853688140848069,-0.08887702996061128,-0.5581501679627,-0.5363683917828714
2020-10-22,0.049134148168061165,-0.8998532589751493,0.2529106224873232,0.41131456955780576,-0.30570288301289184,-1.575149800549278,-0.5647477530307201,-0.14363165966999603,0.49696403640530384,0.08199744073186999,0.4955000133437393,0.9856238791758694,-0.4359306450126419,0.21939679541110624,0.5750211148347366
2020-10-23,0.3893246286620615,0.38451988824796574,-0.06591069097738123,-2.262726120099338,0.0435378035707818,0.7915009303474028,0.23503351448961685,0.07076387057546576,0.3661351509434899,0.04865012585597012,0.1462394861084758,-0.34659695514310707,0.3100113236804407,-0.1054581406499219,0.027669783819667226
2020-10-26,-0.10330196539202063,0.07024470830035323,0.6473114767401251,-0.8368397005745625,0.3545388164059974,-0.03399006231235302,-0.05561273183478255,-0.5372102890877863,0.10696723634092398,-0.12458142905877612,-0.4576391106377453,0.08587032219663704,0.06530301914704717,0.0026273164533339166,0.7832858447038511
2020-10-27,-1.015975549479008,1.2745107698521434,-0.2852451468687687,0.42054209113077823,0.22258832468436673,0.07343810674402484,-0.11918365365554603,-0.1804804265416755,0.5964124842045295,-0.36221872398459154,-0.391383495183695,0.3851610409317274,-0.41107695761700347,0.16300628482729507,-0.3264069751072334
2020-10-28,-0.8486569024753945,0.41557031837041336,0.44725946421540963,-0.5312737345191028,-0.7572470919234514,3.4152608906025987,-1.4792090859925948,-1.3437913191741675,-0.6307987703901006,-0.4488644171937657,0.07826902411305459,1.2442384655308731,-0.18772788286769293,0.8266638787321415,-0.20692172331603542
2020-10-29,-0.9991545814628366,0.5811895210415041,0.3614109024549723,-1.201128054970839,0.13358582013972464,1.5120404311672218,-0.5732147131009981,-0.28422752136066515,-0.6241944961385186,-0.23524916767417425,0.36309434054940837,-0.3616096876586384,-0.046056896285923465,1.822681045960178,0.028853212525192462
2020-10-30,-1.0211955797653567,-0.03204667264842237,0.29462033601862364,-0.24548781491211782,0.1790822476491064,-1.416228857929374,0.2629375776977757,-0.32822205575558405,0.11229662369528998,0.13748746787915472,-0.19498056949427353,0.692791150820484,0.24478960843427794,0.46607241290319623,0.7598530640413013
2020-11-02,1.621580418441194,-0.09573765367404263,0.7664543573819189,-0.14953531990812485,-0.016034564705697862,0.7447905309537202,-0.2971284418887906,-0.8240523587101851,-0.15469838646576606,0.29845878387446567,0.018955396071282715,-0.2817919718858932,-0.08057855178705564,-1.1350713388622615,-0.5433438367218463
2020-11-03,-0.2693383788707382,-0.9941478026712618,-0.08941526032469516,0.026399694617136094,0.3856896644999144,-0.7840932372582484,-0.34750327560168637,0.6554133888375153,0.19911928701373016,0.26237620537793505,0.2076091874099033,0.6005699525503447,-0.2079765745886406,0.6492802392290528,-0.4434747973163835
2020-11-04,2.0941506486203583,-0.5588895394948001,-0.5102983734962058,1.2621767260153383,-0.053845947584762355,0.2838833783168637,-0.6860666755141829,0.44813306016599097,-0.19255336809266743,0.7405630149191393,1.414781053499001,-1.674829518100272,-1.7250209083012022,-0.2754022811351722,-0.6648588237486828
2020-11-05,-0.5096306750834476,1.1673215237187677,-1.7273887363305065,-0.17678631027098624,-0.3771575693211655,-0.13323221411973463,-0.1946297172350593,1.1044859708456356,0.6649816664194959,0.6296530866369954,-0.4048884142936543,0.5672429599385778,0.008788375903451495,-1.3409907337052744,0.11201981540671646
2020-11-06,0.3155389024644369,0.1486502696588894,0.7176036307812446,-0.12193746490989943,0.29190014363720485,0.706731678295514,0.6852999655725297,-0.3224881796982705,-0.05140518752387335,0.15482495011576802,-0.01106247264982907,-0.601042907200816,-0.582672568106863,0.3792972203810958,-0.878586166001296
2020-11-09,0.37512864141521884,0.03349787281098493,-1.4685778369762987,4.48215623785382,1.2373468878227234,0.4448266876523781,-0.4349052522944943,-0.3298167748592524,0.9453178864617442,-1.8643089420501324,-1.7345558682680613,-0.13023166330077718,0.6144442285560423,-1.4620425583217935,-0.9920909093587715
2020-11-10,-0.19241800227559042,0.11609508475358926,0.42241731099393753,-0.9631539401172537,-0.29535558532945216,1.1132587475399045,1.8174512295852658,0.33785845043353974,-0.7251606330509904,0.31797836814232056,-0.6199604262789353,-0.9065940709764906,0.35845322392032597,0.7408826189291466,-0.5954930445399365
2020-11-11,-0.3745322584317893,-0.4348405341202233,-0.3797536024507878,-0.5443133156373224,1.4056072939185986,-0.8970226996589352,-0.05534987492548982,0.203936215180344,-0.036050813014236405,0.18534044386304838,0.7161059614211156,0.011308587467411368,-0.42783719233148565,0.26397856754447024,0.16882400753194565
2020-11-12,0.36926835280698733,-0.34845806945598556,0.2244482841074213,0.9124733025957471,0.44810295648801574,-0.2785743626135414,-0.8033659569895522,-0.4976491244425724,0.5152878137323146,-0.334414636927556,-0.07274780892710841,-0.5155816506249729,0.20462924223976364,-0.26567916984609385,0.16416867132404123
2020-11-13,0.26795555677042826,0.326479033013403,0.33046666217601794,-0.09622191622778498,-0.30919968867832026,0.6408017915079234,0.763997890139128,-0.06253802126172947,-0.7584112430920448,0.028242256950273048,-0.24548157629726508,-0.40966334681261535,0.1004016921133214,0.5362499029883677,-0.591115809004465
2020-11-16,0.6245010842729053,-0.02249729174328685,0.09972431921638003,-0.23296065471525196,0.4864718589422059,-0.07971680795521274,0.06215764938405344,-0.30961654180794906,-0.0776736716684252,0.008476386708459738,0.07308516714745816,-0.0450553030753611,-0.005809711713947507,-0.18694082833159031,-0.3910862680018591
2020-11-17,0.027206066428455244,-0.23062860804320456,0.20757290447258447,-0.48448481464547466,0.08242506266668406,-0.7607751942318975,0.0029502788029693305,0.07372997028714379,-0.4551380528521288,0.025936496654325736,0.18027625298956323,0.05986106316791396,-0.033447389873180355,1.7016619336860352,-0.32045105884004754
2020-11-18,0.10741352425499578,0.30022561244496265,-0.02008704453137844,-0.3118331120088397,0.37772243251515536,-0.1483943931694705,-0.2811037538710984,-0.32130765241206427,-0.05964844505530015,0.10816342584847699,-0.12183367234291981,0.8974879863384084,0.5092433904537625,-0.7796582233801821,-0.4591477159223818
2020-11-19,0.672309542338147,0.008790415579625954,0.041844562213412775,-0.32969684349042183,0.8710281828649624,-0.11489458955007603,0.10112984656882673,-0.252168668143483,-0.042517951560791876,-0.1881751685634248,-0.38249768038016596,0.19001223199879805,0.0445427749407295,-0.4776045813516497,-0.16922794829081408
2020-11-20,0.32303380771995244,0.038994019658686596,0.24187191190847987,-0.12279679739082966,-0.13175545692982754,0.1526042931007714,0.7120648988113317,0.11711207923796074,-0.15635229756906538,0.3527554483147697,-0.32250612803885753,-0.22801654247632785,0.09815728702544377,-0.5695037198954714,-0.32366280298848243
2020-11-23,-0.5114994332237317,0.09286440130251061,-0.30162335755200465,-0.2086732530186174,0.3229960341179867,-0.40534309959959836,-0.23332813809406683,0.004939124990910981,0.034384045583702116,0.11273756052553074,0.7280450585781255,0.3384043403463105,0.038698492611461965,0.6658884037755612,-0.7664702613168057
2020-11-24,0.031033088144884813,-0.6357157630047899,-0.13792318080787824,-0.1886635968294974,0.7680136851710047,0.1902537211985318,0.5221951487932155,-0.3559351902129406,0.218601467401216,-0.217364132048391,0.2216078054170687,-0.024941304332262826,-0.32919632651594655,-0.23263504421705128,0.26949322431833833
2020-11-25,-0.2931041508288136,-0.41939007923496663,-0.16310686508638228,0.14881253768491196,0.3670663212776272,-0.007959150513801139,0.8862793797948954,0.04735414986740599,-0.21340215130499318,-0.4729969860521531,0.1956719250992137,0.3732453180049696,-0.10590342847406586,0.21921213237597637,-0.33981599596888323
2020-11-27,-0.10913600786624844,-0.18703715270218257,0.28747145963451254,0.24714937148530594,-0.12709340858409257,-0.12612906357466663,0.41388062910483603,-0.3280668995987447,-0.048753082107864776,0.022389976556995317,0.24059723913888015,-0.1142517541574544,0.03676560734350298,0.09522422844778786,-0.18662136640431726
2020-11-30,-0.46634712799949285,-0.25805627127420716,0.14628039050685282,0.19193336029401376,0.03470410975741922,-0.08487296586850124,0.8174887993451646,0.08820878902919893,-0.2367438581895267,-0.24724281967249584,-0.2818573468375791,0.47791864846921317,-0.06263389372416328,-0.006491508517329714,0.08235218224129282
2020-12-01,0.05525954288791346,-0.3130896203442113,0.2210279384637832,-0.024753781430964572,-0.4591468031297304,-0.06973950406260698,0.6796955015318735,-0.10968640832256249,-0.0036769352029912827,-0.1284091570989805,0.25163686706158417,-0.006935237416525242,-0.15870325554718245,0.021571167525132773,0.17492249550556527
2020-12-02,-0.12588981940368693,-0.18013086007226606,-0.5666181860109097,-0.1894791885456828,0.6949303134711371,0.11441435826642142,0.321977541224631,0.7107971915836622,0.0405704091429806,-0.043328072281904884,-0.05658944689159773,-0.5045507167459066,0.054685340671186466,0.10479565158492132,-0.3004389144595427
2020-12-03,0.31116175985439665,-0.0636752858186411,0.22710992708716493,0.210231893607356,-0.26629804696930737,0.008566616786070957,-0.11534987661692787,-0.3021284526094262,-0.25418148780862604,-0.08789281793927621,0.10988031824059172,-0.0420115246307467,0.06443417799829124,-0.04353167782471415,0.23713158882479599
2020-12-04,-0.05557371815425044,0.1737233565152248,-0.2652903571442151,-0.08350629628842093,0.7507498821790274,0.03195591698502481,0.29687355534376886,0.23400069929969247,-0.25717141942187716,0.03783022930031682,-0.07632192529003862,-0.32281736373543485,0.45345127273354385,-0.641463005821424,-0.27450805565983505
2020-12-07,-0.5931866575598731,-0.2022422969954013,-0.12784228393363417,-0.005255254109609697,0.19827239072492758,0.01767328545639546,0.23801347217038454,0.1106042504460229,0.25906440412441356,-0.23603774891028628,-0.09424607219067727,0.17906428871050806,0.045406626272701534,0.25441051912251206,0.010346382441921875
2020-12-08,0.12010199670122647,-0.22537300610419048,0.6545629216654995,0.10882242831897204,-0.04039167957200039,-0.1517385877457757,0.28720529563281866,-0.2781014996400126,0.09980420344953998,0.10392863441108485,-0.5945803220961277,-0.20295533131995655,0.2522376196824823,-0.22681918150521163,0.17921416069270144
2020-12-09,-0.26527950071705014,0.2416579347427627,-0.5112029964073512,-0.5270151474810816,0.16342882227933614,0.1135032525036293,-0.08649753379919299,0.5470587488467709,-0.4519292357264588,0.00546742336751152,0.019054760260993425,0.30032841021678747,-0.07330436834582763,-0.17821454041551266,0.5915608284844659
2020-12-10,0.1446164684334911,-0.23284216809367242,-0.24933326639301992,0.028978451130143537,0.8012454295249198,0.22509080324531236,0.08937480128700885,0.009197364019617293,-0.3054186093638765,-0.036964495847588014,-0.24236776027409956,0.0538169476208992,-0.06453720010677419,-0.4283135324732005,0.17687858146059562
2020-12-11,0.012830350131489032,-0.19363950595692891,0.09191041491351792,0.11149628154552432,-0.33993731715367526,0.19136685474369938,-0.32534346107461387,-0.2402161312682347,0.2822892968787451,0.08049765311960821,-0.11104395052162375,0.4688110857197312,-0.04285236428199557,-0.38642351401293434,0.3060985601172363
2020-12-14,0.031422419008953706,0.05277841640831005,0.36144440009676687,-0.03223898347642906,0.38158952466068957,-0.34520340567786467,-0.18844306652848608,-0.1788629280925661,0.2580553586737775,-0.3509191841152405,-0.6397940490968163,0.061442763102732334,-0.044145835005769296,0.8671808266944292,-0.16868325613963242
2020-12-15,-0.03808649028158678,-0.4206832380574253,-0.265161791387729,-0.033862735986981585,-0.15552044826624056,0.18530332876064481,0.6653072828339648,0.24659534985741816,0.0640441445468713,-0.24873603037871136,0.6684691618802646,-0.3402299435426278,-0.13289711865334114,0.3258406669332715,-0.3388392098602646
2020-12-16,-0.29311401938000614,-0.29187281033193735,0.12662643291159692,-0.112638338790387,-0.1851227575359938,-0.03178940991406015,0.12807703816773078,-0.002828454085145246,-0.013035328998860382,-0.005401616060271425,-0.0757275711467588,0.3927860001736152,0.05664862698609047,0.36932021771076984,0.023853277257137
2020-12-17,0.06854476233892903,-0.2050863552265568,-0.028508753527648478,-0.016580189658695954,0.07016856728467073,-0.10385580590589166,0.9621055444258169,0.008110036845764917,-0.4068904760572337,0.10369902875864079,0.16884499024112262,-0.1579187051169986,-0.1444160436347378,-0.08719385467104573,-0.10935750858335629
2020-12-18,-0.4600935940716031,-0.316639638886517,0.5133765704914026,0.16293621748666404,-0.3836552610508873,-0.15266332206004757,0.22322513104032765,-0.30857853332217156,0.2915029065981382,-0.2426914284839733,-0.16707824655195302,0.3465852651423074,0.054320897089289444,0.47432748010031456,0.11198505315420737
2020-12-21,-0.7919283335305343,0.18274406785365932,-1.7904892064037177,-0.9278798819270813,0.4318113841135198,1.111830913418638,-0.49162487549915357,1.7691347481168418,0.9332131783654544,-0.424808758753989,1.3591432576362794,-0.867138702606183,-0.26467124417605675,-0.14938774190219334,-0.12808330661620435
2020-12-22,0.014627167052516876,-0.3027063122636099,0.6517686162668315,0.05893739122957897,-0.6814595541107703,-0.3859797485665486,0.16578419262238203,-0.7626928418829538,-0.10453430864776014,0.2885707045148591,-0.1433452044542296,0.30370266984380434,0.015445384948950425,0.08956062307489421,0.7654457756405316
2020-12-23,-0.15556132752639473,0.06084022531646349,-0.22503001426324848,-0.1947437528196817,0.010099000388409163,0.38380743126449185,-0.5450140304549103,0.12703069439528747,0.10791390116003219,0.09984575418393371,-0.0008930388302323955,-0.016387895802446484,0.14450193650615728,0.006999417006095021,0.13481765207357987
2020-12-24,0.3082176055963657,-0.04554466590649431,0.3422507603410489,0.32840216828195246,-0.19732010201451766,-0.4298878468090423,0.3130797629951488,-0.05991307925655906,-0.03806137921520464,0.22926830255766392,-0.2447380838521018,-0.16397794763479362,0.08347675901461185,-0.34227177234568296,-0.13018770591080892
2020-12-28,-0.09412082259257509,-0.5498655296837829,0.041619593902693444,0.11545376684124808,0.09984598697477458,0.11104723919107527,0.46623724581681325,0.43961652791944705,0.03796257112890436,-0.24829415387573528,-0.30838916976929054,-0.1447199024514981,-0.07977727845014071,0.4232045054947485,-0.07478648043967277
2020-12-29,0.12835185210967698,0.31441989369551976,0.17016267364305762,0.24935774053655657,0.03636254320406512,-0.17109638707946068,-0.18062633996826116,-0.16326740934978773,0.14053026435619304,0.07266089581296986,-0.0858934531916935,-0.26065937746057527,0.08539995826597807,-0.2352067042399819,-0.18897170582199802
2020-12-30,0.03595361911254866,0.10798179540604765,0.10949860435591505,0.20593508124859922,-0.3228565895060347,-0.024089045048651433,-0.3858947070623825,0.0371996041887428,-0.09932216274239411,0.1297009281227644,-0.24522952179223106,0.29269416822099326,0.30493183000632385,-0.43415662501278995,0.1487862223574165
2020-12-31,-0.17906582234789847,-0.0873328060125017,0.04666898342633985,0.0359845286972208,-0.11975660566176538,-0.07507956613724326,0.7061361386672179,0.36025245132591205,0.1612424112551545,0.00013791466198892488,-0.2639365785063983,0.05632131262519241,-0.2166550245529685,-0.22199065427119424,-0.09060228989079067
2021-01-04,-0.39027742316116854,-0.06322062016168761,-0.0008484849607675038,-0.2186552130956143,-0.6238906174680886,-0.1691771762478229,0.14306270483392192,0.20517118331855821,-0.08867307876672531,-0.10328949800381915,0.11840566520479417,0.5529568402297536,0.05315624247657724,0.4858221945912019,0.1407221966156772
2021-01-05,-0.08882307614785921,0.3690905704190961,-0.14471542661472314,-0.21689354996214805,0.49756538227115976,0.3114972605804319,0.046929377982911386,0.36468258604719594,-0.39425075327764064,0.18379116147701563,0.16592183682202405,-0.6311784099038155,0.08541839872645703,-0.16825023151791774,-0.2825339108221204
2021-01-06,-0.9655729656479828,-0.01827965610202842,-0.6032580290155611,-1.0535744726495841,-0.06209618690304497,-0.2204937311902393,2.0322254830885864,0.8820542287042501,-0.3842819025614017,-0.09394334322701514,0.42421290930366595,-0.16725181538418976,-0.607534564917279,1.3267709955026845,-0.1053396815471892
2021-01-07,-0.687262990624043,0.1774486828237583,-0.0865656893400065,-0.7499126628708312,-0.24845345448565292,-0.4514067303655852,1.3216238374640579,0.26183868635684915,0.6297135932454373,-0.4061477262520367,-0.013169633799477332,0.051583832431603194,-0.6177295759482329,0.7849922780125769,0.20030995247000194
2021-01-08,0.04958046933416743,-0.1037675758547772,-0.08086606204907706,0.28412526745682637,-0.2668913067361102,-0.1050322987031945,0.34151195343897195,-0.19127524633605225,0.21640649144528032,0.06997963158219406,0.2346088941645153,-0.07921775984426982,-0.00960993888456807,-0.04942190908720556,-0.31381755694345914
2021-01-11,0.04185587373558729,-0.3345605783741782,-0.2651885991852049,-0.32110427189538576,0.20643815083211817,0.06424894158520944,-0.0019090084596561363,-0.04055830325044779,0.18552114279603757,-0.10357400536070809,-0.07675331172948974,0.03768687025134723,0.02014573478978078,0.7800960761666493,-0.19162487222634322
2021-01-12,0.9903138099798198,-0.051722774930471116,-0.05766606761748638,-0.32398099580308787,-0.4389888346362615,0.010297916261179374,0.04458311491438388,0.9377757154738239,0.04645732920384882,0.024318613232071074,-0.7215230966549728,-0.03451085707660906,0.02489512061868554,-0.0786380889157724,-0.3409307001987496
2021-01-13,0.28670337723108097,-0.21902084940406732,0.2374273538727356,0.3587506716613915,0.24023397000491697,0.3706118958991141,-0.38821663272824525,0.09908868683356009,0.03449571751967137,0.26640674616771853,-0.04031249413537902,-0.5597904785992729,0.20799866201954623,-0.8884994376369203,0.024770339933762098
2021-01-14,0.4824775119475426,0.25900632607579754,0.2940191908263355,-0.03358547399942863,0.5751954232553793,-0.1185044282853358,-0.9341477369090171,-0.0860827628987908,-0.4216478513147141,0.6291998275614344,-0.24408456844092957,0.10390714905686088,0.3999447982047637,-0.41776429829765116,-0.6310577712512998
2021-01-15,0.3377230527315872,0.3408848368518511,0.06439364930815106,0.4139691423750135,-1.7158071737270508,-0.7305123570450551,-0.136357493326141,0.05602270018173172,0.21031892957400533,0.32415914225597453,0.4433872725653416,-0.6681531179983358,0.5473450673149537,0.11891681562158929,0.15210017693324496
2021-01-19,0.19249910456664165,0.4105850569405961,0.4766588759451381,1.1255373598355172,-0.3039233527057061,-0.9360171892909375,-0.5700548440014627,-0.9488533163164031,-0.09775585249967822,0.559769795295609,-0.1137732599672791,0.18843105645533595,0.27804631029272864,-0.23120357297807548,-0.3306539879350622
2021-01-20,0.3343470277468343,0.18342351306517796,0.275984209116973,1.015804418850248,0.10304647966242997,0.038024898763419177,-0.5087055307549402,-0.2522004028922,-0.09916331519294874,0.05504293322788256,0.2630896917980809,0.438561227318283,0.11184090887562381,-0.35003893444910894,-1.5438327200143687
2021-01-21,-0.20768165193949295,-0.5549467676985783,0.053854561349516994,0.1477995193513268,-0.4957358175555765,0.466163257207985,-0.5386492673671258,0.15441423330819337,0.10357089373260175,-0.009383751512220484,0.3148209686505271,-0.29746975554440325,0.03327005599623589,0.35137162154891377,0.5745898385386313
2021-01-22,0.5325229486105716,-0.2786486020975575,0.0005682284170624996,0.09445207738295236,-0.38898628993677004,-0.6168233776083292,-0.028115176971135858,-0.23852181775311054,-0.13136184613145713,0.2778407220226497,-0.44636383758494186,-0.07687116914900877,0.43302349460697476,0.07700531599389782,0.5373878217254501
2021-01-25,0.3966312333366747,-0.1374777293638033,0.09912196363726496,-0.9169093735714396,0.35027835351219927,-0.006851869429524843,0.3200939127501814,-0.19018178914678163,0.2144949162652524,0.19950755360613265,-0.35465845151412645,-0.08216129479490109,0.14829870886547192,-0.7196520973229599,0.5881339895146429
2021-01-26,0.4429952835256861,0.10055907305057687,-0.26966605726955906,-0.8457460787254883,0.47199710805452133,-0.165559456791056,0.5772888775108154,-0.1556300013405174,0.13921979770465692,0.10367746996411209,-0.48302525148239783,-0.2642433324379253,0.276812297872003,-0.07731293274490159,0.028654214183770232
2021-01-27,0.0026233384278306904,-0.2082919337364051,1.2401312247971932,0.5819620609113817,0.598540992029563,-0.9961142958004623,-0.22432976469376542,0.013649514174686184,0.37310356612023354,-0.09587235477593525,-0.3623135039943952,0.30008734182341734,0.5159812653395713,-1.1418992345644217,-0.5264069424812954
2021-01-28,-0.025799502662813167,-0.18064205470065275,-0.5839687253580792,0.08012029228737716,-0.03749936069565596,0.19488271385439926,0.7757880502301896,-0.2444705819839584,-0.33012807248320986,-0.029820795472104478,0.370751366984316,0.059734405379950783,-0.18259011139218695,0.06922942147045555,0.05866178775133446
2021-01-29,0.03385890231265609,-0.15910307591135675,-0.29217971122181075,-0.11206057338391018,-0.080064243908881,0.4025676653482878,1.061615697912686,0.2958281410117123,0.41998645330528916,-0.27693865510491333,-0.3653280625465263,-0.2919257652741494,-0.2637794480426372,-0.5131536760240314,0.23267102851277355
2021-02-01,-0.13061964126812486,-0.37088137303946817,-0.4814072329001734,-0.11578133177299868,-0.21630957162306802,0.2908926738491461,0.7586614684120535,0.21436724544938823,0.03496899637423788,-0.10742852532837793,-0.18541815797321726,0.15168460590288518,-0.14162029323335926,0.5959103048292179,-0.32602545768400515
2021-02-02,-0.19972486284149643,0.32910470067912445,0.14369044690754595,0.30906343192365293,-0.864912664980646,0.1906560249249113,0.2190273671950238,0.4581008723605031,0.07378728822498992,-0.5191476443086025,0.41440436778762857,0.05271842512446234,-0.3292263514403677,-0.5259959086932597,0.3551380369594038
2021-02-03,-0.7741459009094093,-0.06581290746133095,-0.19046875696166232,-0.5690650515596097,0.7696432939401656,1.6688814910844838,0.052312456139269575,-0.0797685973399303,-0.08935488623887627,-0.11736043045845407,-0.29170428199510806,0.24472297308311863,-0.039533841562701816,-0.5690770999392862,0.0563091593683242
2021-02-04,-1.5580075749923903,0.7194414202847892,-0.4666254317392582,-0.4638693392099724,-0.1277836207321128,1.6510253589941715,-0.36871514590971954,-0.15807171176982382,-0.6481797926089439,0.9601911356365294,0.28380502583097733,0.008234572681881769,-0.7165769111700911,0.7937542645261564,-0.026367988710259693
2021-02-05,-0.2607000905656174,0.3877677515376279,-0.02277167251786605,0.39035008933034715,-0.07030500552210467,0.11341649542399687,-0.46015901704503376,-0.38371554699185517,-0.19422684067576496,0.5574259035776151,0.3728479761894769,0.043013745160890404,-0.9944042824139081,0.4279113034570929,0.07989336054382762
2021-02-08,0.4873907231589736,-0.2750865468491811,0.33802232215998274,-0.03424753108615297,-0.00239529494028079,0.3765177128845473,-0.6458089305560106,0.2981539708984178,0.028661890869452034,0.5486331423286062,-0.1766132895058406,-0.18515912196010703,-0.3491857094659484,-0.638212610535325,0.3223722318829999
2021-02-09,-0.05601727253052591,-0.03365599820008777,0.04084451701172709,-0.4413490934825898,-0.33419411779833696,-0.496970232780479,-0.0015441805132014597,0.05611693686378477,-0.12927697338060223,0.325491665769032,0.03550209485783132,-0.23294456761603372,0.41179425922037627,0.3126986471860511,0.4465640159220509
2021-02-10,1.115081087811437,0.07921033564625218,-0.2902850819046734,0.7191705816958884,0.12183809432497292,-0.3312569214696409,-1.743352253063654,0.15552433695632897,-0.3700737361239481,0.11856389454552091,-0.16569710351937883,0.6818765815732089,0.5502656339061641,-0.272720333142069,-0.6241496784097903
2021-02-11,0.625177929340869,-0.9180942536389827,-0.20122430376605238,0.17431398586923538,0.05907800528639395,0.4463469409808841,-0.6202907632796233,-0.15393887570972664,0.057864858764900995,0.2349377968140377,-0.06715032872364957,-0.024193553869140794,-0.2840602822555885,0.6093501674720319,0.0737784351276165
2021-02-12,-0.25437799424618834,-0.49426956388906296,-0.4204981971211563,0.30972518465964793,-0.5007926217196385,-0.7459301260235333,0.20260760323742816,-0.1860289293114924,0.16330026574959589,0.03825654202267184,-0.21532563332002014,0.45612052366670836,0.14183008445084938,1.3652187840300747,0.0036626346320001724
2021-02-16,-0.9017028300564321,0.24498520685696856,-1.2802446078745622,-0.039311433665996376,-0.9967894179960435,-0.2973365212331528,0.8649351223399782,-0.7067177640328046,0.038058485242684625,-0.3934580730941134,-0.508118532823155,1.6536211341075997,0.5994728005534241,1.1367097909140442,0.057618766335049254
2021-02-17,0.54593554904314,1.2289703318063905,0.2527939374954107,-1.0890227221831923,0.4618209958067306,0.408216245148556,-0.1584072118735868,0.17782497818045387,0.18314853061097186,-0.7975520383118965,-0.49567114344864815,-1.2231802810941226,0.1760666864897578,-0.2678970000862911,0.667040133593178
2021-02-18,0.5921859288225237,-0.751474400385154,-0.6138490253848511,0.49367796096028915,-0.5159826136353536,-0.10029916072430689,0.6097115804522444,-0.2344507501540639,0.5887916009925539,0.16191261625763098,-0.14554512949743864,-0.08309411709844372,-0.5927830632450292,0.3180558568572603,0.2025185058646845
2021-02-19,0.5678063721085111,-0.5162629887429768,-0.4048574438650214,0.41379680317576306,0.49190524960931326,-0.9221879379932955,0.4175358021470261,-0.3016541756929234,-0.16002437361182487,-0.21583128739643098,-0.2773934748335457,0.33320422851672127,0.6410607046510938,-0.29186573932908705,0.08195642329884145
2021-02-22,0.12086928028533173,0.43126023105226263,0.5028749831570497,0.2786387483176256,-0.5129337844360544,-0.13857007220143958,-0.7681609655118098,0.21255456150387197,0.19678598216288068,-0.23106168021089735,0.5344158963911413,-0.9560917020668585,-0.003963871702363786,0.12412804799740956,0.31831036115390365
2021-02-23,-0.35638044424409254,0.16325978802357732,0.9250220115727676,0.29730972096817465,0.7857749993533164,-0.24029343468524766,-0.12760723717571043,0.16911417276180996,0.14972976629632917,-0.0772901316635059,-0.26109964137350006,0.4753000193941448,-0.7031630106247581,-1.1266147537732627,0.3446487269157592
2021-02-24,-0.44432802742664235,-0.30652580019466025,0.17162104161695582,-0.23534564406029523,-0.28011627158399954,-0.6322870015869967,-0.22121599805959924,0.3097271173093159,-0.5269746907394836,0.4010913124751694,-0.022502429697296655,0.26032821179909194,1.440842679857305,0.2583776708348735,-0.23996480045340252
2021-02-25,-0.3377124961262108,-0.004590253147482404,0.0870806286817038,0.45018089007112083,0.3616435469322161,-0.6719820771661265,1.0821022584469862,0.26400785371620594,0.010443638098259322,0.4797609882123173,0.01449282422322029,-0.8618829124686618,0.25725113118677934,-0.8281748803176021,-0.1488759323042399
2021-02-26,-0.18422951686914257,0.8636165685362189,-0.4951668882465028,-0.23537532561614738,-0.020625021665077847,-0.08482531850396746,0.32292066319576573,-0.2594905875130895,-0.3653672445351266,-0.04529948959985841,0.2781464217762415,-0.42584483813808727,0.21545867242208105,0.5952515563128127,-0.3686601537350722
2021-03-01,-0.5232893963823921,0.030819920533772693,0.40905489678711104,0.14606736135627707,1.144993253534377,0.22618275280175038,0.48430553465043324,0.4266839478619435,-0.4108613512089696,0.40243590854827205,-0.2773513034364139,-0.23923802684931283,-0.4150446738388738,-0.46430476909474905,-0.5584012147910382
2021-03-02,-0.22646521443514106,0.6265611862055083,0.5664016929977105,0.056222596316701755,-0.334834766172467,-0.0032340434049335075,-0.6982586930659191,0.1995516074964921,-0.14876915062860335,-0.6422246995372075,1.1664203200531336,0.026524406286262237,0.17974995933208243,-0.16264231398476642,-0.44645627170903124
2021-03-03,-0.1805662707852046,0.5211594067858891,0.6818543190662045,0.7280190574298332,0.41054323173405155,-0.6106380830355371,-0.9006544718164171,-0.10707788510924474,0.6086194580415791,-0.2444479945239073,0.21093590459528788,-0.5704147876567391,-0.40427834941860374,0.16423180810873866,-0.038889435956760865
2021-03-04,-0.18191523386904085,-0.2176508498240396,-0.864634153871326,0.5188719618091552,0.04478536669705646,0.001411984153973811,0.9564045793351585,-0.5487832794545316,-0.6129335020979032,-0.32170909714298124,-0.15420600086252234,0.23656993353345218,0.06337904333909838,0.41377401615079706,0.39237092110356864
2021-03-05,0.3723890364487463,-0.729608490394039,-0.36953639840589125,0.14569173375637412,0.01743675664830477,0.48404834450546863,0.5467098484890192,-0.19876050930597966,-0.03216812512166792,-0.4735045912111374,-0.4388731441380932,0.5310556026097708,-0.06831473942293398,-0.7670975881166374,0.9130657602219552
2021-03-08,0.3239616929489838,-0.5801661526695945,0.7394661548151904,0.23236296372047582,0.648578686553136,-0.2561210002534065,-0.6243984975044627,0.42655169400970183,0.16082709762275366,-0.3613392194172573,-0.541248884611023,-0.006944706288429026,0.38179672189014824,-1.1218335414541398,0.9319110271685408
2021-03-09,0.4132738048961919,0.41144885090824435,-0.186445955811825,-0.7879193446786554,-0.1609832801879446,-0.13001092457302588,0.14102244420374244,-0.2506769860175728,0.12447486483719383,0.3184864152618122,0.43129820480143005,-0.8023750565019625,0.29262017926554207,0.3146114460444315,-0.24455157308808184
2021-03-10,-0.0038175662256859644,0.252704012632166,1.2496696019724784,-0.3222270776384309,0.6162930297222589,0.48214552360548846,-1.6062423884324954,0.45144416947816235,0.06487073100550234,-0.3891994575636072,0.16045766199630007,0.11899317675009768,-0.21720033218000345,-0.1454079613354171,-0.2879012165074948
2021-03-11,0.34651562352026033,0.3150024884067271,-0.15176168062156392,0.45186727578061947,-0.14903878982426316,-0.5382816112588873,-0.33453065182932973,0.020810253858368433,-0.2810214353809219,-0.33050432731016477,0.20418612310857626,-0.2050952490463463,-0.07186964534592016,0.9938908488751904,-0.2973986097552737
2021-03-12,0.16154260325085812,-0.4115421060676828,0.25846895877756837,-0.5428026415381302,0.35385356765074605,0.36502169657791683,-0.361152858646977,0.11165144791378401,-0.22663036577211915,0.12285199271970015,-0.21404230021709708,0.4027597787873688,-0.009348231725733513,-0.26253645861768016,0.31441694151391664
2021-03-15,0.3705251081171156,0.5376173911088695,0.37212395839445445,-0.4552760883944453,0.01704372683669142,-0.18198869637369375,-0.15584302310256934,0.23863279031883433,0.27911122590104187,-0.19645495582847172,0.3491358434600391,-0.5028727471698475,0.2902767999022474,-0.6739207320481742,-0.17982910200665614
2021-03-16,-0.2836973712324229,0.047615361430100034,-0.31892681320694116,-0.2467135456947287,0.14889276516889993,0.547903001452563,0.1557827122267118,-0.3136026990068713,-0.24107832446360278,-0.09224508085678029,-0.2966162695749682,0.2812007440234563,-0.3491567794823469,0.06383084956278628,0.7453808126461636
2021-03-17,0.2541810516370981,-0.32887977427723203,0.07642671204963317,-0.1671407324263719,-0.33878091989906495,-0.19137363511389413,-0.13761362785926715,-0.08058993111189416,0.1097482536278081,-0.010603473583798873,0.2987569667346367,0.037222305697811486,0.4406701605798481,-0.15751751605032005,0.15863106848550984
2021-03-18,0.27072403915551435,0.09326644981780535,0.3146623588436885,-0.698554080059498,-0.32169721122005374,-1.4471354788804223,-0.38141438020057367,-0.3646635402637506,0.3759677613961513,1.3640752417370865,-0.6004850343486445,0.08694859770153854,-0.12043139640716456,-0.1498052742758141,1.3713637350781938
2021-03-19,0.5216654730272372,0.06574586272044902,-0.5484828357277753,0.4238358938990491,0.13759997043041128,-1.884588875533936,0.42070834961693915,-0.31086118477758795,-0.5109700608658205,0.5755253863485567,-0.1586480856662703,-0.25664312371128406,0.4432494274863603,0.9056324145225966,0.005433195600966556
2021-03-22,-0.1293652340247322,0.1397144371882022,-0.07928779020408383,0.32507589976949103,0.3214629991715017,-0.04997867879655349,0.15176627114260177,0.17418775685161325,-0.7396373760225485,-0.36883021852584585,0.30694143703554133,-0.3877252864706071,0.1467407611256215,0.1383709170785279,0.13841605445280702
2021-03-23,-0.5553700813344293,-0.09824937591690408,-0.3198299837710797,-0.257451098060147,0.3451035608879377,1.2374582554943796,0.3097209547557942,-0.42104177723050284,0.2748926035631768,-0.04948720959985864,-0.8740781006226697,0.5450862547192118,-0.2376228704621144,-0.31089892724995105,0.39080583178902184
2021-03-24,0.08409634674998501,-0.08448774456831114,-0.4233179512365898,0.7801283056091874,-0.5747319137401531,-0.44915726030250713,0.5263151503827529,-0.6766546061297267,0.35870628079978634,-0.12814143971449665,0.1174721749977016,0.18953637884433816,0.13586571096017908,0.2852277083811632,-0.20097514075096368
2021-03-25,0.1574701239050731,0.18169497922243494,0.2562132368808945,-0.11465940097652183,0.16515363010838469,-0.591115039453615,-0.41547245658058896,-0.539030294707781,-0.061536435117927835,-0.07076786489380549,-0.4190825291294525,1.043223636610707,-0.11627665035786627,0.05866959144460404,0.4080361965625896
2021-03-26,-0.15163892208046692,-0.1873656925456096,-0.02133911897382401,0.02652740366714662,0.41636112611979154,-0.1902873946443222,0.06755421675601536,-1.105926448785652,0.5278411231066666,0.19297158312890997,-0.5860052073774409,0.2956218853688514,0.10843539053062357,-0.14536566611781943,0.7127910803674358
2021-03-29,-0.23793296056662172,0.3362943334324449,-0.18106622381340415,-0.14290340420977798,-0.04419111548472232,0.5252058458306332,0.32706262442008455,0.6481399518565668,-0.06269630353267353,0.13227477362900963,-0.5448622067301188,-0.5791015437040192,-0.17246259468712555,-0.30906076240694635,0.34010352351731543
2021-03-30,0.057500031161097365,-0.12472030225978648,0.6220213998182369,-0.44859211662593984,0.1590767586880636,-0.09371912311913472,-0.7574703695816372,0.2931909558547605,0.07225800503724361,0.036776994511420136,0.048615870193536304,0.17819535281608778,-0.01634656514920363,0.00529489640610592,-0.0008925177251160044
2021-03-31,0.14717923596789606,-0.3133066118460299,-0.4515914776535237,0.33504907894168523,0.41174756466652407,-0.1533333997577111,0.36802073872518193,-0.5475392486486482,-0.5078695751413292,0.1048113928370894,-0.45352686503049244,0.004203024086268159,0.2585670929153092,0.7082447643794118,0.08554499855480868
2021-04-01,-0.3809806301524318,-0.4285737656269627,0.09331394193123033,0.5266953772478392,-0.1885871808619703,-0.17698921710291626,-0.06042814768304261,-0.3504118803483549,0.09746999418098473,0.09435335236137965,-0.031132554706339577,0.0666971731293396,0.3737753767422565,0.41771139554804515,-0.03263086404096516
2021-04-05,-0.40570433368923076,0.20624576281725981,0.04733538235017365,0.32771695420563407,-0.30713390415215314,0.050150289769539724,-0.3393638184723189,-0.7938152480887422,0.13300973070636982,-0.12813228835751517,-0.16003079030142242,0.2399690011085,-0.12190921623152012,0.9267056018459733,0.28824273986833476
2021-04-06,0.050287733708047094,-0.23658085677936908,0.29471196046208725,-0.18494296444371158,-0.024656685101934694,0.3348986326976667,-0.28920119303166997,0.6931863659651424,-0.3463653227638764,-0.46744433467844904,0.8599413781864315,-0.29123466928387365,0.07221617703392694,-0.3483891739549901,-0.013502307902077237
2021-04-07,0.02225117341605768,0.17177250948438733,-0.4510389182765856,0.10079812921835793,-0.2892212622344891,-0.016106553639216634,0.24556004101447326,-0.5309236457642301,0.8056874139210699,-0.04182830957269762,-0.3981941980938343,-0.017474977547822068,0.2239960595383538,-0.3716618739735846,0.3184424301438717
2021-04-08,-0.04845468823249466,-0.7819496912048158,0.7420361159311062,0.24150948242114445,-0.23945009760894195,0.0620190929090646,-0.5551457218748517,0.7837241221566265,0.018124735259150204,-0.3305106161897552,0.9687676316177974,0.005148378189390096,-0.40567005750216917,-0.3174753103721924,-0.017657164381772894
2021-04-09,-0.22107178303557404,0.23843285642296513,-0.2622220004872476,-0.13696289663616884,-0.3286797488182362,0.02495178136705281,0.22340177069675143,-0.4970581962409981,0.026174268708237358,0.08549404064451582,0.01819105256032788,0.16568033705120155,0.4417493631657524,0.09551183267418167,0.026293644609988343
2021-04-12,0.35472852044533076,0.0640247869046176,0.4801615406939794,-0.7126280418832804,0.17982871983077459,-0.5592234439954636,-0.33457977613832657,0.2453763621038686,-0.24496500419862868,0.31663254407161845,-0.4200249560533396,0.020119587268035075,0.3271023826906917,0.10583086752353237,0.19267560851487853
2021-04-13,0.02276181902582114,-0.04137827254990245,-0.3430785289662735,-0.2216769066200711,0.2605206064783,0.308518631300477,0.4839690629092006,-0.03206882649449594,-0.17151651126061618,-0.003829695230316177,0.2822437109641919,-0.24163262005932296,0.3628787377974893,-0.25320264069999565,-0.3533980064981671
2021-04-14,-0.09423074654469488,-0.05085935618997928,0.11647337910844024,-0.39810442784891836,0.1465583249674503,0.3394259726755562,0.040985111536143204,1.0523877110093678,-1.8817438974237082,-0.24169733107334979,0.39949256602311217,-0.09321103526175661,0.41592440118172336,0.24696264411169389,0.2847273293619288
2021-04-15,0.07532792125360302,-0.708534163619926,0.7678311011789087,0.5407853304045965,0.2088486381847306,-0.5096671964624381,-0.4650964688461301,1.077033079898817,0.9336119488248497,-0.18158914484792482,0.477624662282226,-0.5553624049853472,0.21802040309914242,-1.057877509623356,-0.7455149272159917
2021-04-16,0.22062012671743414,0.027973388717130954,-0.5216228667924004,-0.01810780191325473,-0.3635197056051295,-0.24781938664091863,0.4042976216543841,0.4539171787955415,0.12411964838603151,0.28560099124467425,-1.8929187912448402,0.8081829616194096,0.47189855384959317,-0.9941911233087705,0.9739956105145644
2021-04-19,0.30979427481495686,-0.2662207824916462,0.5805460240788243,-0.41117905951803124,-0.23436188403748537,-0.13531960483023842,-0.6121282647575867,0.0539345847616233,-0.3828719639127751,-0.00604757388667479,1.1007955206990494,-0.3473368607396614,-0.14848895520009464,0.8118052463770139,-0.1893196565761224
2021-04-20,-0.5493364779424459,0.08459136709413184,-0.4240944818863798,-0.0313666809946016,0.017099372339314467,0.9641334666520557,0.4066745899065262,-0.19416371010600542,0.18903029870922694,-0.11590802414348178,-0.17098418068737975,-0.055477004497872295,-0.0330791666138639,-0.2689291957973512,0.20169404114699097
2021-04-21,0.2131835466463764,0.23890688397968018,0.031956999844609646,-0.2804688019792988,-0.3743640647669355,0.2648866820247522,-0.07517020489393011,-0.44132022881611854,-0.3841432395602226,0.18760616489687199,0.47160874857142,0.023936557688604587,-0.014278691671931631,0.6254068364638317,-0.37840786023304396
2021-04-22,-0.5259756091528868,0.1723655780633292,-0.268989896753963,0.5115224253960405,-0.09107074944710347,0.9926320323624855,0.10808906944582325,-0.23033181906860956,-0.8078281020677202,-0.10842398453468904,0.04388282370927288,0.35594089846100285,-0.18921238427472475,0.3433056059978966,-0.22028121158299663
2021-04-23,-0.12663580262550717,0.06973801953282566,0.6644834115397996,-1.9985268839478356,0.21889055135894808,0.24525419624413847,-0.47174208555401737,0.4962977199730325,0.13695078831523322,-0.338177390234086,0.8603635574940847,0.03106046662597195,0.028372914778087788,0.5391409854379108,-0.15673355000922728
2021-04-26,-0.14492336774706746,-0.20570008511454657,0.6555689581589895,1.8604964570189677,0.2032188287192082,-1.145622169669515,-0.479077804938825,0.23286145327053204,-0.26517955000490784,-0.6168613330546152,-0.09514860060142682,0.23230677990784565,-0.4148415349680947,0.09793131967918534,0.13835177541102278
2021-04-27,-0.11876782984511906,0.5337577980060924,0.3337246803446902,-0.48917941780900187,0.06631821266828747,-0.01237029795479791,-0.35970051899320554,-0.03107278197398272,-0.32694125105007255,-0.12868402094944076,-0.22965431900540548,0.32940788758156037,-0.0825269851139071,0.7025117861249532,-0.13535604656703737
2021-04-28,0.14200806168795305,-0.5219355011945147,0.44827585969324824,0.661771937612634,-0.37265626802646595,-0.6360026696083698,-0.44351472551322113,-0.17910497533922837,0.2393883266643067,-0.13117937737933005,0.06684735907908335,0.23744933270843432,0.06920166615927811,-0.19257339864813372,0.48621209533514
2021-04-29,-0.1865884482645973,-0.18346770190594486,0.14991201943270394,-0.1830763677335766,-0.2432611729501467,0.9053284002268465,-0.43611753831031563,-0.05279526530804335,0.39524102035680486,-0.2937676355477759,0.14393933823753446,0.04408907552524677,-0.22589879131834611,0.44995065209400276,-0.202086145116536
2021-04-30,-0.4042388041534637,-0.06716235333214637,-0.4285854891246428,-0.07987856161977758,-0.9014198212401843,0.9963058267801096,0.13248244787517283,-0.00886067257728751,0.33592513206468544,-0.15056379961925426,0.1167960508850715,0.33013870467248385,0.07836598412470286,0.058292473917337384,0.02834137966764816
2021-05-03,0.520791553646349,0.1856033106776311,0.014820164503158817,0.06963119425512407,0.07925464755717629,-0.49928099604663195,0.08110536400870388,0.05992883235478273,-0.43674059887585365,0.1744146963617626,-0.1659349592065543,0.05946537940789809,0.18848335810830918,0.30267947129636724,-0.5816883727113535
2021-05-04,0.31244333162620647,-0.9854610240622645,-0.4497598455002611,-0.39452139836382166,0.20865907674762307,0.1167458932789023,-0.05321132804838026,-0.41323176096114567,0.6992644134650251,-0.24686831396032502,-0.16663797178447143,1.160769673077238,-0.16205070679177166,-1.0743315426981965,0.932805743554746
2021-05-05,0.138163724885762,-0.12433941298117568,0.10442099902089397,0.006376525749987927,0.2195926390796209,-0.3092915075348446,0.46137327342474344,0.28723578141481876,0.17501882890080045,0.07144340345099764,0.20975386484074776,-0.5008437165098425,0.5557577520193332,-0.14380585408561442,-0.9434876248739799
2021-05-06,-0.4130567875086728,0.20998027351360116,1.8260297953320432,-1.0418180097917362,-0.25977544068608593,-0.7096525322686876,-0.4369804856571282,0.5429888983041423,0.5261227280905334,0.2916704459261372,0.8959908235994953,-0.1316030827520096,-0.5174014038968276,-0.3916297836909976,-0.2891485096833777
2021-05-07,-0.7908097176845319,0.6282705732451829,-0.4370411829574348,0.2708969923013421,-0.09065218702358067,0.8415513960214258,0.1773322609850071,0.39449411481256735,0.12738106140313066,-0.34173269164302195,0.17469416495017992,-0.0060579490496883385,-0.4273188020997095,0.15005177596677396,-0.37873668229236745
2021-05-10,0.3698471989263659,0.903908273906866,0.3150363902902418,-0.10934748064157768,0.22012617908311566,-1.4830905903350775,0.45133021411791563,-0.0013150389865886902,0.05348879028565415,-0.008174878429946353,-0.32620739737691296,-0.08388188863102869,0.5640103721665599,-0.515006205942086,-0.47952892508193995
2021-05-11,-0.1311224486860687,0.15150464509310102,0.40715242344569635,-0.1590489172799956,1.0590944443810133,-0.6849825962168536,0.2657141120462694,-0.18727788341272533,-0.5343729045489576,-0.16633423254511026,0.3116736025108191,-0.4057789511409764,0.5547843118150226,-0.2483544355718622,-0.194309219963676
2021-05-12,-0.16579522508735378,0.721376451868339,-0.4210396468996478,0.020194598892544935,0.33479866022751803,-0.09067489031164655,0.3270376827628595,-0.0014653405565285826,0.2740846915883324,-0.27926914375093426,0.15704901013065542,-0.2244746986663506,-0.0809765324558065,-0.6494950257497598,0.09133213295241371
2021-05-13,-0.13244261549903125,-0.6236291899197732,1.046167585477046,-0.5501000615905959,-0.34262482770485536,-0.028073792218865634,-0.7545928224857666,-0.2718833326693625,0.776702635130799,-0.16781837871502903,-0.026546102594585674,0.32555665512890997,0.12744291128099383,0.3150923480043045,0.13808954617108604
2021-05-14,0.24383620961027253,-0.03136128342844502,0.28414808608923003,0.12267137221771385,-0.3900696939915562,-0.0731339668971504,0.23953845177500852,0.3712977253090175,-0.20175323681696034,-0.0736801542196357,0.39412607664179733,-0.4766171787157587,-0.3643762704114505,0.9362336656522188,-0.5576996846142671
2021-05-17,0.11326112171521313,-0.26890143056498983,0.10838074659712116,-0.08803220993948296,0.5380322167478123,-0.10746417385284968,-0.006658980639592915,-0.10283246239017116,0.1755691575909145,-0.260241738082562,0.3026192976404277,-0.20097860494661723,0.03762933885759716,-0.4782278363304989,0.21234527299044814
2021-05-18,0.5076995174959823,0.18200564317122747,-0.567512077586479,-0.10773699081216082,0.4081210693973861,-0.24695929425945418,0.36136825135078565,-0.08301971323149682,0.0415999522553161,0.6392724152748268,-0.12900346822228936,-0.2176597821764612,-0.010541634886252371,-0.6564862724959746,-0.27997312881547964
2021-05-19,0.10506428925212391,-0.27013839642026805,-0.5260277536131248,0.09922668382746136,0.4259018623324601,0.4254214645919374,-0.1407360526914796,-0.7348352337139792,0.02478017850858849,-0.1173073756414933,-0.34864229076759023,0.2675770748157929,0.19485171735638884,0.7644629429258997,-0.25357703494442996
2021-05-20,-0.08765088820955436,0.04603201904927329,-0.24084516423931437,0.49430749589018486,-0.1366424728216877,0.13910763755573158,0.6564360094619341,0.5597376262708511,-0.013075684220002215,-0.1534815336042621,0.7246935091947636,-0.43000188295704145,-0.3108637772511902,-0.20132394655050623,-0.5094540286932757
2021-05-21,-0.13710809066939567,0.3148548560781813,0.047335517922652115,0.0435322893547162,0.10913828376260926,0.14104500689830676,0.1897255976196366,0.20127552054623254,-0.1107045915557574,-0.6451688007147908,0.3897779553206787,-0.15513880561209337,-0.11345228543173624,0.14283658149539424,-0.1573601514566093
2021-05-24,0.14998283176951957,0.1880649146635518,-0.33730238588274836,0.29948845449727945,-0.07841862958663455,-0.10084142752227705,0.32785679349012237,-0.21814621197715947,0.09282022689210762,0.188641736328568,0.3001291035688828,-0.1702219727726603,-0.20481346310484966,-0.025500360317550402,-0.2446876368062193
2021-05-25,-0.019195295935976464,-0.4995830271324745,-0.4761351642211813,0.42893463516732055,0.2897054352596068,0.5138105721356323,-0.026700473803917713,0.04576228515416969,0.1508891417990883,-0.46833934599857563,0.05234424997882037,0.3438983006171322,-0.41806769488393203,0.034086156157288716,0.13606254807569684
2021-05-26,0.2965365870945908,0.3409134727008607,-0.36438637729465057,-0.1153707219476449,0.024905806179495803,-0.20691464206441407,0.35134145731993593,0.288865754397035,-0.17921485831937217,0.050597161630018206,0.10995148032121023,-0.17248507893267193,0.04087389223714838,-0.20409452542143555,-0.17321435413595632
2021-05-27,-0.30160570526059294,0.6501670258764537,-0.6015234647819929,-0.41353022351367447,-0.028537062728837603,0.7216816019936781,0.14536798855783317,-0.1612284422230612,0.08728580404796538,0.350492065361075,-0.1852097428920032,-0.5515304339948067,-0.1422140432857799,0.8597103420802624,-0.20321787456668627
2021-05-28,-0.40645689925562417,0.025220839471866402,-0.1455181979385617,0.014838795545104741,-0.07670090441762686,0.14160899165279406,0.31600587511569955,0.24919385995808788,-0.04738104716468916,-0.3353842865496957,0.3390796660825541,0.16550363893763342,0.06326345621271291,0.0066434014328539265,-0.0036015063478445908
2021-06-01,-0.028208955511571543,-0.2739738150595996,0.15116398593102426,0.6167628304203038,0.020794712062836784,-0.0868651498281573,-0.4516538231404219,0.21811391496761923,0.21316898583503108,0.3960364479818357,-1.0288017554293418,-0.1225413698558667,0.060843022306814154,-0.026816528741013257,0.01880471069199799
2021-06-02,-0.11850333230054977,-0.4770500644326526,-0.0995231318514205,0.19859053482128203,0.15222159836360738,0.1641702560838905,0.787275262356995,0.4776753893767388,0.03801058783021932,-0.3501488205491563,0.7519676916969735,-0.13735832638665063,-0.32670726275571993,0.24612415941130528,-0.5105895767546889
2021-06-03,-0.18083383694681132,0.3293414703568523,-1.0859749767430784,-0.059431837318554406,-0.45982903324538865,0.6427480267939019,0.6148381516449666,0.665474080727829,-0.1735865858516963,0.055015232892311444,0.14606972079496328,-0.07992494845877303,-0.2080289313516372,0.6006379481226946,-0.2823322686786438
2021-06-04,0.2658174590864486,-0.2079716944667946,-0.1993164517984276,0.1156917697034185,-0.18650460324273,-0.10255042590272215,0.35375473462000695,0.3287801783328107,0.1175294332696987,0.16379974766111985,0.2792426247578626,-0.5576860134096473,0.021149913307797377,-0.2837837976094055,0.139137019554268
2021-06-07,0.422997021136169,0.18535929103762372,-0.491985164782593,0.8718135242689099,0.07577680591080721,-0.4074143892947677,0.17862054005966949,-0.2275487020359298,-0.1030951558316534,0.01890301932668581,-0.26889963102914916,0.14324964996219214,0.1931000863370193,-0.6470359224755623,0.007906956302571322
2021-06-08,-0.16917874731216248,0.24607710321536522,-0.16094714918972852,0.29509992026832155,-0.06722745583426687,0.1630742265052771,-0.21481143293899163,-0.5589705412483156,-0.17711977332694784,-0.028963206367420558,-0.19753270259292793,0.4707320067399088,0.01955699063397784,0.4242409566788897,-0.1636027139222374
2021-06-09,-0.027592590541628326,-0.17473236108104895,-0.07009874528646298,-0.2354110547334206,0.18143271636506686,-0.012583308624017575,0.35618285558930207,0.4629455954144224,0.12509515708768904,-0.29684238074775093,0.6885174504875476,0.258546944319348,-0.24546181077642215,-0.7969633736025457,0.020284526825708804
2021-06-10,0.33397832696946517,0.29460258870820466,-0.214430556758906,-0.22291523802557833,-0.43774811830839155,0.15994633652899848,-0.5188251802113792,-0.9933212937582457,-0.32829227511590386,0.11177307614728549,-0.03162872612011569,0.3688134623068706,0.12232782738308501,0.6722129220134778,0.1828390848176077
2021-06-11,-0.45487863767300957,0.07588897253795068,-0.4874783022463278,0.6183807540707825,-0.6634410938990304,0.10034181580400192,0.38444206957891774,0.44106895655503187,-0.31075462544761967,-0.08404169821766788,-0.028151343665780648,-0.18479089958371875,-0.06280372311581528,0.7908890164150799,0.33678141507559733
2021-06-14,-0.5161243251535805,0.11916765028603005,-0.3559701006657752,0.4828991140707654,-0.15737171259591998,-0.09793124016360141,0.47717204450319906,0.14059257127171332,-0.2977660243052622,0.34699580166412936,0.21824920012098348,0.37589418297400856,0.2194853990854676,-0.4700274177655104,-0.1867752922779211
2021-06-15,-0.4344857616283249,0.18239202528337128,-0.04545417423991471,0.7623524935194843,-1.2176327356273,-0.2938421385478468,-0.11656524124598094,-0.47589284287091804,-1.0566052040872718,0.5618145805298648,-0.031247254325299456,0.7932957275570454,0.0980347494288715,0.5923373350906551,0.5875677418649974
2021-06-16,-0.2930385566239119,0.46958007309750915,-1.0837483832538934,-0.40347913206910907,-2.537927287837115,0.22080830813576174,0.2894277658320311,0.3185166402164676,0.6519279447875947,0.17156629683899935,0.6228399236856881,0.3945376210882563,0.37943362270186165,1.050601518433314,-0.12370422417242609
2021-06-17,0.19600655903196218,-0.5026625663963613,0.11938961324737107,0.8618988001088768,-0.49969193226623476,0.04789893928885469,0.15050312657085174,0.5721778637132717,0.016688939781547507,-0.8958445852622732,-0.246279458345529,0.31627899006699955,-0.35703104674616704,1.2716512899374794,-0.520775676911466
2021-06-18,-0.1708898371969534,-0.18623735932430696,0.4125136160078009,-0.4794671137027591,0.5537548423799232,-0.09290213750374843,-1.2890014359526032,-0.895251875004949,-0.015448830712462058,-0.028256223222456356,-1.4343473670370612,0.9385558969200434,-0.023642583155746966,0.2228476501348584,1.17547765936451
2021-06-21,-0.3232127752432874,-0.9464197407933606,0.6720788426564206,1.862631464622629,-0.6013806503908964,-0.24046506728112682,0.5112835301794234,0.4181364973247337,-0.43108990533763736,-0.2718784520070161,0.17744306686490474,-0.06548986028170001,0.2852536273669153,0.46989803493278703,-0.5683420739353318
2021-06-22,-0.32955776773361917,-0.1334221735054435,0.2501758027196611,-0.21268273241819186,0.7830739027614515,0.3121191120369297,-0.12566935487614767,0.09850137622676743,0.04078511293065809,-0.32579449139292826,-0.12135988733774561,0.05441318333928602,-0.2083740071999109,-0.09293958561304075,0.10707115754003044
2021-06-23,-0.5197402987635893,0.11523871747052872,-0.41675336509672845,0.1987611970492852,0.3593575064946355,0.37815222550685257,0.02042376993316486,0.190280676514129,0.1993422475374088,-0.3276458455022889,-0.4768762696082649,0.19065134056431066,0.09355966687220657,0.004735084478811852,0.09366288915998743
2021-06-24,-0.1436245535888988,-0.2879206425875658,-0.2254990592051228,0.2121259337946252,0.746516157642356,0.3590888841873582,0.27202529949273657,0.33593641387681206,-0.3193878949695744,-0.08800423753891218,-0.21415104506489235,0.39956428795299503,-0.08279691557947944,-0.6860483054255911,-0.04868212015232276
2021-06-25,0.8761168155620033,-0.00858081429885904,0.08863543768601523,-0.3428647933736608,-0.31367922191629793,-0.5183274151381227,-0.2299781365217019,-0.820607182333749,0.11048494688392041,0.1964254142309627,0.2156724056619923,0.4508930744320513,0.168494298201046,-0.6018344247627558,0.2828266590547439
2021-06-28,-0.3742596965946645,0.0037602246428658503,0.47550636120259093,-1.2219656760907809,-0.03808830504464441,0.5183174776529536,-0.5625476216785985,0.3489881652687,0.5040990709125087,-0.28468355622713104,-0.3361579511565191,0.3665098791716861,-0.5102891398840943,0.16572950291781552,0.5803881348158442
2021-06-29,0.509710490430141,-0.44703030183819903,0.23423749380609188,-0.48202936659093404,-1.8558296502407647,0.029653545692543082,0.12442909466290852,0.6053782838895454,0.08848253606729287,-0.13116876675968447,2.0391610819166646,-0.20832252493862852,-0.22077468188341215,0.08863840943092727,-0.309701031955745
2021-06-30,-0.22769607249360907,-0.04315699907978934,0.32322130306963576,-0.0961831832737933,0.44927689938796644,0.36477617950348873,0.07301009925945617,0.47949515219843175,0.14632692047400642,-0.028955976844685594,-0.050503712175939075,-0.36703829455939424,-0.03302109230293432,-0.8464453948909034,-0.011093077578274102
2021-07-01,-0.206882575049811,-0.026481954698227783,0.5705896768774308,0.17975863716475726,0.2787786856690382,0.23164425983877734,-0.3225693812537136,-1.1173469206649678,0.7025967183665229,0.08247777450104576,0.05517836625558216,-0.36865546660988624,-0.2726469625398858,0.09675873500357013,0.1605741253247459
2021-07-02,0.26073671939833987,-0.263352334432379,0.31203834881783205,0.3261879253898902,-0.26198855651973857,-0.34630647478383514,0.01087483074916562,-0.14072360759153696,0.21054922532983747,-0.027872803960635933,0.05830127193699414,0.3909542042240165,-0.14884001696519528,-0.5179205261854574,0.13168264648026223
2021-07-06,-0.11556096915912573,-0.47450094904565865,0.7597326039841472,0.34501129023010996,-0.30218814976753605,0.48908075917915733,0.011502449313878671,0.4995314521420492,0.5577869721175603,-0.3163250141384468,0.05820133588812815,-0.1400093385039256,-0.6338082220562702,-0.16689266238685319,-0.22536950068181438
2021-07-07,0.6724901164018187,0.029557264232893093,0.7460159453343242,0.043068387879617476,0.11357395579517665,-0.06118210063698559,-0.3204094510669021,-0.39740202181843964,0.42367239792965644,-0.16220471012272636,-0.03948649014125871,-0.5733283531545522,-0.020648668504048548,-0.5648654894958408,0.0035364907257072822
2021-07-08,-0.45185926299917556,-0.4677327654988286,-0.3602988422334723,0.45520734802980733,0.12866062404107814,0.13619355462734672,0.21227956503186843,0.039060410465797224,0.05557387853711648,-0.21881577939576902,-0.173022441078025,0.6990968174160159,-0.3212508673833314,-0.11476801073894216,0.5952227850447589
2021-07-09,-0.6342130236841181,0.30307493516664064,-0.24815506192531744,-0.05158233491027575,-0.12367991013182156,0.2786448374898598,-0.06069127747449332,0.1053311870697553,0.5108742650108313,0.10551906543524225,-0.3159084163480512,-0.06504236647132489,-0.06970651045390985,0.013299501035103578,0.23329842998084027
2021-07-12,-0.337618330963387,-0.06925599670837324,-0.05029316898326386,-0.010569565367858802,-0.044719799962233964,0.4860415681602434,0.19032448750147102,0.3352916352554707,0.10688469670754741,-0.10004874098248417,0.40345871697866453,-0.1942641009656645,-0.2725660100386049,-0.0540584433503325,-0.12684403318870097
2021-07-13,-0.0865026587827934,0.025359854219056288,-0.7115706736085659,0.16183346280355027,-0.3760197156489905,0.12491586022361278,0.37762533761471756,-0.17139338425284356,-0.5030739217794465,0.02806576639095404,0.8703361773437971,-0.10935235123775044,-0.1404924888770046,0.7593484647335973,0.008814573179616425
2021-07-14,0.5130663779048754,-0.16759054239656138,-0.36196152339158894,-0.23363817318877303,0.4052456665428506,0.45694781788484956,-0.06278499887746769,0.042984396005133596,0.20208866634228628,-0.1265709961220463,-0.14477098213008133,-0.05944077737652709,-0.055813487459325295,-0.9005050027197186,0.4169671094926459
2021-07-15,-0.09454105681595781,1.4516222339454892,-1.444505418312001,-0.4935171857926342,0.03480595933201608,0.16594445522416756,-0.4114758138083211,-0.6597093277067356,-0.2035336903806017,-0.05568084547039154,-0.3310841854976879,0.2227146477610621,-0.21466058482596767,-0.20143957175786095,1.6869925325505375
2021-07-16,0.35868270732718366,-0.25981765895268505,0.7707266928082104,-0.8561724331543938,0.16902959470533152,0.730794096295583,-0.33612988951753003,0.030197193774125664,-0.20922138098002296,0.23827265970579137,0.48497765859738773,-0.8510628308629609,0.2477663392657503,-0.07606529806174867,-0.6281404012565319
2021-07-19,0.17951252467114776,0.15808947664342154,0.4882424415297544,-0.9539539197056026,-0.30135320933585796,0.033852666787530517,-0.3262926109463926,-0.04248273440338335,-0.6218304712275993,0.7255353211997286,0.43091810473003744,0.2402971103356255,0.40386974868674264,0.18842186554103324,-1.0167430281127667
2021-07-20,-0.013736361491850868,0.6468589105405433,-1.6929877682194252,0.20835166949767148,0.266231354634513,0.6136529007483178,0.5774717556516018,0.2409170268007066,-0.07537928202266464,-0.054643160060420026,0.40829360668393955,-0.6035877788365365,0.23881577551436117,-0.6386732509857425,0.18412561141079808
2021-07-21,0.1447307906628148,-0.13449858913456025,-0.7191993178692544,0.7370538357799588,0.10992580187742318,-0.1506086331839439,0.5228718833461281,-0.025621276167900442,0.015241643022915863,0.030084268466828323,0.6025791630737445,-0.3645209106815823,-0.07819385816779056,-0.16576299998284094,-0.13562986397006105
2021-07-22,-0.16990115220164914,0.27002517405850157,0.7798115798408796,-0.16524432978735315,-0.11376018656353393,0.12436705796908554,-0.003688129375512661,0.5526655913211623,-0.060780738897019626,-0.09265808986983015,0.6188905217450806,-0.11474732344653349,-0.048023938662429044,-0.9066301499912235,-0.6375088215792246
2021-07-23,0.2387446471995239,-0.4707837383107154,0.37369528747218084,0.6764398408495198,-0.039754934321650906,-0.42817705110760207,-0.07496169382233075,0.38508611714804153,-0.12151875936630738,-0.16283884819547942,-0.6396673794224393,0.28802068150400884,-0.13335758572038456,0.3825991776222447,-0.2432893603653108
2021-07-26,0.08905792022197584,0.06997120012283214,0.2608986413458662,-0.7371668724312119,0.4026184441473273,0.3462249127587291,-0.2303933193783173,-0.5733992568604833,-0.1745555931393511,-0.019608715082610084,0.37754719996156616,0.03745153294815229,0.27023118761430864,-0.3041925672363219,0.10317531209615072
2021-07-27,0.14947300548929507,-0.3264572842743099,0.31858864845708645,0.0234424841217798,0.45340223627763143,0.3302716162234542,-0.02272563527484439,-0.002314917037850972,0.02439235312907634,-0.16095634516417545,0.00549832353426985,-0.06722692470153276,-0.12436635186182764,-0.5066031039421245,-0.005698302744339132
2021-07-28,0.43318329819324464,-0.008901994592134255,-0.4357537431569783,-0.5326582528150475,-0.23739313725401043,-0.1819504159920151,-0.09074325811854811,-0.18395030142211852,0.08485057402232153,0.3864717589120659,-0.4104770296053912,0.04243801184123211,0.30885107525305133,0.4725542869406796,0.14039001373013626
2021-07-29,1.8274495592968336,0.08425926066072487,0.3458001099401654,-0.2124875564933687,0.2403249836376653,-0.41223776719101723,-0.17602180208424367,-0.12972139642914332,-0.08778209542574189,-0.175509021805617,-0.2100648337944957,-0.34401174531262707,-0.35674341666635184,-0.14496595121503597,-0.35155011434616057
2021-07-30,-0.28643580147632974,0.06345825939759653,-0.653510783646391,-0.3210943895066329,0.06385005241850294,0.8012114670663978,0.28108985871049263,-0.059769137187618004,0.10111084437818252,0.1280912654092416,0.13578686906226123,-0.19843844873244565,-0.017853846034510346,0.2746913299447612,-0.2044803002723269
2021-08-02,-0.34745960175183,0.09999882382619309,-0.00886204085951045,-0.5507431384172324,0.1503290238094756,0.6986457404364105,0.16936624117793664,0.3921615168897772,-0.27200638865244076,0.25139030174275384,-0.06890987551366265,-0.08617645478662513,0.01656867075698043,-0.05310351556454193,-0.2863059329164281
2021-08-03,0.5811668657053385,-0.2776239533050269,0.24400008843805107,-0.9035909390816225,0.5612032374959853,0.14279238723650844,-0.40397640231647003,-0.6080227312026002,0.15492069640535544,-0.2225964714818527,-0.7722723158405861,1.035241793204794,0.5218217051912114,-0.724086009271103,0.3523557604847778
2021-08-04,-0.2586461212464193,0.018166486706837626,-0.45421147444831445,0.17303473243444745,0.18529708625629104,0.5344213007089962,0.14775238152336306,0.05847208010938987,-0.1938723420419478,-0.37948587427579406,0.19545866691702696,0.25155334870061197,-0.6825402170411584,0.8024963580222346,-0.1974401852732418
2021-08-05,0.06377974285432564,0.8023828554319997,-1.050977674593038,-0.06207433899051412,-0.061751602629379176,-0.3262458384062895,0.08118884205367091,-0.33006226821841855,-0.2366110305759428,0.8158937509000245,-0.4701765313461119,-0.2859064478586869,0.3565713082262775,0.4541201498172738,0.047383689257276984
2021-08-06,-0.5421155411090779,0.7428732359781933,0.7954450875563084,-0.5561430327017952,-0.3422650592230838,-0.193822082470819,-0.12379709663434724,0.42934795252294333,0.3965511771941068,0.26105509082509193,-0.7182872318648974,-0.3451977592108437,-0.05889361216987643,0.4515681424153253,-0.25526782147275795
2021-08-09,-0.49870519754137466,0.577598755830317,0.9732314224578238,-0.5590975397825863,0.13373749524627115,0.022271435322637922,-0.24108574717712175,-0.0940229371871514,-0.3971274178213848,-0.03176382561508184,0.15068784315450673,-0.3571508558710728,-0.28878504482311873,0.8835212632244266,-0.20373884120789554
2021-08-10,0.00020349951339804218,0.3480971982893877,0.639563777050046,-1.096824053891098,0.2908519597497128,0.3117760823297546,0.15682131518593584,0.14574589090533352,-0.10087652696100391,0.3311173978471945,-0.39595201803371227,-0.2538329400241778,-0.1966400423079353,0.0498926243743153,-0.15124505985681957
2021-08-11,-0.5260956666330943,0.014558975866835633,0.19293868628956157,-0.28023538598172515,0.34116879137698397,0.36808789867902647,0.165929091273805,-0.03403224031655261,0.011565357159937673,-0.031629881435709106,0.10857482398007967,-0.08307329974667832,-0.05958600401468839,-0.4839677218779302,0.3870733662899265
2021-08-12,0.5357017937407206,-0.25526639731104295,0.050607827586473725,-0.8143248343921867,-0.3925691637267286,0.33083109070051425,-0.03662090648118921,-0.18130148061216672,0.11648289365217726,0.04000701649864406,0.06135983422092628,-0.19412120209896075,0.16778140297254318,0.4695244639554672,0.039539528912380106
2021-08-13,0.14747106497670812,1.0460210536383203,0.12415002926656059,-0.994997242561082,-0.3660774979855721,0.39990251757226747,0.3014608939442309,-0.1885888245005255,-0.23930433354091118,0.32545428275911925,-0.035482232846454353,-0.5465833460803937,0.46281867968082885,-0.37696563029421637,-0.14890633636710132
2021-08-16,0.35690028787061434,0.2290078677616434,0.6866695292142873,-0.7515776016540017,-0.25482376544554597,0.19882860437384736,0.07278052151455014,0.0598997406044679,0.07251805542879186,-0.13486945431211922,0.186655473582166,-0.009121725069204223,-0.17796196379157928,-0.14493977552980886,-0.3712911392640799
2021-08-17,0.3643718920014885,0.011935891767905105,-0.6156964833389929,-0.1453065048578222,0.12393250605945094,0.44240610182074647,0.1184615032985109,-0.041805315233465756,-0.2679699410133811,0.14724288670108798,-0.0836239228526886,-0.050133684690489955,0.13214770205102455,0.10787764044426984,-0.24062987386386636
2021-08-18,-0.49403760383599016,0.3357204399074291,0.5164297133216416,-0.26598730846218777,-0.2011616540381616,0.10535280673221092,-0.257858888853455,-0.4310430581176281,0.0030715171546185083,0.12997840897401525,-0.3593823527833496,0.08836726065462241,-0.1855444493699322,0.9832748927626056,-0.025973104675336867
2021-08-19,-0.009752507850936398,0.025421701105165062,0.3067840726015528,-1.1211328473567381,-0.2744261020034978,0.8020547729213323,0.21842314399221685,-0.16074108363030415,0.23123215851386447,0.19438402344174432,-0.4053841969267793,0.2728582090265523,0.008299799217579507,-0.13849348820776652,0.000298609592682908
2021-08-20,0.23895906179190068,0.0959706330582919,0.04152945138189351,-0.017736997417569067,0.06674684123159974,-0.14174707023569638,-0.08922757151498226,-0.16509060897884398,-0.19766922712691193,-0.1665253001129196,0.025016732169861666,0.13615396055361556,-0.10727276015251924,0.26550113575430073,0.011036740549689061
2021-08-23,-0.1158379973324421,-0.06832591771162666,1.235818074831613,-0.40107076412229664,0.2342964942979971,-0.7827297074108792,0.21585233730465858,0.1294388060685151,0.3284525599321876,0.0766574335981891,0.08493864414878205,-0.2151049383034852,0.11295632217660967,-0.6681108377551273,-0.08054106346278911
2021-08-24,-0.21259153884697124,-0.38510269158458965,-0.022475186719142004,0.5224702071167546,0.1786649842789333,-0.07433471203952932,-0.26458520897858684,0.127350517658963,-0.3743967086932577,-0.06179530759613239,-0.3408590897871766,-0.037142283855684965,0.08725639302357624,0.6886228720059135,0.17726620616509725
2021-08-25,-0.33944889798921773,-0.4646218221831462,-0.26855039567708794,1.3248249979104194,0.31766600239768694,-0.523289275720401,-0.2308602151912462,-0.1752631979502074,0.7588423083342093,-0.16554831744800835,-0.2893903336569206,0.472716913793805,-0.16884049603884954,-0.37418795396150484,0.08810068012294092
2021-08-26,-0.28226518662875,-0.2404107685184116,-0.11356925229294457,0.5197139199812038,-0.30329562686321854,-0.13682461031992366,-0.086697701100096,0.06537565162340075,0.7835036052598375,-0.01310585688584942,0.0161596824397936,0.16401849048173467,-0.13306415161093688,-0.45034321765936014,0.1447400502096438
2021-08-27,0.02275091816893038,-0.1350887694027888,-0.06555795019936217,0.38751734126504866,-0.3350354866768792,-0.14663592822103733,-0.3870494460776611,0.06538889681979887,-0.4012673962478637,-0.06257581039622195,-0.11244636884666792,0.20308201681417604,0.014494324053216046,0.7150649625096512,0.1641076794378693
2021-08-30,0.2392755033860995,0.30039913323682077,-0.25005475093830953,-0.7593648837840286,-0.026767390007035763,0.06721711687533838,0.4757195874627308,0.03704105482808884,-0.046743731116297926,0.4362345215613691,0.09816088654801658,-0.1522782925053625,0.35178022063387193,-0.7709910337185294,-0.06065293902063873
2021-08-31,0.05122636021540938,0.3407606050323156,0.009177845805695195,0.10202621055802297,0.47551856601982834,-0.3149358556145161,0.22219719350811795,0.12718091389506686,-0.2680233387338377,0.04282310643779469,-0.06381868769479096,-0.06358770770420363,-0.1853923095115118,-0.6804260043753475,0.24611976149890205
2021-09-01,0.09316794435766057,0.4028440572883371,0.0717010553572408,0.0818072806411404,-0.3439218448844408,0.13921907908645625,-0.2267845448692054,0.19719030891213016,0.19045729031618722,-0.18401808471584674,0.10690541963047678,-0.08681788963179049,-0.1704895325827614,0.6205765091739928,-0.8666801713619453
2021-09-02,-0.4309390638495905,0.3575380434554932,0.10774833277222157,-0.609697352109227,-0.259821503988202,-0.007415752399672654,0.21274811415025463,-0.24813822050584325,0.04973040612451596,0.18611584708997772,-0.028095468171599525,0.7069732479320734,0.0687502558837486,-0.3335065970364334,0.1400879919832845
2021-09-03,-0.10494783221080556,0.014562239538777166,0.30871714960631313,-0.6270316844378497,-0.005108207310720925,0.04638037128706089,0.13606445117140842,-0.12771116471290145,-0.05580055212460744,-0.107111912280416,-0.06919941939584406,0.33166031341884367,0.2590653196140221,-0.07391424367171684,0.0565529101073764
2021-09-07,-0.09871585896217261,-0.06278428360392985,-0.8626458736717719,0.8035154242084193,-0.2113557975115481,-0.06264593644719496,-0.16929867879871247,-0.219890158204108,-0.045365675337969036,0.03775940194524996,-0.06128983509959124,0.5033958545406932,0.32791953705635846,0.011556316980629817,-0.010794347315099873
2021-09-08,-0.17722877931181025,0.21929706656860165,0.555754080144417,-0.522268265673423,-0.11076645146775399,-0.19799517716577514,0.06906958993850519,-0.3858791526135744,0.18698726925569387,0.36082927171001955,-0.08475741978848417,0.08866886023680243,0.07549798356947728,0.1227684381745619,-0.22683327282417443
2021-09-09,0.11671330740837997,-0.15028503840466687,-0.194068565409584,0.40824426350212417,0.18945815573259261,-0.2496919792111797,-0.10904447267431705,-0.5112670196925811,0.03833932748733593,0.024088127758867338,-0.2263327996892797,0.05596688720228944,-0.10180821413874185,0.22971889783858168,0.459153425048964
2021-09-10,-0.2537442673103692,0.03825810118251666,0.1236603218337467,0.3263153878468237,-0.43746210426239873,-0.30123743848961726,-0.2706105744687608,0.2780920473470349,-0.37117284465623374,0.18543862646344172,0.23809384380509446,0.3014421747483318,0.009924993392308623,-0.06057902287843886,0.08539366275749616
2021-09-13,-0.17553105173110395,-0.4792826667436336,0.09848895444260253,0.3622882353513165,0.16405183429088466,0.03379946451901561,-0.12408112145553984,0.11032587279438322,0.3540179535867205,0.008193625737634047,-0.45448702608265956,0.05761743818061915,-0.016974713625232507,-0.2696424842982226,0.3084335864900003
2021-09-14,-0.45181021040178126,0.5720427184234411,-0.14130037027271036,-0.0011995200509455906,-0.2329664361639412,-0.14445122745323113,0.3039830017276266,0.3760573677831047,0.018018703085490584,0.3708666935320699,-0.434692476861396,-0.8030896248450483,0.2575724848567612,-0.38018129473482243,0.6631644863729096
2021-09-15,0.06545810680409492,-0.46864879020986727,-0.5207286336776771,0.37338566367967035,0.7317550519229626,0.14416569538656893,0.13382892875299393,-1.3043298450931067,-0.3705794626915564,0.4901189455779883,-0.23376061863200537,-0.17927355835794256,-0.39261576685536015,0.30811601309814907,1.259827042549691
2021-09-16,-0.030734309514564462,0.17329377350455066,-0.18334585340057857,0.6053646381295306,0.007706268024001761,-0.31414942872967744,-0.12236888131878855,-0.5941962956269575,0.3137309755008316,0.4989607126551042,-0.1882435452517064,0.19215223437252021,-0.13302253930418173,0.06820713485879021,-0.356323147972799
2021-09-17,-0.5417353159736686,-0.0769935021410636,-0.1258813954905652,0.6954465790774522,0.3841417933229605,0.059677881685343104,-0.047486182438217894,-0.6386584985720926,0.15583439371802899,-0.008694707724061612,-0.27395188230509365,-0.008197269932371354,0.10584343548720171,0.013969833693037281,0.3303237026417947
2021-09-20,-1.3405223383001272,1.4115714782848687,0.16551231322533888,0.10312100500940091,-0.4822172149053179,0.2845587504451572,0.20689763128043956,-0.36211614812109794,-0.3099338992258982,-0.38073440442120265,-0.3067182938279194,0.5135622040205852,-0.6914798675015832,0.7770803483765985,0.6017837170306142
2021-09-21,-0.7896109099737105,-0.0467855500097879,0.4476801235589507,1.5829533522285917,-0.19442135492382123,-0.6911791678712461,-0.588951098201838,-0.3596872553262743,0.19999634030189073,-0.664822822116407,-0.26086821393817883,-0.026070203658194124,-0.37712883543931697,-0.1316947198445454,1.8448836302842992
2021-09-22,-0.20846794976096283,-0.30350055449603475,-0.26700837765462127,0.7688696595733562,-0.20739205342669154,0.20907129226186977,0.020449118786275644,0.30671938719745206,0.005359882402734106,-0.186432478450419,0.24635202469331663,-0.068708631880817,0.21211254186083672,0.16290722307479144,-0.5764799509860465
2021-09-23,-0.4376742313455805,-0.5956366912681901,-0.3689935958999221,1.209588852162655,0.29891630025477767,0.19408195683884025,-0.1326528773500808,-1.1428104259863499,0.47498295969709936,0.18238694121331078,-0.36133637167061505,0.07382111607181852,0.3849392403865146,0.8599232642857539,-0.6347869073636958
2021-09-24,0.013097938568212786,0.2934875896924165,-0.6792908587302042,0.4985944645565243,-0.12162798477233361,0.1464633835698087,0.044644206275627596,-0.5368495584985866,0.5022434612718123,-0.04651689166478805,-0.9041184653020977,-0.10407903118964645,0.1232385461257037,0.627910522976221,0.062390171236099023
2021-09-27,0.1400072529908163,0.7332331323786956,-0.419728119651518,-0.672902887560485,-0.6951127195638778,-0.28099866626892067,0.318193133520859,-0.04379344777070915,0.1964105043515907,0.6539835822771352,-0.2761849637887337,0.4428239654998616,0.2201933799275635,-0.30353924569058877,-0.16167336788537212
2021-09-28,0.4283504157595375,0.1871803111480086,-0.4248094157133282,-0.5647583341905608,0.14896634475607629,-0.04456451131574091,0.074088486982476,-0.7331914868604954,0.5590773641571263,0.38793564078805665,-1.136471032168091,0.15018518273638237,0.5609628411182398,-0.10316488173299143,0.2946080311286632
2021-09-29,-0.1728121270874076,-0.2839915722396569,0.43903965951948976,-0.3600627466191915,0.6948250188968008,-0.2185717211791386,-0.27347994922442187,-0.4622062790711873,0.3528752600145073,0.03242348058424235,-1.3874551805322346,0.32415346458178,0.43582718793489383,0.09274637022059662,0.6334380477352906
2021-09-30,0.341971602739675,0.08124072877751498,-0.20246768038244056,-0.42540660829450916,-0.13287668578642386,-0.49349567586675347,0.044036731658504635,-0.17821952846343492,0.15824254839822038,0.31978459458375363,-0.6302918240301432,0.5232967965189167,0.7962304922598522,-0.7466754901330459,0.2802634898457186
2021-10-01,0.342590454074279,-0.2719874620865607,-0.5346968813161974,1.2197078716898975,-0.1459601919694511,0.4564020783079658,-0.2448268257924786,-0.5759950667936499,0.3006968040002509,-0.17631543851247333,0.16737814718941546,-0.19449656521526426,-0.44578751295788954,-0.0839360064766661,0.22992031651673517
2021-10-04,0.3295148751841441,0.5935496373893114,-0.050178066046162595,0.13303436903871424,0.4448159992797098,-0.4817930985030675,-0.007916793597098959,-0.6231470717579624,0.29877277820352444,0.18767633100734488,-0.9672991877376425,0.28210656109560495,0.08612273946919846,-0.4873959743310396,0.12663950478575298
2021-10-05,-0.2318462902565288,0.3495206654108465,0.13641960060446778,-0.7065151288567701,-0.18787515876123106,-0.26393893041957384,0.33569036266558827,0.7875204153620516,-0.30237568988601704,0.5628846732201434,0.024461252044428505,-0.5379695621014308,0.16457605389510244,0.5072058843449703,-0.5831482521101049
2021-10-06,-0.10870464195555805,-0.2343450645334839,-0.42775806815886236,-0.4190044865526914,-0.04993725163813678,0.6391466735413305,0.3314635680220368,0.42842652839511747,0.15924698543412086,-0.26901249231357827,-0.08762637669927889,0.13830050231547641,-0.10833130733764774,-0.08410651622534435,0.16341805587805797
2021-10-07,0.8537598752709626,-0.38254541151747,-0.7455866048549782,-0.29792510729964544,-0.4409588977363114,0.48602907619877816,0.2422157356086625,0.19975773832273996,0.0197199922961816,0.34346118923985913,-0.5262808093363514,0.04234485489374215,0.033173242702478956,0.04016045461963469,0.08105092015111737
2021-10-08,0.07818162402781531,-0.39932701597381515,-0.8028843557178942,0.17813424286875573,-0.3062342319299737,1.2178678048606564,0.1863269591645642,-0.14319816030831212,-0.38244762604309024,-0.17871617579061444,0.3229419931854363,-0.16477974485727032,0.15655143184384585,0.40551147491160155,-0.04114660949177085
2021-10-11,0.09052766026839046,0.4508636788153188,0.18233254914391672,-0.07334888147838248,0.25091624129042145,-0.4731622392548588,0.03127432046464515,-0.744638266047727,-0.809062844183019,0.7407468044111888,-1.2036166847236738,0.16446432089001717,0.7797728299055722,0.34613085334092575,0.18981293905532137
2021-10-12,0.23197969883389438,-0.10440011991362341,-0.33791990478518363,0.30010595543286606,-0.8969725727753006,0.20991174753200892,-0.05826908032107758,0.4498948871941473,-0.6804583911420821,-0.11791125858929585,0.4842184800547635,0.8855701306393935,-0.45685106095143785,0.24267869130988792,-0.11766887577307408
2021-10-13,-0.10198027861265702,-0.6816765135131077,-0.5109422322859978,-1.6164184916208433,0.40383458306341535,0.6516802277308371,0.9808187073096006,0.6673510177996977,-1.2991789428329457,0.08896141211900632,1.2216787947534062,0.18863062944430264,-0.2522861374058457,-0.011476134017182393,0.49327980646681147
2021-10-14,0.9786768755039408,0.5265174281009334,-0.40021912906101476,-0.008183051434374145,-0.3207708238663349,-0.3497209338336159,0.07056936766813204,-0.11935055007192497,0.15386678602165216,0.3602355519830256,0.7235170434252342,-0.20034186486233818,0.4308910295415056,0.36804510792846445,-2.359290823652622
2021-10-15,-0.12739665674502476,0.44690315800896674,0.19294380944784412,0.12349347653734477,0.5755764243292036,-0.4840575916872041,-0.18891792137989505,1.9906462666480107,0.2420077395511846,-0.5352473823460451,0.06934009742811575,-2.0622779829320614,-0.08219899232255778,0.49118945961850735,-0.6931842459733428
2021-10-18,-0.13430143833000807,0.03948195434285795,0.4293396821685519,-0.16743248138580857,-0.688451052469095,-0.8051034669203214,-0.04014739942554779,1.2049946075146885,-0.29277607851937926,-0.05348537997656777,-0.46138384032629876,0.9353673700818139,0.26406873687769766,-0.7624891490754493,0.43340372898768054
2021-10-19,-0.12240825066603278,-0.3439461321277286,-0.9468708794052669,-0.2344753394876484,-0.4991795655632762,1.2946432986245706,1.0632899357608308,-1.0168017554946385,0.30881449196737787,-0.47695452613346156,-0.4844312090450852,1.628644329728725,-0.04611101054476918,0.05038380155533234,0.43328223566041507
2021-10-20,0.13320280550226404,-0.2926001668523459,0.4660792674251142,1.1465239532469877,-0.7270826154367123,-0.08042844053944065,-0.1504140833984382,-1.1994683972119604,0.5597409622919731,-0.24143546053623122,-1.445998766190424,1.2547794587232959,0.2557953614538264,-0.1402963414175602,0.7052185134420398
2021-10-21,-0.03385891836594057,-0.04094306011031568,-0.7918813088146945,-0.44994497496336944,-0.8254006063693096,0.8216395270903907,0.3256824707608319,0.36577468877280905,-0.19753970052679104,-0.34618862916085413,0.2016942761313109,0.44755445087261947,0.010932887001921188,0.7437794384677386,-0.04471267093147213
2021-10-22,-0.4263674714722784,-0.0721660713775788,0.1596974283881094,2.2420880349772787,-0.06440863144427134,0.7866061467606704,-0.5269995654652841,-0.06122598211099528,-0.13924657243662164,-0.8894789107419605,0.06394262379340976,0.4744644304028842,-0.5225104847985058,-0.5356113697546506,-0.051319973803115926
2021-10-25,0.6945635010126597,-0.6686715129808475,0.4657603414499312,-1.0467808912724674,-0.00769076681167169,-0.7066827321551907,-0.05804471515562459,0.38065216303693544,0.04689347670513133,-0.14125168660745108,0.37891048826682605,0.3285854149432972,-0.01926724039921146,-0.11691620815630854,0.23269627590312003
2021-10-26,0.433103007263361,-0.44512792941443846,-0.18361171005588456,-0.7437167469240762,-0.08564793657766978,-0.09628981073834308,-0.11159401085923482,0.16028962068146885,0.13146391095029245,-0.04479668275011339,0.9294463910135911,-0.017145498024006,0.02854795685071193,-0.23617242693084906,0.07109471959077929
2021-10-27,-0.6919480074258104,0.12396885506578781,-1.9463655639797304,0.32075385750666885,1.157514876179774,1.960448571165494,0.0063427498680521666,0.23347949964459258,-0.17814624250728617,0.0012473319319847853,0.25361151573028184,0.02989818563722202,0.028791193325050424,0.05479151293197626,-1.2889743212085594
2021-10-28,-2.1324081593279827,0.3353050402326041,-0.22612639269981694,-1.1260456965690255,0.3125534742373174,1.2593386643871967,0.41948801847090017,0.3422890501407087,0.8011410891257329,0.1549226429133972,0.5385319845546335,-0.7110450416382322,-0.37607597232230516,0.262260755047105,0.5258541809225764
2021-10-29,-1.4872228007693156,0.3445780178126929,-0.42327552873382146,-0.1706457258540112,-0.2713017637234576,1.4400944863917071,0.2093274988656474,0.06195428850074164,0.5461842692382342,-1.2924286699735208,0.7878959442894224,0.5216554854988893,-0.32193830829131764,0.31040579625426723,0.30852659991684106
2021-11-01,1.7139604915332989,0.7196794210360757,-0.39673462203928567,-0.34553041191609435,-0.01480183162716947,-1.775447681616069,-0.7119593343406396,0.34578657128291773,-0.6628941758621126,0.9017479043855241,0.6462804392332603,-0.885993259628933,0.3029197834698916,-0.536539562189899,-0.29146416603739816
2021-11-02,0.49422447434405736,-0.3574169329077951,1.5554230030769112,-0.3173549304396961,-0.9164321698509518,-0.9548920775062064,-0.018761199630319525,0.6979141452032831,0.24938969448408457,-0.349643530850822,0.023471833328309488,-0.02667792003073627,-0.04621372255754788,-0.43639409917090666,0.4312274613171712
2021-11-03,0.8382425042839926,0.08427249860116404,-0.2860107429691633,-0.3025636149488879,-0.19605740620230439,-0.47542272096483107,0.9392808504775595,-0.8895061086210924,-0.6042251879618024,0.5785986904733904,-1.4047876542748048,-0.162497037508192,0.8718843806558986,0.8311830097281496,0.14117749414077074
2021-11-04,1.5384863978305692,1.3780862119216388,-4.565341756577881,0.45946402446847556,-0.45496953803621,1.2801638799103396,-0.023885757090641942,-0.5469122002500755,0.3463176999432853,0.8495174522533895,-0.6457600527110974,-0.1277464581358676,0.6808857932427854,-0.166506142393142,-0.47016397022405276
2021-11-05,1.702226611205184,-1.8960398342163116,0.10264260525794076,1.3337805508799325,-0.045925149368048326,1.3697485508541396,0.24691624462087094,-0.33614527094644375,-0.29230831226309134,-0.009865056321616907,-0.08499301556453162,-0.40110670159193174,-0.725068099229006,-0.43272202596751336,0.3745860686076252
2021-11-08,-0.1905358922034943,-0.08386140756085533,0.32378470294977735,0.39507627019875,1.1436018669021553,0.11489730499277373,-0.28497715650803634,-0.02941432521756901,-0.15492759003231438,-0.15741715261881345,0.0831061725953056,-0.04366633069330872,-0.3310633605674764,-0.10035897132128507,-0.67023329533405
2021-11-09,-0.09277732259348437,0.06368826935480576,-0.6953602177624111,0.450364955409835,0.40626673930273943,0.6102007675704266,-0.040481558922698835,-0.2465703651477228,0.03965926030529965,0.01196120795336042,0.01344256218281134,0.22716890604141526,-0.5129500351604906,-0.18658200856549023,0.07503989723809024
2021-11-10,-0.2574470943576038,0.043655494206515315,-0.23891269339110616,0.44616007849171346,0.3132671968363576,0.3862953447827546,0.5800271959407548,-0.5973223636246602,-0.07505520136351015,0.30959922203351864,-0.7493508349738704,-0.6765211976974401,0.22450895750214095,0.3033947344666382,0.23387895033205452
2021-11-11,0.20288924528868568,-0.35049783520672195,0.3264907184250315,-0.4103862424862367,0.5102797307795526,-0.3059704672496098,-0.06468025132154637,0.10964267747730538,-0.4275945047790053,0.0399525395667209,0.3557377684473869,-0.28812478413860354,0.1499643531147607,-0.041614948537384344,0.0805407428781694
2021-11-12,0.9964210045427147,-0.8741964482184285,0.20406236575642617,-0.1073292100544112,0.3592532225096617,-0.3266872118786161,-0.003934340329053043,-0.04402161205128302,-0.5982645202823875,0.6938596675480224,0.23330375168973794,-0.8045728388089307,0.3298411068793255,0.09037986246853497,-0.292558676938323
2021-11-15,0.7861107433388588,-0.27257060739922073,0.1755661958473897,0.35544499207638036,-0.3972561124249838,-0.1650788455006383,0.2669062424217507,-0.2289194957082667,-0.23278280715728775,-0.07836477497848943,0.02770335234543503,0.35264760198953515,0.012591866097038502,-0.3553649823045801,-0.0384325329906085
2021-11-16,0.28505282617236516,-1.0553378107384854,0.619646052218568,-0.24875430971275958,-0.5841040101922523,-0.34841295890138185,-0.4173873717505445,0.06750862352571763,-0.16860503255515968,-0.5486219503066784,0.6394723657700497,0.42872002249574437,0.5577641830758573,0.24484148804300618,0.38384543737067645
2021-11-17,0.3680839598046455,0.4388822897242997,-0.4227503260530867,0.1325498447911324,-0.01685577449465203,0.07670369020762946,0.9411192528286161,-1.0688733620469488,0.4214209504185139,0.5713570284019269,-1.026455031666168,-0.38739399382675255,0.205003171048736,0.627845350824715,-0.8172761711821743
2021-11-18,-0.9704699436700448,-0.6076251984803707,0.4331267992670094,-0.5723916195836496,1.0314947382419482,-0.05936901379670936,-0.4893010364529695,0.20913720141219935,-0.0860008533146327,0.16321606130713096,0.21177371905408482,-0.045596800622217604,-0.03711417724354149,0.5972394800144085,-0.12773265473701245
2021-11-19,0.5162448563021308,-0.41922185472442375,0.6276363654533008,-0.3486656932886232,0.3530378281045329,-0.4660892338704943,-0.7114083794554812,0.31586898533105723,-0.007405413570651609,-0.3417796932372581,0.6583396787393455,0.5632697160254994,-0.5816766930777133,-0.014493231536285345,-0.41636667949480355
2021-11-22,-0.6064785702275999,1.2537319111261815,-0.5148796678166163,-1.2495544416346667,-0.36441239665260605,-0.7615047950905671,-0.14569219327369398,0.44510152516076706,0.6165895159361705,-0.0667510189534879,0.319317447669059,0.18890903570677264,-0.11826235661689499,0.025229229805852738,0.4257799284896169
2021-11-23,0.11978255597410925,1.1782498626597446,-0.3858073986372659,-0.8867596672031108,-0.19035064876473173,-0.5047844674731828,0.4038239637752181,0.30330288720903953,0.5381513207409889,-0.579892971910278,0.12184643879505974,0.2915268923438521,0.30722464910423497,-0.8734585676403048,0.01201690827617985
2021-11-24,0.749951101478439,-0.8074154059179878,0.8493727617067349,0.20362135851205784,-0.3548457358574212,-0.42547533407712657,0.3068830293011287,-0.7667472798558008,-0.3013568594814254,-0.22004844133604173,0.08202882131861672,0.3483807684374886,-0.034356711671922,0.4094888432055167,0.1510422573641353
2021-11-26,0.4815998923508955,0.06872498698098184,1.4822458085741372,-1.8169022069233343,1.1202742870990305,-2.3467193182451926,-0.879574156744166,0.7759173188676725,0.8597643399349058,0.018271426631777832,0.10886270129868958,-0.8794695653670375,-0.06781260910201947,0.3029541011299406,-0.3285428057515434
2021-11-29,0.4269394914621676,-1.1715294221844306,-0.16744361680436443,0.1517351656011335,-0.3184096621228636,0.6197240490323407,0.7505681502143008,-0.6577168617411991,-0.3293553494381164,0.12303875973993195,-0.545540537942373,0.5592234597407584,0.2622291261754015,0.5266820322125719,0.10555010649791391
2021-11-30,-0.36189977918294014,-0.763691057413034,-1.2435660421403347,-0.44832417910436173,0.593979449714122,-0.9231264725262527,-1.2146282376814854,0.6790328997313406,0.9009674195259774,0.9477925510888459,0.14487098281964017,0.6401600041812516,0.4317837456253695,-0.1472327975819827,-0.5343590840452788
2021-12-01,0.3843686590715518,0.06925930703909988,-0.3161714019011854,-0.0473661413184967,-0.3356215240312094,-0.855145479454223,-0.49928379026483527,-0.31150864168377385,0.43455710465143266,-0.3037220133998071,0.5890536497835748,0.5880757986624136,-0.21321094365233995,-0.07171537398145833,0.45066073472065793
2021-12-02,0.0531104018284001,0.465795164607274,0.5360409798712016,0.24349022127565512,-0.8734198284705708,1.5596851444140327,0.8374114885842774,-0.04686669763186346,-1.051597219634348,-0.15542919428553992,0.30746667996587673,-0.24084364487866639,-0.39205834236416326,0.020820375161093807,-0.19356604179811265
2021-12-03,-0.6030631871736724,0.0647691733178275,-0.12234754974169704,0.4205662769031518,-0.17765253395302782,0.17993616817533253,-0.0952653067492738,0.10707004150179633,-0.42519848794836224,1.0347041021001764,0.5204549220206878,-0.6352997021876019,0.4805646755945091,-0.3271668811723417,-0.41684171195311337
2021-12-06,0.8763787266811283,0.3902269377127736,0.29261687917686574,0.836202828986331,-1.3057313947040916,1.4941041858967847,-0.6369181355645094,0.7649774224053336,-0.2650396047316522,-1.2547510396391772,0.1675946284345028,-0.6646780806866178,-0.5380306896627893,0.3801812424700354,0.27239210047194695
2021-12-07,0.48620915448048785,-0.21967645353222487,0.2908972289645548,0.4213416393588212,-0.5697124189073525,-0.182150271729534,0.40018962227370913,0.06937939298768692,-0.265293563666666,0.1771620039972437,0.3033986718675932,0.2283088516029348,0.12465725558048169,-1.0969894056895901,0.1154935347508822
2021-12-08,0.11369340167858841,0.016701975604070968,0.15748251357299203,0.22041616829511124,-0.06228824235110536,0.348400368504602,0.0897715007111401,0.29221977107723657,-0.6026148704139251,0.27012115337558334,-0.07165186081114694,-0.27701061939309496,0.18158986387126871,0.029728734382738486,-0.532223566927146
2021-12-09,0.6947943709446249,-0.29945074031580393,-0.7748094980942954,-0.03012435621516904,-0.0680625019603861,0.03188790525749491,-0.7774357269008234,0.5940961105701125,0.11142305281175366,0.10705477865732241,0.26851561084648845,-0.5519692518112084,0.374742301624151,-0.05022268343976871,0.06816816404491077
2021-12-10,0.4764073496169982,-0.5037919971354562,0.5910208504116757,-0.2733025755098014,-1.2474956323891708,0.0989369644467617,0.695226931458488,0.010249388846734098,-0.05668347723531886,-0.3502379740006727,-0.4873176414202717,0.17764479215086984,0.22943069208075362,0.35458744797287267,0.5209886965458517
2021-12-13,-0.14733999584228996,0.2295441975955902,0.5449723618646026,0.10543014886438695,0.34877393274233004,0.2987039923809588,0.45608916339192185,-0.4323557811135935,0.06757847759896574,0.18867131245762658,-0.08284035940735157,-0.8818725835756245,-0.2268710125927299,0.008679346958399448,-0.19638665602747585
2021-12-14,-0.5404278455447964,-0.13327361923344394,0.20282674782361743,0.2114527040473893,-0.14277135453177725,0.23649697732764252,-0.14766646010790863,-0.15353971615507012,-0.13427714337461383,0.042426872401929105,0.23482470801884292,0.09654560336914875,0.22353010277141572,0.3477818102317535,-0.3091085167663957
2021-12-15,0.20877206126076625,-0.20925338985289121,1.0851150880407268,0.542895623575782,-0.5106445649883197,0.5448736127636883,0.2628894452212729,-0.1333217421060259,-0.5757103952477638,-0.08369377223216677,0.13130540882270064,-0.30644317454171904,-0.22672268491959016,0.5504086361441848,-0.7662002199908335
2021-12-16,-0.18353593776412647,-0.07491329239577627,0.28352728592339926,0.006211521918989604,0.13382634706473429,0.2999950458103615,-0.05827880798024476,0.12864834278845771,0.18649682521647104,-0.41145348618471633,-0.4805525452729451,0.3022136178819297,-0.4014573424611626,0.5412645272165724,-0.18305670649262895
2021-12-17,0.006437986513242455,0.2585675157225025,0.393806001951692,0.4804534056203438,-0.02048750445302061,-1.1941887015487027,-0.42726745678268707,-0.7114902026693326,0.030120274433676153,0.42999975187784556,-0.10629146738371942,-0.04146191825942758,0.007533208908671041,1.0083599393673663,-0.4233581238857129
2021-12-20,-0.38260964311125645,0.2692667403149269,0.09119832514770854,0.2653957555800268,0.06894177588259098,-0.15690074560674416,-0.16941446067564314,-0.4384875572921687,0.24821590789572423,0.006353129051585249,0.21745566837191954,-0.030362785952312343,-0.5780855539467775,0.04754056655653116,0.5410351836092219
2021-12-21,0.1907610231255854,0.6722986080084059,-0.4124655575458387,0.09628874867125159,0.2140896204370739,-1.027874888204732,-0.1547998761452447,0.09515045406618228,-0.5464417679240505,0.13479034001459445,0.19585662255703884,-0.1984922670971876,0.9563780666958976,-0.03678404916764699,-0.4588672897707071
2021-12-22,-0.058883915254636265,-0.21545205595265435,0.050629334461333414,-8.791559496379442e-05,0.157016184742865,0.0028840099623059223,0.05395162058550784,-0.08326474885620239,-0.10278152014514463,0.23149717417830457,-0.05819082138700987,-0.32563576873181793,0.17245333345701513,0.22944435537514402,-0.05453760589676809
2021-12-23,-0.08556340450157174,0.5793366181124856,-0.0975343233446413,0.14543255712094544,0.38834069428734774,0.10913332698038924,0.1266875272420515,-0.10301896163181035,-0.3427785299013074,0.2070486186208642,0.12240453872414658,-0.42867994484612926,0.03804098783560961,-0.2367567502799668,-0.3510975996543964
2021-12-27,0.02750987463273713,-0.3602154250362881,0.4819914350839002,-0.1921773688120587,0.07689139143424917,0.4198460903616648,0.7416819599986841,-0.31816916237313764,-0.2173312984325778,0.09573236263710194,-0.12295751722384174,0.4273588555037815,-0.33239252554256776,-0.3281610587800332,-0.07762463434418387
2021-12-28,0.21670199448683122,-0.35675217885604493,0.46330426754821413,0.1981393262861913,0.09461490597247506,-0.18326293141031832,0.20583391399240247,-0.07543805550860065,0.22601561724775304,0.01200278485565226,-0.23425148697233555,-0.07197548208648685,-0.00010474750970210223,-0.31914671400919825,-0.022242491473870113
2021-12-29,0.17614318011970195,-0.05727082900227279,0.27574924097069586,0.24010440910905506,0.18383526585854298,0.014473679435413861,0.012673816167745211,0.20543531009833738,0.21088030315391015,-0.11317114610631973,-0.3709174594918632,-0.052847288327112676,-0.15801507264446923,-0.2853217084185167,-0.1626302773743179
2021-12-30,-0.21213940384180333,0.0988516867815198,-0.022443136092337883,0.35436430931366447,0.17887986923495997,-0.377089042754702,-0.29202917135168044,-0.06146336630265517,0.17565245930064394,0.07401738441300001,0.09913824991576892,0.07257218322744571,-0.1024806895890023,-0.29619231285559555,0.25722064123332133
2021-12-31,-0.25078814295335455,0.15436410455625293,0.04536245194544086,0.13862017380179137,0.31086686776362715,-0.02968720487387958,0.057397940911489476,-0.18338192888012417,0.20962803666447566,-0.05280148015646336,-0.11496607345999749,-0.08737728975691492,-0.18842041389222852,-0.1713883901437211,0.19717022758372604
