Date,AFL,AIG,ALL,AXP,C,CB,CME,GS,JPM,MET,MS,PNC,PRU,SCHW,USB
2017-01-04,0.009173337688800576,0.013052810561128503,0.0026965305605526346,0.016393255000357154,0.013533234798317695,-0.0014428438092577434,0.009790047216548414,0.006457715567994793,0.001844209210182468,0.005527045403218356,0.013240362736107514,0.008476511361440675,0.012206286063313865,0.02537325641467203,0.007384340431872527
2017-01-05,-0.006533488208845695,-0.005608620924550722,-0.004571951384203299,-0.012326139388765922,-0.0174235317881678,-0.006766961631357593,0.003462747319223025,-0.007444328515488596,-0.0092049735690799,-0.013741282592836801,-0.009169774607711845,-0.01336505059912374,-0.014979423738420317,-0.0060649013724017875,-0.016782442788989105
2017-01-06,0.0034312178916979796,0.018445014209015786,0.0016211310577174398,0.0019914746505302894,0.0034801527102892305,0.00535877395093598,0.010955794652260042,0.01483485919993699,0.0001161553291404438,0.006501994976576997,0.014576213971544405,0.014227839707516399,0.005738828048135858,0.006345647262779641,0.006474399533820119
2017-01-09,-0.00954571014070138,-0.0064363522572123966,-0.014295416325983523,0.0051674511148849245,-0.005449954175119953,-0.0062440919331133715,-0.007338675065557965,-0.00820742907823524,0.0006965097728066638,-0.008859089568346246,-0.025997498427208,-0.00713998128883675,-0.003899561762993331,-0.0026679942274612234,-0.004483509950823139
2017-01-10,-0.0012942871701721037,0.012353456552311348,0.009030181212051458,0.010413835535788785,0.00016623863133324868,-0.0003828608880471762,-0.0002580602505217744,-0.0013172346671148638,0.002901184004088675,0.004282640354797751,0.00819460782007253,0.0039762176215414335,0.007924470667178385,0.001702786833774006,0.002937243544355539
2017-01-11,0.006193146217555068,-0.0037206883226456045,0.0025760880139344966,0.0033923868312291106,-0.004483091889611046,-0.0007667039157559508,-0.0034392455376284214,0.013150812218806207,0.007520555118547545,0.009271561612710144,0.014166716447723271,0.02241503842275394,0.00871445916801572,0.003156087464147861,0.011128093108362824
2017-01-12,-0.004151338569261975,-0.01045539868805001,-0.0035163432680394013,-0.00039010585977572454,-0.012174850880070975,-0.004372393584913259,0.004573307271872773,-0.007812700609341139,-0.009646448390932982,-0.009553509585854547,-0.0009159846921724668,-0.023596508026474616,-0.021316590257902224,-0.0014524514555456225,-0.006950963133838695
2017-01-13,0.0010063642040780696,0.0015094412598728457,0.0028500077905924126,-0.0033818984099154292,0.006753492452369336,0.0035442827970275648,0.003778693464800309,0.0018867345475799269,0.005333841329040467,0.0074194927801320976,0.004125479902117979,0.00729249441753721,0.009691133715924227,0.0036353092797019038,0.005055620294273311
2017-01-17,0.003446216698171911,-0.004370460389342745,-0.0005409545983849906,-0.0002608285154397372,-0.020962691455188587,0.005681445361134907,-0.010096507086605144,-0.03503910836225843,-0.036331920518217764,-0.013993726720507693,-0.037891435353749614,-0.0409126947925027,-0.012448876331034642,-0.026079796197978955,-0.02669766922434258
2017-01-18,0.0012878929037840603,0.0027246757372139108,0.009071905847831907,0.011618503092371668,-0.01695776738155763,0.007481375459996276,0.013484308737642614,-0.006150888456840309,0.004668038906577632,0.009523432106207874,0.016845236158346433,0.020977900136633476,0.01607013822333747,0.01909207251258449,0.004969321142324734
2017-01-19,-0.007288809388350526,0.0007548344239955984,-0.004025610267370139,-0.010324177355605535,-0.012720055583285705,-0.005304021026499184,-0.007590770934505997,-0.01229241893606181,-0.0076246022178815265,-0.0007395950111492855,-0.009566339837333238,-0.0061038675560928235,-0.007860450933428575,0.008272474782911043,0.0033622742829964025
2017-01-20,0.008926004320861214,0.003771325393747249,0.004311949379278257,-0.006389444635652275,-0.00970698992477581,0.0010662827364202876,0.0025784518148683766,0.003413858279269988,0.004441313043359596,0.0057387647313853485,0.003298085661700645,0.015050477852535993,0.007922727141382424,-0.003137047723406061,0.009264650566029875
2017-01-23,-0.010416566486386447,-0.015779909065375852,-0.005232372696763465,-0.0030181110567885083,-0.0076634423727258705,0.00015209546726091538,-0.0036004005424769003,0.0020236446222858806,0.00047840497953322014,-0.0042337445061099155,-0.01479218535493676,-0.003578925109000153,-0.010417635747963838,-0.002904768443326322,-0.004492160576711979
2017-01-24,0.0067771313225051255,0.00015257719857886265,0.004315892259614262,0.019218352651627635,0.019037331967310278,0.0041087566110269425,0.010323710707113909,0.004341385108429741,0.012065230913121061,0.014972708909830157,0.018351118473892702,0.014795328277446451,0.011484135355944058,0.014809325405474638,0.015695426603919538
2017-01-25,0.00916628807265929,0.0033587794856391184,0.012353397226936291,-0.006973739897526254,0.016742804751798568,0.008335133391825122,0.02307516124640796,0.015277417307268504,0.015462767158059831,0.022582018955539906,0.026445051211714032,0.019804512087619353,0.015800898758617343,0.011722596004554386,0.013134969687196296
2017-01-26,0.0014194842599317692,0.004564915597170316,0.005571541143955194,0.000520050660379745,-0.0057201381074218904,-7.503153722066003e-05,0.004910800461374265,0.009820777326247754,0.008369367191438437,-0.0021368310882583508,0.003647723285739035,0.005123340545056809,-0.0001862280615040346,0.0037830004792183125,0.009533035448687999
2017-01-27,-0.004110154470189253,-0.012269241905645711,-0.0029022888225403998,-0.0010402372002398241,-0.004358259887505489,0.0018035260849726953,-0.0035614070734093506,-0.01097756173669262,0.002074919101982653,-0.00749614084429262,-0.003879844984243208,8.229801540404758e-05,-0.0069869152369617105,-0.003297854254329824,0.0007554206186117796
2017-01-30,0.0011387122225927637,-0.004907008263980606,0.0002645500996814043,0.005595206720613755,-0.008754854801818701,-0.011927701087981357,0.0010806091313311228,-0.012872014649729757,-0.010353339022831531,-0.01276768291785968,-0.012141907730254697,-0.010358281094318578,-0.009569494002200418,-0.011344764508626315,-0.0026419249764012553
2017-01-31,-0.005117425398794118,-0.009708722616087795,-0.005290599491413084,-0.01164580012431704,-0.013778787581017027,-0.0016704673289628102,0.0053139792445642264,-0.019580966115406828,-0.016273680971765736,-0.0089249504727279,-0.014609986871923497,0.0006642637084302017,-0.004357116247303838,-0.014104772964396828,-0.0037847648633682063
2017-02-01,-0.0407203378226052,0.0001556487232612369,0.000399112107095867,0.004975175227011519,0.003940409381210319,-0.022891477085045797,-0.001487083173075776,0.005887007224635088,0.0037816266585637415,-0.001654009928199529,0.004942436521982341,0.005645144536822189,0.004281133495802836,0.0024247844190186107,0.0072179593478174375
2017-02-02,0.010277229025422496,-0.0023339899615023585,0.028708203471728977,-0.003257122129649792,0.0016105739425722465,0.01782369154676733,0.0029781490121696397,-0.001126996393611579,-0.004237768960175914,-0.04562348730968846,-0.013349257431743644,-0.009327956677899096,-0.010704758053108221,-0.052491548383457265,0.0018857537022665127
2017-02-03,0.011499146110337755,0.012788792678694039,0.0010340021714714265,0.019997378894614615,0.03179673177104059,0.003899890173847842,-0.01080321013948815,0.04574457968847856,0.030618210320197514,0.006024486252695915,0.05459312986532461,0.017915209409644417,0.018193765116596206,0.025530034272083002,0.009975385691475047
2017-02-06,0.004664286532899409,-0.0006160754439831218,0.007743631455625399,-0.0028185758139541717,-0.0020776126200380274,0.0011426672655197034,-0.0011676063053082109,-0.0040260122839305135,-0.004702906268421625,0.0021247213959922906,0.004501615896854494,0.0020465522276236214,-0.002068914686244816,-0.01070434416585131,-0.004845315364641833
2017-02-07,0.0005804936921673942,-0.00030845194214057514,0.0005124682920047974,-0.0012851467575178965,-0.007806867943191742,-0.005173946753758152,-0.009013836417424703,-0.0015002172755216314,-0.0005764719510155114,-0.0038552690794535494,0.005377237541423829,-0.007679275766550475,0.004523702643509875,-0.0015100895100930156,-0.0037451716819170144
2017-02-08,0.009714215022605721,0.0004625588735942543,-0.0016643371976107213,0.0010291055743347766,-0.015212412521888874,0.0006119341104431353,-0.018192923158696472,-0.00788727518670962,-0.008763564394016377,-0.005611501813952202,-0.021395136079886745,-8.214781451898467e-05,-0.01285331778566512,-0.004040119437148548,-0.005827227604799146
2017-02-09,0.0037333327842230535,0.006316272847256554,0.004615966896474477,0.0048845918731281746,0.016690377853618044,0.008025770280031042,0.017243042570863842,0.016068626376207762,0.01442486036184043,0.023156272234159392,0.021407425833239957,0.007656667372983206,0.030127656167895145,0.016226799229775768,0.01228969149845116
2017-02-10,0.0011446713766027905,0.004439747321184795,0.00676419032758413,0.003837021555287423,0.006462131924810155,0.006672643850198501,0.0033732075962944474,0.004843938018185501,-0.0022929451436747295,0.006276195343614566,-0.0033444842159257027,0.005801142690537997,0.0033213540279917186,-0.0034930375723200013,0.0013075452122790487
2017-02-13,0.020560786603962322,0.00807794174547305,0.009254859804711968,0.0054793279047726795,0.02290429996750798,0.007908960175763147,0.02017147629719207,0.014625659385243628,0.013218057009690254,0.011151046294007205,0.012527765169183303,0.01072315025466719,0.009655140848696453,0.0195292719072806,0.009699565888937167
2017-02-14,0.0008450480059685184,0.011339783867081454,0.002386584003709391,0.006336095330963243,0.014928002970708842,0.0013452479903888204,-0.003048070679569581,0.012953235300364963,0.01599554488328936,0.007103120406161567,0.017233821579272002,0.01350273025289872,0.0059199285153865855,0.013261159630925334,0.00775925728439586
2017-02-15,-0.0005627336322586718,-0.09029745438135595,0.011403676548719544,0.0023924518978228893,0.011198192565219145,0.0035078357538742555,0.009090487901354471,0.004329542841049916,0.011500609705140663,0.0009276038705565703,0.009774118459330738,0.013164157262768095,0.012131997764952995,0.021813299314370704,0.01081545972717013
2017-02-16,0.0026760788990627393,0.023335763676823218,0.0011151594445704127,-0.0011303324657244707,-0.0019835189302035428,0.009445067290799303,-0.0022935505898820097,-0.004390529545074129,-0.0006621417967519472,-0.005191796993482045,-0.008173564424964197,-0.006262205707679658,0.002862641786178788,-0.014469026743539004,-0.002357681357863295
2017-02-17,-0.0012642998647547365,0.003693937649624335,-0.004455319185157847,0.0025152257010334633,-0.003477675204917152,0.003388974695448077,0.006484603356373908,0.0037681581235331496,-0.0033140929242395645,-0.012674280681762684,0.0008675853664303901,-0.0007876878882203675,-0.0022450699391154405,0.0,-0.002362758171448709
2017-02-21,0.004500407345161994,0.014559941335657411,0.002237570380864806,0.0032618291772170682,0.006315420135935668,0.0039651512243046305,-0.012803629752169754,0.00551183771888808,0.008644684906327083,0.007173632703651567,0.008883984888772956,0.0054395042510571034,0.000989856696475666,0.005535604295588303,0.005830931852590204
2017-02-22,-0.003639936681252065,0.006623575858483832,-0.0004959719226601544,-0.0013754386847851796,0.0011562238704527772,0.007533209073582237,0.01206086914540161,-0.00011911912185769147,0.0005490769404155049,0.0024364575488824425,-0.0008590927795496528,0.001646484230380052,-0.006473655605924389,-0.003829624249319208,0.0019925565970129178
2017-02-23,0.007868987204534106,0.0029764878067324307,-0.00037286505815947724,0.0023789706941179656,0.0,0.009073663679753263,8.138688184544662e-05,-0.0021452130815032833,0.0007689959095185106,0.0014959935385225887,0.0012898546876241035,0.0029740764680799003,0.003258402445990516,-0.009129947216617307,0.001626951068688376
2017-02-24,-0.00013923364266343885,-0.006091768895441052,0.009105207636046275,-0.00362223754137303,-0.017486139900947717,-0.004315923338588656,0.0008165358337204331,-0.015287553255577735,-0.008778822981544754,-0.019977940223278368,-0.022541983574732694,-0.009833257885645263,-0.00811885251349842,-0.0031525018723509435,-0.005415147727624636
2017-02-27,0.00864581130591513,0.005814802642893913,0.005314263432980804,0.005140397962154264,0.00772357485872166,-0.005780417380080061,0.0017123483778369586,0.008005119447246578,0.0011071801101909529,0.0032388750197573923,0.0068085338222683145,0.009852265937816629,0.009003503542182267,0.015081320547462918,0.0034482598439571355
2017-02-28,0.00027657855188834013,-0.001250021042210392,0.010081174229199963,-0.0013723314650049279,-0.003499044427385134,0.004069804347933914,-0.01115340861869496,-0.0024930305122415897,0.0021010881784295776,-0.004177401338140596,-0.00370887466774783,-0.007024372672397194,-0.0036950881197373997,-0.03163166552207641,-0.00524488645731902
2017-03-01,0.008708206720858813,0.011107717366852343,0.006450676161263269,0.02323255053287765,0.028924805251479224,0.015994690464182337,0.04561142933884277,0.018745245258581678,0.03288446266650502,0.03604060816878252,0.024962061389916412,0.028452371047379854,0.029672167262614346,0.06384530600447391,0.025636328783139373
2017-03-02,-0.010825362885072742,-0.011295356909760579,-0.011367853354782409,-0.022216935148035022,-0.014787193465184756,-0.014104721521967845,-0.021732166685833332,-0.006528937223413411,-0.015598065752767454,-0.01656497423808656,-0.011322561317497093,-0.025525415227707238,-0.01774707085253935,-0.017677992243555374,-0.01648650709906252
2017-03-03,0.0011083279705799143,0.005008138043948618,0.0013455453031991915,-0.0027465212048914944,0.00610269390490048,0.0018066009700787866,-0.0015292528737180788,0.007288901944227266,0.007162628278857719,0.026202344444056447,0.011884591365457275,0.002509876505700115,0.006797998105005476,0.005209453805399278,0.0012617254876401418
2017-03-06,-0.0011071009396422804,-0.006851525174123796,-0.0063520770300897755,-0.004757293445226907,-0.011803309245661087,-0.006923963571977776,0.0,-0.0034796846838148765,-0.009482569878095926,-0.016414448182816455,-0.005552227731257631,-0.0018776331648845401,-0.00701891649469133,-0.008009416692189575,-0.004680559463319911
2017-03-07,-0.003324194223125021,-0.005173923117045565,0.0014752347346929096,0.0010067190614457822,0.0036494675848905977,-0.0020336540438438133,-0.003950031406058763,-0.0044046706527886,-0.005548209549008032,-0.010754335316875863,-0.00515355807495832,-0.0014888968327357865,-0.0047417368114364145,-0.010686491572459933,-0.00470227463584727
2017-03-08,-0.000834447591798626,-0.00015755924514437858,-0.004050775553417041,-0.006785876378418654,0.010082930223816788,-0.0032746824859489765,0.0024408789122452035,-0.002630518199579157,-0.0021879830688520396,0.0020614652141668355,0.001295036718074405,0.0011773273625097502,-0.001348431002609396,0.004800948249467751,-0.002907470110108834
2017-03-09,0.0027819205692884985,-0.003625581158207769,0.005423078496963107,0.003289698219544279,0.007199967346782854,0.003285441262911304,0.004951241983699228,-0.00023972826345031173,0.0039473492012074285,0.002992776546211884,0.006251410251614242,-0.0005486912597029159,-0.000900167815930164,0.009316705475957532,0.0012755536257056388
2017-03-10,-0.0009707535692871083,-0.0020565079809645725,0.005884415685949884,0.0010088201485765058,-0.0009748406241676388,0.0029107198729210193,-0.0006461112736393382,-0.007195056688066748,-0.0031674373701764402,0.007460219951553437,-0.0040703618049384716,-0.008001540858626255,0.0006304924480111662,0.005443479608132407,0.0
2017-03-13,0.00041675247317329855,0.006692231220216005,0.00060933367516669,-0.002141705273818073,0.0006504446162527433,-0.001959041867387268,0.008890577072075523,-0.0008855862484534738,0.0008768261084257656,0.002591518723428665,-0.004947061163606659,-0.000474265978594568,0.004952261301155003,0.011770383747830016,-0.0003637813715589022
2017-03-14,-0.0029150630116739906,-0.004748649867067356,0.000974842796032771,0.006059908545632986,-0.001462777989623798,-0.0015268062404668603,-0.003044230036265305,-0.001772667595010935,0.0016417776491988167,-0.004985165422729199,-0.0015134324017671563,-0.0014243842489195524,-0.00483819596786117,-0.007212727126962859,0.0014565474579730786
2017-03-15,0.007099304763167558,0.005566435405023107,0.005354131332503842,-0.005772300424769949,-0.009765277549690032,0.006772143602740366,0.0023301836268272424,-0.003795072102547481,0.002403979455267935,-0.0038969832036978014,-0.007360784665297215,-0.007843006803660124,0.0028812914760125707,0.0011719287593605632,-0.0007272640139666109
2017-03-16,0.0006912880242886388,-0.005060880231968934,0.0032675409546518708,0.006815305793234305,0.005095579686274387,-0.0038334400958359716,0.0,0.005835500460636078,-0.0009814565584259638,0.006334038223676286,0.010468863320561628,0.003912495026188179,0.002064895087047658,0.018960879786600993,0.0012736630674670124
2017-03-17,0.0017953329610691515,-0.007788999432278398,-0.00048243649437473834,-0.006518969186909973,-0.012755568688702201,0.002686543771519112,-0.0012024802792373057,-0.017242992671011925,-0.01047566269037481,-0.012217782118760456,-0.028275238211409315,-0.010896867369254992,-0.015230188393164923,-0.015392059574025674,-0.006178522425273392
2017-03-20,-0.003998249607284898,-0.0008008330582153222,-0.005793616969495319,-0.005047285673413948,-0.012920629943384943,-0.006951604535800904,-0.005297196865854614,-0.007378802637693971,-0.00716797476354325,-0.004310281611755062,-0.009551213283694904,-0.0045036674079594885,-0.007278425171786229,-0.014232114803120144,-0.008228470577902769
2017-03-21,-0.011489776533388452,-0.009780502088843512,-0.0082553580925383,-0.016740591997407406,-0.02601096773788747,-0.007729429407152821,-0.029452256402942467,-0.03774665490932794,-0.029323293544139872,-0.022774449106098382,-0.04328350408045656,-0.041118321305112504,-0.030058636014511086,-0.04284040833404368,-0.02857638844265664
2017-03-22,0.003221132449022557,-0.00841968506842572,-0.0037949531348085985,0.0018061602101249186,-0.004651942633453476,0.004188802338813469,-0.007897980517504788,-0.008283219356857607,0.0016019073122304217,-0.0028887715297909455,-0.010548532110543518,-0.0004209416903138141,-0.0039679260063099075,-0.006923564142295113,-0.0017080577308216105
2017-03-23,0.005025301906374624,0.0016327642140723242,-0.0014746250630944813,0.002188522502181378,0.004846833019425567,7.359196667722223e-05,-0.0011730762962411934,0.0035916430640083874,-0.0015993453092847387,0.005408526390803692,0.009002819068147039,0.005309787618202444,0.0007586184193317802,0.0002485831994099019,-0.00038048240199006766
2017-03-24,-0.00013895605208036343,-0.00749922780883161,-0.0033226908741066374,0.004624784378050473,0.00034436230902912257,-0.004390729988453024,0.005788522191032763,-0.015049345963619842,-0.0011443155943491323,-0.0007684902275807426,-0.0030528392003434934,0.0010057159992149511,-0.000568673331755476,-0.0037342708352480214,-0.00019005468189092767
2017-03-27,-0.002083970551212899,0.0008214873425678171,0.0012346173647277414,-0.007672194564431689,0.004477285732731984,0.004410093518315783,-0.01368017011703393,-0.012827739072275302,-0.0005728132763392901,-0.006152650072099974,-0.02072488969092967,-0.01005003709000718,-0.008915261730122581,-0.014992316266630223,-0.007038228763878274
2017-03-28,0.0065427714315093866,0.015263414187671964,0.00986580059344,0.013401630649467533,0.01868692354385182,0.009805095595769364,0.004905221959044637,0.017074645890776674,0.01558913654154881,0.015283331288118651,0.021885531301244265,0.0175124994053808,0.012440832744679442,0.027143728432147407,0.009769920500464213
2017-03-29,-0.010095508045856794,-0.0014549079610706173,-0.006105585294097771,-0.004958930188489918,-0.0005048494683177474,-0.005898987899269903,-0.0026931626656866436,-0.003837328117907046,-0.0037249575138791347,-0.005716451877868733,0.007295422840739807,-0.007732689118142955,-0.006049507489681916,-0.0009877220455039026,-0.01296953906436693
2017-03-30,0.010338039036570157,0.012951132428741019,0.0030717190749398604,0.012268172552747592,0.01885823967513245,0.004029124731691924,0.002953776873784175,0.012124917690479853,0.008610011430073117,0.01801452840203477,0.014720155213943764,0.01835104026194956,0.02034980245686291,0.017058093248518702,0.007149664702455816
2017-03-31,0.0013830837071424629,-0.002237312206566422,-0.0018374104815221948,-0.0012622664993134913,-0.011403135896228767,-0.0058371693095542465,-0.0004206608199062156,-0.006487007956812896,-0.01336605626241405,-0.0056473575621510674,-0.01358537783817515,-0.01061458280203409,-0.005777862007190104,-0.008021585134998399,-0.011895434088507129
2017-04-03,0.003313832253453164,-0.010251541780034734,-0.0020860400007319813,-0.006573353380569968,-0.002340239464213356,0.0001467466702911313,-0.01094286943037659,-0.003308448173410694,-0.0036430957280113585,-0.007951849989845994,-0.0030346740845254017,-0.0033266667055628085,-0.0022498662836342165,-0.005880603404357143,0.0009708325304418342
2017-04-04,-0.00068814233019443,0.0063118738478535885,0.003811873166675639,-0.004198882027241946,0.0,0.007851697893989096,-0.00195765635394729,0.0013098831833640023,0.003332928880652508,-0.0015264900599041287,-0.004682670337549211,-0.005757701916889513,-0.002348509261052012,-0.008380676103503903,-0.0017459087520729222
2017-04-05,-0.005784572327796278,-0.009006308702443677,-0.002572690305898906,-0.002309679740443382,-0.0015080360936579051,-0.004077274651517748,0.0023883746161050823,-0.006978578428669002,-0.01282824203506161,-0.00802773070883378,-0.018113216115418274,-0.007217825511320108,-0.006686841574815805,-0.018642963554479364,-0.008161438008050359
2017-04-06,0.010527733765433478,0.0035703371702149322,0.00024534294739808615,0.002057628712330173,0.005034350354101269,0.00592191200929415,0.002211480172545466,0.0043045709224158735,0.0033649117065250866,0.01483636497210683,0.00838522766437988,0.008200255440864668,0.007679449787411308,0.014690877671718727,0.006073408582496942
2017-04-07,-0.0006852115751915244,-0.008085548770989881,-0.004051656781464019,-0.0019253568622946693,-0.007680846766020877,-0.0008721001079158297,0.001527856846963882,-0.003324076418514288,-0.003469300430582023,-0.0011391660526952618,-0.003326152592136644,-0.0007546111614672446,-0.004045387867593453,-0.0039936202963994916,-0.003894568680659072
2017-04-10,0.008916399848057921,0.0022823326124117305,0.003082438908821983,-0.0035999995112619976,-0.0025237369508389618,0.003709872055792429,-0.007627812438246284,0.00443240799826361,-0.0034808132559568383,0.0034212838527034606,-0.0009539180621163101,-0.006713159576385186,-0.0012281224893602172,-0.01503761269957804,-0.007233953280065375
2017-04-11,0.0027189386689594475,-0.01122310877403565,-0.002335473117449083,-0.002968328281701682,-0.004217504119527149,-0.0013046794650373172,-0.00017086694695456206,-0.005024308750947504,-0.0017467693670119022,-0.000378858893509082,-0.00787359433023882,-0.0028722760215593723,-0.003121236786282844,-0.009414999064444096,0.0021664354514989714
2017-04-12,-0.005423776328102092,-0.010198965893943868,-0.0024642206780789433,-0.007507036763806485,-0.008808858401451403,-0.005659980177123658,-0.0038439701653140146,-0.008738027605906029,-0.0038493670415784553,-0.015160099278802575,-0.012265676151148597,-0.012597825451512445,-0.01480066384119949,-0.013614135106506886,-0.003733809744095984
2017-04-13,-0.004771361004981878,-0.010304217106513858,-0.004816220454146092,-0.011476239610184069,-0.008032787674509545,-0.002189678367944703,-0.006431215969891713,-0.010764267959870177,-0.011709291756766715,-0.016355613967294458,-0.009252774907005823,-0.0017246317593148097,-0.008860005255731607,-0.0226565361239891,-0.014200796271983784
2017-04-17,0.007260400944426149,0.006381299144062824,0.011416920939195885,0.01147738887949945,0.01636792669281073,0.010752073519811,0.013549834186803222,0.013165095121611792,0.01729828543994416,0.015258186105878035,0.019661280891287714,0.022539314945799305,0.013408752272158653,0.016253931948244427,0.011204003337270452
2017-04-18,0.004759872683274713,-0.0071751845076794,-0.0146010675175815,-0.01147728755367905,-0.009662755582320548,-0.004993303394348891,-0.0028950750969286565,-0.0471582068064782,-0.008152658831580006,-0.013680184462829592,-0.006748686740817966,-0.016890375124859913,-0.0069992216123528905,-0.006030300604796146,-0.01464157105653352
2017-04-19,-0.004196093420050229,-0.008739249596649401,-0.006973190922076489,-0.003166667730467032,-0.011811000496132373,-0.003854475252571543,0.0005976162516385664,-0.006957737022515675,-0.008220014139426302,-0.0005865681075919449,0.020140724515601782,0.0006012623465363465,0.00579304919014012,0.009759639018874111,-0.0022089589448860414
2017-04-20,0.008155374487161415,0.01169849497336628,0.005015961373781241,0.059166047035414726,0.01177898759279139,-0.00138728752385886,0.016557187465239043,0.01854381642676306,0.01290580092726823,0.012119516199264435,0.010942261461769354,0.02017519003406143,0.016031686414390567,0.010449601672315234,0.019923553086323764
2017-04-21,-0.0024268143093462147,-0.00904975654691087,-0.005240274513860221,-0.005374141486241268,-0.011812934425753707,-0.009504255606102685,-0.002854574734758364,-0.005503224980263233,-0.0120400060617315,-0.009849399359933897,-0.016470673791626367,-0.005554445617529047,-0.0017954258805435996,-0.009048495789160782,-0.0033545587421874856
2017-04-24,0.00892007324671451,0.009470624577324616,0.014674311885058744,0.010805706647824653,0.029798942478771018,0.009595453246412866,0.008335383925049733,0.029327560470156833,0.03525782790851717,0.01462823615338027,0.04210542058579492,0.022764149630478014,0.02101318432621979,0.02243678168170704,0.02078837132984579
2017-04-25,0.004822801623654449,0.0063662524393572895,0.003955356406941224,0.002237404546300281,0.012954420630014507,0.0024856811182700778,0.0015032491445028384,0.015276549869623457,0.008685694413615108,0.006728338959699931,0.01629903407178257,0.002068325270492277,0.0001853195616585701,0.010972044495930255,0.011055240270877897
2017-04-26,-0.002800093632009948,0.0014983429489263678,0.007141589467549725,-0.0013639587480420712,-0.0018270250158156642,0.01320022722718206,0.0008336758457607729,-0.001897323650447702,0.0019266791425891494,-0.00916564713163004,0.002259055880255767,0.007348456320765306,-0.006395314509000771,0.011105263507791063,-0.0001923394651279775
2017-04-27,0.003342593262988247,0.016456231192391257,0.002200236040120762,-0.0023597999770199607,-0.009175707512498632,-0.003670949795425038,-0.040986337350488955,-0.0017241263263788609,-0.009273520442753314,0.004817704878326001,-0.014263308132113406,-0.00803266439169048,-0.0011194211870720894,-0.02021946102779104,-0.0038369283620593997
2017-04-28,-0.0022649860202850203,-0.003924749292485541,-0.008416693960043409,-0.01344501686340005,-0.004546652819080399,-0.008452426049508577,0.009294828776718944,-0.008901266627950322,-0.006962067958766638,-0.006328821081730607,-0.003904918047033301,-0.010493817219880741,-0.00046660598421066624,-0.010191243965870012,-0.012326860716833976
2017-05-01,-0.005876117585287499,0.011492223733996498,0.0025833357080056185,-0.0002519046542518444,0.005751222619741814,-0.002623041774648893,0.0038726208562971376,0.0046915806904423984,0.0006892201534420828,0.0030882007721182436,0.008531629050862133,0.01169071518056719,0.004017194306748406,0.022651184430211524,0.008190191080514886
2017-05-02,0.007791192666920521,-0.0012983514846794941,0.004049363338590073,0.003912429355431568,0.004204367662759889,0.0010227509000919621,0.005315470042607018,0.0012007163175786761,-0.006432542439631317,0.0009619217784140321,-0.008916456368768144,-0.004044596630692787,0.0009306861662099486,0.007550926941301217,-0.0025146098834226693
2017-05-03,-0.0034655827804856987,0.00016235778979956095,0.03788322544007783,-0.008926353753209715,0.008876814321850057,0.003867826214063008,0.006567101486220528,0.005286432482417114,0.005780983404530593,0.0015377541550185558,0.0029986619145934146,0.014752330961056881,0.008553356851961569,0.009243307794890132,0.012410632354868945
2017-05-04,-0.0049490225010159206,0.01836212525976766,0.007535672785966119,-0.006342674495873557,-0.000498262567922847,0.005379285347383966,0.005167660853753642,0.001237272343242557,0.001149036133004655,0.01837558911322157,-0.004599163640614856,0.008248935495609011,0.00599153769799976,-0.005940495645175625,0.0019154679170017008
2017-05-05,-0.0005379666584562903,0.0006380799848131335,-0.0014027475834689218,-0.0001274867638741961,0.0004985109572726021,-0.003976686228432724,0.0010117174834851639,0.0012354156304619224,-0.0011477173642826521,-0.0005700271095577802,-0.004621564008765011,-0.002673372652884476,-0.0036651235408226013,-0.0007472548598176365,-0.010323461986211258
2017-05-08,-0.0002689364244898851,-0.01259739297801965,-0.007957581224564247,-0.0020426954226415717,0.004315873029198114,-0.0037749701555804815,-0.013977736483029468,-0.008110357361981846,0.001149036133004655,0.008361985025479912,-0.001392351887816723,0.004548713481923983,-0.004322640883704931,0.0069773705128355346,0.004442958180193024
2017-05-09,-0.00632314414945867,-0.0016150673494469414,-0.007078269866395703,0.0035820339940662027,-0.004463150407856387,-0.006631311919921501,0.0046111787363494194,-0.005643910222190351,-0.004018296826795775,-0.01413484022209821,-0.004416534919766235,-0.013907081808182675,-0.0035103635645866715,0.0022270413165210723,-0.008076892306435823
2017-05-10,0.007717240880723786,-0.007279247638208308,0.0014259686291357987,0.002677211937611945,0.0023245666297599943,0.012324000942474989,-0.005015001070461156,0.005005492234118725,0.007838502879746745,-0.0019116218145449615,0.006303896859315428,0.004017905438951308,0.005376745665883531,-0.006679818117208858,0.007561063646539967
2017-05-11,-0.006314585228326952,0.006843886948252553,-0.004508358599204509,-0.009281628776146578,0.00546612644799338,-0.005724543242086155,-0.002221570466083622,-0.000533690624234695,-0.0030881321429557795,-0.011492369678046566,-0.005336603132376605,-0.005798431151928352,-0.006177830750580426,-0.0032378090574933793,-0.0063498598613518364
2017-05-12,-0.007166225839110751,-0.012947175066258088,0.0026217052652048878,-0.0055184250897934994,0.006095838391318775,-0.003425200988940613,-0.005308827204041022,-0.00863117370051203,-0.0027536088871832343,-0.013369390214749477,-0.0032657802300969374,-0.0076390751440533755,-0.014657622560237504,-0.010245161106916312,-0.004454142067851885
2017-05-15,0.004085947751806707,0.013608784938115681,0.004755154203908818,0.01084002230008596,0.005731187970820395,0.004606870428434107,0.00929720840493764,0.010322026494929082,0.004832233386977469,0.017085539498843394,0.016382518990269324,0.011009122393908388,0.011580765804043658,0.023479231049172045,0.007002548919798901
2017-05-16,0.00013543783889669037,0.004205952409497282,-0.0023661584424160553,-0.00255348488818663,0.01742093571172476,-0.0025475201093371203,-0.004861413205093479,0.0021323217217719126,0.0030909791275266496,0.001158647436674265,-0.0011519734925728997,0.003929898535287801,0.003350651114807812,0.003206554403423656,0.0036703425897228747
2017-05-17,-0.001627739788664373,-0.008376595154904076,0.0003555375840593733,-0.02252640126203309,-0.04016642893051425,0.005619236904952585,-0.013370033363384604,-0.052659664910548964,-0.03812338136367144,-0.036451270492163235,-0.05555503910025683,-0.04428313560317454,-0.0406311836269575,-0.06269961013870362,-0.028868487641656393
2017-05-18,0.0013587904293712594,-0.002761326155004351,0.004267158068724131,0.0001308717677246385,0.0016672520259619628,0.005588421582726433,0.005559723509994674,0.006738097455471381,-0.003678298294352844,-0.0030024270690128807,0.008298338442693787,0.001450642063853147,0.00029062999250961674,0.005509096249107115,0.005549251120010812
2017-05-19,0.0020348721813892023,-0.003094978829231154,-0.0069641133023630175,0.005498948638930745,0.01697712047787836,-0.0005773944056181035,0.009243066539850409,0.0010687432761291582,0.009766080894394458,0.013451149088101744,0.011861693678527852,0.011928793459330622,0.012560781635315266,-0.0018263041311304962,0.007094904624787235
2017-05-22,0.006263350505369747,0.0029411964263201806,0.007845330017645313,0.0023437395429026786,-0.0006544421641335729,0.009243389431342397,0.0006848048913059568,0.0029249802728474883,-0.0009431390226442016,-0.006537065831824784,-0.0033491990364806767,0.005810281029454467,0.0026923017574562724,0.006795279505288354,0.006653336813144506
2017-05-23,0.003112182562459598,0.012870510464040086,0.007194285186534977,0.0028579347863899596,0.0106450794679116,0.006081508412682846,0.011034117921264741,0.01675755288450209,0.01251445541384566,0.007177824817530043,0.01824279675041196,0.014231697553764189,0.00843983457987596,0.009086482911326188,0.010109068592091264
2017-05-24,-0.0040466773061712535,0.006916428840644695,0.004800952854836282,-0.0010360534052576975,0.009074850485276231,0.0018491259021540252,-0.0036383225246017226,0.01907670573540421,-0.0005831091872521288,0.00019825207560675295,0.004950694918795184,-0.0015681339086053292,-0.001807233714951506,0.0036016431457468467,-0.0032720253405258415
2017-05-25,0.011918888838707176,0.008306861554492784,0.00547715273742333,0.004149183778418664,-0.005139133879408675,0.013416823009858359,0.0025478415969855117,-0.006075899680589525,-0.004199949269222292,0.013261995224863377,0.0,0.0040509490612778976,0.010099308026196852,0.01025401618027244,-0.0003861586191503674
2017-05-26,0.001740189191128394,0.006812560832582859,0.00254979868351346,0.0002584616057348388,0.001937212832769264,-0.003642491749226595,-0.0007623371763547659,0.004764362001377531,0.00011697661665954762,-0.0027345525555017014,0.0049258391316098216,-0.0010702425628568157,-0.00896068296968322,0.0027910089359524104,-0.006374287888873953
2017-05-30,0.00400860233945366,0.008654424238952352,-0.005780189517965217,-0.004776568217905508,-0.006927695450015037,-0.002460549328639039,-0.006611173440481344,-0.01957086092451188,-0.017103632583477357,-0.00685604210227253,-0.013071571847275587,-0.020277277795192283,-0.0019987241135245304,-0.02176138016645357,-0.0066093624983230015
2017-05-31,0.00319432950571108,-0.007332402260937676,0.003953615707244618,-0.0019461978490300513,-0.017845542492707644,0.009161969178359541,0.0007676294167913156,-0.032780881220804914,-0.020858475338863425,-0.002170065510803232,-0.01277203754647449,-0.0013459987510646698,-9.496609912795773e-05,0.002327824012358093,-0.004109625925243554
2017-06-01,0.007296246139317786,0.004243311093891089,0.011282657107459126,0.017416104440040048,0.008919645647579522,0.011593206079612228,0.004518421616749091,0.01775086614907062,0.011077428290352298,0.02115057122296604,0.020843079267514497,0.012046994252544962,0.01764387886486274,0.024517005374379286,0.012575928497511546
2017-06-02,0.0,0.005320943112401499,-0.0031055140085931576,0.00268345682031379,0.0004911595873924313,0.002001678755654046,-0.007553279649454292,-0.007906771511937749,-0.005056797946087044,-0.004258349194580235,-0.0021122655467616935,-0.008074592949822157,-0.0026235907985674434,-0.01889230108581097,-0.004463230279997288
2017-06-05,-0.00223864183173772,-0.0063823181039340815,-0.000692683062428423,0.006114590404546094,0.0022910085770719846,-0.0006197274800928687,0.010775302208255955,0.003188053517659162,0.0018153718931115392,-0.006026413060603253,0.008701827350958702,-0.004867103813035456,-0.007987600343917545,0.0038511522145563415,0.0005848760287729959
2017-06-06,-0.012803912442345133,-0.00814663627591683,-0.009120988408249708,-0.0015193026587850822,-0.003918370723706044,-0.005998174372177645,-0.008207011419632537,0.0025234863578504907,0.002053034408386001,-0.013104228123723805,0.0011658974305102099,-0.0036262804259077352,-0.022449472258358694,-0.009718573786236306,-0.008766851394513386
2017-06-07,0.0018721419144953622,-0.0023692592690043313,0.0005825722753050044,0.012174997165254942,0.01425996972131105,0.0007629013969325804,0.024450692637018268,0.005826792653921498,0.01145171622521568,0.0023786047763485474,0.00791826702950904,0.014811776525806675,0.0033909962760778622,0.003874027764607657,0.005109738814042419
2017-06-08,0.0036028400658960624,0.007916337596472589,0.008035664766851136,0.0017542063285209686,0.021493175970905165,0.004643575666052335,0.02411890971984243,0.01381000461885673,0.012394076613432725,0.019968030372416123,0.018945927724103973,0.009257514401930012,0.01796270249871479,0.02289680936502614,0.012514772250740824
2017-06-09,0.037234183865827664,0.008168391570076095,0.009357439428113068,0.004502901792009073,0.019617112748900878,0.011037121121555415,0.017172198492927615,0.01682237867908376,0.02366073491443821,0.024229557520441203,0.01836730108995832,0.017849642410314948,0.022199017483659933,0.03848077278249029,0.02143698609257272
2017-06-12,-0.004872058362005771,-0.0006262272142518732,0.006294714705509463,-0.0017430695104496685,-0.002017175035566643,-0.006004285384731967,0.009646876991925124,-0.0023826193322842304,0.00022995785151480597,0.0075700131739844245,-0.0013358378352731348,-0.0026792810473167394,0.005661427949618547,0.014289142082660522,-0.0007564593238220674
2017-06-13,0.0036074657204960836,0.006424356683571331,0.0005690823849247018,0.00523855482391089,0.005752678808475409,0.0003431805464815252,0.00382198366277664,0.010319155935422097,0.0033344621410436037,0.0013149582810567662,0.006689011474266593,0.007896712289438224,-0.002860836537174838,0.004059274107245825,0.0017032707246218415
2017-06-14,0.0025676896116701986,0.00031130984477356627,0.009662529065555425,0.0031019709022073183,0.00046382954698453993,0.006587530074753989,0.00991537392723707,0.010303392761518815,-0.0020630495810505245,0.0,-0.005315829147169326,0.0012921004848449602,0.0004623404889823046,0.0059453626775767265,-0.0018891572320506311
2017-06-15,-0.0038412166495416233,-0.006848330191418395,0.010920838169125258,-0.001731642162051128,-0.009579709059401642,0.004840086351041828,-0.004241495358724534,-0.014480407118944605,-0.005970875067721204,-0.002251003543205732,-0.0048984785416774645,-0.008066341881044603,0.0016653592719571009,-0.004255528539884312,-0.008705566703483214
2017-06-16,0.007454842718669141,-0.00031350952759523487,0.00033425494375438625,0.009293441935764202,-0.0032759741020417232,0.0012213612830718201,-0.004732762694918069,-0.0063612571347476665,-0.004504774135708267,0.006203896154363786,-0.0046990046866388635,-0.0037408214738526846,-0.005264216003822542,-0.00474844768189997,-0.0020999491404024573
2017-06-19,0.011227355162249708,0.002508260260470685,-0.004565099662332317,0.005279366382702877,0.009234280962860275,-0.00318446232985925,0.009985817769558203,0.019476076807096288,0.021931259674184522,0.008781912245681367,0.027877852147520032,0.010448279608045619,0.007149027476811565,0.012882008980706239,0.005739393283680672
2017-06-20,-0.00693883816321661,-0.00875702133711187,-0.0016773338204494337,0.007694733409427945,-0.008839879322092625,-0.0012239507764635338,-0.010750114438730418,-0.004554667300370907,-0.00624507489477899,-0.011668601970733272,-0.004811910373827111,-0.00646247226586516,-0.009679474999284898,-0.007536514889630697,-0.0043749331518705414
2017-06-21,-0.009401796280492758,-0.002681654159910063,-0.0002239853937670011,-0.00363618432128332,-0.0012514949321967839,-0.0021094840606820098,-0.00928068897513512,-0.01159491844870908,-0.004570506294838239,-0.015555033235529647,-0.01296740826688414,-0.005366487699006273,-0.02364296805276811,-0.009255030436953304,-0.006496124762687794
2017-06-22,-0.008336724486484148,-0.0026889407584189673,-0.010421159673429159,0.0004865098591801953,-0.003290551153313448,-0.007297928796541564,-0.006725379290605127,-0.012225219499204298,-0.001148124495200853,-0.0060914387175277085,-0.0066798543238354435,-0.012834100224316636,-0.01506345158250999,-0.0028741525791557976,-0.013461487177393039
2017-06-23,0.0036211562704668854,-0.00047585662001903284,-0.0026047570627586447,-0.0003649675283926568,-0.003300451132311033,-0.004809063682464476,0.0004838337268968651,-0.011739638122829965,-0.0018386182133793838,0.0009575297209418743,-0.020623305023269256,-0.01001974156883978,0.0004838959275423882,-0.00024026348032368805,-0.010331366746202386
2017-06-26,-0.0011596260955980542,0.0025390594029817137,0.0038602482216683054,0.00900039084169646,0.0058346702455500665,0.0037969855119202034,-0.0037867633292287817,0.014963504582481635,0.004374789808350155,0.006506135366541654,0.007095314927031637,0.006942562908395011,0.0029993429412760175,0.005526352655911948,0.004727106555202143
2017-06-27,0.0033542858392872077,0.0036402453333121976,-0.002827630301331596,0.0014467513954423694,0.0070559116526178745,-0.00426434511798901,0.007845033817348579,-0.0007253592337197468,0.009284909041721745,0.007224134664024273,0.0050002410109151185,0.006147212959005444,0.0089706661118778,0.018398810455470427,0.008037510648469803
2017-06-28,0.006943397271431673,0.006781307823218619,0.004650001715750474,0.010712474651621173,0.014790341785532846,0.010828067570580524,0.017252372609546818,0.013346351842314252,0.020102152422405872,0.029445099823312226,0.002261549105406324,0.018824072206569564,0.025430022600353652,0.00539688953115669,0.01642575101653576
2017-06-29,-0.00906642651485412,-0.005325727351717768,-0.005080205363005907,-0.004049171925823658,0.027616173248101727,-0.004531971257188849,-0.01364660683953589,0.005331115855296886,0.01480781816535437,0.009534080891948626,0.009702032744809852,0.014992225437072682,0.010442212198406464,0.003733658268039175,-0.0038478695451376055
2017-06-30,0.0010310830675235305,-0.015433101701253893,0.0035177200418705645,0.00729386789539177,-0.001493238140291675,0.0028284059086867153,0.0015993976325703319,-0.011185047375079415,0.0027421771118776306,-0.002179141115744909,-0.00424590751211007,-0.0030339356965725095,-0.002214414936572262,-0.0011624719351500667,0.0027038921772533087
2017-07-03,0.009526341719280795,0.012315781967242367,0.002148488107609481,0.010209029981155249,0.0206339133007043,0.006671870391387724,0.008463749055825032,0.024245435436652585,0.020352310009619012,0.022206190823920835,0.023564018727509017,0.009049382506880699,0.018864245796219592,0.012103999115645525,0.01271193915153579
2017-07-05,-0.0015303013704174306,-0.008058052837883856,0.002030724479975765,0.001297288737594826,0.002783652198380393,-0.002596230968917479,-0.002771403809379569,0.003343901334922572,0.010027018555791356,-0.004807731296041395,0.012058407450584951,0.0006346558487055898,0.00036334318132924537,0.004600220208757166,0.0015212359809246845
2017-07-06,-0.009833875300011896,0.004778725846565912,-0.0010131993504420844,-0.013546807892665269,-0.011979431976405164,-0.0036314197911403445,-0.017943602500236633,-0.005920023409065167,-0.0032024081397771242,-0.00017937705076964683,-0.0006497240128999771,-0.000554981984163927,0.0052617989584733404,-0.00457915508698703,-0.00911488198992616
2017-07-07,0.0058045823700909605,0.004280291784901413,0.005297851809188847,0.007045601506525667,0.004140126835286306,0.007426171293281714,0.009216537317439766,-0.006219921576924858,0.005032902933596706,0.005190015484364707,-0.0017343713659280224,0.004205698530871382,0.005054507452273205,-0.0036794625550460314,0.00536612214922827
2017-07-10,-0.004232148191325336,-0.004420017797467146,-0.0038126235058630886,-0.0003556476282079446,-0.0038287247249897405,-0.008462802946992976,-0.005767708075758438,0.002485814560353017,-0.007032249214266484,-0.0021364933712364476,-0.001302984420297859,0.00521560717345082,-0.00017979948066870755,0.007156206487350714,-0.0028594452836354645
2017-07-11,-0.00012852103852301067,-0.0025366657162707584,-0.010241886519153254,-0.0016610620751893457,-0.01226901680237491,-0.005713582237095949,-0.007654627926216295,0.004914645711408205,-0.0038632209391481487,-0.00927764772356987,-0.011089059649690314,0.0014938770948731417,-0.00619693862033921,-0.01214786558715486,-0.010323172404033909
2017-07-12,0.00012853755830355418,0.004450626145418246,0.002956579283535765,0.007842610730924848,0.0014965846191434817,-6.929996684690298e-05,0.0018677573976595419,0.0019390073303300337,-0.003446909187597602,0.000540778915111062,-0.011433546928270144,-0.001334081952898969,0.005060824043888523,-0.0011601444246326365,0.0025112716887520925
2017-07-13,0.0032192908314927493,0.014875721526626862,0.004535134187987566,0.006484195762078704,0.0014941955369542903,0.0028386617612443654,0.0,0.01323697721019923,0.006377439761032555,0.0026995956806890042,0.01245531582501358,0.00672101763894406,0.006473873538577646,0.0030197989176492523,0.006165500229093901
2017-07-14,-0.00038487151790711494,-0.00031164552658691225,0.005079163320327318,-0.0010542474741609409,-0.004476279832655861,0.0022781263990649947,-0.022854388316353225,-0.007812326820638149,-0.009129757997889842,-0.0066414168383870376,-0.007029687257501083,-0.0011785217563107242,-0.004645500947758063,-0.0032423461100679063,-0.002681006359020688
2017-07-17,-0.0015409279338707282,-0.0009359774208373972,-0.00628879243042102,-0.0007033715616281411,0.0016487336102786188,0.0024798641661314402,0.0005804275917022927,0.0028869100114434776,-0.009322563664053818,0.0001804212361069535,0.002875818058934554,0.0014942188533253464,-0.0011669544427085343,-0.0025553153533091066,-0.0009598619635947658
2017-07-18,0.001543306057284921,-0.002810487877562995,0.004407462907072501,0.0035198381328891415,0.0008978011667746255,0.0010990889489868039,-0.0006631634490663618,-0.025953082149461015,-0.0035016444001938485,-0.010659494721784735,-0.004191471487329346,-0.014054848530649422,-0.006110687059727171,-0.0016312155838607012,-0.007687930173282842
2017-07-19,0.0002569224091897304,0.005010312628343616,0.004162969273056927,0.00479436112368159,-0.0028404359250119304,0.005834098915425301,-0.003234801325718184,-0.001970033514766323,0.0014273855496120813,0.0034697509181389474,0.032787147417918217,0.006610283686597329,0.006328972134899136,-0.016098300703644597,0.008715720205419997
2017-07-20,-0.0026963253766864037,0.0006233071518881861,-0.0003362772766227762,-0.006749563492707278,-0.005097480966295143,0.00047748057351104656,0.0032452992239502265,-0.0025576133458861117,0.0,-0.0067336986920870645,-0.0023596685485849367,0.004350868058913937,-0.002156213536377849,-0.0007116624553499262,0.007680757710627262
2017-07-21,-0.0014162257162099179,-0.0004672639597070871,-0.0006724668018578406,0.002811884550495858,-0.005424882409563847,0.0025920574567577237,0.0036495535298868287,-0.009536646950359828,-0.003399003858188032,0.001282888870607346,0.001719879969141358,-0.005592241047101543,0.006122791758469193,0.00023725340729630062,-0.006859786690948222
2017-07-24,0.0006444858798837494,0.005140136211214896,0.00684146858749779,-0.006893313364372711,0.0015151010905849471,-0.0007484705988460849,-0.004793277755540837,-0.009083703549749411,0.004290850126346557,0.0007320790478697603,0.0025756577421793825,0.007128915979654149,0.0034905246779048937,-0.004507870139478065,0.012855108335964038
2017-07-25,0.005669039861136316,0.011777013850309048,0.00490155693087635,0.004823588992392214,0.029198157117922507,0.0031997232855121016,0.012207269742553706,0.015583956931067178,0.016652194649096286,0.018467629894078907,0.019268178843949713,0.017225338820952008,0.012396100700443391,0.023594294759789136,0.007198222477672767
2017-07-26,-0.009095459579153697,-0.0015311321371155318,-0.008979035219274789,-0.001288021989980348,-0.0007347952901318733,-0.023480009523688228,-0.0004921843060613496,0.003023467448828754,-0.009375144837642013,-0.017414796664889542,-0.008401655694201704,-0.015232555419585458,-0.011715911264103984,-0.003958446545519911,-0.013917746492116745
2017-07-27,-0.0029737375414977674,-0.00030687289153852326,0.00313203395444428,-0.016998735943054233,-0.005590008392564294,-0.006393348785178388,-0.003857853828295066,-0.0034647082748603397,-0.004133666165044625,0.005664252658549085,0.0027684585964531383,0.0024341530801883504,0.00490238506317997,-0.005609804450128597,0.0
2017-07-28,0.029305513468704136,0.0015345405799584988,0.00914351605995889,0.011329895055551376,-0.0025149208663624023,0.016576272810834958,-0.0006591409967475759,0.009617156833338969,-0.0029491083843624644,0.0038154386826245723,-0.009131871211726872,-0.0001567000638242888,0.004079955191134577,0.00023461729573170942,0.002670267714195651
2017-07-31,0.00466062496593711,0.002757734774015308,0.005524974753511991,0.00507071498451328,0.015126963803131055,0.007636091670320866,0.011049017040963616,0.007692219209338269,0.005696831360419985,-0.004525065245040816,0.0051438385591435765,0.009009190344854145,0.0002651591783693341,0.008225883864739325,0.003994785800735201
2017-08-01,0.014294614557324836,0.0004584073672853073,0.0,0.00011723003896046968,0.016800696824484485,0.010993360617004067,0.009541455281050437,0.007411195976145812,0.01339888240991205,0.012909270862937028,0.006609740627049554,0.01249978281811348,0.01033294393192885,0.005361061769288078,0.0032206959083493913
2017-08-02,0.0033377918188541855,0.006414175605427674,0.034725118296659474,0.0007038025936201286,-0.002586208604827833,0.005739934157457771,0.0029889109074965337,-0.0032158039289723606,0.000859484043002956,-0.004128417145581542,0.0025416935294546583,0.002070169844017533,0.0072554049404576215,-0.00255008343075247,0.0007553540192892783
2017-08-03,-0.0023407742222470995,0.0024282417315080185,-0.0024427305584194814,0.0028138357585556495,-0.014037852371058257,0.006379792215940094,0.006684571358745783,-0.010076564190438786,-0.006551293268925673,-0.028685837005357984,-0.0014788782205413797,-0.0013008355934241989,-0.043044279241292394,-0.003254304563318988,-0.005850185157923127
2017-08-04,0.0023462663019251373,-0.01483531656090964,0.0030872601853291215,0.005026848593010502,0.012476214308215328,-0.0004673780011017481,0.006720793402897884,0.025894280380996726,0.01254094658331728,0.007850600754342407,0.01735105222511324,0.01271975132537273,0.020132017121074153,0.005363762728145316,0.008352605429975846
2017-08-07,-0.0007392898697152761,-0.0015365149296040492,0.0002126898115335507,-0.0013957526994095026,0.0008697152030994193,-0.0032712750191178364,-0.006834538879840757,0.013620868538937403,0.0038433171077412176,0.00984155021375166,0.0047838571062037705,-0.008020221279595119,-0.007111659973646045,-0.005335146269436097,0.0
2017-08-08,0.00172636357039746,-0.006309450068337941,-0.0003184714322505,0.0010483528440103917,-0.002317446156218761,-0.005156748343887019,-0.0016804880596945626,-0.0037349207302559417,-0.003615942499353486,0.004945477742049897,-0.007866111171364265,0.009534064884395343,-0.0018797290333730787,-0.003731448658134684,0.0013176389071021255
2017-08-09,0.006523923786282637,-0.008673008688633632,0.0052011434923062705,-0.002909041531399592,-0.006533035522227282,0.00504905404667122,0.011462243638019842,-0.004482008807560001,-0.0016011523664409832,-0.009431885523262351,-0.005841976202065613,-0.004759701527702331,-0.013814414702749578,-0.014540264751045084,0.0007520470111930244
2017-08-10,-0.011617829986063866,-0.015778785819545282,-0.005702274756794412,-0.013187229921451715,-0.017682121272014184,-0.00643031736750721,-0.015849236164558023,-0.02385162173677502,-0.014327423024487418,-0.03249860330535381,-0.028331418596525326,-0.02080051228558133,-0.035291924533955465,-0.033555354875851484,-0.015968660625528486
2017-08-11,-0.0008659382842780561,-0.005555583940662356,-0.0022300044389842455,-0.0031930383743695723,-0.006248313208830458,-0.012742066142989894,-0.007488300954661353,-0.005986787151893269,-0.008351933055919747,0.0014974413505821627,-0.01403897056676462,-0.0072870480563976825,-0.003488784349830243,0.0009853600472566892,-0.006299998971479148
2017-08-14,0.006191519855583749,0.003671194862198357,0.005002533570051648,0.013999563218773492,0.016317313685746848,0.0065554641141720715,0.011520074836885996,0.014320808195150247,0.011704168466275533,0.016449764643866605,0.01883899632534458,0.02225681885869446,0.009934883056309962,0.011561477768106343,0.014217435545627932
2017-08-15,0.00012334976097938544,0.0023856394043082485,-0.0004237861419854605,0.01544369860164041,0.0011784631312923288,0.0038674815587425027,0.009945448199440987,0.0010116643351452126,0.0025948682252074917,0.004203227328046566,-0.0017200357976993041,-0.004278149611845805,-0.004590833101573599,-0.004620397280942767,0.003598907132377649
2017-08-16,-0.005414746999111153,-0.000952167602840337,0.0,0.006913225382213506,-0.003825366058664126,0.0003377759154767901,0.0023823307878645394,-0.00870005758138348,-0.006901565385554753,0.0035579350092953543,-0.009046013598618785,-0.0018411659525389146,-0.009788242160744587,-0.0046420546272684104,-0.0024537137359057493
2017-08-17,-0.012249245766468797,-0.020644543351374223,-0.011125417002780358,-0.014875536112135324,-0.016393283818690096,-0.013984503142022708,-0.006813591189946067,-0.0185717633312229,-0.015637148064761797,-0.020854835677108996,-0.01999558698483428,-0.02152204125486601,-0.02423694750066918,-0.026264216156314912,-0.02138116398841461
2017-08-18,0.0001251888482058927,-0.005351086725014054,-0.004392914785257496,-0.008247382900668065,-0.0003003413615479955,-0.0034947424921289993,0.00023974906548573927,0.003296761521825564,0.0009932945405239924,0.0014907434591939772,0.006653320778958527,-0.0014926927963188064,0.00039225714507362675,-0.004033208561240675,-0.0007735259544207063
2017-08-21,0.003777911074986706,-0.0008150210111100842,-0.0021519309693749378,-0.0009370999030947624,-0.009462220574371183,-0.000756131940037319,-0.0008774774593610646,-0.006121799597338828,-0.0012127626615998643,-0.007230776448943432,-0.015642127738733413,-0.004012112301651105,-0.008533331311353032,-0.006074257374542591,-0.00019347906741007392
2017-08-22,0.005770593933067669,-0.001142242327038856,0.011324292980743111,0.0,0.013646640030000157,-0.00013776067994264451,0.008700523708093488,0.012636321403341366,0.010261356653490816,0.010497001046579024,0.01991944923913258,0.007188272962550091,0.008112225394466988,0.012732195726251394,0.005225467064501554
2017-08-23,-0.0013722901225229345,-0.00735043052970108,-0.00629220805475128,-0.0002343686076415885,0.005684536877727631,-0.007363251237475721,-0.0033236568426401325,-0.0037570322275963797,0.001201584690983637,-0.0025439228109022105,0.005047352962495699,0.00015649041561216492,-0.0078507414308161,-0.0002511375003771965,-0.002502948336432942
2017-08-24,0.004122527671572174,-0.008886068492004906,-0.017600242603003524,0.0009381987673540149,0.006842210547531868,-0.01026052954264467,-0.00023811697065667659,0.0011222882084969132,-0.0016360489576184856,0.011689767434505782,0.004366749427840766,0.0010980236305799806,0.0058358843750203615,-0.0030185179836144105,0.0007721823843631626
2017-08-25,0.006468573210320239,0.009131571443100173,0.005243389682090482,0.0012887763339408664,0.0023635890407769367,0.006093798421974883,0.00937099322838364,-0.0023315998540810456,0.004042631113218675,0.008193006053038632,-0.0013045982945052437,0.001644823197127554,0.011111889208907266,0.0030276570207798947,0.004243102763050954
2017-08-28,-0.001359738502894281,-0.0019743573833480577,-0.014887937846723265,-0.0007022105636875775,-0.000589766200041919,-0.012880305694224048,-0.0013377652024523234,-0.00952944027025493,-0.0031561015767540557,-0.0087518091859492,-0.010012650156604352,-0.0025804545897190057,-0.001361603997531713,-0.005533228417601843,-0.002112639188044607
2017-08-29,0.011262360120182668,-0.007418130530997158,0.005981451474167843,0.00011688222704986373,-0.004866530333033636,0.0007760276309769498,-0.004332559346366116,0.0016395053351316857,-0.0054585458789115915,-0.017658050603779674,-0.002858766233412746,-0.010035314644900484,-0.013244946994660722,-0.00910496012928852,-0.008852905670996059
2017-08-30,0.004283267328565543,-0.00016604742652814863,-0.008257987880897932,0.0031611939937616906,0.007854274788401838,-0.005145027529029678,-0.002532173362571055,0.011183341727183604,0.0023052465919481957,0.007061824268670636,0.006835543779323272,-0.00380143217281248,0.008093705024535991,0.009954038774740548,0.0017473974980959373
2017-08-31,0.005971250754635449,0.0046510577445417756,0.004773911140925957,0.004784445845795515,0.00029396511010948423,0.0018419023712319404,-0.0020625289970302996,0.0059346952197334435,-0.004599677122950507,-0.00488752350362065,-0.0035040038941330787,-0.0030210574623578124,-0.0005879206221156563,0.008339752206494522,-0.006590182207447892
2017-09-01,0.0042397967974983075,0.0036374503197811325,-0.007955983897510288,0.00046468178543346284,0.008084803891635906,-0.006576249682805679,0.0035770318831196413,0.009564842683378316,0.008911888625266373,0.02071339240244896,0.01516481188961305,0.009807708766564893,0.010482089368313963,0.006515954077955799,0.008390032329596897
2017-09-05,-0.01664676018463329,-0.01729811752753596,-0.03664505329278944,-0.009635695442608894,-0.02070568595819,-0.025909042111353475,-0.006257233588154221,-0.03585956425953707,-0.02388207060978087,-0.01025126206045135,-0.028144384819761337,-0.022504385819951178,-0.02336423447624636,-0.03461100070925194,-0.01567336813802145
2017-09-06,0.0019631498540026993,-0.0030174774484535982,0.011677548227776224,-0.0009374655121034969,0.0023823176565873627,0.006284337551197394,0.023592999971215667,0.004821337994118213,0.006703197422356588,0.013527769193051542,0.004009468541326333,-0.0018582401228214307,-0.0015882981456871725,0.0041268331356842936,0.0007864510975896799
2017-09-07,-0.013834518109581584,-0.020178235954416257,-0.011999786577874039,-0.009621042034693383,-0.018716569664139038,-0.020550563877770656,-0.015810882743433896,-0.013663707369544809,-0.01753417488657827,-0.023774790660238465,-0.022187287898421282,-0.02306577309333846,-0.019188414984845803,-0.021063800307734915,-0.02062467909523158
2017-09-08,0.007821191257378679,0.025913700314574628,0.03655277401348567,-0.0018954312470573775,0.0016650727646727592,0.04426145520055447,0.01829169479909787,0.006347503766029439,-0.0012427093273666978,0.007049646855428415,-0.0013616193257574016,0.006627779391357613,0.0026354123095850834,0.014956650701664298,0.002406929744793729
2017-09-11,0.015890173534832686,0.016560799076818622,0.0180783160876703,0.017091991598134904,0.023273344460958523,0.03571141804747491,0.00593565517346728,0.017724601473460222,0.015494197454606118,0.009546497527888498,0.026130192871576696,0.018599062628934515,0.020422537546235686,0.016287423738015283,0.018007118511795595
2017-09-12,-0.002788566126998626,0.007075745786705001,0.007015228561971343,0.010036098015708816,0.015950682802555072,0.007746144768988605,0.009782668616928447,0.022120747704998056,0.012250875771525838,0.01912121301602987,0.013064832004084703,0.02157239934243327,0.012385154803410625,0.01348289624253729,0.013560806566855987
2017-09-13,-0.002431710251087904,-0.0075162725530567576,-0.010122816515422017,0.001039774636280244,0.008721911103768853,-0.016733496870012576,0.006227664064921257,0.0026997624669355957,0.002860531223850993,0.0030929694306816025,0.010273213396549075,0.006801520429511765,0.001761696327065465,-0.001003972487763738,0.009114378206893425
2017-09-14,0.0008529327694755118,-0.010096274733583321,-0.0048383807786855915,-0.005193771129990865,-0.002161624281122543,-0.012175862003162785,0.009551831537280231,0.0012796628677260724,-0.001974735375257164,-0.006166652542453854,0.004326855389834794,-0.0008639078585095383,-0.003810467761492964,0.004773418775310345,-0.007686554942164192
2017-09-15,0.008525033891431999,-0.003176528447128679,0.004198880175304787,0.009281333211384801,-0.002888605188341997,0.005042869437827058,-0.0062823761039292325,-0.007185032616892184,0.0071450926179621455,0.003929951168930135,0.0038779583568082643,0.007862372037803711,0.007943445279292138,0.005501515261520318,0.0032919002915388074
2017-09-18,0.0041059983131721545,-0.0038578074751431934,-0.004401543753567605,0.01011633233116771,0.02259559713952597,0.00041815120990107424,7.642732069457203e-05,0.01025661601271799,0.014189122106552654,0.007416368676480767,0.015450530025008957,0.011779103341782227,0.005837928289286198,0.010943149302279132,0.011001571296527013
2017-09-19,0.0058933136008227915,0.0016837858942113648,0.007294469922645819,0.0128602625155394,0.00779078666880717,-0.0006969372752113623,0.0038839760023599013,0.006065068794317341,0.010977391968664207,0.011656612968288238,0.007396371367877741,0.012182037284279135,0.00899616164223116,0.009593649959229733,0.014891542472769803
2017-09-20,0.0033475888362932693,0.010590220638567072,0.0026335762657523354,-0.006404765185523575,0.004356872344933871,0.0028579781880464505,0.015097344668874912,0.0038446123102195973,0.0070258195672354695,0.013341277491679016,0.004615152868822747,0.013101843079508457,0.008244033265830675,0.013888628322660468,0.006771937654636684
2017-09-21,-0.00345598555539095,0.00632053447558123,-0.0077697561448233365,-0.0001133771510881676,0.004197872503017175,-0.006463563957241791,0.0,0.0065273096397977515,0.004545079384519424,0.006383648625181149,0.0077263173678236985,0.002631459026054106,-0.003708325467981499,0.011295470058460655,0.004110603375695687
2017-09-22,0.0037066957225775354,0.00347119423805764,-0.0015443952872403743,-0.0002260013700238206,-0.005016700606380153,-0.0025183622018346563,0.0027654686226439296,-0.0011240058205593817,-0.0021046105405249094,0.0017836414365599573,-0.0008288318130216243,0.0006001796576622365,0.002100166589220187,0.010931649591075177,-0.0013028383349653616
2017-09-25,0.0038123202604209983,0.004941290491392802,0.005633737707241959,-0.002149348049912958,-0.007843071348335173,0.004348275120758638,0.0009689008188598081,-0.0033327870751209687,-0.007486889949122721,0.006133953339265252,-0.009954540244782706,0.0006743603534813403,0.0034283183738075262,-0.0009402508454573466,-0.0011174296948810447
2017-09-26,-0.008544558380066292,-0.008851012537974823,-0.0034051704367789037,0.005441432743465979,0.0014118249635630686,-0.011172875079414113,-0.009009732736958376,-0.0013899677724499293,-0.0044624542273460355,0.012192809874463917,-0.005865330184935957,-0.008163611471406984,0.005505098727927704,0.007764698857307906,-0.00018701607956417288
2017-09-27,0.0028725074317779153,0.012898964787244838,0.00176354875415341,0.009020296443270626,0.01888920234472602,0.0021188086112604587,0.010819710493097823,0.020962027168203834,0.015795137541654958,0.007576979609388745,0.012853244040926581,0.014271479251815045,0.007928911000552707,0.028251334317867194,0.010261474466927156
2017-09-28,-0.01766518922222504,-0.0045711968176161966,0.004400649865313966,0.007263760687969079,0.005118766554953247,0.007011206945632731,0.009886209510463484,0.0030245299417623883,0.0021012934160185015,-0.010412477279553745,0.0016641127537608824,0.0010425175301991274,-0.0073050419356003315,-0.009309925153167309,-0.006870888072804449
2017-09-29,-0.011057321792710573,0.006888635644121788,0.006791692432134511,0.0035502672725142848,0.0012389157562480158,0.002531858219675609,-0.0013250357429487325,0.0073042744384697045,0.0013628852989679974,0.012275744275763945,0.00041541415886547917,0.0023053891708042507,0.00301940781110166,0.0025210675555800144,0.0020568638916502735
2017-10-02,0.007125792851374602,0.00765593319058433,0.00511374433383005,0.0008843792986366061,0.01457241513037677,0.020624002417767517,0.005306783460452991,0.014587443411349543,0.013925331676985397,0.0036574165467866404,0.01556976316934966,0.0025971298425009337,0.009029413012141552,0.006859054681856325,-0.0027991389141291956
2017-10-03,0.0031721190949856037,-0.003718267353852167,-0.003030810657790428,0.009829550968607048,0.004471398379893188,-0.005429667594198162,0.006818239378695079,0.0040308684828003205,0.005266818036043341,0.004986840515931457,0.007358747866917703,-0.006956683757616711,0.005219659914738939,0.00953661535029604,0.0005612187610277708
2017-10-04,-0.0013373409001349312,-0.0008111772957826169,0.008251869848261428,-0.004593640307694713,-0.0009443477515325149,0.0003457002022988487,-0.0032768210192093417,-0.005421581317575641,-0.010170170544696822,0.00228991722577776,-0.005478643710588815,0.0006705910721742647,9.253609505055493e-05,-0.00404874672089639,-0.005984378453672501
2017-10-05,0.004505454802557818,0.006495540374107156,0.003553755509552836,0.005515150351770082,0.02241403327715763,0.006632214204273401,0.008328555621381017,0.023927346644090575,0.013465920257841768,0.001142195184837158,0.012650552191005193,0.009458449904035104,0.013073858039741149,0.020325154287228475,0.011476936053816056
2017-10-06,-0.002667162028213932,0.004517665513251279,0.0010729097620119088,0.0042782485672479,-0.00105599747946572,0.003019494252029853,-0.005941121410540373,-0.00016241141757511457,-0.001750894467913433,0.008368081198578237,0.0026193210500313757,0.001106896244127853,0.0035695085627791556,0.0035416185882422013,0.007812286672413515
2017-10-09,0.003768428315640726,-0.007709377566607056,-0.0009643944646509084,0.0015288813143490287,-0.0033050434733508105,-0.0006844196157399507,0.0057581535233866,-0.013088348847130171,-0.005261995798273356,-0.0005655659406134106,-0.007636696549767286,-0.000589829371716033,-0.005381043486193282,0.0015438001713710126,-0.006090671643045553
2017-10-10,0.012593945185842559,0.0,0.001394403287894086,0.0021814097810670674,-0.0027856259730435484,0.008421738470727469,-0.005508116125070406,-0.000823871633097828,0.007467937755131437,0.0028307949225869766,0.0022276159795442396,0.008185475094395933,0.008619133346227992,-0.007046602087969811,0.007056437170787078
2017-10-11,0.00310907479745004,0.0009710335276147397,-0.0025712809521033497,0.0007617522559622003,-0.0031923013062795658,0.0006112397050925811,-0.0002910050697002564,-0.0008245509572415433,-0.0029855375444980403,-0.0054572852293180985,-0.006264027994448362,-0.0016821222414403758,9.135791400716187e-05,0.004878966431814291,0.0005531420424109701
2017-10-12,0.0007151602434971593,0.011481129544198332,-0.005908391902582966,-0.003806048603353429,-0.03429431012972395,-0.005360460091438868,0.003790210504319713,-0.010726106252860634,-0.008777867239718184,-0.0022703219919553153,-0.011996301208430982,-0.00893858895857802,-0.005999792813216387,-0.006179478859582699,-0.004975822424140075
2017-10-13,0.0008341863979601793,0.009752164138177921,-0.002161495077644182,0.013644897280060464,-0.0035925082646378614,0.015418047863893669,-0.0029048464793961504,-0.005295770904498509,-0.0013538795813708981,-0.00018988528694718898,-0.0059684999854254794,-0.011236652975368244,-0.002194697636217491,-0.006662461156021315,0.0025929361196002088
2017-10-16,0.002023505724226382,0.012983133457786344,0.0013000286433333397,-0.009692060160327087,-0.004714958252298063,0.009943342695319268,0.0015294989393059844,0.01626638351353571,0.020655013116598342,0.0028450963052164546,0.01325012301195616,0.015263184272174879,0.002383087038067666,-0.005812642993748618,0.0024015418801526245
2017-10-17,-0.004989396764576215,-0.0054705727866509735,-0.011356558894056734,-0.002936177206535384,0.005851976907212952,-0.001596380532261965,-0.009671260316930774,-0.026071951675875837,-0.0022484481012760016,-0.009268017921177818,0.003678276020868232,-0.005702688245590948,-0.0053032561678022505,-0.02428614678375529,-0.007002822831830846
2017-10-18,0.0,-0.0029860514490400725,-0.001750328161095327,0.004253987493848976,0.012882318934327452,0.0068629528442176735,0.001321668764863393,0.0251599160445648,0.0037900922094302736,0.008018512560248547,0.020969084951380168,0.0035754140731583117,0.0009192182833355211,0.0020742451691568853,-0.011321835365944555
2017-10-19,0.008237752285510158,0.025693616069225822,0.016219535437396404,-0.0019553341790123913,-0.0032821692746816122,0.018992315282019057,-0.010412779149093887,-0.008428445684162789,0.001224816901568948,0.003598341205214295,-0.007178461101231326,0.004156009350199108,0.006520692728140043,-0.004829920000585686,0.0060073490986813916
2017-10-20,-0.007104556835453413,-0.003073540604351055,0.0025883182881314415,0.002067841661930192,0.008918736225046464,0.00013052132517210602,0.0013336554312313176,0.01975054850681346,0.014269497608923709,0.005661297347248517,0.017875193617180152,0.012194922305303058,0.01076645898626416,0.0325860027002991,0.009330063155827961
2017-10-23,0.0056050072174664844,0.0013873536876702897,0.0,0.0031487501442928334,0.0,0.0077272338425338205,-0.003847913117932089,-0.010623836143468512,-0.0017082174842495412,0.0028148591678471835,-0.0013812200585008316,-0.0013140589639952793,8.986878522998509e-05,-0.0046998155173912926,0.0007392993989230323
2017-10-24,0.0028464937941934387,0.002616811924128548,0.0072060340344237694,0.01602098912903882,0.009655793330783924,-0.0050905749229025465,-0.004011703460224503,0.011192156442199952,0.015904590296737853,0.013098847188527163,0.009088835529397432,0.007750027399695547,0.0124560686848747,0.01619057107290045,0.0014780013557667004
2017-10-25,-0.005794822657716581,-0.00046043400692930003,-0.0038441529962166543,-0.00351573146431694,-0.008351136901114886,-0.0015543106747414326,-0.0016409867072783024,-0.012783640266636587,0.0009911430782694186,-0.003694125175790819,-0.010573718867136872,-0.0026849631747221103,-0.008201812965292432,-0.011949459727671807,-0.0012911078602813042
2017-10-26,-0.005233736225862984,-0.003840063379031089,0.00728956424327909,0.02309401676185141,0.0023092641786202073,0.0038271008220933656,0.020545334921057812,4.127635334949531e-05,0.007127143014583837,0.005005574520418943,0.004749978781611652,0.002837664840619203,0.0057530990353176215,0.015677344456029196,0.0029552580813898555
2017-10-27,0.0037066957225775354,-0.004626281728309478,-0.0024476386557258367,0.0010448874248698559,0.001084168297041943,-0.012924133008413552,0.0069546245666052275,-4.127464968239902e-05,0.00029505997470269385,0.0014756085705953659,0.007681615469552927,0.0023214339230237524,0.0011614147759175797,-0.009702182308114371,0.0025783301474202602
2017-10-30,-0.0013104326240864772,0.00356279738563825,0.0036272341915117856,-0.007516357037385624,-0.0012183167941666184,0.0009163689578479683,-0.010468809019966385,-0.0033923669112271293,-0.0035374987070684316,-0.005894308420844374,-0.008839440688569788,-0.007309725136887213,-0.0037491247215236667,-0.001336091332330147,-0.003306737848641328
2017-10-31,0.000715811029474489,-0.002623715198426302,-0.002232221638382881,0.004733424313093426,-0.0037951031598338902,-0.01353860971240084,0.007787856429300133,0.006600437977494877,-0.007888551324872761,-0.007226192578807633,-0.009115747402609231,-0.002697552493512223,-0.01021510578761542,-0.00022269209422920433,0.0022116411969343996
2017-11-01,0.004767876119663672,0.0007736152165578325,0.0041551828415204994,0.002826477288290663,0.007210971734440852,0.0032487438135797575,-0.007508840904631664,0.00734066738400907,0.0030808033139120283,0.005412663915255633,-0.007400274493087111,0.0010963548029181425,0.0010861093998353333,-0.013381193060934216,0.0018390821357510134
2017-11-02,0.0014239209354385274,0.0049490395488578365,0.038196173978665815,0.0019835987066334493,0.00959064431915202,-0.01354855644457531,0.030556638221695964,0.010726195014273632,0.006638921785966145,0.034527715662275194,0.015917954437402404,0.010661446158658716,0.02134230850829333,0.018535581976204973,0.007342234447806684
2017-11-03,-0.005094228592614325,-0.04586035173336356,-0.00010217186981265058,0.004688546012141082,-0.004971581390656343,-0.006632723333241941,-0.001710778503088095,-0.01004532715027584,-0.0017716467877809672,-0.012651543651487462,-0.0079333802486512,0.0017347150013766743,-0.009739750975069184,-0.005326191524868129,-0.004191047572504769
2017-11-06,0.007025508820510229,0.007903267392479929,0.012775925505579044,-0.0014518655151668503,-0.0033763226545554526,0.006272277674385318,-0.013565260365799525,-0.0037233330531376563,-0.006212243665293049,-0.005491271841053913,0.0023986131275250955,-0.00036092173928159443,0.004917616286644222,-0.003793192732962525,0.0036595013808051746
2017-11-07,-0.008986602360425922,-0.005760923730050105,0.0009084151585854183,-0.009554435576492604,-0.014769479213151526,0.004021621765321726,-0.004415472989233393,-0.015113269427078024,-0.020142910972253514,-0.017117748401793365,-0.014957867694713078,-0.032470153550820946,-0.00400388132629137,-0.011198350901121201,-0.025524084580244466
2017-11-08,0.0021477211556419906,-0.0074037563213913415,-0.0009075906894454588,-0.00251666548160967,-0.005088711613587149,0.002002638347770258,0.0003633543463732458,0.006004497317043889,-0.011240751447116226,-0.007116329827695167,-0.007086175068904632,-0.005965862075482886,0.004466966452445709,0.0029445024182566115,-0.014406130513985427
2017-11-09,0.0010713913781070783,0.009242629903310817,-0.0014129755359546525,-0.014506367871223058,0.0012442165068295985,0.010259671653700675,0.0031978554585090357,-0.0019067662836877997,-0.00010248328136674978,-0.003960633399500257,-0.004486305733636176,-0.0055521353727671086,-0.004358142704954715,-0.004524482934276319,-0.01081984065270114
2017-11-10,-0.0076112747790203494,-0.0028919551756161344,0.0017180830591652096,-0.0024535300619843436,-0.002485480510388105,-0.001912596477875228,-0.0011587297248286665,-0.002657907051372921,-0.001229037604072114,-0.011550536596481198,-0.001228987592827635,-0.0005280554935492843,-0.010987094432662103,0.0061363061298951305,-0.009594948713161355
2017-11-13,0.011505151477175568,-0.0009668836199703268,0.003228359422389415,0.004063309750320876,-0.0035980640093393745,-6.57512039957675e-05,0.016463367204028412,0.0004998392742969759,0.003589622687632188,-0.000766560999624577,-0.0026658640539709566,-0.001886886651023434,-0.0025284808476196963,0.007454069992822054,0.0013561507989030552
2017-11-14,0.0038115777523011207,-0.008709912016769628,0.005028312960552617,-0.001490619105871338,-0.0063901506837532596,-0.004295052774075936,0.0003565376575740409,-0.0126110097749621,-0.006028883726491796,-0.003067317846841444,-0.005141175860176372,-0.0017392267745092171,-0.007968328188855844,-0.00022440217182029265,0.002902694125185512
2017-11-15,0.0020172639021653893,-0.005206486187897763,0.004402665198119049,-0.005332893230585833,0.002795975997201161,0.0031189994102303054,-0.0037800295439430753,0.001559731942206266,0.009457985658167356,-0.003077149802695467,-0.005787877513065531,0.0068181617741347456,0.006024329516456373,-0.0011211072144592382,0.003472841351093159
2017-11-16,-0.0015396446886961623,-0.01766454145330698,-0.008069093243822878,0.0032167074274382923,-0.0008367434776710425,-0.015215581204979345,0.0030070808294619944,0.0074069101098959145,0.002851692472714662,-0.00578680925307673,0.010395554618437552,-0.0030851818403804243,0.0013605128441636083,0.0022449238096688973,-0.003845564312767613
2017-11-17,-0.005455922501803712,0.0,0.00602572135115742,0.0013894707366319814,-0.004743727592363078,-0.0015453051201450574,-0.004283015613871233,-0.005639493527255901,-0.003351582773913009,0.0021341668832117744,0.002057314183380843,0.0027172097962939734,-0.0010874196466708064,0.0008960351119573495,0.0013512261444006413
2017-11-20,0.009898897947956842,-0.006160390727005027,0.0014973609570185786,0.002775268577920542,0.010093963992086286,0.002489467477220897,0.017277079849800092,0.00046177606045971764,0.008865223345474238,0.0061957061364075194,0.008418894785925612,0.003312086401175085,-0.0020858436086858,0.009847850758632148,0.00096349032580334
2017-11-21,0.004723371401934573,-0.0010050338963754069,-0.006180635756967701,0.0048960662658881215,0.004580068564708606,0.0012081297649733092,0.004792289070852718,-0.00046156292175214553,-0.0008079379072579718,-0.0050028721507967555,0.00549803805637783,-0.0013504504786516769,0.0003634488420736215,0.021276923740109366,-0.000770050324604532
2017-11-22,-0.00035235954029377847,-0.006708115432384143,-0.004011694705247648,-0.006249444956885064,-0.0016577590678721332,-0.006234194775559088,-0.004979888181944614,-0.006680102077302741,-0.002931508158875995,0.0,-0.005872658957743471,-0.0005256015800708669,-0.0032707025125048306,-0.006076701904214055,0.00038552837572480847
2017-11-24,-0.000588058910053868,-0.0033765073578297944,-0.0022152396650869655,-0.003623958146298789,-0.003321584103030739,0.004586790516301287,-7.042804366774735e-05,-0.0020304246232450973,-0.0032439718752276248,0.00232028435014775,-0.0006112644933130573,-0.0036081223252123484,-0.00027567727778621265,-0.0004364828816869615,-0.0015411063702950312
2017-11-27,0.005176688038855737,-0.0045739872267087645,0.003330753020510002,-0.00010665639537155158,-0.008747513233464344,0.0022159854613852392,0.0014804418037561717,-0.003560062026942923,-0.003966754724259336,-0.008874773701930128,-0.0012229753830875767,0.0,0.005417131862406999,-0.0002186181028731582,-0.002122446988183313
2017-11-28,0.009714243776812514,0.0180393258490934,0.014887599034242971,0.019364373807898128,0.032357520787378746,0.01547665102725082,0.021468416269794677,0.018289355521197814,0.03502494455100047,0.024917202606380418,0.028571503282593058,0.0235361677363759,0.030316655805374237,0.02993237022774098,0.02513518681687943
2017-11-29,0.010664148959252051,0.008023996173624592,0.014325655773692825,0.01385379096290107,0.01818173949499524,0.007059509911503836,0.01867364706040897,0.011313150609379319,0.02338192060258648,0.01709392383287045,0.018253682211511357,0.02984975803516643,0.02694335656700697,0.027153211806346222,0.0328176368500428
2017-11-30,0.005160808636366809,-0.005638477423265398,0.006865186950773872,0.011490741796653658,0.006130629011698696,-0.003472413551890541,0.011567724323469974,0.02601941300919619,0.007616022978145454,0.0024277268727286305,0.005650949579045106,0.005940054443678955,-0.0002590124797834381,0.007641368057957232,0.007122228245710183
2017-12-01,-0.0004560538725766339,-0.0013340641541552678,0.004285912080179699,0.001535236296362097,0.0001319012271039366,-0.003090114706175484,0.008358719759304023,0.005289841865969036,0.0025832493212922802,-0.0013044244364535107,0.006588002890952405,0.0031303385946144235,-0.0037985284681266718,0.01455250392617602,-0.004533074746432275
2017-12-04,0.006164176854685621,-0.010354205166288488,0.005043944772296305,0.007459598223124253,0.02105696007030944,-0.005407093223518511,0.017375131792397136,0.006828490645846674,0.02061265480009178,0.00018657607170502466,0.014052141848153621,0.02014206781228589,0.01178539031740633,0.04141405020678146,0.013297052970299372
2017-12-05,-0.003403491852654761,0.004556397230097486,-0.007527633634476838,0.0012171915656746801,-0.0072631947918331274,-0.004243995207013906,-0.008473719572665295,-0.0092558731818414,-0.01150075304425735,-0.010817097626420247,-0.012718666392261824,-0.009802641478973806,-0.010705739124197255,-0.014937078434758,-0.014560613573989745
2017-12-06,-0.0026182797866693974,0.008399290081890332,-0.0018475956164069052,-0.0050653790323322845,-0.014371657687687889,0.004594579744751304,0.0042073817331191865,-0.009583978164156015,-0.0074724816232903946,-0.0007540345490371081,-0.006152642071511449,0.0040720177746440545,-0.0011256840660618384,-0.004726405555849578,-0.004195537250125891
2017-12-07,0.003766371074270136,-0.00267974389542458,-0.005260491216883434,0.0037673977764156596,-0.006097652229404615,-0.009478342577567411,-0.0001314495341648847,0.010611794773206507,-0.0029545166887054997,0.011698242200542719,0.01276844315317538,0.0028670774374570662,0.008234174673024341,0.010684850020715952,0.0056786625985059125
2017-12-08,0.002502130094187427,-0.0006718757458523683,0.0038190680443115355,-0.0003041983282657812,0.009735949942325961,0.00408199150945765,0.004932197851641451,0.007201690756495127,0.012521595107352068,0.0026111950971980935,0.010315233233921584,0.0026494158326497708,0.007048477884560755,0.006068843038957272,0.00837884724588589
2017-12-11,0.003629559182559028,0.00470541361398813,-0.0012681191518535417,0.004566190184939867,0.0018490524300083244,0.0012663503878589388,-0.0007201765932011162,-0.0008788403185032712,-0.002926625702392438,-0.0022322836339814245,-0.0022687355402933873,-0.0035465517605771657,-0.007596804470682783,-0.013037312711446702,-0.0016256507127149211
2017-12-12,0.003164603420154455,0.0023414496857834255,0.011429283643844323,0.0037373344636808525,0.003955266514424238,0.0017305289563354087,0.002095624021293041,0.030184452745697588,0.011645667729721199,0.0005594150947023646,0.020465983524001308,0.01786590159356516,0.0011177216767965792,0.01656117965760906,0.004161183835863502
2017-12-13,-0.0030418612838819525,-0.016018806499848215,-0.0021247872908313203,-0.016000977980850872,-0.013263033295406013,-0.013687952474606413,-0.009279253366315854,-0.0082275622300223,-0.012540852298441152,-0.015464961439620617,-0.012441965983637893,-0.0138498476836737,-0.020963941325310653,-0.023855439224344077,-0.016215888006272272
2017-12-14,-0.000791298984923805,-0.01458373872827412,-0.006484791066845852,-0.006442973803231666,-0.016236765882625348,-0.015629009214206846,-0.007849045676979527,-0.00031299131940043523,-0.008056114031739225,-0.006623961741854645,-0.01015414702422035,-0.0059792372711997555,0.0045636663355062,-0.0025832285246575326,-0.008241883052688692
2017-12-15,0.00950025402285637,0.022027165050891417,0.012859169093871747,0.014102115983636532,0.011498991307540063,0.017793655112942508,0.004321122553269552,0.0066151001155430045,0.014140968725188996,-0.020575283158111968,0.008738700279356859,0.013849034213794464,0.011007405373496537,0.021513749038648333,0.006463285144793218
2017-12-18,-0.010867143597180662,0.0031991476196524538,0.0018275152174107578,0.011774456843321568,0.012036786189936866,-0.005782459689709807,0.0013902046894957998,0.011082196963983604,0.00772565017848037,-0.009336597422505699,0.0026365602526732257,0.008278930341900859,0.0033694258527294796,0.008970555138031022,0.005137738054395324
2017-12-19,-0.0035110681947624345,0.003356969721291625,0.002112050966773582,-0.005317529045418823,-0.012818539937999085,-0.0016233583488557413,-0.007403735315255733,-0.013614441961796953,-0.004207199321661692,-0.0027487089618567495,-0.005822778740794732,-0.00718481248009506,0.0063731179622370515,0.001353050612557194,-0.004016006519030002
2017-12-20,-0.007047090894896413,0.003680264287552859,0.0003833129100996313,-0.006454592270640713,-0.0005355598671145101,-0.01117752873385014,-0.004794557043712233,-0.005068599262768703,-0.0034738378900969202,0.004331363004839606,-0.00793536481031143,-0.0012403927252351288,0.0021391562447086176,0.0,-0.005498748940839349
2017-12-21,-0.0028620118761458757,0.001333435586370113,-0.002010689959754286,-0.00010164553504143914,0.015537388540702857,-0.006576784191990259,0.00963587770268104,0.022846871639887745,0.01592240867739414,0.00039217180825690257,0.007046729903446236,0.009246466444094992,-0.0031593720272555803,0.009071462880293923,0.00497651359286988
2017-12-22,0.0011481978775236268,-0.012816326588740878,-0.0009598450448210505,0.0024366946350855567,-0.00435280017323858,0.0013102420571460272,-0.012592901645781529,-0.007816137776226695,-0.0035241112732082858,-0.005291138250600236,-0.0030257077520632336,-0.0009568321754823694,-0.004968263300018982,-0.003825459194718661,-0.001283825566354091
2017-12-26,0.004930313288293187,0.0020231421883534217,0.002209097126224524,-0.0017217784527557844,-0.009405131486202145,0.0007574338054865404,-0.0002682450882057763,-0.004826705903307027,-0.004002118520824993,-0.001772858649688791,-0.004742139005591284,-0.00834955961826278,-0.004390817397434743,-0.004032404332625195,-0.008263267666538066
2017-12-27,0.0007990805988049576,0.0018509292118957799,0.002491867020264271,0.005681379861089519,0.0014711126327675572,0.00591882972374469,0.0035064549226269115,-0.006868043290314985,0.0018690285173310617,0.0015785044002341042,0.0019060438891636,0.0005517304535089806,-0.0027666482196629927,-0.0003854869502278868,0.0011109887700857524
2017-12-28,0.005928761107770297,0.007725992793906178,0.0029636734739797443,0.0057498615223161575,0.0025369482338710725,0.00481226829499648,0.0024666042922767417,0.0021489585462670657,0.005316106885869143,0.002364681944921676,0.0015217280035637604,0.004759604107244186,-0.0011274409732504598,0.0036644077545466835,0.003347796490595245
2017-12-29,-0.005100610946364159,-0.007000239734780145,-0.0019064401996475855,-0.00391152944154638,-0.00892384334716212,-0.0002052549239028867,-0.0017769197227988087,-0.006783598353181319,-0.00788535314461225,-0.006093879933574797,-0.003418943099453009,-0.00947340794234397,-0.0019097655228403898,-0.01287504994670563,-0.006858318659203055
2018-01-02,0.0021647434261646836,-0.0013425964081636987,-0.026644953296136364,-0.003725840435516159,-0.000672024949223915,-0.02620947101368276,-0.008627273548752368,0.0035719880798066317,0.0094445288493068,-0.007515959391662164,-0.005336528419157549,0.0022870090304405455,0.004087958021111504,0.0013630473419072864,0.008398920952695121
2018-01-03,0.002955618974472607,0.011092509883483315,0.0005888470353228037,0.006165545641301451,0.0030929714762777394,0.007870648904567679,0.016022975577385523,-0.00930897658349783,0.0010186675421723912,0.006377105632656699,0.002682910362390656,-0.0002074419810709216,0.0003463040680702356,0.0015549206071510113,0.009809178754917935
2018-01-04,0.01031359908013818,0.003989193691721571,-0.011571026476798307,0.016632897666149837,0.012334213131651728,0.00404438148884112,0.01067224822752677,0.013976329861242753,0.01432570855827775,0.01702983201753061,0.015287352273491317,6.918542463330013e-05,0.008831977386527967,0.005629242693639291,0.00769789631261486
2018-01-05,0.006619076438706628,0.0041388500371621895,0.010615164394496723,0.002280741150660903,-0.001324135123332848,0.0018048243227029026,0.006524285465936197,-0.00510070198268775,-0.006419431126583386,0.00934568518712342,-0.000376306300899798,0.0012447527625767396,0.010041806414923027,0.0038602445774589267,0.00618416478986572
2018-01-08,0.002562817833204667,-0.0065947865266746675,-0.00471190549520073,-0.009200917691559174,-0.011669973840696568,-0.005060136607564769,0.013899332222119698,-0.014519355147152302,0.0014763187645827625,0.00270075505373657,-0.004142504992551754,0.0018649146563876062,-0.0005944740797340087,0.004422198067220107,0.0014460806927472092
2018-01-09,0.0004450197521663757,0.006306886655687016,-0.0044384785852797926,0.0036945672043080524,0.010466019825054795,0.016163903900766385,0.005931534383678105,0.00845870782144642,0.005069428807325638,0.007310537642218229,0.007752033327090624,0.019096839225654305,0.011818614941648153,0.021056791233928562,0.006859325311665332
2018-01-10,0.008222454093487208,0.006102480208649119,-0.005052463369640603,0.0069638641720992656,0.004514713811096804,-0.0038393883171854437,0.0017685478136268973,0.001535629692875462,0.011004081107654606,0.012795887384670523,0.01181977009521784,0.012176729319980817,0.021092508169368474,0.004124380523889304,0.007529434328680695
2018-01-11,0.010469091078363135,0.0024591179530337737,0.0034852107124720977,-0.004841043541962686,-0.0011895761408035055,-0.0054374725825029335,-0.0005881147027121392,0.003145628322596128,0.005351515793537098,0.00867452878962549,0.005006375505485217,0.012498739067760445,0.018187764048548383,0.011389131228928484,0.008541004481434467
2018-01-12,-0.07361745970384037,-0.0029434383324211666,0.013196884161725375,0.002382768687997361,0.016940040022722425,0.007889289711497938,-0.0005240756952237247,0.007447062088970391,0.016510372564524367,-0.0029914337305609884,0.01697427213989733,0.002310176528225627,0.003233154163921226,0.02252175918697019,0.005292568446196633
2018-01-16,0.017071064542849346,0.001475868957805826,0.0001958263755079681,-0.006239476536118005,0.0035135923650408962,0.00020580630275457423,-0.003470159557778074,0.005563500291031476,-0.003550147523855185,-0.027751789833811324,-0.009433952142706481,0.007743610362918263,-0.016355281861113014,0.002527468370600694,0.003334702533668965
2018-01-17,0.016552397192629353,0.005895943659270042,0.01772235550970036,0.004185796404701847,0.0046689341526713335,0.01283744502376627,-0.004927548041013141,-0.018610307024828243,0.006412930349126489,0.013500578035139599,0.013736481445478788,0.012938742118132396,0.011057662350135056,0.010084308196957492,-0.014518095244840601
2018-01-18,-0.015713685101240826,0.0017909594817184793,0.0005774924844852425,-0.008932211791954137,-0.0010328862350803547,0.0010163769255924215,0.005018481780801887,-0.010565360388773426,0.0023897688081198076,0.007612018954692434,0.008852527967089907,-0.003371535516943802,-0.0010537450496740375,-0.01354931629168954,-0.0033725827294146526
2018-01-19,0.0043960613072333565,0.0003249344800446696,-0.002884815848979927,-0.01832561485813955,0.011759012852106121,0.0034533659580011644,0.013599357684949798,0.02052012383538071,-0.0022075268069515763,0.008498440593112333,0.029011416622437114,0.010018505336749195,0.006650162402824122,0.0027108609268748918,0.005521195944101498
2018-01-22,0.01002052196353831,-0.00893580759376833,0.007039857978703878,0.002958275135709343,0.003703350473385436,0.010728589549140244,0.00758386807952105,0.021083914030959106,0.011680606425723994,0.00842692177166593,-0.001740345913047392,0.0030272833865689908,0.0016113784403093412,-0.0007208851215579903,0.014169391204797321
2018-01-23,0.004447639133256631,0.02196755931159977,-0.03045132235490866,-0.003458098575793378,-0.0005085357211879193,0.023366452316158304,-0.007719852035836916,-0.005468051377722438,-0.0010500245787876672,-0.004457010721363064,-0.007845038158560413,0.00032152484408110027,-0.0010454536566224526,-0.0021645252975844853,-0.0013971796807868975
2018-01-24,0.0039736392171549895,0.031761206940198905,-0.013629627704421776,0.013472003585187187,0.0114570922042041,0.011024473425172543,0.004797136578663874,0.021492806244834517,0.012783582332454468,0.009140218232768671,0.005798679216674429,0.012646790875499025,0.0050723943381520975,0.0012654886536387355,0.009968460772194376
2018-01-25,0.011195290874240538,0.007462372199836809,0.008611163737827443,0.0039275009461086086,-0.0001257259350492257,-0.0010967476758352301,-0.005290405169420698,0.012608851251523001,0.00025934093277091286,-0.0018484824637836628,-0.007512282921790403,0.00038031687310380313,-0.0034448257118727676,-0.021845168183695418,0.003982624762739029
2018-01-26,0.01755755737134934,-0.0018515910287953963,-0.0019852762815228964,-0.0006020780175197693,0.008056648918152609,0.006395119930694415,0.0064216673690797865,-0.0033079010988958935,0.005358875035379906,0.014259464752144124,0.013905882750954168,0.005449807415971231,0.013022853509378818,0.0016610085919948059,0.0022422231356149513
2018-01-29,-0.015825693985915823,-0.006493582372191442,-0.024769091960338274,-0.0022079204236326033,-0.0014987380595192779,-0.01078330213434553,-0.011021275170069567,0.016185434377430585,-0.0010318962015215538,-0.0067556057039137585,-0.0026039171263911864,0.003466841895442885,-0.005158181557541774,-0.004053861932456382,-0.002064838931377766
2018-01-30,-0.010944131437271687,-0.014161152355941065,0.004182230355255667,-0.007041535788852027,-0.016758496051660465,-0.006877543864021951,-0.0007814546789287613,-0.012991879484972046,-0.009379935799359918,-0.08584550852164963,-0.010489525186089033,-0.008228483108728923,-0.03174597136205248,-0.015726025512530883,-0.010174302025204418
2018-01-31,-0.004177025966796477,0.008997506945473521,0.0032501741887436264,0.006990128055995859,-0.001780419557723345,0.020188028327433827,0.000978138351711566,-0.0039039157277541703,0.004864552448689663,-0.03338063910966804,-0.0008834512698734365,0.0007604474856572896,-0.021171597602516745,0.0026316743083520944,-0.004529666012663136
2018-02-01,0.016893462921506064,0.003911300233101489,-0.0005063088313130848,0.0060361972447231516,0.009173825432177374,-0.00429036006795247,0.035379300281552784,0.01620053792030718,0.01037429995135386,0.0066570253300102245,0.015915056072536293,0.007150870940490606,0.014307297032808641,0.02943396463342496,0.005600269505160904
2018-02-02,-0.00825076886000542,-0.01760957603709168,-0.007900898292254488,-0.03319991880997841,-0.02357978869410271,-0.01434310178246101,0.0012584975083687056,-0.04477846684407383,-0.02216121301583296,-0.008959661066931468,-0.034290558069123955,-0.007414758649644582,-0.026468513075917022,-0.028592377602293495,-0.009746031095504537
2018-02-05,-0.030803817801256406,-0.03822970154373362,-0.02981420497850129,-0.048303570182053224,-0.04868863444780136,-0.0384990362679013,-0.032367771021672875,-0.0420317741127153,-0.04795238162707338,-0.03511380245504614,-0.052811851020652556,-0.04842669190461191,-0.055740297919410264,-0.038432532554618204,-0.040070533202282155
2018-02-06,-0.006843819435727427,-0.006102401806878599,0.016628222858499075,0.023584349025005613,0.021154900669689614,-0.009976565684010286,0.02396722735212231,0.038497040993923815,0.030422869592056534,0.00675566246629411,0.033872376581753905,0.026409967971198878,0.0018051911767067441,0.03060981383830086,0.0
2018-02-07,-0.00023335205534258385,0.003484505259494286,0.0027949280755408257,-0.0060526502930902115,0.002271956540609299,0.011242444590442213,0.01446263058899655,-0.006184911331957088,0.006778965457212793,0.0012985071077105115,0.004049292324370679,0.004601935441347793,0.0016217759421266464,-0.015701949761850797,0.0032956984926035826
2018-02-08,-0.027453432233069397,-0.036216138286847,-0.07030048732353333,-0.0562972856753835,-0.041605433127326896,-0.04833252476022465,-0.04308125781988792,-0.04181259860930708,-0.04421014906967058,-0.04280165269353353,-0.0505959180530825,-0.036257879193004494,-0.07007244843654814,-0.058347653524219334,-0.03923374687124326
2018-02-09,0.018258157844784684,0.0332874649451842,0.009216216722303994,0.03826141580970299,0.025184261264452612,0.02941779685396817,0.024895320423668155,0.011974901273182015,0.020022129975014735,0.007452668626794834,0.006758041517067159,0.015597593440038526,0.025730058973626457,0.024948939736006315,0.020892946644591737
2018-02-12,0.004246974258209857,-0.010129328037282836,-0.001760410640146981,0.03249046767578556,0.014657726663803716,0.0006231793706779065,0.0209115248644951,0.015483419192145353,0.01544915682124448,0.00022373239689588154,0.024741350859895928,0.003756954714502214,0.017163271796267976,0.016360601686822296,0.004093053149226478
2018-02-13,0.01104186981575328,-0.00301964014074374,0.01543055331870824,-0.0014783323458540387,0.005618151450988762,0.0035264900137719213,0.00018755266044356844,0.009361622279378645,0.006174886229418863,0.012998772027210892,-0.0007487115420959922,0.006632781208562699,-0.00899300379980461,0.004122883792706533,0.0031501947215408777
2018-02-14,0.01835721118919653,-0.0003366561969175841,0.03147703386335987,0.017660643038316826,0.02035104117425801,0.014953113289136732,0.012425066403841,0.02758970436370123,0.023125606266043652,0.033185735135363936,0.031092007045900427,0.03248748752765307,0.040976683582304885,0.024437509912176303,0.021610132338282684
2018-02-15,0.008784722014911095,-0.0030295659521081264,-0.005366583615066256,0.003428983441257305,0.004823332894239085,-0.0014935953776007427,0.018254563879979147,0.019422464274994944,0.004172790629840772,0.0006425749532801284,0.006357747287321969,0.01004620286927782,-0.013840309906523074,-0.0013360577341812174,-0.003796709447839053
2018-02-16,0.013910855997312233,0.0040519904182052535,0.005501216861288016,0.002382248054066949,-0.0033731047832369354,-0.0004759049172647911,-0.01653423517566932,-0.00022409763102093638,-0.0071859214829731455,-0.0019258337904526357,-0.004692906331141278,-0.0048795784524402475,-0.0027335728027634287,-0.003057463877279565,0.009256094333530918
2018-02-20,-0.002356002605133023,0.00958453046711294,-0.014625106427826329,0.004132702613106609,-0.004686265072008422,-0.01061232645983401,0.005973702572251716,-0.010201235045789514,0.0002620810858995348,0.005360224072527009,-0.0014510738854396354,0.00031486263779112456,-0.0004611317393212744,0.003258887808635036,-0.012587963845184236
2018-02-21,-0.00045001622649643025,0.0023317006704697274,-0.002562990863111736,0.0031894340657505627,0.007062593249919313,-0.011825965377356362,-0.009611480277289086,-0.005624736793743201,0.00418459806317939,0.0012792910956804793,0.000726724951403801,0.013510480478863274,0.0013826508951657601,-0.0007643834014832152,0.0034603173987122204
2018-02-22,-0.003937716139273739,-0.0036557240335143293,-0.006530180721469381,-0.0015385658708589878,-0.009480541949567822,-0.004522814197407854,-0.0077266012741047385,-0.0074788142720525475,-0.0018233665058169368,-0.006815829896579362,-0.004355758445526603,-0.02281731225660233,-0.007732515232393378,-0.005162551630842227,-0.015063223612816312
2018-02-23,0.011747557848116985,0.001834568693621641,0.016918172535026033,0.014894697685944758,0.010620081936433046,0.0065701005738738605,0.02174065313763829,0.020425787820824715,0.020264490295472948,0.01801430885602784,0.02205625742231021,0.0157995788990557,0.011040180906983776,0.013646422363637,0.022479913922420325
2018-02-26,0.01328571729378547,-0.017646190691544383,0.014623581418539144,0.028744701545584173,0.007395147747916386,0.014790487669087415,0.01755862589203594,0.016831024540560957,0.012445600267753765,0.0016850237884766806,0.0167645816971016,0.0108685698873352,0.01046039854359826,0.018770855320960456,0.00630735398377591
2018-02-27,-0.00848393760838706,-0.013218049606855464,-0.018172401399630833,-0.02026711559950567,-0.016355731295110032,-0.01334321907496372,-0.0012577567964503489,-0.012275813609647912,-0.011871765763014297,-0.006939726080448794,-0.005087012213872755,-0.009886714505274008,-0.012986131322166528,0.0013031453025755813,-0.014863699804099628
2018-02-28,-0.012334999150830583,-0.015284016933660216,-0.01861529642425297,-0.02078751208531393,-0.011652275578743598,-0.015743272597954383,-0.003180033770072588,-0.015906921137883057,-0.015848738495569892,-0.021812824704618095,-0.01234120206109135,-0.016039284811492416,-0.021804764427959533,-0.014498268146034055,-0.011815824268972208
2018-03-01,-0.01372608192853808,-0.015172897130019014,-0.0021677366585620694,-0.02430544726151085,-0.024241576148306243,-0.014867378910065288,-0.02347108429066369,-0.02339038170134955,-0.017921858734930796,-0.0099587026340755,-0.027311611080514053,-0.010592634312753813,-0.022478966931091526,-0.018295087463296444,-0.02189119276357776
2018-03-02,-0.0017112607336672303,0.0007084373661314647,0.00010890411958519586,0.004835339325870214,0.0002717641497906875,0.0003576289759756879,0.02465144244548867,0.005218493120220602,-0.0009699203893264174,-0.005029604854424163,0.0045878544410205,0.009231123300836419,0.016067929124346847,0.011143419628305118,0.004513564341038112
2018-03-05,0.008456202848645455,0.019642780084896838,0.013972527549389824,0.011087932380259957,0.010043234346583052,0.012154786206138857,0.013413057550795138,0.019370864172558955,0.01535488968925569,0.019560149587019016,0.013701244285882153,0.008131186175772243,0.005871206224193015,0.018620453414220695,0.01048505996165483
2018-03-06,0.006005694281672858,0.007115645973410523,0.005813247176451153,-0.00610407623648046,-0.004837123218347283,0.0026141123102962904,0.006528334245217593,0.014480078178724431,0.0008691637151212461,0.014658561961691907,0.019282682308188415,0.003969049321354445,0.012426990777508085,0.020891474562968027,0.0037055830046841542
2018-03-07,-0.00011291692140125154,-0.012407425352750412,-0.00042797227584345787,-0.004475880884213912,-0.0018907120760740526,-0.009089191815046749,-0.005955328908747948,-0.005918993765565594,-0.003733958707563212,-0.0004251599591397204,0.005657532427187695,0.0018829406299496476,-0.0021385034466658848,0.0127899800508664,-0.009414808347513515
2018-03-08,0.013743719137309318,-0.01814698487929589,0.010065257929391835,0.009933012347108194,0.0025705639728952345,0.009030418280725483,0.0033355304958058163,0.003730793934863863,8.709956122854301e-05,-0.0044629429128644205,0.00140659873023119,-0.0009396045903460326,0.0016773570134316351,0.00865972020194472,0.0052181054906226265
2018-03-09,0.018779395071307103,0.00533148791359328,0.01802187822198853,0.02546870214397634,0.026986626707041772,0.01472792097029596,0.017692086271856367,0.016632664298890543,0.028760976782849168,0.021349129257705712,0.03002099526316604,0.01855896010483704,0.026142035002157282,0.03201579600763127,0.024842610066278636
2018-03-12,-0.00927093299429227,0.0007068487017747316,-0.01228772361488173,-0.01393252484676577,-0.0011823132927497593,-0.006319393699438902,-0.01306755223010303,0.00963923876743511,-0.0032194068285125166,-0.0171405712715621,0.00409071700616459,-0.0011694611858407145,-0.003717192940398073,0.0010397676980715698,-0.004884282840821763
2018-03-13,-0.0008807993415127502,-0.01183529933361993,0.016446672659492956,-0.023548592357732434,-0.014601269330681621,-0.008037836325786474,-0.02583047110825598,-0.017740784894843986,-0.011983843158381746,0.0017014747557058119,-0.014937826866732729,-0.010908396860718761,-0.0026390080177046693,-0.018698233474144788,-0.01563362586454775
2018-03-14,-0.005950406522043594,-0.012405495093035679,0.0,-0.008807681837810888,-0.01922300373871877,-0.008312772277897618,-0.01128574543770533,-0.015268441943055211,-0.011182805482596092,-0.004033963052786582,-0.017921795800144857,-0.014954306887779434,-0.014142371926497477,-0.013055738542281814,-0.016251077124579627
2018-03-15,-0.0021063659173269356,-0.004915169974106459,0.0041491597492486765,-0.001481171812044213,-0.0017699365275738455,0.0021309158750790758,0.01497411154451167,0.008244125674820246,0.0025228869748468163,0.0010658746076439574,0.0040356696233510014,-0.0013914514509049125,0.004072208318029125,-0.006256856699397018,0.0016896595317039687
2018-03-16,0.00522109135960358,-0.0065864785621030375,0.007437208613539692,0.012925130233728765,0.0017730747573529992,-0.0005669484836392513,-0.0016325440992258633,0.0037134384803816367,0.0017356122763889648,0.007666147711215876,0.005068257478970439,0.013935656122342488,0.0014749326842637966,0.002159084803359246,-0.0018744212638229785
2018-03-19,-0.012045381041607794,0.0027626704212524444,-0.007690097848105482,-0.008053531165383099,-0.010480503211300007,-0.004823389451638516,-0.009568757976224473,-0.018946258613850797,-0.00788278904611106,-0.004860390622236865,-0.009737559491998282,-0.003998282104736739,-0.008559849449265133,-0.0007181443997928971,-0.008636749449937198
2018-03-20,0.016331112169055917,0.021671308776330278,0.0063028302148318005,0.0011596265487283652,0.0030260360197400527,0.007270339341532983,0.003912964020214682,0.0025140062521258333,0.0009603537046272148,0.002335981910183804,0.00913087714059313,-0.0036379185347246157,0.010954501275827866,0.0053888760807139224,-0.0037877966109219896
2018-03-21,-0.0013209161624184729,0.003774757990265387,-0.005647355654469832,-0.0022115708856108585,0.00548546101818892,-0.0075010961802551845,0.0019494830694801735,-0.005091466479008155,0.000872180800505884,0.00042355778842484426,-0.006264027981129239,0.000251622282879449,-0.00018380487317037897,-0.0023227447604637907,-0.0009504989967799027
2018-03-22,-0.022041214098005635,-0.01844546307949213,-0.022614515880886144,-0.035148870487964,-0.041053023868171445,-0.018679512820556354,-0.02638277782515297,-0.03532543726229087,-0.04174661579203809,-0.03197810928658573,-0.04325023441966247,-0.03530735843258426,-0.035084575851355826,-0.04369616094665252,-0.036156164376617395
2018-03-23,-0.02298807011210624,-0.02554283757587117,-0.025356803322761357,-0.010501818774492855,-0.03427660471071048,-0.022304420563041938,-0.012737373073356428,-0.02905796941048655,-0.02673918040720835,-0.03565956744979404,-0.04703485352339121,-0.039404950713966325,-0.04207090138173708,-0.0389515517905652,-0.027640491631958697
2018-03-26,0.01707051603325871,0.01497826040402539,0.024607321941789495,0.023991203596838817,0.02768756866864419,0.018206110741084247,0.022704340759141184,0.03922392599838043,0.030838107991037367,0.046960288925318006,0.04282685291273802,0.039187855894752266,0.03507524426573205,0.031956435931605354,0.04142153747294852
2018-03-27,-0.01383556419052756,-0.007932193654646147,-0.011954963197640334,-0.012956210405071666,-0.0214959793403664,-0.002335237536488677,-0.016758815479218536,-0.029896335223439374,-0.01939997238017732,-0.01430137290710809,-0.021178340323081413,-0.025031336739656518,-0.015455573615151597,-0.027001540566234716,-0.0278809240796013
2018-03-28,0.0016099694384659191,0.013759902134308666,0.013063531190147026,0.00864130308327482,-0.00029288186300635566,0.016692232630505677,-0.0010062058530823093,0.008533307472579077,-0.0015717297326358626,0.00901302470301002,-0.004515934274406885,0.001809834540702937,0.0033151439682062023,-0.012225705224875427,0.010290296618192807
2018-03-29,0.004821718137225206,-0.0018342616037266835,0.002008025084039744,0.01160396168755451,-0.011133953298028465,-0.01077695028408987,0.01825772115089297,0.00998528749375227,0.01824107170421385,-0.00021777703399872284,0.019845425261364902,0.011977161430095418,0.00631676477061327,0.025933227168311035,0.008588294809930508
2018-04-02,-0.01805282483359738,-0.023887830347604222,-0.011603191074483377,-0.024442637440209913,0.0031110947763757224,-0.025370973725563517,-0.024978361936556115,-0.017907070183585727,-0.019278298349257206,-0.018958710346108076,-0.022980173573864282,-0.01930712212785035,-0.02510878911790182,-0.034661022046793444,-0.01623764187002652
2018-04-03,0.016755967393793147,0.011483357122049842,0.015154498308147746,0.019121143665657092,0.011371918595814323,0.013353183625901988,0.01819900229840221,0.013058639959331542,0.013722928586226146,0.01354994656495978,0.008535766241702492,0.018743574298645926,0.018623457259245635,0.014679864447261437,0.011876127800954484
2018-04-04,0.012588395696719656,0.009119580559461715,0.014823296925949858,0.009057271309794723,0.012120499894042736,0.008143351854026815,-0.000498151544981229,0.008141144483421625,0.015183351279179469,0.004821338886711768,0.009403504951143837,0.009265473370380306,0.01546243414974291,0.011729649532254083,0.008155597382733415
2018-04-05,-0.012206033451270804,0.00608596961635155,0.00621562105781126,0.010404629026537826,0.013129179256787138,-0.003010730708165932,0.015577174827140716,0.012627434724944875,0.01313062699691292,0.003925592372576947,0.022172854336854453,0.0017045553851098294,0.004692281048521041,0.01159465366377499,0.007892859247667472
2018-04-06,-0.007551161551167085,-0.017414994466190548,-0.012663132466077864,-0.024309988561057705,-0.02307017202456918,-0.012078967540619212,-0.02902022913066804,-0.02282922132302978,-0.02493772874048039,-0.016510722609073936,-0.03317547964737466,-0.03148695586991723,-0.024592057737912953,-0.042789184536047964,-0.015661788719033343
2018-04-09,0.005072338883136407,-0.005596970507667165,-0.0012513288639537379,0.002502486281467542,0.012245054267044031,0.00022348256806559164,0.005813466888405783,0.008881046255702962,0.012008786187820641,0.006185200242809774,0.0058445558506659,0.008516247513022712,-0.0037135802446865984,0.0019955728812122153,0.006165433569420342
2018-04-10,0.018123440944050273,0.004127404918764288,0.01399035839428242,0.009333580263220398,0.015408730110608726,0.007602981375322004,0.027703980869255185,0.017367666578950836,0.019112279124498865,0.01997791201414212,0.014807872074376727,0.01561529763547953,0.026973709671834323,0.025891207256912185,0.00968583225111641
2018-04-11,-0.004280924440186795,-0.002989442636559092,-0.009472978530231657,-0.015053993504178909,-0.008793047372526619,-0.008285221756100247,-0.014242934729167267,-0.014148231937230471,-0.016798525550590693,-0.008824957640225173,-0.025858533678627338,-0.013857387395578291,-0.0166186186841365,-0.011454001259059932,-0.01037598038453369
2018-04-12,0.010409511717349718,0.0024363157548832337,0.005717405102930506,0.019105007018133557,0.03205029511730739,0.005370566752227246,0.01829371340957353,0.026291166308436198,0.024859845975345962,0.02128124946147336,0.021046354227235664,0.020409434442326013,0.02010480381834956,0.015907391107234936,0.01364965566024745
2018-04-13,-0.0020158831952996614,0.0018694051267842404,-0.004030804075801475,-0.0034279206273042373,-0.015527277297885389,-0.005787272773148944,-0.004811174680851682,-0.01413765442138204,-0.02707927505068375,-0.0023391790093891807,-0.016155940990099982,-0.04138637053932348,-0.007140888600709827,-0.013338282765265608,-0.0056596655938716545
2018-04-16,0.004713055023762847,0.01287559439337671,0.012141830031027645,0.006126966428435798,-0.01323779207000697,0.013358126905737677,0.003671799342901405,0.00765859214827036,-0.0008162782740601671,0.01001734916622743,0.007927457622534995,-0.011137130561710173,0.0076716201829447606,0.03996857538117715,0.009028470208449324
2018-04-17,0.009157560658100028,-0.0003683176148203682,0.002255415421732687,0.0027775476819020817,-0.004709387478827987,0.00412442202226293,0.0045117323363008666,-0.016480507710251557,0.0,-0.010339749501201867,-0.0029963451205194946,-0.020717615813614865,-0.001712954047553894,0.009984944030367426,-0.007585786259056038
2018-04-18,-0.0035412153521828804,0.0036858397987600267,0.0004094356767214702,0.013744088205899452,-0.010897961107796506,0.001173143587053893,0.0026704692426295917,0.001458826689322068,-0.008075604228013233,0.002132203793908438,0.0003755535728784398,0.005679409417895354,0.008960873849618967,-0.026674229606142297,-0.01999248504274387
2018-04-19,0.004664485194786794,0.013220642524372161,0.0019432928442946196,0.0758801937718343,0.01884611212361076,0.008131113303121662,-0.00441870154828683,0.0006692036548681113,0.021954047955532685,0.009361497449948963,0.027037260459132906,0.0183536255962633,0.011621062646022251,0.028746851806880303,0.014000091087124744
2018-04-20,0.001105528350424212,0.004530677145056616,0.0033675372160004713,-0.015434197213402778,-0.0039840914718128895,0.00043626730205859054,0.0037089297093022555,-0.008694839340574134,-0.002237672281567349,0.0010540741090232508,-0.00438761178255942,-0.0009702458184710494,-0.000373354210999155,0.02440361656758183,-0.00532521831702959
2018-04-23,0.0004414562619232676,-0.004510242691575295,0.0030518217946891024,-0.001785834462796898,-0.007428324908879236,0.0044306702096919,-0.0053307715538234435,-0.020995422292032107,-0.0048442974041315034,-0.0018950142198370656,-0.015056816236567183,0.007563177835648416,0.0032703600392616217,0.0069101415085885964,0.002181416844574624
2018-04-24,-0.002869789002570622,-0.0016309101542465454,-0.012372283728357303,-0.0016899725195478332,-0.005181620520085195,-0.015836270524129725,-0.015834766951560053,-0.016945717474016964,-0.004687504296678413,0.004430309580773839,-0.010626433612643482,-0.0013773885031509447,-0.0022350537828954575,-0.015892714598896407,-0.002374604743362596
2018-04-25,0.0053135653522671245,0.005627556883623042,0.0010269468466965748,-0.01652694450441794,0.0034724550059925807,0.008523007741707778,-0.003217666205805214,-0.013443964103967976,-0.0038042372755506815,0.004620723698972373,-0.019408280434859426,0.004758393455165377,-0.003453502782389206,0.0020186420031835794,0.007338442766647857
2018-04-26,0.005945820422351478,0.0025266110600659086,0.0004104329793679362,0.014679050216202638,-0.0025950382978247033,-0.006265263902115903,-0.010119460259672919,0.003594901113398663,0.0010001485489266049,0.0071085147961378325,0.0030745566553229686,0.00020555986216841404,0.003933663766132245,0.019230607730999383,-0.00019685759803078628
2018-04-27,0.004597294605971136,0.012783495469331552,0.0067670970443083345,-0.006185782355121461,-0.002746690272478758,0.006671422635800006,-0.01310727375625187,-0.0012078794145553573,-0.006357931279657336,0.004567111789425704,-0.0017322619859905242,0.011047831845150569,0.00401156543182668,0.0061098089990681,0.009255484601255137
2018-04-30,-0.006973357254404178,-0.0044444097148351736,-0.003768124787267735,-0.00863371791993095,-0.010436189588134193,-0.01194406747852994,0.0020336461370698,-0.006130259060552423,-0.005667285879805584,-0.014878680300700053,-0.004628134409490059,-0.011741306318294398,-0.01207944592474941,-0.005536867676807056,-0.015609839267169856
2018-05-01,-0.003730486685032175,0.005536025308701786,0.0038846393315585814,-0.0017214592120432526,-0.00029314635780608445,0.0019164793579700135,-0.0074835161155634156,-0.00696496342178865,0.0,-0.00776176384496019,0.003680691999231822,-0.0018544750919846642,-0.0019752106345175546,-0.001257199168055112,0.005352026481960648
2018-05-02,-0.007709208842992421,-0.026105643810431678,-0.04215896597663549,-0.009636990434148451,-0.0038095820696970595,-0.02361500922490012,-0.0007665942467355302,-0.011070375092825713,-0.007905810993665718,-0.047568658972992894,-0.002123087621238029,-0.011902946233445233,-0.045990317175613527,0.0007192818155246083,-0.016955624297896543
2018-05-03,-0.013318417195533727,-0.052881202846815634,-0.00010615392848933869,-0.005019200882058539,-0.0007349571659398535,-0.019062583086596807,0.00409284584840286,-0.002734542943532814,-0.006300957227176052,-0.008657280305477744,-0.011992074044346435,0.009817972078539183,-0.035858917051473815,-0.01167996684472028,0.0024065650431610575
2018-05-04,0.008099082260076385,0.01732791291219149,0.0049972145114396405,0.012456093608326224,0.0047320483819457415,0.019663474685939875,0.013628393096275948,0.006555231449653975,0.011096460978027745,0.044982071892173625,0.006264789527334447,0.003999570070309488,0.031353159695745036,0.019817929642543586,0.007202786006857309
2018-05-07,-0.004909853835410538,0.008326850017057241,0.005713095709545257,0.002339142927508586,0.00824258134438316,-0.0003012724949964518,0.0003767295221703826,0.009619304872825474,0.008669640065844808,0.015574104556296708,0.019260483029737596,0.002060514097216304,-0.0015898912623028005,0.015689317664618452,0.00039744511591188747
2018-05-08,0.0051580669193314055,-0.003753723918378249,0.006837796833190968,0.011766927195634436,0.03649638993837967,0.0009795792854909724,-0.004773083640078335,-0.0008429645270139341,0.014811757784411572,-0.008519678721238932,0.01889671321025088,0.011172275819125055,-0.003979909663971437,0.005792527371152989,-0.0005955101917630712
2018-05-09,-0.001561732050808784,-0.004898334537764004,0.00731365256566896,0.007619758536133947,0.013380093529817616,0.013926605826619642,0.018994963842807522,0.019957451887394617,0.021803648467786596,0.0008596351449070561,0.014237523436779531,0.018707900568504243,0.00029954188186764874,0.024956092211292358,0.009933995031476739
2018-05-10,0.013407806382805143,-0.0013251019350478677,-0.003215053719225258,0.008756439286833118,0.008617283266882492,0.00631088576385741,-0.00935087559728498,0.0070740382840477345,0.007759568693188168,0.006438427179427775,0.0166238033244539,0.0036595648962229888,0.0070906451783128155,0.006310736957745755,0.006689246498394752
2018-05-11,-0.0026461855409054547,0.001895450515570607,0.0029135303451250927,0.0003944772182060685,0.003996142237629341,0.004647803768190961,-0.004189053796798126,-0.0021358150014608723,-0.0037621662991604854,-0.0025587021665949283,0.0029068042054796184,0.0008620517670641092,-0.009519807457575302,0.007796823886796034,0.006448677695068072
2018-05-14,0.00022122891739262407,0.0013246182064354795,-0.009545614295884186,-0.001281734229881537,-0.0032940530780416477,-0.008224793691432586,0.01092360788416391,0.004075352591730086,0.0003510471931169601,0.004062362391298979,0.0003623416292404258,-0.004107013437289586,-0.00010002872649450545,-0.008913574110898215,-0.0062135235063995875
2018-05-15,-0.0030947741864267853,0.005857781018356656,0.004190160766573969,-0.005430036635207358,0.0008263213159109828,-0.00422068237556017,-0.003602240826179992,-0.009634810686003914,-0.007638476469260969,0.011073072945678941,-0.006700184686618593,0.002926633004902701,0.0067086020719107076,-0.0018664212950612047,-0.0011722487567944473
2018-05-16,0.0068737449189042454,0.009017632067364056,-0.002503605948523835,-0.0014890889134601126,-0.01004425113320806,0.0006690938536111357,0.001371391038235359,-0.002483704177604573,0.002742808834607313,0.008635675367719697,0.002187654711826248,-0.005570658470164358,0.006265719809045001,0.0010199053552850668,-0.0025428358970608356
2018-05-17,0.002642689153343092,0.020108144524505933,-0.006484291567210199,0.006263144989712366,-0.005420302772202179,-0.0008916588860907737,0.0001867226428908797,-0.007719057030212251,-0.003352731059041769,0.00605530979969604,-0.0018195546830236387,0.004668435879416899,0.01423370669920443,0.007473041786810741,0.0031377824232670104
2018-05-18,-0.003075062061892453,0.0065704198951017645,-0.0008418961695034755,-0.0022723131694022403,-0.022358808618646697,-0.006768183111615866,-0.005725006652553488,-0.00878289935736265,-0.01620046233508332,-0.008302176724933608,-0.017313407970530714,-0.012545948407774121,-0.001753962859836422,-0.003034647147536984,-0.011730292417132415
2018-05-21,0.007931356619469643,0.0025384082072341663,0.007269039146045708,0.010397060813868597,0.00671787087223219,0.0026209162797350416,0.010014162398204851,0.0029535224950152372,0.00917860323417452,0.006488057188725804,0.008160297450073406,0.004503764097063545,0.0007876290540849151,0.005072513513163512,0.0029671980203174186
2018-05-22,0.0019788878688762335,-0.003074621634674979,0.0028245128098709493,0.006468151547414536,0.009229231841259677,0.009933538777774586,-0.0032225617972827525,0.0012618254196932188,0.0076682484653261,0.007693817418746418,0.009565739260304573,0.009703800181191546,0.003444586022816054,0.0025237803647497614,0.007100813353928759
2018-05-23,-0.005924128111715166,-0.01777930100386005,-0.0030248351495133496,-0.007497929281063742,-0.011817726094907277,-0.010427761524045787,-0.00466223254463527,-0.0007981515420338869,-0.004601229193225254,-0.00020610042706048493,-0.009657597037099563,-0.007622202489152352,-0.010396197011152242,-0.011075716500367316,-0.002350110815830364
2018-05-24,0.0,-0.007942447655977958,-0.0007324376516547604,0.0007851986546751899,-0.013240213827999336,-0.0027647768904502934,-0.0006244784897532218,-0.007190566548991306,-0.011201008089033127,-0.009288183944379247,-0.006439699347126293,-0.008215015669709724,-0.0051535391311177126,-0.013405855887738904,-0.005300543278136449
2018-05-25,0.0006620119229427956,-0.007633544795465519,-0.0007325884289249851,-0.008920914424180748,-0.012552447889170426,0.00029945185662771934,-0.0025623797778979718,-0.004616791333517334,-0.005124624551147594,-0.006874891999127386,-0.01833358457288481,-0.002356598902827578,-0.0035867025883747905,-0.014447668380209833,-0.0025653143991635208
2018-05-29,-0.01698291103745575,-0.021013089653342698,-0.012676792878231424,-0.033432092508964284,-0.03988866968545579,-0.02667068442843057,-0.005764592297317184,-0.03395572600556396,-0.04274324548645991,-0.0526537278406749,-0.05753590190498847,-0.04657424020771306,-0.05048931028943593,-0.037696403093621655,-0.03324132290066428
2018-05-30,0.022212639470236217,0.01705627900897544,0.00629113066603848,0.012996516350092246,0.01476153728888785,0.018396027652936908,0.04291669093478445,0.012951276987513083,0.022845054926562636,0.02413644311004015,0.020215977359371973,0.021663556060352418,0.030324842934413176,0.015777900465385297,0.02005767243336809
2018-05-31,-0.010974574539948212,-0.005276150985337513,-0.009431267631978879,-0.006970593100526279,0.00015015172097587737,-0.012243868327870833,-0.01565076517166808,-0.014313208413218925,-0.012367319869726612,-0.005621529581208873,-0.016284061368856406,-0.006236374895028374,-0.010321577096871648,-0.006962858871441102,0.0030094667029068045
2018-06-01,0.007545281736168308,0.009471505889844023,0.004065369396842877,-0.0005086548378226974,0.008846785158598047,0.0006887658335663627,0.02842280468269487,0.01093518814681338,0.01298932910588202,0.014568216203517892,0.02134042330438435,0.011923428860182161,0.020652622639227847,0.019956918174220295,0.01540273051101071
2018-06-04,0.0006606996151683475,0.009194792068637048,0.004155258684646945,0.012213755534490556,0.0008916825058291611,0.007646003303532378,0.01653427586028533,0.006743674759950968,0.0004613291661865748,-0.007072435795184351,0.006639268689707656,0.009785337226745794,0.0033384197329009435,0.002291570958312228,0.002955444750720959
2018-06-05,0.00044024336816073095,0.0011159290122209065,-0.005835731223449603,-0.0014076786908562289,-0.008612787933526378,-0.006298002724826834,0.0009393194101172675,-0.006742286416058563,-0.005624811896839277,0.0015107708498884875,-0.0149370413846045,-0.007847806462355611,-0.006150943143846677,-0.009848876997944456,0.006089241116701283
2018-06-06,0.005501027002685621,0.001857428105971115,-0.00736396954069185,0.016715163737388794,0.02201908753419657,0.0030544042583082742,0.018068748743406138,0.017036055613588452,0.023367716974767472,0.016163778123762018,0.02225281464559048,0.015475614472411747,0.011059397430554396,0.029307178423643165,0.010737821895561828
2018-06-07,-0.00043794537417296553,-0.0012977628377186523,0.0020426599085676678,0.005050999296936309,0.003224396346032332,0.006699574210029091,-0.006364230926344194,0.005253390920516354,0.003987182624452412,-0.001272349478545154,0.004430930705221936,0.002506094228894362,0.000903014788717682,-0.01052617436049319,0.001159093601283745
2018-06-08,0.004597458237673102,0.02320391131493804,0.005472280766690263,-0.004729901712679285,0.00029217149036786516,0.009755656524901513,-0.00448342999643736,-0.0002570556292639248,0.0027976667813505163,0.006795436307311498,-0.004411384167660848,0.005675428119307657,0.008121176627594595,0.006801428895441219,0.004244578537423882
2018-06-11,-0.0030509120124262434,0.0001815238087725657,-0.0009602449956236381,0.0019802285554519905,-0.005257917202188489,-0.0038940881032427654,-0.001988672898081578,0.002999518630562692,-0.0025196093781837403,0.004007630281465113,-0.0025041159877928765,-0.012227194061954383,0.0028840494743169742,-0.005542989962890155,-0.011527259944559831
2018-06-12,-0.00021878389471885473,-0.010339063855207109,-0.0012819165971205138,-0.004644340250127499,-0.007341119257267104,-0.005112860679291398,-0.0024025766694630857,-0.006236903376927061,-0.00577469892461191,-0.0023107115725500282,-0.008883919637702409,0.001088298803585852,-0.010710003987206451,-0.001741988395884797,-0.004275927972712812
2018-06-13,-0.0013116778408545082,0.008480410301580088,-0.0024600705846266058,-0.007048570109547514,-0.004732750538715136,0.003022779812806853,0.0015270709593906417,0.005158134037983597,-0.0019965797142171837,-0.010318031879905543,0.005456020805212347,-0.010802545178611345,-0.004610855340947517,0.0008725514310059523,-0.0029281223795134537
2018-06-14,0.0,0.001828326144866388,-0.005039100540030095,-0.0025994352701561585,-0.016792820405499342,-0.019740615944675355,-0.00950253913319532,-0.0007695230738173908,-0.01764126783983866,-0.004893672545621008,-0.00562013018813734,-0.02582389561593923,-0.005539102326621026,-0.013075593334563429,-0.0029366177835145058
2018-06-15,0.0015325197846827177,0.007481728027096679,0.010883578160949536,-0.012429682281944188,0.002720255882010081,0.005995385832707534,0.005744518644569707,-0.007404447406414549,-0.0012030697780470723,-0.009835476693510259,-0.002923114800325477,0.01501688404276913,-0.0019239325208518787,-0.00918549147431258,0.008835904701249175
2018-06-18,-0.012677754342335312,0.006158544675426869,-0.008740769399737336,-0.0005076053114727586,0.00618028306931051,-0.011002512856768454,-0.003710108188855199,-0.0022852833596194166,0.0025948309053009933,0.006910001106636088,-0.007623238603130411,-0.010210189613353404,-0.006189127426201035,-0.010875157032169569,-0.0019463825412661118
2018-06-19,-0.0037637098648649614,-0.000900301504579426,0.0052689613149079495,-0.013506945995984232,0.00044960688719553055,0.0016223467412526116,-0.013238257249445384,-0.013267524399663722,-0.00582372178383006,-0.019301095929374346,-0.016742451027426664,-0.002456752874098078,-0.0035734128649634878,-0.0037851481206772064,0.007215267405449977
2018-06-20,-0.0062219941236094645,-0.005225251950082943,-0.013906385992406678,-0.007411748492238024,0.008984639673518702,-0.02267626874720463,0.001497458997919976,-0.0021901003591306978,-9.315457463854315e-05,0.0013126296637775425,-0.0006008037584374071,-0.0056277270942027835,-0.007786524767269487,0.004885098819280342,-0.0073574676481817924
2018-06-21,-0.006484875990496741,-0.017388091120078997,0.0005425340310467597,0.002177740214975854,0.003710549989341505,-0.00825544353554275,0.0060399751113400235,-0.00368699223270752,-0.000278869262260506,-0.002839165495098661,-0.0020044377757092446,-7.050836967548157e-05,-0.004337410916043782,-0.004141002199404387,-0.00546102878882504
2018-06-22,-0.005401928043669568,0.003870855987233801,0.0001081296485427874,0.0062096133583622315,-0.0063584810171669615,0.0035218632912465964,0.0011888238613948499,-0.00422940227731472,-0.01637062753155971,0.001094798756785309,-0.018075878321568206,-0.01400877079151186,0.0008298459916376011,-0.007412881815815675,-0.00451110749220851
2018-06-25,-0.0024891784394124317,-0.004406715787581117,-0.006613198507156581,0.01347306411305671,-0.02157724014639395,-0.002153701009418363,-0.011459349724125989,-0.019821365081528097,-0.00907793178994254,-0.011157270697014443,-0.019635952422497605,-0.0066736766672022,-0.005388519202406239,-0.027140174884993762,-0.0035461581148334975
2018-06-26,-0.0018144860873682278,-0.010697213197533584,0.006439348351403806,-0.003348859255410397,0.008517201906901972,-0.004316211323913022,-0.005645777906138627,0.00018058330386150345,0.0006678013497938284,-0.004425100886435995,-0.0029208043199662193,-0.008307576647556547,-0.006980880974025383,-0.006365864178717762,-0.0075122779938626705
2018-06-27,-0.013409781897361306,-0.014168463601589298,-0.020711607975520074,-0.012727677818192618,-0.012818594522887139,0.005057420381918254,-0.01425554133807927,-0.006318367604027042,-0.015448816018645561,-0.024444104269552014,-0.012555102404488983,-0.014422709313531401,-0.02192805957033661,-0.022046653031029928,-0.00737112867526557
2018-06-28,-0.004606868038384615,0.006618626998087684,0.011515753790938721,0.00010287356049420993,0.021692545394564222,0.011661548038954361,0.004105658974156823,0.014715440692453008,0.016369423552232476,0.0009111821262293152,0.023309937681500248,0.001995335596749248,0.003968789438871356,-0.003660891322723958,0.0018176488892818199
2018-06-29,-0.004397079331931231,-0.003945294784030051,-0.000875781009351706,0.010622182348677844,0.000598135447250403,0.002841962410580212,0.00036632444898532235,-0.012756124511274503,-0.0069569990431956885,-0.0077375386165896565,-0.018429961101888326,-0.003466542783097326,-0.0008543281336046427,-0.01179656519734873,0.008060988843061834
2018-07-02,-0.0030219959560698895,0.006412925210217857,0.004382843891807653,0.01020388933396732,0.003586592376520814,-0.0016531304717583017,0.00042659669697098224,0.012195353243272367,0.008445327039491746,-0.00045918803119981977,0.006750756574284367,0.006069544243552549,0.008768814622383214,0.00391410681669746,0.007796897194821906
2018-07-03,0.00023348065158335096,0.005809569706867634,0.0025089804465863175,-0.011717266055501718,-0.016378910238212585,0.006072065160488416,-0.0175011955803126,-0.012899458258918806,-0.013989570372047622,-0.004130312516188228,-0.01466859712941726,-0.011256725726069172,-0.0036043499747209218,-0.02066297649601012,-0.008728056380832072
2018-07-05,0.0032632286841978164,0.004658052853890204,0.0004355692454769411,0.010667777079758523,0.007568702113488701,0.005251482796122309,-0.00508922153837188,0.0016335554013762188,0.006501976906435392,0.003686835097118868,-0.006805833114292281,0.008854866225527447,0.0037236031606280307,-0.015127409416235915,-0.0008006949960934762
2018-07-06,-0.0030204843463894626,0.008345655650229267,0.0023927417439533194,-0.00010147470547161586,0.008713794000444919,0.007329826354039559,0.0008110742455855746,0.004756455807746418,0.0032777033900102115,0.0039024609195736915,0.008351388850113217,0.0030979135243178746,0.0054060134467592835,0.02364624646725111,0.005607774978857005
2018-07-09,0.010487199158397464,0.021887015445794633,0.015624704458424565,0.014108653511777147,0.02681007291105586,0.022447415356340983,0.019322859718834406,0.02795441449390057,0.03094402101256355,0.03978970786318503,0.02803121462616831,0.020514541831698097,0.029731289559103313,0.024678877370253094,0.023103090455469655
2018-07-10,-0.003229142454046041,-0.0017998565899165486,-0.0025640874842066674,0.0,-0.01029898399848761,0.0107499868384473,0.003913843051007282,-0.004999980769921031,-0.006152014165779041,-0.012315867365433886,-0.006404138900082623,-0.007493262311367488,-0.006757291538363908,-0.015221223327724132,-0.000389590494483838
2018-07-11,-0.016890333225072274,-0.01622749363157583,-0.005677034714631435,0.0039039546022892058,-0.004689890627081361,-0.01243341375594853,0.007675041859522391,-0.005245752834222017,-0.0021573876588462104,-0.018258589444187012,-0.007275953031068427,-0.0005081605609642548,-0.01659628903058985,-0.012522385167595296,-0.0017525078771107871
2018-07-12,-0.00023502641492534337,-0.004765843214342147,0.0007542886826454875,0.008474234490289945,0.008835210955765005,0.005081676480675146,0.007676934985968442,0.0069127874708652115,0.004324014970122914,0.002268024387776846,0.005654498513384176,0.002251580084796645,-0.00104830799337996,0.005547964950816997,0.0019512085920132538
2018-07-13,0.002824676920373692,-0.001104817003867442,-0.0007537201600589238,-0.006425931634747584,-0.022040761670378273,-0.002867667995210099,0.0012596161408202633,-0.0035647162951648603,-0.004586148562464087,0.000226243595704112,0.0012494560895044415,0.0023915636816760344,-0.002413200643096247,-0.002561592914938182,-0.008762263417657845
2018-07-16,0.004225406173538504,0.00977113707788635,0.006786819161067381,0.001890648042695009,0.036716337371287766,0.009308326212625673,0.007848618124398854,0.02221630894666582,0.039676612480522566,0.005429758189585021,0.01705496332277967,0.02562391017239296,0.012937602681474702,0.008692129832107875,0.007660490422758404
2018-07-17,0.0037401131017111844,-0.0010951647182296798,0.00855979279876773,0.004568206378492867,-0.001583685674916735,7.507513393956167e-05,0.00475572198412566,-0.0018145429591802653,-0.0007232138440020908,-0.0056254060163155595,0.005725731299452752,0.004187983675190354,-0.0029076640328751235,0.03564432272988416,0.0
2018-07-18,0.007452245989626904,0.007676704974472592,0.015913456957259875,0.018091974678244416,0.0072098580317225824,0.01214577438107356,0.011833181971863338,0.0009522139924216244,0.009320980864335304,0.017424748061677375,0.0280602655233666,0.006573208939123054,0.015309573145758204,0.025340385938734444,-0.0113058495866315
2018-07-19,-0.008553044410806177,-0.023217990823565238,-0.024436206204088595,-0.027286749850927272,-0.012311856194151427,-0.014000061193987667,-0.012688541264280984,-0.006962513861393904,-0.014704572209296995,-0.017571288053770173,-0.01404273521525956,-0.01193728178528386,-0.01836097140531956,-0.024714120584974797,0.0126187797598043
2018-07-20,0.003963678681514926,-0.009841992215090412,0.0,-0.00019962666934414397,0.0033337089345042425,0.0009015483180732087,0.0008881998003356095,0.00897080203417211,0.012649131525636736,-0.00928224224984342,0.008425315894245555,0.012721425266180475,-0.004702030476566033,-0.01380458354630465,-0.005841508945105267
2018-07-23,0.009753956370112338,0.001500428309848978,-0.002461882703879481,0.010683937454417647,0.01430193510629807,0.005329198140000324,0.0017754297313881118,0.008934328577094197,0.01860169451452398,0.018967346412824382,0.009349420266781205,0.011648419289347345,0.017532287836722338,0.008820866227964075,0.015863490497802557
2018-07-24,0.004599661691472523,0.00561789052821271,0.00042934287306084506,0.004840872446194799,0.01224915816299732,0.00462853804274288,-0.004961872178133153,0.009069337521209198,0.007057660577524105,0.007176204294218058,0.004730005048649399,-0.00700612001572487,0.012691188436002143,0.004751533496388127,-0.004240939343201355
2018-07-25,0.002289406582641318,-0.0024206035050583496,0.005577192261485786,0.009045373612442287,0.009146049100273723,0.007877550615977835,0.006291971295915744,0.0034337647701527807,0.009023356372285019,-0.004230610459450501,0.0011771977654890797,-0.003073176113783993,-0.01202252693152528,0.0015136595574656297,-0.0005810138217287042
2018-07-26,0.01439021068131896,0.012693461440328457,0.010773585500221339,-0.0012667189549742108,-0.00529857406422829,0.012092892951552692,-0.018051093357655534,0.0017746036489549866,-0.0028649877506442545,0.011180817816470512,-0.0009799722301337965,-0.0008410130405649419,0.011653247689622281,-0.005477884580419201,0.014335451189410042
2018-07-27,0.04278317978109025,0.0020276242256533905,-0.0012663979411544624,0.013170729527959502,0.004906541316437751,0.0045897863381894055,-0.005826667270955599,0.0022354926994012647,0.010274329102630153,0.007518518819810138,0.0011768712290849415,0.012693879302602795,0.008052946640821013,-0.0018993972728827968,0.004583475000296655
2018-07-30,0.0004319773771921387,0.010669750885004214,-0.0005282379488508182,-0.028887895911103634,0.008368865144700033,0.014214432667056576,-0.02586286029291074,0.005512308873173666,0.0060325797055216235,0.004390135887159863,0.002955793756551639,0.006648168622796602,0.012640381549645419,-0.023406329337952836,0.007224624548292091
2018-07-31,0.00453255773819361,0.004914273037461614,0.00560301874552982,-0.013187767175432907,-0.005533100996917617,-0.0009295703699974123,-0.012964464716062496,-0.006360961232646067,-0.015248774049444136,-0.0004371827809449558,-0.0066799335144379635,-0.0036461126229583307,0.0076893983687549294,-0.005066367015472473,0.0005660308184256557
2018-08-01,0.004082363036437275,-0.003984650317807814,-0.004941093747965475,-0.000703341965050841,0.0005566609113392129,-0.00908992477931636,0.014517307481955344,-0.005854641561892304,0.0061767710584526014,-0.002623362601769319,-0.007515907214070805,0.0013116400340993373,-0.003964041227841886,-0.0035253133265071845,-0.007545886409043412
2018-08-02,-0.007917631016965188,0.003091292192434425,0.03053365782269335,0.002815603829303015,-0.0012515460305275727,-0.0058504064864617344,-0.0024156822505391196,-0.008684931602265022,0.0042363232068931556,0.012494410746918705,-0.0073733455367887,0.0008274771886649379,-0.006267927950969754,-0.014740294906795182,-0.001140523980669772
2018-08-03,0.004961036934732155,-0.027374807480157748,0.005228322051469947,0.010628506434347873,0.014007384698354608,0.008500528501237614,0.003663677708896307,0.0004275153768131812,0.0080930062696003,-0.009613251989564753,0.002007943867623707,-0.0007576900302999068,-0.0046057724200238015,0.0031914132831132314,0.0068508573964278785
2018-08-06,0.0010734036800881253,-0.004287142941343358,0.003569629674196939,0.0012898439137414286,0.00013847508072029058,-0.0007926459332354696,0.0014848168236538672,0.00786000281558863,0.0002562784993431766,0.012794770350219364,0.0016026108638673708,0.002551275588896784,0.002514714409165286,0.002187419691183745,0.0003781516492575854
2018-08-07,0.001286366544843709,-0.008049518992908622,0.003760377844735041,0.010404278345200746,0.00013804260680916336,-0.00036038522013470686,0.009575353819047061,0.008053445685602068,0.003671493533034198,0.0030496280495737604,0.00280049427913176,0.003576478352620871,0.006621926935303835,0.0077382305939242,0.006990227266669979
2018-08-08,0.0036402041378689187,-0.010379099504453704,0.004454658888422447,0.007943494447288257,0.006628849774103607,-0.008438354738605769,0.0019584267578938164,-0.0061391321553311284,0.0020415595120808483,0.006949044568720808,-0.0001994835892791258,0.002878132490182761,0.011860798886843327,-0.0057098542639064664,0.0041277500927598965
2018-08-09,-0.002346946840446784,-0.008390614904680294,0.002721680411780003,0.0020431821594710797,-0.012484684930875178,-0.002909679686126765,-0.004702668478430261,-0.010957264827796687,-0.007725812575455682,-0.00539177832953075,-0.013567203158590835,-0.007653362863495272,-0.015563655779050167,0.007147109155810405,-0.0007474864048451213
2018-08-10,-0.00598810025593155,0.004230806520590713,-0.008544521607592559,-0.013690548288072146,-0.02389517881787462,-0.008681150762634648,0.005829548661579365,-0.01783721693468987,-0.00983882305968986,-0.03187307545853635,-0.02123790125570868,-0.011499727228459822,-0.029717829427561182,-0.0023654074179183526,-0.00710535011042035
2018-08-13,-0.00387248428393272,-0.002298006654681717,-0.004765159149171638,0.002264007539623414,-0.01565627072441056,-0.006696488261875078,0.0001827824897751018,-0.011976803486001053,-0.015898949436705556,-0.004927363328294132,-0.021492180657950333,-0.011425033446842425,-0.0052593333177668455,-0.009879485586859249,-0.013748039676355739
2018-08-14,0.004535495090046915,0.004414597544830423,0.002241123922993138,0.003634436933402485,0.012290240214070325,-0.013853842567775776,0.01439460098053047,0.01190142972729924,0.0066729740720683495,0.015079836211971287,0.010770668129589156,0.0057079679248683846,0.009641164911162514,0.00838152924824076,0.015276006929384911
2018-08-15,-0.004730027531246961,-0.004395194529849933,0.004675711461097798,-0.006557270109416757,-0.019425382131745716,-0.0032303462826729357,0.00817758247783451,-0.001350427501420226,-0.00828613256174715,-0.005321622405619064,-0.008566648625709106,-0.004974812187228617,-0.01098666131862247,-0.005738984748340448,-0.010908021699024273
2018-08-16,0.004536674470432045,0.006909718589810598,0.010623108502830991,0.011230603689538654,0.013255402285640594,0.013038726504040365,0.004831110136228389,0.01635788615267586,0.009410710695610947,0.015827216409699307,0.017913796682397676,0.017252382809925138,0.018480243420914366,0.01771475167931036,0.0108383428084462
2018-08-17,0.0055912697202566974,0.00228767284504916,0.0013012900755415835,0.003701849173170624,0.0015816118905094267,-0.002752526563939872,0.0053415713967694955,0.0016310062257036684,0.0,0.008119528221441907,0.0014493920362737,0.0006231012855522078,0.007135663993619534,-0.00449843827755958,0.0024456835749460115
2018-08-20,0.0004278202277867571,0.011030597108287354,0.0041996638177552725,0.0077648094951972,0.012343649068394136,0.006042886688446769,0.001771386292686028,0.010283428304131315,-0.0013067166707324551,0.003917830023240754,-0.0016541366966040805,0.0022829782921522934,0.0026553815458736363,0.01021628509393313,0.009945162428499632
2018-08-21,0.008598461532689061,0.012039113529660028,0.009955963900427856,0.009438371947812607,0.01006668295350921,0.001334646891774538,-0.01367302384729574,0.012172343405634223,0.006107120402278676,0.014961416871772437,0.005177415158668985,0.0016562735258178751,0.01538321238451279,-0.02430972750078897,0.006874927990870416
2018-08-22,-0.006820283264764693,-0.01245343988122527,-0.019025916006932708,0.009732023852358607,-0.0016846742110295798,-0.014071040772865917,-0.002808367517943444,0.0028911536897344714,-0.0030351482616115533,-0.008545434898302062,0.0012359074003531756,-0.003927546608375687,-0.009531474249251048,0.015148557688668518,-0.004613349212069573
2018-08-23,-0.004506288074201281,-0.00978699827683105,-0.0036175666758649916,-0.004346576382968648,-0.004358723856983215,0.001502507834425737,0.004673914926125011,-0.012534347487234365,-0.0020872908307559834,-0.009480685619358775,-0.00967078923025333,-0.009339437535375916,-0.008508780296819007,-0.014922503286769473,-0.002595539053265039
2018-08-24,0.006035780201674612,0.013305007856131201,0.0038320518804286774,0.0037011777806357227,-0.0019770484612462447,0.01342509407957948,0.009840792530703357,-0.005204390913046253,-0.0004363299560182776,0.009789107468586744,0.0002074703444492343,-0.001885327196486819,0.006743075141869559,0.007574406421162916,0.003903489031955143
2018-08-27,0.006428586754180232,0.01707021255049046,0.008942502855485701,0.012197521622179464,0.02433811347299608,0.010287328018912634,0.007441476962640969,0.03185761221363603,0.017701812568382103,0.013787203483852872,0.03635251832585484,0.01958981870102261,0.01857112926494886,0.016221425111748733,0.0083315660373533
2018-08-28,-0.00404568286911966,-0.003320207275078979,-0.0003986138871304723,0.0021483220764075828,-0.00013799282919535472,-0.0010987556075667815,-0.0057453040206852934,-0.0009481771347294998,-0.0048840884016588815,-0.0025501496358709685,0.002204875343295498,0.0024021394432423016,0.00019914664983167185,-0.0025303916122206838,-0.004774027250385671
2018-08-29,0.003420347602128615,-0.0025902228499372626,0.001992310438489353,-0.0053130878492234634,0.002072520795488586,0.00021990337033073182,0.01515350686732897,-0.0007035922851915677,-0.003271849384721026,0.0006393269472266816,-0.0010000111651732313,-0.0009589276987101991,-0.007072361849202902,0.0017562728043778453,0.0023985610770167476
2018-08-30,-0.009160520624993507,-0.004823852708129017,-0.00089885270856227,-0.004498123933999176,-0.014752543142994234,-0.009091494000181277,0.006621127906507374,-0.008285456377035594,-0.00492384333335949,-0.017458101672233495,-0.01301315845099682,-0.014868795071627305,-0.012540326705998694,-0.015001153416919655,-0.0053378033185202955
2018-08-31,-0.005805206345995906,-0.008762023156744236,0.005398516024362143,-0.0023534633575071906,-0.003078491304069897,0.0006655520400182802,0.008193759239108589,-0.006641243627286353,-0.005295466049903497,-0.005633553808732317,-0.009533478047024868,-0.001599792773175901,-0.001828336662605179,0.004549321762417735,0.001295416782499892
2018-09-04,0.007136538626780986,0.0037614316504612777,0.0037783755019460408,0.009718925029710723,0.0022457655802963217,0.007098795740928754,0.013277732554496824,-0.000630880095342512,0.004974467346726463,0.005229790666918754,-0.0024573346538268037,0.002717011174781181,0.005088745986195908,0.010434830970944553,0.0024024531170943053
2018-09-05,0.010951088347564308,0.008431836819857041,0.004457673542042073,-0.012428772933465115,-0.0032211939854188687,0.007929404929933437,-0.032533223101069764,-0.00042052025457373077,-0.004863308475837824,0.0043354310864871515,0.00020539860484425354,0.001736889531826824,0.009822916696548667,-0.01558825884381887,0.0016593251540708565
2018-09-06,-0.004035354942643954,0.0014864014261630754,-0.0029584738281163148,-0.002649539323767991,-0.014893812632159609,0.00043692288472962915,0.012902043638423955,-0.01279673559232919,-0.0042761292995858735,-0.010792113984934182,-0.016215385709883123,-0.006797158621166477,-0.009927810345630839,-0.01999215010379951,0.0
2018-09-07,-0.0014932954033949342,-0.0042672576715097055,-0.01058375414876045,0.00645156307087813,-0.006704044933589781,-0.005314895367994232,0.0056712966245169305,-0.0026011562039951475,0.0019283754797256858,-0.0024001396349792037,0.006050558932281902,-0.0016757049035981408,-0.004456527964167845,0.013128733588113395,-0.002576907317856758
2018-09-10,-0.001067688173050474,-0.01770098604658976,-0.021793278742555655,0.01140630760872452,-0.00014344198018967358,-0.008418221167251216,0.0018411162498659372,-0.008550141426872493,-0.005336180092221698,-0.002843432533651824,-0.005806684003798135,-0.0021686226340792425,0.004171205493605168,0.009170773403166299,-0.0011072698643669332
2018-09-11,-0.0029932721597207834,-0.006638804897475481,0.003168193410157727,0.009507228195055006,-0.002872331000138839,0.0007382030805358486,-0.0061455566447995436,-0.007330487625930582,0.0063320105721946796,-0.008335239106643577,-0.0016688726244437069,0.0040658608379053884,-0.010536928616358354,0.0071118100487193026,0.0012932630225090946
2018-09-12,-0.006862207179297197,-0.0009546108556659494,-0.005909053313129076,-0.003970194298914653,0.015555109250805721,-0.00663899113254085,-0.007975777425894837,-0.00894848110246127,-0.01179754664918542,-0.006635704463748282,-0.007939711826131735,-0.013404881867608576,-0.009010710748527107,-0.005296192024876967,-0.011992611146020238
2018-09-13,0.008421223232193187,0.006689648910851886,0.015064660902870841,0.007230285919297641,-0.005105712278196228,0.011955837885180287,0.003845330796345303,0.0007887112539510799,0.0038908682146350237,0.01358276712063744,0.005054714506117719,-0.007430749006767212,0.0030995301237377593,-0.005718949298630371,0.008776669703759232
2018-09-14,0.010920602384397293,0.017191902694742467,0.009490025681138325,0.008282792965686125,0.005559680525427879,0.013502519464168472,0.004874545362765437,0.003985741820609068,-0.00017605829366940107,0.02218813613184456,0.009849332806657563,0.00099850159753756,0.028636075282654216,0.014676701355451405,0.0022212168253543663
2018-09-17,-0.0033889997031512076,0.000938919292142959,0.0034006997588464927,-0.0032860865189565658,0.004820245952096958,0.0016654471055070896,-0.007565431483831375,-0.005888994771744982,0.002995439303949521,-0.007307046067872358,-0.010582923593461468,-0.005270890522679483,-0.008711890443688475,-0.01641901662719647,-0.00018443999273520806
2018-09-18,0.0044631878526937285,0.012195377325699974,0.008173050052877162,0.004029396906778171,0.006771725521756311,0.0021685680219556414,0.0032589816264632088,0.004387961959011921,0.004040873293024827,0.013422897149534263,0.0035650678331125008,0.001933260126094627,0.012324394886588319,0.0059619550138152455,0.0003694342599076528
2018-09-19,0.008887101408088238,-0.0011123263504918546,0.005437152672755019,0.004195455539363291,0.033071788876168684,0.01067506052075573,0.007018490081309281,0.02922797407727651,0.029046224830217682,0.019440333697477996,0.026123291808482385,0.011434189247412352,0.026244864548926605,0.02706421028461059,0.014219959191569265
2018-09-20,0.0044044082810081875,0.007978931523551891,0.0032449193462207315,0.00917361659210636,0.01451426930816102,0.004376074210417302,0.0044347666037658495,0.00772569545750601,0.008586988642198534,0.014668732647031169,0.015886126096768427,0.02070242283092516,0.01351620258503572,0.0015389667345664382,0.007829587596416498
2018-09-21,0.0031323611037443744,0.006443402225044359,-0.002058180246070407,-0.00188977426051129,-0.008557405285305242,-0.000999776093747351,0.004243768209511334,-0.008677311315838265,-0.006574824048770078,0.007641611907796886,-0.00942262149341433,-0.003114805131998244,0.0043174693459024915,-0.004417146743806777,-0.003794271854438147
2018-09-24,-0.007077389175801585,-0.0003656931790662066,-0.014142599733734218,-0.009468443644553237,-0.004180545883503806,-0.01987700104193335,-0.0021125675910281805,-0.010368063467910305,-0.009588489404029343,-0.009633193385287675,-0.01720308808493165,-0.019096154289891754,-0.013183039302856692,-0.005401186171896666,-0.013057361202173046
2018-09-25,0.0,-0.004391803493583368,-0.005777915057634031,0.00018234437116348978,-0.00446899995994865,-0.012109568301851947,-0.006581179644261526,-0.0017175536563527327,-0.002827268331288657,-0.008278493865947145,-0.005766027194367251,-0.002689864362158789,-0.007260345152692915,0.001163581809359826,-0.0029404009484652605
2018-09-26,-0.013836687052867225,-0.006616163956995491,-0.00951918350105807,-0.016929077883900412,-0.014419841641310716,-0.011962961594935262,-0.0034562323092444114,-0.015569625041084278,-0.011771163236414584,-0.01523356137184062,-0.012013390083563835,-0.016112889247104856,-0.014139824575922888,-0.01743501248487389,-0.011979254533402095
2018-09-27,0.00021257793466422648,-0.01221114008081714,-0.0070811518759947845,-0.001481485203638111,0.006901015145089451,-0.003213660997476886,-0.006185105139469904,-0.004981041970499089,-0.004346778151515185,-0.006145232598471773,0.0014676235885915379,-0.009162700777371025,-0.0003955295854224383,-0.0039433745116316254,-0.005822668848412316
2018-09-28,0.0004250655097803868,-0.002809197366058225,0.005603527406638387,-0.012610088920348206,-0.016586593941727457,0.0020243979439213966,-0.010003883366011435,-0.015368185347545804,-0.01467002340716339,-0.0038379549985723127,-0.025120242751646038,-0.008373461625844958,0.0025729126465490193,-0.027118038232052055,-0.0022669172887775924
2018-10-01,0.001911786906460211,-0.0030052636191001403,-0.0017225264844461519,0.013240581994397926,0.0026488860031497197,-0.003516938218467769,0.02373537299317241,0.004860901692148589,0.005849136900673235,0.0010701703872000312,0.0012880845972518262,-0.0014683472928858077,0.002467110873371814,0.008138330257577708,0.00037852949802963387
2018-10-02,-0.001484064784974759,0.0007535586178863962,0.0032477303936084834,0.004541257252583808,-0.0018076659262530326,0.003003629339341396,0.0014347052673158167,0.0032839386384013736,0.00414127273299858,-0.008766272277476617,0.0,0.001985582346353043,-0.0009843041255428453,0.006054689669705127,-0.0017036287579500486
2018-10-03,-0.004671944095861913,0.0028238268744447126,-0.00030340534621653426,0.00055369737938471,0.007799570283894219,-0.0010481642846619232,0.005444162987437551,0.007563910395737672,0.009388163408765138,0.01423620243855317,0.010293710871421613,0.013430043705095818,0.009559379421476777,0.019057010279363462,0.013082848425461036
2018-10-04,-0.005760716523295573,0.011826325716647768,0.006274190149826442,-0.0029613493512532507,0.0035930214662562854,0.007794570334478168,0.028840107953876926,-0.0013168407173480556,0.00901609971889683,0.015951095371417034,0.00339686058569022,0.007820813126276915,0.023037953876970718,0.017322754485284086,0.004679454710660558
2018-10-05,-0.0021460486023034964,-0.005565839561137431,0.001508301028341208,-0.004733675927543812,-0.0027537932731461767,-7.426646394670389e-05,0.006537228176342502,-0.007781077466523123,-0.005638802041260105,-0.01025783506516742,-0.011001062488844693,-0.00467039970579064,-0.0032440069990021803,-0.0038700415093161356,-0.003726088570124464
2018-10-08,0.013548729007145432,0.008395617968365077,0.005020434517429173,-0.002238105170769944,0.0023475219453945595,0.01264287040571066,-0.0042932866320603,-0.001594797780932078,0.006107282821819382,0.010152396309402345,0.005775777951279482,0.008879619360672608,0.014646355295254931,0.003690707030620022,0.008414712404140046
2018-10-09,0.005940913074394594,-0.004255482393991428,0.0036967657519721975,-0.0030845542698244577,-0.00964380198386039,0.0031582148156532597,0.0013822268671406235,-0.010827528245216489,-0.006937593175891599,-0.006700345258010887,-0.01829049596665877,-0.007513697399243013,-0.00037717432499106973,0.009676977407090392,0.00037057137880380786
2018-10-10,-0.022779826306270734,-0.026569860933085,-0.03573550955696292,-0.028970649084854028,-0.026985173073307722,-0.03038302927540626,-0.005022999492707125,-0.0359788498948278,-0.026632841599932178,-0.026981328844655206,-0.033362176632888985,-0.018024565473355736,-0.02982501940859894,-0.0494535851428225,-0.011492177958754013
2018-10-11,-0.039714946265651974,-0.04294707611719728,-0.03819571620668272,-0.019213755477255012,-0.02244467577674858,-0.0424342531585582,-0.02341193155430099,-0.00893495714181014,-0.02996328958992167,-0.051993205762164485,-0.025324817746955497,-0.03370026309153751,-0.04951889274448851,-0.02944174159763413,-0.028314046228082534
2018-10-12,-0.00989004624192591,-0.007379482653838143,-0.0001070393150894855,0.01397898174178569,0.021350954949935108,-0.0044946258006819395,0.0026698868934396103,0.004226183443360121,-0.01091271819406614,0.0015999017762322598,-0.001379531278603019,-0.05584660490662563,0.0006141151140515166,0.018284000030497793,-0.019876586687466613
2018-10-15,-0.005221581717467116,-0.014466522696425343,-0.003971956226428874,-0.003689129345293418,-0.009020606133832265,-0.012752226525828636,-0.0151845880497532,0.006312043605313233,-0.005703674437537942,-0.001369153867922357,0.0009205854234755062,0.0107837274289313,-0.003682545157860484,-0.027953374301711964,-0.005512958999406625
2018-10-16,0.008215468225084566,0.005096865969648423,0.025326050047981052,0.016078549297681155,0.0072243692052804676,0.0020056644353763087,0.02439335818602295,0.030108833714679095,0.021440687255114277,0.0018278131975368872,0.056821226176103634,0.0016044921909659227,0.004414889050158521,0.012384565894856259,0.009106864306862805
2018-10-17,0.012223150313579234,0.006490882433013434,0.006411764587304303,0.0006712374237189955,0.0018648764082080937,0.01793564845484874,0.0183084981479249,0.029679746346945368,0.011139650907619592,0.018471733452611883,0.02720949412666629,0.019863847911155696,0.019114660279245133,-0.0039394945029064266,0.037865637498057714
2018-10-18,-0.011628234224936418,-0.020354768711595916,0.008981565310017814,-0.014376127848486853,-0.017468373358149214,0.002831706603910522,0.003309076605922945,-0.014587356364285764,-0.01584263390560947,-0.023286371349593438,-0.024581749696765742,-0.02442474857364174,-0.021765349830383363,-0.027893461308377887,-0.014555710208000172
2018-10-19,0.006108601352577958,-0.02900622668882591,0.007349130739337184,0.037825968353400796,0.0034975588530559154,0.006196632993427764,0.004012543927709444,0.008935463622887108,-0.001665095296131902,0.005043253892392352,0.008472830782888963,0.0075670234798692615,0.0007177746708031396,0.0027838874427927873,0.0070976534793985024
2018-10-22,-0.00427240074360824,-0.047457598610069485,-0.005959494468657067,-0.020800288052586713,-0.032965427684432336,-0.008964792150329637,-0.00782902356029136,-0.023616607853649607,-0.014363980097210516,-0.021441655202703136,-0.028220492045261003,-0.02956191849017875,-0.019364738586768238,-0.026265262587021443,-0.020380967819409235
2018-10-23,-0.00045155231611693214,-0.01734884459622077,-0.006926141205598091,-0.0012438251406944323,-0.012915035326959812,-0.0029890198491538955,-0.002317609380853569,-0.013718297650323619,-0.01043616539304737,-0.008391613275314347,-0.013079069625292594,-0.00955049971379296,-0.006582221053564985,-0.023245801431285407,-0.0011666693602315759
2018-10-24,-0.03524685114541448,-0.04413758796757483,-0.041428313401905004,-0.024334177344713992,-0.029362232661412246,-0.013806688847284088,0.001548963264070835,-0.042917437737954645,-0.018622597949830677,-0.05406681199093033,-0.023135815114983416,-0.028262502401788625,-0.04480467275195732,-0.044229756493433414,-0.021218638649365018
2018-10-25,-0.011943614615897435,0.0035521277876893187,0.008253303210490559,0.017281989619256644,0.018338236729894097,-0.010560079737551797,-0.019936357995465115,0.023090280029388843,0.015199889595889138,0.013171251459055178,0.024373467993624276,0.02335304254907955,0.016956601508136604,0.014329245067418395,0.01968981129046643
2018-10-26,-0.011613849783148056,-0.034450521054296135,-0.005600570168337704,-0.02268314024333551,-0.011697624804153595,-0.0019403471008516693,0.006592718568242395,-0.007709824532387555,-0.013732341188996577,-0.029678737037912017,-0.013019224386354056,-0.0015044877454972738,-0.02381964685484017,0.0002312372695978393,-0.007021657366449219
2018-10-29,0.013908847754349418,-0.024681941915282835,0.013105296382292186,-0.0005928648415877147,0.002180342571336258,-0.0034025424752475164,0.004198343499065338,0.010030143158783922,0.013827316809559953,0.01011114356420273,-0.0004546398993653389,0.02268759541369514,0.0065438182895369845,0.011808651728108854,0.01276760254610676
2018-10-30,0.02034055778679167,0.026308549986209906,0.020846629809980532,0.00879562095300268,0.002797076953445332,0.019102450288219774,0.017169220171827648,0.02233172115411386,0.017644099239056077,0.019269174768564268,0.01947280639745519,0.021283138056900297,0.01862254627355231,0.04279166175601423,0.014740045529152868
2018-10-31,-0.0016226762403145356,0.008056848640585645,0.0024084980203509243,0.00636725189107068,0.014412323972943009,-0.0036690680662534447,0.004220105219529646,0.027772798103658847,0.021743187534297492,0.01129424061830675,0.026067457509556746,0.029897413349029955,0.014496213390654766,0.014703005781591783,-0.000955586413727394
2018-11-01,-0.004643555077014749,0.04432071430704232,-0.06007092591725072,0.01275189607064453,0.0056521227687265085,0.004883432978777469,0.0027831207188222518,0.007099437528973018,-0.0003668646595853531,0.018208307400840562,0.005037221375557843,0.009728303302962482,0.01172933166630763,0.0032437274877643585,-0.00267838123002917
2018-11-02,0.0006997666694417148,0.0037106896714551585,-0.004668237802910369,-0.003171853137368341,0.008259471528368811,0.005656632516271909,0.0005987042519890462,0.011984189008001023,-0.005505680627326925,0.03958028293707638,0.0013075996269884538,0.0010793600901182199,0.0108560647353515,0.004095841721274418,-0.0011510033574441136
2018-11-05,0.01888113056153551,0.019639742215502576,0.009380162929300662,0.014463456671551356,0.020934262035179563,0.01869613678552362,0.008919886598548254,-0.00422301756221688,0.0065509095208451384,0.03265371939973605,-0.0028290830111272758,0.0053894333973014685,0.01991424344884396,0.0150277287506273,0.005185483617552222
2018-11-06,0.00640585288858686,0.017448571098096277,0.007080505628870082,-0.002186145028796993,-0.009212356169400304,0.013997775834419413,0.004851325983239674,-0.0022738641903485846,0.004675127852046712,0.0004487207355559075,-0.0021825213730207738,0.009036619084981101,0.005724710465991656,0.010152311293143423,0.005731526150425159
2018-11-07,0.024323836948805022,-0.010468271766307491,0.016368137521650228,0.02219500590836021,0.023695288017929084,0.009970239470441733,0.012285825075964762,0.013496991058708163,0.017153368444310146,0.012777262301860492,0.019466210127760952,0.011536184343311495,0.02348099340591192,0.017169123970043332,-0.001139951347245871
2018-11-08,0.003328783163849547,-0.004051048189405049,0.012754121487922987,0.011089185781992805,-0.007031830665437111,0.0005315638324889793,0.0039218168715062784,0.0015996883756659308,0.00807315039428702,0.0057544556176405415,-0.003861891678360485,0.007202758170562706,-0.03694537846286261,0.0037151528204313333,0.006656725241142913
2018-11-09,-0.003760510745898449,-0.00971737760510416,0.0002132575638695844,-0.002027724934988928,-0.029802348290118186,-0.004477896422952932,0.0016363027469428193,-0.03885152899591082,-0.009699253682513453,-0.005501476608467115,-0.015076415283700517,-7.452338922186996e-05,-0.011550013385544955,-0.02035757724948506,0.0041565582283575875
2018-11-12,-0.01332135642193033,-0.030807874228223175,-0.023047369919671268,-0.016531088078453826,-0.02357072373289626,-0.03034232740496834,-0.017339438128685325,-0.07455668702949025,-0.021026197131003954,-0.010179498456622138,-0.03498802005436363,-0.010876806428035235,-0.022743981869030927,-0.019101694995498297,-0.004327701875327605
2018-11-13,-0.0015748983711476594,-0.007299644903240421,-0.0019660731441849544,0.012864859503476378,0.008876969756530073,0.0029876096737102564,0.0047198366301373085,-0.004852971402284245,0.005874211421143416,0.016320414741673117,0.012463460690498529,0.02123971824358195,0.010142069662304909,0.006847937823245331,0.014550310674722455
2018-11-14,-0.009466055424443454,-0.005218239702287075,-0.029984538056060606,-0.0008344852028506766,-0.019758866606069625,-0.006662786926998843,0.0038972085627850817,-0.012484618435075312,-0.020622194256727844,-0.009238990495798238,-0.018576736364542823,-0.010767783319086233,-0.018706586761808364,-0.004038433360286975,0.005773964601435644
2018-11-15,0.007281071930306027,0.017883007996750244,0.007332907747462425,0.01698073028101388,0.017322819291101688,0.026672908407852525,0.01861033373982468,0.006173132571872797,0.0255286453051764,-0.005328434935560344,0.010262250550599816,0.019086138135606223,-0.002584407566333047,0.00981648879145025,0.012222204151681071
2018-11-16,0.006776579257246951,0.005856092531775436,0.002352048806751439,-0.0012774197308729196,0.005417868292482142,0.018754681374046678,0.021142218042560224,-0.007951448407409134,-0.0007265589989601251,-0.018750200072633283,-0.0038375489488559067,-0.0021948200510886196,-0.01133793076783407,-0.0076079206695574,0.004756630122276562
2018-11-19,0.01794951837087355,0.008383668953072299,-0.011731831946191096,-0.01105417593753455,-0.005080735916655921,0.013505655933687466,0.0,-0.019295221528637052,0.0076368987459498605,-0.006596884270927417,0.006344587593612561,-0.00799168292929786,0.0009828843596699777,-0.021081448368933775,0.0014566131455171494
2018-11-20,-0.018178199261524863,-0.005542465179882328,-0.0040698884629395415,-0.01995377066051196,-0.03234300675349144,-0.010273391128364784,-0.017636723883421523,-0.034708921127904246,-0.02147442391312193,-0.019006181385723853,-0.029497583872901245,-0.016408109925114545,-0.019422083279783342,-0.03132517829408854,-0.016181358347508668
2018-11-21,0.0022579282701240544,0.018578537902264936,-0.00022704617590485476,0.0038647466891634785,0.005437374192798217,-0.004137158114242534,-0.011188961728997082,0.006584911626584589,-0.007468577074069338,0.003501496271211879,0.014617451496277134,-0.002780115653052917,0.013018854388221923,0.007635426905284959,-0.007946819098643698
2018-11-23,0.001802211482320848,-0.011171682985367748,-0.003860868934014605,-0.007136334738173211,-0.01781453259718646,-0.008232411815838225,-0.003683957040309105,-0.018172213407867344,-0.009197619585761152,-0.004419545803668878,-0.01486374104718613,-0.0006783671489078991,-0.005213889191925891,-0.017606447648469747,-0.002980617658925322
2018-11-26,0.0031485301484752704,0.011067251047959248,0.007865342701317779,0.037261232821452994,0.032064976668801926,0.016144841640935326,0.011674396065550985,0.027709827393936015,0.024472788693759684,0.02313091457773453,0.027854675617455804,0.02209320908528234,0.024088287604089542,0.022913053757957602,0.011957624825772895
2018-11-27,-0.0013453249930895916,-0.009578110510957916,-0.010404938198666391,0.00392029488728407,-0.004236888998870869,-0.001273995012909479,0.013731791681969696,-0.0035502428600713287,0.004210020531347114,0.005023617234787947,-0.005194208182949356,-0.012172553143102616,0.0006536314234710794,0.005322851348725344,-0.008123841211031158
2018-11-28,0.01818209962952433,0.020492802781679975,0.01897158869768556,0.025247808462138588,0.03340696866597148,0.014933388220540245,-0.03626024302358588,0.024270897131577707,0.011119101046462188,0.024539921419933552,0.02860419175131823,0.0023151148193929494,0.02600913680433581,0.007279864233874278,0.010610796115265275
2018-11-29,0.0008816847881736312,-0.019855576457641244,-0.002480339100202844,-0.013996143872954891,-0.010368984585266694,-0.007689616169121227,0.009619818773421773,-0.0136678562947401,-0.007932189816845736,-0.015524493164506992,-0.017656378170160636,-0.004172669200279033,-0.014530816991566331,-0.03285172476238396,-0.004605037511436816
2018-11-30,0.007488875731097355,-0.004373647983421769,0.00802448985543358,0.00862450360766931,-0.0016951122596889912,-0.0035020661143678744,0.006193152426991588,-0.021349680804579996,0.01026719252166508,0.005407016253913044,-0.0026959564660818947,0.01593738760388974,0.009148313838122757,0.014492847197701941,0.007771964338521231
2018-12-03,0.007214943820090136,-0.0016188031675935521,-0.004821370907361011,0.0008017816969638769,0.0057111377966228005,-0.0017197860962566702,-0.010363658276844157,0.00492973142811004,0.009443184790512094,0.0042571415433079185,0.02297806526169799,0.0008833971975945598,0.005332791676027515,0.014732073352500707,-0.00110185523279005
2018-12-04,-0.03863719994797565,-0.05581250876714261,-0.026588688330272725,-0.04200773810526515,-0.04450607663949768,-0.008838145758110816,0.0004781300804712618,-0.03819872055833484,-0.04463652239094684,-0.053547869942973,-0.05042943539867617,-0.04701961600738169,-0.05389356403766221,-0.05389317298971985,-0.03308827592237662
2018-12-06,-0.01670786489510845,-0.033357849990360955,-0.015162112070665201,0.005666973500167538,-0.03533566205917538,-0.006423318090473473,0.004357312420374626,-0.0011939479090414817,-0.019024362018322583,-0.029466875310462215,-0.011827472595419164,-0.0015442818871851394,-0.020632570286985286,-0.00953299816240416,-0.004942618694454226
2018-12-07,-0.006888778474544055,-0.03831541571586161,-0.015042540984998132,-0.014503495145388512,-0.028471532920395504,-0.003954953981396558,-0.006425139632096677,-0.024009850639675867,-0.018062797725575952,-0.013116365643856986,-0.030274314406337766,-0.021266795509213177,-0.01683054297233022,-0.026525680404166252,-0.011081523184086173
2018-12-10,-0.004855382853078294,-0.010290416152376913,-0.006323771141796608,-0.008342502231069804,-0.021936570735710648,-0.005497915278910193,0.017315714692476947,-0.00467526574286381,-0.018684838376293866,-0.025104747141422967,-0.014763030628819673,-0.018172956689329056,-0.029929007924417217,-0.008922086288839393,-0.022797607204644965
2018-12-11,-0.009294017366276996,-0.01613293296224494,-0.009486129786253295,-0.0036866450731098954,-0.014893946267404923,-0.01781324929223782,-0.004412582560926581,-0.01135144486209283,-0.009767387337210942,-0.009593660998717057,-0.002211089008116396,-0.014485911170933008,-0.013925468915346628,0.003649565504249219,-0.009094468161454983
2018-12-12,0.006097869885189899,0.02978942780913507,-0.0010913869425448475,0.019734434921419908,-0.004268967036843541,0.005706506288670754,-0.004960261020721002,-0.0005655604458880692,0.006476262303632074,0.008666846887196655,0.004677789656258202,0.0022864766674535186,0.008643763416245287,0.015272499256946404,0.00019963146404644583
2018-12-13,0.06643358281155254,-0.010350486945122528,-0.021965818110288637,-0.0072572750426344035,-0.0037511725732268797,0.0038864325593508386,-0.0033409451217670805,-0.004414565644650703,0.0009897003684231631,-0.0012634931160558915,-0.005145817660112573,-0.02313813778882945,-0.0013279605537553918,-0.010744784119168238,-0.018751288507808606
2018-12-14,-0.024917759036822917,0.005363594903029734,-0.01600683551165094,-0.009372180998627022,-0.013448173880762027,-0.00797501896392816,-0.0015960840198716575,-0.017905718026972384,-0.008207908862174706,-0.01594121716447683,-0.023645328035775348,-0.011676810400779503,-0.004471563428856684,-0.0057926705881603535,-0.008944857703126252
2018-12-17,-0.006500987929851876,-0.000800250122161783,0.010844776651220522,-0.04276236636760511,-0.013994826186811804,-0.0038246295860624446,-0.01092538298520962,-0.027551103734014815,-0.012763173026598351,-0.000257307808805618,-0.0010086513165495914,-0.0015189193358126074,-0.00898404536677655,-0.011896048894246669,-0.016615347331725205
2018-12-18,0.004963934397173908,0.0026694719792583754,0.016841440718500467,-0.0015817327406150161,-0.005898770998074454,-0.014259967815650976,-0.01508691061463352,0.020772710238733394,-0.004746947087025832,0.019032768414183554,0.007323057907657082,-0.014621040644677952,0.0030626498012820136,-0.006142701646927429,-0.014184495379660822
2018-12-19,-0.01257309482802027,0.0473906371098185,-0.006502211636990385,-0.02227235353112056,-0.020582040234081278,0.006676823720181302,0.014989601250698925,-0.01311942147025702,-0.01268523728459392,-0.009591179739322442,-0.014790616391612166,-0.021957568816338924,-0.01563281766771063,-0.01804690144955534,-0.02200592308047966
2018-12-20,-0.013187606042855293,-0.03024889859130797,-0.014447987927847628,-0.030373775408294224,-0.01041318047002826,-0.013421140208949689,-0.0033957985120808276,-0.00496331513965409,-0.008633802552476255,0.002803314070736196,-0.009923997884031976,-0.003946152803007363,-0.002480901699124627,-0.0025174681022852585,-0.009735772403699827
2018-12-21,-0.003917518287732569,-0.019659293766507213,0.0005008936968107225,-0.046361293525060354,-0.038836319488783966,0.005312497398283211,-0.012168767259770341,-0.049640603366830516,-0.023639409995312444,-0.01829703091739765,-0.0316113410168295,-0.01840117323059154,-0.024253939485995413,-0.012115246613699782,-0.02534452472377491
2018-12-24,-0.020818474904251927,-0.0018715788053217386,-0.03231081187329321,-0.020037004202802522,-0.019506776613636312,-0.03763285248195114,-0.033013506244145896,-0.023117867051954955,-0.021556581377024542,-0.010095760813544463,-0.017781312137411853,-0.015965840845343138,-0.02065020571835463,-0.022739190759715977,-0.019053955319157656
2018-12-26,0.04275890864541987,0.033752765576767096,0.045684230502818,0.04849153110121929,0.04425503341668224,0.04026948487779736,0.0322723425859337,0.0420852370595044,0.0414584642342104,0.050993752814757265,0.06187544560432379,0.046759747307422606,0.0486787266395281,0.060392378679759995,0.03724909540761123
2018-12-27,0.019030452510883977,0.019176277822598564,0.012252648381735343,0.008951829585042592,0.006415409693337759,0.02519388368343911,0.020767771455323825,0.01522121565379253,0.01125472376775849,0.018909742966686016,0.009159891512475538,0.007924189729493714,0.010301949861500015,0.012327391650587494,0.005727958645831643
2018-12-28,-0.0006668756914469665,-0.01805277343986833,0.002811970860099322,-0.002746460810322815,0.0011590026492309669,-0.002886594472106707,0.009711411058287656,-0.014388499461877036,-0.002164108400437237,-0.008058335302273734,-0.0073119829856914675,-0.0032830407440679332,-0.007616820046889239,0.0,-0.001546048683871759
2018-12-31,0.013570649430663995,0.02045602924531864,0.007437241215520363,0.009532053861254663,0.00443760461856435,0.010718986229679262,0.010799811075836052,0.02465797490533106,0.008158798500264464,0.01083242268764173,0.007111796674671211,0.013348581950102023,0.009532123530598735,0.011446591176915044,0.010838410415407118
2019-01-02,-0.0008780150504550388,0.005328547971265252,-0.011981178889067134,0.003776625663023614,0.028236529840238056,-0.014630629351518376,-0.013501928227257154,0.029811360407852483,0.017312043365656837,0.01485572139663005,0.018915926338497258,0.016251725487541835,0.013733705180368094,0.0012038237080720382,0.014222817868417614
2019-01-03,-0.025263385167598518,-0.021958273040620258,-0.01641349448391205,-0.019519649204984946,-0.01812069185034293,-0.020582939874422723,-0.021985046347074544,-0.014648800162840536,-0.014212040762287326,-0.019198162889295656,-0.0178220519311012,-0.004545206055829087,-0.016934794753376337,-0.020682857193153548,-0.014023366086664879
2019-01-04,0.012395438639974499,0.03690250128689643,0.029514057623987844,0.04506083029244179,0.04889646090603228,0.029919025118480658,0.01752029776380759,0.032682571762713275,0.03686562197657617,0.03449982370392135,0.040826573800177623,0.02502742465954655,0.046388629394982006,0.04223965824767695,0.024726149997549296
2019-01-07,0.005342843379687157,0.0057248328149228644,-0.001572356592935087,0.0054278543207579855,0.008706652153932515,-0.008099547195425605,-0.005035571036417386,0.0055415266945926245,0.0006954629252777789,0.0063856564553086415,0.009927767068993232,-0.002227071747737508,-0.00047032710887617846,0.007068869738908301,-0.00469766406724903
2019-01-08,0.0031000194674022374,0.003958756970935617,-0.00012130186177439217,0.004889702453449107,-0.0026975165319303995,-0.007694741875629463,-0.005931739168381078,-0.003693153808915106,-0.0018859362194482143,0.005170715549628335,-0.00623334122046848,0.001570733634097543,0.005882713199351741,0.01263417488148244,0.006436474109761781
2019-01-09,-0.0022074852663767075,0.014543079423197991,0.007633917208811569,0.0018244281952679575,0.016588792183103385,0.012501797891306232,-0.02244635314319099,0.006272515678962698,-0.0016905854403123088,0.017067853432561897,0.00699592301902463,-0.002806321647200849,0.016140160494223954,0.012708399622266109,0.010658519824546131
2019-01-10,0.012610584350964738,0.006316691310072287,0.004569422800091205,-0.005767217951281212,0.0010642350263871947,0.012269501038135733,0.007224561206351732,-0.002663434250763541,-9.962555303344445e-05,-0.002988632759343912,-0.001916617604813653,-0.010181123700311767,0.004948968124520725,-0.002737934456185198,-0.0021089602868439306
2019-01-11,-0.0017476741664821382,0.005794234852021463,-0.0010774521361981426,0.0029513796999958153,0.004429159684765205,-7.712023077244279e-05,0.003891853477575369,0.005284425267235049,-0.00478120058054643,0.008070201724256432,0.0019202980819239546,0.0039301523731753996,0.004925303198257014,0.002516558238588429,0.00274767278033905
2019-01-14,0.005252501505341289,0.008161646706749792,0.004194369191370173,-0.0011163299872467558,0.03951340135712078,0.01019123632332919,-0.010412098561929928,0.010116851956432305,0.010309326534669871,0.005718362906957486,0.017728914982825694,0.004165349335332191,0.009004039388836205,-0.00045644278212941813,0.007377402612591011
2019-01-15,0.010233347691600336,0.010713951442213432,0.005131372637030562,-0.004571270981401199,0.041574663242462506,0.012305350229604217,0.018413481298808154,0.006658618367128666,0.007331277093166166,0.002046590784864355,0.009415809416626564,0.00472789203588686,0.0050830031431117195,0.010273972270000487,0.0037667691044427354
2019-01-16,0.008836261200963813,0.01601907839252492,0.0036799464813506155,0.014491226452014727,0.013196586007951927,0.00385026072618877,0.001813968119203091,0.09543628230758583,0.008064524277018537,0.018384390984569565,0.037547021055358565,0.008654560287855606,0.016857299043230967,0.055367144377481026,0.02376480713286866
2019-01-17,0.010895043374799851,0.003709957302962641,0.00035508161664887794,0.000804799030076131,0.004502290250459007,-0.0007518261343398835,-0.005650774030489081,0.010199157026477002,0.004097360628782631,0.004011190554861432,-0.044055008833607356,0.0056100578930453615,0.007626125722298038,0.004710868358585474,0.01303157584878667
2019-01-18,0.008030664150247668,0.0200968181152128,0.013361649563659261,0.009950522711389853,0.010405029605081051,0.005494575000805968,0.011971875445990099,0.01732894147548536,0.016226193577670855,0.005771391807095627,0.027274793553554222,0.027565872293216165,0.011955568236054814,0.022591692017817966,0.009447764176101936
2019-01-22,-0.0064993102106536416,-0.018115762339467212,0.0018670395586362076,-0.006468658838715058,-0.020120462092561908,-0.018265188403345456,0.015810125602103042,-0.023995680206341574,-0.015776017941766973,-0.009710513813233512,-0.02929729701097805,-0.0053492993305909176,-0.016150197358332674,-0.010629246232644385,-0.001593239403347324
2019-01-23,0.005275614552766816,-0.012454018363609043,0.0003496225631842709,-0.0012019087909874715,0.004527280643751075,0.006938680848874057,0.007996333238867503,-0.003945402288569988,-0.0025256248217805366,-0.00869203336446478,-0.006130572660080991,-0.0015252206297140525,-0.0014318542676536872,-0.003160009585186141,0.007778492943233628
2019-01-24,-0.006507400669174879,0.0028022332658339533,0.0041911483530694404,0.00010001233063428039,0.009335109520939522,0.0026501729308650024,-0.007986318607686838,0.004571085336443126,0.0005843892132211259,0.012140307965979202,-0.002372668252639598,-0.004662605655641805,0.008164217892285386,0.0012682265979726548,0.007124104099656359
2019-01-25,0.0050712729217319286,0.0055891288839124975,-0.0011593664293156891,0.010529612335274718,0.02088972615274365,-0.0009061602427969939,-0.002039794372637238,0.014863123342507611,0.006326352332237439,0.00999550072849531,0.02211692971639234,0.008964914463171825,0.016743602033755467,0.012452254740305202,0.009432360861622247
2019-01-28,-0.004625179134965962,-0.008336935375239829,0.00394648448499324,-0.0038705592393567523,-0.0026554126643734133,-0.002267422708783773,-0.005270162605845563,-0.00508130733115153,0.004740025319760255,-0.007477357588486888,-0.007678498935402067,-0.00039991171278164206,-0.003444625139206625,-0.00938077415916172,-0.001946687844778583
2019-01-29,-0.005068455349434453,-0.013077989671475332,0.0033532114134613433,0.005778432177532267,-0.010023213137624332,-0.004470251931872116,-0.020382794465827914,0.0039057378463236425,0.002791004019732757,-0.005982726163003438,-0.0037511098008157218,-0.004324417251782231,-0.016308440978353822,0.004208674153012737,-0.004290945264051715
2019-01-30,0.005731193186356842,0.013014520814862651,0.006453050279685124,0.0169372951323552,0.01597819486909602,0.010654526647139617,-0.004525781453969868,0.009875226969410678,0.0023040324018732683,0.008247732253948703,0.014221379124177869,-0.005389042544929112,0.002635069645745558,-0.01781234655714592,-0.00019603123092382102
2019-01-31,0.006754110565956317,0.009810811804685793,0.00606808134909409,0.00029204264527527,0.003737097569220582,0.001882543462506714,0.010589364370061194,-0.022076454927939415,-0.00871541095038808,0.009728017003857392,-0.011451353563506017,-0.008005755192794228,0.008979329224892085,-0.002133429940111009,0.00235131214290929
2019-02-01,0.0050313595882538475,0.013648005591799794,0.01081185484532221,0.003505373228548825,-0.005311457215237847,0.00390810736156344,0.006363771509477978,-0.007423775386606546,0.0036718384196188225,-0.002846412407226606,-0.011347699450519055,0.0004892165005829785,0.008899235772428016,0.005559031877697018,0.002540696705090939
2019-02-04,0.0016687556676675541,0.004107585476429865,-0.00022534809017238366,0.0034931285093882103,0.006125296031126215,0.002695452401667353,-0.010357339412310207,0.006003867808063612,0.003561398087671419,0.0008866473729012281,0.015304082966143051,0.015481056600583853,0.0024747283229851202,0.0036147724642436874,0.005459552614714758
2019-02-05,0.00416508156308959,-0.007727278658521408,0.0018017586637888439,0.004641644657173538,-0.003902628463919644,0.004330398671470448,-0.015203417878027037,0.001466626788652281,-0.004412186812765451,0.0008857534307213921,-0.00023564164430511791,-0.01291827391043665,-0.002146392427015642,-0.01292377263334954,-0.0017454854918080853
2019-02-06,0.0037324946672558923,-0.00022896480018819165,0.040467373695716846,0.010201890634520705,0.0012536353034307002,-0.03442115431132664,-0.005705371453737174,-0.00701980961682136,-0.00048203759821274783,0.0,-0.0016487525529162994,-0.0033327927475004238,0.004516715430398888,-0.010302774270010029,-0.0007768703937846011
2019-02-07,0.0010332369199046454,-0.01878588405214765,-0.002484582767368959,-0.0054306334453514404,-0.016903810347463577,0.005697491069300842,-0.0029816000358150463,-0.01805509402687977,-0.013109427502123738,-0.03716807137338085,-0.021236708842171104,0.0018758137428251942,-0.022802899540480537,-0.020169206998973954,-0.009525951294802826
2019-02-08,-0.005573154820947668,-0.008872407214637557,0.0014075534371404963,0.0012451771152794944,-0.012736960654676333,-0.0020669820972626374,0.005473121614112841,-0.007251268382589493,-0.009962903655138411,-0.018612196353779753,-0.01615245696094303,-0.01302514849660008,-0.0031769230570682927,-0.009296106708412633,-0.007261796437460721
2019-02-11,0.0018683192302562102,0.014134493766843725,0.0007572260253847496,0.008515144032172905,-0.0064504436048210545,0.0016878895396736926,-0.004938069774020337,-0.0017737622454687685,-0.004735811592133099,0.013345684712873451,-0.014702045765192406,0.0027218513295363955,0.005605493202084144,-0.0004468571774104424,-0.0005931483877661403
2019-02-12,0.013880201515729551,0.01811833393671125,0.004106899976866307,0.015084146676964227,0.017205084295045747,0.01278982902469683,0.009079364278615554,0.016515974597749006,0.017049614262707236,0.02379878254004253,0.023376786035099517,0.012996698679348606,0.020327611683265134,0.025481104614940353,0.013056188672819768
2019-02-13,0.0016345646786399826,0.00798574958758147,0.011731492301599422,0.005233425467376263,0.005903688637971527,0.0020419214044382628,0.00821579367712899,0.0010282389012574722,0.004776158639467454,-0.0020313968072869226,0.0009721080831555096,-0.013560592259535209,0.005462532185780189,0.005906731137575116,-0.005858008080821153
2019-02-14,-0.008568019491091428,-0.0903124661355108,-0.008191284885790018,-0.00873921768827235,-0.009835125729914185,-0.01350825286806212,-0.016629378568804865,-0.011094653750567507,-0.006499288023521066,-0.009498003359497242,-0.011410247291177678,-0.007161813580495391,-0.023330106121505545,-0.015006955886850859,-0.008839146298127543
2019-02-15,0.01399175346006798,0.05299810333467714,0.012334902649451251,0.007128057434257595,0.02963801828433721,0.01904816599052972,-0.011274295304018023,0.031008242592479585,0.030560491020644953,0.024200959366689645,0.031188700875024455,0.029350645806013764,0.02694179520065143,0.023625672438107204,0.01684515253068275
2019-02-19,-0.0004075827064826676,0.015831740790173576,0.002543525700901439,-0.008195009373461293,0.0017114112090355071,0.004128512103208637,-0.006271322992086548,0.0008563652402318045,-0.0035055825289107556,-0.002674921705213218,0.004048694697272426,0.006443816376503264,0.008587994681971134,0.015099419318528318,0.0
2019-02-20,0.0026533346313062367,0.006978689122259851,0.004649635383434214,0.0026289187542418713,0.004038853856610292,0.007850247966155521,0.007401015791700383,-0.00035223872858891614,0.004849020193358866,0.006928921660694032,0.006166758301090924,0.012565373216117948,0.011389075957891848,-0.012962389196555457,0.005651854532453315
2019-02-21,-0.004478731619062981,-0.006468374210785832,-0.004523077405372278,-0.0015918934879112223,-0.004950836703957906,-0.0007417643980580646,0.0051256343792931425,-0.011279080777652606,-0.0020816177608289355,-0.0064377189949580416,-0.010843983039017013,-0.012725374577303827,-0.005577961322832725,-0.01571558563407771,-0.010658858350263034
2019-02-22,-0.0030675538974495042,-0.0032547049665335726,-0.0006341532167938313,0.007785237421048086,-0.0027983144349865707,-0.0014848859683970206,0.008895694001002985,-0.0018332597141940132,-0.004456075122539205,-0.00044639685600000867,-0.004051361821180155,-0.006084605484929617,0.005503640684744626,0.009842585585110308,0.004505569623081795
2019-02-25,0.00430784573520282,0.02239290463831045,0.0034893353824851925,-0.004746970159451358,0.006080258491887314,0.006393646145540721,-0.0032012869868414118,0.013520129987763196,0.010476038929451592,0.01162278148840068,0.009571514520283264,-0.0037047705710664403,0.005788375045578498,-0.003465788959431282,0.006434857820674322
2019-02-26,-0.00102129571803522,0.0006846527909241118,-0.008535229506358877,9.381035795419379e-05,-0.006353576800473548,-0.0014773282356818074,0.0034931890532212684,0.0012588396054857842,-0.007634293991529817,-0.013477678079446886,0.005214570569515686,-0.0038809732708672273,0.00010523941269435788,0.011953914187663894,-0.006006610023863268
2019-02-27,0.001635799445323327,-0.008891863083318352,0.0041670420519375195,0.0044882314455874095,0.004366971002023767,-0.01583194078271344,0.009825361470389149,0.0,-0.0012344497429405132,0.00783842900900189,0.0035369864207444035,0.020371870431924677,0.005231799678693472,0.00021490561682235843,0.004678487528581687
2019-02-28,0.0030615470909183262,-0.006211412339785727,0.004256104398990601,0.002979150412547371,-0.0065216697295268355,0.006539997277538623,0.011397447170772956,-0.007067169703153353,-0.007607861219765755,0.004222724864481497,-0.013628017450053376,0.0023864225600880307,-0.002290380712967832,-0.012025027483344997,0.0029105011343710796
2019-03-01,0.000610588412758517,0.0006945301144720695,0.0066754817688921,0.010766835008222175,0.00765842035326636,0.0016428175331282269,0.0037385790099322413,0.007626064108374742,0.0006710059218195674,0.007966270044562851,0.012387088298715154,0.0047609281090752464,0.007825066849487028,0.017387829882905548,0.0005801100012148286
2019-03-04,-0.0022373656412096876,0.00647713941658612,-0.008525603539032423,0.000917964611494515,-0.011167748070288086,-0.004100886143311722,-0.01254185353290993,-0.011201252576349185,-0.00229829527822345,0.0024148584898302516,-0.011764911286693547,-0.002290205154167002,0.0013456836086520596,-0.02478132169887093,-0.0009665567940591036
2019-03-05,0.0018343821578885589,-0.007814406359133885,-0.0021232740363744673,-0.00137603151214849,-0.012862856912280174,-0.0002244919780092225,-0.023904509793623796,0.00010229527558935914,-0.0007677436860140663,-0.0024090409967270077,-0.002380743685193365,0.011794585583391637,0.0013437604246144819,0.0050387603379011825,-0.0025160209177355064
2019-03-06,-0.004068653303294978,-0.01552012635501998,-0.00499990722396515,0.0011943121425392889,-0.00667408961656657,-0.0018718534860608926,-0.009887279880722577,-0.006428462232623167,-0.0037460410413023837,-0.013391976925785087,-0.0066826073971296696,-0.002972961920426953,-0.014041043261100339,-0.013514045502960537,-0.008536933434434624
2019-03-07,-0.006537479019448678,-0.016234899554062654,-0.003100666735140978,-0.010277303092102064,-0.009758550563758628,-0.004576930269467372,-0.00576362578530254,-0.010116312037267816,-0.007230943485726282,-0.013796278741066259,-0.010812252636407504,-0.011377969674506994,-0.014554709934447851,-0.027397323153236952,-0.008219167240063552
2019-03-08,-0.0016452181219258621,0.009327618952695849,0.0006434824935250827,0.001112741064639211,0.0025850330298298196,-0.0024115316464239367,-0.005565151580169236,0.01281348107767366,0.000388646691405814,-0.0036102755271364417,0.004615152770975461,0.005635377645915707,-0.008607015827199693,-0.012948444028273443,0.0037490230471353136
2019-03-11,0.0107106518633997,0.014691997884152208,0.008682153783208246,0.014632312025475214,0.004028239123667232,0.007933018459280738,-0.004197309568069629,0.0037387697453084012,0.013008304922979441,0.009284567597623639,0.011847277577653248,0.014680415806151315,0.013504862323881373,0.007825296646794877,0.011597593473871681
2019-03-12,0.0018339155434361487,0.005371226433099396,-0.0004253104362864635,0.007940618530854593,0.008024549711848294,0.00517196133462261,-0.002634199617159716,0.0033679898481058235,-0.002970769075039459,0.0,0.004301200483460388,-0.006611748007746332,0.001903189817975548,0.0045673803087458165,-0.007966800330013735
2019-03-13,0.004678997212816949,0.017189712587712958,-0.005527833660817882,0.015485288884113269,0.013373522864791543,0.0031319436593357786,-0.003991348506611869,0.003152954096438343,0.0033640011748645726,0.002917135798299997,0.009040866310332296,0.009552542105983441,0.004116662677243754,0.009547282599738471,0.010382037445012315
2019-03-14,0.006276372258673613,0.006441040624149519,0.003206846940874142,0.0018726369721304703,0.007226832053931265,0.00654181679273691,-0.007425489459651824,0.001115439163195342,0.009100259870670424,0.0031316006677533093,0.0066023596013704555,0.005196850198750491,0.0014718434389842106,0.020040632127448887,0.002520310205944565
2019-03-15,0.005030264935389717,0.006628639243132728,0.010548689589213955,0.010413879639996848,0.01684603476537805,0.0070165012480634115,0.010152856800353494,0.0040004788977230366,0.011486895215361503,0.010481659145295419,0.014991851925282518,0.0020063239305661007,0.007452213544291153,0.0033111873074584963,0.006961736171386956
2019-03-18,0.00600596013115462,0.00544915361789311,0.00189807022697841,0.000264278077173552,0.011351405959888039,0.007553904877853679,-0.001469214295180321,0.021234597592459936,0.006006522704825823,0.00904902610129632,0.016154883593026526,0.015555094313359996,0.013232440284128844,0.00990124501819678,0.007298187039481707
2019-03-19,-0.0029848711872119127,-0.009484934083989982,-0.008524706726920073,-0.00774978759583389,-0.004550190745744698,-0.012228982187761916,-0.0068285971460665396,-0.006667543243359941,-0.003638489256741817,-0.014873371972436433,-0.0018168270805741793,-0.018198353131149037,-0.0046274493511047066,-0.0034858989117027006,-0.009914415406571342
2019-03-20,-0.012774744352807121,-0.02051942482774638,-0.012418952766769409,-0.016863557174680688,-0.020265147824783614,-0.00722176756162296,-0.023350836369792738,-0.033810511595720016,-0.021348287193659776,-0.03685573018668764,-0.02093317428855468,-0.031047256097913256,-0.029855322810577567,-0.025798272996220728,-0.030040287230741147
2019-03-21,0.010311560880754689,0.010940113439000365,0.016659271611692006,0.009478837171069232,-0.006065206303145443,0.016269708162357732,-0.0027912747450289377,0.0013381314101370556,-0.015786493953125813,-0.003688618187921433,0.002324090336690565,-0.02040494713284302,0.0035135878192469328,-0.016831261498739036,-0.01409612786523029
2019-03-22,-0.010206317813254984,-0.018650887263351512,-0.004440186274957569,-0.021104997123626235,-0.045845630543364435,0.0033047635217462457,-0.006146042079275604,-0.028882259410419886,-0.030232155507411984,-0.03308648480500764,-0.032691914724620075,-0.03026857365950586,-0.045415654890963775,-0.045879716487656874,-0.027788535280577675
2019-03-25,0.0012131842297988804,-0.003988872526366816,-0.0019113829249408631,-0.003837203133973399,-0.010659382104923898,0.0003659306745842361,0.005204368913614532,-0.0023819880754356593,-0.008320094216948015,0.001914011691123374,-0.011265292914827807,0.0,-0.0001112969625060023,0.0007180328071714204,-0.00372875290672825
2019-03-26,0.006260080038625215,0.014134500590002208,0.0011705446205474423,0.004218883697188369,0.014752237415880831,0.004829559192881083,-0.00012176495026761103,0.011564431884421245,0.010006932029763105,0.014091459032797404,0.01527241751284869,0.019130848481667906,0.016787042011999098,0.017212009779078663,0.008524070179100063
2019-03-27,-0.0002007111848084664,0.002090518378090822,0.0005315746200633686,-0.004749043259223651,-0.008003849316206457,0.010994879239283994,-0.009564264863503036,-0.0034611504965404993,-0.0034026992971867287,0.0009423086909110534,-0.012177646663180997,-0.0015643176250559332,0.0007657553758981805,-0.015040894209145672,-0.007833137904828313
2019-03-28,-0.00240865306333804,-0.0009269442228894142,-0.0022308513076795267,0.0016516487530202628,0.02058286115716501,0.001728777420339389,0.0011069103111454037,0.00605141449794222,0.011347575333032989,-0.0007060085431184193,0.013536790002995902,0.01311118841537251,0.0017477200145623595,0.01861105091784121,0.005862601722625316
2019-03-29,0.006036354477633177,-0.0009282308223396152,0.0025549423723791875,0.0012824289350505946,0.003872187268006977,0.007189965593216607,0.01118251874157572,0.004236962688484169,0.0051635622635322065,0.002354293820298947,0.006438976604948854,-0.0016277668707870285,0.0020723224556984388,0.0016398191918336469,0.003122427809989503
2019-04-01,-0.0023998907018247806,0.021597681707430816,0.00966231414410057,0.021958153431668403,0.03439415977612992,0.00985168045911311,0.011969723221823658,0.024740861405230907,0.03368573560529953,0.036645531587580216,0.031516762114769836,0.034648638133434995,0.0434261757187373,0.03203929202332434,0.018260803831131156
2019-04-02,-0.012630487400335788,-0.01000197793097135,-0.002944780401685776,-0.006266862317452215,0.000932191583329578,-0.010956937065482175,0.009126649935850217,0.003863023502568952,0.004778364499477439,-0.00453213631049465,0.003904910529192618,-0.001181865579061081,-0.008136163185004985,0.005665023447340323,0.0014264705496851438
2019-04-03,-0.009949193469030782,0.007347848764765574,0.008754437842185547,-0.0039639497026828785,0.009934727193170012,-0.014795562470877655,0.0022008858089443972,0.017012644235051555,0.0019971948313124432,0.005918824176302184,0.015560967471139886,0.00039418525983214714,0.01440793145379371,0.005633302806792306,0.005698068641733167
2019-04-04,0.00041004492702612083,0.016639631905362995,0.004496135970741388,-0.0004535752523131542,0.011681852452419372,-0.00776261441166759,0.0054619356250946716,0.006820525635103714,0.009660226338473743,0.012446227635364293,0.012393230802686839,0.012696275524235245,0.00663450106259722,0.00537745241469989,0.007486948257796389
2019-04-05,0.004510042122715108,0.010089949634759066,0.0024980134889907024,0.0076276189789385995,-0.004102484700870601,0.0059955091030727825,0.004310561812179481,0.0007418958793297126,-0.0023681993291213566,0.007152438795346772,-0.0006679555541585502,-0.003971374041354281,0.01410933776513601,-0.007131555287199776,-0.0018074233325434674
2019-04-08,0.0024490538222703417,-0.003995827052230672,-0.014951765984467347,-0.0023432502663230936,0.00793315402130701,-0.003125303726963513,0.013522255393410676,0.0007906082980762008,0.003228491625618446,-0.0011094315052451176,0.0017815168770176637,0.002579917307883095,0.004265082617657789,0.0051627924151642635,0.0036214955810838223
2019-04-09,-0.0016287137405684993,-0.005348563177386412,-0.0053755784264704065,-0.00767825751936857,-0.013167982844586534,-0.004301257521903912,-0.009455796284778217,-0.009479448072547636,-0.007382694290836267,-0.01577484278660224,-0.016007054219467354,-0.011228816113774687,-0.016482877540340946,-0.00736942965837073,-0.013231554787631827
2019-04-10,0.0034667786725175453,0.005601632486935015,0.006782534241655425,0.0028221297907942144,0.004907862628427795,0.006150663319443694,-0.004099006779126557,0.011763211443869714,0.0044814755894933,0.011964627492054625,0.004292839376485391,0.003864220242380867,0.011617995098661904,-0.004049731083052399,0.0016251340688564486
2019-04-11,0.0032511925346527804,0.018493709545618353,0.00852612164632438,-0.002814187787601896,0.005952495789585566,0.0042210023266324725,0.0028225588605204077,-0.0007390656149856012,0.008449249118407165,0.010037309570855246,0.007874349023191396,0.011234095363050756,0.01189161198321953,-0.00022583072521831227,0.006288351145736115
2019-04-12,0.0028356779678870847,0.010501048988739381,0.012524907620729664,0.009649471616904215,0.02291023667973624,0.008551141541675467,0.013955914254478952,0.024700786957749354,0.04687914020606487,0.012809391028578476,0.04218749782944342,0.030920041395872344,0.019084430325172486,0.024627144259974365,0.01229576121748499
2019-04-15,-0.011310546804404242,-0.00844321967606132,-0.006287880340510865,-0.0034260324634211026,-0.0005934005455141556,-0.0015087851393872365,0.0027754105401098794,-0.03815433690627523,-0.011419850112227459,-0.013301667681815066,-0.013065008318467797,-0.005237288562421782,-0.0011830895002721276,-0.007056166615059478,-0.0065711910794828965
2019-04-16,0.013074308522133204,0.02052416809082014,0.018568265400376927,0.01221354771833183,0.02864335715790478,0.008995509740308494,0.002999337105545896,0.009654390701428595,0.010551501418121445,0.020773921844229992,0.020399300820989952,0.015946857159913952,0.02654414002885752,0.013990883088518924,0.00781719095141864
2019-04-17,-0.01109098356241367,-0.016474528735134886,-0.007739969424842785,-0.0010721976123534427,0.01500529105935855,-0.01725995494564092,0.017248999865741466,0.03002335755528729,0.028802669963799987,-0.008227017219900823,0.02637170087752616,0.005407451926652929,0.0012498932991891198,0.009636378240172716,0.007756556468379916
2019-04-18,-0.0024470561648524125,0.0015226895643021265,-0.007287308568319939,0.01708983832768629,-0.009665985371330232,0.00631376239320125,-0.0031653011514866103,-0.009571605124246374,-0.007349194420217087,-0.010696201814095363,-0.014712004849542493,-0.005079627939817977,-0.003168148560367512,-0.011930850821184613,0.010657012518953568
2019-04-22,-0.007358805433366311,-0.0008686570737348465,0.003618543965631549,-0.011788377256400806,-0.008325231141896428,-0.004471104646982638,-0.008958801637861113,-0.006362128647042664,0.0012340703064728231,-0.0024272222527338405,-0.005467629955379416,0.005255769634887608,-0.0035637217720575487,-0.002195219050450503,-0.00019502175080299278
2019-04-23,0.007207679087114505,-0.0004348560288811587,0.0022667142595664824,0.014600137270778024,0.0015923723315056648,0.00405679676936721,5.681358430020822e-05,-0.002248280862706342,0.0012323860781249252,0.004866255990294777,0.0012684327677991991,0.0023151535074450447,0.001933341558796764,0.002420575902657651,0.009570391109454013
2019-04-24,-0.00040925166934657753,-0.005219542886640949,-0.009045143976862957,0.0004384520134910197,-0.005346663886151237,0.014069273038699093,0.008124340081715031,-0.017634747391385153,-0.0016703314326095287,-0.011006006286157444,0.000633615149013389,-0.0002234677111297989,-0.008682285593130445,-0.01075536090631879,-0.00019350931532347015
2019-04-25,0.005931980110047919,-0.012024908394283274,0.0006225118507845462,0.016312768828552482,-0.0014530398860663762,0.008253341810247283,0.0102148351961735,0.004288317987762413,0.0005281064453637185,-0.004896363931791159,-0.0018992376476046902,0.0005217380520656789,-0.00019454309323951868,0.00532476674571547,0.0030957526838684135
2019-04-26,0.007116628555174254,0.019031132014060592,0.009743495631872268,0.01484301051613901,0.01134861471945725,0.008961767806076049,0.005617939541901151,0.00834182581779852,0.007569962867688629,0.008722358049219947,0.012687567091286267,0.013781442893720186,0.011193104250010855,-0.009048222376515147,0.00964538790282421
2019-04-29,0.0038361520258070048,0.020412648715593118,0.003593376579037244,-0.007142606549746078,0.021867403736347102,0.004546213784762054,-0.008267544999937204,0.018908479288968216,0.014414384945029779,0.01374766520333015,0.018280901877552047,0.006759896428841561,0.013571932954170363,0.022271673281055282,0.012609663620732237
2019-04-30,0.013274325369554196,0.012343179275415839,0.013297771046268503,0.004025078095234003,-0.004645672437368797,0.010930814203254702,0.007716791535891554,-0.004832558587735458,-0.000602940231574034,0.008967768395145459,-0.004333463570554863,-0.0005838607501146287,0.0038937790402147066,-0.0026147474824730343,0.006037884878270061
2019-05-01,-0.003175688748063732,-0.014715416784949475,-0.010700373130924201,-0.001791376941030931,-0.010467008948674916,-0.00668069794283388,-0.020122707971802045,-0.005779166040641548,-0.007669164513426252,-0.009104950532066503,-0.014093414012486427,-0.012560882084749259,-0.010500189429100137,-0.004805144108479764,-0.003938406347074763
2019-05-02,0.0005970955398988398,-0.0014934507931548824,0.002959237403875603,0.001965716798333128,0.005717649882581055,0.0006933651269316332,-0.014261392062918765,0.0012702673542701604,0.0021707803404822368,0.037190925544509756,0.005045574479251691,0.005398974131188394,-0.02638646214644358,0.007023732538498306,0.0013175730923673523
2019-05-03,0.004776263915290846,0.006623872024639654,0.0029499544873621275,0.017910280810436996,0.010871098563051795,0.004988579815613958,0.006423494396275542,0.01234179468057972,0.0061522661786699295,0.012444724075877156,0.005228704060902478,0.008533088732159966,0.012667217892322613,0.007846274890755955,0.005641564579461633
2019-05-06,0.000594082510000371,0.0,-0.009129475630407446,-8.375161715445945e-05,-0.0036791464529599693,-0.0015164724604819213,0.024380416721697884,-0.0052527070549444055,-0.00887026129405466,0.0006308280782190145,-0.007282386849060574,-0.006053731062089174,-0.010666538656435076,0.0004325105638207649,-0.002617781150263232
2019-05-07,-0.008115865414655588,0.06771388853439664,-0.020679555294775498,-0.0093847612271174,-0.031955535899110266,-0.014085549092439864,-0.000224306718267675,-0.01840792781366729,-0.01633520765456864,-0.00630409982752933,-0.02096015240773974,-0.024363497902873843,-0.0113692366975775,-0.012537658756559655,-0.01462335005481008
2019-05-08,0.0025944849248589197,-0.006759306107929075,-0.0035543421916185425,-0.0061752140101750674,0.0008802553708520122,-7.011978596660473e-05,0.0006177702716780864,-0.008291100439267285,-0.005299791700625223,-0.00021127131435494384,-0.003853471138686615,-0.007220805837491628,-0.0006936039874471112,-0.0021892492611620407,-0.006468651542929749
2019-05-09,0.004976287957146219,0.017414018965613787,-0.009756853262653409,-0.0019574963631507902,-0.008648673585892053,-0.0009109006809661091,0.010043121545126876,0.0033841989286651497,-0.0007992661007139024,0.004229912995941776,-0.0017192790315436746,-0.00037855717117474263,0.0002974337119805437,0.005265558778787094,-0.001915157639633458
2019-05-10,0.015448664083493213,0.01593526641637899,0.02108296117744879,0.010233686859093982,0.003992300975327323,0.014581449167020644,0.016276969247493778,0.0020826294195188666,-8.887838200155596e-05,0.009266918373369126,-0.002368080058762656,0.003789332310053739,0.004363742767827583,0.0006544812068214334,0.000959465613488808
2019-05-13,-0.015603958634777149,-0.017815363215162416,-0.023864038069340565,-0.021610769430830734,-0.05184093950978719,-0.009534801929313552,-0.0034980083831580577,-0.03504078207766104,-0.027197389989015663,-0.024833047946072884,-0.04661209131881572,-0.030126934280002904,-0.050656474509651384,-0.044492998311649656,-0.026068721006426876
2019-05-14,0.013077157406544915,0.014983763654855542,0.007015300118748291,0.009577425779309534,0.013668840406108718,0.0036974652829293575,0.005430271552091748,0.006719302048537212,0.007948629489114678,0.01647811540716715,-0.0038480166928290815,0.010198708738242024,0.025379514473632847,0.01604071788183714,0.004723545738798629
2019-05-15,0.0035205002448652767,0.007187490457720491,0.007916513128480629,0.005555086936146703,-0.005975805920165778,-0.0014597511208047642,-0.007965482471505969,0.0006111770310801568,-0.003807081330901574,-0.006947260041071934,-0.0024991552379678428,-0.008323387466276477,-0.0035500446739477054,-0.03608522272562842,-0.005093209369981255
2019-05-16,0.012083381208086719,0.0073289184005715935,0.003979645415013167,0.0185277916161537,0.017110820866934162,0.01357260173962005,0.005279925526329388,0.013951007141033145,0.012829765859661446,0.0099637568357962,0.008655824454383731,0.018806705854808037,0.01201210872449443,0.023397570755467445,0.013979482953738964
2019-05-17,0.004814165446988206,0.0026802882605714284,-0.0023993436094204013,-0.006425165387376142,-0.013791859096742964,-0.004326280120809933,0.0057986165717058835,-0.008586870390570267,-0.004851272307821564,-0.00650720269973093,-0.00903352663903556,-0.006712519762702485,-0.006035426475034966,-0.012117160845888764,0.0011649396719106697
2019-05-20,-0.0003830825989102893,0.0011457998995416663,0.0031367687294507896,0.006466715101415721,-0.0016906745303948423,0.005241503265075664,0.009736560537131123,-0.0009622892219307566,0.005236135670125153,0.004014351843778963,-0.00022767191696171363,0.00860071970296783,0.005060024246955841,0.007868623841661426,0.0031028578465390755
2019-05-21,0.0011561319796451475,0.0013349005798448665,0.010110623893363035,0.005924430448994711,0.01724172044657757,0.0031564762460869478,0.005009686546635805,0.009480888872935411,0.0034124496938974236,0.012836613761564974,0.011853347197734454,0.005634144380869177,0.011378620171572429,0.010792166449468787,0.0034805515996798597
2019-05-22,0.005004757655302283,0.0011428752531612574,0.001857247461531708,-0.004479307384843589,-0.02148929758033058,0.012379213811868128,-0.00401992079507707,-0.01803017059491785,-0.008144540162640324,0.0,-0.02027519644985798,-0.0004541091100616068,-0.007865100616328724,-0.010222460457619875,-0.0009634334475977502
2019-05-23,-0.013215805274361725,-0.006849073682897888,-0.011432601045189839,-0.013165780500077329,-0.01175369067640708,-0.006418369411710478,0.005273535862127421,-0.018156709058955833,-0.019671625226388545,-0.01828373591154464,-0.017935052094118276,-0.015527969880748227,-0.02548952576872643,-0.023640456155999634,-0.013114655839767009
2019-05-24,0.009510708339125484,0.010728019144120138,0.004063278448221963,0.00911954869159537,0.007668142517442744,0.007479736817900928,0.005996094886818959,0.005365173507750454,0.009849204320655058,0.012275101766800578,0.005853510747550139,0.015388297715477117,0.01706367762642258,0.016690297015666156,0.003126808389974256
2019-05-28,-0.013651144164690154,-0.013078292644276068,-0.01328204754060569,-0.011212602730267807,-0.009318166983665388,-0.011540767698254406,-0.00351237743961208,-0.01844562942766137,-0.010846832526203443,-0.01358977258217453,-0.018388972729040498,-0.017655668534523272,-0.014424582253767415,-0.01063579012660576,-0.012858080960010176
2019-05-29,0.0025341296289527193,-0.008642348451933457,0.011988587348402246,-0.00981610355607121,-0.0012543585185407213,-0.003414039598411134,0.01740921576899246,-0.002863234503501233,-0.002764290551995452,0.0033911029542808002,0.00047403352213448713,0.003008333537693364,-0.0006226111857002836,-0.0004672465959545402,-0.001381528521938069
2019-05-30,0.002722238700227475,0.006199216374030536,0.0016714639001644827,-0.0023075902655940173,-0.0015695913800268801,-0.0012328653041797644,0.009657758837265717,-0.003616187508993618,-0.0107190291672562,0.00021156092790652892,-0.008532732619094374,-0.010920543403973082,-0.005401150928028953,-0.005144188863766774,-0.0039521330851785
2019-05-31,-0.0052357098966709925,-0.016749918630003635,-0.003963172897226475,-0.017389014459694097,-0.022952274622135782,0.001989414330580752,-0.0012480888378956223,-0.02604456546521905,-0.010274445190694648,-0.024075934205857186,-0.027253297298121093,-0.010496747907939197,-0.0352962960158647,-0.02209141044655083,-0.003968631132611589
2019-06-03,0.022027488669698725,0.03211298829731657,0.013192417917787136,-0.0007845465098937909,0.007401490127152632,0.011912082283392023,0.004580826353048906,0.0038361215948570226,0.004718604703034979,0.018394151473819287,0.0009829016960345438,0.013436727537785131,0.01991793607223835,0.0004808015348296557,0.010557741176779212
2019-06-04,0.010871468692355668,0.02124782498974076,0.011470452431894484,0.019455305582730675,0.05222804540726167,-0.0031123675695312603,0.010155427252404259,0.03651918057882653,0.03080952608966303,0.020399426222616812,0.04296611880906642,0.03434913581160837,0.03820792638527526,0.05308655188908218,0.029174145532879114
2019-06-05,0.014339742254642296,-0.0027860823450464034,0.014814238540037827,0.010868831189615014,-0.0015178909283132258,0.014048275552330791,0.025236068848522475,-0.007583481407516746,0.003554066771794151,0.0,-0.0011772197232682302,0.006371832319780113,0.010018601256907234,-0.0013685524451049202,0.005746179446521227
2019-06-06,0.0011158328836018416,-0.002421995825255263,0.0017114411866210322,0.011090535744863406,0.010489458276080832,-0.00508598826640505,0.0050528255417290335,0.007270073686376888,0.002179119902510518,0.0074970176112583164,0.00895615899626434,-0.003724205751264975,0.010728480576686739,0.0034261663373080786,0.004951399734865802
2019-06-07,0.013563885496865824,-0.011951577750402675,0.012261585551631704,0.014066601395411826,-0.011734415467256953,0.005246574468823706,0.009843048064583027,0.0,-0.010962937931996986,-0.0010337606853044745,-0.002569541416367005,-0.006504587355011693,-0.004405754015074481,-0.02116996956532069,-0.0018951966121446562
2019-06-10,-0.0036665441862268056,0.007938046801091447,0.0006948016713443916,0.012798528115951502,0.021768647662928187,-0.003011650110296804,0.005294058142083946,0.02270673211771901,0.01080969876539184,0.0018623331961193923,0.013817215903412672,0.011288028029972308,0.003218494647941883,0.007209014774856026,0.004366926127322257
2019-06-11,-0.005703496496752614,-0.004687551038999982,-0.0035721227250318233,0.004646727307680676,0.011322837647526951,-0.002550449452851211,-0.02180312864405587,0.003142528700073255,0.003081316326776662,0.0026849361436580566,0.00877834505651176,0.005953318892736981,0.0,-0.010621057401609457,0.005292673719868857
2019-06-12,0.006291573099800107,-0.002260860273397003,0.001792329987805763,-0.009737770421509584,-0.015762730448965034,0.0010770564932052196,0.0006542161141493974,-0.023160330586448508,-0.012739183664582598,-0.0026777465651217636,-0.02404424564744223,-0.007989153202804689,-0.009825190191441568,-0.017502735094964472,-0.009213681478631885
2019-06-13,0.0016549158528840202,0.010638465911309902,0.004870450746120358,-0.0013929896563766864,0.0040413001446582,0.0004704171350766728,-0.010760275712595191,0.006466187658295652,0.0024707509618913104,0.0018588713582814442,0.007742878567580824,-0.002759239649269274,0.005771425348731096,0.006175865760315258,0.0
2019-06-14,0.010464563578341579,0.0020673733212146495,0.010286905979221217,0.0011488531802794633,0.005963093948927689,0.00954053147807521,0.001829715382347663,0.001097023414185605,0.002556296135721725,0.006184340915746045,-0.003026812327002526,0.011067200232962593,-0.0010068912994262158,-0.03186966706088867,-0.0013286617614445273
2019-06-17,-0.00890262964325117,-0.006002329973548215,-0.008419576130638928,-0.004508275654156679,-0.013930167455753373,-0.012445128328940291,-0.011821338233406364,-0.004330750212133028,-0.005463810316490791,-0.009629276725087066,-0.007239431515424499,-0.0197470883101849,-0.012999930141829763,-0.009753524966908622,-0.021094630730534414
2019-06-18,0.0067827547098919805,0.006793311217179854,0.005825225826919578,0.016302919238563307,0.021641133820113234,-0.001819360295035155,0.005390853003956142,0.0217470879559003,0.013642326198938237,0.007653970206429106,0.01952501062857004,0.014259870203139124,0.015825508089363227,0.0073870129178608135,0.013201421670049784
2019-06-19,0.0040057387506025055,0.00468625455531968,0.008736655102633328,0.010127246875896834,-0.005737205699161807,0.008978651872280086,0.007660245808404742,0.0033848408997521062,-0.007225847154646914,0.0008209474453106935,-0.004614889993109994,-0.008777759130032092,-0.005226445247597522,-0.024932808922553895,-0.0013413908801785945
2019-06-20,0.003627230450904406,0.01212696935293045,0.007687767724988692,0.0019249177168296772,0.0075455968533200135,0.004438879879739233,0.007602113808374611,0.0003070507340452444,0.00254743715207173,0.012513137629377225,0.007417528189011202,-0.0026268496259775898,0.01172094010391267,0.0035096724302201565,0.0007673553054479143
2019-06-21,-0.007047389372243251,-0.011060033650097445,-0.02259789001159751,-0.0015210661519785562,-0.0019089605031543666,0.0018746520860901672,-0.006840713003074317,0.001226264045601999,-0.0068064094642400486,-0.00911657037871949,0.0027612020516853963,0.0020319258127237116,-0.005293207140437128,0.014988726750571502,0.0019173612090710446
2019-06-24,0.0012740517980089905,-0.006151036546692801,0.00968288715559562,-0.00473009209480435,-0.008238875921326438,0.002940434820475568,0.004861551597395097,0.00791053023842081,-0.007127193261039166,0.0036801986118135677,-0.011702767647893908,0.0037543331456948437,-0.003012044538286851,-0.03642616163228918,0.000765496479356198
2019-06-25,-0.0012724306554446896,-0.01106521288552098,-0.005675876285322179,-0.007894271278004572,-0.01290603916883315,0.005730415416472345,-0.0005036153539026422,-0.007241097642425753,-0.008282697373196535,-0.007333705505594645,-0.009519598592063416,-0.0023188899321189282,-0.010372654638659218,0.0020432959536353934,-0.004971576794795873
2019-06-26,-0.012920845564512895,-0.008913389873667521,-0.02086383812265713,0.0034912726354654477,0.010219381460925714,-0.026103642451241416,-0.03171664577961253,0.004845704404419671,0.006681567538198818,0.00287298379062495,0.007735955796067673,0.0020994044892008734,0.0025439338925978827,0.011215803861179374,-0.0011527530816543008
2019-06-27,0.005715395814152258,0.015117092689797662,0.006533301766250554,0.0028319635580611457,0.013835083202578424,0.0010888426182029676,0.009737959621296977,0.011725235499495446,0.003318439373163562,0.0057296061406135745,0.011630439281163696,0.007632406557342097,0.007206769613190556,0.013360234363031243,0.0071690963394897
2019-06-28,0.004766134699548008,0.004335123221909765,0.015478225427070447,-0.004034053765642365,0.027586224205882415,0.0008834108631368132,0.0010830702960860084,0.026490195263030536,0.02719596986733608,0.010579738789270765,0.007358273008905458,0.019456324949413517,0.017837414685294428,-0.0002486751769539275,0.008080049423999203
2019-07-01,0.01842728934093185,0.010510935511074848,0.014357506046943191,0.01198949831114171,0.010138641123130565,0.0037340126616627334,0.012776142551970793,0.01104605031376793,0.01681574711318201,0.01650889224548191,0.003195647950768654,0.018356700744431853,0.0100989753314904,0.01418263456126967,0.011641189986143052
2019-07-02,0.006986789347973366,-0.0009289920182037337,0.001163290738316114,0.0014409146454927857,-0.00424089370546421,0.0039235451013839295,0.01617584044153264,-0.004254336409656778,0.0010555758611887622,-0.009704542642094416,-0.002730633361461954,-0.001501967520067482,-0.010194095720349128,-0.013984300339953126,-0.0015090930590682117
2019-07-03,0.01138604199209392,0.019334427734368997,0.013169513302752733,0.009221522117904835,0.005820533178738874,0.012329415161339563,0.009511331853572669,0.00029128787386123456,-0.0015930557105264809,0.009399808840486745,0.003650704976257746,0.007736682473547418,0.014557189799174974,0.0064692645307298235,0.006045688487305689
2019-07-05,-0.0007036410583339814,-0.004012245460133346,-0.0013379321331326022,-0.003654998046602853,0.007762705394569913,-0.004192812613179275,0.005652753776347996,0.009027381813187185,0.005938543389078621,0.004557109744333099,0.005001230679521074,0.006398008016009316,0.0028307818872852497,0.01013590409992604,0.00807509250811389
2019-07-08,-0.002816466534307338,0.006408995097276549,-0.0010529541826406197,-0.004385968128484907,-0.0037812978629866434,-0.0012699806179454765,-0.00404330955988319,-0.010341520907641288,-0.005462745130794366,-0.003155665485287007,-0.01628626184606541,-0.005862727539841295,-0.008467945831579282,-0.021291998915936916,-0.010804581073853403
2019-07-09,-0.002118455649022355,0.010189389578440178,0.002682273498531451,0.008410244392366817,0.006045077307047064,-0.001204585323899554,0.0,0.00981785822865211,0.00425263358736605,-0.003166039462338066,0.006668366547182725,0.00035502174921653307,-0.00274865527475876,0.007001685549894887,0.004519701175191626
2019-07-10,-0.0003535324267887052,0.0037825827894621966,-0.003821777405238924,0.007863228885794493,-0.006008753925051069,-0.0006703386518867038,0.005842080871140354,-0.008663695460642051,-0.0029113404003793253,-0.0011907465779646964,-0.010735669004366066,-0.005255622723514319,-0.008268693612589861,-0.015147954114816953,-0.002999991954815151
2019-07-11,-0.002654469868832554,-0.004486203275137379,-0.010646332816272142,0.003073384389729261,0.00674828087853796,-0.002345986318434745,0.015946859148275205,0.026120725107313447,0.009555828636102826,0.0019870400531936117,0.02008791317909031,0.010067442765158363,0.0038711382664340377,0.02017148885675968,0.005453564726378035
2019-07-12,0.009403720953650163,0.014239299012680284,0.007368030954149507,0.005342683149255123,0.0022343489452494314,0.0038302488200068208,0.005135455518361143,0.01225442989214165,0.010517016186645245,0.00991694205971605,0.015617761952315012,0.0051606472884162535,0.013545723605890236,-0.008155947341561331,0.0024312865601838762
2019-07-15,-0.005625012856865896,-0.000533015932426717,0.004619042547328478,0.004767286976460339,-0.0008362512357193985,0.013322799255351292,-0.00698870113424066,-0.011031172641461473,-0.0121422062114106,-0.002749515505030775,-0.009806081530533306,-0.013995456648353888,-0.006048232394785802,0.004236113968736133,-0.008955556474781301
2019-07-16,-0.008131167716356802,-0.0037340761356084995,0.004406613839318396,-0.003966774516674265,-0.005438512714453836,0.000528569699409509,-0.01232905841125942,0.018621577197764916,0.0107114683557743,-0.00551409676442971,0.0,-0.010270932090937213,0.0019629705223414007,0.03300262415480004,-0.0015056798154945428
2019-07-17,-0.008376760468957523,-0.011779106508037707,-0.018216557112548992,-0.007652787621222901,-0.007010630275608776,-0.006537509974439248,0.0029978201421847483,-0.010300496212147459,-0.009816249511238051,-0.010692888195918515,-0.014854254207866568,0.006630109265365558,-0.019394647002961896,-0.010088936480391886,0.022247275532745414
2019-07-18,0.00880703562354923,0.0041533990246633845,0.0025258239538870075,0.010387086758375297,0.013696828405071582,0.001196418816429734,0.01063267240636434,0.005719818338131288,0.005965674241891428,0.0008007959567821743,0.01507823007033604,0.002526488529088322,0.013285097312627281,0.006551824077835722,0.017890128813110806
2019-07-19,-0.020132013626402823,0.00611534052859275,-0.0173447340484566,-0.02788147291262011,-0.012118691315852304,-0.015601448029638254,-0.0068361029019912145,-0.004661640094697939,-0.009854452124196111,-0.005600503803577239,-0.0008999495899741916,-0.0003599264191296303,-0.004140244136865201,0.02989415689102226,-0.003442975367568546
2019-07-22,0.0010908403504457098,-0.001072565469125042,-0.001972438695401424,0.009453493078886321,0.0026789144980019497,-0.0033040197449693,0.0062972026784915425,0.0022476761998946326,0.00642913390773181,0.0008045640654152919,0.0024780819476397653,0.005330371379134169,-0.0023756120504266898,0.010299527717109624,0.006000114620515529
2019-07-23,0.00236091204784028,0.007337298502265721,0.002964283277857138,0.017460265226239446,0.012375191777398875,-0.007104798607342255,-0.0038322771819926382,0.02537416186834096,0.018290339917403697,0.007636921305183009,0.013483028352182513,0.00795284705717414,0.010914921819815016,0.008572500771823588,0.01265142571601574
2019-07-24,-0.023011280044053284,0.019541540412914893,0.0056152354777454505,-0.0019500856072323103,0.014168620397328358,0.032983313043874585,-0.01806662912558543,0.011848749183981377,0.004039189207252214,0.004587199489392457,0.008869068037431926,0.00462022216473601,0.006576153705974086,0.017229412112844678,0.00999472992218875
2019-07-25,-0.002782143032822537,-0.005401827866400977,-0.000391740027649079,-0.006252192383412569,-0.02218881787732352,-0.0037602285689591897,9.901547495916319e-05,-0.00923305462059254,-0.009586710662803144,-0.0045662531751589075,-0.013846339310854217,-0.0034668139887702454,-0.0008774696308306851,-0.0047423375400543755,-0.0005300076788371522
2019-07-26,0.002231755891384246,0.003328637213280361,0.008722010294077931,-0.002910098897209057,0.010785995114874325,0.012979183354545842,-0.002925573006475224,0.009819153127263114,0.004407627607325271,0.010969213275487277,0.019389620460433132,0.013916335304593241,0.007905234541400574,-0.00045386717159390244,0.014497449131436468
2019-07-29,-0.01725688073009879,-0.013794404571304542,-0.01088145915771277,0.0032338395554281085,-0.0055431622424017,0.002026567177194849,-0.00711195151166244,-0.008192852102592685,-0.0031835184935009586,-0.013611899347777734,-0.011150225647318268,-0.005882342825757281,-0.007456437186168063,-0.007718478413543228,-0.0055763827685115785
2019-07-30,-0.001510990429057335,-0.0028326407509575713,0.00019656611535734392,-0.005660497523581665,-0.0006969618280258105,0.00019564736909938318,-0.011671236074667801,0.004901835570735091,-0.0022444455672100405,0.00020001452532669717,-0.00467911063766413,-0.00028154168045024797,-0.0015606242111002588,-0.015785932715211892,0.001401711850445908
2019-07-31,-0.004538378319073111,-0.005859348699873812,0.05469882560260486,-0.016604695430759042,-0.0076695418958412365,-0.0030657664939194307,-0.014646693417952106,-0.00573624139348583,0.0035471357581395857,-0.011797914673393084,-0.0024623037995310515,0.006905354452760415,-0.010064751043402098,0.004649252308575047,0.00017514753877923006
2019-08-01,-0.006268773659940274,-0.02286131733736052,-0.023463498689752393,-0.002251709686196368,-0.03948847321721549,-0.010991590287194097,0.03178646946413832,-0.03874988524058309,-0.02637917237835896,-0.02205588373341738,-0.036580058789455916,-0.032470252476754946,-0.10087839625587736,-0.04465553956452095,-0.025546949690327447
2019-08-02,0.0042056900207179115,-0.006945746320137336,-0.0035277129997947076,0.0017729622117470534,-0.0033901836469237834,0.007343185412215458,0.022732229243926483,-0.010538646561622622,-8.874024061067409e-05,-0.02151878796864448,-0.018868148591233314,-0.0021700235665482737,-0.027774643759623796,-0.013078261211110775,-0.004668459647743206
2019-08-05,-0.02227312701666595,-0.027977224478908824,-0.02612182736488089,-0.02887924616967319,-0.03594175091202079,-0.02482415259007964,-0.01598749437555702,-0.03672932709202337,-0.029752948552252523,-0.027320932932239472,-0.03869881083291005,-0.036532048105068826,-0.029471685846399698,-0.046871128028124875,-0.04293716161135319
2019-08-06,0.013045052273376045,0.02972924363712548,0.02053439855363881,0.015159037947349185,0.016416203605754243,0.024243637789815642,0.032196910073928775,0.02146963140420577,0.007848747403951473,0.028088226835231378,0.018029562887150297,0.01098377400213435,0.003258028647261879,0.014675702786680622,0.009613491032245847
2019-08-07,0.0015376513552278759,0.0005516251771611191,-0.005199170853899537,0.008078176971182627,-0.016754805603180656,0.013544953320473008,0.002447496176596564,-0.001310386413874598,-0.02173307560156068,-0.011098931242164545,-0.016011719344510955,-0.03438005290453405,-0.012292783269003293,-0.04643520916339461,-0.017737161737451657
2019-08-08,0.014776196665646335,0.044293516410659706,0.019065291141848517,0.014165507082956497,0.02456265319545703,0.02354823856032784,0.010580081903213134,0.00612400509496247,0.016939730941428977,0.018130860311932562,0.01750509839438541,0.014102775666665623,0.010097577627449672,0.0010693313302054808,0.006653051252401898
2019-08-09,0.0,-0.00985567929740494,-0.011490671907959826,0.0070236569694723805,-0.010338616565465197,0.011661681812952907,0.021885171723039498,-0.00048320340492058467,-0.0010924759395180006,-0.005511969024730501,0.0055728001782491265,0.005699783344187859,-0.014065063817558232,-0.015487226131306486,-0.0032101028625844963
2019-08-12,-0.010589862719033172,-0.020974107226454763,-0.011912719288964535,-0.01759515830686509,-0.02740358700265988,-0.016163142558977217,-0.016086022374051545,-0.02600270596106591,-0.01877145241756506,-0.02174397373170489,-0.02747014631332112,-0.027958276232255108,-0.024758219275354265,-0.012476445739821873,-0.010418577950577212
2019-08-13,0.011467945172117577,0.018881688647140127,0.0154592797504991,0.019120759354004147,0.00918400454492363,0.011398034732450268,0.004947264240368732,0.012852373164129904,0.015416190037941035,0.022663276677587163,0.008176570890495283,0.01640224863182871,0.010396647425175098,0.03488082477245702,0.011293886810195719
2019-08-14,-0.030990355649203605,-0.04864597672085991,-0.026331123205481588,-0.029053428496742417,-0.052752932979724276,-0.03865736760440963,-0.023253791851662653,-0.04188920419259379,-0.041521791188243395,-0.04389532866821544,-0.03342339960480045,-0.04688336811954408,-0.03804722359394741,-0.028927596432481106,-0.036531941128285284
2019-08-15,0.015405881957466283,0.006555874941555517,0.0014750129673655188,-0.0022014298422800005,-0.0014658359052074355,0.008120909380974206,0.020975537412950773,0.003169956192672796,0.0038167077519071224,-0.003120152730881287,-0.005848107279051495,0.0009628579287992434,-0.0038558157997036213,-0.0008201723327078136,0.0074655140763510985
2019-08-16,0.011138929823431676,0.010606459651280709,0.013550768284422476,0.018385290947543487,0.03522514010075306,0.00954989650538618,0.0040901105895172485,0.016515765006756,0.023954481428755114,0.013861037164409229,0.021483643443098277,0.018117876953057666,0.02422234036949744,0.01586423780096191,0.019500497868306654
2019-08-19,0.0005696787579938523,0.009206583382186384,0.007459801271131106,-0.0018453678095332604,0.013074932391459626,0.0021881850084408683,0.014607975378891469,0.013940366266071758,0.00900450857659929,0.009261171178365668,0.010766018044769066,0.010708584757082917,0.01468603206808683,0.015078677339986468,0.007459786386661893
2019-08-20,-0.01049428762896143,-0.025178096702095698,-0.007404564690044135,-0.02395504009127236,-0.013839115772505406,-0.006806307324162764,-0.013151952198664607,-0.010979222708023872,-0.012696555242496244,-0.008739367652612628,-0.011642206371513919,-0.016827760045730056,-0.01909521368104583,-0.010080106451740956,-0.019745434402369644
2019-08-21,-0.05553406813939932,0.004866067912895566,0.006490918993202088,0.008894854210313552,-0.002680513218814795,0.0017452195596487918,-0.001683415150568135,0.0035003497922241333,0.0027955333558775664,0.008595816314739935,0.001002532595618888,-0.0015847497895600249,0.009299832559821697,0.007770698929182807,0.0044545463900551585
2019-08-22,0.010820773984399956,0.0011175990969349847,0.005871772560866573,-0.001877386099317646,0.010434682179512267,0.0017426194358709512,-0.001170819767616571,0.008670714182615225,0.010315134539934379,0.009834254341079207,0.008262196718215264,0.0033332491406894427,0.008353260058443945,0.006913075249811218,0.003663758901179648
2019-08-23,-0.023227884684005384,-0.023441680793178987,-0.02411480457770232,-0.036885765398861015,-0.030667924633984822,-0.0128848641997098,-0.009472947449950087,-0.030728302699629784,-0.024834600781699412,-0.03505747939938164,-0.023342352233168162,-0.026340738443206724,-0.035940434562190426,-0.03406383947419811,-0.021133599940717618
2019-08-26,0.01220036258083268,0.011240266828718593,0.012061167842363218,0.006538642476195289,0.012429061799230867,0.01298803233742718,0.01619171290865329,0.017584082235429843,0.008017546048089574,0.0056066502335798685,0.021103499214639276,0.008205425958212054,0.006066301925597761,0.0024602705837908356,0.006673187479037557
2019-08-27,0.0006129049647414231,-0.006405495529915761,-0.005619695195885788,-0.006580446065999945,-0.016900456443023515,0.0020616138772397985,0.007361215098638185,-0.007913840498762426,-0.010573688752021582,-0.0218554682325528,-0.009213096132526077,0.00024172312017523012,-0.016580939614295076,-0.014998953803997295,-0.004874026718598934
2019-08-28,0.0028582570478297153,-0.005498595422278152,-0.002143549488443308,0.011380073115422107,0.011352599810098951,0.00945176038708162,-0.002127580712978916,0.011864646336826157,0.010024774062016517,-0.003420308811415529,0.014827701977272012,0.01957610713137181,0.001277092384919909,0.016888456200742752,0.010579918713329972
2019-08-29,0.009772082660989279,0.0001903216767331628,0.0030420040074883303,0.013855076207516914,0.024695471905662902,0.0023563526177874383,-0.000324384117108778,0.021438815888805918,0.022658830129220098,0.009609094733247003,0.022536095101900466,0.01374867343012287,0.01454292799545831,0.028042387515329725,0.015703733842446166
2019-08-30,0.011693514510016323,-0.008005836233626273,0.0016628118034693884,-0.00306452471653218,0.007041988909260333,-0.006926590498018581,0.007418038403345539,0.0023102531977430285,0.005859923040637982,0.0038523283225200267,0.004843914930473092,0.004910318436500916,0.007041151832968051,0.01350634549388774,0.00572633884764695
2019-09-03,0.003985578458920447,0.006917851999930891,0.0014652035775817307,-0.023012431274288425,-0.014452006872668788,0.014589553713191483,0.0021630000885728418,-0.024226106589436136,-0.011833103587511329,-0.00835222683888559,-0.012051183768862272,-0.016830920568458696,-0.018104809774773467,-0.008100507995538409,-0.012715787489626762
2019-09-04,0.00813831349674432,0.038167963556592355,0.013262988266467213,0.006802732694097147,0.013560274835398234,0.008135487605861025,0.015154210072838348,0.013871099345441618,0.012066868929857755,0.012747229936458826,0.013173599044809636,0.014279086782532424,0.012843665758895284,0.01870415486798338,0.008458411345971584
2019-09-05,0.006693842090114366,0.005147055303718506,0.004619838275953914,0.019172406567110833,0.03204723622762162,0.004879892097697347,0.0005430775691424028,0.026371865805519867,0.022754368731410013,0.03281663870012097,0.022634500040179972,0.023255588313264797,0.028499573351114194,0.024567121134978054,0.015440012605204778
2019-09-06,0.008605711550672135,0.00310894794655292,0.008909716014801505,-0.003977699996016604,-0.00557728631339538,0.0024899040793286975,0.008544830678333115,0.0007730542858774836,0.0021356550460092105,0.006093739909228679,-0.0068282510467617685,0.0012160876873286153,0.003051952069025754,0.007067254798093003,0.0026279992834210564
2019-09-09,-0.009501431142169614,0.010209572985390825,0.004557898228857438,-0.002246626460948864,0.042746839735526176,-0.004781632125771207,-0.03031659954372168,0.02301970550395116,0.024775756414743944,0.003677335764152856,0.022048326027164,0.034695074794227176,0.024704641244335468,0.03007488453527074,0.028084712302865578
2019-09-10,-0.0021534889336893848,0.0016241957761511383,-0.0010395888596463898,-0.021764477399357718,0.0027618457997633516,-0.005865412914786816,-0.04708208070311015,0.01721863827802994,0.012738427827206023,0.02198244949012018,0.01090224551262109,0.011739691518510398,0.029809998426352013,0.020681143624053933,0.01730108216660331
2019-09-11,0.008435958733820303,0.019819786744711854,0.004447294891020359,0.005881762318197703,-0.0011596240711264638,0.002636292590146194,-0.013873367381428414,0.005426172425882614,0.002737897572171244,0.011598406579452325,0.00826077914425416,-0.013706586892036299,0.015107808956266844,0.019308496474071513,0.0016111680826844665
2019-09-12,0.001362149150390568,0.0028268769144601524,0.004050869153487735,0.008644066860032273,0.005805485403671762,0.0022536768282530595,0.01382165644549982,0.008948220435466281,0.006144077663101877,-0.0020844405984058456,0.008648060981184313,0.008602754424122061,0.0022722692838521574,0.00725021281934457,-0.00393209592473287
2019-09-13,0.005828705560454228,0.009337683744770953,-0.007224776071393935,0.0015124044132737158,0.015728537370543583,-0.007058442209497251,0.00204497371045953,0.005303361439471743,0.01967608139965349,0.010444977544202594,0.018953034659378698,0.015382483667993663,0.018136511722452342,0.012769689243920856,0.006280585241935643
2019-09-16,0.002704305815099728,-0.011409596673676248,0.005387033949652231,-0.013087196712673888,-0.007955457103019259,-0.0026418829006329414,0.0058309825157629724,-0.012187564267438389,-0.008899879323799875,-0.0169526529051357,-0.009078913177045789,0.008759267193122477,-0.008015838731422642,-0.0004585956025326965,-0.0039232530196212645
2019-09-17,0.010209746741160597,0.013494347858423295,0.014664512062461554,0.011985704047926093,-0.0050122160479965094,0.007379317490328496,0.03734291026924508,-0.006030774586350818,-0.004951335450273597,-0.002523826502100035,-0.012066725056030903,-0.008968095409310317,-0.009090954486888236,-0.011238529367634587,0.0007162779374232375
2019-09-18,0.003241869544968079,0.009986006251740065,0.000463316443970907,-0.0026039267521577036,0.008779557765355772,-0.001439804303670189,0.006705963970493833,0.005418886640582432,0.010036395361201933,0.008855337503776095,0.0033928259498225977,0.01407681481977896,0.010080215714551422,0.002783832957149457,0.0001788499227983742
2019-09-19,-0.0009504149638362991,0.004162920831216166,0.0034262083189666726,-0.008000647137048622,-0.005136254553600561,-0.0015120437811383391,-0.019521513571507998,-0.008521835655403875,-0.0031731799132762584,0.00020886624127514075,-0.0076645504830049616,-0.0014166761389999838,-0.0019060716974514946,-0.007171093343738222,-0.0019673628474614624
2019-09-20,-0.011225103671802739,-0.0076005648510641954,-0.004060390674311298,-0.008404694268653756,-0.005449855313975904,-0.005173499752556432,-0.003774557294189851,-0.006923020087816201,-0.004020499676136713,-0.008775574867684544,-0.007950871346655286,-0.0008508632597815646,0.0007861224036960213,-0.0032618394368623127,-0.006451692052807045
2019-09-23,0.007312035180530252,-0.002610942726116172,0.0045403468718900886,0.012328628196054181,0.002884187788070758,0.00019037029930446536,0.005351662484913922,-0.0013100413317997939,-0.00016835186235863997,0.006113119991548732,-0.002519119582568785,0.0022714819378524265,0.006511053532865629,-0.004674921511361063,0.0043288427705920896
2019-09-24,0.0013367424975574416,-0.005235555186964946,-0.0059959274533792906,-0.0005919703705149493,-0.02372395665879179,0.007164764169310667,0.002967849083513663,-0.02674973781126877,-0.013038511844096212,-0.008380591658545766,-0.023416161109794498,-0.006586483191396764,-0.005353489917098719,-0.018553704071046506,-0.006285949744881836
2019-09-25,-0.004768956733794183,-0.008245677923366057,-0.0009277656215805896,0.008039309231888447,0.021796733554616754,-0.00031436107421056736,0.0017378320881489273,0.0109748189125638,0.005710588327944244,0.00084515211721925,0.011754177273060273,0.0002849336816681536,0.006615884328315946,0.00023964069589976766,0.007409959856177206
2019-09-26,-0.004983615428295174,-0.011498404178116761,0.004179528603087901,-0.0017628615734704978,-0.0038917173432375662,0.010517139563004374,0.012706397119994106,-0.008617999582120506,-0.00822036166065998,-0.006121950231436246,-0.009758727638625508,-0.001496578304514995,-0.00033412642018837424,-0.021770496314571397,-0.0030496355358335947
2019-09-27,-0.00038544829212461273,0.005010795898095388,-0.002589913150150114,-0.002691494546814832,0.005064505096194161,0.0003112929396709152,-0.009722779247484215,0.003601989242001613,0.005895717573651593,0.005947070611848071,0.005161921134891667,0.002070081434000004,0.004680058924580566,0.01271708334982713,0.005077067990936879
2019-09-30,0.00828682519889301,-0.008191042071563959,0.007882838409238202,-0.002613816260559454,-0.005470550973407984,0.005794254973663149,-0.011922188270280243,-0.008326537131545075,-0.00025470735625798824,-0.004222678263214985,-0.003968303377862026,-0.0016385949419190915,-0.002329008639117558,0.010142546336620706,-0.0016235601536811473
2019-10-01,-0.014908068685443254,-0.023877567000151756,-0.013893920621526168,-0.013358188670156035,-0.013462874876005948,-0.01740598666999693,-0.0029335490722459667,-0.021907888831723232,-0.01818321581070592,-0.023960972055747987,-0.03023198107927727,-0.021118535979973263,-0.029683169286755073,-0.09729875114052122,-0.028189519500387283
2019-10-02,-0.018626486945026888,-0.016553429652269025,-0.014556326795597152,-0.03290492567801251,-0.02773284262437614,-0.01147336467333493,-0.013667251775412725,-0.021905461595205566,-0.019904874146649765,-0.03562903151317098,-0.02779108025190613,-0.010933159487931166,-0.025206254239005577,-0.03310387966865502,-0.016734756406539875
2019-10-03,0.011862444595176935,-0.004862286754013456,0.00037883058758803045,0.0010674991757841923,0.0066402234866711485,-0.0022959269573656904,0.007649999650203521,-0.005094589141835804,-0.0014240839874741784,0.0038298729439543155,0.0004971544741203537,0.007590379096957589,0.005406539900559171,-0.03861933941400619,0.003214822431157449
2019-10-04,0.01797561588943397,0.02292795853398366,0.02659701262259384,0.01652592928293295,0.02218910125416884,0.03585807744915859,0.031466362628401745,0.01804901359072897,0.021659709975561325,0.01907544142152906,0.013167636537250615,0.027353294135860295,0.021159723933550367,0.01623904043841362,0.019604344461961576
2019-10-07,-0.002878637760586722,-0.014697754204658464,-0.009219758529662392,-0.006642731453090689,-0.0004400237022306186,-0.014808795849782341,-0.012452378067660197,-0.0019918999922939884,-0.0021810434103390897,-0.010129819758857295,-0.002452246876264663,-0.003701871130132206,-0.004121655328537588,-0.006167331823078603,-0.002958343327736479
2019-10-08,-0.017517163942628255,-0.0225622895662827,-0.014517043072839075,-0.009767121699711057,-0.025678660793874597,-0.02618094456849618,-0.005578385153387377,-0.015119793994612385,-0.02229637138330587,-0.024916576494275033,-0.02114047026450161,-0.026938147392015277,-0.023450506964825202,-0.006206018931687374,-0.028740771521052588
2019-10-09,0.009012549434972872,0.011827592336331794,0.006326683796331389,0.012262467144988243,0.015512275684570476,0.008490228756792506,0.014094426545478322,-0.0026347877626130556,0.0072439852958203765,0.012320043734761699,0.015570117570130382,0.0027902233700609624,0.013066488012406063,0.012489130553472005,0.0043905851374239635
2019-10-10,0.011067888250273716,0.019230889475426505,0.005348363485561558,0.009655960093669202,0.017647736281765747,-0.008992742657116137,0.0035329404243360507,0.015341455305176721,0.014028071382562457,0.013297105781207463,0.015084061029603246,0.01362048685563999,0.018707784509362835,0.013176461713628296,0.007793529202412719
2019-10-11,0.007105731895478806,0.0066592242958782855,0.007373474679905678,0.011997922924031679,0.021568029795065558,-0.0018662006264009712,-0.014174087465274043,0.024065965531979705,0.016898717693110576,0.01957304091479073,0.021436682510724392,0.014303971638150781,0.019961001648387766,0.03154381357308478,0.008487365008620129
2019-10-14,0.0013349630975669768,-0.003858774029681933,0.0027800738523688917,-8.585265566585232e-05,0.001997109028646138,0.0021918501007913704,-0.0022552767795868123,0.005569715108399986,0.002669457318830837,-0.0019631662132705285,0.007632083865223294,0.0008550593882190594,-0.000894410528850309,0.011802647588636805,-0.003927392498309534
2019-10-15,0.006094136630019342,0.008669969927388,-0.0014785568749257072,0.01031014358944704,0.013952037849968013,-0.001479264088234622,0.0010362942163846256,0.0031093936730084426,0.030141628222779104,0.009617421447404961,0.006627058868482916,0.009607180668540716,0.0068278986198200275,0.05355279681857161,0.009387931037765362
2019-10-16,-0.003217936990788983,-0.006217728852319082,-0.005367011818154688,-0.0015307004445291872,-0.024150113724995537,-0.0036081969571255534,-0.0026348109320056823,0.004649935875039812,-0.0023341265466785277,-0.004979797070015501,0.006113605263458721,0.005258662672779524,-0.005558875924036255,-0.018117735552831915,0.01506670230309548
2019-10-17,-0.0001897659229230797,-0.00515305068860894,0.0023258643775956322,0.014393931817493488,0.0014384922262027366,-0.01053992336996501,0.004716838434895676,-0.004628414046520368,0.00559836390608881,-0.0013052559758391924,0.015190368306143398,0.0084831568666357,-0.0007823770212872505,0.011020004135316341,0.0025657010872290886
2019-10-18,0.001139409312111761,-0.0016648691021774464,0.006218802502700127,-0.019647306552982857,0.0020115259748405556,-0.002156291764006224,0.0007510613229602114,0.0002905290389270121,0.0017449218722440651,0.00435709849639121,0.0050644817871103864,0.006028193626934186,0.0034680891362468547,0.012420886109674845,0.006580077112305904
2019-10-21,0.003604605803700256,0.010746805685668548,0.006641180584639361,0.019612905692211857,0.02968165010869983,0.003994880166382275,-0.03330651026813847,0.01321916848212612,0.024800676729765492,0.009544616643622161,0.030233664215011835,0.014004876993417348,0.013267844690306063,0.024035835486786894,0.020337681953723985
2019-10-22,-0.009073813161656119,-0.024014742376111342,-0.014936136894284635,-0.0036961588040895776,0.003481324231189298,-0.03131134272539238,-0.019653717680777616,0.0016725402399757616,0.010036605376892771,-0.0006446495790091156,0.008893075511803072,-0.0004808831700932048,0.003631515645071026,0.0004886826886880691,0.008186751522332836
2019-10-23,0.0009538599512683987,-0.0016905967340559158,0.006325562227119219,-0.01787350574637192,0.005412372122897802,0.011178907335437582,0.0010394929427766098,0.008206459119104448,0.002644428416718636,0.000860052757210017,0.011678886632571661,0.006255828481832815,0.003946929303517033,0.010997387430817573,-0.0012357929234207976
2019-10-24,0.0017153631494553068,-0.004703342394693166,0.0007396616692916247,-0.0006866480167203592,-0.0020701818494173185,0.006392855559907318,0.005043835371419725,-0.001277946951250164,-0.0007193454000641308,-0.005800083358698416,-0.0032670911537453495,-0.0052602900717790835,-0.003385442065827138,-0.00918527822959081,-0.004771862036088259
2019-10-25,0.01331812545575306,-0.0018903991050576163,-0.009421732608134614,0.015891962014327632,0.012032982839563111,-0.013102098376008953,-0.013727193455085884,0.015067473958800814,0.007997944833560977,0.0008643268699863871,0.013329995186714516,0.007348693537712059,0.005369087932846517,-0.0002442150971906365,0.007636183788114481
2019-10-28,0.004693994819674474,-0.004735034748483247,-0.005968241955186748,0.0027059767884696218,0.005740080829682581,-0.006034492278097159,0.000997901158402037,0.016431102184886193,0.0038088803701359364,0.010578419272931017,0.010136184427453232,0.007499745916563549,0.01493215548990423,0.012201323843996192,0.0049347953108989095
2019-10-29,0.0013082686983798553,-0.00856354238359125,0.015197048258364099,-0.009782562436381648,-0.006794563953356203,0.002630577995297534,0.001694333803909931,-0.000505389384098609,-0.0006326331764644477,-0.002776923556669142,-0.0002133471896471617,0.003518886910618857,-0.0012887742275919933,-0.012536095640143352,0.0056121224548117965
2019-10-30,-0.004106101715307009,0.009789323407979333,-0.030216050365044045,0.0055356350299342605,-0.0016416572263246998,0.03189123669527838,0.01975129902336037,-0.008408368665809962,-0.005536480857159076,-0.008354690230036321,-0.004733548399322829,-0.0036414983775375775,-0.007419518614024345,0.008300669635319169,-0.003836779482001118
2019-10-31,-0.0037479728562823666,0.006652609421474498,0.014006676511257421,-0.006690661639148665,-0.015211878188778671,-0.0061940757257390455,0.003805335963578127,-0.011259584108912812,-0.006442335300616442,0.01080117839726924,-0.004539324404307377,-0.007106251135017949,-0.012674489659406207,-0.014286083668521576,-0.0017507400302837484
2019-11-01,0.0084646431180464,0.01510571867070154,-0.0048863041494829895,0.01585913906800407,0.03489850508264336,-0.01299046177961527,-0.020607453704649337,0.018792551242363897,0.0230545172454093,0.010045068358044862,0.027795797208557405,0.01438282782075162,0.02007902779570414,0.026283489237167057,0.009821036460745614
2019-11-04,-0.0029842959287881277,0.02176348486178825,0.005571181951083748,0.004029020185013055,0.017741164997276293,-0.018080439367564982,-0.02228175991712822,0.011408298890378754,0.00798140660387614,0.016445696280351862,0.03169222868358634,0.008063765843596915,0.01645695401729319,0.0344667100444358,0.009725609809788205
2019-11-05,-0.009541830811348295,-0.0021846118600422626,-0.006103865946989306,-0.007105841738607066,-0.004258207980429307,0.007514369814252797,-0.00035566181151558407,-0.0055944218475740826,0.0021735896384951214,0.016600321249386374,-0.0016382249677996397,0.006799995921262347,-0.025926056496936356,0.004627036050044664,0.007740027445062747
2019-11-06,0.01435620810112015,0.012954016160276804,0.010487422421636028,0.007745882983822394,-0.005479264966384401,0.022508675369548037,0.008327247613017175,-0.0010059288427723967,0.0015492169156157143,0.004547020927681222,-0.0038972888701034325,0.00450230363020121,-0.016295408621596175,-0.00783010077577706,0.002901256132188612
2019-11-07,0.008379858805439788,0.0012603097750107928,0.007199782375347574,0.013284536441120265,0.018677894431655906,0.004863097159970797,0.0020647446801682623,0.02229612333559916,0.005413660107472573,0.009053662553861086,0.0020592148489622097,0.008964247496357602,0.014245891050850945,0.013749382119049969,0.005786502951450334
2019-11-08,-0.0001847933195471274,0.005756849324304536,0.004363321489514016,0.0015665263517554706,0.004089122879775253,-0.009220692749383863,-0.004170826316062359,-0.0017014900100779107,0.0029232465700155252,0.0057096658477937545,0.01006963911806813,-0.005683470541879565,0.011433208721283838,0.0009199429204105325,-0.003384257476374608
2019-11-11,-0.0020317737193598084,-0.009121898251912453,0.010999132979165438,-0.004692434228793396,-0.006831001287554983,-0.0012536198314656577,0.0024222155125519507,-0.017406212258317955,-0.003528301057040717,-0.0020275412109078683,-0.001220431023865709,0.001708200115915659,-0.006889859677054133,-0.00712002329098238,-0.0044144141817671345
2019-11-12,-0.001110390596906874,0.0001804108430525364,0.006856533484092209,-8.272602717174227e-05,-0.007010620057035677,0.0005281304350899241,0.014296335549426997,0.006300393994884024,-0.005849671454931538,0.007314152000769791,-0.0016296433023378354,-0.0010496286806739308,0.01149061564431797,0.005783033419421546,-0.0027282818862055525
2019-11-13,0.0031497983316131073,-0.01245266196967032,0.003995376758593627,-0.0052114131408180775,-0.015452291498285309,0.006010690706289568,0.015534257376256466,-0.004945153071461261,-0.005264720849554205,-0.006454260999128492,-0.012650709638514779,-0.00971733178027634,-0.005572929326291831,-0.015409674512570137,0.0022230156024640735
2019-11-14,0.0007388947416666625,-0.009685580614691491,0.0020801573828514996,0.005571240890833495,-0.0009472653341874304,-0.006302951205328089,0.006988528545471384,0.0005012011882834511,0.0009339019556440231,0.0008121203644404495,0.00454661507659071,-0.011934769007752921,0.0002155401526275913,0.013314803569108857,-0.000682354534911056
2019-11-15,0.004060630091707429,-0.0047981861912204105,0.0027075778752623236,-0.0014056493994174524,0.007583807817297172,-0.00039644016030815354,-0.008978352444921178,0.0037369314883950455,0.007231661586068139,-0.0006084993715427256,0.007817025470680194,0.012347376457913839,0.009051086389941343,0.022360380837936455,0.008878224147415903
2019-11-18,-0.0001839440783558688,0.004079668996638475,0.003690329585857466,-0.009108826362889677,0.0,0.010113233379718922,0.005534100437265543,-0.002360837852843911,0.008414872536352203,-0.003044446049787486,0.0008166285815605079,0.005634269990947516,-0.005445972896672813,-0.003833218907713931,0.007953908857127878
2019-11-19,-0.0007392176624092528,-0.013665966258768925,-0.004304477348020863,0.0028412050662460775,0.0056452553101151715,6.543777706213838e-05,0.004139154515921506,0.0014107797101108321,-0.00030622388691703417,0.0006106321978451845,0.006118713476277238,6.588997414680442e-05,0.0034355660959364265,0.004979819394935303,-0.0023506584082346738
2019-11-20,0.0009247056367507334,-0.00898705270688871,-0.0056741913491706875,-0.005833281516486655,-0.01216229568609406,-0.0020942051252312854,0.0022314114097403692,-0.009679894215125162,-0.0072751325063478145,-0.004272786311340204,-0.00466246625859279,0.00039550644571484384,-0.003637798362166378,0.007882750116528836,-0.005217098375875917
2019-11-21,-0.004803365925949432,-0.013602871311960474,-0.001811564988749348,-0.004191147193653433,-0.00013553772409091724,-0.016654318795500833,-0.0055654335086945395,0.001468480676388273,0.0023142541305718467,0.0006128782515162357,-0.005295095767263169,-0.0005930572186277905,0.004725194737876137,0.07329609179031249,0.006428736236543164
2019-11-22,0.0022276957659581598,0.0208773431832443,-0.001452125719811792,0.002188476626095337,0.013125935980635273,0.00773480975721319,0.006861816464559745,0.009393862057802016,0.006619022633269855,0.01286508989586288,0.00839463665705642,0.007647007176082132,0.014749519490014018,0.003539522399886197,0.00941318647228373
2019-11-25,0.005741819843308571,0.00018743373974383637,0.005452882324327835,0.012934456685601559,0.010818811332435452,-0.00767544167604628,-0.0004835644408101025,0.011212712537451708,0.005352126204908991,0.007056479115104208,0.014416228916876328,0.0035983870394069584,-0.0028740161575395717,0.023029225174066914,-0.003829959329584076
2019-11-26,0.007919094000421678,-0.0026257963269360474,0.017895951536134103,-0.006716097538609356,-0.002907382068734088,0.012002529136295514,-0.004497119362491864,-0.0013467322591347308,0.001368854959839183,-0.003603486728263716,-0.011008918787502542,-0.00332476525212555,0.0017081272398320468,-0.0014197021572389668,0.0016712960184861458
2019-11-27,0.001644292981805462,-0.005266443902025131,-0.0008920977929833818,0.00450797357602406,0.0034457895902804125,0.0020424934394771554,-0.023752355057933494,0.00224760742904051,0.0029618212544963995,0.002813007519862243,0.0074882998870098305,0.0026164052778510083,0.0009589757498149609,0.012185532451663095,0.004506129325869246
2019-11-29,0.00036464448223716417,-0.0043486040118719815,-0.005981040426248474,-0.0017454063872877068,-0.007923816264701622,-0.003945371233309181,0.008706833884443821,-0.0015785806078301157,-0.0022716704348086925,0.0,-0.00602652756360833,-0.000521623144788208,-0.0031940568454772444,-0.006822125721406946,-0.002657939509764562
2019-12-02,-0.03938706919488211,-0.018989720799384324,-0.0018858005997831606,-0.02380946603599232,-0.007987104614151086,-0.011222605893392412,0.0029102712699800026,-0.016760919597802793,-0.0022008971001264976,-0.011220562289237956,-0.008084089070420686,-0.008028298722815741,-0.007263274905688011,0.0014139991328532275,-0.0044977858197872145
2019-12-03,-0.018033772801293924,-0.00948513941766338,-0.015296263682579192,-0.005884435056026316,-0.015969042207756523,-0.0026705240525131124,0.003935064769669205,-0.02481125033788023,-0.012854708865355224,-0.020262899799502798,-0.019763611037288853,-0.014738710361080432,-0.027544698209391316,-0.01835763843627436,-0.01388893366593158
2019-12-04,0.011598919044835121,-0.0011723918542870804,0.006396143042407987,0.011752591416009706,0.012273075066416617,0.011246370749820489,0.0032329619849105207,0.01743296327810473,0.01972574106074476,0.006411503415756581,0.015173860455875987,0.01075220822924261,0.00420461085103474,0.007603667123703195,0.006448372411875347
2019-12-05,0.0074526258349147945,0.0005868395410739691,-0.0054474378410410695,0.0028829234675575854,0.006466672523301797,-0.005097303055527025,0.012941239522307635,0.0055569246187410215,0.005440735595896973,0.005548523830627872,0.00470885885548844,0.005615770041175638,0.002754188987763362,-0.005914602497527177,0.004889537886609618
2019-12-06,0.005121460218981522,0.014079086794206663,0.014241581626057043,0.019699026746739845,0.014723523852260723,0.01270879411001169,-0.007087150849361512,0.03440195381384248,0.01488049289621407,0.011649402918071816,0.014876906732346207,0.010578230060148464,0.014064297199847253,0.00430848572183673,0.009060303000297143
2019-12-09,0.0011321344008643486,-0.005399214029038535,0.001979992281413212,-0.0012437359222667865,-0.006331704951926143,0.005256124811044316,-0.001071734035108629,-0.012466135208561546,-0.0046651791947111,0.0014140310965555791,-0.0040161651375905105,-0.0007152740528320045,0.005526426440471743,0.0,-0.002327819977875123
2019-12-10,0.002073850878688388,-0.009693534540351156,-0.005210311906628018,0.003652687718221248,0.005973805708773483,-0.00026144321760701583,0.0005362483142401508,0.00031584787330962705,0.0006695584636551288,-0.005648329988122147,0.0014114062062389188,0.012361698372886254,-0.0037714493589057208,0.004903055324142258,-0.0008332678447845465
2019-12-11,-0.002069558922099368,-0.006895456224405794,-0.010384800958517793,-0.0021506011826446514,-0.003035103312422849,-0.006471967811431001,-0.0019012630157269061,-0.0031099951064242903,-0.002379527025728967,-0.004057839657864326,-0.004428976261672046,-0.0038558788800324706,-0.0003248559141488805,0.00833467417538225,-0.011676493489787831
2019-12-12,0.016022850470764904,0.012299432865703785,0.006935167497071237,0.01657831017247058,0.0198546561347539,0.011252110692454576,-0.0076694658101843505,0.021971948830440846,0.028618485626966228,0.029537722672428268,0.02507552872953034,0.025806430119823975,0.02304728590359617,0.029637329567118398,0.021941087280445082
2019-12-13,-0.013543711775194422,0.011169661382869123,-0.005890435161749252,0.01696023465339458,-0.008566121742652588,0.006246761611521601,0.0071380777688516694,-0.0046449233373461185,-0.00876679851571427,-0.003165831495554605,-0.008877228607699905,-0.0022640798634578907,-0.0043362444532116795,-0.021930690584983537,-0.004624198175759098
2019-12-16,-0.0018808113913049151,0.005813964170596098,-0.0007292598759218727,-0.008338591010950469,0.006807235159582925,0.00575508889711851,-0.006892220730323917,0.013511066580317976,0.0038738678556458073,0.0019849759226620023,0.009553762352877637,0.002269217553225955,0.003717537416894956,-0.004604440722803527,0.006470892759770752
2019-12-17,0.0007538433452169979,-0.002119258503956445,0.00209821317940162,0.010268234566607859,0.010791848274266824,0.004307719716247993,0.0019195226549970634,0.013638014372675311,0.006116248203845709,0.013668521228541453,0.0035488839153134943,0.008553306338479949,0.006773329321192012,-0.004626076568242099,0.00032939640136309123
2019-12-18,-0.003765703696928524,0.0034754406061767718,-0.0018207411574339138,-0.0055222136201450445,0.0023151475201839133,-0.010178921894714699,-0.015129834286998878,-0.0030284722046068913,-0.0010132439273585758,-0.0007812481085694989,-0.004714897060734802,-0.0019331389582302183,0.0014712918619783633,-0.01677096107822762,-0.00972305973914811
2019-12-19,0.001511907497367071,-0.000769664582607299,0.01422737729391721,0.004587209455065189,0.0035938188590194375,0.004159516890748449,0.02109831527462047,-0.0022128535170539143,-0.004998603102910559,-0.006454483136262623,0.003947801750379787,-0.003248835803400185,-0.010811266510951212,-0.009453528756290575,-0.0013310967263340245
2019-12-20,0.0028305892383078124,-0.007510096805535604,0.0033268098313201655,0.007530361309641576,0.003963962876471161,0.006731243679070076,-0.010746287987023928,-0.004392636671527006,-0.0008006036301432262,0.011023606833287403,-0.0033425329370994072,0.0018179371961235535,0.003183552945809076,-0.0016596958802564954,-0.00399945759183451
2019-12-23,-0.011290482646605704,-0.011059224113812438,-0.006273470536232728,-0.010177454910569317,0.0031844510013467886,-0.008614917417065104,0.0037526796455127354,0.0006990525032901651,-0.0002917852085655426,-0.007204124499042286,0.0005917228127074736,-0.0018146382976648168,-0.002750376421996048,0.012261073758160546,-0.0031788735836411064
2019-12-24,0.004187194844224251,-0.0005888393160429217,0.002615373357218287,0.0020083764073202115,-0.0021585846728991998,-0.0016865230134458509,0.00039382981729096933,0.0035792203722935234,0.002769840514069921,0.0,-0.0005913728838813359,0.005579009668528645,-0.004984968219546304,0.0,0.0015107275012824495
2019-12-26,-0.00265361438811762,-0.0062817286944428785,0.003867760347556759,0.0053710836446487775,0.015777967506818147,0.0052621660424996275,0.0024392417046996684,0.005654518997639801,0.010611697965908773,0.004903261231259393,0.008285690650603916,0.00455014647681895,0.0021320585164046335,-0.00287420775951841,0.008044153115227326
2019-12-27,0.0,0.008889647963697511,0.0024195689069952397,-0.0017542570016388925,-0.0020041057048567623,0.006914494463982512,0.007102002797499063,-0.0023789457651545165,0.0007193631413429102,-0.008001639588016363,-0.0003911485117655822,-0.002109571735112281,-0.00840329703741316,-0.004735437406963694,-0.006982634531825016
2019-12-30,0.002280529819406407,-0.0013706495358311033,-0.0008937730862519366,-0.007109117445951552,-0.002008251112575077,-0.0032732434495281737,-0.017753338236192517,-0.0037282534596112527,-0.0036650976728351825,-0.0025576797321902323,-0.00254460649890742,-0.004912504253902883,-0.0036475654887573317,-0.010757168702524744,-0.0023606052418677637
2019-12-31,0.0030334768044233407,0.006470767882513773,0.006083747330167588,0.001528398819837351,0.004779322931876218,0.002253549871390481,0.007731963328408087,0.0005657379451118327,0.0055540598140866315,0.00532536409880402,0.0031395017966999728,-0.0024374787967229583,0.009259638192493203,-0.005436896706756511,0.0020281514603806006
2020-01-02,0.00850672319044099,0.008376966666279628,0.0032905215964638135,0.014428561958208075,0.016773094420734047,0.0023127406753089552,0.005629746326450968,0.01909269293935245,0.012123383402605992,0.012752527471541208,0.017996921098121454,0.004635836446982067,0.011734674591729055,0.014087559047796683,-0.0015178861948776934
2020-01-03,-0.006935279417107143,-0.007727960036954196,8.84194378134584e-05,-0.009932486104793359,-0.018835401003405305,-0.0015381973029350293,0.013376203114898955,-0.011693559791697616,-0.013196420022620448,-0.010267251103942665,-0.016141404134433657,-0.009602759225866841,-0.016659845310898147,-0.025295675380978877,-0.011655640245095134
2020-01-06,-0.002831123360672483,0.0007789816647476577,0.0029250826767059923,-0.004333966521823718,-0.0031370243257917707,0.008216827321354758,0.004106548907202523,0.01023429288732336,-0.0007949844957366725,-0.0027400487407853724,-0.003515429796683067,-0.0020148194676732345,0.0024660908194735764,0.00701964960278012,-0.013672640152456061
2020-01-07,-0.009464492152237214,-0.005642035359249342,-0.00857216640943348,-0.005239184982965273,-0.008684470931294097,-0.01999259660956565,-0.0019475792259233682,0.006582532854565004,-0.017000726706840608,0.006673208606294612,-0.0019600187039265915,-0.007885989853687492,-0.0010697355235691486,0.0059148619032560745,-0.009530521764421485
2020-01-08,0.0030575006722739495,0.0117393163529389,0.0027632224193987476,0.01725945945582441,0.007618275152648124,-0.006821593443173568,0.005414942383762389,0.009639580156412642,0.007800944132958065,0.010528208967065078,0.012764773450390177,0.01036499525836554,0.0064248265969424345,0.006089905939792972,-0.002099294008349739
2020-01-09,0.0001906284757526855,0.011022865712850383,0.011377749403074233,0.018081898415228448,0.009072094901459549,0.0070647390716211955,0.011499229101693986,0.020356604322636862,0.0036512677582443143,0.010418704466661488,0.009501975092395032,0.012083985631664573,0.007553986792089962,0.004174573021856753,0.0003508390392852334
2020-01-10,-0.008190520575559357,-0.00478170749262552,-0.0029004246759665175,-0.004146809147108854,-0.010364350224488117,-0.019226879460419455,-0.016213231754284574,-0.0020197807858923778,-0.009967626056697654,0.0019095491651590635,0.0028812953301615707,-0.01392965745638508,-0.0030620734884031497,-0.00644360149161971,-0.0068353003280319236
2020-01-13,0.008258159198389903,0.011339372483687438,0.009079083713303238,0.009899332283272777,0.01766545939790265,-0.0005963196703132612,-0.004632206653036208,0.012803988499072272,0.00830414498541776,0.0020965188723931494,0.010917304284893126,0.005486523438027913,0.006990724375798063,0.004602422338612966,0.0007058152961767483
2020-01-14,-0.005714441508361756,-0.0053211003507018795,-0.005940042518346456,0.0020227626327755655,0.015623500551035896,-0.0009276517824742259,-0.0028411715125049586,0.001835104226543649,0.011662034089429563,-0.007417569546624203,0.0015158880190431212,0.002759823944204154,-0.0014725591017096251,-0.006455679003969483,-0.0021159524169485078
2020-01-15,0.001915761342254907,-0.01069921811117025,0.004042208587574203,0.007919434269791026,-0.008180222188485242,0.0035154616206358735,0.007122926183200651,-0.0018317427876122228,-0.014985558230344642,-0.006514568170661317,0.0015131504133731877,-0.03627720113667443,-0.0064260164308393986,-0.012366264660077397,-0.02862686284606264
2020-01-16,0.009368999035355596,0.011201260952708791,0.016541200646400744,0.0056232331506611555,-0.0029538354865517036,0.009055490608020689,0.010438535323590958,0.018392416525618627,0.0038765070217978703,0.006750174440387058,0.06611261230924259,-0.002026726074806029,0.011344329838695266,0.03989817671333107,0.004002174961692306
2020-01-17,0.011933888479492838,0.010313164587194557,0.012053426587518956,0.007429825155830017,0.0014809959465851286,0.0067470762798576,-0.001399802288453933,-0.0010412900128228264,0.006921645458459524,0.007854485588654203,0.018958236279121632,0.004848435772624837,0.017926727987452207,-0.013469556692649376,0.002899061820867299
2020-01-21,-0.010857271087636233,-0.023251364240820527,0.0021269197760047653,-0.007527227754010046,-0.015039077806513257,-0.00618131603865002,0.0,-0.015072314216611926,-0.009840865042987978,-0.01615658095475725,-0.027647283528608346,-0.011150417579468552,-0.016581055621726848,0.002275764828509441,-0.016802353730248965
2020-01-22,-0.005866615695065636,0.01141864025503403,-0.0012735492056195064,0.007354479222761778,0.002503012053276299,0.007136460216618179,0.0033355039377898077,0.005494332654225165,-0.0011692514125886122,0.002704672434167499,-0.0010727620732861043,0.004022368911296814,0.004817111896340265,0.009906875251628255,0.00955542791137809
2020-01-23,0.0005711093272873224,-0.012437903564738173,0.004249921229059872,-0.0009126376648593837,-0.0037458353969329616,-0.01131135243070236,0.0033246986681938484,-0.0059501270424366925,-0.0010245332436679133,-0.0019265666424970185,-0.005907869675270128,0.0029555334354882667,-0.004377273896709277,-0.010422909929862056,-0.001091923441101983
2020-01-24,-0.0032342403968914635,-0.010656882702385406,0.0011003123632713496,0.028469351173188384,-0.0172928290365556,-0.0005261295649598985,0.004802169824703384,-0.01490361950316299,-0.024827623688810863,-0.010231846739105377,-0.017648131337850592,-0.01525767897589636,-0.02104057048749597,-0.026228722444161412,-0.018950481045803658
2020-01-27,-0.010689250830351216,-0.018213801311059097,-0.014372978150470783,-0.03308422582337878,-0.021805462469420833,-0.010722643005345533,0.017921978328448107,-0.01562484966784261,-0.008411380381812439,-0.02301515564653267,-0.02639762222055031,-0.012302384500927244,-0.03389609050592113,-0.02948058158264777,-0.005572283481412921
2020-01-28,0.01041863361627482,0.005585313253138935,0.008235052694435918,0.013854991972627184,0.0069089257760888145,0.0038569144078022255,0.001032776432892124,0.018644715263964384,0.018177243307281543,0.009183105247567491,0.0171343289006729,0.007809875937968558,0.018262035682656164,0.011800557869845019,0.005976905746971184
2020-01-29,0.00019097987365945812,-0.0011902243622179398,0.006976141328410845,-0.005813708323973876,-0.009839316111412533,-0.0004640331238617845,0.0017355764112383376,-0.010141337688570728,-0.0014876825017630102,-0.0011866223575525137,-0.006294269251410967,-0.00734824619635166,-0.000978401178329702,-0.007559178410575518,-0.0048272954750882
2020-01-30,0.012600386190726898,0.018868034494334607,0.01284237220537432,0.011695347328894101,0.012421299882241055,0.02153896043036929,0.02434664750848836,0.016700068134851254,0.012366938908058511,0.015646464899072843,0.009188004404823813,0.01595009561453886,0.013056450611395709,0.02698572778941677,0.012126872155335366
2020-01-31,-0.02771510470296845,-0.020272899096822283,-0.011178002016559052,-0.025146502290898987,-0.03263103427106384,-0.013948281448607047,-0.007632846398015425,-0.02613364257976325,-0.025976998909828186,-0.030616188174419356,-0.02898533302314077,-0.015964562312699604,-0.022017229902867252,-0.03475316754101632,-0.01898615944602522
2020-02-03,0.008532256692122875,0.017907095271621376,0.00430269191553756,0.008701141071029372,0.009676171762352581,0.008158594576699985,-0.01169948403960841,0.005299683005493883,0.007630821101298757,0.008524451509334119,0.006505954409866899,0.006664158702448075,0.00483248953630766,0.002854245034444647,0.008831348097842362
2020-02-04,0.0030762260591410406,-0.009968679219275689,0.007559491634792526,0.0064885684300923785,0.018234895393396844,0.006982753116944185,0.004520639549224104,0.012258859414994383,0.014396006178413856,0.010263600736987843,0.026995894999268577,0.007489862650931878,0.022185421176584397,0.03064801472803258,0.009871477164936193
2020-02-05,0.02127651730278024,0.03613008391829409,0.039349859044992996,0.013272326307441906,0.030718852097146865,0.0714841663503929,-0.009789245035328964,0.009754488000823125,0.0170006995838774,0.02649416443699404,0.017956556950533775,0.020774938212158478,0.02255942506500741,0.02570070763670551,0.01807427204807799
2020-02-06,-0.010134926104499287,0.017720972344987596,-0.00625632306780155,-0.0026196336861088465,0.0015218552884972425,-0.012762428020173688,-0.0037481506530447906,-0.010151470213679903,0.0001453844396452908,0.006598075785765767,0.0003636340551418371,-0.006112264658601152,-0.0032408018138431194,-0.009525963470972232,-0.007246115097310435
2020-02-07,0.003602481637953625,0.0009362263821763861,0.004358585792866521,-0.010731887658534722,-0.003545337246585567,-0.0030019697061920425,0.0026807118179943412,-0.0157968501964173,-0.0031974653385976604,-0.005591004644572739,0.0003637557155720117,0.0032712717279992365,-0.006923596692974154,-0.010871521848458188,-0.003284597970463321
2020-02-10,-0.003589550348733872,0.012719620779310326,-0.003857867061062059,0.0031865503462993328,-0.0026686763415202375,0.0038099642375233334,0.0007973101081213407,-0.0026889019301818973,0.004155448921019822,0.005816086487860472,0.005814760963471111,0.003325745622205112,0.0023237666615250063,-0.01141402802446645,0.0003660146333959169
2020-02-11,0.003791952020739009,0.0060957284787872545,0.009278039233664659,0.0029491866203046335,0.007772562607094136,0.004836151025354729,-0.008061188895828963,-0.0037918889537056355,0.001887478413669763,0.009830346843540338,0.007768629068228616,0.006044559060937038,0.010327809416729838,0.01924310995288958,0.005307527763076525
2020-02-12,-0.010200185527048267,-0.0034886085009790957,-0.010551462390168687,0.004599113841035729,0.003034231806647414,-0.0015229379990787661,-0.018946338942504748,0.009261454338749697,0.0,0.0015272958498171452,0.007171350380130059,0.0027134358367444378,0.0008344088247076442,0.0025170904848041964,-0.0021846107935683534
2020-02-13,0.0011451378335358697,-0.06171687718505037,0.008967482774158153,0.009156429082971762,-0.004159613858528255,0.005735578836244981,0.0032267772763738822,-0.0012569574527012684,-0.0008693206716487989,-0.0017153288547691048,-0.004450055908430839,0.0007086407443133158,-0.003960193497552056,-0.006721150673052678,0.006750508311172521
2020-02-14,0.006671889423082611,-0.04810531200512003,0.0054449920657158035,0.010486441080195696,-0.002658083602270711,-0.0016380310211093763,0.023138479037984272,-0.005328087568041706,-0.0030463223914433124,-0.0019093260801121836,-0.0016091011794665544,-0.007661522791315045,0.00010606099248589018,-0.0012686880278407475,-0.00126855237317558
2020-02-18,-0.012373785733869491,0.0109326642865617,-0.010113978109161148,-0.001987177228002013,-0.015357475580225044,-0.006441309145568619,0.0011261843329686272,-0.016323720056280022,-0.013240120973942449,-0.008607274449509372,-0.0057307473978238654,-0.017777353096808945,-0.013759729698972656,-0.010586389782978434,-0.012520575984132476
2020-02-19,-0.006361145632268639,0.00816130492447309,-0.00032201623724237294,0.009808051478897628,0.0060582423826089915,0.004342403491035762,-0.0275111910684952,0.017666643556383033,0.013638952268750115,-0.0007718530496031439,0.014229112487152085,0.012946640245134367,-0.0008587537465822859,0.01519341443427491,0.006064074930688612
2020-02-20,-0.0011638898450114787,0.007893125837181492,-0.006437955279369856,-0.0025558054390231177,0.0021780955382879608,-0.006455346890395175,0.007229228426028689,-0.01938250789658702,0.0,0.009461158504291634,-0.0454622479182758,0.0073689164993178125,0.007304483562717401,0.024030263595515855,0.0009133698196974738
2020-02-21,0.0007770035297840483,-0.024096338576388376,0.001296107363803145,-0.012300576739352143,-0.022756318389299923,0.0036777479626779463,-0.0008135202297739896,-0.009066108107109394,-0.012218998564298866,-0.02008379093692414,-0.024744630456844274,-0.004401890333963432,-0.01258294208170574,-0.04919695847178518,-0.00456213046779963
2020-02-24,-0.044634639867963566,-0.05967073238815679,-0.024915140864148144,-0.04974043813000295,-0.05115108595411877,-0.019908697076073567,0.002250594398341299,-0.026363702340777895,-0.026875635333924675,-0.03611188955589317,-0.052270329412337224,-0.032444818758808336,-0.051511882367019424,-0.051743075680125816,-0.02694772231024145
2020-02-25,-0.0310783507062814,-0.010065807638981128,-0.026796366955494588,-0.05686894852694924,-0.04274098633512213,-0.020437120903866735,-0.0046822288926723354,-0.03086296516188436,-0.04464319484178236,-0.036452200551945535,-0.033212411305289846,-0.05019822450523803,-0.042923653417519914,-0.05022810739111383,-0.04446109309351687
2020-02-26,-0.024109027287883,-0.0053048701140588905,-0.013468291345918093,-0.019851085795559054,-0.018003869716334275,0.005215797145030621,0.05693160420233623,-0.008409813024363055,0.0030096786373385864,-0.01387092906410703,-0.016447868275951905,-0.018607660262486725,-0.025458293733002124,-0.004327154458695026,-0.020899334536157
2020-02-27,-0.046186762655115454,-0.03533336349763283,-0.0502032574604504,-0.048016773249138445,-0.054707968735175805,-0.05011702475818569,-0.044463559340669034,-0.046760507387760275,-0.04161400000415483,-0.06457822167167726,-0.03873825975247758,-0.05832304284970624,-0.05371097817885628,0.011830221505169991,-0.043092945166469776
2020-02-28,-0.03490999781845083,-0.028795345154664198,-0.037758024946648594,-0.02552963780168449,-0.015360800880008352,-0.033841576417622976,-0.054993028649850006,-0.01795147572296074,-0.04333854857439445,-0.02665778170783817,-0.008368572674703145,-0.03230752784143753,-0.026702982165607736,-0.027678556763528483,-0.02272729680531904
2020-03-02,0.05694287323709668,0.016366115429108374,0.07049851481821867,0.035841041102372406,0.06508030090788042,0.04674864729631101,0.0532139375841163,0.04333288180438011,0.04659384959091484,0.043071738215771926,0.03220069913343271,0.049367126181837806,0.05447356935637093,0.03018447632979826,0.03703732210783928
2020-03-03,-0.04327667290259851,-0.031738524531525814,-0.030797940233027177,-0.05146254722769661,-0.037579326394223456,-0.03708575602506081,0.031852966148102846,-0.02883448544365086,-0.03752473260714673,-0.044659081045453686,-0.04475003454912885,-0.05390511279372934,-0.05656137995401678,-0.0876610031506968,-0.04277445976319161
2020-03-04,0.02815593277841777,0.025307513822398597,0.04862678614951865,0.07119712256129662,0.03597191566166691,0.03940337481334799,0.03498852307351208,0.026102305292877936,0.02470910097545742,0.029598397089538375,0.018918711518164155,0.031157579752034925,0.028111104166484102,-0.02976500918691949,0.012147613018886227
2020-03-05,-0.06666667332477172,-0.04442870945339017,-0.05283404167315198,-0.041140672345047924,-0.05787187197179233,-0.04639993274550147,-0.008093673369642618,-0.04766682343370232,-0.049061011417372735,-0.07323778519036828,-0.05857637009768113,-0.06731066500435945,-0.06362581244037213,-0.06350921300863976,-0.061722919003066146
2020-03-06,-0.01924008074616912,-0.06912670633453932,-0.012170219477107058,-0.024337356283318456,-0.03480862659220374,-0.000483123559987475,-0.02506537899314676,-0.029880796801111775,-0.05168037103154022,-0.03545037298895626,-0.0176096228503132,-0.05352540604726186,-0.033905272199872716,-0.019252773437198,-0.030379184093501932
2020-03-09,-0.07822428162910378,-0.13292806417812197,-0.10761627396211393,-0.09192534602116587,-0.1617168356402512,-0.06801515475535047,-0.04874437557227718,-0.1039147906427138,-0.13545530981091036,-0.16641132122207825,-0.10372858823496689,-0.13551600927005747,-0.16573573388430873,-0.1130970574456791,-0.1444054735696586
2020-03-10,0.04336264048690874,0.06888140413371113,0.03817601928726555,0.050971324028623144,0.08195467020263081,0.03059890719261582,0.010248409298347472,0.06677814428295181,0.07769691681074464,0.07225938493710604,0.0533330379202972,0.09407627529266982,0.07949877075546152,0.08820623163978114,0.06387656771532169
2020-03-11,-0.058133685917561295,-0.07527816130810205,-0.0653839268215044,-0.07666986921812458,-0.08618213317877621,-0.05614661234141627,-0.059562348448986335,-0.06758887673040115,-0.04707033465249155,-0.04911457309282863,-0.06658225506248683,-0.05646099433924856,-0.07793878053530212,-0.015482553298415858,-0.06288805450736701
2020-03-12,-0.14943164815440801,-0.20844870154769912,-0.09669080556404774,-0.1242397456754003,-0.1482575878751501,-0.11082332102226922,-0.11490644919749837,-0.12339288279086225,-0.08243043333905598,-0.1501501552607737,-0.15079997702358172,-0.07082602744975874,-0.2011383328345544,-0.12334267692976442,-0.12703645242365247
2020-03-13,0.10407395714376433,0.12425987944915406,0.10704065248048722,0.1923858371340761,0.17984312910107803,0.043858243072352865,0.05629378077826952,0.1758032072384903,0.18012540493669893,0.12826838716137146,0.19770053563781742,0.12943396307318045,0.14273352555052354,0.1913472829932985,0.17367921876356252
2020-03-16,-0.16431263660302453,-0.18421039458292043,-0.08397097600122283,-0.13785111362486513,-0.19298606919554584,-0.16773353372908717,-0.18389083916852833,-0.12705304648694515,-0.14964878096989853,-0.1606640984477984,-0.15600011493801325,-0.15900130182604555,-0.18083886236010127,-0.09772667197301199,-0.12210235334476094
2020-03-17,0.04001365632323228,-0.04301093413497681,0.03483155805449134,0.008268110574707777,-0.022820880555713963,0.0853877576587414,0.1176784585273778,0.025927748648056026,0.06111336812384138,0.06082119686567311,0.06761461058790985,0.06702219487885896,0.07889272966685135,0.10209441952279663,0.035308165567333516
2020-03-18,-0.16185717784211728,-0.15595504235618063,-0.14089167226772437,-0.14818653545046778,-0.09490677674774872,-0.09329595501954968,-0.13883832214344405,-0.11753957699139295,-0.10526858642522519,-0.00879361998887207,-0.08996752925631635,-0.0882293184235945,-0.012615117943909127,-0.037411185872979646,-0.021352064243640223
2020-03-19,0.06450335262879792,0.09691155892022363,-0.011383140826203064,0.045016831940311475,0.08811392008573349,-0.005350288043927676,0.08568241335760196,0.06763305618182724,0.016807320639150136,-0.048971083208257604,0.005528550782827324,0.05586672907936374,-0.03919399127209244,-0.018507163411537575,0.006363519240331961
2020-03-20,-0.006319711733085653,-0.06650471658248314,-0.010978624080956512,-0.038277214165681195,-0.039859161074925153,0.030752044061858053,0.02055095505648019,-0.07411835224610697,-0.021101381283805454,-0.09029806836810705,-0.04042690308670982,-0.031703232066850995,-0.047554829830949275,-0.03362656681873433,-0.019271059658151457
2020-03-23,-0.038907381773705674,0.0036400452974141295,-0.00866393780091368,-0.0696166362267524,-0.07015194781424638,-0.07246958418824423,-0.11912105812418394,-0.02485362209556763,-0.05353328642767963,-0.034865001088638436,-0.06268971154628289,-0.09889334245201375,-0.07193566069474244,-0.07317064732600143,-0.11175945723382308
2020-03-24,0.1331254406087734,0.18808291855038983,0.06404495293136736,0.21882228179532515,0.1489123534869925,0.0887475593115008,0.09115663210964975,0.1380300210753982,0.11894224177632551,0.1733956028836965,0.19453458129317203,0.11830300663934312,0.210351402172412,0.07789470432970447,0.07846532542813534
2020-03-25,0.2617654449263096,0.12167490265986403,0.06519492688599593,0.07281407974925247,0.029512956728458217,-0.007410238445798023,0.026730701846904736,0.009961216330738099,0.03731772162702929,0.077145760050493,0.023178648113958866,0.020736646244065904,0.08721318725693328,0.11230480918021479,0.026602281903701952
2020-03-26,-0.026136639149091367,0.06959541491967713,0.0783136608429773,0.03460116849696826,0.0993788472018522,0.0728880243416643,0.11840314673628782,0.06871657203080961,0.06966084428102648,0.09381319347826822,0.0506030496305645,0.11808763905612762,0.0589033969729118,-0.00029277852250986225,0.12956634340526052
2020-03-27,-0.010343485721041601,-0.07270083005076111,-0.011620429282301337,-0.04887943358309932,-0.04823976787722839,-0.007416215124052106,-0.02001853977961987,-0.04493617120996418,-0.07123932563513635,-0.051029568374165835,-0.047605625192706835,-0.0271082395931852,-0.029460113341219896,-0.016100634415080917,-0.011332337208276533
2020-03-30,0.02429330642651628,0.007839922207223182,0.06986200849141522,0.017355661999226113,0.006392236380464267,0.05193247036372961,0.015466745795727377,0.008083965637848411,0.026006856305966775,0.037576946859968485,0.02440464928016639,0.008389058384813852,0.013386121661761674,0.021421912897547912,0.014710050873502523
2020-03-31,-0.05570863673141635,-0.05678706482897489,-0.03074790765101576,-0.05162288139995175,-0.044464268619281544,-0.02060695837935822,-0.006207535494956562,-0.03151242235268947,-0.03711224236045274,-0.04558237519336228,-0.024110357185108122,-0.051995494101187756,-0.029953297571021498,-0.020681467820405586,-0.039587133248908724
2020-04-01,-0.06834119732123256,-0.10886571433587877,-0.05810553149618092,-0.09076024557347717,-0.08570778022842807,-0.06732909712945967,-0.03880600486746255,-0.060159322862981646,-0.06297942644258447,-0.08734052727822972,-0.06999998014942277,-0.08744259367337548,-0.09858088642053087,-0.01963112707627679,-0.07314985753553882
2020-04-02,-0.002194233915349786,-0.01665912436159034,-0.007059976771749077,-0.009688779051357677,0.018696673280510723,0.01689531808690048,0.014260213326973803,0.03193629842177281,0.03734012941489717,0.005376231695163769,0.07210646562799394,0.03869482501039245,-0.007872512295825196,0.04338578959149886,0.023175898455516597
2020-04-03,0.01822177438997663,-0.037176626583626304,0.001981166674414947,-0.039916848914490544,-0.044353718216643356,-0.029358728807884593,0.030669453275500747,-0.020009493611247264,-0.029557614396298337,-0.011764494932590575,-0.0014750605203203149,-0.061060204248465255,-0.011580557846623707,-0.02297177936348438,-0.045301428153609824
2020-04-06,0.08670183852961566,0.051808414528329516,0.08794816115392101,0.1395383937919643,0.09682610146344928,0.07722229751559584,0.05007483315656125,0.07690755370075708,0.06436670291205471,0.10497817714297542,0.09335293085534402,0.11879294819047903,0.06617493307835876,0.07380962535797275,0.10195547179171616
2020-04-07,0.01391264735706943,0.0808548524264463,-0.010585945307449829,0.04423500909493927,0.003161189358372507,0.011466124860239901,-0.03085920656897101,0.04923194025836186,0.013190027038039842,0.031015443119222885,-0.0018914652715305014,-0.004091571577644948,0.0594221134426387,-0.03159650539978076,0.002327991440773669
2020-04-08,0.05768685906916282,0.03740343588877115,0.05101033321456083,0.05138161656695983,0.07296955514323766,0.023029354495670784,0.023527609844892217,0.06589576524016683,0.04037963927671484,0.05984803785916082,0.06578239834701827,0.048251042096671304,0.0568573938618826,0.044361665576624354,0.03483284598341774
2020-04-09,0.00820742752577508,0.09987573756283208,0.03177374995374871,0.029756865228015128,0.0711702783379069,0.06683549745166317,0.050781873734998095,0.04125226273255156,0.08971349642823845,0.05945593731119114,0.0434344344337243,0.05949748333480742,0.06688466900275514,0.0013703627779926286,0.06732134772625908
2020-04-13,-0.02100835279600588,-0.03428776226833441,-0.023320520041970383,-0.04735303794405443,-0.015397568347157664,-0.02175485909767072,-0.03933530093347204,-0.02756997728363142,-0.04447217503051981,-0.03214851448490752,-0.036514267624149,-0.042307260472862485,-0.011924890727678661,-0.0484400715869876,-0.033114491318987804
2020-04-14,0.013412163214517658,0.005852367065388497,0.04530618601397918,-0.021476877984244802,-0.026992361824228817,0.024161668297857153,0.029505337610076454,-0.005301972438219393,-0.027396069040599436,0.0032050238988703406,0.0070744776432536405,-0.014757977841242886,0.010517158114586644,0.04141519110942493,-0.026909786905218613
2020-04-15,-0.05373191700742852,-0.06594261684838676,-0.0439280576958716,-0.05204177138270738,-0.056362838862885734,-0.04897970861176637,-0.016430271864663504,0.001627259404054282,-0.04931944888018591,-0.0569272157263806,-0.03662818920350819,-0.05990652817317932,-0.06978297600312933,-0.04253015965479945,-0.0689939856314733
2020-04-16,-0.019860388544438168,-0.03737539275415169,0.020318210981735696,-0.029120655661684314,-0.05459619511677816,-0.03905575396017169,0.012758308405828922,-0.008290654566908251,-0.0381098687097311,-0.04681257567232511,-0.0010418947004523504,-0.02044789444070383,-0.03906870466933532,-0.002018570487488658,-0.04650480641271004
2020-04-17,0.04109569559677051,0.056945600727335455,0.04993517992858032,0.07424714697434398,0.12166819771547055,0.061098675657241364,0.022845928103909063,0.03643306068612384,0.08988869282672596,0.06817467428549118,0.019029875036986166,0.12105159032207191,0.08035921764993925,0.03439300474229312,0.10320965906707014
2020-04-20,-0.00904582976484436,-0.030612196619454468,-0.02096843584165975,-0.03867708287785787,-0.03168334550055718,-0.03493571713421584,-0.03653025543239752,-0.01684034491447106,-0.036457214118543746,-0.015426660348915266,-0.018674501605063676,0.0103444749327668,-0.04151934948030955,0.0223527714009486,-0.02310336611564956
2020-04-21,-0.043153684878776244,-0.06315797970453729,-0.025603689710300914,-0.029639532894943033,-0.055441667290856755,-0.01962636125248174,-0.03574910596301384,-0.03652977736358465,-0.029004240511422474,-0.03348664980216942,-0.036756978908066285,-0.03461713044734527,-0.045345782353705344,-0.017764654078039732,-0.04437932548492096
2020-04-22,0.025440829389727915,0.00044954037076916364,0.018983167612818708,0.012512171599661448,0.01611743753483008,-0.05489842730114436,0.0076957144323681614,0.012484572725849352,0.003256579527781245,0.009535943057399798,0.02327453525000278,-0.0010099978295812218,0.03514197688619203,-0.0019475885329776066,0.01588741830174656
2020-04-23,-0.012122747403782608,0.017969629452563307,-0.024904564323285472,-0.0009690942718149076,0.0052081634317402425,-0.020146583901724635,-0.005072901255670725,-0.005284383717366614,0.0005593759591349112,0.004407957639354532,-0.00899199328139555,0.005359048001123412,-0.0069016501733801805,-0.006412088981851305,0.0036089379740298355
2020-04-24,0.0356735827498047,0.03044996308004322,0.02001007049345427,0.008610205637869184,0.015072869027308311,-0.0005765534861910115,0.02375643102733438,0.011139624325703146,0.014767164125135457,0.04388723852859777,0.013343854977703629,0.013074244044929184,0.047708508355405854,-0.00673382070403461,0.018879220624025805
2020-04-27,0.02700462539725801,0.035545904848462095,0.01626570462920962,0.022724749085257567,0.08027863367770505,0.02413007237796516,0.0275282305412905,0.03694911882258656,0.04310409591801845,0.033633346033296485,0.03529081213262675,0.04725499720499449,0.06238785814394743,0.04067777754076718,0.05529414407305411
2020-04-28,0.013952073029754652,0.0454923435757022,-0.012125246064621065,0.03679759653047787,0.013960648479258486,0.036421503356072416,-0.0182687980975067,0.018905687187557696,0.007080934180011544,0.02208021643286684,0.020859817253843893,0.004740027010533776,0.02345585721191612,0.006514591214412446,0.02146063286926614
2020-04-29,0.03704663041625178,0.07713587336075123,0.03908076566831409,0.08991926208574719,0.06460498770348133,0.015034722559730929,-0.015462684606698529,0.01614913870725121,0.02697053875686395,0.06537808223352437,0.025390112793008734,0.04717421660227106,0.0633142696139597,0.046116274370466614,0.04938581991349733
2020-04-30,-0.049757338870012435,-0.06610319955491972,-0.03874485819192108,-0.05066588474597811,-0.03382436711511716,-0.03622734584498544,-0.017963891462430936,-0.03478415459037765,-0.021459264088654506,-0.03735314876676554,-0.033341866084373284,-0.03892221834400045,-0.03287349642035897,-0.027584311027852082,-0.05096194975019597
2020-05-01,-0.016648711447703635,-0.06016548952423295,-0.0194654119395411,-0.032109574381585126,-0.05265335841152208,-0.05943880903629439,-0.02558810807541767,-0.034456288122866274,-0.026211554341412646,-0.03880267693404571,-0.02612199834068407,-0.03468662599960648,-0.045374488584967176,-0.03366894440672907,-0.042739884072380385
2020-05-04,-0.023757224457323534,0.007113095163145733,0.006015664827465628,-0.021965371933764022,-0.008787354994914343,-0.022147924637929917,-0.006276808550087054,-0.006041913776263397,-0.011903595024540081,-0.014417615788300031,-0.008072793865803729,-0.013207624058124923,-0.01108485646901114,-0.02249673028611754,-0.013451372067860512
2020-05-05,0.0047549388215129,0.041130212610842376,0.018038802376084018,0.004167441369857361,-0.025930866690841214,0.008254582216908224,0.03448043714739013,0.012895453725546124,-0.0015191637291133153,0.0026333540494019037,-0.0028885170861682186,-0.018108820743313325,-0.0022076975221854145,-0.020488149978999948,-0.026980160220501648
2020-05-06,-0.04565724704640772,-0.06983251007172298,-0.006558911773331233,-0.03158860634717897,-0.022753259556232197,-0.04902164234434836,-0.02694513093139772,-0.007739594948453887,-0.01880451484804524,-0.03793430998028413,-0.01790381827406995,-0.012728966189321289,-0.07880872129927918,-0.009455833389417023,-0.00983893558461768
2020-05-07,0.04638289057512113,0.0948091112194509,-0.006208152091560226,0.03250011102382033,0.03934804754418875,0.03926505332615049,0.027576623025102664,0.03052219089717445,0.01041301967624264,0.0593663980308603,0.04048259447038616,0.028324702849714,0.04804172629912973,0.0226810453819426,0.02981010647119353
2020-05-08,0.010872327107175783,0.08346395039090782,-0.000595050717725587,0.031938239845493044,0.03763451693530451,0.029902149200827788,0.017031540477228324,0.016838868461359624,0.01633623542669671,0.02264825652578306,0.032723646876744006,0.03692393405736638,0.03984483629900204,0.038100438124062386,0.01608198917300907
2020-05-11,-0.02344142080490974,-0.0036166516899985846,0.01041778508455482,-0.04659228244144864,-0.04857533546814374,-0.0011770339878433012,0.014542923253199724,-0.012028909467019844,-0.02944976647032649,-0.03549141143185153,-0.006237561973562178,-0.027706254818187337,-0.03272323445474279,-0.018350638675749376,-0.04028776092588726
2020-05-12,-0.0497036223102193,-0.03629779337574168,-0.04212474184250159,-0.02566536430274524,-0.03902858921801022,-0.0023569243968640796,-0.027094598498513922,-0.03248544727630209,-0.03267777657912885,-0.04710035807458113,-0.03540053361852302,-0.020760084269105583,-0.04890442668401118,-0.04241089341022142,-0.05097447975295566
2020-05-13,-0.04933139178191159,-0.059886847309525426,-0.05607400554907149,-0.06146226991033166,-0.04132241382644686,-0.03031781612420814,-0.006808700936605017,-0.030528451752085184,-0.034470837582063596,-0.049428456053788206,-0.03722021191111635,-0.03210005285760853,-0.05363045132041755,-0.03409086374356474,-0.06951029513457962
2020-05-14,0.02406977704023383,0.03205114865943215,0.019982778511756116,0.07407385078551965,0.035960772991564305,0.0034514144747817,0.014385715572504232,0.015424642813786527,0.0415325928738044,0.03444928915174161,0.02216800875354319,0.01084825488481056,0.03953241103132776,0.007541575282702606,0.058404147843803766
2020-05-15,0.007021061214334212,0.02756205798499578,0.015545033034964684,-0.018971197658526506,-0.00332867156480654,0.006474324464506909,0.003046275372694085,-0.01478915834926453,-0.0185098687737012,-0.003455957336757076,-0.013752738698452838,-0.006030135142435777,-0.008430029009448448,-0.025149768679808338,-0.01572013528649252
2020-05-18,0.05334932951640359,0.07480207404338235,0.03837308361776848,0.07528597000638704,0.08945603445471995,0.05879987800414588,0.026122609711876965,0.05824126526413309,0.05296847982338049,0.0535940787553606,0.08018213071005187,0.07002550724546519,0.07916095745852014,0.05067557512647647,0.07431530810760134
2020-05-19,-0.024368797736923797,-0.028822767489964263,-0.017871801363139705,-0.013007984060257938,-0.02715110601238968,-0.03142212541772149,-0.03250813880417902,-0.02226677190550297,-0.019679473861373253,-0.030820045559673548,-0.023585005620332167,-0.028156683640387814,-0.03746477109270141,-0.03566220688152544,-0.029429397018205683
2020-05-20,0.03479022602249171,0.014838925949786086,-0.002878833326712238,0.03976629901944562,0.02340760835977651,0.02528655590304374,0.005896844806245083,0.0203000361973964,0.029999246639343058,0.023772944613757563,0.04398689537889178,0.03233445730987383,0.02873762371936972,0.021218488861760587,0.0334476899265701
2020-05-21,0.0014367104536681108,0.02746064971789597,-0.029487166483130323,-0.009919636670827625,-0.010336589093226878,0.08096771667534819,-0.014600242585124268,-0.00738578042362803,-0.012701714006853937,0.009951610103655417,-0.018509576567421693,-0.011590035157108325,0.01962523098414315,-0.013950624690414193,-0.004234588497489367
2020-05-22,-0.004304137795223206,0.002776903227913019,0.0073299663702284246,-0.005565857765557181,-0.02000023144884877,0.034665593422205765,0.0034796701463368773,-0.0009435868793671309,-0.007762667245256316,-0.004478937563722973,-0.004218338276519629,0.013761173433135099,-0.005126524169865032,-0.011739776379500744,0.00030385404970334484
2020-05-26,0.04409237776710517,0.07338195576882023,-0.008120672640215432,0.055860156515978865,0.09229046493855053,0.011282065246990935,0.02052542036031202,0.08964572110111058,0.07097345750845063,0.08278356731648762,0.0887116737517335,0.04731856702239279,0.07427148077699353,0.050868192822853375,0.08806552490725483
2020-05-27,0.025945486794829886,0.01612353882114248,0.03912852506295228,0.07326138705780805,0.08490783924187051,0.03930024772187002,-0.03255312883603634,0.06936670993487781,0.05792125854987007,0.022991632757178415,0.07255673853163636,0.06425705123708769,0.0453191884150812,0.07507203734736545,0.049958335364145956
2020-05-28,-0.01452797699745878,-0.01237686609637434,0.011009232385427614,-0.031314891333538486,-0.059318933912619665,0.006017635831473411,0.022432365233710616,-0.040255612636698745,-0.014896061046747233,-0.012726827036708466,-0.05249665739431442,-0.006861263271210727,-0.021360572402650435,-0.029118355947337693,-0.029505992234036604
2020-05-29,-0.004368064710034925,-0.03406177141984468,-0.004579739228629309,-0.03049135053287022,-0.025427154861260348,-0.014307559217949462,0.01169060516487419,-0.01740270825813095,-0.02553593297928003,-0.012342069709646575,-0.004504593912630583,-0.015198502691894156,-0.014389854658823475,-0.0027768586507029847,-0.026019919806209213
2020-06-01,0.01370988456047395,0.016300580718060287,0.012882105061494453,0.0176708454748995,0.03214371435468655,-0.019517937339211366,-0.0015333216783777193,0.01750746027365202,0.013256916079206649,0.00999705286315189,0.011312077378601071,0.005524374265774679,-0.0013122846305825275,0.016708239830793392,0.031777245734183834
2020-06-02,0.007303346374255781,0.03076958887293002,-0.0007065753320334434,0.02397962478297755,0.028109159762932823,0.017899062987716707,-0.01941656078103171,0.02105726456930279,0.0033466524369589745,0.0005496633232122683,0.019686907118806385,0.0016569342548526933,0.0013140089843772795,0.01725562955522042,-0.0019080861438990349
2020-06-03,0.026047282459137344,0.05589070924523698,0.014242369475587546,0.06389406379334717,0.04917383242248774,0.03903045969250951,0.04183913343333412,0.03149795299413238,0.05397762956605967,0.040945272641849106,0.02917928318471552,0.0422253702399813,0.04511152412547381,0.06381291381774123,0.05625362925106381
2020-06-04,0.029311697027029293,0.05894741626830502,0.01444098017207085,0.010815786625940849,0.04330692552771609,0.06389852324485634,-0.009395264986872265,0.020183448465429965,0.020811449155845985,0.038543319798588715,0.03794514595202392,0.025143993872954518,0.027468357109233343,0.05492261646972607,0.03593579397558355
2020-06-05,0.030511002653779595,0.032661375587680785,0.035440724007428814,0.029941924643797524,0.05768206649530039,0.045640401951346554,0.04135281100004429,0.014430395444990252,0.045001856192762535,0.03558677073356886,0.017251930706092322,0.04326924162852852,0.057592400390598764,0.02735122222980091,0.0573992911135397
2020-06-08,0.0387364594442674,0.08470837925573194,0.014411611185923379,0.035906279763106896,0.04043485936804392,0.00021350108884354846,-0.0020300059202155163,0.01326184881155723,0.019958341687920322,0.055473949454002414,0.012518038516138752,0.024213213890058816,0.07944512633867018,-0.023353393875184758,0.02690570427233885
2020-06-09,-0.04513029994125217,-0.04310351064325246,-0.03533045158763615,-0.02823965336841061,-0.02841281781882732,-0.021393164918401264,0.0010476656829463415,-0.012272964268796316,-0.02564995438305695,-0.03372096649898182,0.004984706109441461,-0.037672591115637255,-0.03974306559010887,-0.03921591004947078,-0.03240612415907851
2020-06-10,-0.02761213701342924,-0.06836276278206133,-0.011917582826274087,-0.03892823584824456,-0.061176363688877244,-0.04873275295388535,-0.012558932456665839,-0.020999565070624726,-0.04052819660754392,-0.04933837176996103,-0.03392853301108423,-0.05753242328522934,-0.05406900400058412,-0.05126930424413201,-0.06603280802564848
2020-06-11,-0.08774644182155256,-0.10096688545389743,-0.07050377656977946,-0.07121322585645729,-0.13372713083899246,-0.07283536229193643,-0.07694736374760613,-0.09081122773436245,-0.08344336426897847,-0.09037950660557381,-0.08461674337434433,-0.09602269247640638,-0.11093086266939989,-0.051416301275040266,-0.08087506839951553
2020-06-12,0.027482261658567042,0.055928536898496084,0.009599853605998465,0.031237394876566293,0.07976834898512042,0.034996693917823674,0.0031003092497376983,0.0394067819211088,0.027363498617564375,0.04230477444929681,0.038366353033348455,0.03022972016146852,0.04656145375412635,0.011061928366321139,0.037908084538254005
2020-06-15,0.013100435103225339,0.004539892509728416,0.022257310218358528,0.022324761869125576,0.013971316750258644,0.02792606131760822,-0.0004009567781053658,0.022450215896731462,0.013817917145359848,0.016555064207551595,0.02420058432977301,0.019953159312790403,0.02184942685156943,0.0024616204034899614,0.03385748801417554
2020-06-16,0.0061955626269736275,0.0030131826241175386,0.013186153615234453,0.016065796779059838,0.027746341173982225,0.009752207641111177,0.008359696094423441,0.015898326521494477,0.008000095061872603,0.016285824373417412,0.024472517077233524,0.017437935961090556,0.01952271585942489,0.0073667271246731225,0.01444048045555335
2020-06-17,-0.014992958600256179,-0.03033978386459313,-0.01180386819796364,-0.015716906737346492,-0.026629747299060536,-0.0058256869825979996,0.012776038694009895,-0.016222022913806255,-0.02527931090846358,-0.022486527707994308,-0.01647450919245974,-0.02731852314587624,-0.030091330967219276,-0.006771262249074761,-0.021098304439964743
2020-06-18,0.008698196426586646,0.005886045084373848,0.008167326715834644,-0.017314121301020502,0.0007545211421344789,0.00566246283550198,-0.011437529193773388,-0.011397283285598858,-0.005428291122617557,0.00766799602074153,-0.003768601000709526,-0.009570650188477914,0.0034475296429226088,0.005726967325094812,0.0015582913561049683
2020-06-19,-0.013742992004096788,-0.020326275111886227,-0.00020252012147636833,-0.011942269685606743,-0.002262570862096691,-0.013112328696325948,-0.004537191276192565,-0.010842139502671322,-0.011421118724423973,-0.020729750766444788,-0.013661691029918654,-0.022577291724591775,-0.014834696931367963,-0.00569435593471912,0.007777979869122209
2020-06-22,-0.003825211862618416,-0.0006286832737646408,-0.015901630094961816,-0.014860319537342459,-0.01625089302663607,-0.004454729153678949,-0.0024499277602442193,0.008877915926274627,-0.010837151278763058,-0.010449899179460598,0.009588968502827644,0.0030489003054730013,-0.008717683194745529,-0.0068174248203970444,-0.016722416588555333
2020-06-23,-0.00191976857464915,0.008178509828115077,-0.005146400399947959,-0.00020093273957055846,0.017095706035517688,0.01570116382968889,-0.00879586106382968,0.0066854504616662425,0.012196175589218372,0.002978755920818088,0.010764168933588225,-0.007645350408738705,0.010233382552457426,-0.014552554474364099,0.009942173325894199
2020-06-24,-0.03352585733010682,-0.054602096979284864,-0.03838191281207426,-0.039629807675944706,-0.04041533477769821,-0.024810841249651716,-0.03503252521783817,-0.03301080222948749,-0.033391017498243136,-0.04076713751309857,-0.01962842722852709,-0.04037889450330412,-0.05508058582977737,-0.05823337917930094,-0.04481834093229475
2020-06-25,0.018766230360119263,0.03168306117022768,0.03098424497611796,0.024821870809649704,0.03680361843827762,0.018942747689227435,0.007284642764535887,0.045853857667951026,0.034861768531151194,0.02279802803423947,0.03919088430410911,0.029696218095068838,0.012562527936251566,0.008284108674785129,0.032004432039962394
2020-06-26,-0.03209619620596771,-0.04958419774977607,-0.013043879751285181,-0.0452736996100338,-0.058845837515133614,-0.03578093628183521,-0.036990612083058316,-0.08647986653477424,-0.05481841245632624,-0.03494800093390471,-0.03566328938743979,-0.0518553144904601,-0.03887499825613572,-0.06836875546097476,-0.052299861351459476
2020-06-29,0.021626497111959964,0.03264899509816854,0.009092872868081914,0.01177493508259242,0.014320372867852038,0.014036787622035751,-0.0027089594350689916,0.022622594635501203,0.004428089939176871,0.014257076719673245,0.004038372580960292,0.01882508855171805,0.01893282870639168,0.031496213262489414,0.0199216918619749
2020-06-30,0.016934455686662853,0.016297195388119246,0.016240429578645132,0.007194393481064765,0.016106569807844417,0.0073191149222771035,0.003271771501273335,0.021450320943848133,0.011397651537539355,0.026708143733051193,0.022438658859033733,0.023144878016632342,0.02871652398904545,0.030229152523815417,0.012929701524559967
2020-07-01,-0.017762917179555693,-0.05131492291689632,-0.015053060479686686,-0.007597271033543573,-0.014677257643756492,-0.007581801990246828,0.03912873842330633,-0.00025283390215780077,-0.008505194888005718,-0.027655974446239462,-0.014285602381026052,-0.02262131054352612,-0.03234860204081025,-0.02133970515580952,-0.022813612296733732
2020-07-02,-0.0036733466900128464,0.01149431375215526,-0.015073679509931992,0.002977000597863544,0.003972199306129687,-0.0007162138438518983,-0.021491668630816085,-0.0008605810698814054,0.003248301453157687,0.003942597759428956,0.003780376485104542,-0.006613220659654528,0.006279065412172713,0.01120506921275255,-0.0025016666844337454
2020-07-06,0.021554390434951776,0.027406387089736972,0.01647344633816261,0.023852356663633056,0.02809097570404906,0.01369752639857702,0.003206409525842613,0.05045599050198346,0.02525346888651603,0.040392480269888065,0.021552765772855587,0.011747636217120272,0.03389535604389193,0.02455839602069032,0.02619112455201278
2020-07-07,-0.03886750620217039,-0.05107353541934345,-0.03126281278871257,-0.03696396403753588,-0.0317490783512987,-0.000942614133437325,-0.0011456565349377001,-0.03858009357663961,-0.028210481112361352,-0.02884881698964825,-0.027242764742257952,-0.03522000549731663,-0.03131613862749727,-0.009353999600630769,-0.033939597530046495
2020-07-08,0.02253053896093471,0.023311593365856753,-0.047814430014127995,-0.0011826857770220744,0.01112899600633388,0.005425554677754185,0.014914373341737175,0.014496230249469555,0.010615394084008356,0.020822168011719544,0.029900682445666238,0.0043121323117067956,0.02323613262888946,0.01593408093885129,-0.0019675695502632262
2020-07-09,-0.04039570241879509,-0.061976343618160734,-0.027204961869812916,-0.025080712245214576,-0.028105289367484465,-0.027529948427421624,-0.015171443463630863,-0.026798534385324757,-0.021650515888071764,-0.03753089565533618,-0.02862382603503011,-0.012881521141220542,-0.04508800401589397,-0.015974428185890344,-0.036327676026887024
2020-07-10,0.026494017641241374,0.07499988572965077,0.013400457150744671,0.029369308649288328,0.06471169751335393,0.03289363399462175,-0.0056786762641360955,0.04435307557218038,0.05466693280052004,0.04379774929173985,0.04820035672962497,0.027819740881554367,0.04325353057137282,0.027154334208980613,0.06487421227070445
2020-07-13,0.00028680322305563166,-0.01262461150826244,0.017592231317349993,0.0035395093490104834,-0.008547062344082201,-0.0009343119880443895,0.0037059961671637165,0.016150992006252363,0.014334476033544874,0.012723193378647357,0.008433838865202548,0.010630265200628264,0.0071027532380336655,-0.010631879490895724,0.010702566525679025
2020-07-14,0.022075555030026894,0.03600262653723263,0.013898358493433571,0.013681152863555646,-0.03927184665896499,0.01893864797005329,0.0021791468122505098,0.024559500828099434,0.005734896270132017,0.012830850055096876,0.005575321692928625,-0.013829798325448062,0.015417389036149531,0.003485471146427166,-0.014661852726847058
2020-07-15,0.017671851362158764,0.031828578619756076,0.004457465043293807,0.026571304000032603,0.03369867863034459,0.01575641775791592,0.019750955090129363,0.01350397867586528,0.015476958986389233,0.019794276387872456,0.01683149536889239,0.027750429728834236,0.032628093897686394,0.032127198270686996,0.03720059553148136
2020-07-16,0.00248097210750875,0.024866237455040574,0.016420966945565052,-0.010682168709693518,-0.007330309874265639,0.024322125644986814,-0.009595321296466786,-0.010281149766294462,0.0028076436024109253,0.002329017762021879,0.025121939143958993,0.020112831934606223,0.005005196391685507,-0.02075175670166396,-0.002125546647289811
2020-07-17,-0.004124315703367687,-0.013513528166545719,0.0006551054205956586,-0.011835490469664811,-0.024096211523159883,-0.0005881563326883832,-0.0035280743414751736,-0.015186236931162944,-0.018498215705261223,-0.006712733193984688,-0.004369208697010407,-0.01876389737838624,-0.0017120257615719225,-0.04238256045763322,-0.04073508376906354
2020-07-20,-0.006626051029676838,-0.02210467885792644,-0.008072645347037222,-0.012397705785239244,-0.0015931432622294794,-0.012283885496792046,0.0076819391599938225,0.0014190474285098453,-0.008761015018598162,-0.017936559939025765,-0.010494103498988272,-0.0007764404727900187,-0.017461606525588036,0.011961517916803555,-0.012766737124403127
2020-07-21,0.01472996585665931,0.01751047292130492,0.010227404465581458,0.02478713374369912,0.03171117905101095,0.00945779687937276,0.001905844210723151,0.001464453512056485,0.021685476605001197,0.014293502470472674,0.010026643168908889,0.04624053408308604,0.031259649276422996,0.041371471012412675,0.02895662009129829
2020-07-22,0.004108623055518068,0.007196374492614899,0.01807129613318148,0.002180224934257735,-0.001352989384469483,0.0016966914946237033,0.012424047596377497,-0.028393652807591874,-0.007242778844928299,0.002609799227377474,-0.02634582267107688,-0.009934831549429313,0.007385863824943106,-0.01078330691376228,-0.009289395067461625
2020-07-23,0.009001479329120432,-0.009941012000779792,0.012296557855374424,0.0013465809965533815,0.00813003436267401,-0.0032403253804230703,-0.00804394345659476,-0.01446593835037413,0.0029384120087374566,0.003643735565580286,-0.008627316657533579,0.006658299910188958,0.0024437717415097815,0.010040100637922045,0.014065152421814275
2020-07-24,-0.005947450367866258,-0.0175712412739929,-0.0032743002206235827,-0.013861679642824698,-0.007872484727766915,-0.0031772727549831403,-0.0011247079642555668,-0.007634735327043063,-0.00707193527536587,-0.008817256009402308,-0.007515671565992088,-0.004657933426768568,-0.010970402218733022,-0.007668244155140003,0.004079195707379579
2020-07-27,-0.00924671466945226,-0.014691897034726953,-0.01759222518885173,0.00482521148005266,-0.007354335064740591,-0.018678879319131814,-0.0074073562122107806,0.007693472956814107,-0.014041580986585811,-0.010989200442886982,0.02271793777361264,-0.017970953867845307,-0.01063005693610719,-0.031482702060710355,-0.020584824654560463
2020-07-28,-0.003843002362329151,0.003241592405804461,-0.00463868779911103,-0.01430208393193022,-0.00039006916758910215,-0.003248070307436346,-0.00895537041386718,-0.006895803527820155,0.004334278561430205,-0.005555713995945788,-0.020654671468054664,-0.00085769984721773,-0.002179900301094051,-0.005318902674548487,0.0044243395040231
2020-07-29,0.005786589987244906,0.05557338342660101,0.01874925909577252,0.024041765126157966,0.024381079895657853,-0.00015176361254243265,-0.006746921361445279,0.004761287569704731,0.024249918614162924,0.028997223936262362,0.006565754906207921,0.03930185698129485,0.021847601339198608,0.01247781572322415,0.038271073155835555
2020-07-30,-0.03315041583572276,-0.027242024477121207,-0.020425496483513328,-0.02109848804776171,-0.0314167627639641,-0.01470359724881487,-0.01079533243255315,-0.015055733451107667,-0.02668554473078022,-0.02921393454336374,-0.02567654618313464,-0.024598663050312664,-0.027794905927502334,-0.01467112373541335,-0.021214257790138524
2020-07-31,0.007934228041538427,0.011327746288478435,0.025087129692823007,-0.014051528346753717,-0.006950041227480774,-0.021230807557550024,0.018883865342471662,-0.007868370569935057,-0.0039165839293581195,0.00798914037945786,-0.0014299521430326534,0.0037643643143243644,-0.004555568921123632,-0.012805516313679322,-0.0018966040382771832
2020-08-03,-0.005903720140264412,0.0,0.019069661598947407,0.0023574259975394085,0.007598556029756676,-0.006208620793436759,-0.019135863337168768,0.007223575238882063,-0.005587715839774465,-0.002406910386310135,0.011865462884384836,-0.006937602518124253,0.016727429257721527,0.005731391896315108,-0.001085518502434324
2020-08-04,-0.008484427596478716,-0.075295467502694,0.0005200040280841645,-0.0037420889578118066,-0.004961279936188445,-0.013364933089324738,0.0007975017534604945,0.011284446475917642,-0.0057230224427753384,-0.010723696263355564,-0.004043569795746271,-0.006041600520849788,-0.017848965037808195,0.01829662114964603,-0.015489373608889467
2020-08-05,0.013976067534271719,0.015477755658978909,-0.015378441278601884,0.023607949643944304,0.017949548896420087,0.007293898713746305,0.00024522627963019517,0.01428288186573079,0.017372677727438335,0.037398312056970084,0.010353258928305742,0.01206175139815624,0.06194686261416704,0.007363619560625256,0.01738866004280948
2020-08-06,-0.003938007404628352,-0.02849577788470392,-0.0029547580748225943,0.005556165155652826,-0.002938932443762865,0.007082187541986862,0.004902608398763553,-0.0013202019647282626,0.00030889815105661356,-0.033960339387087535,-0.006429486888536617,0.004410558408451948,-0.0379463287985663,-0.02586708304467067,-0.001898910561099143
2020-08-07,0.03134749215762733,0.04570274352981407,0.02571970900893672,0.03377822560889743,0.024169894062105124,0.02678545499898566,0.019332909013508592,0.019681675801148657,0.022007203325084213,0.04705247720513994,0.018200156690213465,0.02494641501928574,0.05119871705678025,0.027157387502275032,0.018211374159392557
2020-08-10,0.02601287047947065,0.02609257831721057,0.003508300905151529,0.024808279584449755,0.014198094595454958,0.007772443071262014,-0.010769266374547448,0.005329651249457168,0.01267871396362108,0.027375914498680043,0.0045679944079266566,-0.0003645801782987679,0.023249035717037847,-0.0070506303307540374,0.00026706856251879074
2020-08-11,0.014945111896348617,0.01652881026583919,-0.004318792347765554,0.016138485008148296,0.017025836884132284,0.008017452125816504,0.016813773616870087,0.00802359275738418,0.03159773786391984,0.019859364578042937,0.023724825399149108,0.025624568029130268,0.017256476484376115,0.03431956637706146,0.021350462802899095
2020-08-12,-0.010781043356275943,-0.03252037793449225,-0.006196256540604295,-0.015301111920634769,-0.007626379916641612,-0.01310487549424455,0.010944784112771888,0.005069778680919512,-0.008476093246018723,-0.013064123590144527,0.011587368517927743,-0.004178879333167851,-0.011733554809745583,-0.003432573454686505,-0.012019991988556522
2020-08-13,0.0034557780193185117,-0.0074336194069022365,0.0003118727053770254,-0.012391846169583665,-0.008622420119560048,0.007061746897487842,-0.0022945871052736377,-0.01763064467877251,-0.00553701514622118,-0.014984960582491547,-0.003818067333261177,-0.008839134586859254,-0.005292284569608285,-0.006601088679585532,-0.011637102299946411
2020-08-14,0.008476821377873422,0.009117477000089913,-0.0014545859424880403,-9.965016900026491e-05,0.0007565741669530723,-0.008079330013348485,0.011027610523137499,-0.002015406392706365,0.00039035105015194915,0.004310276454868367,0.002299655631223363,0.006666033703985441,0.015099239131598274,0.012712938954179798,0.010971510049486932
2020-08-17,-0.01602339823982246,-0.033236501144811914,-0.009259236334910104,-0.028482987538150928,-0.02852850167236043,-0.033041438698028114,0.01849053001227463,-0.023561318169355694,-0.02636454946372424,-0.01842938472364053,-0.019502837748094914,-0.012706818872172176,-0.01614971811555299,-0.012268428407960608,-0.02249865319028277
2020-08-18,-0.0010757880993165214,-0.012683533215044007,-0.005775578397770764,-0.009021146786923895,-0.021003191198082916,-0.006039341050809943,-0.004581847166374997,-0.008666830237966883,-0.013940441048080898,-0.01466038299746264,-0.007020406339703578,-0.029457120461242492,-0.012670865202823234,0.00953240101718067,-0.016246956021775727
2020-08-19,-0.0029615738447384965,0.00946577818803207,-0.004224982235711439,0.0022759871541857546,-0.0009932973608678397,-0.0091941101406261,-0.009262798654660287,0.008494401433088106,0.002339462650715829,-0.0028715595349837475,0.008837461138306413,-0.006443965825450371,0.007291930880126696,0.021744977446481295,-0.004679282814061159
2020-08-20,-0.009991790372970266,-0.02444722662983978,0.011455619093490021,-0.0017547544526661518,-0.01411830621330723,-0.003953917320923095,0.005690914753449627,-0.0057633741209625056,-0.011973536664986018,-0.015183332985113429,-0.011096050527445556,-0.0029136474435949022,-0.013609505452439552,-0.03248358690503872,-0.015210456152537466
2020-08-21,-0.006546641128843622,-0.029522838840554066,-0.009123402644315326,-0.005893271292222391,-0.005647221857237539,-0.012313456012617241,0.0039266956941037545,0.002873916249521047,-0.000513679677937029,-0.009037846900986524,0.005905678359261479,0.0034879165993890737,-0.010567846182235052,-0.0028946209220571673,-0.011232550915523443
2020-08-24,0.02635930868207903,0.04527760659997426,0.0053974156618239455,0.03307339782317942,0.035699764494815156,0.020505171220261076,0.007764759863760684,0.024255201794487924,0.02815470280395793,0.03594421223122701,0.024853005158135266,0.03147012861909371,0.041923900827615546,0.0194483439371107,0.04373755470066065
2020-08-25,-0.0074908069978729674,-0.0010153347886688868,-0.012947512256962224,-0.0028188375768914975,0.011554879666271889,0.011975595065533806,-0.001655146063117674,-0.006462898936136496,0.004397434054040694,0.0010358005102533152,-0.006110109539073205,0.008834243350965387,0.00014490060670735438,0.012243744532468348,-0.0038094552499063905
2020-08-26,-0.017520456708571275,-0.015582396381534025,-0.008104665079584517,-0.0065625360297477675,-0.015488765305107677,-0.002541717090075446,0.0019437064128753345,0.005922465010411937,-0.014030016607077589,-0.008794539830690451,-0.006532287164988437,-0.004152811941979806,-0.011722131720839246,-0.0036568671761738614,-0.010652932063019982
2020-08-27,0.01179726386544444,0.021334995952415392,0.017951332692163646,0.03180892004369751,0.017109147533459046,0.017278546191687782,0.006789941481396111,0.014139309309121106,0.03289917108442997,0.01957192150103526,0.017404714733911142,0.019852933174322684,0.015668295167348134,0.018633855285950407,0.019878415276806338
2020-08-28,0.006778633911247223,-0.010444549652817381,0.0018064572585043681,0.009947835645383485,0.010827478485001096,-0.010723243945352179,0.0032871392535696042,-0.011610686006730764,0.0041038325140785314,0.008958394435683914,0.005322151881866244,-0.0013330433939444664,0.004037141226777896,0.005543058767476072,0.007038400606377948
2020-08-31,-0.02181518888092815,-0.00783128805248301,-0.013785999530731341,-0.00926487232627271,-0.022188311945026573,-0.010997666412361218,-0.006552628940819871,-0.007701293859952996,-0.02510465536516493,-0.02435319182355622,-0.01191138222715038,-0.010236025103923074,-0.02685240504830544,-0.02067256765258807,-0.021505163138685446
2020-09-01,0.010462338325831766,0.0003431058813694321,-0.0004300358765250145,0.00866223782699227,0.0015652650333928264,-0.0011199633568365064,-0.011883846209959303,0.002880075394215753,-0.0004991326859578038,0.001040109522480126,0.006123232184894523,0.003597218010860992,0.003393697468641488,0.007598922284377974,0.00796708227209697
2020-09-02,0.005449768528962284,0.02332781519241678,0.01753423479879923,0.01883489579888198,0.014648096648164133,0.007768637196853501,-0.0061568393958975065,0.022291379636933728,0.015079132592032973,0.008311513648484592,0.012742560231346456,0.007168394723757965,0.01485298269445079,0.004748867904532883,0.025074690317388626
2020-09-03,0.001084188359831817,-0.014415096427601304,-0.013214765719926636,0.0005748714369480101,-0.00866226521072555,-0.014463950104038226,-0.004748288594743411,-0.011807392179798426,-0.003148251871696539,-0.015970949349418784,-0.009389991317674151,-0.006494874465982403,-0.014490457604880103,-0.016124767185144995,-0.003988351286874026
2020-09-04,0.024905056904194645,0.013605415627006456,0.005035454341393075,0.011583315859836851,0.019806075389564137,0.012498996130018147,-0.013206064476308566,0.016284623209235738,0.021612704594896837,0.024869226350210827,-0.0007581531431128941,0.01280582301719746,0.0249962597244342,0.022888237861854455,0.022691245113150682
2020-09-08,-0.02429986732568401,-0.03053690209189397,-0.027289228552111355,-0.018926788459131205,-0.028179829336356432,-0.0354411641814405,-0.015446142372211646,-0.04010626441178422,-0.03477610976216894,-0.032439685025455134,-0.048188031807479104,-0.02475667402769488,-0.02711237019382451,-0.04254123156528389,-0.04150368767282908
2020-09-09,0.002706883217324041,0.008999552416872447,0.014137030301744069,0.0010609955130382875,0.007053217486418406,0.009165324451384516,0.011194525837756153,-0.0012840381241464582,0.009507724314082644,0.010560049683207673,0.01773949325101576,-0.003535898250047853,0.0067827685317474185,0.010674617481955195,-0.00517441894333226
2020-09-10,-0.02240812282921978,-0.03396219045239246,0.000864536258678994,-0.009732161701417552,-0.008754772543231537,-0.02446421226506179,-0.024224640455421165,-0.010928787805070783,-0.010310455227552029,-0.01541309017614012,-0.015080100160086318,-0.015376423820190777,-0.014938540178206838,-0.010561873522212717,-0.02053105972200775
2020-09-11,0.004970969460925456,0.008522757993166152,0.012955896120090404,0.00574116189636853,0.0009813132856462126,0.01207735158441725,-0.004452601878999207,0.0045499823427401775,0.012421153646944072,0.014327795861725612,0.0011929494890261516,0.023378488069983216,0.012786032663996583,0.016733850531771566,0.0251538962694855
2020-09-14,0.018686081356633633,0.03521127690740955,0.012044576055337597,0.03782877884985991,-0.05588222698899281,0.0017403648336213884,0.017584590039885883,0.002090259806053485,0.013852009103937801,0.015955829749533246,0.01588892151922594,0.030970768787071057,0.02407547104566521,0.013904346102462606,0.03244269935367039
2020-09-15,-0.010250904595846766,-0.015986517223301577,-0.0011584035663178005,-0.00550024217792866,-0.06936673534030635,-0.026637945162233057,0.012162362479553712,-0.01658894614367179,-0.031131141650191596,-0.0342431511980259,-0.014858185587124595,-0.025311056671668997,-0.020069000240845347,-0.02742756415892833,-0.014523312280754652
2020-09-16,0.014173036005396211,0.040545537503586804,0.01128212472454626,-0.006561336563596143,0.027003072881040424,0.007904175533314461,0.012492967808959143,0.01353539408065818,0.00423046419658224,0.0031995399638049538,0.01508228091605246,0.02111610686351839,0.014042971345494815,0.028201050274686335,0.02250789601927039
2020-09-17,0.011018671786165779,-0.03594232474200543,-0.03242621371260368,-0.012455129092162842,-0.010647567560741478,-0.006620789437658425,0.0029963317944892154,-0.029150864481555794,-0.011434621851677429,0.04491053155531488,-0.01759526220762242,-0.015487680775701618,-0.010530534272197856,0.0022392206310557494,-0.007075611956964045
2020-09-18,0.004784366419893438,-0.024738686263920173,-0.016379599078284013,-0.011656791356198792,-0.014715553882487464,0.0033324935953173984,-0.009723997525356798,0.00015391369211359418,-0.0021304143030607126,0.008901319655590267,-0.003383185054167681,-0.0010725133599476244,-0.006414934514645698,0.006143176465041034,-0.007125513880700152
2020-09-21,-0.036772465894851614,-0.03608452779586091,0.008216740235444941,-0.05094744814796992,-0.020731362042180512,-0.012178628725171725,-0.008044916909346167,-0.004413124928605461,-0.03091021611366096,-0.05646570947438534,-0.03434497886314336,-0.02612725508531799,-0.05018339858638632,-0.021925727794465888,-0.03880923364548772
2020-09-22,-0.0010982381449743395,0.013343486704233687,0.003368380961449091,0.003157612834654211,-0.01456851619414512,0.000431057127096679,-0.006559586796083927,-0.01226820921102556,-0.010911461610793594,-0.012823853157113985,-0.015095251008279797,-0.031973609519832635,-0.015757897856285452,-0.00766192274043398,-0.015763184115595186
2020-09-23,-0.020621364714474733,-0.03328457854914546,-0.029456285311733055,-0.02965078591730952,-0.033264008730352956,-0.01887272370013149,-0.025451774098149582,-0.028702677433876667,-0.016230022679227574,-0.02327453173591254,-0.02540444031759348,-0.027334910999037065,-0.02746806567399651,-0.005433313992164734,-0.030626745396133415
2020-09-24,0.0014034128930626721,0.0018916461829838749,0.004016877102451133,-0.001151126318080009,0.008123981114708911,0.0012299230318195686,0.009731679573586227,0.048302053237242015,-0.0008627281404411935,-0.009421185970579615,0.004093192558912051,0.009465168842783811,-0.008231063174378939,-0.012075650104733882,0.006666597775995431
2020-09-25,0.0016819931923270914,0.02228086269788898,0.014447486129817388,0.008486267829064031,-0.004029090320940898,-0.001228412179387517,0.017385970961996566,-0.0008198738860510923,0.008741537402404687,0.014265507780469644,0.009225741949373756,0.014016428996386443,0.010252282926275669,0.016879777266407103,0.012381278034524934
2020-09-28,0.01679303699994872,0.020687381886896228,0.021253490641016448,0.026594727741067636,0.03141361548522026,0.02740438390149791,0.012890773569327996,0.02113350508439149,0.028779466884834237,0.027303143106975902,0.0284863602660268,0.03079116811617344,0.03141097642869339,0.0360620632019828,0.02673476578968703
2020-09-29,-0.008533053441833527,-0.012305495230887087,0.0023599910360572185,-0.01082788805966739,-0.021227675773830224,-0.022484320622599863,-0.016634060626056546,-0.011453291521106412,-0.00842355009892437,-0.012885696566226512,-0.023563528758595687,-0.011097786369797857,-0.01468079720822768,-0.011602247370916752,-0.01065019134492573
2020-09-30,0.009161770342029918,0.008794339125965278,0.007491408367517716,0.02557536588557685,0.016265964343813,0.015567413403081432,0.007163505413229521,0.021240935938656946,0.009648772771708947,0.010878264782091529,0.023496745729233437,0.027868943758403653,0.006815733165328908,0.012576800728287152,0.015580939750964307
2020-10-01,0.0011002914347304493,0.006901451455291863,-0.019970371859689418,0.01077325669495166,0.007655082719879802,-0.0020668151396846524,0.017572227689594655,-0.012041764249358766,0.007271194025508354,0.0024214652760876643,-0.022543560053059464,-0.004367204691423154,-0.00015760676346654456,0.041401964832828764,0.004183938472705151
2020-10-02,0.013465305845586917,0.01803749230780971,0.008237736759423298,0.002763038590028133,0.005064222812425356,0.005868199778572558,-0.010337320643459935,0.006799426068344161,0.009487302549980203,0.009930248256206475,0.01502319797006968,0.02494737861405727,0.005826080330840977,-0.0015905021548809906,0.02138908601407641
2020-10-05,0.014913327176013791,0.029411737413688632,0.007095101509587254,0.022438628154320295,0.028630527048679077,0.021791386779499877,-0.009199478165572428,0.009504999156575211,0.02113657146443848,0.02365098391787379,0.01313325180373015,0.023537736532828424,0.02864726958605135,-0.01937857572772672,0.026108180741297726
2020-10-06,-0.0016030789226719744,-0.002409426412286364,-0.010994728206438764,-0.020502149723770735,-0.01113343328742622,-0.015449085745515845,0.008326041829694875,-0.0035185392171075414,-0.01029909431697762,-0.0038937382645977126,-0.017695390492482366,-0.014198590721713367,-0.005630708648837968,-0.005143446076461333,-0.008216282057656676
2020-10-07,0.014450055672714957,0.02001359615825704,0.006907605771915293,0.015919603812766914,0.009682225529390243,0.015776726363170512,0.0069505455209721845,0.01248211876867833,0.01744540816101825,0.02528025094064379,0.02031835704766527,0.017760951415940474,0.03749640861518544,0.028027035670823652,0.03661113461962584
2020-10-08,0.008704605665752707,0.023680631495318183,0.0031088195812896124,0.030208680112967956,-0.0026758408187752547,0.018218634034794512,0.008259738677216522,0.021512873803575472,0.020555505545240882,0.012963576424167567,0.005953531057528938,0.011807606769615786,0.007080599283358913,-0.0010582031395982572,0.018303907065831293
2020-10-09,-0.0036609434188988876,-0.01024433565530869,-0.007694166075177478,0.0026402521114456956,0.004695835476084875,-0.006843682231582049,-0.008718499899739274,-0.0021158454310580277,-0.005698470808191414,-0.009284846455977158,-0.0034694912101764785,-0.009095664428074524,-0.005712698112546599,0.012983283812884272,-0.008354243293627328
2020-10-12,0.007874098129655893,0.017028241504804864,0.01507668330141887,0.002538972848532106,0.021144055712382093,0.02490651576299374,0.0034825696288467434,0.03170461608807784,0.012252822623927795,0.02178332101353564,0.039115165738689006,0.006927545183833095,0.019298992329197073,0.006277828945656205,0.01480716422214301
2020-10-13,-0.030989779546430674,-0.02101123499715618,-0.026204205855221097,-0.015008078811503789,-0.04795131288877008,-0.03953015778570601,-0.014705785322154163,-0.015458526618550739,-0.016204620672086834,-0.03321787431102319,-0.005912300900083878,-0.03242140782088021,-0.04032397491329631,-0.022355095271750725,-0.03345928376677276
2020-10-14,-0.006180763948215873,-0.005700631379685239,-0.005556379741223472,-0.0019045064983765903,-0.014880974734424623,-8.441931555835946e-05,-0.004776041236104089,0.0019922799565432747,-0.005556484632881387,-0.0007691630830972684,0.004163224868194204,-0.023820151917247623,-0.0010540846125780545,-0.013028603367702951,-0.004424679967334977
2020-10-15,0.007301164476329225,0.010455167059890691,0.004711243384833974,-0.003625654420631008,0.013478863041080258,0.013495311993066084,0.0023395023215204702,-0.012450693603280882,0.014966982567632625,0.004105636234326138,0.013425419232808933,0.008096991070743131,0.003015123948190368,0.051454858497915756,0.023268023817698102
2020-10-16,-0.0010741187822028708,0.011014683185098129,0.009486177866527834,0.004596311277458298,-0.009630826037179685,-0.007489968072981856,0.0053862592691529265,-0.011457471721140422,-0.002064480277310432,0.003833273808866,0.01013070101323077,0.017524602231271613,-0.003908070819717335,0.006661519720072118,0.0
2020-10-19,-0.019618271931246545,-0.006602771910648397,-0.012529696719589145,-0.023257923238332867,-0.00671430285949548,-0.019620946151772012,-0.027680126080917633,-0.0025217932936540954,-0.016845619660669664,-0.005346113726653501,-0.017357719826804563,-0.013365662526817146,-0.010110101648101555,-0.010180697370046898,-0.00434353345661298
2020-10-20,0.011787199991546427,0.01861086074841145,-0.0037192452008394383,0.006538611799347116,0.014452134133651429,0.020355862743673514,-0.0013470214805940683,0.011376420419971112,0.005711418944823743,0.006911124734981122,0.010206076682858223,0.018819821391942826,0.009451405240523458,0.006171288471829239,0.0061583836835352734
2020-10-21,-0.0070439509642367115,0.0332787559751313,-0.003513482830413084,-0.01657937804407217,-0.011718626744125271,0.07476941840132167,0.009011620497079598,-0.024611740902774293,-0.009963106530059052,-0.005338541651441098,-0.021177189279185882,-0.012671706802363514,-0.0012083622129530625,-0.005111215301530692,-0.009946098212661014
2020-10-22,0.023465286726900292,0.010735741467398308,0.010247222262719236,0.03312635478536019,0.021855295162971577,-0.004601491812388447,-0.006743883417002716,0.012271550481258942,0.03532246490078128,0.03782276348864011,0.02759000236562903,0.04229938344274631,0.026912508873733865,0.030824632133910734,0.04276119077378748
2020-10-23,0.009064155729195278,0.011559213949727587,-0.004799028553909346,-0.036358476210255564,0.0,0.010890995273575843,0.0023246597770332222,-0.0017529374016201915,0.009039575406538436,0.008126154418456322,0.0019316159794489085,-0.004422343272533991,0.01192601334471588,0.005482171882394082,0.004446961770068203
2020-10-26,-0.028533842274346966,-0.03458936306002913,-0.004712119362807021,-0.04060229497714274,-0.01569949296000539,-0.0234848089618529,-0.022580379800095196,-0.019020439374837994,-0.024756708570016328,-0.038104554541597446,-0.029882326502084444,-0.02769793574117363,-0.0336098803520386,-0.029739540756034688,-0.017216087026707627
2020-10-27,-0.03834623817701288,-0.003199152700623653,-0.019599312717163864,-0.02012788640006946,-0.03190033824319172,-0.02047788657149696,-0.004308039657511031,-0.027145391827007703,-0.018866044513753066,-0.04088350025593834,-0.03437986483897448,-0.021857986227052928,-0.04456491855507749,-0.017369313099275696,-0.038788893734992946
2020-10-28,-0.03421951112400301,-0.029846108487056155,-0.011680262064593272,-0.035078610786692166,-0.017908121071320227,0.03249317286599829,-0.062143555279352,-0.03020230406131663,-0.02808802353278217,-0.0309772735203101,-0.02099203257845461,-0.004304484912115658,-0.028206735454109122,-0.008318182471817925,-0.028898586852757258
2020-10-29,0.0020495706592964513,0.035064732380685415,0.006704722362238735,-0.005785837118909121,0.012885681354487533,0.04183036280504915,0.0028751535527251626,0.0008956170013350029,0.006525575783548732,0.019399042559937074,0.01905958974168298,0.010117904273520217,0.02221502948845555,0.0566189398126109,0.02064342503309935
2020-10-30,-0.00789003944763711,0.0063918229077783995,0.0018058704588397312,0.0018667668073246713,0.006561631365151532,-0.02139367345291776,0.004866979080641709,-0.004738031554487487,0.008953504175645444,0.01447310334768459,0.0006234655573087444,0.018757814655950833,0.015545847896041076,0.01984606220845042,0.02311517898838744
2020-11-02,0.04624453469252954,0.030486042005649194,0.0242253627371789,0.02367378005448284,0.019072624801699467,0.0362556814205901,0.010350251659014598,0.006136007606752258,0.022541566978766525,0.03503636097584217,0.02554521606964566,0.022971006332167532,0.029834428790686207,0.003648529295836367,0.020282710274251547
2020-11-03,0.020270197359613995,0.013559248403216984,0.022222181519901962,0.030942043978719358,0.03127236666424649,0.004902783206932826,0.007880092147129814,0.040641530151473315,0.031521390277520434,0.03281635417497175,0.03645194128988494,0.04316303696047319,0.028059902508132062,0.0315077058292228,0.027176707639442688
2020-11-04,0.008001916563028066,-0.039525748344711786,-0.009470631620947634,0.0011424058855526997,-0.03331042944419904,-0.01722354562060535,-0.019415789341378997,-0.0003031824283925566,-0.0305581547553172,-0.024268378754970565,0.004884761747334432,-0.05469450156962474,-0.06919446375387961,-0.04041355234127919,-0.0445861692684939
2020-11-05,0.018341250822606625,0.058246235596941975,-0.017709503477550848,0.01773872992812109,0.02352681416539637,0.028431820672751185,-0.0003324292081271496,0.025724014675658546,0.040897949082636,0.05461570656421766,0.01497191417406718,0.03818862707834936,0.03613908342300909,0.014936139529989179,0.037435680789788206
2020-11-06,-0.008064366087954022,-0.008076723883240211,0.008184830803505516,-0.01447378483027062,-0.008358721093208565,0.0070213968617856,0.0009303272013791997,-0.008376016188886837,-0.013320520399632496,-0.01580341968068122,-0.009578623349761228,-0.021251359114328405,-0.02784170192885338,-0.007719957690675794,-0.03188299340647194
2020-11-09,0.12439022566146707,0.13148390504354412,0.03006042714306978,0.2138795934408373,0.1154298932931308,0.0674700293347954,0.07849164706983025,0.06792204969041005,0.13539234553343982,0.11017764736376945,0.08355914710970236,0.11597514390717256,0.1557826707626695,0.0931193338759504,0.12739351437596014
2020-11-10,0.008676626983695535,0.018923192636193464,0.005857689039337366,-0.012098689200622292,0.0002097003005672171,0.030752488052615767,0.03879063876749034,0.011817795332877745,-0.0032507147985186835,0.024254492741196065,-0.004819892995192809,-0.009689138347935722,0.027229392905492533,0.03247316644202258,-0.00045310839845280615
2020-11-11,-0.02317781288875098,-0.023018451429744347,-0.0007409023959215055,-0.04165577955736399,0.026862728048627105,-0.016303706300921372,-0.017189349125991682,0.0026670825034045276,-0.014932962417473772,-0.011297046717501646,0.010583015938854023,-0.010257010895993735,-0.032206739284662556,-0.004093128091145926,-0.008835600140893907
2020-11-12,-0.013943575916929407,-0.03453829306628364,0.004662463961591978,-0.00017987551554066172,-0.013284313196778585,-0.019123526161518467,-0.028948730901176223,-0.016234815611279596,-0.012284329393682625,-0.038013504023638234,-0.014022174718282931,-0.03539566971995456,-0.027389600856638108,-0.02888127972132637,-0.021485677696060468
2020-11-13,0.03001737288545403,0.03494201364348548,0.0200400660836213,0.03501340140621245,0.00787065070176074,0.02106997570373803,0.03074321173412753,0.021304409701750515,0.006262773349385409,0.02192773315336405,0.019082103433201603,0.014710884353741571,0.02970977803433894,0.028622306494757943,0.011679592841115083
2020-11-16,0.041185318477113375,0.03135000983506786,0.0139590163540797,0.03200270373631464,0.03575830335026153,0.01406937896842897,0.016931973324992855,0.015063073679852046,0.028225710228161338,0.02883328872748403,0.026497145186258564,0.028587873201130654,0.033502197053640215,0.019347613107812744,0.022396451759257197
2020-11-17,0.0011640639043521972,-0.0018185510577088948,0.013359356576184256,-0.018454317103948625,0.0065475823067946415,-0.008786953811523501,-0.004147903623061722,0.010207408311550648,-0.010144975539982726,-0.00043447901464388483,0.01204606245214146,0.004750860882448027,-0.0021170933454078833,0.042866386481366314,-0.0056458188747809945
2020-11-18,-0.003255751155676334,0.003383932720751659,0.007044351912657509,-0.019230944832743346,0.006307971743206631,-0.004998776573383434,-0.013625149874232245,-0.0015577704058721276,-0.007406724508227214,-0.0065202155620776026,0.0,0.018992831698953605,0.0046407760925684105,-0.02453983757449607,-0.017488182131769614
2020-11-19,0.020065303343943075,-0.00025937238901108106,0.0029980148670434303,-0.0008751728502188749,0.021351385688173075,-0.012794990751858637,0.0009046676300121792,0.0012036901654695065,0.002689754554736856,-0.0043756036288064015,-0.0030607449006211374,0.007734088731615518,0.0002639815253482336,-0.012997711007621371,-0.0004620858711262832
2020-11-20,0.0029734811589439136,0.001816191006491108,-0.001893116777908932,-0.01366745095025812,-0.009397640916446903,0.01024632206790721,0.009281390924251065,-0.005432426476317032,-0.008566956402143666,0.007910381099599073,-0.013986115433919033,-0.010744739204059273,-0.001847112739415846,-0.009983176198509192,-0.013413429277619127
2020-11-23,0.013683156815743835,0.030043947922632874,0.01127974134662213,0.031177759698082896,0.03194579087303073,0.0010073220759132528,0.007822303067648084,0.024535316623895742,0.028803380295466807,0.028340933270049273,0.04255350452820639,0.036850330414201604,0.030717472306681426,0.03497107513811759,0.010079415614458576
2020-11-24,0.03779532246364359,0.030424935532857855,0.03523838553088465,0.03704026330684185,0.07054425626937388,0.03838182676140356,0.026069123498854596,0.037888443509012104,0.04623729573674917,0.031799839714704126,0.05525115588776397,0.04833535956892576,0.03917251691403778,0.032131045077966824,0.05360905440073349
2020-11-25,-0.011272728885143635,-0.020985793062522795,-0.008867302770377283,0.0015780882169049715,0.0,-0.014345791012477682,0.009296526463313137,-0.004042116990464972,-0.010460527246408224,-0.018697274622044846,-0.0018867939371145503,0.0038538528113558623,-0.014026320514344603,-0.0008032929228374286,-0.01585942197739687
2020-11-27,-0.007235156764592521,-0.010219427845626461,0.007059033580292917,8.305140074260642e-05,-0.006835137122190527,-0.007277022648732867,-0.00011396201789781735,-0.004819605510952507,-0.006637688372807982,-0.00649081828801068,0.005670938673011605,-0.006114347881921112,-0.008129409065095516,-0.0010051300482057934,-0.010518960169535574
2020-11-30,-0.02981454120872884,-0.0319819014829239,-0.017188174758092645,-0.016585222216982887,-0.02823336470755078,-0.023709167544784027,0.0014873185100168218,-0.020475736950158918,-0.027553146938633755,-0.02697565892966558,-0.03148476001591083,-0.012303993162046778,-0.03162974044479483,-0.018511263280796886,-0.022619358050185112
2020-12-01,0.01752784361962001,0.022633041670347076,0.018954484061679544,0.011299353954021818,0.007263285634930394,0.0324697566711627,0.02359623932794941,0.01199148824716434,0.015778686579555057,0.01602776406958073,0.023451299343062226,0.01919308401862163,0.01970351337135412,0.025420471024663938,0.02406841249190017
2020-12-02,0.013646505625898753,0.010684136934414834,-0.0058488985775208,0.020011919434121506,0.031188192476894416,0.0036034184903808164,0.015181775436017952,0.024000292454013694,0.019208115881460985,0.017054009448972618,0.01169419945511363,0.004690429898466242,0.020360524393644663,0.016793064351955822,0.009717351842867927
2020-12-03,0.008386686419859402,0.002768797448817528,0.0014466547936604623,0.006457970123511236,-0.010839299952638215,0.005287729745079739,-0.0009346377715088172,-0.009173133113843157,-0.00655520895973849,0.0,0.0006245683490984089,-0.0009196937521031012,0.002414910358991884,0.004129171286505029,0.006490945287962235
2020-12-04,0.013132022518733466,0.021335091940732465,0.00510442074168993,0.015594370532514779,0.036054964337359996,0.009286684279294244,0.012767558865691031,0.017454508050927853,0.009072923323275806,0.0159295922803111,0.014673910573843818,0.009061836194937278,0.030683299463866165,-0.0015664800643792054,0.008894402183299066
2020-12-07,-0.024195293017090003,-0.02211849998568083,-0.009102838789974643,-0.008797169453295228,-0.008358565579107635,-0.019817217552152266,-0.004618697617857159,-0.004716577368162889,-0.0037600525757797154,-0.018361905819081814,-0.011384472269220236,-0.005051794047088998,-0.016114982524321975,-0.004510917884245402,-0.012562822144931984
2020-12-08,0.0015494784841971754,-0.006785473604405623,0.01972708682713531,-0.0033886440651001992,0.003956563334280183,0.000393690345912745,0.0010917515797985722,0.0016354507097551263,0.0009847456586942194,-0.0012610706608339184,-0.005446738440474053,-0.0026793481626964377,0.0033760312820620975,-0.004136901094572654,0.004017657558319954
2020-12-09,-0.0026522218538848064,0.010627365997530891,-0.002465633160806835,-0.014815392307078845,0.010109594711125602,0.0041335343239590205,-0.0008217436404508449,0.016663992220303125,-0.007786951896249228,0.002525039054192435,0.007197567513402392,0.013080486735718821,-0.000249581986330516,0.0,0.019342089325556255
2020-12-10,0.0050974739493308,-0.005758607068141353,0.002186566451730876,0.00123259214875171,0.02629341668822316,0.004247661978902251,0.0005482092745103806,0.006506883254580487,-0.006443679288107185,-0.0018890333145771265,0.001087458054432222,0.0049553676784761524,-0.003365134623940058,-0.00890219422858296,0.005888263446178987
2020-12-11,-0.011245798599968326,-0.015232156520871398,-0.00939094200408841,-0.013214059272357193,-0.025950266611961315,0.000390580975463406,-0.01211074890940389,-0.018044157570403674,-0.00590332661699422,-0.007571007462347845,-0.017380710717225023,-0.0022918256723581942,-0.01725862599967687,-0.013373011426946246,-0.006070984466878815
2020-12-14,-0.014273109265311112,-0.01624141997358497,0.004213383961277017,-0.023870908121382595,-0.0032241220449835684,-0.018732920100238304,-0.01508862053854021,-0.009167334544308847,-0.010538809426014817,-0.028607627628605026,-0.02274150847873524,-0.013016649150919823,-0.025070167557655232,0.008294425655116067,-0.022469329787876968
2020-12-15,0.015158289708453898,0.009958216717170343,0.010012338159842704,0.014826029490879966,0.015832369543587355,0.023398972333976698,0.021627853599837543,0.019513237247810622,0.017075400744983593,0.008725893459104128,0.03345196284082208,0.009591557134002171,0.01566384000391019,0.02427766878735249,0.008480276932501418
2020-12-16,-0.00423451233273342,-0.005708295613710002,0.00472058721016988,-0.0008395292206454519,0.0013407020092919275,-0.001489287128466521,0.001819155252728466,0.005527371057112429,0.0029089192750189063,0.0017302197632647065,0.004378329052847407,0.01467011420971942,0.002441911534471375,0.012340843794722556,0.0035408495823479047
2020-12-17,0.002909885311128013,-0.002348644126582089,0.0013155345710771371,-0.000168033173763682,0.005020920372420745,0.00019548792389456615,0.017719545471349907,0.0027072843300492977,-0.008287039298329746,0.0036701947731387907,0.006850410746345625,-0.0015835347419086432,-0.0043588807974783705,0.0019347889779015581,-0.0015437831034573746
2020-12-18,-0.02053163391981827,-0.019618374577510922,0.007882919087616402,-0.012354920675219039,-0.016486399789817807,-0.0068442839227144114,-0.00519064690579929,-0.009409381414906548,-0.0049301400908653426,-0.01806872967311901,-0.007576964413354759,-0.0007585803395661062,-0.014808166636840814,0.0038624232691424343,-0.009275624964512175
2020-12-21,-0.006834998882978893,-0.0029346954885250964,-0.011452725588305457,-0.009360957050078667,0.036742383803533896,-0.004004054875988428,-0.012012215613871446,0.06133063164503616,0.03753772227835639,-0.004161959451704389,0.05687142393860567,-0.0021393991815236157,-0.004051853060569766,-0.004424451458919454,0.01047707556711952
2020-12-22,-0.01284663659257168,-0.01525280784981553,0.00018851682906806388,-0.01597800309891928,-0.03217360062710484,-0.010411791431963247,-0.004236245281588169,-0.026811429477280435,-0.01521665109171444,-0.005499233851785745,-0.017543911411401325,-0.00601640876389864,-0.01574818480445006,-0.0021255875880115127,0.00573569424298026
2020-12-23,0.011619702853915559,0.017391208188521246,-0.0018833353308848055,0.020951373802501116,0.025649654806923827,0.00592659001879392,-0.0036462566339324765,0.025430902611327078,0.027944649289115553,0.020349635764667973,0.023559197419923406,0.020663868809989383,0.023866811893882955,0.013748875575590569,0.02500534894582329
2020-12-24,0.007121272487051522,-0.0018696335048870028,0.011321745083618717,0.003420201991229277,-0.0034552510523796487,-0.0015225952325461645,0.0035988650915530496,-0.001131040186227228,-0.004397682351663268,0.003901931776382872,-0.0017590078552880417,-0.0037493376826832625,-0.0006512477999850441,-0.005539588260597528,-0.005135564423262573
2020-12-28,0.0018252079020601997,-0.00802787286913309,0.0026122502753878063,0.008606941580305616,0.009245695118904385,0.006961577900859606,0.010701190409716954,0.013390280354740547,0.0065852611392756,-0.0012958502960261908,-0.0005874359383206684,0.0026683277901040636,0.002215422444037829,0.016903681834310458,0.003656460789329685
2020-12-29,-0.0038709802721210718,0.002427957457140195,0.000464942130440793,-0.0018587740911362172,-0.0035988921382726913,-0.006452335815203991,-0.008481464488510837,-0.006086526157986882,-0.002632715057077628,-0.0051891442795122256,-0.00499640774371346,-0.01139619361337496,-0.0074112630622092945,-0.007555736079156383,-0.011358563242994335
2020-12-30,0.005942785088255853,0.009687608019206095,0.005859666999293411,0.010919251831452259,-0.0008211364972979807,0.00682526115226989,-0.004808409718196627,0.00558119905604193,0.002799785162104218,0.008476566651246076,0.0019199822444297965,0.0139437049039699,0.014540214092375381,-0.0024743290222835057,0.00962580896388765
2020-12-31,0.010452378680307906,0.00906204520591869,0.016458492222818144,0.012392288329406531,0.013145101726153685,0.013098541653405738,0.02275295469650218,0.016419223330004895,0.013640634674324303,0.011853433184500606,0.010170780395647894,0.014364475530887821,0.00800522292221717,0.012020450725708898,0.009534036153222125
2021-01-04,-0.028783533275253625,-0.019281585915072563,-0.0168289202118882,-0.02373685885112653,-0.0246514421876749,-0.02722231224982108,-0.015105801295456245,0.004891796318162278,-0.009443793830226643,-0.0185304055525497,-0.002918122979300941,0.0010066883631572043,-0.021391036619671677,-0.005279044513799014,-0.010087978443255374
2021-01-05,0.0016207141863882057,0.016697966901386474,-0.007864488857020957,0.005337132583048465,0.025939722613453453,0.0008017841485281618,-0.001003766905018466,0.022377284307944834,0.005441623012499397,0.012369855676963581,0.01697647126954771,-0.005296606050587127,0.009685686468520416,0.00018971325472882938,0.0032523041853602663
2021-01-06,0.03860372084638142,0.06516552797791242,0.02573904653836645,0.03699364283044648,0.05753635666199597,0.0475808090092007,0.07961115475629921,0.05396220591239431,0.046955729819672776,0.05959275311100565,0.060296259719729406,0.05493405002459806,0.05924292461130887,0.08792866264354471,0.0592175621720028
2021-01-07,-0.0055643114584714715,0.016911394923609935,0.0007274819029068347,-0.007910188310843003,0.011800817474668657,-0.007134662223599153,0.02807950608340226,0.021362318379159584,0.03283906595587349,0.003034498482199055,0.01710120698315687,0.015909422873585877,-0.004405535285135986,0.02874077800950836,0.019996093031446005
2021-01-08,-0.0042521300586457755,-0.006603296449779306,-0.0010903899878630385,0.0009863955949618308,-0.009845593660337992,-0.0029513024005215494,0.004375933036671276,-0.005383073345883838,0.0011042917374861627,-0.003428779457165798,0.004136761362194985,-0.005094434525297786,-0.007990350712806737,-0.0013546265352781806,-0.013402655175024925
2021-01-11,0.0004493907204827785,-0.008370030061510714,-0.007275959459623338,-0.005912340617661549,0.01636827452737788,-0.008172360507887055,-0.003705666637354721,0.012927537878844486,0.014924065860048241,-0.00020242471888165525,0.010763625875012561,0.007522608862655211,0.0009914480957693428,0.021532533139242638,0.000405329135851229
2021-01-12,0.037519589679568144,0.017874561973330927,0.005771760645360002,0.004625948914540601,0.003461695904904749,0.016090536954438184,0.012817979312111705,0.028519861692251736,0.015718853411216482,0.01619431261789983,-0.0034181080010661224,0.014744611446540823,0.018692665959294974,0.01576771590932835,0.00628313072322273
2021-01-13,-0.0019488176899381537,-0.006829074211948116,-0.008198100513721274,0.006413176393992304,0.0028498208567975247,0.0032561207822727756,-0.01756956460378556,0.002415353824189559,0.0009272418914212377,0.0025896564912273323,-0.0031665291549781704,-0.016261384200837337,-0.0006076591172784473,-0.027614311594531538,-0.0028201916605162802
2021-01-14,0.016923015909736883,0.014243457962704431,0.0016533010818193805,0.011274670418850885,0.03215698172821346,-0.008273837297696929,-0.019246754472238337,0.01627409032819993,0.00584224529191002,0.02463741801484387,0.012043777451878235,0.015084621044885838,0.02030633865971443,-0.0030246724572929873,-0.0046451011953884125
2021-01-15,-0.008320557391640948,0.0012106080671843156,-0.00605180494664892,-0.013168659713578501,-0.069265337727755,-0.004043183111439808,-0.011950600287371382,-0.022281915473349567,-0.01792149807103205,-0.008338276714436876,-0.016085002185271535,-0.03473648691617459,-0.0035751439361235704,-0.009775812217017066,-0.017857362739297722
2021-01-19,0.012263035649310972,0.0217656437816387,0.017250926812008016,0.037658862867324894,-0.008407415685294573,0.0010955529150464827,0.0019812044852411947,-0.022624175144670633,-0.004327777163325441,0.019163166911041696,-0.003322668440561949,0.007882243130173272,0.014950434305273097,0.008170226634124145,-0.006817993668472799
2021-01-20,0.00021283974000074757,-0.004023454611126298,0.006620042330135467,0.017278051715541753,-0.006908255104271843,0.002960800176369238,-0.01233078491778361,-0.012678504136076851,-0.0149953935441689,-0.009017710473331109,-0.0020002229613562683,0.0016662068742165914,-0.010016400929584224,-0.010467790178467551,-0.051799413374919556
2021-01-21,-0.01572459422937711,-0.024477549352063366,-0.002522508202471019,-0.01171109084754951,-0.021818296262601233,0.00866385808121728,-0.01912254184568507,-0.003787024915090309,-0.008384204053544675,-0.01122952158134638,-0.0018708919263331625,-0.01644624426061947,-0.013689172240965886,0.00153559444926743,0.0019744376519037488
2021-01-22,0.0023751275225218915,-0.023629397199160906,-0.002619036034125166,-0.010122962590547901,-0.008727888186418786,-0.029522270553955177,-0.011600273098725467,6.949066163031148e-05,-0.007713631268845944,-0.004111767467403937,-0.007630454108162765,-0.0072877597023138785,-0.0028963220601481154,-0.00511063658463673,0.004160219268821264
2021-01-25,0.003014951403182753,-0.012475222863263302,0.004708645968853897,-0.039559269453874335,-0.012555084318135012,0.0010490967107745774,0.0017930668425902851,-0.021942834682651458,-0.012482116987753478,-0.004915626558553932,-0.023607010935397188,-0.013764035094981142,-0.007988403292330415,-0.022602918755311063,-0.002180810589034188
2021-01-26,-0.0030058887945437762,-0.011874824652024829,-0.012888582014770722,-0.041271034674021934,0.005779494025578202,-0.016307454537332844,-0.0033627781916200084,-0.004522345077683343,-0.004087107500666209,-0.00987936967198988,-0.016164684041991673,-0.016016615739785522,-0.009028814862224399,-0.015241632393526272,-0.012455799345789775
2021-01-27,-0.02756873812684202,-0.038609054337025106,0.009039222177180228,-0.017735972598424188,-0.024790889124228,-0.0339548672405241,-0.026993306916929694,-0.029919302379253443,-0.028271723383842318,-0.03392541365820212,-0.03917987488454178,-0.024449386375499982,-0.024378178199622735,-0.051947995891093335,-0.0526665676274255
2021-01-28,0.021483789874672032,0.023404361638727833,-0.010949073237777607,0.04277330403977042,0.01582503136302771,0.013990206242512793,0.02058277954161314,0.00618338278321473,0.017597079408307126,0.023961907111317737,0.018363464791382178,0.023192690247649583,0.024608974833341124,0.008444394508307695,0.02242473808369394
2021-01-29,-0.02038149291595248,-0.02702699357941829,-0.019396183371279574,-0.022778815365910754,-0.030753910180451594,-0.009923225202154606,-0.004000660396094147,-0.01399913231699057,-0.011067237467741853,-0.02864630936235668,-0.03274654086502515,-0.028892108674878014,-0.03584218474605694,-0.04093791625367316,-0.0210192295208409
2021-02-01,0.009517522562020986,-0.000534098408007444,0.014275063161099277,0.006623081294197641,0.007587669850477985,0.016269880584172558,0.03136383420146971,0.01312831084541699,0.0073829119599204684,0.006646060585126179,0.009246698232044936,0.016304315119564983,0.00804824434027851,0.03550644375610479,-0.002333776973865054
2021-02-02,0.01534769257897639,0.03073198667221999,0.01913354873490669,0.03135963751173887,0.019681679571198485,0.017562508742860805,0.024380931663249283,0.044552992309166095,0.03078236714121707,0.009490337906543633,0.04847040650515244,0.031125649449877724,0.015840776606890428,0.021922561385113504,0.03508798017850734
2021-02-03,-0.009069608817732111,0.009852024332055453,-0.016156869447015443,-0.0021541096954524885,0.0255117535872329,0.031067887264239813,-0.00010410306460439944,0.0055054428982228565,0.011451314971555826,0.008992204261155434,-0.004932859523362865,0.011968114749457026,0.009979948065918842,-0.019802237003141987,0.010847274343161795
2021-02-04,-0.003050715103818491,0.06136128128803686,-0.017155890305501575,0.03703061864819257,0.021440367866411014,0.04770776705558055,0.008021120983420671,0.0180211479145449,0.023013117508696057,0.061132842180584124,0.023937625650582106,0.02943484434959065,0.0224803143446779,0.03254764266646326,0.035323230584260346
2021-02-05,-0.006557400441104644,0.00822435508688435,-0.0019601427602998767,0.01104893142029062,0.0027240479218257896,-0.0011060409272601879,-0.011057721356485972,-0.0008507495621037364,-0.0019531009027895507,0.01310234953367484,0.012864948494134776,0.0016596870897089833,-0.03165014207868,0.00978273866173085,0.0008636604143406057
2021-02-08,0.01826202262270815,0.014635301048691929,0.004302455328934807,0.013541452867816828,0.017098075769655052,0.02233169765456311,0.0018287468531530404,0.022657222974805435,0.01565468642764345,0.030429653633508247,0.013794012146131962,0.011787923887411234,0.00935658296711206,0.0019732855776630753,0.022653470835909628
2021-02-09,-0.0006482021676076366,-0.003547212652076581,0.00465607785231037,-0.010235245600157317,-0.008326860275927883,-0.009929327756643236,0.0011995146499983456,0.0010329581273342825,-0.003996206275499459,0.004429663481512192,0.00013454046263272623,-0.004093263188061691,0.006426842401717092,0.00752034157559911,0.004430636579899616
2021-02-10,0.009513476586116676,0.006881850825119384,-0.021134590128340403,0.012235446308902942,0.007921395024226285,-0.0015195011830581029,-0.03526596016085648,0.012713697546441027,0.0005732219075673672,0.009922560728293561,0.0012124079478763594,0.012457111473288762,0.008350363646267844,-0.010129913295156778,-0.0054609626192065885
2021-02-11,0.00428364924112401,-0.01956146461159347,-0.010605918145085713,0.0006240527940397644,-0.006601556113551621,0.009557089570387367,-0.013444540246496883,-0.00644126037640147,-0.002792440937227969,0.0063687218930006395,-0.008206520299876674,-0.004996640947768971,-0.009499256599157513,0.007384814654633365,-0.0021120832091215958
2021-02-12,0.0006396767386360747,-0.004807406121593472,-0.000478581556354607,0.010209655812039475,0.0068036870179049025,-0.01019007237044367,0.00908513817056722,0.013230831776079643,0.014216982535757872,0.006508622938498521,0.012072651854819982,0.018580212943574148,0.008480943007596498,0.04040755895558523,0.008254008441140881
2021-02-16,-0.005151337286677271,0.018115668857799694,-0.011682613945846021,0.00817784160559798,0.007700713016425498,0.002436882123630024,0.027336099183475238,0.018412216237794432,0.024070831402248638,0.0061072423409591625,0.019300079700566908,0.047081933376456275,0.02349721484046796,0.04743106308074063,0.021200812962516524
2021-02-17,0.014886793186398739,0.026571828611150927,0.01598710713624496,-0.01622301397256276,0.009981500970624557,0.0110595481633462,0.009133888160230752,0.002500371513005639,0.0031107004442820774,-0.010712377353977343,-0.007889120800905314,-0.013889979034942712,0.007974838888272773,0.005742476030199617,0.013360703659040407
2021-02-18,0.005314547731528618,-0.026808515236394936,0.0020978449516755315,-0.0005445731575723922,-0.019765639602471463,-0.009616378608679366,0.01491050133849492,-0.00908092020376039,0.0033770930727936577,-0.007579570007615999,-0.008217543474125177,-0.003819504415588315,-0.018101119415491196,0.010277278425605774,-0.00486816965319703
2021-02-19,0.016705464446618468,0.0111611714110178,-0.015512044469641606,0.025060524529423978,0.03623198151880924,-0.00048560253957030675,0.005567123557909781,0.018457604324043864,0.01669074805468873,0.01963949518486685,0.015635155515832277,0.020969302771127962,0.026736508919488422,-0.00032312662671951653,0.019567938657938155
2021-02-22,0.023502421157886477,0.035697727619338204,0.017979803257028193,0.03219173795718433,-0.003952763895749722,0.023436579425136106,0.00205066613806526,0.00396020467599012,0.009390939257026387,0.02443399030512028,0.0184214092512045,0.0006454833604374599,0.023900561624273786,0.016798614065676176,0.018392299477432594
2021-02-23,0.0010161266527097812,0.006122255648471686,0.025638561429448536,0.007282161259679398,0.018620575242783488,0.0011274062940644924,0.016780117713027343,0.007384882853398667,0.008031276912259688,-0.00017407125227764109,0.0012917051993619477,0.015833987078182066,-0.008593894076043718,-0.004447738390208622,0.013152896513164425
2021-02-24,0.011977088026938754,0.023890205552362875,0.0032405028392634705,0.02154243937359923,0.027869364682889586,0.01131838144040831,0.009811333008915346,0.03580724410818337,0.017595035750642696,0.037088648813561775,0.030709627634554204,0.0303656359960347,0.053180511217483684,0.02824307833221984,0.023251478132080727
2021-02-25,-0.024072041532468114,-0.0325776504647497,0.004337311286936485,-0.02008733196883694,-0.01734673346255977,-0.03351711057081441,0.020428440634233658,-0.008710620387175516,-0.013571745984528594,-0.021826735617732296,-0.018152259773195567,-0.029246573182672986,-0.022244542337183093,-0.020794766227921646,-0.02234440678980043
2021-02-26,-0.015622092287330358,0.0,-0.020490648068990258,-0.013276735350305602,-0.022697220070263424,-0.014308235041002426,-0.024902247666433897,-0.02526224385158038,-0.02652442697042945,-0.011328546072300383,-0.019890107011635183,-0.028281213500187974,-0.01353678042844142,-0.02186979770964914,-0.031570643722683145
2021-03-01,0.017331947891630506,0.030944184549263287,0.02926824162315045,0.025506305148120356,0.05555576071094004,0.029401121775043615,0.05007489961341549,0.036734734219610043,0.022626723607722887,0.031944360642279346,0.02979067539250857,0.02797569723282467,0.02190982409907405,0.03856098358574078,0.023200056943291525
2021-03-02,-0.0016423664552771555,0.014345553740170658,0.007017903196935293,0.003892966691952937,-0.009059371537866068,0.0014938065843843606,-0.014592183688542426,0.0030915024592996776,-0.00325568873718618,-0.008075115792126941,0.02059100708596162,0.00011547878243711729,0.0045135347095872635,-0.0046800669956766905,-0.009968815211489512
2021-03-03,0.006167673289230402,0.022845843190085535,0.0144056886177939,0.023985510564198842,0.021331808368698635,-0.0006562945200537795,-0.004065067163956271,0.01054570239545738,0.019332041171901793,0.008140854131888808,0.01571956914180661,0.0015023385509194132,0.0039317092417410215,0.01818188009292987,0.010069193137203003
2021-03-04,-0.01103375929811179,-0.015740996294334786,-0.017166942356505732,0.0006314776634503971,-0.008098946748208768,-0.008955348073872327,0.005928280270193209,-0.015369672285497682,-0.015368601602553933,-0.01362709398683759,-0.011576611466367459,-0.004441858583780545,-0.008951425869811125,-0.002925068313747614,-0.0027366704044232693
2021-03-05,0.0320248601686941,0.015128485604823716,0.020758787030274783,0.03259040391694201,0.006016464681141143,0.03415660825328626,0.03333001702321581,-0.005830607561735812,0.0023245983311135365,0.01842050180451027,-0.0029586505268687224,0.02248230881411195,0.02359686884936507,0.003860018419794775,0.02842037081925941
2021-03-08,0.016616458740677853,0.005748261078670325,0.014871799801597696,0.01995504279898963,0.028335416348854947,0.009087137578533522,0.0005608215396646354,0.020832572271649363,0.013253075737425846,0.011053444382980393,0.0028437685422415537,0.013374081773293911,0.022722323973217273,-0.008612717575626427,0.03011222523651136
2021-03-09,-0.011421908704215222,-0.013124377514913022,-0.01491878771138,-0.034404641107500966,-0.017031405162906244,-0.020665981734703798,-0.016045671403366324,-0.010772146750990697,-0.007063172698096309,-0.011926338758222133,-0.003082549453531813,-0.029023719843303875,-0.014344101326765224,-0.011014727721623263,-0.021276425125765996
2021-03-10,0.01215164910995159,0.026383602991485677,0.018998298331148522,0.011371465823288629,0.038878792222767355,0.02257571949690851,-0.014686451824805657,0.03457444389345321,0.0217347719941392,0.013914361537174402,0.027705260198001458,0.023901574239629575,0.015428303972035984,0.020078523013266292,0.016635091670664792
2021-03-11,0.0039361751077409135,0.0033436736874132844,0.0004395547529520982,0.006814456942405789,-0.00596597414254918,-0.010779112197352947,-0.004984339493830703,0.00023405124206332673,-0.00522112121598961,-0.00777101082987075,0.001925831366402564,-0.004781269684485112,-0.004202583029588869,0.021220918212467854,-0.007995499660298444
2021-03-12,0.01627099615575789,0.008956272312230062,0.01740506449472723,0.005346639858788471,0.025508037197840894,0.02004544100498218,0.01721700680472238,0.019614077575489386,0.011858436534210037,0.01799689992916731,0.013093006789799855,0.025320758583446734,0.015799386892999312,0.018671882618855662,0.02417991906386341
2021-03-15,0.005787204145933256,0.004572131092305698,0.013219356868953813,-0.01043475225326096,-0.012769263063340919,-0.00485619913362223,-0.00028668460283154396,-0.007912726843212092,-0.004995321962264043,-0.009003002744968902,-0.005690899614758438,-0.01587551544845367,-0.000745904389197416,-0.01936446799200242,-0.01207899146568947
2021-03-16,-0.01994625776530201,-0.02089375050432596,-0.012194168080360224,-0.025104030669120925,-0.011991149826753644,-0.010217907696096429,-0.009421989481841697,-0.01254172050279545,-0.011971403748427534,-0.020317306683416914,-0.01574078720663752,-0.010922641459573224,-0.025692924307542442,-0.013114089831994247,-0.0025936133286619256
2021-03-17,0.011154436573169724,0.007183473567521359,0.0,0.00963039724919268,0.0036813733811873472,0.005973964400247889,-0.002607001366154549,0.00948221467732413,0.010292376707779605,0.014162939460815371,0.015992522093813744,0.010476925696937256,0.019586525198811877,0.0035129664838831065,0.012072776023791976
2021-03-18,0.0019355820755213582,0.0031468388573296924,0.0017264877903204745,-0.014514675505119978,0.003261174824977786,-0.02629273625132489,-0.00387282096630559,0.008841746357379998,0.01650675599915985,0.026766403851774312,0.0009540198067030659,0.008013801773044449,-0.000751321058623744,0.0056318279729823395,0.032666421260700185
2021-03-19,-0.0117829641395778,-0.020702671328095223,-0.024129468635203155,-0.013115569274741556,-0.011240372217779848,-0.05293542807399376,-0.015161842430157058,-0.010919736761471621,-0.01592144609111945,-0.007609953214375853,-0.011913450233129286,-0.02262816802355816,-0.012136183261838629,-0.0003030653650262227,-0.018837674012888495
2021-03-22,-0.011923288876484972,-0.012812400761198939,-0.008830945140531066,-0.005401263628459274,-0.014381752507863332,-0.013690896710371714,-0.016332574393088772,-0.01414864324777021,-0.026878838865554755,-0.01925256044268009,-0.01229813324365292,-0.025997102757029933,-0.012176563250129724,-0.019379163757660356,-0.017569036667457794
2021-03-23,-0.020771637146962285,-0.02703881122517615,-0.003385324652325772,-0.027652590080380568,-0.014591286422720118,0.0021013245278624915,0.0029091634571520864,-0.02227901908877905,-0.010002022097059471,-0.024122779753560364,-0.03417956903978414,-0.010629488912554774,-0.026744612240191312,-0.02176922805770265,-0.012168333706838452
2021-03-24,0.008080952878990688,0.0002227753893431217,0.00885023115963679,0.017195235421945343,-0.011704887281439591,-0.004829101998575003,0.02425877641793961,-0.009404378917188927,0.007761366425617311,-0.002045718461527013,0.002654103703242816,0.0050176833811304,0.004184215761374954,0.011994829950755959,-0.0020529178218074984
2021-03-25,0.024849768715398568,0.03356267077833097,0.016481936535526653,0.02788639430499007,0.023401843120628207,0.014621168719639588,0.0022949727708523326,0.005781383926928063,0.012813646642273024,0.025623746249563206,0.010084405774721361,0.039647467511944035,0.02398652718010319,0.015751743777993044,0.026556933267572136
2021-03-26,0.008212713062480281,0.00688163335369274,0.011507430901779081,0.010191096088066898,0.01812571646104666,0.005474919999166161,0.015542213347337075,-0.009559758002940844,0.016650057282307174,0.01299108631434076,-0.0018719415345244128,0.015141177033556996,0.01154736786586641,0.008905360624309244,0.024048127841157285
2021-03-29,-0.004266894775268648,-0.00512592714248461,0.006636226669393341,-0.009462156648814557,-0.019720705892544044,0.0035051192107999896,0.0025425177509654784,-0.00507073586797635,-0.015539373353526287,-0.010851638804344144,-0.02625667127024156,-0.028884498703016015,-0.014568648954580765,-0.024349368334942056,-0.010852198850282435
2021-03-30,0.009543991077628933,0.0163161205893525,0.002654164348671717,0.00786707069471504,0.019279166681362536,0.007296703206781219,-0.019284930728913796,0.019279989066176784,0.01178930859010796,0.021276723117640728,0.015536711346129106,0.0179378083025874,0.015887049624142113,0.010138828344372852,0.012504556056471605
2021-03-31,-0.012540735148268256,-0.023869961879501744,-0.0188711227457945,-0.01132427968246874,-0.002878196628745111,-0.02191828311808741,-0.0034644910193116774,-0.015090162447939592,-0.014564868714942447,-0.010579612745448608,-0.018080227541064753,-0.01244210442437177,-0.01064285700392531,0.006485456523249944,-0.010023321908204652
2021-04-01,0.0046893473112816775,0.0036790230816794445,0.009834546986803083,0.02212971002448927,0.0053608676473808625,0.006457045757773727,0.009107243727801917,0.0019573581731859857,0.00972237880123572,0.013324543368250508,0.007210705616635726,0.011401979581967314,0.0176726421204505,0.019331313650417847,0.00940161183574073
2021-04-05,0.0005835060333583275,0.007977372717129283,0.012582974274712111,0.010306494861765048,-0.0053322819893771856,0.005786787148913453,0.006550673544694963,-0.012513781447837213,0.0053007655801466935,-0.0003243392884209051,-0.002812608687905116,0.007609051166176162,0.00043165635946684766,0.025737522150635295,0.009672145588729864
2021-04-06,0.0031095174028319406,-0.0019248362661082874,0.002893780434317428,0.000616074913819098,-0.0020617168594442292,0.007066279627057748,-0.011328451838998554,0.010879848830332328,-0.007030911420229824,-0.0051967414599740636,0.013974149036781958,-0.007607700072682411,0.0031268173479306327,-0.012472934089093779,-0.0024835404292842256
2021-04-07,0.0021313390149502176,0.009001152207208207,-0.012306005463150527,0.006705575810537878,0.0012396110810330985,-0.000559009747178707,-0.0036570785179679266,-0.0015595326791687514,0.01566867322277732,0.008488295469051055,-0.0006321093709412695,0.004791302301115019,0.009780589098262071,-0.003714300470975096,0.010314703429114003
2021-04-08,-0.00444687459188664,-0.02166531016408657,0.00575718050804519,-0.0006118154975727208,-0.004952621130640433,-0.006461299861621472,-0.007829996875105771,0.014055918201406392,0.0012259525660418547,-0.0076073447964156715,0.014676068046263424,-0.0007854857898242917,-0.010431125216077364,-0.003132221360923171,-0.0005281795749979556
2021-04-09,0.0029131444839092246,0.011723706626664443,0.00042723394226173994,0.005032628944394046,0.0012443655144735999,0.004877412899421785,0.009322142622451235,-0.0009962957005639206,0.007478224250529353,0.009949270081889727,0.006483899204696053,0.01179081894377454,0.014843538377450782,0.01092166772432357,0.008982114307855005
2021-04-12,0.01549197592904239,0.012017269651232843,0.019299564612912823,-0.0014208872404524175,0.0037282668303475486,0.0015559604307371355,0.00034234594917270655,0.0031134859842456564,-0.002111443673041724,0.011950893848716948,-0.00668968767143685,0.003329164491028491,0.012824570260153934,0.002071815244527375,0.006807470748223521
2021-04-13,-0.0028603699411791084,-0.009965920627736713,-0.0014242946710963933,-0.01070663033085495,-0.008667229061237403,-0.0001245280265507187,0.005666536737928052,-0.012536113090413914,-0.011926968105310909,-0.009734844465282944,-0.008106498890730562,-0.017642833676821845,-0.0029300196969376247,-0.016393511099611735,-0.018203806967688085
2021-04-14,0.01109182382535523,0.017134207751865915,0.0103196289083487,0.009795107858102003,0.011795953321709352,0.01982362107782132,0.00442050852973308,0.023406955855283185,-0.018690331409867533,0.010958586072211896,0.01584263581840628,0.009683362141472474,0.021620651279343095,0.012612744354958183,0.01677552901649837
2021-04-15,-0.0007564799805399591,-0.01747721665313573,0.009716305467042163,0.007529262668211967,-0.005074798297433403,-0.012248039642082764,-0.013154525426070096,0.009542279382587227,0.006348656087835192,-0.006854640977467796,0.0003714642423657821,-0.019080628339490535,-0.0004110221397929381,-0.02876636295861479,-0.021709087404696792
2021-04-16,0.011735666162592029,0.00942964683249925,0.00501665302489096,0.009829767821030844,-0.001240510056933486,0.004133338486558502,0.017299441407233607,0.011106215127174579,0.007425814431443856,0.012359619169292957,-0.027592478559433142,0.023285353140477083,0.0162384201015513,-0.01160293832632453,0.0271613540467206
2021-04-19,0.0020580490293495846,-0.00785551828862141,0.005237403934132301,-0.009667208069338518,-0.004417060699754116,-0.006512080902554507,-0.009586511406093567,0.002278652538556525,-0.004239969595380311,0.00047552644817860923,0.01832296799100286,-0.006373768288779669,-0.003438421019106963,0.017608973644250625,-0.0024195025952036264
2021-04-20,-0.018110669184558725,-0.025679452186411655,0.00024408882381732333,-0.0231586504969713,-0.03244143258026544,0.0,0.002577855616179958,-0.032673744011697536,-0.022142109497273355,-0.03074491748878705,-0.03423712107556176,-0.03370455499403624,-0.02557370699400041,-0.033242448085467835,-0.025987570575060515
2021-04-21,0.017303748337442304,0.027014913587187772,0.008382704361123317,0.014334615687989771,0.012322813961203494,0.0207777869393726,0.004123574817654019,0.010214645018173485,0.008508011549699601,0.02436258162676075,0.025359293048421883,0.019798271020349034,0.019891897224334043,0.02684882224224472,0.013696215951062074
2021-04-22,-0.01046713753061368,-0.006415607891171904,-0.0019368432109636569,-0.0001355323671616837,-0.011889731125100611,0.011207198900730964,-0.004058326281761171,-0.0131836354301762,-0.021057663825089334,-0.011971378891242446,-0.012113730382822263,-0.007366047788683994,-0.012151624688853335,-0.009174200950575528,-0.014563935279188978
2021-04-23,0.008122120116605958,0.01894113200623937,0.011240613636611663,-0.019230971056989787,0.022489956723352078,0.01401882886936101,0.005724616815196537,0.025691752665742307,0.019135689844769876,0.01437805508033807,0.03397637550879429,0.024160087732102875,0.018193236722925832,0.036111214253377044,0.01905275456097777
2021-04-26,0.0,0.004013272132681989,0.001999232581449961,0.04164067041658459,0.01148756275533791,-0.01908307743110993,-0.012637906973457347,0.012287911731312828,0.0024633981624042622,0.0,0.007041410294465367,0.012357104363220461,0.00030435849855203756,0.009383152633788416,0.00978504731591423
2021-04-27,0.0029983815379373002,0.01914584302811928,0.004309549434472704,0.00013300800080973119,0.010941943493677053,0.003433133756195028,0.0004395813855384567,0.009053327679992451,0.004583162227147053,0.009077802184313644,0.005397392860635897,0.018530828329941018,0.007815180030382063,0.027593347732092655,0.009171087944488399
2021-04-28,-0.0001870505478878126,-0.004748168442476275,-0.003893940575442567,0.014498538944645034,-0.001096142722184612,-0.015245971243411316,-0.01836116679362154,0.0042696699573741,0.00647886795971897,0.005839570298800334,0.009394868483325158,0.009151178207911226,0.005135716112956157,0.0031589951017034767,0.011145268426039356
2021-04-29,0.013079273804495584,0.015142256659667064,0.020103604165511824,0.013701644951959357,0.012755461796760681,0.03315859745315741,0.013481052361252965,0.013961030289243892,0.019444585667077074,0.010983983924092167,0.01529482742682986,0.021105490794682824,0.01392669467071972,0.026481803646605018,0.017975635340282015
2021-04-30,-0.009037202794170751,-0.010012245419830701,-0.008367775544115164,-0.00827802367441599,-0.028501237909887678,0.012330257340529727,-0.008540416109381499,-0.01280553180642785,-0.008892515422292746,-0.012416719257185238,-0.013031666387961272,-0.011735325818458264,-0.008300471503513762,-0.0182681659343068,-0.011327711914296823
2021-05-03,0.014702928947693206,0.012383998761564596,0.010489190267077397,0.009455180073855818,0.006597364573515785,0.002447713797654405,0.008465466159331969,0.004907601202225997,-0.0029252220743340995,0.009272522404285999,-0.0010903857517979842,0.0062583675075453815,0.010761274165476564,0.007670454810109861,-0.0010112305621787776
2021-05-04,0.006786798245513204,-0.013251682719960023,-0.0022634599891658835,-0.0017439794847688983,0.00864578943119354,0.004069498308785446,0.0032401308524376837,-0.000914046556161785,0.01382335460029438,0.0014013838586741656,0.002182824115173787,0.027641831369553893,0.0022671924675143895,-0.011981927032786999,0.022094984863748834
2021-05-05,0.008926733940421094,0.009710682337018328,-0.0030506052000539574,0.012036449158074447,0.01907920058319723,-0.007932516585307803,-0.006361377053644479,0.02223876563933369,0.013120881058136025,0.017104584500744036,0.0226282398147184,0.0066729558559626145,0.024786501446159015,0.012697899173325977,-0.0034654736248503903
2021-05-06,0.014445671554044859,0.026600982620656133,0.040564911557906536,0.0031332561653398816,0.014516368128703494,0.01108941358383042,0.006353230807956356,0.02334901158399294,0.020124335686479533,0.023543933116019433,0.027452485447155173,0.01834430249431529,0.013628680785222613,0.007608008320392878,0.01738707046762289
2021-05-07,-0.0012459768056625187,0.020330934006070667,-0.0027146944541411866,0.013385913101618518,0.00401177166739819,0.018182766601685385,-0.006998196845492521,0.013443660048348294,0.00342274715505253,0.0031365824793565533,0.010019008851596567,0.0036835825326519966,0.0032192132641875038,0.0032159128539885895,-0.0011394166112270732
2021-05-10,0.007485341238831378,0.014260671265752256,0.016860891722162208,-0.0018868970279020125,0.0006659265863295794,-0.014513315510452762,0.025280756266159443,-0.005958604848296467,-0.0001238271743695396,-0.0031492308143999947,-0.014024533479771617,-0.0017596004459077275,0.007267671044254964,-0.009059350175093628,-0.0032589114620460435
2021-05-11,-0.023173654717895897,-0.029661078019894482,-0.0026767553185568227,-0.026783487760853264,-0.0034604167207685776,-0.03491915319911876,0.019418456637740666,-0.02376053909622311,-0.01662380723374024,-0.026177194744360976,-0.017925411030159544,-0.02276418457019902,-0.016960198462730558,-0.006610257902676886,-0.016674672918314704
2021-05-12,-0.013944333168937395,-0.005954705584936271,-0.010288413506044258,-0.013792611207915195,-0.008548290268883374,-0.016928817978179245,0.009335778025471475,-0.015336475066283994,-0.006874813646465028,-0.020238120803533932,-0.014601864811611298,-0.01870739839695712,-0.016299731442339427,-0.021379240383148868,-0.009808879259024517
2021-05-13,0.019283944205324532,0.015375302580266315,0.035932044293431664,0.0116875029221426,0.014279879396856598,0.023465535954340755,0.0055588222594133985,0.012443423909693552,0.025722437330368386,0.017817885530008626,0.014100987469749748,0.029410308005757724,0.025193523406382257,0.021612883330803134,0.025856158337532964
2021-05-14,0.01729719981985367,0.020649047136529708,0.012652383850495719,0.01992494737073125,0.016868131655222607,0.008235285772821177,0.008036950195092984,0.027758308515643426,0.015541675066466087,0.02091408182067145,0.029342689225788643,0.017192743800040544,0.01776994944878174,0.040039885826878674,0.01325713100274828
2021-05-17,-0.0007085324079524336,-0.006358448128979344,-0.001722779784252615,-0.0018455572708800938,0.011233137195033382,-0.009930666035493418,-0.0025809346054921356,0.001301691336441868,0.004024281421870279,-0.003035050808003925,0.008471440060210389,-0.0017551755092202193,0.0026001358143366016,-0.003412858419063136,0.004845766990775546
2021-05-18,-0.0032090774834772073,-0.00891979646919161,-0.013595260189380287,-0.011921501288733927,-0.010333373136409363,-0.01584636204629064,-0.010164680736741705,-0.012701482081391435,-0.014088731707858071,-0.004718350754936096,-0.012714229534815824,-0.025724937493717848,-0.012689919307047437,-0.028767238518267235,-0.021861674260822972
2021-05-19,-0.0026828278730094413,-0.008608972560120054,-0.010501331542210002,-0.0016777518565669336,-0.002087979650780558,0.0016884255073610355,-0.011062838834017041,-0.016951961494181544,-0.007637863009530954,-0.008564053913299396,-0.010578189748797873,-0.005259974579057802,-0.0013136895072025645,0.004372356438676395,-0.012818250089012384
2021-05-20,-0.0019724991960068383,-0.002763105484427042,0.0029476507406624997,0.005170318219012371,-0.0034005804202570378,0.00036108982180893534,0.019588161448421237,0.003906701332890394,-0.001738001742751516,-0.005707323073053661,0.004881010829840937,-0.009539201696776578,-0.007045471030342143,-0.006600427765314887,-0.0073248444385565215
2021-05-21,0.006109377756281953,0.015436685782976856,0.00984647650857351,0.008615729075694523,0.019028916101304416,0.003310226464815047,0.008194215096614776,0.01801068122981997,0.011378534880894353,0.0038784966987290836,0.02162555270755573,0.012719235371782878,0.011353059098977214,0.020215111880046654,0.012409702531835709
2021-05-24,0.006786877914923828,0.011108847139235989,-0.0013820940304997142,0.01128328374388432,0.0048934875685595625,-0.0002999547067409347,-0.002157978392093418,0.005542733803824973,0.005409705971601175,0.010199481250251718,0.015282065783793097,0.002635974958285603,0.005484685816373069,0.006096830765106809,0.0008283620788618329
2021-05-25,-0.010821318453112294,-0.020817450220663503,-0.015228930497508508,-0.003971057905197806,-0.009611492944265443,-0.005940275062958689,-0.011182308165912924,-0.010263708892561563,-0.010333577965611629,-0.02065193935603049,-0.009254105994580764,-0.011804682563405833,-0.018433146876153383,-0.013496877661116291,-0.012744065873015908
2021-05-26,0.008787602956968898,0.011220460775499319,0.0031077803291423844,0.0036074410287514347,0.003105545363919937,0.00289710739690463,0.0058172590002438795,0.007928353897473706,-0.00012357539065943612,0.003904943655456128,0.0055144707952818894,0.0010432894356571243,0.0063233647052698405,-0.001396063420775473,0.0013411525835496096
2021-05-27,0.010133261844860852,0.026085411734429353,0.005384776774826294,0.007314635000738701,0.015996073751930906,0.01926013156024453,0.009068732982842498,0.010805716398958776,0.015571886240705268,0.021627704793158564,0.010632285899611071,0.011568472352119441,0.015234033157704108,0.03243372259424504,0.016909433331775636
2021-05-28,-0.0024638402745564836,0.002466306538698504,0.002274314317057158,0.0024416414515020524,-0.0006350430066265345,0.003778966532404837,0.003071670580036878,0.005133455796911823,-0.0006695376253795793,-0.004569013174433811,0.00719818347813006,0.0028847362343520366,0.0031884574903411345,0.0,0.0006584638811943933
2021-06-01,0.009350790628653183,0.013436820500232205,0.010321060238130952,0.02266878028881525,0.013340207491944867,0.008823949382818386,-0.02564442219689278,0.02800934296025548,0.011020727744587289,0.017594907831019357,0.012754363439162697,0.005855826946909337,0.014396542260771694,0.010697474969416643,0.003455211062840524
2021-06-02,-0.0010487009512653023,-0.009523675673331455,0.000869661606273997,0.0021985418503251974,0.0012535907711395122,-0.0005829011146274432,0.014825340583047408,0.002614739025103896,6.00153840482065e-05,-0.006315030571134916,0.007056735760242683,-0.002042772210117394,-0.004423657327884967,0.003885317461230331,-0.0052469019463158295
2021-06-03,0.0017498953205072887,0.009426650306382456,-0.007791526215671252,0.0024370031418936566,-0.002880094106515574,0.011727308428986838,0.007581706588767778,0.013769986469432949,0.0006626431891079143,0.004236640488280763,0.006360342597915292,0.002354067549565464,0.0018513272765590116,0.014413675521086189,-0.0004944177510153303
2021-06-04,0.004017323403313844,-0.0022413969403614065,-0.00022033703232282598,0.0029178476861373426,-0.0017580300354651524,-0.0022487942382592996,0.001926979631587722,0.007023255533672668,0.0016246876325298754,0.002862773293192067,0.006534654841749754,-0.00959794637808975,0.0019405788887425501,-0.003815718164178139,0.0021439308141129043
2021-06-07,-0.0015658491513994566,-0.006551717891796316,-0.012772323813244113,0.005575548145313469,-0.0022644033567259525,-0.02057711436372034,-0.0012363901217250506,-0.008404803363294189,-0.0046862191385035334,-0.005258136627476873,-0.007982233143474238,-0.00458744047971249,-0.0034120823532594047,-0.013074276033899102,-0.0037850843484096286
2021-06-08,-0.0017422781758136274,0.0030148881373908143,0.0006691348516849605,0.0035560789127548897,-0.002899951834153147,0.0021838120707906583,-0.0021091367091539137,-0.008913649420595027,-0.00398409344210382,-0.0025676603999595926,-0.004505879426247694,0.005126656924451245,-9.253663781427779e-05,0.00521911759492566,-0.004129311622973253
2021-06-09,-0.012218582870557104,-0.020101319375304683,-0.011516943692633674,-0.014533698189948874,-0.01188683315188821,-0.01483944752115407,-0.00567496016219482,-0.004991192434734781,-0.012485060100584144,-0.02059355287940945,-0.0012931795969572946,-0.017053291679118288,-0.018230858195519728,-0.030218535053644358,-0.017249984818713204
2021-06-10,-0.006891579377781731,-0.011311541735138375,-0.012177968714120135,-0.011334999118230438,-0.015996914165785192,-0.010998014771527176,-0.012250199201238376,-0.023094003814998154,-0.01558855729767461,-0.012213984170871162,-0.010683251171932917,-0.010692369056494067,-0.01102811183201613,-0.003156948502354706,-0.010801574203417874
2021-06-11,0.0008894318147505409,0.008726072766892301,0.0024348650363095192,0.014053708352757655,-0.005332196936281175,0.009850969187954917,0.0074694160645327745,0.010991023473943207,-0.0006855920281791938,0.0034432523084440003,0.004035915698137327,0.0023844562433652516,0.005813830766790096,0.01790151716627486,0.009042613398206445
2021-06-14,-0.014577691013990646,-0.011605379721562836,-0.005693216857235117,-0.004254893161723783,-0.017259285167121163,-0.0037702069142871997,0.010444730774602062,-0.013569758745265448,-0.016969383692894913,-0.012478402751061823,-0.014448688856528724,-0.011046758661536704,-0.010518327816164685,-0.02583929480244107,-0.01657084036072598
2021-06-15,-0.0005411499506206008,0.008414743127133084,0.008627309062595456,0.015017590605587383,-0.017829020396731177,0.009852089102019956,0.001292193483453108,-0.004344014304477839,-0.015167715290795192,0.007265599997627881,-0.00022043122267700888,0.011544069186495198,0.004501155193753048,0.007360432864579103,0.00601788444682283
2021-06-16,-0.005415282556913592,0.0029110412952972897,-0.012641042716719841,-0.009562905111310416,-0.03196930740978876,-0.0035691082761222237,0.008618370373377982,-0.0008079843587439628,0.007024002560703568,-0.000940689594652544,0.004410291986228998,0.004438034113237066,0.002573955593283772,0.0166802286070864,-0.0011962301921344398
2021-06-17,-0.029764198862236912,-0.056308096184823686,-0.02982219747457482,-0.015484669137042717,-0.036384144621048664,-0.038572267974746444,-0.00845320694839613,-0.0256063041987602,-0.02886039518231054,-0.05430878226479274,-0.0350165202595758,-0.04029236644882117,-0.04298193805756201,-0.021830515735581812,-0.04654348230212657
2021-06-18,-0.0258136609125732,-0.03936837771277091,-0.01983393792956989,-0.024424889434017327,-0.018152557907374023,-0.026580040914149228,-0.028986222619845847,-0.0350486450306865,-0.025303054595037344,-0.03236504284564301,-0.04345377800216821,-0.02258165309090332,-0.030007980767914222,-0.03202085434206847,-0.01758809983107812
2021-06-21,0.019009287772460803,0.01921000195507494,0.03321493758805305,0.04254936225960759,0.012424084366915,0.01935749816516985,0.025153132632398156,0.02496924122630606,0.01696850282142104,0.023670674134966596,0.022000567788393433,0.03263613594210746,0.032267867717320486,0.04167240423184082,0.022652560331301475
2021-06-22,-0.004522284289880774,-0.004188409691488815,0.0026530098814616654,-0.002425574266020525,0.007450519833522851,0.0018238499635538918,-0.0006943922163931138,-2.774773111713369e-05,-0.0014624085055315872,-0.006869908448404072,-0.002792823618816942,-0.0013031360149092786,-0.003473211883897598,-0.0032993113048764844,-0.0007144534234938549
2021-06-23,-0.0026500034764675995,0.0037856213803337813,-0.005291779248218553,0.00924004814122803,0.010005790025093608,0.001066705351639774,-0.005049527702330581,0.009845129641864236,0.006058275646910527,-0.00033754599686364184,0.001983680901624263,0.006633662591365219,0.0060744574616447,0.005379311558194821,0.003575333802343428
2021-06-24,0.008919979472256978,0.010056411218485106,0.008683915192039482,0.01319107274948883,0.023977188194125976,0.01072138960311153,0.010289849699090636,0.02132672640645983,0.009198070457199004,0.012826929876487814,0.01409105229828378,0.02187663861458189,0.014649264954963437,0.0068596530686990675,0.013181163719035327
2021-06-25,0.019940073264620217,0.016801771298949664,0.014348945904409938,0.007371675362137342,0.0032248340987952595,0.006761900229544704,0.005254067021801978,5.399523141758067e-05,0.0100978124371367,0.016830736724313233,0.015158354931797735,0.022095073239218888,0.017754175786907744,0.0053140766712402865,0.01705362677470923
2021-06-28,-0.01567686250397171,-0.02162391925307705,-0.00787568768128355,-0.02755990839140099,-0.0005586805734741906,-0.020580213864212604,-0.013295653899254356,-0.00016263083445122728,0.001817314353272259,-0.02081279138255876,-0.007918794559594322,-0.009101977191798949,-0.02041602850558699,-0.006776684163606772,-0.005358690199297689
2021-06-29,0.0033727076165652736,-0.011676407552074441,-0.0013873578778655915,-0.0032163283717356883,-0.025590960137350738,-0.0034604868957125445,-0.008921163241175756,0.010604582469673884,-0.0012310573085124732,-0.004518841760570158,0.03352364965054777,-0.0058977530167829695,-0.004598930161964665,-0.0008187772925764003,-0.00805334797925783
2021-06-30,0.002054064010934109,0.004219335851360917,0.006714513852054349,0.005966833614086564,0.015355863509483259,0.003409440090118787,-0.002906497499739702,0.018544342086968424,0.00908273493923839,0.006220449240306181,0.011584296056554866,0.0015225726186911537,0.007274184940257333,-0.0055995629609396635,0.005471327782174518
2021-07-01,0.006336027213740492,0.014075637741163494,0.018015630720195963,0.012985138434579158,0.00367464353567315,0.01811973837941605,0.007146823118340695,-0.011962057750218635,0.009900766466586441,0.01102756147286188,0.0035991785549935873,0.00513747334179282,0.008100093588231161,0.010437677428106973,0.010707299744179055
2021-07-02,0.002777720539546502,-0.004557599563286496,0.0033136820864418937,0.009344623381285722,-0.00844945793114138,-0.0027807993015169785,-0.0031744592121846216,-0.0022134354382817856,-0.0009602745501667842,-0.0014873866861163654,0.00010851165202629964,0.005475716990228641,-0.001645859105961156,-0.010465782735342821,-0.0001737010367842684
2021-07-06,-0.01625091546770907,-0.02996884710816805,-0.011483842315478165,0.006291111148320594,-0.031245589423888442,-0.001735196738740452,-0.025665130557522065,-0.011492402016701209,-0.01679164377639264,-0.02515708661131899,-0.019776061342776097,-0.025053039818417777,-0.028992369399334805,-0.027884727700753897,-0.027097454145426192
2021-07-07,0.009198280269268277,0.0038617834923495575,0.010554238962868334,0.008374469172434562,-0.004104799944717796,0.005463186363575678,-0.005239334770435922,-0.00592109190843404,0.0011732937643984531,-0.001018695614296794,-0.001995296722090978,-0.007342005637288818,0.0025963798513060077,-0.009891197977624944,-0.00035697059202732806
2021-07-08,-0.026599808397949176,-0.041248073247735606,-0.0202119117099826,-0.020353274896432683,-0.0176651896855633,-0.024819791902854438,0.0028992583891154222,-0.023744209497777446,-0.01725362994770896,-0.036539672864581596,-0.026546969104411455,-0.017954764569050985,-0.032370554448169386,-0.03039806011043744,-0.016967412047441344
2021-07-09,0.019491927355517857,0.04480608497176153,0.02354299635292656,0.02650741879748808,0.02577543540856153,0.030263025866499094,0.009973357819879958,0.035716479325841766,0.03199936119278224,0.03827812800496022,0.030694011976109437,0.03514700173824825,0.03530644852436837,0.03841600893097197,0.035065527182429834
2021-07-12,0.005997984861335182,0.012161158559227614,0.008241610565225432,0.009654560531477507,0.014463169454440372,0.011552676374707582,0.002957971444772056,0.023509758915584822,0.014315809479108932,0.011892759223870897,0.02679062780968766,0.011810158252053338,0.010339791074704285,0.016442243357672304,0.010707299744179055
2021-07-13,-0.010806815328284869,-0.014966321159962659,-0.017017348232769125,-0.005645248367016742,-0.015408938017764329,-0.009659108205274158,0.0009034522081841079,-0.011879232794305361,-0.014873195819084084,-0.014774980249971148,0.0049595370645307835,-0.01370428810633928,-0.014564018976104709,0.001533728515571875,-0.011462290806847908
2021-07-14,0.003578722301297077,-0.006847621712300578,-0.004460184546533297,-0.0005791052621740844,-0.0029254615701215236,0.00791313048199771,-0.0012830144523857667,-0.004202195751499049,-0.0034050116296328037,-0.007498315105188613,-0.00804626850938095,-0.00496606494660945,-0.004493511311084886,-0.02255628740074378,0.0012299225869802921
2021-07-15,0.005818553849078922,0.0357681189264627,-0.009112213865372865,0.0019127656310857777,0.004107475773081459,0.011259202452464034,0.00123709918111925,-0.0028044837513192533,0.0021918522890878034,0.006868086853581756,0.001838551171383207,0.01288108229507956,0.006118839087229322,0.00498587320395405,0.03211079099975067
2021-07-16,-0.008770415782050622,-0.02433941902537584,-0.000306487514638798,-0.016430331224843275,-0.022644383124115763,0.0035508025971044965,-0.005180074739007945,-0.022900972542822196,-0.022835641246309768,-0.018076269262788602,-0.014897983883364385,-0.032031790321330744,-0.01565323069975111,-0.02352930132055553,-0.028051707401593018
2021-07-19,-0.026543645313918174,-0.04200433139194726,-0.02269078827841875,-0.04235065461121568,-0.02720478010117311,-0.035742214322707744,-0.014856659606369838,-0.027631588763001536,-0.03251923963281833,-0.029871649621981744,-0.020821708326411836,-0.0306923294262319,-0.030588214182102003,-0.03208019089294245,-0.04652795027396017
2021-07-20,0.02456010451080015,0.051190514921700014,0.0026668849315705234,0.03722137500677247,0.01859253895906643,0.04278865202178905,0.011443830077325634,0.028304236725460674,0.01864355448711308,0.032939630561282796,0.03324002661525971,0.021372102641111335,0.03500164649021964,0.018896408168645795,0.028985490847218465
2021-07-21,0.016987515285584953,0.022443464646224154,0.007509975984955064,0.02155482575870904,0.02413632214220507,0.01043761466335913,0.016396710928649583,0.02396083341470856,0.021040493834404428,0.02235706701953233,0.03639502448952703,0.018006505071922918,0.02170376567707266,0.02384456873712093,0.019789701275318317
2021-07-22,-0.014476650394119717,-0.015116934457437337,-0.004192831367837213,-0.009332595666413646,-0.014140453485042892,-0.012808677568349358,-0.012452932555420904,-0.0021150027682630412,-0.012626190637797241,-0.020003450582155025,-0.0011496643311695864,-0.01703867186794994,-0.017389468385472506,-0.03320897575085913,-0.02430069616838637
2021-07-23,0.005084948305439374,-0.005256516589647653,0.011618057589290354,0.013341228591930765,-0.003286991751088486,-0.002092472019371683,0.012132241240700559,0.003595047398671669,-0.0019210175034058974,-0.003113554189760004,-0.010672802501054734,0.007153697147913363,0.0005025891058911824,0.009813946402489115,-0.001612634197026508
2021-07-26,0.006182975304805938,0.008454996187495789,0.005857720832521451,-0.0032914895137023947,0.01588960241724835,0.007429324016304362,-0.0069373546833406685,0.004945985192803759,0.006704647462755675,0.007287546858875116,0.02104698195884458,0.008195613720438422,0.012462261688106269,0.0019144195464884106,0.008255694315617346
2021-07-27,0.001862239107917274,-0.006078785554431865,0.0072796580259497645,0.0019118624999612255,0.0030986718497969523,0.007018074879786562,0.007080912212361623,-0.002820052033456144,-0.0013189541823345197,-0.005340149547286566,-0.0006216137499953645,-0.0013548816175043,-0.0020842743687502496,-0.009846911347093479,-0.0005341733268720006
2021-07-28,-0.0001857420089811379,-0.009910971787738032,-0.00791165739117794,-0.016884395801066043,0.001765333966705862,-0.01948994717624708,0.007125462413330119,-0.0016270828935552872,0.001650670338628979,-0.0017319872436437622,-0.004249386382927156,-0.002767660662656657,0.0004973855438024088,0.007124530022117659,-0.0019589500136086846
2021-07-29,0.033835206806161366,0.01959522477574316,0.01617998666828946,0.01135160555321324,0.010425939741289358,0.008493150334768051,0.005950132874922964,0.008871444914141824,0.008569636977916906,0.01023601989339884,0.009541956089741621,0.00761879678320132,0.008451057079400748,0.010611526657099857,0.007137705865728705
2021-07-30,-0.010969286199505879,-0.010862813386701808,-0.018638885222961976,-0.008258352770992072,-0.009956184362085563,0.00782402785793379,-0.011969988051931835,-0.007071918719056547,-0.007973873110624252,-0.009101658185274863,-0.003115961259274269,-0.014852181158847788,-0.01133826214899758,-0.00904168048416265,-0.015945999179691417
2021-08-02,-0.00527258729529867,0.0004223610715063941,-0.002229998641309572,-0.007388531155746447,0.0016267466565742517,0.009541481698085885,-0.002969826699173339,0.008829415764615156,-0.0040189834191299845,0.002252741115186252,0.002604657475052008,-0.003453570963029007,-0.0007977029453171136,-0.0030906289888460448,-0.0073820436761591335
2021-08-03,0.016267459176458665,0.007810787053687651,0.007321238845472866,-0.001358924723272148,0.016979045101822354,0.013325435529786933,-0.012907819661501452,0.005737844607465403,0.011378085825916706,0.007954480372644124,0.0038447743477429963,0.02508535011599866,0.019560945536075236,-0.004871268052398681,0.013785278857196381
2021-08-04,-0.011870366874642602,-0.01361527037514132,-0.013618009166381562,-0.005797629724842768,-0.005226361129394785,-0.0030703317879711145,-0.0012933059806136127,-0.006572912222332805,-0.010792242433893873,-0.01990045364062709,-0.0032090873544862175,-0.007083866035900943,-0.02212196854341708,0.0038571769242097265,-0.014850418108389274
2021-08-05,0.011467145236587095,0.033340355578541425,-0.007755898442835196,0.009342168611926605,0.017075160965536407,0.0024985633000194074,-0.0011992769848607754,0.017043687702871013,0.01262903441939267,0.029931773204288747,0.015993499284547852,0.008971933428467915,0.02182168404043594,0.024087421504592532,0.013621500104828543
2021-08-06,0.01205683019755388,0.04706117653424435,0.022590382409112264,0.01019850521974397,0.01980192748543108,0.014201575423558932,0.007635124501505386,0.03536284632413644,0.02840365644898002,0.031781089517549654,0.019421480763654353,0.019230848549186774,0.026253806693493642,0.03795070197359651,0.021322239321409864
2021-08-09,-0.0023114891913683655,0.01766432176452115,0.014217657308743137,-0.003384548506547125,0.006331879758777914,0.004572046605378244,-0.0034788666855476436,0.005001312056574836,-0.0010798045262858658,0.0038187870718275896,0.010127343522513543,-0.00136654405700265,0.00047730221272801465,0.020714474657773874,0.0007018741337905254
2021-08-10,0.010514962900166624,0.024879655785375654,0.012436188721754116,-0.00755346027855941,0.020414031434321078,0.01325598831727226,-0.0008607122531180122,0.020231235533565206,0.01226735338873941,0.02100546160484318,0.012904356790057525,0.008894450151395894,0.011926299126465256,0.015118501373664994,0.01104476782613717
2021-08-11,0.004409231077441511,0.017689022599159054,0.009528902300477426,0.006961643609155965,0.018086936358414407,0.01673212073755792,0.000670169725573766,0.014510957691459492,0.011930305050854573,0.01409360576493457,0.018032153330467038,0.011476138834856764,0.013954510095658401,0.003756877662090874,0.019420865665654263
2021-08-12,0.007199177909284371,-0.00369823952480941,-0.0026549412470865397,-0.012597059780312003,-0.0022876359503709587,0.0033134908473377855,-0.003300432851475854,0.002681721348669175,0.003908996174160295,0.0011182933654609872,0.0076051197431517,-0.0025788657245430224,0.0039056017941001553,0.010585664851583632,0.001020675148323491
2021-08-13,-0.001743339083046802,0.013548565506667387,-0.0014045320806652661,-0.014479140627210008,-0.013759728875416322,0.005779368958205966,-0.006478633473129269,-0.010168698040592616,-0.011187109317175814,-0.0028723184606852525,-0.006974376629671486,-0.015615101691867417,0.00046306342118085375,-0.018695211424565428,-0.010705153761469077
2021-08-16,0.004540402340496241,0.0,0.010957981844447184,-0.0019869362674888036,-0.013814987071019913,0.008208927293289703,0.0007727945054938345,-0.0059155907540277,-0.0065637678286418755,-0.008161087236663533,-0.0021167599740683496,-0.0038344739818133577,-0.006388210552868201,-0.010133410806466014,-0.011164658791637083
2021-08-17,-0.0013986495555295964,-0.01098696486602213,-0.013256116037386523,-0.006636535075005945,-0.006657434802838091,0.002605557228567479,-0.008687610891559006,-0.008277222504259663,-0.012080531216960955,-0.008228596334381555,-0.00819510015624958,-0.010018447709000289,-0.007268207181370556,-0.010374544470684088,-0.014069755884567936
2021-08-18,-0.012957536041959372,-0.004628929491700906,-0.0031175136971068884,-0.015305175822604489,-0.006981231799538357,-0.0012993487880197385,-0.038025210276583454,-0.01523566748082572,-0.009107918893727862,-0.008133906988484263,-0.015650394342836105,-0.011664464467122992,-0.013891178042260144,-0.0068966114705979464,-0.01250885231825416
2021-08-19,-0.007982852027277776,-0.014881093880014684,-0.0020845857864120187,-0.019120194423330794,-0.017997937279740084,0.005258219667884534,0.0025307383911832293,-0.013114380547752269,-0.008355476596718536,-0.011317022153225609,-0.015109907828360747,-0.006575005258443234,-0.01208847895665155,-0.013055189090993569,-0.012667390425642244
2021-08-20,0.007868575463962246,0.011518608301865685,0.003954198637907691,0.004527193699674914,0.005870677554517423,0.004152216485621585,0.0014135675302568984,0.005844031432029606,0.002851965238864551,0.0038153248870702594,0.00932529049641162,0.00802922568134945,0.0052990125946859035,0.012805456265835957,0.006143943751548031
2021-08-23,0.0062100183222710825,0.011013401968826386,0.020585733506246484,0.004381943117869547,0.00911044782810233,-0.003866909588471912,0.01754377140692287,0.014095630585985175,0.012797178341819926,0.010907297207396915,0.014901617965876301,0.007802977939428191,0.012888847884464205,0.004585774589701774,0.008800169607328101
2021-08-24,0.0,0.0036927771652479624,-0.0027669560389060877,0.004674289829415201,0.016222185287422475,-0.000808238488871238,-0.0062921741917053575,0.01771061332516899,0.0061901171767750895,0.008501029209692312,0.009103213657202458,0.00646132149751355,0.009567658336367968,0.025587751093910205,0.011394407200504553
2021-08-25,0.007053265444746382,0.010485611032807318,0.006717513482295878,0.030893191996415714,0.015824482826735542,0.00722983240474373,-0.0013959249840256316,0.011161255933021641,0.020612838971181935,0.012643912559904935,0.009700330185600903,0.01936554235073773,0.012319832425555344,0.0057992945537366225,0.014609835763267132
2021-08-26,-0.012432027367737852,-0.016566672982330277,-0.011967600454272032,-0.004031782388351002,-0.010111879707318527,-0.01269566753197704,-0.004743079957716945,-0.0017187136497316402,0.0051579078015517865,-0.010885356785225841,-0.0024018918787674925,-0.005881474533632192,-0.011982721100437188,-0.012469794274042156,-0.006939574134621429
2021-08-27,0.012233930398840132,0.018326753561431985,0.00946975892598556,0.018971615172707068,0.0075925947903192625,0.01090584353708235,0.0026086843199222276,0.01765249107130784,0.008036858193113838,0.015860192733327283,0.015504543833665174,0.018376922867238132,0.01724449780126025,0.02973500964268827,0.0185185261935481
2021-08-30,-0.011560601953383376,-0.017996928291766134,-0.01594702625446265,-0.026030158744962062,-0.018084581305761738,-0.013257029563359946,-0.0028520646857312926,-0.014510627767337803,-0.01600728809173324,-0.014338076993313797,-0.01289690830016188,-0.020050486252755295,-0.014250798088215166,-0.03164557915040889,-0.020926149202301958
2021-08-31,0.00443011734947496,0.009996569277180845,0.005649671180720128,0.01034958973994482,0.0033486878518744767,0.0003809567438755046,0.012193444725827618,0.004640271130290863,-0.0030539506491922275,0.0021011402749802066,0.0032661810340270936,0.0025707682614328764,0.0004722358611166655,-0.00803376600816541,0.005430902045432617
2021-09-01,-0.005998310678926755,0.0003666251993721392,-0.007466258304367979,-0.009158668541670134,-0.008344093528850571,-0.00489348765894182,-0.012443077558235482,0.0003626991114493716,-0.001437975327279628,-0.011129015415820898,-0.0011490622331180589,-0.008477351806070788,-0.010672420799461624,0.004804254105595485,-0.021258293202157774
2021-09-02,-0.006212525994827911,0.01190907268421637,-0.002234065136794472,-0.014534282905957263,0.0026647091456262206,0.0,-0.007981693275618262,0.0020307100979843895,0.004632918710638645,0.005708752922092497,0.004985169282197388,0.011769080237105767,0.00267295793281086,-0.003961577677611294,0.004806981222043261
2021-09-03,-0.0050007240018120624,-0.0023538450727900173,0.0,-0.016970006007683947,-0.00461553600747755,0.0024041066282871615,-0.011739517593844728,-0.007696163637429754,-0.006045390051967248,-0.007135887946458697,-0.005532651476495953,-0.00099107961408329,-0.0013326844309111685,-0.011246868706577096,-0.005138235620241294
2021-09-07,-0.0082571483207452,-0.007804027795231261,-0.0186610650405149,0.0026364294473930627,-0.004917881662876433,-0.009211863428119305,-0.00788548147616941,-0.002406785105353193,-0.001755138262675482,-0.005553953174315618,-0.0006715078737195013,0.0036028804281913462,-0.0005721512944354412,-0.00013872120771185603,-0.0056989787653807245
2021-09-08,-0.0014479147684755,0.0025609783270261754,0.01026850963275705,-0.004946309064825516,-0.011013638324494313,0.003631003939005284,-5.158932526505566e-05,-0.012965435030961703,-0.004459533418913031,0.001642634493794759,-0.005855103806302608,-0.0025493683186262883,-0.0018126175078979623,-0.007214164110266319,-0.00877678060691478
2021-09-09,-0.0005439101994582085,-0.0021895615355845832,-0.005496306220549196,0.0028941633233692254,0.005996423761577718,-0.007400183416467199,-0.0020220949727834947,-0.001037150611316151,0.0043531729034760325,0.0008198976171485128,0.0026067492675698745,0.002920873921346434,-0.000955677957831691,0.010760302043966163,0.008673676860675439
2021-09-10,-0.008705130102078407,-0.004571140434280974,-0.004087892141283134,-0.004203333164459422,-0.012631344521723098,-0.004638887186273033,-0.01688675170987952,-0.0027187272228429427,-0.011495613825934115,-0.0042600475245498926,-0.0021185402077651405,-0.003224522387881845,-0.007556919700639653,-0.012304768512242825,-0.006628219931103185
2021-09-13,0.010428217822942676,0.0124906924736774,0.013075010760623451,0.017200183889257703,0.01365541162976247,0.017199157153185984,0.0001055651239765254,0.014325270863636996,0.01588697710073994,0.016784584118880064,0.007527503442921857,0.014609325791485217,0.01599998648903367,0.006298794361936144,0.019657191302237642
2021-09-14,-0.01701962314752281,-0.012518050033428763,-0.0085539932078591,-0.012201934263639691,-0.02467393518644767,-0.01123596806017968,-0.0020079020918502,-0.013609903868745832,-0.017452883866091007,-0.016345826004639075,-0.023850594953780058,-0.0314201866282704,-0.016032359680721364,-0.03004566935387787,-0.011142440892741301
2021-09-15,0.006815019778954934,0.006283636537249837,-0.003330356691525038,0.011662701895027716,0.024280306718277522,0.00816465190764415,0.0005822110127970959,-0.004310334212672795,0.006939799911023226,0.021224206065772355,0.011088093581445024,0.009715684417548553,0.005784833875023043,0.02036404549217541,0.0338042361309181
2021-09-16,-0.0018294296383856157,-0.0018367210615571894,-0.0015946004251488066,0.007995615712761195,-0.006387538910557655,-0.004506844262331722,-0.001428601459955936,-0.013110902764635335,-0.00044258358165794043,0.002416855664350903,-0.005531782330837953,-0.0014725523131535745,-0.006806004198919302,-0.005200151789081953,-0.012110658190229273
2021-09-17,-0.01044748706013221,-0.009935543700654859,-0.0034224676565488554,0.007932292650729478,-0.0005712790153730163,-0.003257163881025704,-0.0002121092748057496,-0.013159427554142122,-0.0025934543225533124,-0.008036286728096753,-0.0070265070111847905,-0.0051600856451998744,-0.004536328301528725,-0.004944872644867315,-0.00157628470111415
2021-09-20,-0.03556181846994855,-0.010778691825528264,-0.010989925444806259,-0.020436942889506593,-0.03802166526072048,-0.014732676753552831,-0.0033927799013622195,-0.034051814994263574,-0.029933968574125447,-0.03904732919900833,-0.030663215817353984,-0.022496438170699573,-0.04120601241280719,-0.023143571795626428,-0.02332922591505182
2021-09-21,-0.013827563576702229,-0.00507249697027945,7.740895785968149e-05,0.016815193436223508,-0.005349126260746129,-0.011748850182313642,-0.011541674465162743,-0.006056144514851591,0.00013079974491225776,-0.014162722525239424,-0.0033461270461579984,-0.0037907253553215448,-0.010011364581585025,-0.0052326548488220714,0.02550296361196791
2021-09-22,0.01032130754363747,0.01416173219345418,0.005864017043697656,0.025846783219880765,0.019420087602841418,0.006427582261969489,0.01877966081871696,0.025622511967910988,0.01915293091014325,0.016760601877005454,0.025432670937829638,0.02011203691847152,0.0219613063549835,0.028638093210834548,0.014360560210087137
2021-09-23,0.009830292143135244,0.01508102037542125,0.0034520029883244874,0.03504699226283137,0.038687206077614666,0.003165389997025869,0.021919380565191382,0.016577235451330496,0.03380134005739244,0.030445634431303104,0.027281824438893487,0.031651247138907435,0.031584120441513486,0.055397933164733404,0.023653502794850123
2021-09-24,0.004581279948744799,0.005319318072354529,-0.0023699746808696354,0.013613125273994386,0.004232418444665154,-0.004169419162682653,0.02341321644947869,-0.00257742307907316,0.011540037807345582,0.001632517566773517,-0.006180755921827652,0.004597136500013921,0.00523195533295473,0.01736188226666391,0.008433122994740527
2021-09-27,0.014630428349671876,0.04050356105461894,-0.0007663325861142489,0.0059754085018284275,0.015172706203031572,0.009505012105604838,0.0021210893627297,0.022924508401866994,0.02416576373091628,0.036668995618544864,0.02128070564654938,0.02930569966158547,0.027566499521627374,0.023680388511820194,0.021909945758401994
2021-09-28,-0.010674274369238845,-0.0182361175754725,-0.018481441400933996,-0.020535017062980554,-0.012316384937858915,-0.01658908898356215,-0.002721315704538374,-0.02578732806840267,-0.005390027765146521,-0.012891207527513826,-0.029115185790810072,-0.01238746967828075,-0.00975518847883905,-0.015507786097059384,-0.01112933126246396
2021-09-29,-0.0017033580903890178,-0.002679113900323271,0.010469528859508248,-0.009241318791643027,0.0022417581470093317,0.005243015510016491,-0.008742217680263953,-0.011835727214198566,-0.0007826700178035217,-0.0033443046960662803,-0.02440195590893368,-0.0014162112704604324,0.0030312653527311273,-0.010501234409536542,0.0050033126902382374
2021-09-30,-0.011566427239973254,-0.017012946841817533,-0.015619111779149542,-0.023376501352474377,-0.01887334905717064,-0.01649755417595833,-0.014172099398698013,-0.017823325950850233,-0.01361862190112395,-0.013582743686306187,-0.02250150370392401,-0.009116662828788535,-0.006516453159401858,-0.033696240394519794,-0.013607591202959624
2021-10-01,0.015538125634728006,0.010748915060680986,0.0032207322023578566,0.03826187532212355,0.01424914787440712,0.011125280054691489,0.016599352962909153,0.005211398151526048,0.021015432875090667,0.012797851740683708,0.017880992029428278,0.013647367723188308,0.009315658929218262,0.02169171477796583,0.022207196081472702
2021-10-04,-0.0032113963946445168,0.0061283175555719716,-0.008690945864519017,-0.007358718167190914,0.0015453864705741172,-0.01026171144082988,-0.009562998039058357,-0.015394636004956275,-0.001076872537836171,-0.002399246642086683,-0.019182268628714194,-0.0011093346349526634,-0.004426164085555073,-0.015990432637936425,-0.0037851042771275267
2021-10-05,0.01250741366695296,0.02920109744084476,0.012005476322012987,0.012162616749757271,0.017393695760333783,0.008870326318640043,0.018540327519514843,0.031163564343952954,0.01633021796721712,0.030463025647304187,0.021101177134484006,0.012115911689593029,0.023176135610201598,0.03646040619410762,0.01255563410432825
2021-10-06,-0.002059018316349026,-0.0022629700311233014,-0.004995139016908068,-0.007782263990724569,-0.0015164975015128368,0.008963890030627475,0.002016963543960193,0.005805951904838569,0.002134264629042759,-0.004511975934288426,-0.0010078104180091252,0.0016459082583537565,-0.0017564515574512995,-0.0025035043149581604,0.002610466202529249
2021-10-07,0.01575412815549404,-0.0020932340904054048,-0.001176436969662631,0.007631404892369353,-0.003175804952218919,0.009053823239311143,0.017058952484895862,0.006622993368614161,0.006330682489491535,0.008909046866720782,-0.0030271133009907025,0.004879949820210783,0.004816020740886495,0.008981581100453884,0.006997495634754269
2021-10-08,0.006646983118765437,0.0071674174774243316,-0.003612311677998914,0.004934552128979197,0.0022161061028254103,0.025011168344637236,-0.002869514147088581,0.005606503066138746,0.0007642889596373159,0.006816403361261436,0.012550698643424285,0.004757047973925843,0.011337702252116388,0.012436377645935082,0.0072722582746258535
2021-10-11,-0.0007335724775954233,0.004860536794258463,0.008511768353508975,-0.009649153751660644,-0.009260585326328785,-0.00010909163653016751,-0.0010419743568502726,-0.019271617275860242,-0.021031734210774755,0.0020004063858527488,-0.027489261148025634,-0.008433611081198555,0.0032809888693376976,-0.009438808845822044,-0.007701106566181948
2021-10-12,-0.0009178935695075552,-0.008464227100441257,-0.008986957152874453,0.008359278714517693,-0.014508792601264475,-0.006183245217628253,0.007401201898376897,0.0033488213987133975,-0.0076812652447090235,-0.005221193380609557,0.0050367355068334785,0.011191368823320946,-0.009992768129683416,0.008615098872987614,-0.003072147388773705
2021-10-13,-0.008634808175322028,-0.020731868276176124,-0.008753379958410412,-0.03538967004775484,-0.005379453082104302,0.00335851676618959,0.007149392309968583,-0.0005692078928505317,-0.026366463627028214,-0.009725255524717702,0.008079380219448318,-0.007575011578532798,-0.014039491832136042,-0.012941743784804505,-0.003243350646272347
2021-10-14,0.025759420211382222,0.027752809286036406,0.008830678240338452,0.016536541131259463,0.0076860450648801315,0.009438036446122622,0.013659270536262813,0.01265820088917291,0.015341366953941726,0.021355962758886182,0.024754083779422453,0.009924596689741438,0.02168470826639468,0.024124639210054477,-0.02245349417583098
2021-10-15,0.0036136337520260575,0.008828309785044564,-0.00039431583639704115,0.025071261343462048,0.02104495448146171,-0.014405076591180732,0.023424129133520877,0.03801133308516369,0.01920847566536321,0.0007634238748635003,0.011186709084983093,-0.0166419996563113,0.007378346487449061,0.03571919014516567,0.002496737618644662
2021-10-18,-0.0070207715735916,-0.006691715640871898,-0.005601399182640687,0.0057448327509654895,-0.009406534870651018,-0.01991069081384189,0.009579817249719236,0.018765145232139124,-0.0003599500341070483,-0.005642930663929069,-0.007146869946691892,0.008587396277257797,-0.0007231969106041847,-0.004326103465924103,0.00581071692609636
2021-10-19,0.011421165606901207,0.0129554002119745,0.0035702407882252096,0.002771348305407706,0.002094794423536328,0.02526715555105219,0.01696816468870721,-0.0036983354838592275,0.012128460812776742,0.007515279310966516,0.003352497435033408,0.029824838480579485,0.012758741459554246,0.012290195489105482,0.01271059513425965
2021-10-20,0.01165082380749416,0.016541591683025603,0.014545396774532593,0.012915156585486587,0.0008359013481298305,0.01805814227302882,-0.01558161865250296,-0.010360176665298981,0.01346603797556889,0.01385315756933081,-0.01071224587266184,0.028864359119951555,0.0185848932292334,0.0006130211780410733,0.020049006978202666
2021-10-21,-0.005669546824506599,-0.00587144911549764,-0.012233126675871175,-0.011859700927714711,-0.018240026450306424,0.003989373353057157,0.002894716719856527,-0.0007353929322099217,-0.007843362942977605,-0.011862097177873121,-0.003775197423085852,-0.0003291080956567827,-0.006403738853080543,0.007966892343129528,-0.006391863606736159
2021-10-22,0.007483861676887749,0.01265603686720529,0.009702678227381023,0.054149953746109425,0.01219705961472517,0.010149483751130672,0.014712008082196082,0.016511670527587397,0.013451070808388588,0.0009117347014406807,0.015157300483891634,0.015747662618920133,0.006356578394749235,0.015928949697432415,0.0090062358727383
2021-10-25,0.007782065009672934,-0.0061654521414176156,0.0078123308820443604,-0.025497169075441084,-0.007566314134982544,-0.00021269226858422474,-0.001192757689478574,0.0010377322662336042,-0.0048900362234911565,-0.00349167600784972,0.0010807609091116888,0.002221485483827168,-0.0015790001350989291,-0.007899493966888715,-0.003506698231903971
2021-10-26,0.002807983047000029,-0.0068746830502806056,-0.00527137696997948,-0.007459666740630477,-0.0025412054742854906,-0.0044665373478337544,0.007258223751880122,0.006895807260909992,0.0026914240947715218,-0.002742152664490627,0.01530762287559706,-0.0022627485513100343,-0.0014058989422357504,0.0020509954098129057,-0.0012796298013135754
2021-10-27,-0.01995084819568027,-0.01148070926345035,-0.026651908701887606,-0.01613719106325162,-0.004812539963602425,0.01623685820365428,-0.010079197971000653,-0.015852072822555408,-0.020828471651787694,-0.01787351088228961,-0.0154633203097575,-0.014624690533767248,-0.01662987156761686,-0.02299548736258239,-0.03459321677560212
2021-10-28,-0.011428642039645331,0.023057188786298477,0.010568321956651028,-0.01921007723407009,0.008106987653825115,0.030588149884804183,0.005896997419799321,0.009318840177161558,0.015074571957863103,0.015243102505944961,0.013146043575886779,0.000657533815199729,0.007337080380992234,0.010351427037828431,0.010783119472439484
2021-10-29,-0.03052742801932129,-0.01352256449201783,-0.020202894163391494,-0.004753487465577355,-0.017194786428555986,-0.003620697070996992,0.010121874936441566,-0.003543722340623612,-0.002758803694413836,-0.0378426460584268,0.002731668247152097,-0.0094814548766331,-0.0224727903276557,0.0004878843706082048,-0.00919084718880614
2021-11-01,0.02235889929239132,0.018615855069508358,-0.001293613468959287,0.0024741442064379893,0.006506564632862588,-0.015713015268026376,-0.010065731400953015,0.008104466600186155,-0.0005297537788209183,0.021496949368347895,0.011870190094202426,-0.0018481553110054616,0.011631110895281127,-0.0019505858220969507,0.006791436313593691
2021-11-02,0.004556303054563449,-0.0034891620031909376,0.013521150595028342,-0.005969547000561404,-0.01450949302248894,-0.009256068477414559,0.010397222830121455,0.017158638967905038,0.003945902866205442,-0.007170659129669188,0.00634623308329707,-0.002563769007707828,-0.0014373915387574376,-0.0012214987770067243,0.001316495148125929
2021-11-03,0.01705358713518179,0.018339557526756867,0.007509079520001016,-0.0032339193237864716,0.005830848997754989,0.008764941054592246,-0.0007253701171294757,-0.014037974717329704,0.00035200115834688184,0.024964740650136763,-0.019587332531159185,0.012375114389682196,0.02491679253956791,0.019077787719996575,0.015937938546491504
2021-11-04,-0.006421702380888905,-0.011296597010498122,-0.07151896914520184,-0.0004633802620248595,-0.028985692179217204,-0.011446352888615174,0.0005898972864724072,-0.023522283685897705,-0.013135576478025768,-0.020986627514651746,-0.02748291139207626,-0.023460154090590657,-0.018781857640357336,-0.02256085331040425,-0.025068847719574183
2021-11-05,0.01885096340736836,-0.0236794719745399,0.0005121669782659488,0.02411153807067201,-0.0001489791475456359,0.01678976101782892,0.005168157530348161,-0.002426062186629774,-0.0014261415848199066,0.0012517633168889208,0.0008019392559728278,-0.0029368439094039633,-0.007870984054983876,-0.003683292708855035,0.00680165516810427
2021-11-08,0.0,0.0033921635041547216,-0.0008534423061102858,0.019016415953203136,0.02179429673544231,-0.0066775684071598285,-0.004690794147460209,0.003095217062254685,0.006010050333493888,0.003621424329424361,0.002002485469769999,0.00516662338420959,0.001352135271449395,0.006530982311043321,0.0
2021-11-09,-0.008281884238181103,-0.006761391263627514,-0.0159744350594212,-0.0010552881326484354,-0.006720337753378547,0.008441963659280516,0.004803671280901423,-0.007322150441152475,-0.007571310965966416,-0.012080217532986937,-0.0035975189646845207,-0.005428183388614061,-0.01719644132499132,-0.011018465571764002,-0.010215757100290657
2021-11-10,-0.004619905561753068,0.0017019993448563753,-0.009376173255930542,0.008506800026259365,0.0032357629305146407,-0.002428555173422886,-0.002931396995015989,-0.015369607190609869,-0.0009535829074669433,0.006034464803638118,-0.019456501796699666,-0.007872825350451862,0.0038478598536832997,0.0018607079313597286,0.006991919485344056
2021-11-11,0.005534085200725514,0.0,0.004819844521192884,-0.0004963259750585536,0.009675979615388242,0.00025876738672292454,0.006468135468014946,0.00806797465337361,-5.978400030437481e-05,0.004419780419189667,0.01135333241852865,0.0009247470870821228,0.006296485315914646,0.008049772381541143,0.004794064386443253
2021-11-12,0.012071612525442976,-0.011043223974300242,0.000436099816214508,0.0032542177877850076,0.004211107589588536,-0.0013463531863622258,0.010516170837882477,0.00638733483480225,-0.004474633352442137,0.008801078838352128,0.009809954152643297,-0.009678808598423072,0.004353009950569309,0.008722479416616302,-0.004606803399646919
2021-11-15,0.009822804400916096,-0.0020615945440702887,0.0007846673100069257,0.0068175953112559196,-0.006073261320933998,0.0016593812937308883,0.008138920645523795,-0.0002468786278289059,-0.0017979806865929815,-0.0006231052044711749,0.0036053559797406542,0.005942659549756257,0.0009031296540842337,-0.0023139631145655537,-0.0006612161988629461
2021-11-16,0.00034939470650319215,-0.01549320633877549,0.004790874870277628,-0.012067853855950994,-0.014547404356764826,-5.165670802731448e-05,-0.004499584014759694,-0.0042487836785463085,-0.007204670579868955,-0.01153566266685302,0.004789960774188806,0.003466627836260061,0.003969131088022992,-0.0013429163867889615,0.0009924026642464945
2021-11-17,-0.005937857946079372,-0.004196504871565421,-0.018378852868422002,-0.007240990624520549,-0.01313850199869715,-0.007092983848956735,0.00336775066738082,-0.02862910413539821,-0.005381854952590248,-0.004415598621467565,-0.029893787276127015,-0.014937123155785326,-0.009075294222816055,-0.004766964222648662,-0.019827986546953724
2021-11-18,-0.017919830905966716,-0.014574069739792805,-0.0015011780728305668,-0.018929870307640595,0.0038894059382654778,0.0007821209357250503,-0.0009714571667165384,-0.00045964927272101885,-0.0086339425327695,-0.007444907745427165,0.0,-0.007655962669116723,-0.009339716932641684,0.003684436173508221,-0.011294809310548048
2021-11-19,-0.008229017888584655,-0.02084819522893966,-0.009906362837047489,-0.015152442810825728,-0.011473874665062,-0.019173743577099445,-0.012776410537625016,-0.010169226966368461,-0.013063388819194777,-0.024098331040776078,-0.007883178907266308,-0.007714575225904685,-0.024897053064617647,-0.018967153319565555,-0.01807340874724883
2021-11-22,0.007575742486653381,0.0362146668236889,0.014382678048678432,-0.015212677175056366,0.010551927495805469,0.013333278084824318,0.004567655241501267,0.022638657641031346,0.0213147173322914,0.022240376776657467,0.024868772263608063,0.024026613622684545,0.019927546660855056,0.021828687728582485,0.02413633531790471
2021-11-23,0.016827696172835527,0.03442216218886518,0.011889269569315797,-0.00029245134802091677,0.015363901883092668,0.011480536314935508,0.01609247226613819,0.025696613368147547,0.02391270016409508,0.013597973371386463,0.02557407094806896,0.024198069587588744,0.025214407802987227,0.012451160693253582,0.01848081689689285
2021-11-24,0.0036973256524548415,-0.017147551586970344,-0.0017409039258462489,0.004448264991096185,-0.01160559584268106,-0.013112259164305584,0.004386917816005864,-0.017596111493052513,-0.007844295278979785,-0.011521607198562878,-0.007265203658944008,-0.002200163465610361,-0.007804784521409314,0.0024111121349170705,-0.0038289736094838656
2021-11-26,-0.025258728407824504,-0.031784431911264344,0.003661751996826057,-0.08618360309134343,-0.02645679175144844,-0.030826652829877954,-0.029614679499770813,-0.02454954078781635,-0.030127015584181627,-0.0403959535250864,-0.03154653570470223,-0.040885691156449466,-0.03869031314455307,-0.04799122962958324,-0.039104238784887224
2021-11-29,0.002339354252933745,-0.01962537259575292,-0.010235363362048111,0.0066316196938971395,-0.007022804517161307,0.0026550803066691664,0.014268983337151209,-0.007319293228381651,-0.004322908816080218,-0.0034942912491793265,-0.007147950768359834,0.0038981220125937632,-0.0006661770434895908,0.012002600704016375,-0.001739040429967198
2021-11-30,-0.02800726710483703,-0.042766063448449465,-0.03906656589226998,-0.03522077858205175,-0.020602715966706042,-0.030101627419291677,-0.021346550319535473,-0.014358160166781264,-0.014885370652392371,-0.020537647565014194,-0.024786734353163142,-0.01931498085307959,-0.02637347927913969,-0.03383268380685012,-0.03588867551988528
2021-12-01,-0.008681113119146322,-0.016730198845798183,-0.014624712186304678,-0.014708065763501477,-0.018524239837841905,-0.0241265143644247,-0.0023125952022040597,-0.006622809732697799,-0.005918364917498087,-0.02642328560531415,0.00464039884023304,-0.007868152198069134,-0.021611112225404683,-0.011112430355383007,-0.008854212266093842
2021-12-02,0.02943932148506656,0.04331014412123113,0.02380287112606183,0.04471539106942535,0.020633368523906404,0.04122425896294013,0.02972582085286324,0.029377430003402205,0.021027244297713965,0.038872173834103796,0.03779123505619375,0.03274478516192669,0.0336829872949993,0.04690951803891141,0.031905131195565595
2021-12-03,-0.017556721155719823,-0.011860595831507115,-0.012399932548975201,-0.0052945252487650585,-0.01645516535737168,-0.004935222585837007,-0.0056939766089174615,-0.012411612435212382,-0.018112984403634846,0.0015170527680075097,-0.006574726308458678,-0.020411259756267564,-0.006671849137401709,-0.020593865937062472,-0.017844539664866543
2021-12-06,0.026529111729077126,0.027194124669090325,0.013478803500816872,0.03039666174322897,-0.0038239985776228336,0.03345086063298175,-0.003595906904690249,0.01716585198389753,0.011813586596464143,0.004207331276972148,0.010792861572533008,0.01127809676588587,0.01430946266987676,0.024212906047610172,0.023205741971271232
2021-12-07,0.017767634590369452,0.007668507474636099,0.004190112883740493,0.039021692441916445,0.006078151813037724,0.0027195636219565777,0.03029626075193681,0.027767845364323085,0.015047708870926435,0.014412746305704882,0.03253773652116232,0.016703423461510658,0.014874983527482621,0.011695743577695428,0.014240206645038
2021-12-08,0.0003525102293120419,-0.003986191529512406,-0.011066568181455794,0.011859532216490498,-0.00699542770086814,0.005956217480409309,0.003113594546740872,-0.006972955443365292,-0.011441349760387354,0.0014866861716518187,-0.01219516423468392,-0.0059518112454766126,-0.0003782547413648807,-0.0013524909526142492,-0.01126698533992554
2021-12-09,0.01128144307723189,-0.0029105524182729825,-0.012383087284727479,-0.005386695697508603,-0.005123130105698315,0.005497927753057574,-0.014844212624587905,-0.0020891354741829904,-0.0015558683145230345,0.004289068259326623,-0.00661723346656895,-0.006729590128419893,0.007757065286750242,-0.006650233443250109,0.002980218852057348
2021-12-10,0.008192355415446384,-0.007662909207700963,0.003250642639967216,-0.005892100795875432,-0.023012714124422518,0.0066771086647337,0.0033387070774850702,-0.013694977762755078,-0.003988445473570135,-0.004106360394626418,-0.02137593402942517,0.004134672286785879,0.00478739121753291,0.0018595252716435695,0.009788718217488057
2021-12-13,-0.014177023683394463,-0.010112290382250366,0.0016664367238694577,-0.022331261015242188,-0.008730022017624184,-0.006476058266700835,-0.002189333416577788,-0.016416949927012148,-0.011888169724552089,-0.01253523486425212,-0.012801061808613068,-0.026542888376636098,-0.01831084289269269,-0.017695799475940355,-0.01644460745359333
2021-12-14,0.0024553486304570438,0.015230304442725329,0.023197749948535407,-0.0027558455363583256,0.007643779468665457,0.012143229056545524,-0.0015355110580300702,0.010867337222666862,0.007662302704984247,0.015533643289223686,0.016980443719460503,0.013251445034373477,0.01884271701312601,0.017762360123285248,0.008623833611753673
2021-12-15,0.003324006815785374,0.00036823396328267144,0.025381494819531003,-0.0037454667784247997,-0.006596243912347588,0.007374908128047197,0.000439403854384679,0.0028032867644924853,-0.007478199027765031,0.00032914090676405827,0.006172706862552113,-0.0036721358467576293,-0.001214330666890695,0.010026128882675733,-0.00994597650012674
2021-12-16,0.009590258639726956,0.016923979401097577,0.02026078227201178,0.004683932273900515,0.013778222122694528,0.013978261288487337,0.006325308736869095,0.019132694113383142,0.015638814654487465,0.009371604160240077,0.008750242605578551,0.018730040092504563,0.010474257507592899,0.028063787191973555,0.012160743245693606
2021-12-17,-0.018307494552187942,-0.021164878697217282,-0.014505145540857578,-0.018343542106861843,-0.025053312785233817,-0.031093701274459762,-0.01881355291467579,-0.039182771234610225,-0.022754599584175916,-0.018569615410865214,-0.031605392469506444,-0.022548195868051124,-0.024710739898064937,-0.0112051875447855,-0.029601116336422595
2021-12-20,-0.02603790812655371,-0.022177020210378817,-0.01603302787076266,-0.025748370977177193,-0.021162162111183824,-0.021077999574106054,-0.01276780259178989,-0.026689173287193557,-0.017988788983458015,-0.02755185910895308,-0.018119787558461775,-0.023778117946381738,-0.035775450002988096,-0.027365783679902278,-0.015431488052460973
2021-12-21,0.026734005711114506,0.042147043776669335,0.008992987165189037,0.03220224304771113,0.01887443262085542,0.007912785731982952,0.01482579944289597,0.023438378944945715,0.013965987341753694,0.02952720372909745,0.025164874876200116,0.022435460121329465,0.042908972845358884,0.03111060672547805,0.01767818292890455
2021-12-22,0.005981883540891353,0.002357606684862512,0.0008825233769029772,0.00969468940706042,0.0037047154686074,0.006088632504185787,0.008881025585857127,0.005284992091161955,0.003908279052291519,0.009283882043434666,0.005421035843684807,0.0012699787047438793,0.00887080718238975,0.014304622699849556,0.004118604406630144
2021-12-23,0.008918950154596095,0.023520996629004864,0.006259739664668862,0.010586803455562288,0.010235062592660382,0.01199687011277284,0.007746637042065796,0.007088427176897616,0.0035736419908143358,0.014783128752684505,0.010579976687987713,0.004109186669594811,0.01253377285063162,0.008888211569336057,0.004280579409097873
2021-12-27,0.008840473784905045,0.005833398421836611,0.017085917830512054,0.0012182031828145146,0.007307814091489506,0.014897093978783804,0.01648112376359978,0.007791161343667419,0.0057232177901769266,0.011492207438330126,0.010670359638092819,0.015864320972028834,0.005358026529761473,0.00810511466981012,0.007636145469900768
2021-12-28,0.004982912195619971,-0.00404219910657222,0.008700769804187436,0.00012190823881264023,-0.0004948422270996122,-0.0002583820898134359,0.0030072404578980194,-0.0011080842165095417,0.0030346432737327067,0.0019205217136781805,-0.004283027982821208,0.0004974527970302844,0.0021134551868928764,-0.0037286408304236796,0.00017642425868413802
2021-12-29,0.005129133438721789,0.0019413084406962877,0.0073448105532036845,-0.0035281197400276465,-0.0013196397490194967,0.00480795215960006,-0.004388834593707425,-0.0036376225202326973,-0.0005042617376291858,0.0011180221587001604,-0.012403899683819053,0.0003478626912327698,0.00018338728410061123,-0.0063156836621902634,-0.0026433250255981644
2021-12-30,-0.0039122835343620155,-0.0007045963847829295,-0.002289069729837223,0.0020142645313212526,-0.0018168281097330485,-0.00643138758282058,-0.0019640459764723728,-0.001760860767939132,-0.0005044077409731562,-0.0015953607378780266,0.0007093093386036919,-0.0011926065455838408,-0.0041255014749067564,-0.005649718055340536,0.00017810847962751453
2021-12-31,-0.002903092665073048,0.0021146839919128357,-0.0002548684970198334,-0.0034111194018894286,-0.0006619686345062936,0.0010356761868477449,-0.0008748417105408635,-0.0077038877946531414,-0.0008201711339891338,-0.0014384073251946239,-0.006477729516820907,-0.002388151750741696,-0.003590163443252248,-0.004498094451505619,0.00035607035071816284
