Date,APA,COP,CVX,DVN,EOG,FANG,HAL,KMI,MPC,OXY,PSX,SLB,VLO,WMB,XOM
2017-01-04,-0.002979211593786,0.0092866973912488,-0.0002545736775312,0.0089204379176897,0.0007725430186085,0.0030995341951747,0.003771479032018,0.0050903260637045,-0.0319287030625894,-0.0109309979686673,0.005415669523884,0.0074290791546824,-0.0359273225161359,-0.0031783306779255,-0.0110023990029498
2017-01-05,-0.0053466400056469,-0.0029368612759166,-0.0043282680310207,0.0317896925063416,0.0054040326168525,0.0009652966036828,0.0057252267443985,-0.0013812794460804,-0.0037081808205952,-0.0120314565023101,-0.0059595485103429,-0.0015215184171437,-0.0030932539300166,0.0121171439365621,-0.0149071457238126
2017-01-06,-0.0020553380139681,-0.0037304608615609,-0.0040070057559903,-0.0069372285539703,0.0098869697149588,-9.611714792834292e-05,0.0080059267580725,0.0055323231832651,-0.0133202540450936,0.006513771491017,-0.0154485840932578,0.0138335257014996,-0.0150710297503531,0.0214241363816927,-0.0005645422478608
2017-01-09,-0.0120405219008671,-0.0212849981176019,-0.0085583230122536,-0.0429422732835249,-0.0208153926776731,-0.0215127563491334,-0.010413118590924,-0.0077945905010402,-0.0180665257446878,-0.0084413208516705,-0.0161590523608449,-0.0082103130274258,-0.0043505000567608,-0.0151145289199752,-0.0164973936953125
2017-01-10,0.0081783816978888,0.0,-0.0075968332526369,0.002576122481056,0.0036887401640401,0.0126195102454313,-0.0255037633047668,-0.0032347551162948,-0.0099068308731067,-0.016032885529534,-0.0030943545768228,-0.0136413647514757,0.0024108272891416,-0.1074222495144454,-0.0127524983088767
2017-01-11,0.0143153205333106,0.0314133821334601,0.0084380073892047,0.0149893540787025,0.0147000214224637,0.0116835785962881,0.0137261021832986,0.0171536669115139,0.0140903671041887,0.0,0.0134908504705415,0.0125297552904133,0.0082672773873093,0.0098246827953003,0.0102410707925295
2017-01-12,-0.0117612623952202,-0.0208899288446319,0.0019835912389383,-0.0198314511926714,0.0058996633189027,-0.00327221541074,-0.0037911432553429,0.0113944492578479,-0.0082558870012887,-0.0046142888309498,-0.0064788943547348,-0.0038525382749263,-0.0083484994378878,-0.0027798509045419,-0.0054143900397766
2017-01-13,-0.0038081933347635,0.008773676847003,0.001893803254851,-0.0010759803982187,0.0001895523753543,-0.0213381609467134,-0.0115985360885136,0.0103652989778757,-0.0176654049629773,0.0007243516727371,-0.0124495933789278,-0.0059765979801233,-0.0019540985606744,-0.0048779455674716,0.000115758026868
2017-01-17,0.0050970795352347,-0.0086973689424824,-0.0008591655307776,0.0015081837715795,0.0008541193622841,-0.0090768735004497,0.008617633372816,0.0057979586192593,0.0072344089984253,0.0094095415386288,0.0032416533303609,0.0189812663113264,-0.0030127504334706,-0.0042019514485492,0.011696682702289
2017-01-18,0.0009546659853356,0.002392708559896,-0.0029237935785886,-0.0025810767110124,-0.0007584144379489,0.000796262660776,0.0021815349241329,-0.0048777166985385,0.0034887104100338,-0.0058800416325199,0.0068212681238783,0.012148985450022,0.0084605058714635,-0.0035159433640902,-0.0123624305744177
2017-01-19,-0.0109676835713545,-0.0081559591158767,-0.0031052099980212,-0.0058247818377186,-0.001992423649166,0.0173104740532064,0.0038092717182209,0.0013366789721085,-0.010838374102043,-0.008510965956492,-0.0135504995700749,-0.0032006978108217,-0.0101871454116443,0.0038814598494998,-0.0179648228994079
2017-01-20,-0.0065896670650396,0.0174489935397395,0.0001730822348873,0.0036889601045488,0.0026619682652253,0.0083119468633596,0.0200575557500282,0.000890257771305,0.0080626437517252,-0.0020372666777344,0.0006024027320057,-0.0081425206916971,0.0025728090616043,-0.0084360661163135,0.0136906412479527
2017-01-23,-0.0168258331186774,-0.0155728460426766,-0.0018166006454441,-0.0136190233767045,-0.019057738645631,-0.0089226270632292,-0.0292294427226953,-0.0155625636674591,-0.0008202326565559,-0.0087475489982781,-0.0101157301146466,-0.0256677819708368,0.0001514013411865,0.0,-0.0107112961972413
2017-01-24,0.0031264344182471,0.0066080067724128,0.0084931973077677,0.0210388330403685,0.0021263100649098,0.0151679348100397,0.0332119136322495,0.0216802993495333,0.0281200603798235,-0.001764716595091,0.0242094017708769,0.0036788642656522,0.0243018852262024,0.0095711660882149,0.0014120410498155
2017-01-25,0.0077100573272126,0.0083548498503436,0.0074759334896365,-0.0027904941394337,0.0021221023154738,0.0133026133670932,0.0139524642711601,-0.0008840747705783,-0.0083851864793996,0.0038304089507961,0.0096212633578482,0.0109955489116544,0.0069253980770216,0.0115870302197003,0.0029381061289877
2017-01-26,0.018232176418139,-0.0011838645399645,-0.0058852658526975,0.0148519684870591,0.0047161058319133,0.015030390019973,0.0113220519390544,-0.0079645520479317,-0.0046303921129726,0.0061647584926536,-0.0089411603631461,-0.0073676284430974,-0.01404891229608,0.0055538051012824,0.0030463403955751
2017-01-27,-0.0075139912914983,-0.0237013745799157,-0.023680824291264,-0.0108169150467908,-0.0142735394044085,-0.0001876217425291,0.0025835303518748,-0.001784556237719,-0.0072815904541719,0.0058351744039608,-0.0174500574693695,-0.0044766687699417,-0.0008907845478958,-0.0162237440055874,-0.0010511009377374
2017-01-30,-0.0343105617037944,-0.0394494725230177,-0.0173127859866177,-0.0336620889518449,-0.0165207479861875,-0.0391826773163005,-0.0297197450531052,-0.0123562906301628,-0.0146700018538054,-0.0155185113241518,-0.0053161634132525,-0.0105328674837478,0.0136681287734576,-0.0115787884029796,-0.0076013912180636
2017-01-31,-0.0021682700320119,0.0269585373816518,-0.0042031204376461,0.0104283437664522,0.0037549814180977,0.0260489306132647,0.0015933027626462,0.0163785453074827,-0.0064101725831108,-0.0016205570853025,-0.0086236951778638,0.0011962985242763,-0.0362010976544554,0.0237839853565213,-0.0114308085224609
2017-02-01,-0.0341026427037074,-0.005332042207029,-0.0031435378282624,0.0,-0.0057098688217778,0.0056101621430173,-0.0060103082557768,-0.0049241160416245,-0.0070757393019298,-0.0023607155273368,-0.0106591594501416,-0.0064510639222151,-0.0059307212778504,-0.0176839642070452,-0.0113242193132901
2017-02-02,0.0226721383070296,0.0039176873360993,0.0109013133723725,0.0024156144975078,-0.0127724846457466,-0.0106847415351619,0.0010672240937046,0.0188936488404802,0.003982009283979,0.0131638345980582,0.0037154288408298,-0.0087768251839676,0.0007647068900624,0.0109424632342582,0.006149110936801
2017-02-03,0.0093078018301555,0.035735926881568,0.0121197814243545,0.0249723969613913,0.0123360574894211,-0.0020070374345521,0.0051517853581293,0.0128036118483403,0.0054282993451075,0.00992663855539,-0.0135721090817299,0.0007275778419828,0.0013759629600973,0.0087292966101759,0.0010783206255515
2017-02-06,-0.0296779129242634,-0.0067418557767457,-0.0051949242503217,-0.0324853131243296,-0.0122846692562638,0.0097683195392146,-0.0084834359843181,-0.0191807494187526,0.0043603455193914,-0.0143102270336012,-0.0101312321874851,-0.0098181869261503,-0.0061059348210583,0.0100380095647454,-0.0027529955655207
2017-02-07,-0.0145153060148695,-0.0133758346808849,-0.0140730785603494,-0.0249613685910524,-0.0251753118896945,-0.0504553305190981,-0.0217470396306799,-0.0168890121116632,-0.0090966755986829,-0.0200910429528451,-0.0074552692877069,-0.0075899817572856,0.0050682239963597,-0.022275619451061,-0.0064813555113124
2017-02-08,-0.0017534565465772,0.003642339549438,0.0017057697159186,-0.0018124750871449,0.0097747191255253,0.0043949453217686,0.010204166155934,0.0131103935006664,0.0248279440248675,-0.00074808738647,0.0039464298267306,0.0006171363787601,0.025061436426345,-0.0080615432012347,-0.006584224010966
2017-02-09,-0.0001755850677931,0.0042337488569472,0.0060941057419519,0.0156601600161743,0.0170164383095527,0.0335122835830083,0.0223666347710067,-0.0013387716771614,0.0164902088411615,0.0212669659187727,0.0049455875871073,0.001109433752205,0.0080499845494577,0.0130741726247813,0.0044181977841577
2017-02-10,0.0080812470512734,0.0120091058705271,0.007037144187898,0.01474833303743,0.0163308696046029,0.0082747460547423,-0.0097036631855105,0.0044685780234832,0.0042058758668055,0.0041062217941412,0.0076969077389146,0.0116980534859718,-0.0022184412406578,-0.0080225040628393,0.0083090178030231
2017-02-13,-0.0034855226957067,-0.0087752782936584,0.0076075686118621,-0.0033028817448922,-0.0107451211547425,-0.0046762555137498,0.0033850588497459,0.0031136768717692,0.0027923093299362,-0.0157735556841848,0.0005014303263903,0.0019593242176656,0.0040434686436854,0.0210972010581398,0.0058165234223424
2017-02-14,-0.0293807639384451,0.0088529655299074,-0.0027478366018953,0.0150243222117438,0.0087692476090195,0.0324069138854583,0.0039061942664526,-0.0004432312926306,0.0208329846579802,-0.003412842365802,0.0010010501975428,0.0078219710932696,0.008652023240973,-0.0051652185479204,-0.0021684349058218
2017-02-15,0.0016216859870676,-0.0155566457442016,0.0004445678172237,-0.0372226494846429,-0.004741739611586,0.0386326819938831,-0.0136190113748529,-0.0119788224886753,-0.0062791331747767,0.0007446673794553,0.0012500785639892,-0.0086103728468273,0.0020702339609401,0.0034611771209311,0.0041050349850642
2017-02-16,-0.0061162552081678,-0.0206643401205506,-0.01678929157854,-0.0027129343237192,-0.0057566999770277,-0.0253040806286622,-0.0261788480394599,-0.0215537334157974,-0.0134280458205203,-0.011456834017529,-0.0119568296754258,-0.0075838651215324,-0.0171194442287569,-0.0344944384602693,-0.0103411844078408
2017-02-17,0.0034387952573142,-0.0171702083796494,-0.0031625745112821,0.0013603742632546,-0.011380775367935,-0.0126592346060748,-0.0110475885782542,-0.0009177413170269,0.0012008139345498,-0.0025587720507723,0.0020378319253337,-0.0059166166144419,-0.0166664250263772,0.0075026881585149,-0.0065613345789036
2017-02-21,0.0081172061175209,0.0130500023636996,0.0125985132871317,0.0201497060769533,0.0044437045221739,-0.007340262809938,0.0024203679205456,0.0101057262944748,0.007197153329826,0.0107138627380642,0.0047037653777812,0.0003722472356932,0.011910173278943,0.0237587972317718,0.0015897177171004
2017-02-22,-0.0175347757726367,-0.0214005548758694,-0.0119942185464985,-0.0288511004818271,-0.0195036572854439,-0.0450205709678667,-0.0144869727349243,-0.0218281045604125,-0.011314139100863,-0.0159747154955601,-0.0082246734265001,-0.0121471005395669,-0.003923302621079,-0.0301351092454632,-0.0117228270640911
2017-02-23,-0.0351480857646145,0.0042467385892224,0.005798001037834,0.0052565718871122,0.0004097945417649,-0.0104868275131425,0.0024494114411504,0.0013944218307841,0.010841195220298,-0.0100139625447532,0.0029346916756745,0.0096616076429234,0.0154521560884193,0.0096428370602343,0.010502896579837
2017-02-24,0.0081161094597352,-0.0054970446458035,-0.0081064346134852,-0.0268248854882168,-0.0130163559003623,-0.0054475259666431,-0.0060160226414058,-0.0139275719304062,-0.0063554063594289,-0.0055169176932764,-0.0073784616777147,-0.0039768442508786,-0.0046245447666426,-0.0106120326689657,-0.0085595110230063
2017-02-27,-0.0089872848356554,0.0068028132527626,0.0148017275225755,0.0058402573992506,0.0167189232978501,0.0123492533133964,0.0096796564543564,0.0075331562319327,0.0145910151588022,0.0089379799070683,0.0106368234128855,0.0113537824973948,0.0077937633118754,0.0064357149220131,0.0056732466475994
2017-02-28,-0.0064232603616062,0.0044341711160307,0.0067117101620832,0.006967158744173,-0.0093966312113976,-0.0077717887631624,0.004887102891171,-0.0042056492468273,-0.0228523147487738,0.0012220125925015,-0.0084956502190615,-0.0086360981836099,0.0105589015589615,0.0067494997003818,-0.0026979209106282
2017-03-01,0.0068454926879042,0.0311119898526954,0.0122666732645417,0.0292893901306359,0.0315497087261962,0.0480865010412774,0.023194809383622,0.0215861531418153,0.0280240689031665,0.0105262983614928,0.0150911176236805,0.0237683893192222,0.0077997959520477,0.0158782877042924,0.0209050518815028
2017-03-02,-0.0194525682450719,-0.0171255734981959,-0.0045658843691286,-0.0259916775972198,-0.0157921976398347,-0.0178790726302559,-0.0151738254961127,0.0036748423534544,0.0009804315865207,-0.0111714361081226,-0.0131030914482279,-0.0160448922419996,-0.029643659989359,0.0086838163432099,0.0033724851484404
2017-03-03,0.0032742935803258,-0.0080892886726504,0.00167553037329,-0.0027603653105175,0.0010154534049575,-0.0023117905474075,0.0,-0.0045764646232169,0.0045064806018455,-0.0097710947253245,0.0001277585021577,-0.0030878865830321,-0.0055679047338254,0.021005473601066,-0.0100839341671666
2017-03-06,0.0019197471121101,0.0104556999057316,-0.0033462590475478,0.0136101150017229,0.0152177345313229,0.0036687035435845,-0.0012991951004697,0.0004594616608379,-0.0023406591355382,-0.0020041230934685,0.0048505113483325,0.000247436811178,0.0054477242228576,0.006070954558526,0.0044869159847273
2017-03-07,-0.0174363378023211,-0.0124170538885672,-0.01201714350112,-0.0086481652776801,-0.00539579537428,0.0059638742847039,-0.0154274063696933,-0.0059741559455853,-0.01955026568424,-0.0004637411219486,-0.0157518547923909,-0.0095387835061856,-0.0123419355786998,-0.0137444330020014,-0.0037424158228189
2017-03-08,-0.0364662675722198,-0.0379294390020039,-0.019676413626876,-0.0651975974731903,-0.047222325970839,-0.0460894104010524,-0.0317162431936592,-0.0157192577680327,0.0013958776728533,-0.0294023236699284,-0.0029686392451531,-0.0231396243408844,0.0190489933976734,-0.0195742240531809,-0.0180565902973594
2017-03-09,0.0246916970590211,0.0124150912430842,0.0039230158868925,0.0012281238548697,0.0091743911690906,0.0172418753157221,-0.0077985473558305,-0.0009391472976296,-0.0187175060102916,0.0070896441312868,-0.0053075159483296,0.0076824310382113,-0.00583190507094,0.0105075874687257,0.0078984736545648
2017-03-10,-0.0079009030842992,-0.0174265116557309,0.0051795966004148,-0.0125093637030357,-0.0095090566415371,-0.0001975693628655,0.0003928707404008,0.0108131153510957,0.0119722393814936,0.0016000673942488,0.0262882592719204,-0.0001267363159159,0.0013537570968265,0.0024267343063681,-0.0007344648459316
2017-03-13,-0.0013933316172975,0.0037221559942917,-0.0113912002179025,0.0189055205098445,0.0016881118616169,-0.0019711388870591,-0.000589209510947,0.000465461915069,0.0224583215976337,0.0044729225227673,0.0019023220950356,-0.0012713093369437,0.0163736118107182,-0.0024208595235115,-0.002328351689945
2017-03-14,0.0033889854275961,-0.0196336965781348,-0.0181982803218692,-0.0229489651286656,-0.0037913529371234,-0.0287376562980627,-0.0212266560657353,-0.0218504688851102,-0.0192194580863759,0.0025444189823362,-0.0063284582760985,-0.0026723899345602,-0.0032514989297355,-0.0256499061233883,-0.0052812327502921
2017-03-15,0.0147027876237071,0.020026898629222,0.0141577222601734,0.0274859677602008,0.0261126980408787,0.0464664520963964,0.0349396384713049,0.0294677770367182,0.0309936279136544,0.0320432120051494,0.0208892776335043,0.0238582819609727,0.0191279677868387,0.0259696873539254,0.012470586390852
2017-03-16,0.0001958280688809,0.0,-0.0093678721516109,-0.0097277382611593,-0.0126724270279762,0.0050524540672254,-0.0120293974593398,-0.0046170443882601,-0.0073697121065957,-0.0190592915188887,-0.0057395610274363,-0.0074762402664141,-0.002618879512624,-0.0072815434895502,0.000853556349887
2017-03-17,0.0027407695272065,-0.0032724322557078,-0.0016690606332996,-0.0044200642269512,0.0062606745306166,0.0120846252632123,-0.0027495542927107,-0.0129869751456002,-0.0076205184623816,0.0042305895103655,0.0031378113803282,-0.0012554259101432,0.0051060102586002,-0.002095731853674,-0.0008528284127798
2017-03-20,-0.0056619063555604,0.0037210905404996,-0.0001856082026959,0.0,-0.002177325130921,-0.0093609640294789,-0.0027571351855958,-0.0042292923719668,-0.0057096541517394,-0.0067090722366086,-0.006630047098781,-0.0079194184367241,-0.0053701541228897,0.0059502327215625,0.0
2017-03-21,-0.0123696449189694,-0.0148276124468743,0.0035296476201394,-0.018253899745465,-0.0175644366758621,-0.0153315893788293,-0.0096757041435132,-0.0117978900913657,-0.0245544998016701,-0.004712655737504,-0.0102006845120239,-0.0029142947838803,-0.0201373079784203,-0.0132217012827142,-0.0020730432236515
2017-03-22,0.0047712368070498,-0.0117312264259227,0.0032398540481861,-0.0115574593082807,0.0012693996696029,-0.0093025445042085,-0.0063808764963505,0.0019099887250213,0.0062933299891709,0.0023672541790507,0.0029266858867968,-0.0039403018372281,0.0062547448802681,0.0028204382522087,-0.0008551884228716
2017-03-23,-0.0089038051801534,-0.0038073023405079,-0.0047977783673934,-0.0063547442051056,0.0016904980628669,-0.0155186332406567,-0.0024081950815257,0.0081033622788857,-0.0054468922641423,-0.0074004061330481,-0.0044403460492106,-0.0090576327322359,-0.0069557130391424,-0.001406307346733,0.0012228543522794
2017-03-24,0.0029948907076828,-0.0085432448546641,0.0011124277500966,-0.0074189907153595,0.0005276590711007,0.0013055195933726,-0.006034975183757,0.0,-0.0087222081169265,-0.0033311806005652,-0.0154179695631515,-0.0091415739047548,-0.0196720531371183,0.0102113686323495,-0.0076962017462717
2017-03-27,-0.0103504124513891,0.0043086052181322,-0.0158348240421346,0.0020618086350945,-0.0156020139215687,-0.0079213097177162,-0.0329893024989238,-0.0056738887356723,-0.0008185363037428,0.0006366497990033,-0.0002587397762833,0.0007797391425179,0.0068405650503398,-0.0010461064365513,0.0002463372346084
2017-03-28,0.0301686301142061,0.0246108110811602,0.0083742687045531,0.0190329803627622,0.0204544721026973,0.0231452378967405,0.005023133114512,0.0185447466010832,0.0040961379685371,0.0084303784256505,0.0086732749972771,0.0167485258735577,0.0009058289158814,-0.0024422820072504,0.0072615715002248
2017-03-29,0.0382664671366244,0.0125605409830347,0.0083978619908129,0.040383550370014,0.017945020823709,0.0190652467999321,0.0249895650085671,-0.0004666137290311,0.0310012160518848,0.0059934489833251,0.0051333774787689,0.0045972764525665,0.0128226593430584,0.0262329816739097,0.0021992405444468
2017-03-30,-0.0204965141764168,0.0881389771890932,-0.00268361146567,0.0055799207418634,0.0017523879221963,-0.0047499498799599,-0.004063493739964,0.000934029893358,-0.0081107593297873,0.0076826225161554,0.0034474813836493,-0.01055026307974,-0.0135538717946958,-0.0095433452184275,0.0204828908147727
2017-03-31,-0.0134385108879214,-0.0025999996093936,-0.0038036601377751,0.0065140858646135,0.0039106061331437,0.0102272514027286,0.0038758173845692,0.0144656758171584,0.0079776308024044,-0.0141589063191341,0.0080161856742342,0.0033401602656972,0.0009058289158814,0.0182383420131049,-0.0201909177140735
2017-04-03,-0.0068105447713988,-0.0084220938540799,0.0040043272105556,0.0074302194911746,-0.0060484528579254,0.0034705452564054,0.0014225958775964,-0.0068997931290167,-0.011871737861961,0.005997310658907,-0.0117395157950825,-0.0051220021056568,-0.00090500913244,0.0084488442901169,0.0007312085730579
2017-04-04,0.0166538317028801,0.0056622454333277,0.0079778771030831,0.0109447690516586,0.0133052162521378,0.0258456421133821,0.0054793075490959,0.0023157163626448,0.0072085810260689,0.0042362056764819,0.0017884874683211,0.006564056191848,-0.0063413822742162,0.0026809665392617,0.0036558328554765
2017-04-05,-0.0036614649020098,-0.0124670225395457,-0.0001839341885153,-0.0228286655202817,-0.0068197945158408,-0.0358711892054103,0.0060542756041461,-0.0078556370206682,-0.0170973081159589,-0.0090612043331584,-0.0109652187954546,0.0011509470445019,-0.0109405678774556,-0.0086898181835879,0.0019421615898342
2017-04-06,0.0243709179219921,0.014253455439428,0.005983056040735,0.032754735274594,0.0048165478232609,0.0168055463625464,0.006017933728923,0.013041852739108,0.0080903774038054,-0.0023648723949626,-0.0088955840384695,0.0040866145951063,-0.0003073154996502,0.0198921335141031,0.0058159599900555
2017-04-07,-0.0060424038266314,-0.0054205270539843,-0.0039343979613319,-0.0079289883528769,-0.0070371979642066,-0.0027706415914334,-0.0093718439170887,-0.0087361258897511,0.0036117261317987,-0.0045827911243389,0.0035123391076925,-0.0036883127839786,0.0076841532014606,0.0033058635061531,-0.0030114840074229
2017-04-10,0.0256461800365694,0.0123134653531087,0.0052356361106105,0.0122238960110896,0.0124279099466206,0.0022992921387319,0.0058373532763034,0.0088131184015887,0.002399051109942,0.0182568203510116,0.0116653575178595,0.0048509601364341,-0.0033553054339531,0.0056010522019658,0.0044707212633925
2017-04-11,-0.0022229329950552,0.0,-0.0042035343339197,-0.0125406075213827,-0.0053044686827433,0.0128084962958288,0.0008003910743756,-0.0064372290021038,0.005783772232965,0.0130962791353466,-0.0021780083101846,0.0119426707398795,0.0042845441000773,-0.0052420613549994,-0.0034884114893951
2017-04-12,-0.0011135349952156,-0.0141577136049882,0.0,-0.0152873120205889,-0.0039847601266511,0.0033972725412247,-0.0135971389046632,0.0023139366444016,-0.0097163902460575,0.0012312449160787,-0.0064204210263761,-0.0010044155263416,-0.0076184201000898,0.0006585320826972,0.0015693409374202
2017-04-13,-0.0267604372862116,-0.0165857841096364,-0.0263375835752553,-0.0291378683655927,-0.0189759407321892,-0.0120389126197024,-0.0192580442302909,-0.0124654252794854,-0.0140167641890802,-0.0149093340472981,-0.0091754498927199,-0.0178456455515479,-0.0069092575138449,-0.0105331486754399,-0.0154273007113957
2017-04-17,0.0024819170950218,0.0067876637058355,0.0006602704689759,0.008856763121253,0.0010454723473221,0.0009518831839478,0.0095077575556821,-0.000935343868648,0.0134035385251212,-0.0009360098626001,0.0044350627375946,0.0011513856078324,0.0078849485257688,0.0039917598384784,-0.0013464834371516
2017-04-18,-0.039047477468658,-0.0053117506234403,-0.0046155127258075,-0.0117050573612225,-0.0095049792027253,-0.0188321123994107,-0.0063471125983077,-0.0098265939709342,-0.0192384636545744,-0.0207716292556588,-0.014024428868595,-0.0039623944375708,-0.0159534532797015,0.0079523940438761,-0.0064968509035258
2017-04-19,-0.0201194148546351,-0.0141714159287458,-0.0137205431092392,-0.0315813717142252,-0.0162394353850111,-0.025300576762258,-0.0226664137038936,-0.0085067759250218,-0.0153247765850218,-0.0118024018298263,-0.0079021249235826,-0.0186061872567723,-0.0102882210529449,-0.0062459069321673,-0.0069093419818079
2017-04-20,-0.0034560669555213,-0.0010410818856998,0.0062360912935397,0.0114650904185744,0.0001068661681602,-0.0027845693223732,0.0054819241131045,-0.0123925321418248,0.0072628361574309,-0.0004840542597128,0.0055754954036135,0.0003926734368266,0.0096078642320798,0.0009922000429429,0.0064604243170149
2017-04-21,0.0,-0.004379930543646,9.549923421148244e-05,0.0007555470260245,0.003001371246432,0.0099732604613602,-0.0132103789624972,-0.0217179844770512,0.000411946253584,-0.0011302693257515,0.0079208308775828,-0.0218280056846191,0.0176286705249015,-0.008261469023689,-0.0039501043203998
2017-04-24,-0.0057121218966456,0.0035609792806061,0.0099150931915004,0.0022652736133543,0.0017093770066332,0.0048386960926876,-0.0065874764045354,0.017759791261088,0.0335670418536684,0.0033947236497924,0.0151935251439681,-0.0098874098616176,0.0243751927638622,-0.0009996801601636,0.0052050546180251
2017-04-25,0.0309809520450061,0.0183674550897496,0.0075521479759224,0.0193370920009148,0.0163220289909207,0.0217175023644566,0.0057757371467457,0.0130878704815604,-0.0031880342984064,0.0069275686143543,0.0073538527279428,-0.0001349388781821,-0.0148158888847744,0.027684943235692,0.0076439805254397
2017-04-26,-0.0047762868540189,-0.0092230806764371,-0.0060901266924634,0.0,-0.0100767475002071,-0.0073100769806891,-0.0006381497957619,0.0009569725311686,-0.0085947380608846,-0.001119883370508,0.0003840832974362,0.0002699811877591,-0.0141270343828759,-0.000973521933054,-0.0040375443962167
2017-04-27,-0.0337930641336071,-0.0099292146480184,-0.0057503056247865,-0.0305495753621475,-0.0138903015102802,-0.0267413687495746,-0.0125558262874861,-0.0084155591675789,0.0286285274202229,-0.0145762115203446,-0.0007682908121137,-0.0171370679381811,0.0064714186687406,-0.0009744706015576,-0.0017200499728439
2017-04-28,0.0066224806118959,0.001044448892665,0.0116620907527891,0.0035580117815448,-0.0053764289311755,-0.0060727711586225,-0.0112071258522706,0.0004849249660949,-0.0015678878155327,0.0003249843550265,0.019346619878475,-0.0034321006856772,-0.010869772457526,-0.003902893557888,0.0047993519042464
2017-05-01,0.0030836652511274,-0.0089752917189722,-0.0073103344753859,-0.0045579429045153,-0.0050810211681826,-0.0088139394803762,-0.0023975911978341,-0.0043624363716769,-0.0015701511444429,-0.0116997552912619,0.0,-0.0039947672980338,-0.0038693035253654,0.0055503586410481,0.0050217102980263
2017-05-02,-0.0065584880139814,-0.0164278597831513,-0.0052871536952563,-0.0117020052320553,-0.0017383950652863,-0.0058610150527699,-0.0102687920584355,-0.0043816266126603,0.0110106326103487,-0.0128247549874225,-0.003770619999443,-0.0117565957291354,0.0020197816531981,-0.0152600119906488,-0.0001218172860276
2017-05-03,0.0068080978137634,0.0081371194374879,0.0129081546973337,-0.0175029587521368,-0.0011974632128666,0.0193128846846069,-0.0011038320356967,-0.0083129398075643,-0.0035003525857321,0.0021653224107174,0.0041636008252436,0.001119548878502,0.0063579013098205,0.012529191075348,0.0079221129742563
2017-05-04,-0.0184424279844729,-0.0246390901979209,-0.0178973253583478,-0.0311764915117612,-0.0344378953487203,-0.0505582931631503,-0.0143642579294319,-0.0256409269491425,-0.032787218965177,-0.0357319313954436,-0.0169623505951922,-0.0082478560134451,-0.0081664327861091,-0.0384242100913314,-0.0128177266289555
2017-05-05,0.0290185318103235,0.0185105801925542,0.0093505915655944,0.0281232568400939,0.0257341926897594,0.0466337151144842,0.0219732085994246,0.0217607057903719,0.0221955377816702,0.0410200867227481,0.0141875365095553,0.0145191430121693,0.0150687014416683,0.0243822112080678,0.0046544272625381
2017-05-08,0.0194768615952347,0.0076972485179953,0.0084128389042228,0.0036821883524091,0.0089124684468071,0.0097341180510415,-0.0048268422911582,-0.0019810112111161,0.013422942892397,0.0033114782388168,0.0036544132456957,0.0034735875176563,0.01178470063715,0.0125617077621575,0.0106071459734236
2017-05-09,0.0039798846589258,-0.0182474468514348,-0.0149983195354881,-0.007075346418794,-0.0005452557717192,-0.009938367640019,-0.0072754309938243,-0.0124069034813133,0.0023370726232299,-0.0118813150836042,-0.0005022854639504,0.0008306404944218,0.0078658450308279,-0.018608853869957,-0.0069970941703136
2017-05-10,0.0150645344416175,0.0289603586471645,0.0135131511510344,0.0171548538884633,0.0316454052668937,0.0277051347835608,0.0173215873052328,0.0145726483288539,0.0171006711092411,0.0242151766851326,0.0018842942687991,0.0053958155160811,0.0007502844032405,0.0232865884434692,0.0045376559602303
2017-05-11,-0.0027339213662114,0.0015841843668908,-0.0027226384635398,-0.0153087396704071,-0.0027501004633289,-0.0097675198160467,-0.0043655742375379,-0.0039620224222323,0.0032479518545047,-0.0042394748021,-0.0028838674270769,-0.0122475233556588,-0.0049488885817157,-0.0159298255297628,0.0085461154271442
2017-05-12,0.0074407286554307,-0.0094894254944187,-0.0023539321009381,-0.002371595276821,0.0044550373801275,0.0051291030646931,-0.0103045141244604,-0.0099454654094782,0.0030469880111754,-0.0032750679485195,0.0033957319463946,-0.0105877206178597,0.0010548474361675,0.0016517886615321,-0.0007265819716727
2017-05-15,-0.0093293976274376,0.0100062317241658,0.0083995597549346,0.0079238939058166,0.0003170427878245,0.0135426211661433,0.0303496789903681,-0.0005022175984573,0.0129994321196473,0.0072286481767156,0.0041355334529047,0.01379946924473,-0.0025868031162564,0.0151716409911024,0.003028818099491
2017-05-16,0.0,-0.0065346689749258,0.0037435613499283,-0.0062891649997358,-0.009500743940166,0.00658425730283,0.0058053448765271,-0.0050253270742025,-0.009624509006642,-0.012722415853954,-0.0110803095826034,-0.0087505442240947,-0.0154080303221529,-0.0051981831221611,-0.0030196720620948
2017-05-17,-0.0153030392829652,-0.0152766788817634,-0.0138455951818987,-0.0150318415172927,-0.0093789247139794,-0.0208734634717767,-0.0094056601041929,-0.0151510217675303,-0.0081935535740347,-0.0042953464462573,-0.0110772594911807,-0.0053243058712473,-0.0114658176184898,-0.0173094499909591,-0.0067836382872251
2017-05-18,-0.0053795290500181,0.0002152964196699,0.0044889776878858,-0.0120480288654165,-0.013555784455888,-0.0016700851772029,0.0051794227731858,-0.0025646849408441,-0.0021132085388619,0.000331805507292,-0.0015446689700092,0.006197978355751,-0.0040751278848543,-0.0063142033588847,-0.002927259651355
2017-05-19,0.0248395133842864,0.0228346750588139,0.0128361499174003,0.0403791093487393,0.0231215201214127,0.0147606566422955,0.0257618062992668,0.0035993899241162,0.016172220971071,0.0058054789748589,0.0090263106685739,0.004480145237387,0.005193566504734,0.0100336860198511,0.0022022574257647
2017-05-22,-0.0222827295270943,-0.011583820370051,-0.0037550869129814,-0.0080748726764442,-0.0074616282823771,-0.0084364732474583,-0.0138133047948141,-0.0005123315468109,0.0037891257388904,-0.0008245326770516,0.0038340506582419,0.0019512261954071,-0.0004698420555555,0.001324555354226,0.0043935801446297
2017-05-23,-0.0003997407947472,-0.0036218823246,0.0014133056539249,-0.0068277192992776,-0.006229584683846,-0.0156481546543959,0.010186593650282,0.0005125941649724,0.0018878858364899,0.0160091822658037,-0.0052193809127574,0.002782017877317,0.0043861767490966,0.0082672384231152,0.0035242656210852
2017-05-24,-0.0026002770067227,-0.0019250222838926,-0.0004702244825113,-0.0182441528753367,0.0015129470609014,-0.0127172105564931,0.0023111480108601,-0.0076846532948612,0.0009418326219139,-0.0064976821596937,0.0017913540155498,-0.0101262904154088,-0.0048346937064996,-0.0068873930192629,-0.0035118887921499
2017-05-25,-0.0433124824033454,-0.0347115379034456,-0.010450060780521,-0.0377053782927699,-0.0178047420789254,0.002616375385491,-0.0482079211785919,0.0025814956329766,-0.0127987074173477,-0.0073581786981244,-0.010986496935946,-0.0276065836414433,-0.0097166182714449,-0.0138706233190716,-0.0065621668838399
2017-05-26,0.0100607296227777,0.0066588695850169,-0.0037106987229149,0.0025187957795185,0.0021970769754371,-0.0122450027899368,0.0077077020889753,-0.0087536012108461,0.0070541966875679,0.0047773557257362,0.0002587069779134,0.010087873409402,-0.0117103474806554,-0.0056932765174704,-0.002446206673131
2017-05-30,-0.0130732826640076,-0.0123484422529525,-0.0063023939132611,-0.0371299727505889,-0.0175401518883882,-0.0419674180544134,-0.0133304319059937,-0.0431172664918992,-0.0075727029659673,-0.0144261623224182,-0.0056821189962222,-0.012214560614757,-0.0057649132359696,-0.0336813382791317,-0.0055186537550094
2017-05-31,-0.0168205643086002,-0.0022323186057131,-0.005573919932282,-0.0147869913192136,0.0076993576362793,-0.0161222650422675,0.0008859382614243,0.0184583282834747,-0.0072492402659205,-0.019793624664488,-0.0115582204410529,0.0123654575785092,-0.0099854377029899,-0.0031373473928656,-0.0073977217312553
2017-06-01,0.0115477478147449,0.003803649394537,0.0076347723940772,0.0085349205135631,0.0009963183928525,0.0130442538590513,0.0066381998309488,0.0122604187470873,0.0209453883974806,0.0268111494500202,0.006700872932787,0.0027304264365515,0.0105742503783046,0.0073430830895895,0.0024841905942958
2017-06-02,-0.0065536728732855,-0.0133748346574033,-0.0111250606229756,-0.0332657463722494,-0.007964237352781,-0.0226665671418336,-0.0041766802438869,-0.0021067678406291,-0.0080931235000442,0.0031398912091988,-0.0032629771677016,-0.0117513115526978,-0.0003215860343575,0.0024296725249237,-0.0148700501919634
2017-06-05,-0.0055331663375121,-0.0054226200126653,0.0007756355376007,-0.002414592340573,-0.0053524288218028,-0.0129575985584288,0.0044327033702182,0.0005274126037277,0.0018970566231324,-0.0105436031081208,0.006416292399469,0.0044957854557856,0.004830587215308,0.003808664749854,0.007799401187915
2017-06-06,0.0280335493818852,0.0104500505464086,0.0094967430936085,0.0257188034943953,0.018273598741449,0.0232765400898529,0.015004177297647,-0.0084384350113537,0.0054926665391656,0.026473689465315,0.0023415965263244,0.0101049167616902,-0.0017627874294804,0.0089690162713442,0.0136043193109014
2017-06-07,-0.0262284070679348,-0.0206834931233125,-0.0038393671071741,-0.0584071793422106,-0.0295057200103412,-0.0448470058742414,-0.0347824432647015,-0.0063826031009376,-0.0022602191297649,-0.0124816786054744,-0.0010381769256525,-0.0185793747157823,0.0001607027695953,-0.0075995670282638,-0.0036942713097012
2017-06-08,0.0047029443677155,-0.0112489023658211,0.0022164493910721,-0.0134714241027815,-0.0004538171480803,-0.0088034743194718,-0.0060810870462796,0.0042822901727959,0.0086841645558564,-0.0252785597572688,0.0057171371442426,-0.0052422891582957,0.0141251070453529,0.0069612143380521,-0.0035837392899978
2017-06-09,0.0285108009940737,0.0406312896767688,0.0230768863251282,0.0346142858741562,0.0223585005669935,0.0265315268271291,0.0163152067832623,0.0170573696824445,0.023956306482975,0.0409484909859081,0.0280359692059901,0.0200557703266446,0.0329219705203827,0.0159006388938207,0.0187295037235397
2017-06-12,0.001655136272451,0.0200808424473137,0.0154133258727102,0.0042972679772956,-0.002220469587422,0.0056571703351135,0.0015607863159752,0.0026207322586122,-0.0043866776921128,-0.0026223589265683,0.0080437169910785,-0.0053103325038105,0.0101132001643027,0.0027219555009105,0.0097406659087344
2017-06-13,0.0165217062483016,0.0155289251579007,0.0008332693120771,0.0254132104444424,0.0075658143738925,0.0196338693183559,0.0204810218289301,0.0052274375183871,0.0102809870567417,0.0024651380747946,0.0052360472998214,0.0005776354242854,0.0092533392098288,0.0027145665714987,0.0003614065512762
2017-06-14,-0.0304753588009215,-0.021753191785403,-0.014149920204547,-0.0388174648751076,-0.0179988248046781,-0.0328861353873436,-0.022032857133198,-0.0140409929938323,-0.0305286350456148,-0.0144261641341147,-0.0229447138226612,-0.0168711200752524,-0.0267543366500598,-0.0257191903003405,-0.0107279394043274
2017-06-15,0.0016767425578838,-0.0006599676666479,-0.0025326231352533,-0.021746168679418,-0.0212528350551922,-0.0394854463087097,-0.0167298576416174,-0.0079110534079062,-0.0067479877729896,-0.0119762258305822,0.003808532648327,-0.0124670896999437,-0.0009269967234434,-0.0170198602137481,0.0023153089335785
2017-06-16,0.036401575521582,0.0251150385758975,0.0189974991803594,0.0085741230805813,0.0170035002087551,-0.0116457280163453,0.0043102137921464,0.0202021325395409,0.0147197647312717,0.0409093919426486,0.023520426735305,0.0185653561139509,0.0171586803034293,0.0289751882877422,0.0149527449914361
2017-06-19,0.0056519679097002,-0.0036532377765809,-0.008213901420259,-0.0138539429931392,-0.0050833926755042,0.0120185938284238,-0.0067767181533885,-0.0067744371062098,0.009670450124203,0.0032343383752473,0.0037059594463506,-0.0069992969724099,0.0123103485600086,-0.0085848769101519,-0.0087439128958847
2017-06-20,-0.0421519102225942,-0.0116479176956184,-0.0091197998608416,-0.0051083022056053,-0.0024979041292848,0.0133891884073615,-0.0129634079366458,-0.0283316375850337,-0.0265238721333348,-0.0203125343246945,-0.0208021673887278,-0.019824029930865,-0.0144122440996218,-0.0152408305725827,-0.0054373474278059
2017-06-21,-0.0431682587494156,-0.0189875923933624,-0.0186892624952579,-0.0324135970822241,-0.0083097276892355,-0.0033318361207005,-0.0269584815460118,-0.0005397424240917,-0.0211923475181502,-0.0146454115119207,-0.0082963618722415,-0.0191755980849583,-0.0147752240945508,-0.0204009784254977,-0.0105698797881439
2017-06-22,-0.0006572393924551,-0.0031144398306279,-0.0003824798093026,-0.0046431501393741,0.006542387378162,-0.0088763488149676,-0.0078142732882343,0.003781333753013,-0.0108251560321326,0.0055110270396148,0.0002532006085864,-0.0015275832336728,0.0021642701796771,0.0114902092912636,-0.004420087087489
2017-06-23,0.0098622008147506,0.0004464240396493,0.0052652991808945,0.0156613991030378,0.0011403750386143,0.0281462047136757,-0.0095465998716154,0.011302527740838,0.0064491432558733,-0.0014947405780202,0.0172349431755478,0.0085666187207682,0.0178960824436977,0.020589162172268,0.006536548724275
2017-06-26,0.0028208489022467,-0.0133838948405168,-0.0081900963622359,0.0078740685797951,-0.004556184846288,-0.0124436058475559,0.0048192530251167,0.004789791703466,-0.0033009233386822,-0.0018299959474027,-0.0003739116032269,-0.0006068000634912,0.0009089750508233,0.0076521165206275,-0.0045334832794482
2017-06-27,0.0,-0.0058782283456559,-0.0006723209582178,-0.0120443214270086,0.0069802988804459,0.0079038571333167,-0.0040768112423715,0.0015887658198541,0.0101303354855561,-0.0063318770460109,0.0037389642515597,-0.0080436359338114,0.0116596277129303,0.0069036517132532,-0.001600479925804
2017-06-28,0.0201258307156262,-0.0002275924324005,0.002017994297921,0.0065896802974083,0.0115906325255097,-0.01579722565779,0.0115580069580056,0.0058174448714831,0.0148507807724012,-0.0010062130689482,0.0155201458343015,-0.001683101993854,0.0098787372409461,0.0198835431966646,0.0051781593306472
2017-06-29,0.006576120221974,0.0027297544279014,-0.0015342992444485,0.0412437864987829,0.0110090358058334,0.0079677443202503,0.0097594292180718,0.0010518458643209,-0.0153931520323441,0.0038606983286553,0.0009784792754967,0.0019925015462189,-0.0056324731042469,0.001680739310901,-0.0101804541227722
2017-06-30,0.0101161636715139,-0.002722323154217,0.0020169164583787,0.005029956607002,0.0057780030764764,0.0174131904049381,0.0068366280457228,0.0063022300709592,0.0100362846857893,0.001170752854475,0.0100153803261315,0.0070356219593252,0.0055154959827867,0.0161074477445899,0.0003718894114674
2017-07-03,0.0292089964345365,0.0386712691573443,0.0188824921841606,0.0253359984340328,0.0204370687701358,0.0173401254332912,0.0236476362608757,0.0187891784109894,0.0147140791265192,0.0232167721484628,0.0078609009855235,0.0171629162358317,0.0083011312240679,0.0181635139567781,0.0169700261904324
2017-07-05,-0.0340567614660165,-0.032851016655143,-0.0158043203596195,-0.0512505413247703,-0.0224098365493087,-0.02058576279409,-0.019670045733964,-0.0107580027611199,-0.00376619671997,-0.0246487070933916,-0.0121191010560689,-0.0183664686377502,-0.0139664053208029,-0.0155688198691907,-0.0152251461790783
2017-07-06,-0.039453953773571,-0.0192485793853296,-0.0076468876412789,-0.0295821365609005,-0.0184941260276287,-0.0285914743244748,-0.0195990331500967,-0.0093218524731129,-0.0009452274758414,-0.0147282060836754,-0.0053444327210756,-0.0092787969288874,-0.0090954062997919,0.003953381460694,-0.0090287935157714
2017-07-07,-0.0144199537907835,-0.00715769166273,-0.003178567695323,-0.0212059431140497,-0.0021434845379798,0.001512444101964,-0.0057112330208455,0.0020911871863473,0.0230841152976368,-0.0032274087724764,0.0086700641767312,-0.0007678167544956,0.0258804323827881,-0.0019692088081914,0.0012476293401202
2017-07-10,0.0443357210585173,0.0055815150926978,-0.0043483209222119,0.0064319696371228,0.0133421665519248,0.0225345581995013,0.0129245231456323,-0.0046952505124423,0.0001848990319215,0.0015338780010236,-0.0016949579845689,0.0041487905111121,-0.0013199453390714,0.0009866983781543,-0.0007475878016535
2017-07-11,0.0019107220434477,0.0025436552467734,0.0007764912852141,0.0269088760539848,0.0112697605947902,0.0067024966053208,0.0092154483155559,0.007337477575884,0.0022191221300149,0.0028925600537006,-0.001212439959329,0.0067330606910034,-0.0023499101054744,-0.0003284073572918,0.0054888847836336
2017-07-12,0.0080508043807439,-0.0025372014809145,0.0074672590799524,0.0091711604903514,-0.0006619828555347,-0.0057552922259903,0.0016385625898038,0.0098859175993213,-0.0081180841937391,0.0037323675106342,-0.0014571669556198,-0.0031918047640457,0.0014720833195482,0.0118304788784853,0.0044666481850934
2017-07-13,0.0138709946764108,0.0002310802048068,0.0023098704842032,0.0126581382242072,0.0155751780539556,0.0148680209595715,0.0231419675887796,-0.0041214777061538,0.001487908707175,0.0057472288765756,-0.006322881224449,0.0138760429976336,-0.0036749183828028,0.0120169288709555,0.0001229529325439
2017-07-14,0.0066339698358899,0.0046241997225078,0.002976824388075,0.0144230903688167,0.0006531740429023,0.0118540171148879,0.0102811974674077,0.0108639056676109,-0.0005571601477216,0.0053780609232489,0.0058735219064363,0.0054140176261754,0.0038359993352514,0.0086647683239522,0.0038286550468658
2017-07-17,0.0024709563119,-0.0059836364851143,-0.0022020146514799,-0.0094784806689118,0.0003268863821526,-0.0001102398393026,-0.0024876060342845,0.0005113277063317,0.009292331772571,0.003677784214497,-0.0047446171412117,-0.0002990771743724,-0.0089650235151754,0.0003180629924732,-0.0051671194359029
2017-07-18,-0.0195150003032944,-0.0027785394041973,-0.0047018937180645,0.0003190394165022,-0.002176556834196,-0.0006631757232652,-0.0024938096502187,-0.0025570887103439,0.0095742949099137,0.0033311669293405,0.0018337709387636,-0.0097260139488662,0.0011862539452907,-0.0092238199859902,-0.0032152967573528
2017-07-19,0.0501264797520468,0.0136991763263878,0.0071344463201699,0.0363521983047958,0.028462395945576,0.0389335708247005,0.0359093126390632,0.0087178472690288,0.0131315956980411,0.0107899284302983,0.0117129097734929,0.0190390158529858,0.007702439412714,0.0032102042953932,0.0031017404931743
2017-07-20,-0.010228689398724,-0.0038027749897394,0.0016274379948717,-0.0156926625306083,-0.0068917157948051,-0.0165016614475789,-0.0043880662118901,0.0452464525759568,-0.0027003163918384,-0.0060763588913919,-0.0067532761999947,-0.006228084774577,-0.0074966611418675,0.0057600736033391,0.0001235445416967
2017-07-21,-0.0190477020277495,-0.0134167477383269,-0.0131892799446011,-0.0009374586058069,-0.008008151153853,-0.0042214639767248,-0.0220360266109667,0.0063227241602339,-0.0010830329825345,-0.0080965774943867,0.0059497700338619,-0.0073110112204848,0.0038506094734769,0.0006364186809517,-0.0091512074757346
2017-07-24,-0.0092957634591717,-0.000937911106585,-0.00048463437776,-0.0068840480789575,0.0043055680691954,0.0132619773681887,-0.0421363238295616,-0.0173992178565157,0.0039756990732939,-0.0103280419240168,-0.002414508516881,-0.0016535768991795,-0.0014750208735035,0.0069952754784607,-0.0031207503673738
2017-07-25,0.0187658702100763,0.0244074492688017,0.0115311585740573,0.0390676693899691,0.0167184940055598,0.0269283521158905,0.0042342659562057,-0.0039354273235638,0.0082789770986948,0.0269312830346646,0.0217786567240074,0.0088831602011625,0.011229028286968,-0.0022103429681938,0.0050080730919961
2017-07-26,0.0,0.0011459810130485,0.0069933519560203,0.000303519294228,-0.0012655357361085,0.0079402312071708,0.0147576040578178,0.0044446071978552,-0.0064261900211417,0.0095070080444945,-0.0088808794298878,-0.0002986572194865,-0.0065749720840901,0.000316642990414,0.0012459395846089
2017-07-27,0.0278348313606835,0.0219671408901032,0.0094178825357456,0.0145497102357043,0.0129821595526558,0.0009326409996763,-0.0053095255706427,0.0126142107259128,0.0088034083165626,0.0089297936778449,0.009677504614513,0.0117927582685068,-0.0058832161826649,0.0117050003860987,0.0057236067422956
2017-07-28,-0.0041820902408723,0.0134349744302906,0.0189420549826606,-0.0077682294235936,-0.0058345532715057,0.0008284842292369,-0.0037130137206551,-0.003419633681709,-0.0208369195539586,0.0094946004888676,-0.0101762625940026,0.0100326645399382,-0.0133154744221052,0.0003127846057044,-0.01521742252028
2017-07-31,-0.0105975753840328,0.0024304203233151,0.0098966819121224,0.0030112983421151,-0.0029346168549057,-0.0079668199542088,-0.011413814725937,0.0014707817321273,0.0183701859977101,-0.0127529712080244,0.0011954500735678,0.0020447371024523,0.0341880599296531,-0.0065646974108152,0.0055278616177825
2017-08-01,-0.0165723603984561,-0.0136652042318051,0.0145618375976266,-0.0099071637264733,-0.0071471331234931,-0.0055278796429746,0.0002356309426601,-0.0039160967258043,0.0096446739717572,-0.0064587774483074,0.0224476651166802,0.0059769762105137,-0.0021750248836258,-0.0018880359100242,0.0016241184446379
2017-08-02,-0.015413273936415,0.0192180268372403,-0.00288854886506,0.012735160275302,-0.0226555284932992,0.0051392224875108,0.0094226952342144,-0.0009820917127729,-0.0058375662063808,-0.0026004309844599,0.0121450654169621,0.0017389390050626,-0.0046499674857235,-0.0025221108856796,0.0053637518663016
2017-08-03,-0.0803587941184241,-0.0153478231039758,-0.0093248086119069,-0.0338324239118046,-0.0370448702647477,-0.0641694449522524,-0.0191365456165764,-0.0049194070183306,-0.0055161504330148,0.0029331318282856,-0.011768486325923,-0.013163830878504,0.0,-0.0183310292745975,-0.0013648367544579
2017-08-04,0.0263274154581294,0.0144736734945036,0.0062139946403716,0.0430739018987436,0.0174350816045341,0.0615452192167336,-0.0009516097495591,-0.0014826810020107,-0.0017891397489643,0.0087731917994524,-0.0005837045084811,-0.0099675945515377,0.0004384811640125,-0.0025757033055171,-0.003478839274983
2017-08-07,-0.0183545264672985,-0.0085605057361609,-0.0029967881446159,-0.0374327647594299,-0.0086228737236094,0.0087174727086254,-0.0128599995527787,-0.0024751883965933,-0.0159526410925273,-0.0041872202538807,-0.0061917155150973,-0.014658181101615,0.0025058437870892,0.0012909298862344,-0.0006230081026694
2017-08-08,-0.0060824492616788,0.0101838165790639,0.0051920443310657,-0.008025023895221,0.0165043383182226,-0.0110371324895779,-0.0101330881892066,-0.0198515652515526,-0.0083788737440185,-0.0077635958129912,-0.000587684191753,-0.0159278765838437,-0.003088325639187,-0.0170854868460217,-0.0024950837983248
2017-08-09,-0.012239124704931,0.0004385239322293,0.0048935230459576,-0.0018666756485196,-0.0087767190908046,-0.0042115554652124,0.0063370518406278,0.0,-0.0266348833621699,0.0050530304487035,-0.0062337008302015,0.0,-0.0126862619524691,0.0045915705748051,0.0031262806141643
2017-08-10,-0.0222580569705242,-0.0148960450550251,-0.0070340577075638,-0.0099753270942878,-0.0136138020458748,-0.0266438599316773,-0.0188908875449628,-0.0182277341797668,-0.0147198596344311,-0.0051898978630287,-0.0100606845815914,-0.0166438378126209,-0.0109067639903145,-0.0189356787403952,-0.0059158682444786
2017-08-11,-0.0051631347394826,-0.0040027183330689,-0.0079917427307631,-0.004722868767799,-0.0066201737537303,0.0087985167034365,-0.0120956576675609,-0.0165032827484666,-0.0009576232911091,-0.0034230598860036,-0.0023910571590963,-0.0088506494336528,-0.0007554752680464,0.0009984167583803,-0.0096241728106075
2017-08-14,-0.0193444231633881,-0.0055816854843739,-0.0047607054875897,-0.0170832326564018,-0.0060994398396427,-0.0228279591769919,-0.0027485606302886,-0.0020976484565092,0.0106260974848562,0.001799130090945,0.0052734003656957,0.0018798275704954,0.0096750876605309,0.0009972170284542,0.0002555840776767
2017-08-15,-0.0007214934263093,-0.0008977129590471,-0.0012879074651263,-0.0048277537433982,-0.0110241897736331,-0.0300826804874028,-0.0090202269298234,-0.0094585264690353,-0.0080291159558204,-0.0101240554939956,-0.0023849244146295,-0.0079750091764673,0.0053901174101467,-0.0046494167835055,-0.0024285864846349
2017-08-16,-0.0219062970049314,-0.0182021275199159,-0.0060472827845022,-0.0084087075085739,-0.0234429218599533,0.0004546515309205,-0.005815987038091,-0.0074274552037292,-0.0159952883527718,-0.0151765826222933,0.0006028113269063,0.0042561973292958,-0.0172746948616802,-0.0116785021591195,-0.0073041496773822
2017-08-17,-0.0182133657430908,-0.0157932402885175,-0.0086108826026475,-0.0156557720548475,-0.0188277264842888,-0.0222574311942704,-0.0160219765468662,-0.0165687070197332,-0.0266354448734145,-0.0130652749171256,-0.0257738771602636,-0.0106735033868442,-0.0218215192468627,-0.0182309484683603,-0.0156190210542219
2017-08-18,0.010528977761177,0.0025582759429323,0.0052869824352737,0.0072896163557159,0.0085149660087189,0.0134726149212958,0.0077538439064444,0.0081524051155077,0.0082493449533924,0.003903617017799,0.0082827040260626,0.004601085935425,0.0030983963719886,-0.000344187942645,0.0049831671733073
2017-08-21,-0.0195983113235859,-0.0141501518911568,-0.006573787820385,-0.0019734288094593,-0.0047562983498047,-0.0020626006662053,-0.0064116644667863,0.0,-0.0131709093139861,-0.0052407258754154,0.0041689193263834,-0.0050537939186477,-0.0007722272366189,-0.002063834457797,-0.0033926527275585
2017-08-22,0.0093625275914981,0.016235456309793,0.0054826455117498,0.0019773309312849,0.0065717116576333,0.0040188377763146,-0.0020653208000652,0.0129382857145725,0.0044490337081464,0.0054382213795953,0.0040294726242366,0.0055556520553916,0.013601237913621,0.0168911083952179,0.0047132595362064
2017-08-23,0.0087740270197012,0.0115769222309769,0.0023506785137556,0.0190789601148697,0.010327329061659,0.016356590686507,0.0095707871346966,0.0117081586769238,0.01006620581674,0.0074374658312417,0.0015808471973814,-0.002525739235865,0.0019824124392857,-0.0003393915151913,-0.0016939317161632
2017-08-24,-0.0052186998669482,-0.0089267910119336,0.0077854428149539,0.0045192812102818,-0.0057569852900948,0.0029257160822235,-0.0061486413103772,0.0021039426684192,0.0191349290463569,-0.0078857970420161,0.0183344387094555,-0.004905835556492,0.0263276739975306,-0.0006778696612305,-0.0036548296290295
2017-08-25,0.0007493706867283,0.0064665276040798,0.0073530658986011,0.0012853264333965,-0.0013000583038464,-0.0042640749378235,0.0056709577799061,0.0062997164117679,0.0115392055606189,0.0015222047433376,-0.0053656166938653,0.0159033151687624,0.0034105081606965,-0.0027145665714987,0.0051090166387453
2017-08-28,-0.0177235948454309,-0.0121614074785469,-0.0043428599054756,-0.0073813367142326,-0.0131346374942943,-0.0080008539792697,-0.0056389793659997,-0.0083466602068527,0.0154682644548038,-0.0015198911578078,0.0027570447540761,-0.0067313558350274,0.0110831011054277,-0.0074857949773201,-0.0032583257807636
2017-08-29,-0.0121979892366566,-0.0046462764651907,0.0009281799735365,0.0019397010575259,-0.0029976097036134,0.0015905291869457,-0.0018050899965794,0.0005261080937477,-0.0207541456173788,-0.0008455878700485,-0.0017933073497837,0.0007882243967491,-0.0073078201615169,0.0,-0.0002615477942309
2017-08-30,-0.0128634384668429,0.0130695910317215,-0.0012053284473373,-0.0009680609401488,0.0062541067822854,0.0034027181456108,-0.0012912275513986,0.0026287493736072,0.0174995177512187,0.0015234114898088,0.0011976004055036,-0.0017323242340252,0.0072143171543401,-0.0013711374669647,-0.0045781356985257
2017-08-31,0.0122491460928784,0.0057592409106328,-0.0010210123257297,0.0142118383985887,0.0157763920703652,0.0262233929188582,0.0077582069314081,0.0136339827186051,0.0022931020408474,0.008957057651034,0.0025120551895072,0.0018927200961693,-0.0045317200374394,0.020597195830474,0.003022423588149
2017-09-01,0.0164778526902695,0.0132840202675816,0.0105928952469622,0.0226117391522582,0.0077653430238477,0.0124461749465245,0.0028357159624317,0.0015519549736404,0.0348903235480546,0.000837837138107,0.0073977982918409,0.0053960920477496,0.0161528026760855,0.0111001778206858,0.003144329812778
2017-09-05,-0.0015198041698766,0.0033907148679672,0.0062522737994261,0.0006229763459211,0.0025687874337407,-0.0019581435223025,0.0239073098398272,-0.0005164365716273,-0.0458733739174964,0.0162341317524994,-0.0140947412489145,0.0276242326205335,-0.0186413463902913,0.0029938452140811,0.0079663443398354
2017-09-06,0.0180111619089593,0.0150931896228927,0.0214728924743277,0.0171179584529117,0.0230580841357348,0.0100284721409453,0.0296258226072883,-0.0010336473832748,0.0111992450198357,0.0148222566276101,0.0014416222564361,0.0095241722607026,0.0029450170646736,-0.0013267730702393,0.0207308267018135
2017-09-07,0.0149513325190533,0.0011100086683493,8.941190966638146e-05,-0.0088741824412759,0.0085368221324664,-0.0112240120780341,0.0073152604670376,-0.0098293692328438,0.0049647201938356,0.0038946365663559,0.0081577331172693,0.0022820630528657,0.0110115824950036,-1.018425247467647e-07,0.0031730517168471
2017-09-08,-0.0351090984207711,-0.0141879879689825,-0.0091234996092829,-0.028403630754989,-0.0205411357714653,-0.029687707242393,-0.0246909770232973,0.0,0.0150105041100483,-0.0139137884224278,0.0078529634016828,-0.0153330483320669,0.0098750111483629,-0.00402532620164,-0.002657079027304
2017-09-11,0.011704870828572,0.0103440039286926,0.0157070852800538,0.0108037235180491,0.013251542737612,0.0061869776153813,0.0084382721631044,0.0156740978310592,0.0061774999920596,0.0028219753495914,0.0057855087324061,0.0140302385099075,0.0038829148270649,0.0188614921640095,0.0054557654811118
2017-09-12,0.0191147756555407,0.0,-0.0002668928996353,0.0113172737837492,0.0061412968326393,0.0107320285414118,0.0155060166310327,-0.0041152884137815,0.000372303515195,0.0061249127354214,0.0063387094763507,0.0100348730315742,0.0057295722262677,-0.0013222585440483,0.0031541618673884
2017-09-13,0.044916369506891,0.014022100920459,0.0150238399185154,0.0416537722380685,0.0297270890033816,0.0340668328499484,0.01308744278003,0.0041322939953829,-0.0104149574302687,0.0126684469315543,0.0072317417587055,0.0073761793299274,0.0112522848526845,0.0069512745510753,0.0033966073671891
2017-09-14,-0.002834514599787,0.0059262123564258,0.0023646662132978,0.0134530855711676,0.0074648929156395,0.0034232210155908,0.0090910857128343,-0.0051440706110128,-0.0163504625009366,0.0004876420367523,-0.0012739801450412,0.0116556629010287,-0.0149294664648716,-0.0003287422525012,0.0040111481594824
2017-09-15,0.0071056859791664,0.0148373175623122,0.001572692609175,-0.0073747771685012,0.015689851720589,0.0017050759812449,0.0030819387183274,0.0010341016893402,0.0118456537253408,-0.0037353768075061,0.0165818730213658,-0.0067947729492894,0.017014563498374,-0.0036173539546002,-0.0002495140168334
2017-09-18,-0.0051740634856465,0.0124704580936905,0.0048852578393383,0.0095099513218426,-0.0018241452581315,0.0125573215518142,0.007326938619129,0.0015495501415911,0.0117070711591782,0.0073351444935183,0.0072999774368782,0.0093694996319753,0.0150426056586721,0.0092412388983296,0.0002495762896159
2017-09-19,-0.0130023770266745,0.0097684818453187,0.0099834316402287,-0.005887727573531,0.0008603803238633,-0.0091433428706118,0.0044579272075564,0.0087673589578423,0.0115714153191721,0.0009708001295118,0.0088326598875063,0.0002945690205911,0.007063716106453,-0.0026162765300943,0.0016233612429856
2017-09-20,0.0311378611961581,0.0164038474995367,0.0002579373640818,0.0331653410003629,0.01127397831292,0.032243997908762,0.0186875061599651,0.010736260677542,0.0042435494852892,0.0101843991977008,-0.0002245032842259,-0.0039770234670966,0.0064637101056057,-0.0036065802545977,0.0041139441105022
2017-09-21,0.0072008803781873,0.0074486717397292,0.0008594093700697,0.0131841547051494,-0.0030791379791348,0.0004113076293388,-0.0029810874940596,-0.0227613795125531,-0.0011020401127931,0.0041606035428098,0.0007861487041673,0.0069507139803544,0.0024603169358705,-0.0131620720858058,-0.0081939669311215
2017-09-22,0.004842849726921,0.0080102020109595,0.007040145696717,0.0121643740095527,0.0070295336256891,-0.0166391028295689,0.0177090905941592,-0.0025883311158919,0.006620912445902,0.0030280503293351,0.0084132162263119,0.0104273632329272,0.0126769361749128,0.0003332532931539,0.0003757395445209
2017-09-25,0.0341977380550422,0.0183374246355632,0.005968298270975,0.0248741590826377,0.0184031929412482,0.0108624060988873,0.0099437873808381,0.0217956652956579,0.0146171857269508,0.0260565709035625,0.0124599397940825,0.0123547899192397,0.011172410191792,0.0196668293922965,0.0132632084026347
2017-09-26,0.0199737271882001,-0.0062027371240631,-0.003983339280973,0.0070901860231145,0.0060234365134854,0.0038232053937337,-0.0011188479226696,-0.0086340128097325,-0.0027009738423871,-0.0021677872165276,0.0037358627739043,-0.0119165497461921,-0.0021298411291726,-0.0117686523577549,-0.0011114166135456
2017-09-27,0.0065275649997129,0.0110731630586926,-0.000595747247523,0.0064987610615032,0.0046451308220627,-0.0027791440864222,0.0210572104288011,-0.00973353574539,-0.0025280666764406,0.0116384754697367,0.0049264421545245,0.0037776716580824,0.0068034885906307,-0.0082698095411022,0.0066758494044079
2017-09-28,-0.0099437720956322,-0.0043808575471243,0.0014473236174294,-0.0156039513069723,-0.0051374881809386,0.0026836212614811,0.0054852058602028,-0.0010347169157072,0.0041634754246813,-0.0033744705279075,-0.0001094929192436,0.0011583454392538,0.016827929728576,0.0006669314409466,0.0093331516938954
2017-09-29,0.0,0.0009999334529149,-0.0010203314394686,0.0032798346112339,-0.0008260138041464,0.0084411792445375,0.0043636716416284,-0.0067318629917796,0.0109972205341306,-0.0116978898274394,-0.0019609208883711,0.0086753471051039,0.002475991536132,0.0003335470625189,-0.0025550577569823
2017-10-02,-0.0017468490787797,0.0051951297219374,-0.0005957536778821,-0.0029968470748635,0.004547859225553,0.0208249954031478,-0.0108624718044603,-0.0041714775194273,-0.0033882426307769,-0.001557172837076,0.0084054700778637,-0.0063073956459053,0.0015600247022535,0.0013328329097943,-0.0042695221970118
2017-10-03,-0.0061243536390751,-0.0212684534903281,0.003321300078948,-0.0019126276185124,-0.0069969931976817,0.0008001677000577,-0.0131781728347625,-0.0130887781229285,0.0044729244094972,-0.0020279194389143,0.0135308987299482,-0.0037507068202911,0.0067485082696319,0.0079867571012115,0.0015925965004359
2017-10-04,-0.006602052074503,0.0014218440725444,-0.0020367242360979,-0.0183404672109251,-0.0017619264278337,0.0066946177250752,0.0055639540678178,-0.0015914740778627,0.0030280799413104,0.006408199212929,-0.0021360595704439,-0.0034749803328052,0.0015472231026862,-0.0082534268920835,0.0003667993659413
2017-10-05,0.0150641410531637,0.007909174861242,0.0085046056510806,0.0136639826307711,0.0022840432094439,-0.0099255459553255,-0.0019918038301679,0.014877517554112,-0.0010653356219305,-0.0006212903875676,-0.0010703160440512,0.0007263987902355,-0.0054062581328152,0.0099864141351206,0.002812158956146
2017-10-06,-0.0141857977957337,-0.016900934533205,-0.0130714042724592,-0.0156809124659854,-0.0037291361179659,-0.006616468650115,-0.007540191025283,-0.0041883017715332,-0.0040887184568638,-0.0068374822901966,-0.0054643225974411,-0.0076955020819631,-0.0005178360696638,-0.0075807084433656,-0.003779534082534
2017-10-09,0.0150542423336204,0.0010228472978812,0.0058105492120683,0.0030742094737776,0.0032233321777013,0.0085778565242506,0.0040220866003746,0.0005255867250317,0.0021417894359885,0.0014084581445747,0.0053868647455583,-0.0001464146550335,-0.0012946695430607,-0.0016607349662196,0.0039162606315457
2017-10-10,-0.0739368536672386,0.0057245016585329,0.0092598309182552,0.0030651668766308,0.0029015563593084,0.0082051868018175,0.0022255412361791,-0.0042037895417934,0.0019595183979523,0.0078123009023074,0.0016070212344061,0.0,0.0031116111014861,-0.0009978359684922,0.0028042071529166
2017-10-11,-0.0117758326048321,0.0083350519451053,0.0044612795959513,0.002222063443998,0.0015496725015355,0.0075423624243873,0.0106595814372012,0.0052768381121186,-0.0005332802448457,-0.0017055056115661,0.0022466790729809,-0.0086350774568931,0.0071086647485592,0.004328847651434,0.0041326623579607
2017-10-12,-0.0131077362379247,0.0042342655040044,-0.0015920465133928,-0.0130269330560321,-0.0028886851716392,-0.0039399479187516,-0.0164794346512946,-0.0089237566371692,0.005869656452095,-0.0026400225918405,0.0070453267369612,-0.006642690124173,-0.0001281205066455,0.0003318782497041,-0.0020579639860758
2017-10-13,0.0045882413060018,-0.0029267976277213,0.0001677918007805,0.0073014705595715,-0.0003102864953378,0.0024725551440032,-0.0008936986189178,-0.006356111014002,-0.0031827073079429,0.0079416986791158,0.0009543565586627,-0.0017832294739283,0.0021820518100754,-0.0099435853278582,-0.0002424308539665
2017-10-16,0.0271637757481053,0.0064775353452615,0.0081406655056446,-0.0005572068479605,0.0078586629778836,0.0121338067605027,-0.0024596920439183,0.0026655136425519,-0.0115311041382121,0.0006174390801398,-0.0377000499840959,-0.0055086470323129,-0.0084530057417707,0.0023431607382451,0.0048537781968074
2017-10-17,0.0007017935817827,0.0,0.0007489334422747,-0.0033473827540999,0.0024690737180437,9.731511985511254e-05,-0.0033628674989931,-0.0069111363113705,0.0141779042900107,-0.0020069621477997,-0.0026413852356776,-0.0044909953869615,0.0025834002652662,-0.0006680253634669,0.0018112209538441
2017-10-18,-0.0025724553842594,-0.0002010185890365,-0.0172183441120615,-0.014273700694282,-0.0081067158078921,-0.004093389562634,-0.0155195908736813,-0.0053535241279031,0.0042471432190844,-0.000154556355948,-0.0043034557727537,-0.0088721184882782,0.0,-0.0076870212036898,-0.0024105268934666
2017-10-19,-0.0117231465622705,0.0,0.0004229943514639,-0.0076663340142236,-0.0093108984195678,-0.0058712717458782,-0.007996141602284,0.0037676537265851,0.0061671969631218,0.0032492017523115,0.0016625850951492,-0.0213927657870083,0.0001288925533815,-0.0030312217682706,-0.0002418062144197
2017-10-20,-0.0088307211853062,0.0108629802189652,0.0037224790382357,-0.0005721858785584,0.0112776509046292,0.0092526933641832,-0.0020727483795061,-0.0123324800481855,0.0068304050471967,0.0097162559050405,0.0045357407804977,-0.0209303141988592,-0.0011591913429143,-0.0091217242906114,0.0044716909141615
2017-10-23,-0.0296169270112378,0.0001990994870975,0.0024444601299684,-0.0080160456502146,0.0013426959626356,-0.0212618776190267,-0.0251560434019073,-0.0162865963874069,-0.0200036839548661,-0.0064150272179631,0.0048459395733144,-0.019635450713236,-0.001805941340514,-0.0167061813119275,0.0015644404544774
2017-10-24,-0.003970492214713,0.0145245329708969,0.0025227313749378,0.00548326054867,-0.0050529184083155,-0.0067762021348977,-0.0205964494783945,0.0082782062293849,0.0115371591353277,0.0118367192683785,0.0064666970159277,0.0085604017119855,0.0037469820779214,-0.0024276870433282,0.0027628315918326
2017-10-25,-0.0156952782554162,-0.0202004136463457,-0.0066260538263137,-0.0140642613774459,-0.0034205819558185,0.0122403883482633,0.0021755687728346,-0.0169680674666748,-0.0096506726381613,-0.0071404942342087,-0.0013070611205563,0.0160154773176794,-0.000129122219956,-0.0149458951945942,-0.0035942746957728
2017-10-26,0.0020251546808294,0.0300245302548238,0.0,0.0163031122761938,0.0080083903630761,-9.936238985341904e-05,-0.0053065244765123,0.0022274649083999,0.0147059785733143,-0.0111708010318807,-0.0057787613093426,-0.0011036021555856,-0.0178936567832642,0.0024700906706889,0.0036072401076132
2017-10-27,0.0290478871107138,-0.004858091605407,-0.0413710202545836,0.027785494584595,0.0159926721403596,0.0365781444482784,0.0288554964421972,0.0016665409620926,0.0209532923253663,0.0066546034670782,0.0088834686516781,0.0028406937932896,0.019137580247303,0.0073920130695459,0.002875569006431
2017-10-30,0.0017181636361365,0.0035145346169671,0.0074861213850019,0.0033447365915624,0.0107646682368456,0.0155875284802142,0.0117839992908599,0.010890651255885,0.0100908052988377,-0.0013836284618398,-0.0105445369461109,0.0088121497620659,0.0083601381723366,-0.0027954478529585,-0.0020309449363157
2017-10-31,0.0137218505886871,-0.0046699295376017,0.0131130075948946,0.0249996314076936,0.0034159880920558,0.009039837040853,-0.0044257369103477,0.0005528993591219,0.011513635549015,-0.0060037134787273,0.0006590517433404,-0.0017159876113246,0.006250227447037,-0.0014016953311961,-0.0022743554744467
2017-11-01,0.0207880827529842,0.0185729495932684,8.624867190065721e-05,0.0590789458154823,0.0242315169013045,0.0244492499581185,0.0072533297326755,0.0011045070216426,0.0192500287567582,0.0137833871467087,0.0133946017377049,0.0043747890013077,0.0230699005919152,0.010175463713659,0.0062387909993466
2017-11-02,-0.0130240164491864,0.0072934424967117,-0.0049177761221947,-0.006397330129816,0.0064519785492289,-0.0073780425993386,-0.0083623578078269,-0.0182021344747295,0.0210214396654586,0.0372747207597627,0.0125679941173169,-0.0160234939220508,0.0109033000755198,-0.0236193736123347,-0.0040540062445361
2017-11-03,0.0256720597680413,0.0091459669011721,-0.0029482442183895,0.0113314437663145,0.0150562554961084,0.0200050408345353,0.0126495804976298,-0.0033708826099783,0.000482580040499,0.0053018616287436,0.0012839208596966,0.0052174961910089,-0.0087021328200377,0.0053362522572339,-0.0041898899761534
2017-11-06,0.06994134416367,0.0134068955936776,0.0178277238042641,0.0404888547469517,0.0235406446613726,0.0228521433651658,0.042793898058332,0.0191655516009783,0.0024115758851719,0.0082040923492259,0.009083331909985,0.0550489073890978,0.0070474928005428,0.0187544132912944,0.0068524592150454
2017-11-07,-0.0120243683505437,-0.0035403269068798,0.0017086928494924,0.0097892948739299,-0.008134292537844,-0.016623863151615,0.0042149619525233,-0.0022119133114059,0.0121890263946033,-0.0010172875312802,0.0014822556459308,-0.0096901016362348,0.0046653608599431,-0.0006949200710104,-0.0020297047242443
2017-11-08,-0.0150481328763045,0.0007481093656904,-0.0048618540904011,-0.0242365777191496,-0.0165893725381388,-0.0157426390771517,-0.0033141410668169,-0.0022174999978648,0.0017429468849547,-0.0084364602265943,-0.0002116642664438,0.0094836696554743,-0.0019553269609507,-0.0135555106492207,-0.0013164119853247
2017-11-09,0.0164013812007453,0.0001864626774417,0.0048856071997493,0.0136614927541043,0.0043130959867352,0.0089967663510834,-0.0024374861866397,-0.005000056923883,-0.0246754927994291,0.0077747767297708,-0.0013747475318193,-0.0025350277371896,-0.0047753606783834,0.0102182742593754,0.0059902090766001
2017-11-10,-0.0245355462975976,-0.0100876853081681,-0.0005115331948709,-0.0098018219143153,-0.0019086769935535,0.0074755540147053,-0.0095531215549166,-0.0134003736281982,0.0009731430643322,-0.0077147959140236,-0.008048975984067,-0.0171924505292079,0.0011071364024042,-0.0017435130777246,-0.0031248893613965
2017-11-13,-0.0145027153821156,-0.007926069503508,0.0004264004162293,-0.0188066000317522,-0.0011473362761021,-0.0079563575505915,-0.0082999646043493,-0.011884628400664,0.0077770098377536,-0.0035205522728177,-0.0036300459316375,-0.0106478287116887,-0.0086023815803184,-0.0136271850806481,-0.0006028136127503
2017-11-14,-0.0370203743581248,-0.0254895319244153,-0.0026442915690531,-0.035813431280984,-0.0190503398914383,-0.0243311552436018,-0.0287266368447464,-0.0017179975956151,0.0107716200409673,-0.0089797917236003,-0.0052510970678759,-0.0347480189271065,0.0086770246574032,-0.0180659616393653,-0.0078417776338557
2017-11-15,-0.0202958351480724,-0.014445008727427,-0.0040196023868798,-0.0083705748098007,-0.0108326415143578,-0.0152397444527579,-0.0291103157952125,-0.0229488551826949,-0.0155274831769062,-0.0096555499440219,-0.0028006698680925,-0.0195922587255029,0.0013519490345457,-0.0079365583509972,-0.0125242997039212
2017-11-16,-0.0131611090217489,-0.0053474319606759,-0.0069342065987055,0.0065944820054704,0.0006906700086493,-0.0008439433301512,-0.0043173049361056,-0.0117439827503156,0.008292638522604,0.007499722017227,0.0064218773755975,-0.0038991377687663,0.0078549716259039,-0.0174544765666261,-0.0080039325660269
2017-11-17,0.0170411292448033,-0.0017918590097033,0.0012218603757196,0.0136266132916811,0.0020704769552979,0.0094805519965139,0.006263365639298,0.0106948498483143,0.0041928623942448,0.0183118072429717,0.0020553091167641,0.0106018970161598,0.0092545937806884,0.0088827231557089,-0.0039718178393458
2017-11-20,-0.0026711733581479,-0.0009976785678826,8.71968220572672e-05,-0.0328336121160346,-0.0019678476630216,0.0039988612273382,-0.0047879261841919,0.0029395619824379,-0.0052993429193821,-0.0086258982167786,-0.0003236935769749,-0.0038740462187716,-0.0010952929501837,0.0022007668215107,0.003863120495418
2017-11-21,0.0090091859949097,-0.0013977211283513,0.0039226458790058,0.0037425772182126,0.0021689210897017,0.0109288809976824,-0.0096223579742865,-0.011136999791911,0.0056506772687145,0.0010325801657373,0.0107967279465941,0.0025927154687122,0.0208312429964248,-0.0029283566087603,0.0039727285011958
2017-11-22,0.0024130083878726,0.0041991334993047,0.006424964830187,0.0117177824590337,-0.0006885289595732,0.0009164083522237,0.006315311787939,0.0136335393543869,-0.0044953004328607,0.0051559640238376,-0.0035249883213013,0.0042019018294359,-0.017303578687603,0.0187226554942228,0.0028437398662106
2017-11-24,-0.0096296084765434,0.004978146343034,0.0051766907672186,0.0010527978780685,0.0006890033583386,0.0096110897047592,0.0036204407890219,0.0052631280177881,0.000322577085448,0.0027847081283411,0.0037517731224872,-0.0033795974531267,-0.0012139481372941,0.0115312636821756,0.0039458567708301
2017-11-27,-0.0311130004536445,-0.0259560244233337,-0.0078964601406451,-0.0326056312473657,-0.0180996497965597,-0.0275614129846896,-0.0122653773308417,-0.0133799259341854,-0.0024180683399879,-0.0049691153002381,-0.0088635698536074,-0.0092040742918219,-0.0015805559170317,-0.0032062707712701,-0.0038074795762818
2017-11-28,0.0102861461107104,0.0197317109772166,0.0074402083844817,0.0103287677111147,0.0002002890063623,0.0090433984706754,-0.0012177969805174,0.0041276281446205,0.005494368564705,0.0129256608442207,0.0133602823220102,0.0151565931291695,0.013638459155987,0.0135814821112032,0.0069043111996698
2017-11-29,0.0116712760717612,0.0119685141594658,0.0062687346017542,-0.0018831509107168,0.0066106199921427,-0.0007391359897106,0.0068259430963475,-0.0158546436154563,-0.0131789498616061,0.013631551212992,0.0091444861410956,-0.0022475611641341,0.001201032330971,-0.0014105916948831,0.0073466636942374
2017-11-30,0.0267547843931563,0.0029570395579738,0.0154462622189326,0.0385443415024959,0.0181094219174351,0.0107260488751015,0.0116222993827159,0.0280430581070794,0.0200326734757809,0.0085835806248275,0.0279208207327907,0.0112631990614,0.0273578479179974,0.0257766345889864,0.0123980652438362
2017-12-01,0.0571358732616811,0.0169024969464595,0.0043702106276566,0.008045998285894,0.0057662038771577,0.0146371197798258,0.0306370910845732,0.0104470144265271,0.0033528162136073,-0.0036880221533587,0.0001024675920322,0.0299123225702735,-0.0169351477570034,0.0082615849831926,0.0020409943599493
2017-12-04,-0.022839974859617,-0.0086971654717374,0.0111287933696782,-0.0051496284456387,-0.0180740801190903,-0.0170410870163146,0.0192751329491183,-0.0091899984680533,0.0073203311248453,-0.0025629213159867,-0.0004096101480314,-0.0020082590892215,-0.0064156881580204,-0.0081938904608077,0.0013183845161113
2017-12-05,-0.0245314152250512,-0.0011698813528497,-0.0037238900309837,-0.0067285638942012,-0.0014841931568131,0.0003671661593012,-0.005924036626918,-0.0063770219270086,0.019589299257839,-0.000856276012455,0.0075871149380344,-0.0101403855976499,0.0257084390152726,0.0006885960489071,-0.0081370243807266
2017-12-06,-0.0374850566582244,-0.0165917279358641,-0.006478899986438,-0.0390829211044611,-0.0202181563700718,-0.0250321117968989,-0.0016107448431468,-0.0017501618555868,-0.0167339376517631,-0.0104284702802148,-0.006920162191606,-0.0217493820798491,-0.0094426305260418,-0.0130719199977775,-0.007359019255913
2017-12-07,0.0014785444729958,0.003175565377411,0.0001669715154744,0.0073212665308417,0.0086988072845644,0.0246400982085694,0.0018441485155105,0.01461127303034,0.0085092467862064,0.0020211521123074,0.0027671938618609,0.0,0.0072969236009083,0.0028178340994222,0.0032811404897115
2017-12-08,0.001723288700089,0.0203800775231774,0.0024241549948091,0.0242257515170356,0.0067193457282341,0.0167048651803078,0.0121949685436513,0.0247694618341267,0.0117187285119131,0.0033507167320789,0.0172695914612328,0.0236830242420138,0.0234839966976971,0.0028101272634895,0.0013327139195131
2017-12-11,-0.012531202187817,0.0023265691849365,0.0041695019865173,0.0115639462175707,0.0081677194969265,0.0047848086266788,0.0265969624453596,0.0095557992384012,-0.0044786716120468,0.0091476818555398,0.0017075551642875,0.0160527887035926,-0.0045663575091439,0.0122591579078954,0.0044761754720517
2017-12-12,-0.0116940940526107,0.0052235829579578,-0.006145037981863,-0.002078525728969,-0.0091884219422765,0.0020665366933105,0.0017716610272593,-0.011692728672828,0.0004653978613238,0.0076260361973352,-0.0065180468428633,-0.0058861753051983,-0.0029816075851031,0.0062282157978279,-0.0032517730985294
2017-12-13,0.0020138421952022,-0.0053885970859642,0.0020887461673617,-0.0075500659041626,-0.0033906479323932,0.0005379495565447,-0.0106099683127118,0.0056341096926131,-0.0052722349004434,-0.0008568086710648,0.0092863413968413,-0.0137115149278925,0.0058660257924971,-0.000687511008699,0.0043499551567438
2017-12-14,-0.0095474754965947,0.0121900306068254,-0.0033354157553761,-0.0015767385859963,-0.0030017729482771,-0.0050183428587666,-0.0078196259225656,-0.0005600386364509,0.0079500747887222,0.0082894744004806,-0.0044004946270951,-0.0146918217779277,0.0003432379474224,0.0213352575520588,-0.0026469462544289
2017-12-15,0.001268390041329,-0.0026760786638075,0.0016734279965857,-0.0084209315803958,-0.0109392439992666,-0.0136001326031004,0.004503748341921,0.0050447267146047,0.0168577178369078,0.000991731152409,0.0037166889321507,-0.0044894658374383,0.0081161258991602,0.0016843850491468,0.0015682341585914
2017-12-18,0.0114011710718342,0.0032586723348548,-0.0002505300866928,0.0100852302642302,0.013799828503775,0.0011869946797349,0.0195017650429729,0.0039039818122399,0.0039542116290565,0.004956073527276,0.0006006041201633,0.0243197917444961,0.0083912029170969,0.0137909347324951,-0.0010839694161283
2017-12-19,0.0082662087348237,0.0064957896015234,0.0011693099988312,0.0168153055439326,0.0152137952405935,0.0196992369319761,0.0085756325549775,-0.0044442572661624,-0.0190881038757028,-0.000986127623321,-0.0084018133171025,0.0124215782958099,-0.0096707598278703,-0.0026545226309716,-0.0060282714240167
2017-12-20,0.0250928782521706,0.0298025415684797,0.0087618930717221,0.0294572691862478,0.020802294630158,0.0485645369621141,0.0337907180501728,-0.0089287955957981,0.0140544043385135,0.0138222663675187,0.0159370139484578,0.0138217389747927,0.0237312579152235,-0.0003326984845278,0.0052156655767092
2017-12-21,0.0496853511351895,0.0313363883610893,0.0325090133559298,0.0271084851005856,0.0271393578899792,0.049982924564234,0.0158164510757061,0.0174549037119062,0.0102037988203422,0.0097385896234101,-0.0063541850101059,0.0395220163262746,0.0062109782592123,0.0089851488513932,0.0118257642078094
2017-12-22,-0.0092357312620432,-0.0080429230441332,0.0012817917681173,0.0158843809663973,0.0071463130469935,0.0103169997480319,-0.0033220974067323,-0.0011066963957203,0.000452052934823,0.0056487464132886,0.0080936504017465,-0.0061889605568269,0.0045192501829041,-0.0003297464162865,0.0014310247859836
2017-12-26,0.010486941352795,0.0131533018408414,0.0080013861506358,0.0242966017078898,0.0214732790116103,0.0128647878091843,0.0158303484150406,0.0033241944022894,0.0072333896668401,0.0075352699169866,0.0074338395874329,0.0025204449764009,0.0080107570885705,0.0059383844787277,0.0001190037018101
2017-12-27,-0.0108394273245101,-0.0113819282538008,-0.0034132498631667,-0.0173789113783637,-0.009597221079211,-0.022068785651605,0.0010252793856215,0.0005519982711768,-0.0062836424992369,-0.0029914506140809,0.0041321396459996,0.004585010637661,0.0030481340241725,-0.0032795720643716,-0.0009521167644839
2017-12-28,-0.0004665997653452,-0.0073753857850052,0.0002389164767231,-0.0019120179457015,0.0008309428463628,0.0189138617507602,-0.0051209612262542,0.0104858374231344,-0.0003010847187299,0.0051824261463389,-0.0009802262792437,-0.0067725720548524,0.0017364977929501,0.0039486333649831,0.0014298371660159
2017-12-29,-0.0151618810676062,-0.005255459640731,-0.0031057897562655,-0.0086209213528348,-0.004979398746607,0.0058156848571304,0.0061765426821638,-0.0131077952613645,-0.0063252061031443,-0.0005422728102473,-0.0079440001294746,-0.00103750177227,-0.0042254337355434,-0.0006556812729294,-0.0045226550788682
2018-01-02,0.0492657425306488,0.0078338877043957,0.0190911309341477,0.020048488016864,0.0128812430546683,0.012910873593442,0.0151425695864246,0.0403986392213235,0.0181872046106736,0.0043439835387499,0.0059317442093975,0.0316070723916344,0.0096833835244056,0.0213187456338879,0.0166189869448838
2018-01-03,0.0232505824923168,0.0184379824154943,0.0072893450728743,0.0116030450053583,0.0149129107799954,0.0100874395949894,0.0179399033592566,0.0085104429954399,0.021286122037146,0.0137875362228563,0.0066832736207032,0.0260354909806699,0.0052796860342418,0.0276172300613242,0.0196399871275507
2018-01-04,0.0333114268892824,0.0115373753040688,-0.0031122090702531,0.0119382915046235,0.0001803235975226,0.0074322260919379,0.0223760714944911,0.0026373958580516,0.0010202681909763,-0.0005331868030999,-0.0027338253172616,0.0248144044110263,0.0032162556429244,0.0171874756497147,0.0013841783925021
2018-01-05,-0.0096073664028958,-0.0019301929793995,-0.0016396008169038,-0.0027760924876334,0.0109960616518316,-0.0011526072157206,0.0036801026189696,-0.0031564040644609,0.0096099287579847,-0.005469648535043,9.807176935860971e-05,0.0068399217600469,0.0047016117160483,-0.0027649529705108,-0.0008063913135667
2018-01-08,-0.0101311311667799,0.0101968615679546,0.0049259279114293,0.0032476016181208,0.0048140761440904,0.0077703742842223,0.0090697852854344,-0.0047493944749708,0.0007209067019724,0.0085847538178343,-0.0009788499425018,0.0163045954325296,0.0020203595217813,0.0036969180595627,0.0044955828382671
2018-01-09,-0.0298347242622373,0.0081796181390965,-0.0053682778567049,-0.0164163013000383,-0.0088723986244931,-0.0267196396667487,-0.003442175860909,0.0042417665604421,-0.0056201076757949,-0.0039897967371297,-0.003331225521725,0.0013366210287861,-0.0012735091992125,0.0046039190250966,-0.0042455344043976
2018-01-10,-0.0125700016342877,-0.0048334469575119,0.0064140399423147,-0.0084624063515098,0.0026856870887477,-0.0015686856036063,0.006908304132549,-0.0031681518734431,0.0073912630730121,-0.0085455906637144,0.0035391229819856,0.0093458016585199,0.0005312960191863,0.000611116108389,-0.0079524240913496
2018-01-11,0.0456919017294403,0.026539706880766,0.0303904257068496,0.0210997646783521,0.0279437316798953,0.0205044961069686,0.0163906235764927,0.0169494236536549,0.0106457639228927,0.0211442204741842,0.0028408160574993,0.0191798035007937,0.0042487901948489,0.0106868077888153,0.0098747971742381
2018-01-12,0.0252174484998637,0.0147007180022065,0.0077692978504901,0.0225216206763458,0.0048635387728641,0.0018475755215903,-0.0035629603604456,0.0166669288161447,0.0166549060134759,0.00936413152789,0.0253979931322596,0.0119406848512713,0.0232679012007592,0.0033233859564094,0.0067868526674277
2018-01-16,-0.0188719249717862,-0.0201496820541662,-0.01190117307927,-0.0177109318913032,-0.0185402396147212,-0.0162903202176885,-0.0190063506412369,-0.006659998301335,-0.0089610318558613,-0.0164636076610482,-0.014003995983732,-0.0102603436640675,-0.0062019159606411,-0.0186690659098653,-0.0062840746919106
2018-01-17,0.0056192685547027,0.0173348723330677,0.0026513493999054,0.0041607481607164,0.0012349269916682,-0.004530511366411,0.013811741449317,0.0092828437244276,0.0169536836571533,0.0078384172029855,0.0257003265437281,0.0005180902410197,0.014664841383555,-0.0021478181946564,0.0118429502211976
2018-01-18,0.0036535112599613,-0.0016703450611454,-0.0058175778118606,-0.0055249693719355,0.0062535641236314,-0.0016478053959702,-0.0092716609833729,-0.0286148169895845,-0.0068075053333576,-0.0061955319247984,-0.0081949112666717,-0.0108792892206927,-0.0112752872366208,-0.0073801020940759,-0.0064772244809373
2018-01-19,-0.0086114757630308,-0.0001675845486031,-0.0022036590386679,-0.0081018688166467,0.0011379054067626,0.0026724515626042,0.0124139927034074,0.0,0.0055954052630282,0.0021222127323656,0.0032289314849536,0.0006547304177368,0.0082938635991824,0.0006196353681315,-0.0032027395690205
2018-01-22,0.0349621188388393,0.0153973603461987,0.0095962343279785,0.0457413451281185,0.021421986215649,0.0363720129799081,0.0639503283128599,0.0326143111391081,0.0176658410835786,0.0275310871849088,0.0097511634120626,0.0440983309773845,0.0173758208304104,0.0170276534277831,0.012622153664304
2018-01-23,0.002308065158239,-0.0032962559369752,-0.0116173511313023,-0.0064721517713738,0.0087312106069177,0.0007564929209811,0.0076242944325257,-0.0091697421115994,-0.0005466256422935,-0.0027049421482807,0.002250105129008,-0.0072696784189647,-0.0026274977111695,0.0091325253231369,0.0005663515705573
2018-01-24,0.0073267417423783,0.0003306488689502,0.0028238984559865,0.0,0.0053462090819169,-0.0147381477119982,-0.0262186464290561,-0.0159383358030974,-0.0209244605909457,0.0018080643264681,-0.0212347425891722,-0.0130028706100853,-0.010436512538002,-0.0015084336803471,0.0026048355110614
2018-01-25,-0.0139234832830942,-0.0166970517490321,-0.0056320616274302,-0.0137017466688593,-0.0086097837451163,-0.0269253592876805,-0.0025299116102589,-0.0167188543876849,-0.0071243453783009,-0.0105721040120326,-0.004396638001523,-0.0108724197764662,-0.0049150391491247,-0.0211478873622932,-0.0018073791873676
2018-01-26,0.0132771555507591,0.0152994758759095,0.0041333878765654,-0.0011384211570317,0.0026395309410893,0.0255417870936833,0.0074274385588855,-0.0026566874554165,0.0092855933502242,0.0057336018887936,0.0232315498171951,0.0036208233614267,0.0155379910575221,0.0040124347089232,0.0071292109969884
2018-01-29,-0.0297425403711354,-0.0120881432410501,-0.0206573498536518,-0.0120839669148242,-0.01002041088193,-0.0079945202119252,-0.01456571777241,-0.0031967633581619,-0.022163378844792,-0.0121793855947783,-0.0219534044361859,-0.0158484470561488,-0.0233053285887867,-0.0169076305703037,-0.0111234631597103
2018-01-30,-0.044587256483117,-0.0201139588013083,-0.0252954150691536,-0.0417726440470227,-0.0120947398322883,-0.0215418474935856,-0.0120436302714174,-0.0191014361611804,-0.0145399809007198,-0.0194119204624858,-0.0188969462647577,-0.0240898998102457,-0.0212676157851938,-0.0146965284809529,-0.0139755454093342
2018-01-31,0.0067314932968014,0.005986730554859,0.0009580193632952,-0.003612771339117,-0.001476035078882,-0.0060980688097774,-0.0081269928273861,-0.0137136604160349,0.0020248280108405,0.0028085300916724,0.0011731794380605,-0.0128793928282517,0.0172777480477781,-0.003808567680327,0.0059920147418162
2018-02-01,-0.0040116557539027,0.0091819201053438,0.001754967636488,0.0205464478146173,0.0132176070897818,0.0090835282571737,0.0150833661610607,0.0044494398128802,-0.0083728594683049,0.0150725054746587,-0.0150389400755648,0.0262302027339758,-0.0133375805272745,0.0092387881333051,0.0202747170397266
2018-02-02,-0.0418438584495214,-0.0274637957424144,-0.0556660951696089,-0.0518715046814088,-0.0316688262425394,-0.0330068513980525,-0.0425610640365473,-0.0310076862438286,-0.0186346424745973,-0.0331140044084941,-0.0381716188094696,-0.0241027470108704,-0.0158405861047241,-0.030934234536747,-0.0509708696582547
2018-02-05,-0.0441384345054801,-0.0308387293997024,-0.0502612734300708,-0.0344734389853023,-0.0289812789527832,-0.0178833455086574,-0.0411951518249221,-0.0394286413944193,-0.0419818112458856,-0.0362871555100812,-0.0185546584567327,-0.0317547043896749,-0.0366997589938249,-0.0397396208040319,-0.0569027702201565
2018-02-06,0.0046423319942536,0.0,0.0404900070815956,-0.0069856048684143,-0.011774394165212,0.0135527357736739,0.0117902849785376,0.0309339155011185,0.0171881850423416,0.0043715984697216,0.0175400382348971,0.0026819853274986,0.0076865335749038,0.0234057030306655,-0.0171854048562081
2018-02-07,-0.0381814221489063,-0.0055414840815001,-0.0161289438285942,-0.0422099679577687,-0.0229981682465628,-0.0278917944081901,-0.0185657427403665,-0.002307853856647,-0.0091341989838829,-0.0189552271917553,-0.013109117997996,-0.0181588595483832,-0.0068536620358362,-0.0056345556606294,-0.017996209469966
2018-02-08,-0.0460174162945145,-0.0429623038695993,-0.0259347302004064,-0.0495104534455594,-0.0448099747058914,-0.0605060727767849,-0.0458848150477242,-0.0283402357912433,-0.0353355940219152,-0.0200371573202983,-0.0331557341408123,-0.0336916520264926,-0.0341722294787946,-0.0480002827934504,-0.0113074702270915
2018-02-09,-0.0132518066084631,-0.0176567818704433,0.0106858056900811,-0.0074410463448352,-0.0096002375129192,-0.0073657244096532,-0.0149756135588193,0.0261902757674743,0.0167223150572857,-0.0042353663183232,0.0017310942932162,-0.0327896910652596,0.0167109442885429,0.0017509660502346,0.0063743595897627
2018-02-12,0.0236364611502222,0.0267203144357501,0.00422879879219,0.0317182041772803,0.0306788975755192,0.049769281626242,0.0261241671693601,0.0034804744098351,0.0145677626133706,0.0247872033582328,0.0106911054500253,0.0253108155464947,0.0162433901448275,0.028311638345893,0.0084455569615931
2018-02-13,-0.0107581103539855,-0.0016846639870256,-0.0060532697063627,-0.0338175493848268,-0.0064961036625885,-0.0084475439791538,-0.0110604333168269,0.00520238291343,0.0202255433372127,-0.0021467253134497,0.0018165232979436,-0.013764584724865,0.0072041639746875,0.0118967374827441,-0.001570252787006
2018-02-14,0.0132624772986533,0.0410726899498563,0.0030008737067459,0.0286376134297561,0.0418654921192698,0.0678084697712178,0.0101293802271149,0.003450276128583,0.0314770715279182,0.0018645607865026,-0.0045862705062758,-0.0007582505340757,0.0352033789844095,0.0070541214584833,0.0020968903538967
2018-02-15,-0.0026176647036995,-0.0174744189348049,0.0001780008149434,-0.0230596448420041,0.008711491419133,0.0188879276912894,-0.0204728841812332,-0.0080230798066426,-0.0052816825841243,-0.0060129823276161,-0.0060003100422549,0.0051617426499666,0.0039944920852221,0.0,-0.0032694672221201
2018-02-16,0.0002622278054378,0.0020167003244135,-0.003466012280845,-0.0181347350894763,-0.0004640368083566,-0.0101476821752261,0.0130095956535882,-0.014442608214124,0.0019171799331949,-0.018292129124019,-0.0008687224902154,0.001057468500466,0.0029029710124113,-0.0356905189665661,0.0043301299782338
2018-02-20,0.0049859105956757,0.0034766231031186,-0.0103439298228867,0.0158311637848993,0.0029724352777049,-0.008637719928367,-0.0071577733037598,-0.0035166584863395,-0.0180820037516911,-0.0024937229187251,-0.010871114556862,-0.0101087671208177,-0.0181194374740899,0.0062262697311035,-0.0103213978255556
2018-02-21,-0.028720745330506,-0.0198757759421326,-0.0173006283995236,-0.1177488528312671,-0.0199148910351736,-0.0149008189060737,-0.0129345313895768,-0.0147059697345802,0.0003021177457822,-0.0114723727972352,-0.0154963110186842,-0.0184422606981409,-0.0081894208547181,-0.0161566841454378,-0.0113531591726186
2018-02-22,-0.063172340997235,0.0215814415703932,0.0076106581998987,-0.0052340796484737,0.0120972555507898,0.0192594523064477,0.012459831261208,-0.005373298309338,0.0028668735716632,0.0105638003206236,0.0061401626769213,0.0086954179430351,0.013431670745976,-0.0020967326973891,0.0129523757257628
2018-02-23,0.0367290021052619,0.0389729353471532,0.0245696964628063,0.0335416729781612,0.0162481350599381,0.0374663716122087,0.0280073383983505,0.0210082211714686,0.0052662043941504,0.0058894640931075,0.0188615101282658,0.0237070794406804,0.0044538253999042,0.0063025731606336,0.0220144008880467
2018-02-26,-0.0041513262435254,-0.0080631264918991,0.0178525070884296,0.0057270807175542,0.0060643630425305,-0.0016415723169159,-0.0045409494905862,-0.0052908986519784,-0.0077830287953636,-0.0153689647992869,0.0075137811333954,0.0034586312744437,0.00919338926519,-0.0114820529486282,0.0168964635375512
2018-02-27,-0.0327962179942666,-0.0134298396851021,-0.008638387373419,0.0079090645855071,-0.0232897743413422,-0.0121359305301573,-0.012647670445039,-0.0165484295698996,-0.0104088958607435,-0.0077298069026723,-0.004323171702411,0.0026971586429127,-0.005787446316612,-0.0017597874296909,-0.0169964766494813
2018-02-28,-0.0186780102412278,-0.0272253109313898,-0.0148755454242766,-0.0373512661537236,-0.0516176950375535,-0.0121265904955722,-0.0251993314739973,-0.0264422002380005,-0.0234755491683728,-0.0172287291123823,-0.0189971461269701,-0.0189802002473348,-0.0253314160594375,-0.0211566895638241,-0.0227096482914428
2018-03-01,0.0035136414657532,-0.007917916189391,0.001072066799757,-0.0042384205248967,-0.0023663328905565,0.0142010769116445,-0.008401682146822,0.000617302845715,0.0113954416849395,0.000457693231846,0.0055329982948768,-0.00639880441131,0.004423997509436,-0.0136890386072813,-0.0071294305680357
2018-03-02,0.0148818407851842,0.0033411488425423,-0.0035702510922587,0.0268500629886492,0.0026684260306839,0.0211215453749973,0.0,-0.0067859533635656,0.0061737263501515,0.0001521124827028,0.0055025526802794,0.0038331245768812,0.0151949558950064,-0.0098610198896945,0.0046539456062812
2018-03-05,0.0123635526574308,-0.0012950449979328,0.0135256157348973,0.0204081243571521,0.003548603999852,0.0090644328893096,0.0049964197004326,0.0068323171491047,0.0148797100981747,0.0042655939937961,0.0184957935616607,0.010539279618029,-0.006941510666672,0.0047953849766397,0.0095300105719924
2018-03-06,0.0042603380268391,0.0012967243142698,0.0044188403035301,-0.0209376294058278,-0.0078579020835733,-0.0242609525828755,-0.0034719600742172,-0.0061692201799781,0.0185912971186226,-0.0039440186046338,0.0093488132237891,0.0071040125529615,0.0017474503519636,0.0143171661630108,-0.0011798238041431
2018-03-07,-0.0200793767177523,0.0001848204921672,0.0016719225671619,-0.0121288827483216,-0.0013857659532174,-0.0064522466006045,-0.0019597083185624,-0.0037242244167985,0.004303092972314,-0.0071579816422564,0.0030876324510407,-0.0060034604891331,0.0034892646688411,-0.006152642775736,-0.0252035580584553
2018-03-08,0.0092354717885294,-0.0092471248667664,-0.0043042889608866,0.0465265939068042,-0.0027756881443072,-0.0084739108763596,0.0039275054418841,-0.0024921927663187,0.0199470807180961,-0.022664165850237,0.0102948920720673,0.0077006007925199,0.0137980537696997,0.0011060544281615,-0.001884873861088
2018-03-09,0.0100083271248716,0.0278135981739933,0.0341419471948152,0.0101887170492742,0.0219700262714963,0.02987224664731,0.0212994206815815,0.0199873544707795,0.0172387259719573,0.0112772093720809,0.0075637934226608,0.0305662967579238,0.0108242050026756,0.0313074101689825,0.0059361037848544
2018-03-12,0.0025481065764627,-0.0058117728609102,-0.0036681922029793,0.0030559193455899,-0.0209140029276194,-0.0118663860311041,-0.0014896378081626,0.0134719889811272,-0.0135289493551458,0.0034552387010673,-0.0095923052687009,-0.0100319419475263,-0.0172815350737113,0.0092860229428366,0.0091202214668304
2018-03-13,0.0014120242900015,-0.0142492264048545,-0.0028255301789781,-0.0009140738305688,-0.0059616577363048,-0.0020401783769917,-0.0174766240393506,-0.0030209639193314,-0.0004329215779163,0.0048520831766569,-0.0046322111135915,-0.0139522879351734,0.008630732790394,-0.0084926467963516,-0.0094366252285542
2018-03-14,0.005358247738282,0.0,-0.0114205041317854,-0.0033607759405904,-0.0015990180290377,-0.0105389264088737,0.003037086053147,-0.0048483554373532,0.0017329342290182,-0.0024922809716196,-0.0035956213342285,-0.0105747636912586,-0.0088778554276249,0.0042824300924497,-0.0124783976715278
2018-03-15,-0.0086956935373682,0.0012976318777073,0.0039088280527193,-0.0278971945052338,-0.0124136467727891,-0.0096176378581798,-0.0205447632607307,-0.0066991657734072,-0.0105248978976831,-0.0020299061962024,0.0026537360121465,-0.0162577028219677,-0.0035615510198593,-0.0515279860149002,0.01114141302855
2018-03-16,0.0226372051721057,0.016656755419536,-0.001557367528868,0.0078838979681938,0.0182461971537915,0.0073033497477834,0.0136891610920761,0.0061309262179367,0.0152996569130874,0.0084493708851234,0.0140799682510848,0.0114764977447834,0.0158129485148008,0.0194829311749908,0.0094064956628114
2018-03-19,-0.0157722189478904,-0.0247580854715869,-0.0130847289325751,-0.0250313003716152,-0.0197111527174067,-0.0229464669052951,-0.0267912618056616,-0.024984510765426,-0.0067452620847399,-0.0124125627322605,-0.0145112108117946,-0.0211798287636705,-0.0090626815680068,-0.0371190231395264,-0.0129128625576003
2018-03-20,0.0196794898912271,0.0210934781464517,0.0053558249218428,0.0125161760423508,0.0290441588876368,0.0237301242125478,0.0181285723250681,-0.0243749808687134,0.0325098628592899,0.0040846869866764,0.007415440385581,0.013292025514564,0.0164621531687001,0.0,-0.0021580643573859
2018-03-21,0.0504552112473493,0.0427791233144549,0.0221832283762637,0.0434233049574885,0.0340472400257132,0.0369600740365294,0.0356127451829111,0.0192182532422444,0.0244891441318875,0.0333281467559047,0.0110410068351205,0.0332515525005752,0.0103736487370813,0.0305346856893398,0.0141912188980652
2018-03-22,-0.0215223016818374,-0.0094672665735978,-0.0285372705563921,-0.0191374068049917,-0.0046765659736845,-0.018436020794925,-0.0154961169666646,-0.0345691705673174,-0.0032780579269324,-0.0130223228864241,-0.0150808299165196,-0.0327719563265367,-0.0252487110763418,-0.0192592387467813,-0.0205220938018578
2018-03-23,-0.0072424826023835,0.0219467065485285,-0.0063323777259889,-0.0018581987443485,0.0150540473504396,0.0014086129650348,0.0012939028394831,-0.02278655525085,-0.0231602348542008,0.0047561246520577,-0.0138330860722007,-0.0210623990920463,-0.019561692171317,-0.0317219595983816,-0.0082995682048291
2018-03-26,0.007295318822031,0.0232075456424551,0.0209771005082595,0.0074466323001842,0.0161533565339397,0.041184810857185,0.0165802692034473,0.0079945069119387,0.0336696716823192,0.0261108177128002,0.0279475611998132,0.0049892643406321,0.0332166184952698,-0.0074102831883495,0.0152284526972217
2018-03-27,0.0053647188768142,0.0010158046476911,-0.0059819404614653,-0.0234064505564829,-0.0115271805197717,-0.0303983198510376,-0.0069900163732432,-0.0026435319602032,-0.0108575835274188,-0.0205358919129955,-0.0030210546010851,0.0003103043082812,-0.0210081312908499,-0.0117880741738759,-0.0040541603459182
2018-03-28,-0.0034684758888097,-0.0069326873770837,-0.0223267522822189,-0.0160832031825762,-0.0236055287004736,-0.0349126666760918,-0.0177047588253546,-0.0185556982830273,-0.0145443669214011,-0.0405650556088108,-0.0144186903478309,-0.0196960813048496,-0.0215670828291604,-0.0147117566407939,-0.0120761182493185
2018-03-29,0.0302543195585405,0.0095352595370565,0.0173062390397178,0.018910169521882,0.0139660275064796,0.0148390035962999,0.019326846647647,0.0168809044127791,0.0179614594530987,0.0286618024166331,0.0168561488557141,0.0248378117581158,0.0275805486730529,0.0032286004792194,0.0247221516419406
2018-04-02,-0.0150724259144924,-0.0202397202475442,-0.0157839821817575,-0.0452971805098326,-0.022228279469084,-0.0336702876325779,-0.018108218810848,-0.0106243922704937,-0.0179179706767325,-0.0044642799660357,-0.0101125438392902,-0.0200680636189758,-0.0130427815070328,-0.0132743262495313,-0.0186304180627848
2018-04-03,0.0026383208973352,0.0333962812481805,0.0230757737891722,0.0336078881002075,0.0207905087151698,0.0096514897139337,0.0154048195940539,0.0073826743558866,0.0111419409080797,0.0303080361704337,0.0129540632173241,0.0206366236287567,0.0124510306243759,-0.0032614439616931,0.0245834136426557
2018-04-04,0.0049999019479176,-0.0078293837989624,-0.0030481622821197,-0.0015938692759127,-0.008565612132286,-0.006967065123004,-0.0004275584192802,0.0099930316743741,-0.0004134714212555,-0.0001505704905968,-0.0019752967613965,0.0003087238089571,0.0070117068703541,0.0004089462141683,-0.0019991124926651
2018-04-05,0.0146632844386238,0.0151108131076267,0.0245458876656554,0.0309707039195543,0.0020159937775943,0.0149289408741377,0.0192390264777255,0.02242762869504,0.0115751341640295,0.0172622734476139,0.0185432949310151,0.0148124592838598,0.0268881901509316,0.0139003676888669,0.0153599746478076
2018-04-06,-0.0105804282294819,-0.0198477230655589,-0.0215706422848772,-0.0260142783658839,-0.0234718406662037,-0.0626153414817654,-0.0142615148460851,-0.0212903839281773,-0.0130772472214464,-0.0035414539496135,-0.0081821639999049,-0.0214384135571037,-0.0070937172104756,-0.016935433893814,-0.0151276148669692
2018-04-09,0.0028691906473992,0.0229496509592166,0.010630924745282,0.0006360294374503,0.0142255023060402,-0.0285540841178952,-0.0093617573004278,-0.0046143106788261,-0.010765582114211,0.0207318451077223,0.0079404365382333,-0.0015537077740118,0.0087203317027455,0.0,0.0
2018-04-10,0.0215861047355316,0.0283736135475565,0.0247458880181472,0.0676834772885544,0.0414006261075634,0.0361017302403166,0.0485395572249416,0.0337749594898133,0.0283238649014005,0.0229217691887808,0.0256801139647213,0.0381262004913882,0.0299967755217671,0.028301893106942,0.0293839445462336
2018-04-11,0.0091651257988427,0.0142765224473251,0.003365216779039,0.0041668331801409,0.0161618193222186,-0.007156119551685,0.0157720642361811,-0.01665610707912,0.0043418405733985,0.0165930363406601,0.022942963097712,0.0125920571066828,0.0143591997311893,0.0111687334164924,0.0046712447810526
2018-04-12,-0.0065593162240313,0.0001577782908994,-0.0001675723421389,-0.0269710629452636,0.0053020664816267,-0.0017159055263472,0.0125025264344225,-0.0006513860973687,0.0031073171160136,0.0013954117952585,0.0007799440830578,0.0001477338792805,0.0021934305082627,-0.010650826214134,-0.0027120619403099
2018-04-13,0.0314881682904544,0.0262496890628811,0.0057869980702953,0.0234541022865382,0.0111568836710889,0.0202850411406476,0.0113524685530588,-0.0006516111337205,0.0045794443045981,0.0257729632896936,0.010815478091386,0.0057729666393995,0.0129312757817567,0.0027908332525929,0.0080287050588006
2018-04-16,0.0041853718724664,0.0127887465473388,0.006504387001835,0.0005952503494763,0.0,0.0028645834434093,-0.0003937816358077,0.0228305451164789,0.0392811406721842,0.0173843226678924,0.029689516134371,0.0083883506822448,0.0359424330453796,0.0174950587627948,0.0089933529500743
2018-04-17,0.0137289823558124,0.0118668439772167,0.0062967032447793,0.0020817737444929,0.0011708151050999,0.0273856238351219,0.0025609879362962,0.0216838542445503,0.013287084350962,0.0041384797415786,0.0097364439046903,0.0020432850115708,0.0113753903850131,0.0054710066329883,-0.0026738731787014
2018-04-18,0.0360339722244555,-0.0013532250667639,0.0194301823481499,0.0715349071573314,0.0152948871709077,0.039247762970227,0.0235803385834905,0.0093632964168746,0.0029278029107613,0.0093055270439563,0.0095492050704573,0.0244684395967549,0.0079672009110463,0.0015546393103038,0.0113619539926055
2018-04-19,-0.0189078771615203,-0.0016562165666603,-0.0008883398682575,-0.0113574618437899,0.0105450051985929,0.0140045338555274,-0.0015357731462181,0.0228818245337456,0.007870100364113,0.0009223282579062,0.0160710336855565,-0.0008527516792316,0.0061373022556558,-0.0085368984720669,0.0025245877388884
2018-04-20,-0.0078984174524168,-0.0078418799774894,-0.0113167444607147,-0.0081255036351417,-0.0006138700107652,-0.0037243186648917,-0.0009616482926914,-0.0042319243328153,0.004534062253555,0.0063166732607393,0.0031633490416891,-0.0149401419348451,0.0032344666799186,-0.0015654753292189,-0.005288213584527
2018-04-23,0.0019299806635344,-0.0047118055483937,0.0103834128667159,0.0008476667325674,0.0076332739369291,-0.0012462106084987,0.0017322519960221,-0.0018217349972168,0.0011285073896671,0.0100691726187196,0.0041450325390099,-0.0046225751891474,0.0065410680949642,0.0133278110938164,0.0072150760979337
2018-04-24,-0.0214306050228962,-0.0025965888053327,-0.0084155475697115,-0.0268137926936998,-0.0021766028746572,-0.01957261094284,-0.0130644078219565,-0.0103405779008386,-0.0008766357663815,0.0012946643405222,-0.0199195803174846,-0.0091424279127289,-0.008878286558631,-0.0116052091734765,-0.015332525566017
2018-04-25,0.0088587756830358,-0.0038277612848583,0.0014688229332209,0.020881633843758,0.0070684671542,0.0001590644424886,0.0073975851575194,-0.0006144588604177,0.0056405043649243,0.000258898486378,0.00512688612716,0.0120092217725067,0.0036016134619882,0.0027392624835653,0.0146776778845894
2018-04-26,-0.0029269184188663,0.0293577604616925,0.012222923983737,0.0164775397806862,0.0192376494876802,0.0089065911152259,0.0164249365848261,-0.002460099623869,0.0336532051390658,0.0031023135773657,0.0248656271632194,0.0053545599428288,0.0263157204429422,-0.0015609671812411,0.0171070160268942
2018-04-27,-0.0171234623039784,-0.0301629278701793,0.0193209135490874,-0.000838588251349,-0.0070568852481511,-0.008039551000034,0.0043726981408525,-0.0043696706040787,-0.0180875417852045,-0.0072167235694146,-0.010487320871885,-0.0056138979679333,-0.0157789431454438,-0.0007817617988037,-0.0379668959383814
2018-04-30,0.0191641155481769,0.0084678107353648,-0.0119258730630731,0.0162241887905605,0.0118163257718513,0.0206593738503144,0.0030286077391998,-0.0081502987959548,-0.0800688088112632,0.002856078000708,-0.000269412427533,-0.0075275719163356,0.0104754442041739,0.0066508706167935,-0.0005136996448511
2018-05-01,-0.012209687414191,0.0032062658841984,-0.0019981211892542,-0.0035787187456646,-0.0051620247127934,-0.0027246436546238,-0.0103795260519241,0.0126421848055857,-0.0268323427948458,-0.0088019761367176,0.0048514899228355,-0.0023334190091698,-0.0018931103215298,0.0089390030659213,-0.0102897740731437
2018-05-02,0.0150799775641619,-0.0039566658243075,0.0050457541853461,0.0560772756357825,-0.0077408310970371,0.0064011394286689,0.0038136793302974,0.0087392468491644,0.0403292673163782,0.0032647988915071,0.023871487843682,0.0038010266963741,0.0138185762450147,0.0073190540214966,-0.0019494771453216
2018-05-03,-0.0613738472411097,0.0082503875360036,0.0041435549061665,-0.0269417951754875,-0.0054864637116067,-0.0186938053122143,-0.0062688010166741,-0.0210397307276659,0.0213610615350816,0.0059870547910862,0.0093432602109362,-0.013690482373117,0.0099778901430298,-0.001912030486289,-0.0033852360433951
2018-05-04,0.0246502243948116,0.013183674187476,-0.0038092913774548,0.0180104276807524,-0.011636997624454,0.0062445051432336,-0.0022938426057969,0.0183309625315213,-0.0067131896781275,0.0054343133951724,0.0001729434695147,0.0158000747274869,0.000176118646783,0.0034478387916536,0.004703372194071
2018-05-07,-0.0005068333521116,-0.0013459161648703,-0.0046996595171381,0.0005283483683877,-0.0067153315164234,0.0230951200420621,-0.0030657472615583,0.0062075410795918,-0.005719082898377,-0.0055333256474113,-0.0017298667880107,0.006105375250573,0.0024696965845238,0.003055121446402,0.0109232316581966
2018-05-08,0.0164682257058601,0.0145273336298514,0.0130462300688569,0.0298228175507462,0.0122923814334727,0.0343979954008619,-0.003075174970804,-0.0086368127767049,-0.0155552257898791,0.0119043231001785,0.0072780671530734,0.0047683830747744,-0.0042228442301713,-0.0057102275518733,0.0045021028078613
2018-05-09,0.0281652983413212,0.0141721126423872,0.016986676041319,0.0307539621158248,0.021684589561729,0.0133613111381973,0.0160017811571482,0.0236469182897889,0.0239012426480238,0.0537087389856041,0.0107531475026523,0.0192695414480119,0.0144007032814827,0.0153137017163749,0.0235627322237563
2018-05-10,0.009454720931306,0.0093156812443517,0.0007767307287747,0.0166580774908895,0.0098480714351827,-0.0492971406751374,0.0001893332208322,0.0030392508486496,0.0055761792113293,0.0177186481954267,0.0039148389445184,0.0033860395805027,-0.0028739955315268,0.0064105655069732,0.0223945964966112
2018-05-11,-0.0055237038716331,0.0055754814789903,0.0079176793605919,0.0014675144341631,-0.0129468890156855,-0.045997296450594,-0.0081578888722768,0.000606301523147,-0.0027080649917813,0.0132363257548471,-0.0016954936717931,-0.0005624242089169,0.0012226146356848,0.0168603357904786,0.0046971406862039
2018-05-14,0.0217340899411719,0.0021600770788849,0.0042365221763192,0.0090348987288475,0.0108166714188726,0.0033918802020296,0.0042083513111186,0.0078735730951322,0.0130608344568496,-0.0009413979502528,0.0045007025786758,0.007315629202887,0.0108173860756206,0.0040530912869851,0.0067667106948419
2018-05-15,0.0049632926885931,0.0071848572166512,-0.0049850958537049,-0.0009678119480067,0.0130607537068889,0.0345300918897923,0.0041902866788745,-0.0120189237365567,-0.007576138113419,-0.0073037762890348,0.0002536726031712,0.0,0.000258797049349,0.0003668170881669,-0.0004888130678042
2018-05-16,0.0032925572771846,-0.0034241581462615,-0.001387816698976,0.0029070371089812,0.0105628761869507,0.0280091923009209,0.0047420371244446,-0.002433137452681,-0.0072452122325266,-0.0001187763062774,-0.0013524286072628,0.0210893998183181,-0.0009555703950826,0.0040353586931689,0.002811831229625
2018-05-17,0.0316454251990863,0.0115964381621227,0.0079417046793117,0.0231885583044824,0.0382717235465235,0.0312569727648077,0.0264302624214909,-0.0060977722982175,0.0518705830239314,0.0225494430637647,0.0313980900684489,0.018054810411078,0.0410471228823909,0.0233832300309413,-0.0017067824104813
2018-05-18,-0.0022720649410495,-0.0157089947487222,-0.0123591872522942,-0.009443128780772,-0.0028536965448826,-0.0114226719273883,-0.0009195756624769,-0.0141103835908423,-0.0146203699406747,-0.0085887671330399,-0.0061120859761616,-0.0018805879724849,0.0071002665304407,-0.0074974318277103,-0.0070834286300599
2018-05-21,0.0084263681736767,0.0159597056814635,0.0118099984931474,0.0088182670133212,0.0131965082484695,0.0161985851212382,0.0014726421548332,-0.0056003730258372,-0.0085504223990789,0.0043317497542487,0.0092248152694802,0.0099607029428523,0.0124418661590268,-0.0064749611143734,0.0120541612183195
2018-05-22,-0.0259714578411794,-0.0075012789249182,-0.0088121243589419,-0.0125212156516316,-0.0289525246538751,-0.0331235254699894,-0.0213234008731689,-0.002503272520608,-0.0045659523133587,-0.0097916600539983,-0.0221509569939807,-0.0173262034695693,-0.0156479480157107,0.003982977118023,-0.007778435245026
2018-05-23,-0.0129838530592166,-0.0144013872104969,0.0036653647787512,0.0093306966479735,-0.0063025812834672,-0.0195872947949128,-0.0060108224390963,0.0156836969230336,0.0048417753912504,0.0044735418732533,0.0016839420029548,-0.0037980601097877,0.0074907331293994,-0.0014429401483705,0.0062466528452296
2018-05-24,-0.0307728997522132,-0.0096932983934995,-0.0162393436778472,-0.0118515851417971,-0.0243938785717412,-0.035868162624733,-0.0122824627961427,-0.0191472082621166,0.0030430098675735,-0.0172273162088686,-0.0010927972273446,-0.0303605197320318,0.006856649643862,-0.0180570293148537,-0.02288473103037
2018-05-25,-0.047988120272231,-0.0435352037978373,-0.0349104614334809,-0.0266245082455591,-0.0185033691248607,-0.0371233018454008,-0.0397933729631962,0.0006296875550322,-0.0266718596368142,-0.0174101636310239,-0.027099995212015,-0.036787704851816,-0.0258452092164033,-0.0073552615900066,-0.0194342726960133
2018-05-29,-0.007128467145343,0.0036655592850527,-0.0065469984455595,0.0076388850358966,-0.0131625218994402,0.0054009426221381,-0.0085677571622903,0.0094398451267976,0.0079220901107308,-0.0069173535784906,0.0104673197599614,-0.0077255060268612,0.0062328720545232,-0.0122270697234395,-0.0036845289878812
2018-05-30,0.0438461016315607,0.0356109433994458,0.0310568691925003,0.0254340199977616,0.030548493520246,0.0148761050941066,0.0130629116670875,0.0324186426326129,0.0249967621101339,0.0273737833650069,0.0202893307629978,0.0207137490278817,0.0229345929115023,0.0198799050387088,0.0392758414413787
2018-05-31,-0.0174401528846313,-0.009698610570199,-0.0068709085265618,-0.0085856573782503,-0.0162828050862039,-0.0166123700317843,-0.0132909657091692,0.0072466116314748,-0.0065368399504517,0.0015461071231364,-0.0225706580388626,-0.0116580400716389,-0.0082643571529817,-0.0121364817046529,-0.0031901162054489
2018-06-01,-0.0257501920464572,0.0133552396449079,-0.0036205648714499,-0.0040895394449033,0.0045835734513712,-0.043557714667227,-0.0132690326292775,0.0131894347496446,0.0365684558425485,0.0106888231267987,0.0215468067516517,0.004222897408644,0.0212868029037509,-0.0067014493701347,0.0072623372291935
2018-06-04,0.005389169752511,-0.0057107177982939,-0.012837988682624,-0.0316422826831498,0.0027040039107006,-0.0329002315674384,-0.0230233789899402,0.0023669102688592,0.000122163581578,0.0030558807247664,0.001680669007525,0.0015953396600489,0.0053324710611766,-0.005247267689831,-0.0105095145531912
2018-06-05,0.0017861345781353,-0.0050079968874906,0.0038440783140802,-0.0192070087062101,-0.017611679966544,-0.0013428069089259,0.0020930905298259,-0.0059031246146188,-0.0195288456091142,0.0017567157222408,-0.0031040296380675,-0.0016041702566435,-0.0089203902651781,-0.0015073033166486,-0.003581619815657
2018-06-06,0.0084077811990388,0.0047367881010211,0.0052965181058866,0.0556967918218522,-0.0037742859796923,0.0060064030192081,0.0089827078448339,-0.0071262090691576,-0.0195447432601296,0.0111099059134291,-0.0183453588195201,0.0062808086929009,-0.0172704189819782,-0.0116984232778984,0.0171048026173394
2018-06-07,0.0548256104989717,0.0235711775531191,0.0290157927078542,0.0105998139892815,0.0154124658941261,0.0169306944226435,0.0130435408206506,0.020335059624911,0.0049520556345983,0.0002312130278168,0.0067723547409856,0.0103062473004933,0.0023925396781863,0.0216637429202759,0.009992344968869
2018-06-08,0.0117362049434277,-0.0007199472797461,-0.0040957149529693,0.0050059665508448,-0.0022047772764369,-0.0014020066819117,-0.0169629941461477,-0.0123093393028296,-0.0020217854746058,-0.0028002441629787,-0.0051092493635447,-0.0024424026671435,-0.0145691171036838,-0.0109805825307311,0.0086872333936958
2018-06-11,0.0558714842209537,0.0152671887798201,0.0088575874839937,0.0026090658701305,0.0028894457798402,-0.0011405812838573,-0.004989699562814,0.0178039634337798,-0.0154445871795626,0.0079562867629903,0.0015404217649099,0.0063374077240183,0.007099937253028,0.0241193665859171,-0.0059806338873429
2018-06-12,-0.0412557036375198,-0.0150376067980377,-0.0037625240602255,-0.0080434404955658,0.0038979663885105,0.044364361391525,0.0,-0.0128278003366839,-0.0297033742141646,-0.0141615055055415,-0.0125617638368664,-0.0181768113993209,-0.0211496505671336,-0.0007476071971725,-0.0081829565021775
2018-06-13,0.0130963118399622,0.0027367470377197,-7.871404522086234e-05,0.0157407815943586,-0.0018571247131889,-0.004458092889543,-0.0039698629551782,-0.0112227666455085,-0.0076858373122045,-0.0070647414945136,0.001730667543325,-0.0091833018855161,-0.0011858560873412,-0.0041152993756222,-0.0110412748298932
2018-06-14,-0.0099258898750508,-0.0214020721460183,-0.0044071356134137,-0.0188192311548142,-0.0060887787888415,-0.0202791248175121,0.0012585830974762,0.0125447326336245,0.004140308470341,0.000237345306401,-0.0017276775079367,0.0052964190087207,-0.0089922328364651,0.0221637115784627,0.0046622595429033
2018-06-15,-0.0298437052476999,-0.0406575213005611,-0.0195243845317542,-0.0350037400168036,-0.028503079341518,-0.0031909544805869,-0.0236746628379534,-0.0106193211268439,-0.0216790152365266,-0.0120923472390721,-0.0108179438939238,-0.0219526815209649,-0.0140388542073208,-0.0198455500554589,-0.0150201058782241
2018-06-18,0.0295601929885864,0.0189718146692128,0.0155596705023326,0.0211180336474821,0.0213695467975865,0.0605640754298006,0.0004290322949995,0.0232556818893712,0.0167214428046731,0.0055203604604596,0.0055994923494266,0.0031425561747484,0.011807648374442,0.0157481620501147,0.0019837500455857
2018-06-19,0.0098037781256747,-0.0051050768493343,-0.0034134073274626,0.0124089953209922,0.0039444265866637,0.0407898407590723,-0.0109397192587223,0.0110725226227155,-0.0036103781974268,-0.0144413181976329,-0.0031320445775502,-0.0199879292636008,0.0006865202689936,0.0040605025912432,-0.0014849689750469
2018-06-20,0.0559411152856401,0.0182615706305908,-0.0019915579422109,0.024032671877858,0.020071726793561,0.0155197233533892,-0.0086747507188199,0.0080689721868636,-0.0093930733631453,0.0079923528614587,8.711936121996722e-05,-0.0022831020305453,-0.0076319610849109,0.0187495000345063,-0.0030978093021351
2018-06-21,-0.0288969289229686,-0.0349785919690729,-0.0215498381445082,-0.0342643312132265,-0.023696063057208,-0.0449986017228446,-0.0172828733163119,-0.0188679913879374,-0.018152462779625,-0.0138152725985105,-0.0274019193352318,-0.0115942314555131,-0.0389701878357526,-0.0007216012954159,-0.0094466231925489
2018-06-22,0.0090169813964546,0.0410074907308519,0.020474738707634,0.0517613190997896,0.0163808082694294,0.0147902281459983,0.0289405583649233,0.0134034826538993,0.0019314216951102,0.015105388650453,0.0051142122585507,0.0276277143670804,0.0091714030753304,-0.0018054117086411,0.0212070310446317
2018-06-25,-0.0361926615967362,-0.024195900700063,-0.0199038412817083,-0.0321160753290253,-0.0141759534048717,-0.0315388115723805,-0.0212031811707843,-0.0126509338254232,-0.0364912273604817,-0.023761027705374,-0.0140152456427768,-0.0172725039501286,-0.0265503095448097,-0.0264110722273608,-0.0201526259990103
2018-06-26,0.0238754906848173,0.0181432744300609,0.0126413969970098,0.0167104137998344,0.0243945372835761,0.0406249714013451,0.0022107398188375,0.0221313502473414,0.0081462044160816,0.0163491249344704,0.0032593683437853,0.0090172154217611,0.0090609659540776,0.0096620870438841,0.011286872539538
2018-06-27,0.0389409020679181,0.0207902281646374,0.0148197168411341,0.0206622684960766,0.0355115649612078,0.0283705744263302,0.0110276349983649,0.005128090726129,-0.0189963232004848,0.0131834884380031,-0.0009022545280389,0.0119659409063377,-0.0066211642334249,-0.0040490852561646,0.0132684164887222
2018-06-28,0.0010894915543968,-0.0048008096856461,-0.0026982679879139,0.0025302330239789,-0.0034698643495363,0.0054558209933543,-0.0045813365749662,-0.0090698744788877,0.0041906990960598,-0.0044171057621502,0.0093034628655521,0.0029937039134462,-0.0037435802625044,0.0040655470025912,0.0031824568203289
2018-06-29,0.017631505777458,0.0176874948053058,0.0061276549941353,0.0087196143359336,0.0075301503222382,0.0055798479684712,-0.0124916280298278,0.0108693866220672,0.0096419268493916,0.0033571259988574,0.0051010333953627,0.0002984054511965,0.0157636668564069,-0.0022085821594503,0.0092716515561135
2018-07-02,-0.0442781081514546,-0.0147949526156182,-0.0172428931824172,-0.009781711200791,-0.0163141439262852,-0.017253506772375,-0.0130937359168555,-0.0135820951703087,0.0015677865298064,-0.0138620616171858,-0.0151366479706663,-0.0271519337720392,-0.0144362894088874,-0.0151235653785125,-0.0117248448345519
2018-07-03,0.0246194198943174,0.0141421143847486,0.0038631932376309,0.0107974660758671,0.0002450938064428,0.0058006802765395,0.0013488466494047,0.0149167510364167,0.0078269408160673,0.0162386525270363,-0.0009039808370486,0.0096609217684167,-0.0097045270033064,0.0127343293626847,0.005870576178858
2018-07-05,0.0120142450367037,-0.0090567042392364,-0.0060132115964971,-0.0002274350830061,0.0064525270710837,0.0149941566090447,-0.0017960060538806,-0.0062184509022914,-0.0172265904859719,0.0039351242155727,-0.0032576934489378,0.0089612828637044,-0.0059164582485119,0.0140530585023717,0.0008511416101477
2018-07-06,0.0125186523738671,0.0104451278434793,0.0012908280610708,0.0118208824408301,0.0091704602976483,0.0225001125970205,0.0107984511043568,0.0199089908606504,0.0086202396812129,0.0007125632682989,0.0093510488364314,0.009031980887397,0.0027900195099508,0.0058350372439528,0.0002430814795892
2018-07-09,0.0317631147380848,0.0193828751486377,0.0149024167072988,0.0177490320363278,0.0143145825119987,0.0125954222004567,0.0200314429257209,0.0094812913090311,0.0230771934733637,0.0118692379832232,0.0126820453657146,0.0195438656114448,0.0133541721407108,-0.0003623950137504,0.0069235006339019
2018-07-10,0.0043386810342942,0.0104225134072326,0.0126990647350082,0.006843194421541,0.0066597638284895,-0.0198288072603197,0.0093819599517679,0.006629713825663,0.0006961032466117,0.005278694337818,0.0053290597932031,0.0168275313659038,-0.0059484464773205,-0.0021762205418096,0.0091675067650023
2018-07-11,-0.0191317689093394,-0.0235570811617863,-0.0318989444793028,-0.0326686383992042,-0.018193044673332,-0.0238880233283734,-0.0250754992429237,-0.0197581505928341,-0.0265756305669618,-0.0206534163426633,-0.0223517456827161,-0.016549051679688,-0.0208068238566609,-0.0007268470009417,-0.0127897772739747
2018-07-12,-0.0127939157269705,0.0199855610257444,0.0059913119638745,-0.0043061397886052,-0.0041714964504273,-0.0036706255497312,-0.0039910086980209,0.0095180267479098,0.0078616224556837,0.0075063553472054,0.0043376400828676,-0.0127306702487747,0.0040434045124879,-0.0116406742776924,0.0012108206678593
2018-07-13,0.0080733318564305,0.0076972862162465,-0.00177092139888,0.0179832450494719,0.0146608942638866,0.0081359854484015,0.0095725233783294,-0.0066551191321575,0.0174443287599777,-0.0108795794523338,0.0060282410945107,0.009041086158364,0.0051500373421649,0.0055207548089017,0.0074977700248115
2018-07-16,-0.0305587178754334,-0.0197218068408703,-0.0085453760537854,-0.0114043877858748,-0.0092627933197906,-0.0102784707280674,-0.0085994498123856,-0.0061421501838559,-0.0044605473127997,-0.0132715807038156,-0.0043821167504274,-0.0096945064393243,-0.0096888170511301,-0.0025624070182832,-0.0098426185508646
2018-07-17,-0.0160869369084329,-0.0042505883482578,-0.0087005440028178,-0.0029404073283583,-0.002327002026531,0.0050773052737509,0.0022240084408804,-0.0061794299587324,0.0039204491858013,0.0019387237838137,-0.0023359623832172,-0.0100860716238235,-0.0019753457126268,-0.0102754219301135,-0.0021822925102462
2018-07-18,-0.017675462589055,0.0009959830937122,-0.0031170910503633,-0.0074865767528905,-0.0059524292419829,-0.0004592624253123,-0.0057699286475574,0.0050873340634849,0.0119944344185434,0.0032654260609628,-0.0014405467310543,0.0047947341572107,0.0052782121487044,0.0292920462660752,-0.0010933656658198
2018-07-19,0.0020242467442821,-0.0093815980035556,0.0011520540460698,0.0089142191449751,-0.0096294127446476,0.0114863754800096,0.003571462528167,0.0118111280543793,0.0041344966127396,0.0002411537006212,0.0,-0.0020877799210171,0.0032819305145108,0.0335017095550789,-0.0025539121144213
2018-07-20,0.0018060226763285,0.0087170448060354,0.0049311439617725,0.0,-0.0003271596914793,-0.0071162930245983,0.00533777982107,-0.0166757526981647,-0.0046666216434612,0.0012049227894801,-0.0048692612903002,-0.012402983407002,-0.0073831197142595,0.0038337473060472,-0.007438187738716
2018-07-23,-0.0006761439600395,-0.0004286965985798,-0.0076877075555211,0.0015860149986866,0.0041687207591909,0.0001525802691848,-0.0809733125389225,0.0005650884380923,0.0066189253546335,-0.0075830421106793,0.0007249370055231,-0.0052958032257756,0.0006587102784472,0.0,0.0
2018-07-24,0.0157837115469727,0.0124319060563033,0.020769720817207,0.0079168440166947,0.0224645578071418,0.0173816374424997,-0.0286471266145681,-0.0028247858992317,0.0101372197415285,0.0122496825612807,0.0070623977880253,-0.0033463820913872,0.0093152265154472,0.0131947721597669,0.0197786742447576
2018-07-25,0.0144283800695541,0.0093157819233629,0.0084780677885483,0.0159335320619586,0.021971237559345,0.0092171541689047,-0.0131351325403168,0.0141641965274452,0.0132897309545902,0.0104240322658077,0.0101601112198843,0.0039682930820015,0.0192038667558294,0.0089100400280401,0.0069872018756884
2018-07-26,0.0004374672855269,0.0040553984520643,-0.0076060022415913,-0.0026509213870198,0.0037387702448217,-0.0009647350626109,0.0374185707088985,0.007262332102325,0.0728051331528483,-0.0020157421213209,0.0324879388744145,0.0164183296404218,0.0685996332779803,0.0006791970633381,0.0077761150313295
2018-07-27,-0.0155293910606493,-0.0048746201921494,0.0162966638076027,-0.0132890576631954,0.0022501726945209,-0.0164255728802648,0.0118615054942656,-0.0072099708992069,0.010354689765178,-0.0081987684773812,0.0240513798280226,0.002692175133981,-0.0041085384378919,-0.0122198337454491,-0.0275404576918141
2018-07-30,0.0233284579827797,0.0114764563150822,0.0147655954918544,0.0114480304452639,0.0058073490410475,0.0103522364885257,0.0117223522107579,0.0028247234960601,0.0062964416526354,-0.0019165599029802,0.0282855890900359,0.0080550544317712,0.0078211778964463,0.0161509397505974,-0.0021972087656394
2018-07-31,-0.0013028618058203,-0.0013836812791806,-0.0122038589401672,-0.0011095229880364,-0.0073902058800834,-0.0131627910917524,0.0030738239379128,0.0016902790931037,-0.0082208340106781,0.0074419256709619,0.0097419038668318,-0.0008879487152987,0.0092957127816029,0.0060870898315177,-0.0028140220968839
2018-08-01,-0.023043591486774,-0.0049881131796588,-0.0069689468419863,-0.0342146950322254,-0.0261361939281494,0.0070480145898961,-0.0084864091039196,-0.0140607416506753,-0.0008658289233743,-0.0153700412159246,-0.0026754328409168,-0.0127370646626232,-0.0132657808577633,0.0107566764118163,-0.0137404344319034
2018-08-02,-0.0117934566930052,-0.0034816046451753,-0.0129996740499822,0.0108120545052416,0.0028668899588883,0.0121163866635773,-0.0035662952584177,0.0085568616944671,-0.0127540044429919,-0.0048399680783239,-0.0078042976371051,-0.0108010823687934,-0.012416463565692,0.0302626289226051,-0.0059706915087777
2018-08-03,0.0166630569755976,-0.0037726793511632,0.0023432410647021,-0.0202546967763331,-0.0279520088101588,-0.0274371007765159,0.0033400558822802,-0.0033936037586317,-0.0080267166663585,0.0006077144114107,-0.0031952942811508,-0.000758336789607,0.0004334177741838,0.0051646113525032,0.0036290605292259
2018-08-06,0.0108529038563967,0.0061715105597697,0.0020156545635945,0.0139370468728625,0.0121720730084848,0.0215597334780235,-0.0021399243301261,0.0187286318605184,0.0094824967498072,0.0001217824745616,0.007233207685213,-0.0022765190951424,0.002705619984672,0.0064226880307374,-0.0002496823611203
2018-08-07,0.0162135676842685,0.01631117777493,0.0070793935092423,-0.0045819492364338,0.0042777776938587,0.0083820446453646,0.001668144855369,0.0016711957189277,0.0179110794897403,-0.0043745698121443,0.0014689397071732,0.0142992033941324,0.0158415120087038,0.0073386377121713,0.0135944237668648
2018-08-08,-0.0053898987299296,-0.0207130898382971,-0.0103852758681459,-0.0179514701680713,-0.0133411223953722,-0.0070508118132441,0.0,-0.0033369812340944,0.0051676896557104,-0.0090309503310659,0.0021186230472658,-0.0040495571787774,-0.0069403439309932,-0.0006332796772509,-0.0066441438165413
2018-08-09,-0.0615653442456558,0.0050424030091869,-0.0108974719051815,-0.0140616727252053,-0.0037464155358861,-0.0197324564584943,-0.0123716770940112,0.0011160513203438,-0.0115069598257323,-0.0419949852670668,-0.0065051109025132,-0.015208218889552,-0.0065574984148923,0.0076072347487738,-0.005078891275712
2018-08-10,0.0203277842392317,0.0026484721819757,0.0066105566055474,0.0183027126452168,0.0037605039462933,0.0278304576360806,0.0103585678887527,0.0128205320479557,0.0022297750610194,0.0127267917775948,0.0033554665720512,0.0097856550790287,0.0019975268542873,0.0,-0.0010060680339388
2018-08-13,-0.0108667474342847,-0.0120938207040273,-0.0072969639354945,-0.0179737443669106,-0.0103444803508397,-0.0217355621389042,-0.0259896498111631,-0.0181618892938757,-0.0103801271305129,-0.0081241497761869,-0.0083203700811564,-0.0162022968749478,-0.0050273213192938,-0.0346022211563024,-0.0108287441826617
2018-08-14,0.004806675459001,0.0151966587228009,0.0011436695461908,0.0080816863464145,0.0129220968712266,0.0142565562802234,-0.0044061204275922,0.0061660600842519,0.000250032216865,0.0194522014142897,-0.005182182375693,-0.0026166038783346,0.0022652389731412,-0.0123821886714099,-0.003182265433828
2018-08-15,-0.0437359205406512,-0.0600141258150963,-0.0378528506167155,-0.0455080948160961,-0.0619972609938317,-0.1199999550257927,-0.0238502598451942,-0.0122565455720807,-0.0310105462773397,-0.0342704936883927,-0.0459731158890929,-0.038734492619414,-0.0306826282441866,-0.0102272165136508,-0.0174944005048058
2018-08-16,0.0045257867037005,0.0234447672538387,0.0071904887194409,0.0049410312877804,0.0040711239769837,0.0234492779127335,0.001762993778021,0.0050763890580858,-0.0063488247061355,0.0141688652300124,-0.0038133153910311,0.0032107074062304,-0.0017934487158824,0.0003330640772529,0.0137766073740106
2018-08-17,-0.0040313090159656,0.0051866019760378,0.001189996414725,-0.0019667083250219,-0.0098349582450684,-0.0012881845644395,0.005028823994768,0.0072952101592083,0.0054766651876705,0.00679284433858,0.0043500872802753,0.0054410478510746,-0.002874467731436,0.0153281418528883,0.0033334207789113
2018-08-20,0.0007143465039236,0.010749422437434,-0.0004245654055623,0.0108372444022852,0.0,0.0067399001706767,0.0107582367188994,-0.0022282887160688,0.0213976974672494,0.005856057313845,0.0125606588112918,0.010663544185812,0.0216217347033162,-0.0016408828070599,0.0070279888023372
2018-08-21,0.0152272778593709,0.0052466885871269,0.0016136496670813,0.019736892887658,0.0062734261466168,0.0132241691105665,0.0126236685350311,0.0027915187504465,0.0031745172321444,-0.0015189099568166,0.0037045178702981,0.0198423149638664,0.0065252982141448,0.0032873519931087,0.0002537018266048
2018-08-22,0.0142954238575911,0.0156577026158049,0.0083091024461789,0.0205492550940316,0.015845751037552,0.0133781930942948,0.007088574021385,0.0178175509943192,0.0151878739022066,0.0055775751844782,0.0043773204217874,0.0050957182168214,0.0134924859079412,-0.0009831277394395,0.0143347977434411
2018-08-23,-0.0097042065162675,0.0006946083905481,-0.006895431886181,-0.0044483002141452,-0.0078421404755782,-0.0211702854330922,-0.0089806097577299,-0.016411571259169,0.0175788451079841,-0.0044114416499353,0.0115364679392067,-0.006759746699115,0.0205738016214014,-0.0131187405117794,-0.0110054635972079
2018-08-24,0.0146992819413165,0.0077728579273084,0.0077056586313253,0.0032925647587509,0.0091067255279251,0.0012333557712114,-0.0004893328513214,-0.0005560804054524,0.0269541926875394,0.0045574084419,0.0074339821193087,0.0092807321584873,0.0210909094757913,-0.0003325545179677,0.0068284190508383
2018-08-27,0.0064382661380901,0.0031674061834925,0.0112593906682696,0.005157059479643,0.0101309549501444,0.0080490951204796,0.0049004484817323,0.0,-0.0016706352432834,0.0109655701483499,0.0065412940493227,-0.0061303347721295,0.0054751325636153,0.0079787063151859,0.009796583239277
2018-08-28,-0.0230752932835568,-0.0108459592252757,-0.0040714912303072,-0.0086283299274135,-0.0057309809303226,-0.0131178793481184,-0.0082906727580825,-0.0089038172632558,0.002748833991067,-0.0012463048948903,-0.0023327675244578,-0.0120277291860334,-0.0067651538776761,-0.0079155504627207,-0.0014925812599183
2018-08-29,0.0226849166340632,0.020679745592665,0.0030033634867696,0.0105852787722977,0.0068663497478209,0.0065222983488237,0.001229247084507,0.0039304734562115,-0.0022639557521497,0.0014978230572768,0.0057619912438973,0.0065554874198539,0.0018274693519602,-0.0056515106229901,0.0072246666889013
2018-08-30,0.0148640131593793,0.0002726893576114,-0.0034101206957158,0.0039574131396629,0.0010941176666257,-0.0031991464123342,-0.0122789204671394,-0.0055929073688406,-0.0071672029092579,-0.0012469122819425,-0.0073893857506021,-0.0023260875338234,-0.0129344593221947,-0.0076897921778344,-0.0043285687556955
2018-08-31,-0.0123930644546598,-0.0017674913062033,-0.0112681654752082,-0.0046373171635538,-0.0057185373331761,-0.00362050095272,-0.0082051416970514,-0.0044993566222677,-0.0099852414083912,-0.0032443411684984,-0.0086994271791575,-0.0183400338804405,-0.0098275484143757,-0.0030321657622102,-0.004222876318656
2018-09-04,-0.0148298851429128,-0.0043577516271647,0.0034612406864151,-0.0135103694284902,-0.0046522193416767,-0.0062773010194586,-0.0057916331661426,-0.0045196923298828,0.0241825987038566,-0.0075126588139561,0.0037971698590331,-0.0118096814651176,0.0200202238402982,-0.0131803696041742,0.0014968633141345
2018-09-05,0.0171371589463154,-0.0015048957178585,0.0004205625935211,-0.0151120258923379,0.0017848533007152,-0.0237698811014845,-0.0595239669959676,0.0096480368076197,-0.0040340565354753,-0.0016396534220488,-0.0081538301928388,-0.0145347709805536,-0.0276944415913552,0.0092468316656622,0.013326647472607
2018-09-06,-0.0286883902027025,-0.033698345308635,-0.0310292170844352,-0.0258933278269,-0.020273203425794,-0.0252850138182962,-0.0072713509493869,-0.0067453247323392,-0.0135811968647213,-0.0198376950773605,-0.0109333794371826,-0.0132742006912427,-0.0071853485193751,-0.0216274157601706,-0.0110620383571041
2018-09-07,0.0049229524786822,-0.0045365693506892,-0.0054672106617758,-0.0039378589701111,-0.0089177012331977,-0.0160713053243596,-0.0016279738313257,0.0084888952652484,-0.0035023670903073,-0.0018236589047763,-0.0205655536176935,-0.0084708061560289,-0.0085292389589144,0.0028070267384099,0.0170275349094293
2018-09-10,0.0102634667592456,0.0132442452004057,-0.0010469773404256,0.0009882898491151,-0.0013105289666595,-0.0047935556290894,-0.0029892631291424,-0.007295042399236,-0.000969704349911,0.0030007709810397,-0.0030621857721171,0.0046903309194967,0.0014772775600579,-0.0020995036505576,-0.0014668965338825
2018-09-11,0.0180095917274212,0.0044973950502733,0.0047169474075556,0.0241916683309044,0.0166199372852804,0.0382659615333076,0.0179885021079915,0.0180891563669087,0.0132232449421427,0.0031217835998254,-0.0122859088427588,0.0056684910704649,-0.0013017115695567,0.0017531489541242,0.0140745748262507
2018-09-12,0.0235881932875163,0.0069961270181806,0.00669412643635,0.0110868387023936,0.0061950681546067,0.0353093275576161,0.0211512585394091,0.0083286392699355,0.0081417639594869,-0.0178944228343362,-0.0034650661705017,0.0082891132944618,0.0105128509248209,-0.006300209831375,0.0032582912708793
2018-09-13,-0.0130733034503409,0.0080587479002602,0.0044048315400038,-0.0236443362882864,-0.0027362335417205,-0.0141069011672562,0.0076033782077373,0.0077091950800616,-0.0013061482744238,0.0118826833324243,0.0076677003339475,0.0032885747776989,0.0044707338204263,-0.0070446043740558,-0.0097437170474689
2018-09-14,0.0206553302311696,0.0130945500387098,0.0092863554849067,-0.0295989835601967,0.0102896976508621,0.0245772432944946,0.0052048489545004,-0.0131146828628041,0.0029728959007102,0.0122650898415541,0.0051316218581267,0.003441358617614,0.0025678581700896,-0.0035472401095973,0.007288380431669
2018-09-17,0.0070393393665384,0.0100681341164579,0.0011071409074665,-0.0216787195962384,-0.002376564479689,0.0078862822047529,0.0020709053113412,0.0060908645556492,-0.0061655070988178,0.0002583401072193,-0.0069542574674607,-0.004246117304668,-0.0142574725000104,0.0053397501981653,0.0059093151569775
2018-09-18,0.010484890741776,0.0107757140350774,0.0052764507146345,0.0133987655594125,0.0162501781361898,0.0167904914940242,0.0116248983003004,-0.0027518213510109,0.0017895763883242,0.016494597997124,0.0043436652425561,0.0003279393677237,-0.0011262722759619,-0.0053113887092527,0.0026377274361364
2018-09-19,0.0116731235521767,0.0065300343517151,0.0116819530882126,0.0137295914241191,0.006027373698388,0.0307009434741598,0.0229826259117036,0.0077265428297039,-0.040847938370544,0.006338650683751,-0.0347750334055971,0.0039349938915735,-0.0488162206443333,0.0035598678154973,0.0119573706643045
2018-09-20,-0.0241453349109111,-0.0022512120616551,-0.0007529947446265,0.0060197658003178,-0.0079886667512293,-0.0144655022730646,0.0082373951063872,-0.0120484639898796,0.0172584020452091,-0.0018894797365962,0.0088697931296632,0.0055530024836321,0.0071102731652945,0.0021284467503759,0.0022447416598665
2018-09-21,0.0063500282203947,0.0122080905157111,0.0143189438369824,0.0109696041274252,0.0020973088142006,0.0144413567896743,0.0079227740329099,0.0011086275166487,0.0175759883277517,0.0046699770126372,0.0120545990422984,-0.0071462861603883,0.0159302907104863,-0.0130973734243851,0.0041267379951568
2018-09-24,0.0330721700239204,0.0102255577189307,0.0123011048286967,0.0246613305581162,0.0379202582595938,0.0335277869666152,0.0085972850678732,-0.0094131467891571,0.0290270590753629,0.0144471173121643,0.0161206486123168,0.0076883058484615,0.0242339574699195,-0.0114776943567457,0.0167897776883507
2018-09-25,0.0063183904304637,0.0136258544580598,0.0061162143972128,-0.0033693782991355,0.0133076291108453,0.0124187658469352,0.007306489135928,-0.0005587943944098,-0.0086255226041916,0.0069349881699254,0.0125152667218262,0.015097501616186,0.015657497218948,-0.0108851909957833,-0.001154464830361
2018-09-26,-0.0115109848923944,-0.0106261326282515,-0.0115100783130179,-0.041777577938628,-0.0026266220253747,-0.0236409532505296,-0.006769911084213,-0.0151007328579587,-0.0061135796081223,-0.0036894848783827,-0.0086175389338111,-0.0263872793258381,-0.0020555182567264,-0.0058695292058853,-0.0083238175408927
2018-09-27,0.0042344566298864,0.0031057805639285,0.0042642851831566,-0.0075602425864721,0.0134869010065017,0.0207872156949591,-0.0119277705897411,-0.0028392447625907,-0.0176272706006718,0.0019749370070958,-0.0088685395383029,0.004763280852247,-0.0105562295883641,0.0059041839862294,-0.000116797482808
2018-09-28,0.0050603201511147,-0.0015477607656985,-0.0015515474012064,0.0142201787644324,0.0044879054072641,0.0084288631131324,-0.0014782621891475,0.0096808335685536,-0.0369699449595711,0.01231986951071,-0.0014171023737803,-0.0040871203145994,-0.0133574491434145,-0.0025682575011043,-0.0087442106001179
2018-10-01,0.0144746514067595,0.0321701680297492,0.0172555089385637,0.0065099086773747,0.0150507763300968,0.0119093673144909,0.0128301320776098,0.0253807650093187,0.0307612320952819,0.011683450682735,0.0156137614605937,0.010998144565584,0.0011427460343746,0.0172857846413545,0.0092918804158468
2018-10-02,0.0039285163321218,-0.0201526191915878,0.0028136426256555,-0.0084578301379506,0.0039382964095795,0.0018274624217882,0.0160777962442555,-0.005500616354825,0.0103116625110877,-0.0031281685883128,0.0018343498165012,0.0048708832956798,0.0144013854941904,-0.0003613640409395,0.0075749773145787
2018-10-03,0.0067971112666145,0.0037043513344783,0.0045695933141378,0.0198189583675567,0.0029233996664297,0.0209411634028384,0.0021577983693448,0.0088498135913195,0.0373439559383546,-0.0050684851771786,0.0329587493492555,0.0117951173764361,0.0386943324235649,0.0119348727513628,-0.0035853847075241
2018-10-04,-0.0081832296921638,-0.0036906797599842,-0.0028731705464051,-0.0125458427141679,-0.0011510065026724,-0.033376074536612,0.0021531523008211,0.0016446252411335,-0.0129643328703697,-0.0032745157650422,-0.0064998026470112,0.0036732584781962,-0.0230851047580962,-0.0075054753719476,-0.0066167350428592
2018-10-05,-0.0103137265100065,0.0014051229358396,0.0030415060247037,-0.0024912685427123,0.0062968327333745,0.0081331474017913,0.0026260948543841,-0.011494210555984,-0.0089125293780754,-0.0094909995335441,0.0056923988019712,0.0023866159219434,-0.0009384449742914,-0.0054014911405287,-0.0028040319047258
2018-10-08,0.0004169742881272,-0.0014031513357153,-0.0039095384850699,-0.0314684203183848,-0.0093091857715412,-0.0254492158219867,0.0002375212600125,0.0083056642011156,-0.0076915508836573,0.0042993781298641,-0.0019429675959254,-0.000952644613313,-0.0079411500044992,0.0025343643647115,0.0092569735946395
2018-10-09,0.0270835720894178,0.0143077887850482,0.0158601607427506,0.0188240990278756,0.0194096646130723,0.0169325073843247,0.0030947992646346,0.0197694125337803,-0.0011927912406352,0.0058718512303739,-0.0038938530643093,0.0027011805704111,-0.0044758259062634,-0.0021666714580289,0.0044121815384923
2018-10-10,-0.0588236364573242,-0.0542823049758193,-0.0332754801631959,-0.0559354521696878,-0.0444274821993974,-0.0432919304835306,-0.0355958401647613,-0.0306946788334481,-0.0371298326563709,-0.0524143031870243,-0.0393435426443153,-0.0362859967384083,-0.0416740268170567,-0.0155628558698028,-0.0230036005482475
2018-10-11,-0.0381467402282661,-0.0306297613072323,-0.0340130831645941,-0.0337799027948156,-0.0383490352087971,-0.0359680607549687,-0.0218993221844956,-0.0322222228680981,-0.0238065633207757,-0.0178386137841056,-0.0317559751988275,-0.0279513249732077,-0.0356368594746902,-0.0224265288856015,-0.0345475620303201
2018-10-12,0.0112034400960914,0.018555802589155,-0.0055729243393951,0.0163708738858516,0.0046046175782172,0.0119551945988714,-0.0037734717691985,0.005166553831712,0.0171474135925242,0.0056190793007324,0.0,0.0035522788096145,0.0127232546233988,0.0033846740703984,-0.0026961684822859
2018-10-15,-0.0124085006866698,-0.0075856057374273,-0.0070475341860458,-0.0141958831201196,0.003191863984912,0.0143515593242493,0.0050501651997461,0.0017131903105254,-0.0285965292585833,-0.0613307926271179,-0.0205555693637025,0.0037077669767004,-0.0412007763353171,0.0033733651921701,-0.0068816557434778
2018-10-16,-0.0013465231152252,0.0072341901557781,0.0048740199742356,0.0268623148828479,-0.0007355585244073,0.0225904505783594,0.0070351534498056,0.0216648027848891,0.0293094523268486,0.0121818401330231,0.0247179634565888,0.0021833523448204,0.0204257863663885,0.0063505615970413,0.0047017330321978
2018-10-17,-0.0276343657689588,-0.0178865718174151,-0.0018716356016581,-0.0291263402480578,-0.0173402435556234,-0.0100140251165952,-0.0129735176356249,0.001674160392423,-0.0114897881587217,-0.0027352396168545,-0.0098308056960624,-0.0073727603807945,-0.0204890611774323,-0.0022272052345769,0.0036948589385561
2018-10-18,-0.0219495649210194,0.0015176426298144,0.0015343098681559,-0.0250001745298035,-0.0132343727916507,-0.0196894027703261,-0.0394340443733275,-0.000557176269637,-0.0041691291079409,-0.0139883701700895,0.0031256797507812,-0.0136732957549694,-0.0033737844172736,-0.008556964713451,0.0042946442749005
2018-10-19,0.0004754184563646,-0.0013778268820596,0.0057037295096995,-0.0045584286428875,-0.0074230040723346,0.0011027177784783,-0.0121052133300413,0.0022296142767301,-0.0621670008752749,0.003894617805594,-0.0581928768872578,0.0006847153740532,-0.1028145216457349,0.0033774892486788,0.001465740631527
2018-10-22,-0.0192400576385584,-0.0060697345668918,-0.0078722392193705,-0.0020032082269209,-0.0120677495244062,-0.0199844927522527,-0.0303675873293078,-0.0300333299082304,0.00284064941322,0.0015239482912412,0.0036972420087915,-0.0283908064169855,0.0009701426857393,-0.017202665876277,-0.0100035698581809
2018-10-23,-0.0365707368624005,-0.039278292388462,-0.0325055724481661,-0.032692957493242,-0.0441290106923821,-0.0437539096357546,-0.0219781378637565,-0.022935624127389,-0.0275192288332781,-0.0228247564380715,-0.0324767552914182,-0.0302760899714018,-0.0128160814479942,-0.0144598482209948,-0.0161427918914114
2018-10-24,-0.045500215935828,-0.0509965656833233,-0.0281304738109899,-0.0474356029490339,-0.0448163327828796,-0.0521367828233699,-0.038482913147987,-0.0311032479304544,-0.0559023008946126,-0.0341167510072693,-0.0450901281376533,-0.0377564563235348,-0.0542222665034068,-0.0247102833444482,-0.0278056467550275
2018-10-25,0.004740431226444,0.0354695156351563,0.0124307676793005,0.0224091237915855,0.0092329713522767,0.0118690908471568,0.0148990222512572,0.0042395964072254,0.0279168561781482,0.0061560882322087,0.0334730600881192,0.0054706289759534,0.0079592901016889,-0.0095012178624408,0.0088894257907279
2018-10-26,-0.0199214800005438,0.0067627787737003,-0.0004483292568669,-0.0143073205343094,-0.0052275363356552,-0.0042018876846731,0.0115139092435756,0.0006032156415232,-0.0157236940619417,-0.0107798440379663,0.0097472259755559,-0.007504750571934,-0.018196615952712,-0.0279775052629484,-0.0099604647494143
2018-10-29,-0.0323610784008983,-0.0165012221865752,-0.0233120871251609,-0.0432367600718313,-0.0424175779222107,-0.0491382576824691,-0.0204894315415954,-0.007836084804724,-0.023671057710389,-0.0213518071447944,-0.0093513759684132,-0.0274103844006563,0.0185338696610517,-0.011924364128736,-0.0061911946362166
2018-10-30,0.0351019860083245,0.0322195729562808,0.0176261636246848,0.0432537943470527,0.0340062065998267,0.015808336019889,0.0185941503276132,0.0307504455618983,0.0233528946053263,0.0164010729575165,0.0359319076431758,0.0169096960226695,0.0311282632408063,0.007074316522029,0.0224530588720568
2018-10-31,0.0101467012661067,0.0054662249474806,0.0072170101637973,0.0024752183427199,-0.0016110879998536,0.0225702471919124,-0.010838850999679,0.0155130671966845,0.023982285606737,-0.0071058608790647,0.0074465380747281,-0.0193039766761605,0.0109878971675303,0.0053719035449659,0.0114241077022785
2018-11-01,-0.0380654771893947,-0.0045778128047809,-0.0042995261299856,0.0141975932652262,0.0147139398958935,0.0275007814823751,0.0025953999815695,0.0082256393492572,0.0089426644467607,0.0190844613834553,-0.0031121132250416,0.0068211973515104,0.0155890883354998,0.05836414309212,0.0124248109645028
2018-11-02,-0.0123653842507392,-0.0250074015311003,0.0320232809225182,-0.017650697688801,-0.0424733616014586,-0.0097875567464369,0.0037386358071154,-0.0174825770540283,-0.0223693394872199,-0.0005853187645992,-0.0340489634294108,-0.0050328923917924,-0.007350663442879,-0.0066021181186717,0.0158667269949221
2018-11-05,0.0456316757189094,0.0175410804786362,0.0366947743955115,0.0254025319986661,0.0390814106564443,0.0146078295583556,0.0243554256383522,0.0237247579167549,0.0038857074645402,0.0240080528298098,0.0152512116619381,0.0108946957492275,-0.0074049824139889,0.0054735257839286,-0.0037824371478121
2018-11-06,-0.0063866680864258,0.0068087995574463,-0.0003361977599793,-0.0051358616072015,0.009215132276795,-0.0225881521189716,0.000559278111107,0.0110081298267397,-0.0199253388578335,0.0484632827057955,0.003581106557156,0.0023098348051158,0.0014261960128429,0.0007771289760614,0.0042873463987509
2018-11-07,0.012587303669471,0.0076258191232925,0.0165684484468018,0.0282418160569339,0.0169569017318951,0.0220517673772819,0.0178922614755603,0.0028652407733891,0.0212081915816726,0.0051812311956032,0.0222047666844185,0.0046079300027674,0.014351278867887,0.0287492125097867,0.0126843367646574
2018-11-08,-0.0473422174892363,-0.0445521735472325,-0.0124929343444675,-0.0336679884149691,-0.0393951911051877,-0.0450504787012578,-0.0285636844109603,0.00342853304956,-0.0303641426975193,-0.0147850192193066,-0.0431538313956649,-0.0141434474903842,-0.0420130594580977,-0.0351207288033855,-0.0158979432726147
2018-11-09,0.0294283434702196,-0.002690163521169,0.0012569597004157,0.0088629863302656,0.0062945620226539,0.0289199624920348,-0.0110263422769669,-0.0017084091874187,-0.0076808575949773,0.0126666218472877,0.0108444992845375,-0.0228773751566017,-0.0126270313421753,-0.0086105097366022,-0.0002471619007022
2018-11-12,-0.0277779114003209,-0.0238273341736084,-0.0177389917998728,-0.0442289330705215,-0.0403755690279595,-0.031796286311987,-0.0234417347631467,-0.003422665688345,-0.019053137195341,-0.0188988046164996,-0.02075411989978,-0.0188490311917561,-0.0183827581586244,-0.0197392434613734,-0.0128601929591873
2018-11-13,-0.0224685240080548,-0.0217992212087266,-0.0173782562900607,-0.0206022858937194,-0.0269631507877061,-0.0215910187380375,-0.0553281636500453,-0.016599558513748,-0.0262520635406531,-0.0191240405236122,-0.0293842958532102,-0.0426695033919969,-0.0279169155036056,-0.0205398604701969,-0.022923871170812
2018-11-14,0.0249711656509543,0.0062774839054904,0.0032078061408788,-0.0116503923766865,-0.0045671678018304,0.0079735397158238,-0.0006194525386765,-0.0139700006953157,-0.0051425323282981,0.0024016370681618,0.0084387058268711,0.0099282902235906,-0.0147182163096826,0.017680990646806,-0.0078201997110239
2018-11-15,0.0240863853216064,0.0169991454946012,0.0205058954751955,0.0026194843872873,0.0358928276044683,0.0324718313180909,0.0062014790404678,0.0135773820824161,0.0238095419650001,0.0231149859350709,0.006589733200689,0.0056473300877391,0.0112945503963484,0.0101008506145665,0.0103370753977884
2018-11-16,0.0118952747820022,0.013955013622213,0.0180422259273975,-0.0346179515054786,0.0355348370007579,0.0195784324494245,0.0003079049806742,0.006406479129924,0.001223924479994,0.0108826058311135,0.012365269055685,0.0029118963799206,0.0081665143835485,0.0051997705098167,0.0098476651190275
2018-11-19,-0.024044734857059,0.0048395962681393,0.0030236622126607,0.002029540417886,0.0048480001641684,-0.004374220123863,0.0163277603208376,0.0081017889510168,-0.031020727275297,-0.0002722567568852,-0.0177001253694235,0.0018663717950799,-0.0295856211973247,0.0079589303299001,0.0032932797769682
2018-11-20,-0.0509173952374344,-0.0368751368624283,-0.0278011917080213,-0.0735988245938625,-0.031690697099706,-0.0446357372101395,-0.0469836645648311,-0.0264066135160245,-0.0168388287156379,-0.0417121198872467,-0.0248681070880907,-0.0291863364520098,-0.0257775833185699,-0.0268456636609085,-0.0284025742636069
2018-11-21,0.0392273191442984,0.0232850640648969,0.0126614186421933,0.0397228782068688,0.0355609782262735,0.0045985205424046,0.0155851523452581,0.012382374235635,0.0297300642287763,0.0253202738006272,0.011994636879596,0.0157782344677375,0.0075055064544009,0.0154156641956009,0.007665450255172
2018-11-23,-0.0324729952990809,-0.0256570228568647,-0.0337669010491695,-0.0567821802013414,-0.0500002349943385,-0.0398241804215944,-0.0385216615106369,-0.0326150295642637,-0.0313821512431842,-0.0312154332001177,-0.0496528003903029,-0.0266586107293728,-0.0273988247730726,-0.0195765001506899,-0.0266888537765864
2018-11-26,0.0146298122070152,0.0141068047745629,0.0121477627612065,0.0081753796637318,0.0182723603610215,0.0422387163512694,0.0358306084736472,0.006622293430698,0.0396890145417931,0.0115996830336633,0.0344944373814286,0.0056074678354589,0.0227185376114247,0.0110024957470384,0.0197375487301176
2018-11-27,-0.0081990181721689,0.0089645288646995,0.0020005131376026,-0.0191670998006421,-0.0057537498314716,0.0048485863514018,0.0025156944919724,0.0005983149860373,-0.0068558046899854,-0.0178369612367118,-0.0087980128405493,-0.0092218785526796,-0.0171363810666433,0.0072550165986127,0.0009094605593655
2018-11-28,0.0051312312252038,0.0163907126898681,0.0254318964079967,0.0097707775644317,0.0178519381288368,-0.0003640364750522,0.0090965259982047,0.00777044303202,0.0241605801396078,0.0191695868857362,0.0150118560259127,0.0045454816275185,0.0257006101302439,0.0140056635645289,0.01817016666218
2018-11-29,0.007940974983619,0.0078371099680683,0.0060096466343306,0.0014887827865612,0.016382522575415,0.0200362219279146,-0.0087036626962851,0.0005929963375403,-0.0058211257887894,0.0028285301063499,0.000540455909098,-0.0109888862539831,0.0006295230124588,0.0086822113479441,0.0077755464064983
2018-11-30,-0.011536563212669,-0.0103185128692465,0.0007572064055103,0.0044593071278116,-0.0204802227918854,-0.0144644544192116,-0.0144247346348922,0.0118554363069094,0.0040063567954744,-0.0090255866618471,0.0090631105146714,-0.0174290242755242,0.0054110110131935,-0.0093899260418607,0.0055654012501591
2018-12-03,0.0387136704003374,0.0442730809494125,0.0145453325945741,0.0643731447887121,0.0464622113837376,0.0162169437207739,0.0391347649631943,0.0134739811926869,-0.0076736172118051,0.014942165554183,-0.0152907233669656,0.0266072226444304,0.0175218472057128,0.0150082050219719,0.0216357003082856
2018-12-04,-0.0397368738412656,-0.0316882956442293,-0.0284247082946174,-0.020855326901247,-0.037369190695974,-0.06320750350254,-0.0373545787679449,-0.0358382007104821,-0.020414438360788,-0.0231349431381419,-0.0074928850593317,-0.0366813851011393,-0.0220173590967291,-0.0252922837100545,-0.0220392273398731
2018-12-06,-0.0325341987489633,-0.0046320533911152,-0.0113441388085497,-0.0149093296221813,-0.0186412586183046,-0.0310242198628352,-0.0470250550855256,-0.0131893591742981,0.003315427350147,-0.0308596939394845,0.013128980590968,-0.040797783598677,-0.0084266441821247,-0.0207583807633311,-0.013093404916745
2018-12-07,-0.0262539213166762,-0.0105093901228604,-0.0036236874806483,-0.0198200135343838,0.0144911526683253,0.0086428707296062,-0.0036925425210725,-0.0066828217231535,-0.0313137734732769,-0.0029965335742011,-0.02429769329314,0.017013325831364,-0.0361490175547246,-0.0020381944325619,-0.0095675647924996
2018-12-10,-0.0530141210258463,-0.0107723131331092,-0.0047621321149742,-0.0341910928973041,-0.0183381571607065,-0.0201557556625782,-0.013477083709329,-0.0189600891041011,-0.0094219141953365,-0.0315599285112541,-0.0167133236129455,-0.0248603577115734,-0.0343468113483496,-0.0163399805720657,-0.0141678010275203
2018-12-11,-0.0220728997691616,0.0036808566069275,0.0046109366756159,0.018271992237834,0.0035397103086716,-0.0058629890169362,-0.0163936028882946,0.0049874122567832,0.0059035066870931,0.004034433318419,-0.0047275459312561,-0.0173933430663988,-0.0014990884311077,-0.0062292714993834,0.0018289544664666
2018-12-12,0.0248610413642578,-0.0025978254059253,0.0012991057829556,0.019813064851464,0.0182229448586384,-0.0154938116852734,0.0281253325080008,0.0068236823500984,0.0114119432699992,0.0109740855671647,0.0093874204567601,0.0048492363118757,0.0050498371232567,0.0108652709785663,-0.0086073864358117
2018-12-13,-0.0009577423977839,0.0131762770431345,0.0027677069735903,-0.0121325537591748,-0.0105842361331437,-0.0220328491745858,0.0101317066407875,0.0110903569182378,0.0012894150653035,0.0194156911237004,-0.0047062894994636,-0.010135068540266,-0.0024443037477386,0.0004193036687156,0.0126282564493289
2018-12-14,-0.0338654992878093,-0.023892420717018,-0.018199209309167,-0.0383329086555744,-0.0267431467910697,-0.0374791679692636,-0.0304246201271762,-0.0146251566335137,-0.0362202671089204,-0.0236953234232178,-0.0225144018440318,-0.046806157884575,-0.0021779836287235,-0.0171838263508981,-0.0181864117704282
2018-12-17,-0.0023150758556191,-0.0221532709952654,-0.0121233125967168,-0.012770801588029,-0.0386689309187072,-0.0449789017242802,0.0031035690393566,-0.0204079359071353,-0.0172037528768439,-0.0152072666924503,-0.0111716609899915,-0.0012784805004708,-0.0098227764816197,-0.0200425835375906,-0.0203757547849677
2018-12-18,-0.0308252623174171,-0.019170086844427,-0.0240997382562194,-0.0431201214171089,-0.0228668395227273,-0.0068894334902734,-0.0037817013163069,-0.0195707330824018,0.0020394324774632,-0.0151300683423337,-0.0131605600485767,-0.0309860352063461,-0.0209425300211031,-0.0243688596984466,-0.0275526083058247
2018-12-19,-0.0167579129326973,-0.0101758383911856,-0.0174046722356875,-0.0229415380104927,-0.0109564314012752,0.030365087572892,-0.0462387398717516,0.0025755040169515,-0.0055970040680224,-0.0142541552553392,0.0050746533597139,-0.001321485475477,-0.0011255179276594,-0.0044602875162804,-0.0169445868841731
2018-12-20,-0.0608696688569587,-0.0208875038516757,-0.0264303751694924,-0.0561843850739098,-0.0348461758964403,-0.0173292345880219,-0.0180897986367803,-0.0012847284227125,-0.0206379958048109,-0.0258675954575475,-0.0279471051901037,-0.0420747202716756,-0.0052126119548021,-0.0215054533393191,-0.0303758431539227
2018-12-21,-0.0166664783291623,-0.0033335500877192,-0.0073348716671761,-0.0266548066793944,-0.0276349401072565,-0.0029203923955634,-0.0475311906320017,0.0012863810730394,-0.0118426691597066,-0.0107206393956275,-0.0048321219728684,-0.0138119857814474,0.0145869404716372,-0.0027470994526578,-0.0074309197098627
2018-12-24,-0.0433144549944857,-0.0466554662027106,-0.030899140602844,-0.0424464233832474,-0.0504243805271789,-0.0349213991008507,-0.0274661734179625,-0.0552345973656192,-0.042650726494438,-0.0478494664050033,-0.0470987705442581,-0.0142860552533441,-0.0376884208689577,-0.055096742896761,-0.0383149062186045
2018-12-26,0.064566839061491,0.0787579094085393,0.0633725440663994,0.0824593315114179,0.0739802253187091,0.0737709876099184,0.0513125930251534,0.0632225052026598,0.0741902416908537,0.0611102137426469,0.0726111636084756,0.040352550768123,0.063388414210229,0.0529640559000086,0.0477791356351482
2018-12-27,-0.0110948367858771,0.0118701216625725,0.0179719479861171,0.0083661540524171,-0.0022471131704367,0.0096751941819421,-0.0026485717173813,-0.0083118958675414,0.0128533475875913,0.0026402330044295,0.0192397749735788,-0.0076480669689141,0.018005816088364,-0.0096906070275422,0.0043706530407885
2018-12-28,-0.0149586747191726,-0.0089989671093443,-0.0061286578142801,-0.0192135361867766,-0.014303824324111,-0.0106589182772105,0.003793625621359,-0.0141843951375513,-0.0145516751034099,-0.0047728209611028,-0.0100208861308382,0.0074319610766981,-0.0154095861261969,0.0009316705962272,-0.0111693621240567
2018-12-31,-0.0034166568727551,0.0110262170065882,0.0012886730760679,0.0035617778213392,-0.0035420193210109,0.0088148804344121,0.0045353809105261,0.0058863265770257,0.0132213242915342,0.0150488308970984,0.0140066297885439,-0.0142076506937781,0.0202779158215311,0.0265365663366325,0.0002934385233648
2019-01-02,0.0327617028178173,0.0165198451822299,0.0174647911625787,0.0297251470782666,0.03898645777919,0.0271846127032826,0.0270880888828854,0.0273078795941001,0.0106762775330955,0.0101009641211997,0.0228668174130692,0.0310417141596117,0.0078698484492356,0.0167801231579121,0.0219974038348345
2019-01-03,0.0025821049375549,-0.0189334787973529,-0.0191528677849145,0.0133561521781049,-0.0070632991370871,0.0098717757587085,-0.0062272489895777,-0.0056960455519164,-0.0145875690493799,-0.0122581382329737,-0.0138447766649668,0.0107525083707007,-0.0179991244908731,0.0084742725928994,-0.0153534205029023
2019-01-04,0.0419425419530334,0.0252493376886566,0.0207241456543008,0.0446425482375836,0.0439035020223719,0.0392057642525252,0.0475489495650032,0.033736593299507,0.0490044290903959,0.0321684352743314,0.0453396524674492,0.0396279466640563,0.0378706425947374,0.0415744025625106,0.0368694261082462
2019-01-07,0.0215395424625897,-0.0043920854475407,0.0129937522893097,0.0317462005955695,0.0062819416665478,0.0270186502978306,0.0140747440380692,0.0215514172749751,0.009894799701777,0.0200919519120359,0.0069354175582918,0.0276285771984416,0.0010388250569184,0.0254780516609369,0.0052000699955545
2019-01-08,0.0148633347630435,0.013392127786354,-0.0043647453376022,0.0078895434160322,0.0106869578481518,0.0226055209917113,0.0131850634776791,0.0331528150334485,0.0097972309524161,0.0079091960802279,-0.0008748140130264,0.012447299175895,0.0035023711044348,0.0298136560816002,0.0072706849178032
2019-01-09,0.0510898725151323,0.0331157407889746,0.0134203480652892,0.0109588578810688,0.0384208923911209,0.0175320180999409,0.0273972477821351,0.0070010006967662,0.0214730960019597,0.0121557835246501,0.0065655491117122,0.0140152539616194,-0.0009046011735417,0.011258299045054,0.0052752265448017
2019-01-10,0.0032405900444449,0.0224225952577645,0.0015891115212232,0.0178090775671215,-0.0007054609499844,-0.0061804500304408,0.0290002681991146,0.0057937345300298,-0.0091871289140397,0.0062328934546533,0.0103272902490751,0.0099418565205255,0.0016818664280324,0.0,-0.0051091008546387
2019-01-11,0.0045218683313812,-0.0228139510144534,-0.0080207556877572,0.0026623924081692,-0.0226996909989707,-0.0191273972755107,-0.0055073058401003,-0.0144008162693866,0.0194877726735382,0.0004535758141557,-0.0026900395130834,0.0021605512291178,0.0135621632398066,-0.0043738171952533,-0.0045800651118184
2019-01-14,0.0151127076242727,-0.0117487301792141,-0.0072865149766517,-0.0072078160963247,0.0169296216951158,0.003938344563346,-0.0107491239598049,0.0070135353378795,0.0001541360880856,-0.009665046411577,0.0015103560260338,-0.0100619976789955,0.0061172445809527,0.0107829473374192,-0.0012550745146032
2019-01-15,0.0057016539591536,0.0064012445237731,0.003580405326131,0.0087887981613752,0.0008124235159256,0.0047844920544197,-0.0006584566600056,0.0052232162445289,-0.0084772956555367,-0.000914971112613,-0.0040936257941408,0.0096803766896091,-0.0022798396541734,0.0055316288152575,0.0005583781581477
2019-01-16,-0.0170079882141224,-0.0056035864757658,-0.0064218322892505,-0.0193183434957793,0.0030495629780864,0.0059995084244239,0.0003297377057187,0.0086604961221461,0.0001553548363057,-0.0057996196039399,0.0058410868804648,-0.0112658001226324,0.0029195704974307,0.0161096426845255,-0.0004184747388817
2019-01-17,0.0153797158513668,0.0213218442724731,0.0050271582774106,0.0193124672167317,0.0038513716470784,9.45090435116036e-05,0.0177864454210363,0.0143103955838188,0.0225364722954768,0.0105924452719163,0.0046241677070617,0.0029090878465773,0.0188607008426473,0.0116010566180166,0.006839778827699
2019-01-18,0.0206741142318278,0.0125266355053368,0.0215253522837417,0.0284198945796587,0.0201916834035043,0.0117367624564499,0.0436892203406968,0.0163657803275156,0.0045598619612636,0.0182288327636508,0.0201244188165616,0.0812185292965497,0.02609035053813,0.0091746742508429,0.0119227322519142
2019-01-22,-0.0177625436622532,-0.0316647712934146,-0.0177492710195766,-0.0187915122731031,-0.0414646329143137,-0.0507997166812169,-0.0306976299992713,-0.02109958488534,-0.0192159843856736,-0.0284944377590865,-0.024134390093078,-0.0172144365873817,-0.0070224941852297,-0.0090912648572495,-0.0150704693689182
2019-01-23,-0.0174491188640424,0.0016732116422855,-0.0084564962379918,-0.0116412747455377,-0.0029939319500853,-0.0012815026621968,-0.0067179456601673,-0.0221212188722752,0.0004629141223102,-0.0084461216413416,-0.0039788812626782,-0.0147857859442123,-0.0271918443457349,-0.0129968006029171,-0.0082069654401869
2019-01-24,0.0280918103327072,0.0039477848381517,0.019032126179969,0.0106385625189966,0.0069380453004526,0.0022702135639607,0.0051526477524477,0.013921040361313,-0.0268313795954769,0.0063497626926158,-0.0140341099880783,0.0057721036884446,-0.0104035737507544,0.0263359939657157,0.0014022551539185
2019-01-25,0.0069093963797866,0.0131578611514462,-0.0025547538528958,0.0244363335643555,0.0191279014537673,0.0063997254530585,0.0285168944040998,0.0148740857225182,0.0153699988942501,0.0238534185556194,0.0185042909074775,0.0330575893750129,0.0410386161191058,0.0064152401991419,0.0044822459958737
2019-01-28,0.0071742128084464,-0.0244814733224394,-0.0092740817998676,-0.0275230664098826,-0.0100908526809702,-0.0186867571670968,-0.0271028440514484,0.0084554556233407,-0.0056180635365926,-0.0067637862056965,-0.0055901513588154,-0.0168888347323727,-0.014113654007636,-0.0033746040578717,-0.0066928794052022
2019-01-29,0.0244656982371347,-0.000764743356368,-0.0030310167198442,0.0132073879379153,0.0078489448899623,-0.0013955651111116,-0.0121677953696426,0.0089434980204841,0.0065914638609019,0.0060532651323443,0.0091894856040406,-0.0054247360322597,0.0013576874013381,0.0037620533722599,0.0037901397832409
2019-01-30,0.0096735954295743,0.0059724975794619,0.0105517346287236,0.0305400666583439,0.005866342332204,0.0209661274299959,0.0233386377544546,0.0134452163286935,0.0185532180367227,0.007370414775889,0.0126401206563011,0.0227269914365402,0.0263738314300021,0.0127437046856209,0.0109073975673259
2019-01-31,-0.0173651487341824,0.0304460535683817,0.014512047160331,-0.0368628587448782,-0.0025137051076113,0.008409926542521,-0.0066517695294032,0.000553010375059,0.0142354272174207,-0.0028369909162457,0.0093094863745983,-0.0175553702271353,0.0545150986909508,-0.0033308919819245,0.0136949528456036
2019-02-01,-0.0051797220009878,0.0146255493298337,0.0324462961801872,0.0135084554861071,-0.0035279512494449,-0.0022305148635992,0.0242346387333494,0.0138119708372626,-0.0119227681833319,0.0188680403944865,-0.0125771799471954,0.0079166529947454,-0.0291507941317541,0.0185667523571415,0.0360259539905996
2019-02-04,0.0147009563227433,0.0182001970358756,0.0115740880481611,0.0055533459088665,0.0053614199649067,0.0161341697405781,0.0040474035395421,0.0005450952094327,0.0067207214987723,-0.0044091188021396,0.0058379568138664,0.0008976298463188,-0.0055123103829645,-0.0021873682837113,-0.014488851710815
2019-02-05,-0.0090552004570051,-0.0095807899528942,-0.0021713646543198,-0.0110457499805305,-0.0103643000080445,-0.025538229743502,0.0015502491331753,0.0059912695485142,0.0192686049825627,-0.0064954128562433,0.0043267102003041,0.012107766766177,0.0137989862460816,-0.0007306516010832,0.0102914350058707
2019-02-06,-0.0298505303186337,-0.0021662155658624,-0.0050218416817501,-0.0029786664165468,-0.0220642353787995,-0.0022577608134498,-0.0083590472429715,-0.0221980864103001,-0.0046144950405706,-0.0099555057007986,-0.0078806961124071,-0.0015509803271046,-0.000465482066102,-0.0106033947601096,-0.0043655738311316
2019-02-07,-0.0414443846916183,-0.0235853298359224,-0.005467771895961,-0.0552646771833637,-0.0331666341322024,-0.0363007899524761,-0.0477677770713755,-0.005537105633936,-0.047405483640334,-0.0256642173088373,-0.0283836897680006,-0.0357220235709399,-0.0233941192661992,-0.0140429997521476,-0.0077066824821476
2019-02-08,-0.0216180667118579,-0.0136212145832494,-0.005497471958536,-0.0150199252491641,-0.0052695296835063,-0.0138833813531445,-0.0262294239940586,0.0033406151828065,-0.0153843037495285,0.0006162051329325,0.019402561775911,-0.0156468036114855,0.0027411601089606,0.0074965485710667,0.0016247556139448
2019-02-11,0.0160696458114268,0.0072442389659945,-0.0053584206909019,0.0208670255043945,0.0184865348869727,0.0130435489521696,0.016834933317813,0.0138734531873967,-0.0159439804011537,-0.0018474076008301,0.0075917530723261,0.0212717555412309,-0.0095079528665898,-0.0059526147909482,0.0016221200652621
2019-02-12,0.0240527964225039,0.0106383868774495,0.0151349106461089,0.0204401754668961,0.0150725095211718,0.0083792486349103,0.0211920142472361,0.0114942455241944,0.0024302759864256,0.0140346607114014,-0.0024407242113281,0.0201437836228939,-0.0013342256222431,0.0003741594763178,0.0175438369415985
2019-02-13,0.0386097988137592,0.004892467832511,0.0071597437304404,0.0365946895233191,0.0117114374750189,0.0237133429892146,0.018158185570096,0.0140694583600671,0.0287700917958759,0.0015210316970477,0.0225535020225462,0.0081704816085428,0.0137253430685173,0.0112235755947076,0.011273355570003
2019-02-14,0.0120819519823649,0.0194747383198228,-0.0018585148899724,0.0156076135315581,0.0021711240501331,0.0278160471062642,0.0063694245010275,0.0074709565395725,0.0061272877771463,0.0109336052688253,-0.0048897799211879,-0.0063035848857306,0.001796995936222,-0.0062894502857636,0.0002621183988318
2019-02-15,0.0192837367393796,0.0156296459765012,0.0100710742711567,0.039882823483573,0.0339315447868238,0.016083870873879,0.0079116002887746,-0.0042378026568229,0.0173328891053849,0.0093136675509037,0.0120187699054696,0.0183509803602022,0.0094490934066169,0.0152645119117595,0.0188803637929038
2019-02-19,0.0003001825008914,-0.0098319746111178,-0.000335221805537,-0.0038703888563746,-0.0053867484356354,-0.0066348436919202,-0.004709782521079,0.0186170875863169,0.0060354683628041,0.0065485837481209,0.0079173919817572,0.0131254890000414,0.0046203941043132,0.0055003478795256,0.0066914955932506
2019-02-20,0.0147106100390246,0.0166929072939177,0.0081303280991753,0.0692337534083027,-0.0093268280361731,0.0169572551014856,0.0186121628648949,0.001044494648509,0.0015380638356952,0.0091675549581859,0.0072350770708193,0.0079052575690099,0.0075481821485892,-0.002552669827224,0.0038347835065757
2019-02-21,-0.0127222739925504,-0.0058030929499239,-0.0094778870517628,-0.0138755045569236,-0.0347239622177459,-0.0404886200907268,-0.028182318650335,0.0010434048177605,-0.0069116152800418,-0.0241755400333036,-0.0065672285481368,-0.0257078615149699,-0.0111203241404603,-0.0106033947601096,-0.0090410474096407
2019-02-22,0.002996994004756,-0.0038435893066962,0.002098009071638,-0.0067000745154801,0.0018879301712375,0.0185040039459347,-0.001911790755223,0.0067742251636599,0.0055676707550615,-0.0100604802121536,0.0056811943097632,-0.0080504158146554,0.0099431276095094,0.0018479241044355,0.0077100429531657
2019-02-25,-0.0002987969301624,-0.0102906487688545,0.0019265483007937,-0.0053963055286209,-0.0081647112719043,0.0121121083912822,0.0137290405258241,-0.0010352282966734,-0.0041524298415845,0.0045503644317508,-0.0007192061631683,0.0096934126348937,-0.0039849932270062,0.0088527483661124,0.0010202083467243
2019-02-26,-0.0110580948552875,-0.0047650858827186,0.002675545015405,0.0033908869820986,-0.0088656181652708,0.0020892210806819,-0.0066140590951088,-0.0041452044196044,-0.0024713023777596,-0.0028686889608344,0.0056535879089774,-0.0107165978109862,-0.0067073471609074,-0.0138940962821594,0.0020382014114688
2019-02-27,0.0142037452244232,0.004352552212236,0.0011670202678213,0.0098007228544181,0.0120326801227164,-0.0001895934773025,-0.0091946410195202,0.0031218439962337,-0.0184236904836028,0.0092369218385488,-0.002044464001341,0.0009027326751838,-0.0156378281490575,0.0044492463688827,0.0102972879145815
2019-02-28,-0.0113233490798074,-0.0197916842159667,-0.0041639630467514,-0.012382849521659,-0.0109427356283363,-0.0242676415753715,-0.0179198774817987,-0.0062239538837569,-0.0219244187971804,-0.0075018538100317,-0.0131093176624828,-0.0065387258829152,-0.0184139887105351,-0.0147654435964753,-0.005536573460707
2019-03-01,0.0244124830462044,0.015917370668268,0.0204885831434982,0.0216872600677937,0.0257446312287534,0.0180703681085043,0.0078199584636104,0.0302713308090964,0.0108045862927579,0.0211639050988974,0.0116233153937017,0.0256465001932837,0.0163073000755495,0.0277257646570336,0.0122736120879738
2019-03-04,-0.0094142672876167,0.0140722182224688,0.0007372299570798,-0.0235488006154301,0.0040448886949437,-0.0011450910122798,0.0016165527888818,0.0055725010256295,-0.0106890950429746,-0.0014806342723937,-0.002052014368517,0.0011066730763877,-0.0043432475833288,-0.0010937361650751,0.0038753553574648
2019-03-05,0.0017817866344218,-0.0127322858541962,0.009580992925904,-0.0057742623125915,-0.0135315856448102,-0.019585089477056,-0.0165583768394307,0.0060453036952423,-0.0193515532167714,0.0011863841027603,0.0018503364430084,-0.0099470982406875,-0.0167213818387166,0.0014600158052935,-0.0014941324119782
2019-03-06,-0.0296472379826825,-0.0104333034529044,0.0019466258471043,-0.0187907904837539,-0.0372781170959425,-0.0250439961963762,-0.0478706397264905,0.0015021895597386,-0.0144712891678672,-0.019843264152322,0.0014365159450324,-0.0317034196295056,0.0024648908171109,-0.00327990832274,-0.0113481453406736
2019-03-07,0.0164990562018243,-0.0049788874131645,-0.0128714580859795,-0.022980231370024,-0.0064166528405864,-0.0228886470477026,-0.0315532849888973,-0.0079998066670798,-0.0181879841202363,-0.0067985309100139,-0.0117825307749377,-0.0202903522700751,-0.0093425634828837,-0.0011123792048534,0.0110998834933968
2019-03-08,-0.0396758353967758,-0.0370862881474541,-0.0026243805446176,-0.0481116898027005,-0.0537493789096947,-0.0231178737537453,-0.0164698063686421,-0.0055441921700071,-0.0227736074359368,-0.0346366369828865,-0.0221879696866831,-0.0282418848093198,-0.0104231989952671,-0.0003712756347595,-0.0143465163179816
2019-03-11,0.0250393633647596,0.0067251620098771,0.0164447780688599,0.0408093185403277,-0.0020821732425643,0.0217801811619904,0.0152894498347051,0.0086159517371708,0.0295651302590174,0.0186570635170972,0.0250240559487076,0.0191329698977604,0.04677131849366,0.0159674376719707,0.0097456830714817
2019-03-12,0.0283970393939094,-0.0036436766183176,0.0022650724092005,0.0345320792860928,0.0083465511470566,0.0299242222936961,0.0071708870386555,-0.0020099650002516,-0.0057432106094623,0.0050097097719943,0.0074477297927959,0.0121196567264474,0.0044323842333393,0.0062134584507818,0.0027573962181208
2019-03-13,0.0190021777455149,0.0262074444688558,0.0062144032616688,0.0198192698447765,0.0182802107631305,0.0290547805808987,0.0145959020267452,0.0060424069162292,0.0120624020011275,0.0133953814081062,0.0070852264881122,0.0131488705208704,0.0044125207077407,0.0061751920150838,0.0088753197243098
2019-03-14,-0.0014571191945482,-0.0048999524861985,-0.0005612025420289,0.0085470721475524,0.0126454345401485,0.0076386420488201,-0.0010524909442586,0.0,0.0020144681216756,0.0023059024257627,0.003976186982479,-0.0013907695749392,0.0085491373241259,0.0010828604666521,-0.0033455330373698
2019-03-15,0.0052527945600862,0.0085048675659455,0.0056981416273655,0.0047456410541355,-0.0093660185265153,-0.0174646868528767,-0.0175623479352906,-0.0055054901790828,0.0127326485892582,0.0039868145513575,0.0005080022322949,-0.0162452628215215,0.0016479125700072,-0.0061302484454651,-0.0036049633674569
2019-03-18,0.0162552829669642,0.0002960165342305,0.0045485945449559,0.0293521966234358,0.0345532733643318,0.0209979598301426,0.0321772885276581,0.0060394386765705,0.0269645492557877,0.0235223420930112,0.0020299367286096,0.0228828334682693,0.0196286757786405,0.0083451907981306,0.011603107856843
2019-03-19,-0.0148528600948809,-0.0038454682346344,-0.004766309812067,-0.0088496276691781,0.0104435162470533,-0.0130093068903409,0.0135088605165163,0.0030008609368565,-0.0008054825316766,-0.0125356187833262,0.0017218988506171,-0.0025367720092612,-0.003688790944521,0.0122346327301186,-0.0025899663529782
2019-03-20,0.0231951449758165,0.0028211136190285,-0.0047094873548207,0.0333995043394732,0.0324075663925795,0.0193836134867184,0.0287082908950591,0.0019952924876514,0.0025791273823565,0.0164731206443564,-0.0071795738258546,0.0240459692411694,0.0001158011153028,0.0078209243241631,0.0055643958259223
2019-03-21,0.0223863353396311,0.0088835561441085,0.0093831785673001,0.0128002516351253,0.0102197884678416,0.0069405442008327,-0.0019933817790042,0.0164263302742158,0.0096479263016635,-0.0002973970803842,0.0037685450367495,-0.0015803648314441,-0.0006941360903318,0.0204583155058712,0.0057795775896514
2019-03-22,-0.0349229453093559,-0.0303785527597362,-0.022008579563149,-0.0413900939669384,-0.032930605835914,-0.0428664950794224,-0.0436085843586728,-0.0254655017053873,-0.0237297834604298,-0.0297443167312509,-0.0260780510880832,-0.0395749119148841,-0.0202592068217866,-0.0159004892750082,-0.0160166263964368
2019-03-25,0.0028719903967402,0.0151354952613138,-0.0016247529307531,0.0158202777478371,-0.0096069322551318,-0.003847372698459,-0.0170554926248178,0.0115578123961246,-0.0021208090133366,-0.0016861927339317,-0.0012503009073893,0.0,0.0100436455906669,0.0080788481981992,-0.0069580678689685
2019-03-26,0.0211912526454391,0.0222151804961312,0.0100904631697449,0.0253083958047393,0.0214485108719795,0.0161419772051913,0.0081445853533546,-0.0019870721706962,0.0129148900190685,0.0299402716508685,0.0225328415692693,0.0136567837037382,0.0177822300158934,-0.0031360771745043,0.0130127166988787
2019-03-27,-0.0179470987720866,-0.0094804249697053,-0.0107950626643251,-0.0085441158850724,-0.0018993746662407,-0.0025338865082544,0.0031610320086841,-0.0054752011452647,0.0037119167062631,-0.0108823967348296,-0.0076514600269096,-0.0085945948218549,-0.0112647706605132,-0.0041940661577638,-0.0076578179835616
2019-03-28,0.0019988050520791,-0.0078048165720394,0.0018728583788334,0.0175547236406401,0.0068718687907478,0.0018562587570427,0.0220589672250419,-0.0015017298615416,-0.0199386674479101,0.0033154969027242,-0.016449134973768,0.0220244672566187,-0.0138339163835428,0.0059668156814747,0.0049789357564613
2019-03-29,-0.012254174638329,-0.0094980195500223,0.0013006277483733,-0.0100374342927521,-0.0006300004381949,-0.0098497417414865,0.0037683130977617,0.0030074645344402,-0.0180477384332301,-0.0055582052292294,-0.0052260218278957,-0.0011462920367814,0.0,0.0020933744375002,0.000742823546477
2019-04-01,0.008944214177444,0.0142344925992559,0.0142883214447575,-0.0006337216549406,0.0184910823330368,0.0212747258717003,0.0286691777765346,0.0014994058421002,0.0200501152769903,0.0148036456590721,-0.0010510184474309,0.0273122922997068,0.0188611644243053,0.0191505511678926,0.0115102304110148
2019-04-02,-0.0197313782354646,-0.0197962818205629,-8.020375302852933e-05,-0.0104628249670009,-0.0091809861299734,-0.0115732494013611,-0.006635787977132,0.000498689337455,-0.0185094499927334,-0.0081867698977371,-0.005785173867899,-0.0060320544849725,-0.0229086123803786,0.0027331890747435,-0.0042824751595513
2019-04-03,-0.0355891610881785,-0.0126599049462619,-0.0083247016523383,-0.0160207097000047,-0.0220717250200915,-0.0246851136870376,-0.0003340057904652,-0.0079796405443841,0.0076770616744006,-0.0085546890794268,0.005501623212013,-0.0202294610400665,-0.0022496323552729,-0.0149916610180088,-0.0058982112674534
2019-04-04,0.0093765919679138,-0.0053429931729258,0.0073450586307486,0.0097688435281411,-0.0027682601646381,-0.0012005205121075,0.0163714571616253,0.001508378231311,0.0160649109314081,0.0057524478422574,0.0191495683883495,0.0117000362521939,0.001067839534437,-0.0031128110730251,0.0142150234791877
2019-04-05,0.0659275881702783,0.0147329900082122,0.0129810211453476,0.0383749083531574,0.0529520102852238,0.0261417552309932,0.0180801628752818,0.0065256060821308,0.0345558115054309,0.0240817858212591,0.0096016665126852,0.0204079420543885,0.027741529973116,0.01006258440213,0.005362414123446
2019-04-08,-0.0002812219170851,0.0065034946325355,0.0020562078592443,-0.0052796117992388,0.0086180729010429,0.0185452491282713,0.0103327902558334,-0.0054859072863753,-0.0017333743667976,0.004850209872087,0.0052154519937848,0.0260000847741412,-0.0056521757039769,-0.0037789110332174,0.0061824420145357
2019-04-09,-0.0191224455692993,-0.0127726608923131,-0.0089986424267844,-0.0302840346810838,-0.0091473770568768,-0.0144700833258325,-0.0153404266584806,-0.0025074891107922,-0.0189391609630092,-0.0159427846947703,-0.0094612164164878,-0.0127791650948151,-0.0126454645639971,-0.0100000300843263,-0.0128912015661929
2019-04-10,0.0240827350856416,0.0193304536286926,-0.0003985134388942,0.0109465212402084,0.0016230704829047,0.0100153280768082,0.0074649217416571,-0.0025137924179069,0.0231661491078376,-0.0014865436034479,0.0127349918612023,-0.0006576505046264,0.0390089281529371,-0.0017416365031013,-0.0045162278015921
2019-04-11,-0.0022396753820055,-0.0089593148939756,0.0039845354184337,-0.0070066299192639,0.0,-0.0380285174921291,0.0051547087818391,0.0040323070320618,-0.0077045769152706,0.0,-0.0010138343218208,-0.0052690474562722,0.0068979895247196,0.0034890555933397,0.0047817044421514
2019-04-12,0.0241301956363206,0.0150673072155258,-0.04944819311016,0.073765590788837,0.0666461572413514,0.0636512891118048,0.0041666519359362,-0.0050202326702095,-0.0240849240322889,-0.0275378893884259,-0.0136029964947521,0.007503929058976,-0.0070754319721433,0.0062588749349379,-0.0125687919137991
2019-04-15,-0.0150687045428115,-0.0152890179409617,0.0031729545455547,-0.0271806305010569,-0.0282612601299548,-0.0030110474330931,-0.0012765374957276,-0.0015136319334859,-0.0170482328801079,-0.0301543879251032,-0.0095707180860462,0.0164294630136552,-0.0085965113117639,-0.0141671988531806,-0.0033363910388048
2019-04-16,0.0169678335737357,-0.0075370236819575,0.0085732878341313,0.0079830743412401,0.0022523165253061,0.0085881700275289,0.0166184547767913,0.0010105684683747,-0.0085892578299127,0.0048925500043153,-0.0027015425974388,0.0202582090995808,0.007643930583626,0.0035049535051854,0.0068196563183382
2019-04-17,0.0076590166089403,-0.0009112033430452,-0.0074277621892604,0.0115743525900897,-0.0049832983023264,0.0128193572949633,-0.0069159496057985,-0.0060574369268219,0.0036651418202959,-0.0160200042159194,0.0050008832312722,0.0014789379762665,0.0124553696641709,-0.008382665391907,0.0028322124283342
2019-04-18,-0.0196778838070943,0.0018245946250894,-0.0034091035795938,0.0102382566789709,0.0199338835125637,-0.0088692023210563,-0.0145615558584047,-0.015236253517613,-0.0071379277117024,-0.0132483681114872,-0.0107816319172096,-0.0390212114766276,-0.0154335277922617,-0.0024656950865129,-0.003684217827416
2019-04-22,0.0340118852756017,0.0160847618231372,0.0170201354721735,0.047988085994973,0.0308075546620387,0.0365397649548826,-0.0012848804907363,0.0330068840371249,0.0220699893601914,0.01989643828133,0.0180255833405129,0.0063650667177888,0.0353251967181749,0.0155365099536914,0.0218169626262134
2019-04-23,-0.0177943782626788,-0.0076163780169994,0.0009843681744865,-0.0159273920511916,-0.0043893231261648,0.0054855430762226,0.0019298357776948,0.0024958575515328,-0.0011451378297741,-0.0109436057878008,0.0026767240974499,0.0008725130846596,-0.009544717223495,0.0020864873571411,0.0057899385211908
2019-04-24,-0.0260773651819543,-0.0263355738834988,-0.0306506891546038,-0.0031791152437236,-0.0249534043744146,-0.0068863658481723,-0.0333867182016905,0.0,-0.025548406767984,-0.0057729207855782,-0.0320329408669342,-0.0359557441004,-0.0282454788395098,-0.0048577151835018,-0.0194287600734411
2019-04-25,-0.0400226755226441,-0.0112829019722853,-0.0032126571568015,-0.027544218131746,-0.0178948120903051,-0.0128782109478561,-0.0295582386636307,-0.0054778561982755,0.0193274808126544,-0.0025805925221423,0.0099703158531523,-0.021247838861892,0.0353356923334202,-0.0073223869764743,0.0056260839037198
2019-04-26,-0.0293598994380566,-0.0186024588226461,-0.0067853676868078,-0.0253428385168074,-0.0411446373835564,-0.0218960023300408,-0.0126628026905643,0.0130194880285861,-0.004286997671919,-0.0085705362819321,-0.0031506467077264,0.0,-0.0082572823238646,0.0007027449262291,-0.0210410381867375
2019-04-29,0.0048395140283439,-0.0020706207045069,0.0052944661894929,0.0009176002685642,-0.0089904136954387,-0.0028916347168027,-0.0027728479898611,-0.0060060955275885,0.0099356535151176,-0.0192464407859033,0.0046354527034038,0.003002343182445,-0.0053288104494474,-0.0070202422070985,-0.0064606475105274
2019-04-30,-0.009331529524445,0.00750194481574,0.0198776599313492,-0.0177260614239239,-0.0097939780831375,-0.0047709291310173,-0.0152936827380345,0.0005036714058206,-0.0019676443691073,-0.0207883024040416,-0.0114303545973653,-0.0172689675571576,0.0118303927773297,0.001414134058516,0.0038768759732834
2019-05-01,-0.0364631941936605,-0.0071292616786703,-0.0187404729062029,-0.0093342824378541,-0.0433103626357664,-0.0471845840287624,-0.0261207564224941,-0.0140917078385193,-0.0151142532432965,-0.0237773312328748,-0.0257770162341736,-0.0306936782372858,-0.0098166536162075,-0.0123545853924722,-0.0200547407249196
2019-05-02,-0.0608640547651561,-0.0220201242234849,-0.0121383464425992,-0.028894423485052,-0.0296008593884954,-0.0221962217246642,0.0054366651261197,-0.0117404977419203,-0.0210174004297636,-0.0022615232558373,-0.0298345872583715,-0.0060429556007445,-0.0169320989667784,-0.0185847065230139,-0.0175417338774129
2019-05-03,0.0271993650672848,0.0117474686078837,0.0076475553844181,0.0109960866379936,0.0194014251979672,0.0136200667706862,0.0010815648621207,0.0087809414454671,0.0216389022128611,0.010462055752803,0.0051631555544562,0.0038910589276022,0.0021528799075216,0.0047341595975063,0.0023284946429662
2019-05-06,0.0062114430869721,-0.0020967305840652,0.0096357089031575,0.0073576114827325,0.0037400644944551,0.0022893015158977,-0.0050413994373835,-0.0046082340180935,-0.0078380616773896,0.0141502829872175,-0.0282493712976608,-0.0009686570417802,-0.0231792812332474,-0.0076114704322863,-0.0043884551406757
2019-05-07,-0.0087720220957281,-0.0142206795009626,-0.0010981009088115,-0.0139726143823644,0.0059186750757702,-0.0245282545206408,-0.0249725498286879,0.0061728564498553,-0.0010091118188394,0.0156540377270197,-0.0055155173689093,-0.0155191666873917,-0.0234984268679916,0.0051134041557676,-0.0053158858980841
2019-05-08,0.00327759253097,0.0070489548239738,-0.0065103178538592,0.015458789700729,0.0245148801538159,0.0775729148251007,-0.0163328035973243,0.0056235897616632,-0.070671191985411,0.0087116864840282,-0.0075103631238601,-0.0081278955020462,-0.0232336340316839,-0.0156251102547417,0.0015643263583158
2019-05-09,0.0147012092158795,0.0017907469334002,0.0314042482216998,-0.008880376302963,0.0022334366635741,0.0225792097050048,-0.0192451215176189,0.0030504858114577,-0.0411009860025631,-0.0644411069652707,-0.0017457664313799,0.0,-0.0080096111867359,-0.0047988193275482,-0.000911445168987
2019-05-10,0.0051509880582405,0.0111864946258799,0.0066013366824599,0.0019200248470769,0.0080644312329098,-0.0032336489285081,-0.0242403243224982,-0.0015207505146832,0.0035878727890428,-0.0241434235295671,0.0104952478121824,-0.0176311102639319,0.0243452945823332,0.0218843157827817,0.0086960565411637
2019-05-13,-0.0345932138943538,-0.0117895585750538,-0.012706238889236,-0.0443946918030124,-0.0157893431479217,-0.0063953878746483,-0.0279967830988292,-0.0015227738921254,-0.045719662319993,-0.0145535014434015,-0.0099248162283569,-0.0353891180541363,-0.0277078796180865,-0.0112522537707564,-0.0111022333550445
2019-05-14,0.0288654205931608,0.0184672416809181,0.0099637118122957,0.0280749574411618,0.0089837225981375,0.0178170063671114,0.0316428841770095,0.0132181364234209,0.0116325048212422,0.0070151602201007,0.0131716575113349,0.0220123755383239,0.0304307779975872,0.0088103109825394,0.0013206371260041
2019-05-15,0.0051596674126936,-0.0044931545844315,0.0041101268863219,0.0055263353759893,0.0002121814498641,-0.0004578871566407,0.0062917786656244,0.0105369088130524,0.0080738874769545,-0.0054994495979023,0.0043721943346861,0.0084613473325663,0.0049423466873099,0.0083696946265852,0.0073867172785226
2019-05-16,0.0019248411948513,0.0085430228176133,-0.0012398001346394,0.0119626089303728,0.0086902562678268,0.0143956955015158,0.0113325307902072,0.0139025768424387,0.0326235905716447,-0.0092167082582067,0.0114544953490072,0.0134760135949569,0.0251884807949611,-0.0028867563362539,-0.0001307155097988
2019-05-17,-0.0262566371379963,-0.007511556754971,-0.0023181300953895,-0.0220445420317606,-0.0226939156806111,0.0035250670935993,-0.027048104945706,-0.01028406503848,-0.0172151710613248,-0.0184185700636122,-0.0296339545690205,-0.0210735657774522,-0.0205916722907746,-0.0047048273423093,-0.0058931771864095
2019-05-20,-0.01578448245049,0.0056357666389281,0.0026551125644354,-0.0189480348537656,0.0070949042738401,-0.0122500703139941,-0.0039711969724036,0.0039583052801737,0.0032722979229331,0.0132675453403734,-0.0034198478104318,0.0025622575174064,-0.0194719088670863,-0.0014548601395953,-0.0001315769932908
2019-05-21,0.0300702822649128,0.01873498795257,0.0041377843509911,0.036297185939055,0.0208158487175889,0.0377534245377075,0.0203349362261637,0.0024647021122901,0.0222565056151191,0.0009351659376031,0.019404363522387,0.0097140199087404,0.0047514490487514,0.0156590486790739,0.0046113532850478
2019-05-22,-0.0434641029337832,-0.0089594229168971,-0.0063456488856422,-0.0581620393532186,-0.0284426630760735,-0.0432342289351899,-0.033216112840644,0.0,-0.0255259725782681,-0.0136422309070722,-0.0064995986179314,-0.0293672630305833,-0.0257063403169577,-0.0093221383985684,-0.0090493823629345
2019-05-23,-0.0620550789123117,-0.0563045047612207,-0.0223936676301979,-0.0730128173275497,-0.0436987180064705,-0.044544211633942,-0.0497170090272479,-0.0186828027416031,-0.0342833768186441,0.0024630778770993,-0.0389020489609995,-0.0221699530364128,-0.0614810855562115,-0.0224394494119526,-0.0234251020715209
2019-05-24,-0.0119304262616364,0.0063867853117243,0.0071263753776735,-0.0066248416975853,-0.0190206041618664,0.0025807493903029,-0.0229691616008759,0.0050101074968305,0.0029917296712389,0.0105837949059084,0.0081443451475267,-0.0130704568618907,0.0107413455100693,-0.0007405227004539,0.0042013570133285
2019-05-28,-0.015367796879375,0.0028387221373769,-0.0033692522939383,-0.0144499313036379,-0.0005738544105275,-0.0056668850315562,0.0008710008297989,-0.0089728915279365,-0.0256511310344255,-0.0222551569218791,-0.0050640720441056,-0.0135132312953818,-0.01482538729428,-0.0226007511025875,-0.0201081611852046
2019-05-29,-0.0092900808605461,0.0014988203493704,-0.0130173871842794,0.0093984662385182,-0.007805876013052,-0.021349096650035,0.000869763057697,0.0015089133980918,-0.0002039855701749,-0.0053557946394865,0.0027872344441142,-0.0087670139748244,-0.0030632701845285,-0.0030331502163083,-0.006197535104408
2019-05-30,-0.018004555919312,-0.0197870322746428,-0.0119032811950829,-0.039850890173415,-0.0285779739755449,-0.0094755071917157,-0.0365057817647116,0.0075338519555245,-0.0383752192662865,-0.001730765920653,-0.0083387073072537,-0.0276397613326183,-0.026582832535595,0.0125477903030841,-0.0026328738001862
2019-05-31,-0.0042016532061942,0.0001696523619587,-0.013260596587284,-0.0240495422926891,-0.0247740703692502,-0.0228201316661504,-0.0396935099532544,-0.0054836374083068,-0.0237743324976799,-0.0412252328545308,-0.0153542772355661,-0.0139285626889207,-0.0338961201968905,-0.0093876182316449,-0.0166737484075232
2019-06-03,0.0314538379393407,0.0078018509652491,0.0187968191538487,0.0139109863908342,0.0130679713476704,0.001121586849595,0.0145609207112575,0.0095240553077475,0.0247878856957777,-0.0090417532753842,0.0173263972995225,0.0230615210914042,0.0227275153945689,0.0185746445028673,0.0156844150333852
2019-06-04,0.053923292509628,-0.0053854379683719,0.0112940470132296,0.0188160733543401,0.0160338994115467,0.0097793954117764,0.0252100162309873,0.0099306575414013,0.0288566693491119,0.007501864225178,0.0233580115557279,0.0211487459905213,0.0256943076178419,0.0305171043697056,0.0237898582068516
2019-06-05,-0.0105858386316113,-0.0341793063720488,0.0029836555472138,-0.0196230273711223,-0.0266968074455702,-0.0303645639230465,-0.0350637174818885,0.0063910093500869,-0.0164982089495292,-0.0454816787028278,0.0084398488815529,-0.0221102932358311,-0.009614155648383,0.0057782917470194,-0.0082890377506171
2019-06-06,0.0285307343581719,0.0196215783696358,0.0257543179012316,0.0058869931851688,0.0273070647829665,0.0151895311223357,0.0169890318143253,0.0190523279931824,0.008597220973288,0.0339444778939346,0.0008255170156137,0.003148530000673,0.0181841696219828,0.0029122614909478,0.0182236831800148
2019-06-07,0.0038139618653529,0.0130584670306423,0.0066293712546676,0.0023410366989924,0.0039160401290643,-0.0057388571613723,0.0037125770386892,0.0129434008546016,-0.0230772022607945,-0.0087026266877343,0.0073027034953236,0.0156916075795938,0.0034915110689504,0.007622399571165,0.0036336800749463
2019-06-10,-0.0024177070902126,0.0050881237888571,0.0066676547989228,0.0167381925316809,0.007092310338324,0.0059778963097292,0.0060103320059863,-0.0118314173860298,0.0146840316455965,0.001254473900943,0.0044433213150578,-0.0036511114474216,0.0151211191585909,-0.0100864841492391,0.0044247712600289
2019-06-11,-0.0010389344987593,-0.0089436263873942,-0.0091585179809192,-0.0007659122251215,0.0152579291028369,0.0221311485461526,0.0147054772471222,-0.0047892855931672,0.0018871930550341,0.0240082403361858,-0.0138533065636131,0.0343950026444448,0.0065912542535777,0.0054587438949256,-0.0009342485241721
2019-06-12,-0.0291160112931488,-0.00306484694728,-0.0080877752685267,-0.0237547861163246,-0.0169944963324314,-0.0155371179982339,-0.0457425490459321,-0.0192495411314645,-0.0167463863003648,-0.0053007014086512,-0.0172351861229781,-0.0302534683313767,0.0018333579983298,-0.0152007583349784,-0.0108232031365482
2019-06-13,0.0124957860656429,0.0087105411202388,0.0059906875518889,0.0287519009181356,0.0171708994494217,0.0199573560334509,0.0280018103732644,0.0068696427995205,0.0197999442494072,0.0192659845104725,0.0239038539386389,0.0340078154467147,0.0099347068137438,0.0062474456967629,0.0087799433826578
2019-06-14,-0.0306772915189146,-0.0040636568249262,-0.0008272676980675,-0.0134001469826475,-0.01526179745014,-0.0121795355604282,-0.012926966999712,0.0004872605918559,0.0012521188866234,-0.008445643183802,0.0041058258948418,-0.0233759630902639,-0.0064716848849516,-0.0142438796494974,-0.0044185649846272
2019-06-17,0.0127319882898213,0.0032299337679255,0.0048008443281999,0.024446976032026,0.0035222401393899,0.0265792089921446,0.0275955924900221,-0.0004870232846021,0.0156382929372289,0.0101401704084693,0.0037388597331327,0.0203173916719896,0.0022145256583967,0.001852546665416,0.0099530363548621
2019-06-18,0.028735443606318,0.0138961854773387,0.0126865007607284,0.0189395806544334,0.0331111462822975,0.029139601503261,0.0113794769118968,0.0136454752937866,0.0190926613082218,0.0108410029634513,0.0103596591438537,0.007365101894279,0.0113090945504281,0.008136153294314,0.0086562818130879
2019-06-19,-0.0006979965705791,-0.0030085804823837,-0.0003255206672024,0.0003715835811219,0.0039634806442967,-0.004017536759283,-0.0184517180160113,0.0067307874312687,0.0004028068229264,-0.0009928022489708,0.0092166146404697,-0.0113732334925932,0.0046270823962006,-0.0113719854294718,-0.0055455921021286
2019-06-20,0.0310967646949735,0.0176028068213329,0.0113108255848453,0.0431068888573795,0.0315849993052297,0.0333268226104537,0.0490598200236502,0.0076409680960913,0.0461137484945006,0.0198805693494668,0.0368720358617082,0.0476585810046681,0.0203428603738189,0.0141002302845683,0.0171269550105319
2019-06-21,0.0044054151167634,-0.00609584113195,0.0052302540137456,0.006056197252237,0.0100600904656671,0.0204480465267105,-0.0017482398798529,0.0132699715980819,0.0136669460926928,-0.01345023375072,-0.0027522905035421,0.0164703104311965,0.0270846795556083,0.0135383188387896,0.01409745967923
2019-06-24,-0.0192306446910014,0.003149581528236,-0.0001600291802161,-0.0113313878152973,-0.019594893866865,-0.0195827109263551,-0.0144486211277811,-0.0102900865580368,-0.0201291145313798,-0.0142264724674351,-0.0090527727623989,-0.0059153631743487,-0.0140396050007258,-0.0198559858529294,-0.0095250068044481
2019-06-25,-0.0292399707842934,-0.0123924637948206,-0.0101673300876475,0.0,-0.0057421926663115,-0.0224824452755248,-0.0004437581710399,-0.0274101500909673,-0.0040697824080373,-0.0102226394281955,0.0007800629430878,-0.0018113908915485,0.0107726401476431,-0.0132593859516743,-0.0088368543969378
2019-06-26,0.0287034376663093,0.0498576175905289,0.0023454788725498,0.0290112539159879,0.0338737476447232,0.0191029393308255,0.0311109905450963,0.0029153199143496,0.0548743225774053,0.0210615592399561,0.0326170427631715,0.0114051580214376,0.0404262240939623,0.0265026109275048,0.0043265880894192
2019-06-27,-0.0134347652453181,-0.023585916542503,-0.0066167546321627,-0.0149669653100805,-0.0105275065411148,0.0024245181983968,-0.0202585755327803,-0.0111432339365725,0.0029515838390175,-0.0132887431753261,-0.0108883857874549,0.002306411904833,-0.0117744007215482,0.0014545922922153,-0.0101824570365591
2019-06-28,0.0115223536147202,-0.0044065272135757,0.0108035987138179,0.0077737429321869,0.0113997358296789,0.0137688655207519,0.0004396554171792,0.0230278496253777,0.0277729474512729,0.010653423980131,0.0195095443298001,0.0161084342170008,0.0200166607650524,0.018154784524007,0.0106828224134236
2019-07-01,0.007939276623994,0.0204920946466067,0.0032144462955554,0.0133242251272884,-0.0007516530876957,0.0034869940440014,0.0092352482167772,0.0,-0.0136009595683606,-0.0099445446153159,0.0055592205810477,-0.0105688642782773,-0.0158861363623238,0.0007135871326222,-0.0009132789243203
2019-07-02,-0.061643598556996,-0.0345383052543928,-0.0152996645675896,-0.0470587744785566,-0.0594048348688351,-0.0473707747844152,-0.0130721845125107,0.005267868804518,-0.0114293942010548,-0.0200882476158767,0.0176480740583331,-0.0035607024774105,-0.0421367057324562,0.0049891737343825,-0.0109716358445991
2019-07-03,-0.004379786052123,0.0066555074772296,0.0034163934147348,-0.0007263829057824,-0.0041114607617862,0.0098876879140874,0.0083885608426617,0.0042877009183464,-0.0031196757919113,0.0079949282356484,0.0135815284429301,0.0079123617733649,0.0158614756004011,0.0067377589635071,0.0095087231591424
2019-07-05,-0.0036654112073061,-0.0099172974744687,0.0015405136090851,0.0138081939819831,0.0157108294377916,0.0210077867014553,0.0083188740483333,0.0014236333813943,0.0101247828064445,0.0022373480082353,-0.0022675585193343,0.0020260273723411,-0.0017076141659668,-0.0014088947025989,-0.0040557736937408
2019-07-08,-0.0250186531430918,-0.0001671258797708,0.0004855737946902,0.0014335407458307,0.0178390536802761,-0.0041895992858793,0.0095526910295973,-0.0023688937706736,-0.0096589726704183,0.0004056722621634,0.0016526241999441,0.0080864515945513,-0.0058649735683522,0.0031745590343528,0.0045974922869993
2019-07-09,0.0169812842218917,0.0,-0.0020227356844498,0.0050109290329702,-0.0110921890987657,9.352913591098576e-05,0.0137631581324484,0.0085470348851901,0.0055204660392167,0.0062882146840919,0.0078387660729497,0.0077718751168545,0.0108160311125289,0.0105482793954385,-0.0006536706292148
2019-07-10,0.0192946916042442,0.022040576999208,0.0169437000046199,0.0270656312521579,0.0169376392976137,0.0253342351570649,0.0012729816581118,-0.0028245957925336,0.0062226592554688,0.012699062154067,0.0039906508607752,0.0104474713795739,0.0141050950643299,0.0027838609471984,0.0141305198150742
2019-07-11,-0.0265744454312275,0.0040843897285061,-7.968927849943963e-05,-0.0062415552248026,0.0019850949745123,-0.0032825475267813,0.0105932413533162,0.004249099373826,0.0083667112779675,0.0039808628299287,0.0150853760035476,0.008616584032167,0.0123500791059081,-0.0038167729380338,0.0007743209009281
2019-07-12,0.0063576496640114,0.004880994410509,0.0043849268888469,-0.0003487648464467,0.0006609562022661,0.0138129080260152,-0.0041928436570145,0.0009403620987358,0.0007216746342662,0.0253765364906846,0.0074302381105442,-0.0039052313549158,0.0037899587961185,0.0048762173501948,0.000773042671643
2019-07-15,-0.0208099736343175,-0.0179726986944536,-0.0020637870812489,-0.0349041669556141,-0.0236527417533101,-0.0398809677012352,-0.0122106273107189,-0.0023486627518223,-0.011716062251836,-0.0017399955551146,0.0067775705898336,-0.0083310395860604,-0.0050737444513826,-0.0017331104242088,-0.0070847431725463
2019-07-16,-0.0421253109691529,-0.0148393575078589,-0.0076360429277172,-0.0307413467453163,-0.0165269124445319,-0.0216145471832927,-0.0247228599100417,-0.0155362274440579,0.015502607690524,-0.0102655003359845,0.0036628929139705,-0.0098842617115075,-0.0013046551707117,-0.0208334317282069,-0.0149196506184325
2019-07-17,-0.0301110140173304,0.0005022249561283,-0.0049697596199257,-0.0324626899969666,-0.0208045257235897,-0.0222838527690539,-0.0480767879276214,-0.0153039973840877,-0.024604889999839,0.0015654951994481,-0.0058193642204226,-0.035937083925401,-0.0115186809830634,-0.0170212405717689,-0.0059262746704363
2019-07-18,-0.0379903299128406,0.0090331260957781,0.0043502226112521,-0.0088701591192832,0.0028171546447897,0.0175849826511627,-0.0045913364063445,-0.0082564588730246,0.0193333523168874,-0.0033216594906012,0.0112110747125129,0.0038829870964678,0.0013214611928047,-0.0057715927759454,-0.0084790199235925
2019-07-19,0.0313307834836675,0.0052486771727702,0.0028874749421603,0.0249029175981077,0.0188461712597409,0.0099439116699315,0.0032283561740735,0.0039176684367541,-0.0021675525396911,0.025877236238079,0.0003927246098562,-0.0018052011029424,0.0035994434235997,0.0003628059992117,0.002004124814348
2019-07-22,-0.0070746614400434,0.0018232692949693,0.0021591620176808,0.0026575037579859,0.0019528982527228,-0.0107062945090518,0.0914945599422247,0.013170840972748,-0.0003622295719654,0.0034398448372641,0.005786557910558,0.020149972636613,0.0083681569296292,0.0018132714068272,0.0010667240269384
2019-07-23,0.0188602057053295,-0.0026470837723016,0.0040698712125326,-0.0075726998346276,0.0043574050077559,0.0091797195939677,0.0042122711910139,-0.0086663703626964,0.0088734590107446,-0.0135211010895461,-0.0022427350048509,0.0065837199674696,0.0049789640443771,-0.0112237634955217,0.0039964612816365
2019-07-24,0.0197449291731375,-0.0033179613998479,0.0057225430499636,0.0114458780311839,0.0010273538851934,9.569036203238568e-05,-0.0020973929596384,0.0029141143505335,0.0342847406264217,0.0048262412709487,0.000977229317395,0.0145917613860366,0.0165157905712201,-0.0150128459659113,-0.000133008948993
2019-07-25,-0.0246068035900862,-0.0173102822702126,-0.0071914945517177,-0.0354584699420436,-0.0252053098311998,-0.0292006245824689,-0.0239595780286362,-0.0033898399781543,-0.0194376073994207,-0.0174832784472666,-0.0082992809244727,-0.0094224468478447,-0.031566135131385,-0.0215613168070287,-0.0057056755820614
2019-07-26,-0.0103390686492015,-0.0049119405396671,-0.0152033755796825,-0.0011729432025736,-0.0138061271811168,0.0058185336339158,-0.0081824514831164,0.01311943014963,0.0060179742428183,0.008799504711878,0.0073842899486069,0.0015016230837869,0.0103059340673159,-0.0452128108378108,-0.0016016836027377
2019-07-29,-0.0250731874203213,-0.0095318866175878,0.0041224293132724,-0.0007832648251817,-0.0043892684448718,-0.0221593127779962,-0.0369084094116833,0.0019184708011454,-0.0119634489859603,-0.0131809577525564,0.0047888698786688,-0.0199951282716914,-0.0033209641877992,-0.0135293127376892,0.0070849935155978
2019-07-30,0.0330048546531613,0.022684452255141,0.0008852881074949,0.0532915880182272,0.0255003952935943,0.0310841840816717,0.045987354402228,0.0024224229559179,0.0158474669689576,0.0306421610864309,0.0077810678216603,0.0086714652430728,0.0090441493340083,0.0092776174623276,0.0001324325958991
2019-07-31,0.013277670603826,-0.0072258695006324,-0.0098923625115167,0.0044644129003672,-0.0024400757714354,0.0058350013171866,-0.008620724610089,-0.0033831552833426,-0.0115687594352115,-0.021154760835931,-0.0101340873910925,0.0106194084173203,0.005425307479111,-0.0151880106004973,-0.0131385941729403
2019-08-01,-0.0122848561981925,-0.0047394467672777,-0.01925102613761,-0.0681482959504594,-0.0556784786855851,-0.058300329507879,-0.058260946155049,0.0072743862590749,-0.0182657175488316,0.0352411853095417,-0.0055576187693937,-0.036527363698929,-0.0106747158981632,0.035714889249651,-0.0255514810194493
2019-08-02,0.0029023493899327,-0.0396254782545247,-8.287791615302353e-05,-0.0051665734923183,0.0171457046924778,0.0009240755788144,-0.0304709099306897,-0.0269620233972682,-0.0314306686533256,-0.0374270226218745,-0.0242177063756179,-0.0283044614744846,-0.026914652310686,-0.0199846953510088,-0.0097984668307826
2019-08-05,-0.0388590486901553,-0.0316986322090101,-0.0164828997515015,-0.0387539720507977,-0.0419598969191929,-0.0619552447864377,-0.0328570245432805,-0.0183076446894272,-0.05501672866614,-0.0343881747072677,-0.038987450794802,-0.0382145355704879,-0.0664039873619367,-0.0491803151319265,-0.0204879101741319
2019-08-06,-0.0141937471183375,-0.0082296209632606,0.0053900048204298,0.0066498982644469,-0.0091144552381127,-0.0042646430098333,-0.0177252440146858,0.0095766576098919,-0.0213142797866455,-0.0372318139541647,0.0185069275663483,-0.0147266378340568,0.0139881255531189,-0.0105132022337797,0.0096756769803227
2019-08-07,-0.0405758844780912,-0.0167802071965071,-0.0023456163163804,-0.0024765336797967,-0.0093249446925398,0.0184492985481137,-0.0150380383910532,-0.0029955205912162,-0.029441526664571,-0.0332072526538558,-0.0008210855348643,-0.0203044280317817,-0.0134047073584235,0.0038247342092863,-0.006482473935362
2019-08-08,0.0209184480404887,0.032820615767533,0.0346767264879421,0.0115889531340411,0.0362346233352199,0.0265257335385626,0.0142498285195411,0.0200302093182238,0.0288800273927074,0.0245650038529883,0.0347270073394461,0.0135292437207878,0.0389134296781992,0.0173586814444202,0.0266666746370689
2019-08-09,-0.0213805131437304,-0.0192483274895776,-0.0065731378039936,-0.0159576548548124,-0.0123196876394163,0.0128152770842688,-0.0205720792802159,0.0,-0.0228190546477863,0.0,-0.0026810526587273,-0.0193128263325759,0.0011424775418018,-0.0016651017590424,-0.0212768497062749
2019-08-12,-0.0191173111850345,-0.0164783710228053,-0.0071066461572153,-0.0224528090978484,-0.0182686535629728,0.0047709890104434,-0.0056350953018121,-0.0014731104013667,-0.0421575336993323,-0.0454062503748289,-0.0212068683366769,-0.0075296916237216,-0.0215599201342882,-0.0120878988636344,-0.0048588632554852
2019-08-13,0.0171700505188856,0.0141189918536981,0.006910879284137,0.0046786221965025,0.0077001249567476,0.0315852490914518,0.0036062505487539,0.008358166002232,0.0172603525986583,-0.0051121275495499,0.0145460929183893,0.0105047736044314,0.0206093330785201,0.0080170782378146,0.0123509523394966
2019-08-14,-0.0839423121487202,-0.0387971594664382,-0.0379934704302623,-0.0673156843922411,-0.0445747045796161,-0.0363218040703597,-0.0590346154792102,-0.0346175575516547,-0.0534465351032302,-0.0236818126502398,-0.0221576060015773,-0.0661275954903685,-0.0347981491393787,-0.0326496474127177,-0.040289500673417
2019-08-15,-0.0074697403896872,-0.0168016280394651,-0.0067095634925005,-0.0186110568548759,-0.0010661013013864,-0.0032458074124581,-0.004364876043464,0.004040423812708,0.0172529249136637,0.0059494424246617,-0.0006152385240434,-0.0213359475480029,0.0094735801348675,-0.0082219934631494,-0.0059126204638829
2019-08-16,0.0456597476950728,0.0109995769060871,0.000431842047736,0.0425531625032511,0.0130768230019471,0.0151341216504392,0.0339726144314924,0.0125754423326851,0.0180616355730263,0.0138763561747945,0.0139530894223127,0.0338072880852522,0.0182485402377476,0.0157070152208016,0.0156132806195423
2019-08-19,0.0508637387815189,0.0479888970227757,0.0129524396810396,0.0323871061704676,0.0248946045035904,0.0277607934930459,0.0243772705113363,0.0139097264029972,0.0344008194483502,0.0226607247762573,0.0084752983884048,0.0421762521266035,0.0202249819023465,0.0120275826839297,0.0168374746713386
2019-08-20,-0.0068494875317448,-0.0228027469517614,-0.0100588420778292,0.0038673183807915,-0.0143935539838364,-0.0068028281250217,-0.0139678322352628,-0.0132284533223677,-0.0118443445688126,-0.0070205354170157,-0.000809918137799,-0.0058652059302966,-0.0212043372402702,-0.0012736803210852,-0.0060475971065634
2019-08-21,-0.000919661730279,-0.0015176410927313,0.0150693447066703,0.0008562461321344,0.0069106857846434,0.0082593748928398,-0.0241342640390662,0.0124128796910187,0.0109161204991574,-0.0044188815859989,0.0062828703756059,-0.0061946549101035,0.0049992075308491,0.0148747004331788,0.009995907054715
2019-08-22,-0.0124250718153355,-0.0070301305117628,-0.0012725779642773,-0.0149697701348332,-0.0221447269754312,-0.0086912307443847,0.003763415186663,-0.0093184061425461,-0.0071990952410561,-0.0079892711333969,-0.008459210035672,0.0005936380901885,-0.0124999053321935,-0.0117253260393211,-0.0021514487687941
2019-08-23,-0.0358806503131967,-0.0352086452102815,-0.0216597208699615,-0.0586195354037322,-0.0497944997775776,-0.0466592786323863,-0.0508836592898033,-0.0311883367534798,-0.0240990253698384,-0.0521252618772419,-0.0333130270909642,-0.049836761546713,-0.0418497038300691,-0.0305082923578239,-0.0298981004097448
2019-08-26,0.0149831820185006,0.0188412936249715,0.0048617050509291,-0.0050738528638865,0.0069687234006203,-0.0116281223252582,-0.0124153875100186,0.0178846056671257,0.0061191461982621,-0.0056643649420211,0.0118722370847592,-0.0137370347030012,-0.0063360155920412,0.0021852641504696,0.0053338423756446
2019-08-27,-0.0019049042759179,-0.0075918755503799,0.0007780761550644,-0.010662983277959,-0.0081661187159212,-0.0120853862910634,-0.0108573182295211,0.0060241972195858,-0.0154214544746835,0.0052219046851311,-0.0185858902189827,-0.0107632257623918,-0.0271333120420576,-0.000436245110553,-0.0097270341456935
2019-08-28,0.0319655045857136,0.0190274829265082,0.0086330490409118,0.0271788430433985,0.0121406330361026,0.0461187852359366,0.0398612743909789,0.0109781673143602,0.0220603180661524,0.017945747407319,0.0174566113572958,0.0118400978066708,0.0146424616079126,0.017888587166168,0.0072925135130152
2019-08-29,0.0189555456377152,0.0065445213528922,0.0059059922517903,0.0282849965915767,0.0268858359061128,0.0201803180552624,0.0294450394085117,0.0069099889002997,0.0481331901551316,0.0060308666032768,0.0202766183278224,0.0202402359078153,0.0340845339122382,0.0162879723990914,0.0110816446949879
2019-08-30,-0.0213247686405505,-0.002103798363178,0.0017021154423007,-0.0244011353442972,-0.0038939739867435,-0.0050722629082381,0.016729271023659,-0.0063723701862956,0.0133853610016037,0.0025365551814424,0.0051975719799577,0.0052698807850009,0.0005314494178725,-0.0046396013886021,0.0007310238889086
2019-09-03,-0.0074178384333094,-0.0026828485108437,-0.0123176315570369,0.0045475295467958,-0.0008090242510815,-0.011011338452126,0.0053590279317166,-0.0074000627046512,0.0087381799673642,-0.0183994321301037,0.0085171854879211,-0.0065768212780615,-0.0094311660026524,-0.0021187719097871,0.001167993601717
2019-09-04,0.0294255353461343,0.0242120940330949,0.0084287586167606,0.0339518008103805,0.0194253555790648,0.0084534105965599,0.0,0.0104372113301054,0.0205478040942508,0.0210874720414906,0.0022116794097821,0.0397224573502927,0.002815880403904,0.0063698119079023,0.0106477465815215
2019-09-05,0.0285839043047775,0.0026266567014394,0.0033261809394411,0.0288969749320158,0.0003971935021378,-0.0017376085865441,0.012793062210628,0.0088540928539397,0.0359258502659276,0.0346485182424765,0.0011030967894316,0.0327475160054906,0.0268787864088584,0.0156116748299208,0.0141434418221568
2019-09-06,-0.014115218537092,0.0035556187812029,0.0052704976971815,-0.0063831316962863,0.0111110074088598,-0.0209934116908769,0.0047369427018899,-0.0048758317092603,-0.0001904931493085,0.0082059326189076,0.0111224733316617,0.0041101746364595,0.0174504985717498,0.0020775150456651,0.0093923412034286
2019-09-09,0.0581652384505322,0.0249855008055512,0.009555149373873,0.0548179485509368,0.0465721543365853,0.009832865649539,0.0450499093501415,0.0,0.0211548480444982,0.0067161380008653,0.012486116463493,0.0593566741894737,0.0159987452365224,0.0232170745602173,0.0078950901158973
2019-09-10,0.0021144445149634,0.0245588829204885,0.0206046201883007,-0.0028418992553725,0.0012504916117468,0.0302464090290275,0.0040096989576063,-0.0088193179541277,0.0167973997901451,0.0324656764677635,0.0077322346943515,0.0339495749417571,0.0289747196096257,0.0068881104959102,0.0081126589985163
2019-09-11,0.0122361640189139,0.0156252171544359,-0.0046777998847538,0.0166939862858601,0.0116104694321144,-0.0074400411470696,0.000998799990437,0.01087499106347,-0.006791566646537,-0.0030150578536831,-0.0047591194974694,-0.0037370022997584,0.0121205501650742,0.0044265354412158,-0.0019422453820773
2019-09-12,-0.0062523820551274,-0.0148601274499825,0.0011543794563979,-0.012862065966665,-0.0166604303402123,-0.0258310359639977,-0.0149627279963983,-0.0014668603620981,-0.0170022943924714,-0.0192267263104979,-0.0027323750087321,-0.0112541460213103,0.0124592075506544,-0.0117981909232981,0.0006949469393147
2019-09-13,0.0209727528987655,0.0175687680852987,0.0006589943955215,0.0207654954454763,-0.0036398500494506,0.0058233282993322,0.0263291713069773,0.0024485214911857,0.0018801210079291,-0.0068283812694032,0.0056757011222421,0.0116532754090019,0.0218638834240969,0.0168793661197659,0.0091691410617735
2019-09-16,0.1688583720003944,0.0905127254832502,0.0215634876595951,0.1216597161170416,0.0787250833703381,0.0859090590537694,0.109521598296842,0.0097705115587891,-0.0165136115700303,0.060102160618388,0.0122602333205799,0.0530400113825515,-0.0367122996786224,0.0117409823201846,0.0150055939865307
2019-09-17,-0.0854131654733656,-0.0209500082616489,-0.0018529264538876,-0.0512093720104415,-0.0516111960572943,-0.0436975758306911,-0.0649180006931025,0.0033864283252766,0.0190803084042079,-0.0554390914811266,-0.0175907991554978,-0.0290000683025979,0.0233035381529427,0.0004001518345397,-0.007595194161078
2019-09-18,-0.0226748685634982,-0.0197646348099793,0.0023408208411583,-0.0067465514248297,0.0012310101950065,-0.0219014522845221,-0.0104611705853298,-0.0033749991326161,0.0065535388073107,-0.011738728878509,0.0077296675313336,-0.0036680800087337,-0.008421101720664,-0.0064004151691577,-0.0047833977569529
2019-09-19,0.0129768023821517,-0.0006666757969784,-0.0041873017407639,-0.0203772303059237,0.0035661293521953,-0.0093640041568713,0.0052858818039094,0.0009674524696061,0.0029757567581294,0.0262216315287244,0.0008739789343059,-0.0070991238068522,-0.0005981490920332,-0.0012074850426256,-0.0067289869478103
2019-09-20,0.0015527335162517,0.0141736605013895,0.0053369869617692,0.0057778832454438,-0.0074741436080904,-0.0052397846852687,-0.0229445542339385,0.011116534217602,0.0218841493001344,-0.0019656905514259,0.0018429895053178,-0.0121823824118326,-0.008378143729847,-0.0040306608329092,-0.0034563105399271
2019-09-23,0.0147288534245928,-0.0105227436302746,0.0046654488546422,-0.0107236277346165,-0.010740839696064,0.0151828003111984,0.0083171195191849,-0.0066922601759605,0.0123413431333909,-0.0043763230801716,0.009586827161697,0.0008044367273163,0.0155698029221353,-0.004046972807697,0.0006935007995434
2019-09-24,-0.0305578621627476,-0.0146226732970339,-0.0092874841747581,-0.0429732806375388,-0.0195931596292612,-0.0386610574237784,-0.0543427659956525,-0.0101056452523133,-0.0053781314998441,-0.0006593433840849,-0.0061386016979102,-0.047415230341596,-0.012359725931639,-0.013002691135072,-0.0137251469088104
2019-09-25,0.005516342077759,0.0030355480696229,-0.0018589510731605,-0.0004048379374699,-0.0227853920224609,-0.0132290667162231,-0.0025650159046105,-0.0029168825627114,0.0841744993887323,-0.0030793762570308,0.013896896149639,-0.0089989607861792,0.0067387127072515,0.0045285198386939,0.0029518924688745
2019-09-26,-0.0097961853693622,-0.0302622980887026,-0.0271233563627325,-0.0121405554172917,-0.0218834177828657,-0.0334617644273591,-0.0087450639804436,0.0004872913796807,0.0114711688222552,0.0004413375815479,-0.004759303675996,-0.0198635744322035,-0.0064548642888475,-0.0110655722093343,-0.0053254651468485
2019-09-27,0.0170161139095483,0.0038140711150818,-0.012982603354572,-0.0065548592380811,-0.0014651141847347,-0.0014425827223435,-0.0280227518442161,0.0073101853735739,0.0259695777323867,-0.004630576063678,-0.0086074056495919,-0.0060797157708258,0.0158806003980114,0.0029008940137085,0.0071859256066482
2019-09-30,-0.0038910297981087,-0.015889541322262,0.0,-0.0078351718196101,-0.0101356674742193,-0.0008892554512663,0.006406660520684,-0.0029029088994666,-0.0267539553318366,-0.0148425536396327,-0.012155068436393,-0.0046610831738171,0.0094740006835518,-0.0057853452229529,-0.0121712742669894
2019-10-01,-0.0519531860292427,-0.0321166159832272,-0.021837689398468,-0.0382375135214855,-0.0355701208348082,-0.0546100644500707,-0.0143235669967121,-0.0155265175422422,-0.0060906867675598,-0.0157408858961518,-0.0133788304090122,-0.0430199687682908,-0.0002344925279652,-0.0099748617395676,-0.0235095709864743
2019-10-02,-0.0440874187342209,-0.0377154754699632,-0.0320664035223029,-0.0479688240605256,-0.0248671845837126,-0.0221174619949445,-0.0220666104483305,-0.0059139209912065,-0.0195427067684945,-0.0189630677835525,-0.0276156749082471,-0.0287463182550008,-0.0283969373221791,-0.0188913039062341,-0.0261058605784737
2019-10-03,0.0073273703789216,0.0111173261707331,0.0076585964336939,0.0290512532573914,0.0148994740945407,0.0333252455147936,0.0258668287206693,0.0104109134976286,0.0135136077499646,0.0060551210357344,0.0064130425104944,0.0091308345383049,0.0089371999453078,0.0081299129726633,0.012360624407613
2019-10-04,-0.0517754822064063,-0.0029813639680894,0.0061868006382457,-0.0030881254984074,0.0011292987856457,-0.0054722428778323,-0.0048283116497549,0.0068697246957216,0.0123333263225038,-0.0030091392549985,0.0201272950871849,-0.0053039428871025,0.0117309372344598,0.0038200715327916,0.0145629503705912
2019-10-07,-0.0342960113612403,0.020560614690626,-0.0051825868934887,-0.0314157158736859,-0.0163563974836468,-0.023999144161278,-0.0102428940725426,-0.0107209524760525,-0.0055978473643938,-0.0206640547204988,0.0049571908872854,-0.0025095398974308,-0.0130147436119948,-0.0071883595481305,-0.0137742933923511
2019-10-08,-0.053738351232253,-0.0128203175426907,-0.0136852495856748,-0.0447693013291029,-0.0147647184462708,-0.0305864944231233,-0.0059908888638955,-0.014285990043151,-0.009602874532262,-0.0320057217754041,-0.0053273098201277,-0.0342766095888034,-0.001198879689875,-0.0242758342231177,-0.0194058298039458
2019-10-09,0.0138274034426928,0.0192946567072089,0.0128008603826601,0.0076521667678057,-0.002036962365541,0.0090325691645565,0.0010959793432054,0.0084959356830296,0.0123706000974641,0.0002449892939784,0.0187461950725535,0.0061867709645637,0.0210036614392159,-0.0082936287758109,0.0110945271342006
2019-10-10,-0.0048711164726902,0.0171099924268429,0.0128158978350731,-0.0113909570551479,0.0046650739978291,0.0121398327390243,0.0087574057129913,0.0029730428579961,0.0226222517070122,0.0046522858133961,0.0378738313548883,0.005501483913572,0.0085811802668396,0.0008808654981793,0.0120102740859551
2019-10-11,0.0484580471565248,0.009842235678577,0.0136141142407808,0.02064322929425,0.0049343727895809,0.013326695402491,0.028214806207055,-0.0004940735462758,0.0240593670075539,0.0021934211219527,-0.0006569821995171,0.0453816690321378,0.0256409331922613,0.0153911809450422,0.0106964187966289
2019-10-14,0.0242761641737825,-0.0053165002056344,0.0002583242977749,-0.0145810934141591,-0.0153067451286222,0.0038261216470556,-0.0100264565449704,-0.0044483669305774,-0.0044149798487256,-0.014834658618128,0.0011267394553504,0.0027708884104185,0.0060227267186192,0.0012990002007933,0.0028993470151856
2019-10-15,0.0109393279969163,-0.0032067232679658,0.0011187301602006,0.000954678465719,0.0155446836391925,0.0104809002192214,-0.0031985543038128,0.0019858230291229,0.0144122960119883,0.0071587923635578,0.0060948340874811,0.0073689869883628,0.0103918800136435,0.0012979061818501,0.0034692032528151
2019-10-16,-0.0189361021705042,-0.0165673202200629,-0.0103171576961118,-0.0152601595559015,-0.0113395692659371,-0.0166194990138205,-0.0213901494053322,-0.0079287497798726,-0.0212333678970667,-0.0112743111403809,-0.0096925282127575,-0.026211805929808,-0.004024773604393,-0.0146869938932118,-0.0171420626405135
2019-10-17,0.0165441978641311,-0.0014651341808273,0.0020849062515988,-0.0130747213591121,-0.0206808403017836,0.0073115900445828,0.0114756920640355,0.0024976567563956,0.022491721443592,-0.0002480718127335,0.0089402149205299,-0.0018777142308445,0.0113370170919424,-0.0004384551470032,-0.001318998326925
2019-10-18,0.0144664886866416,-0.0106362281747188,-0.005288276003898,-0.0284595439717921,-0.034895862018586,-0.024631252276449,-0.0043221043527975,-0.0024914340094089,0.016224596282456,0.0029755717824528,-9.311964890235114e-05,0.0131699981204485,0.0106549324555564,0.004824642624005,-0.0077783636365719
2019-10-21,0.0261377575523364,0.0372565360212393,0.0162976262241349,0.0222225276476237,0.0499691224856355,0.0093939172218273,0.0640258340430555,0.0069931826895845,-0.0072151391963364,0.0091472034746322,0.0093281190226834,0.0396165974709163,0.0236106630172343,0.0056746195104198,0.0167137890606783
2019-10-22,0.0079051477661653,0.0103646044640586,0.0102049655757594,0.0212450423554992,0.0282293505773469,0.0356538146857283,0.0147884165524987,0.0079362616775264,0.0078860650718066,0.0342965572742759,0.0052681754701886,0.0366174271759796,0.0102993184213171,0.0073779630709116,0.0050913640286676
2019-10-23,0.025708255731494,-0.0051291836543843,0.0015281485346669,0.0304789927556019,0.034066577314997,0.0171550780768989,0.0155779043298536,0.0039370269233764,0.0105862905575988,0.016579653597929,0.0021142694516902,0.0146470479975133,-0.0033978960066853,0.0107712366569734,0.0095528329766099
2019-10-24,-0.0131694073896433,-0.001600058143128,-0.0033906066598006,0.0075114280036552,0.0004167833507955,-0.0028688235322333,-0.0148439499367813,0.0019612128562749,0.0072869464122136,-0.0146782363723374,0.0149541480468866,-0.0062270379172225,0.0326052295155474,-0.0102297385572933,-0.0094624398689902
2019-10-25,-0.0499354623297144,0.0033833428419784,0.0092702867569973,0.0004658398703107,0.0070864984673237,0.0063287913331466,0.0286288126250515,-0.0009787567265997,0.0250186766694142,0.0056750227520199,0.0342584018168152,-0.0005693149262966,0.0243522544566132,0.0008610731368257,0.0023161167201124
2019-10-28,-0.0154054805775281,-0.0118900884135442,-0.0016006726086829,-0.0195622535231919,-0.0197298170546085,-0.0098330410118836,-0.0087889293198517,-0.0117531683228908,-0.0063223413191038,-0.0058782965120123,0.0247335764611502,-0.0019950211451442,0.008058975913243,-0.0116176623850802,-0.0088088418871601
2019-10-29,0.014726273836223,0.0253234990787689,-0.0029541945229383,0.0166272901783244,0.0106968621320193,0.0152423152474763,0.0039405655380797,-0.0004954012276855,0.0065106360380979,0.0011830387923879,0.0145840446689315,-0.0065678698971043,0.0074945459988418,0.0108837740699307,-0.0029135574380919
2019-10-30,-0.0312922477000063,-0.0359083506914146,-0.0149835714024122,-0.0537383053771967,-0.0304973372137836,-0.0402636987685626,-0.0461234682568642,0.0040157561417883,-0.0269038616638851,-0.0229152471751398,-0.0210994067315741,-0.0485769911343993,-0.0199364275212573,-0.0142121804764087,-0.0105204441578421
2019-10-31,0.0140448512822393,0.0029070234158556,-0.0018905740540658,0.0014816186012929,-0.0044525883690347,0.0163544692896264,-0.0097738425850587,-0.0009997124982216,-0.0338420862348961,-0.0207935716031805,0.0031775670757603,-0.012386886965701,-0.0185204673058974,-0.0253385957539249,-0.0022149121745486
2019-11-01,0.0992610666596469,0.0353259597985671,0.0006026897626152,0.0438855133865714,0.0265473071856703,0.0120101513462467,0.0436364229864201,0.0260260019138072,0.0394060999776844,0.0441978746905902,0.0135247736447299,0.0535331212307819,0.029696932902943,0.0259973316307984,0.0300431167515879
2019-11-04,0.0298196948023383,0.0148732852036779,0.0461234622877817,0.0661310709396112,0.0356992018490764,0.0411338548647606,0.048780353644918,0.0029266734910409,0.0221153449157467,0.04587375393362,0.0011825026293403,0.0522652299527537,0.0138193453046564,0.0192223335677681,0.029741378021393
2019-11-05,-0.0228387677341318,0.0087930033684273,0.0030433326054262,0.0181656772558449,0.0043428741492881,-0.0014388616016961,-0.0009492941585038,-0.0019455817532425,-0.0220784139475612,-0.0524532749745731,0.0032055076889778,0.0132447202797767,-0.0014816854822914,-0.016288177760113,0.0198127515906836
2019-11-06,-0.0141901776739769,-0.0150402400795573,-0.0167295152707339,-0.0391642926122925,-0.0349956698064756,-0.1444086297669946,-0.0213775096151905,-0.0151072574266707,-0.0325107855251544,-0.0548793694266102,-0.0042043586647401,-0.0315903932285759,-0.0073200146374626,-0.0309367287332882,-0.0218905629182918
2019-11-07,0.0194749790717543,0.033142627693822,0.016597136434604,0.0271740115481997,0.0464855464754567,-0.0212436724703339,0.0174754661146334,-0.0084116960614951,0.0306472031298052,-0.0146426846422051,0.0097111669633036,0.0146234221287047,0.0104634856461076,-0.0049461269249219,0.0212615947506153
2019-11-08,0.0145348692441515,-0.0063823865506856,-0.0078757427344549,0.0101410312332514,-0.0005351899577804,-0.0017202977414076,0.0152674904394043,-0.0004987883158679,-0.0003016570745382,0.0274148505041191,0.0010871856463243,0.0072059864926459,-0.0053256300732617,-0.0018073409840108,-0.0189909389772641
2019-11-11,-0.0237411751696012,-0.0042257630465478,-0.000992625149465,-0.0165863147618515,-0.0117802092292701,0.0178974207615094,-0.0014095326070111,-0.004493302271199,-0.0078516838677249,-0.0304239948851642,-0.0107767303993953,0.0019263362043664,-0.00178458283484,-0.0004526842829081,-0.0060759896448753
2019-11-12,-0.0020964066235747,-0.0115428462540682,0.0012417144432019,-0.0071018232734038,-0.0071797981563705,0.0160200054297192,-0.0103533720268991,0.0065196593347434,-0.0123267923610155,-0.0113170677249818,-0.002618249804822,-0.005493156367166,-0.0019866019591266,-0.0018117429069525,-0.0137902725485048
2019-11-13,-0.0210085831116032,-0.0115062895824449,0.010912662845633,-0.0335270411777754,-0.0092780218232957,-0.0128190928034483,-0.0194958460089972,0.0139514334483816,-0.0100153763549364,-0.0083243997710319,0.0027942743595361,-0.0325877226104664,-0.0022888965427104,0.0,-0.0082164220829156
2019-11-14,0.0055792439771908,-0.005385655061813,-0.002616931150114,0.0101755924609692,-0.00358074645775,-0.0069252247644228,-0.0140638458692359,-0.0063885793356593,0.0031128079649682,-0.0094441265250435,0.0085283991055122,-0.0091347933896095,0.0056855481840178,-0.004082967649007,-0.0043604117861966
2019-11-15,0.0204867765334832,0.017467317051989,-0.001076573336488,0.0329670906911236,0.0156185722931225,0.0104865048923312,0.0073782713654604,0.0108806667065226,0.0037239674035478,0.0315150074831007,-0.0015185817300165,0.0187264063121266,-0.0020829221564757,0.0186785515420244,0.0100727713938877
2019-11-18,-0.0388956197501924,-0.0266096274407099,-0.0173238496854727,-0.0265956025153757,-0.0302125404305364,-0.0176415653338829,-0.0156253157475043,-0.0146770765697386,-0.0023188715212032,0.008986064817118,0.0024502359316287,-0.0189479099534256,0.0044728909836968,-0.0026833691629369,-0.0096836433284133
2019-11-19,-0.026545074847005,0.0082893434898527,-0.0177144981892144,-0.0214025824006134,-0.012068473859653,-0.0203358271337991,-0.0128966938195997,-0.0064553328780376,-0.0337446729018157,-0.0295166956237242,-0.0103667522538538,-0.0109543101168934,-0.0253596119585677,-0.0071750470348939,-0.0102159988120826
2019-11-20,0.022351456484885,0.0383069206000974,0.0076429915612981,0.0214054196994146,0.0235797097056957,0.0148271506469077,0.031658307653076,0.0024991574767398,-0.0008084555407377,0.008914751174788,-0.0115825955574968,0.0533374098410766,-0.0044046079443018,0.0108401345009376,0.0030962660217401
2019-11-21,0.0153036768655232,0.0143193797937286,0.0121864632022929,0.0373572486430222,0.0174853600048057,0.0037188395838265,0.0292255783230785,0.0049848723876035,0.0233008828683694,0.0166317100035664,0.0199039479652518,0.0132816210887432,0.0125526235719002,0.0183199212485607,0.024107222546305
2019-11-22,0.0081828389372404,-0.0051486177831695,-0.0011785783504355,0.0,-0.0045008458934905,-0.003175898023306,-0.0066256764548836,-0.0099208518122495,-0.0139152493802418,0.0117584848489185,-0.0146996656109303,-0.0002732273544991,-0.0091452221724075,0.0136024197433244,-0.0043061102518602
2019-11-25,0.0059800342707614,0.0191985754671917,-0.0021073220629501,-0.0013172349922854,0.007261232420922,0.0238949918283271,0.0166748785788013,0.0,0.0011225963057583,0.008843143539307,-0.0103749393754315,0.0128380582118552,-0.0016408996000294,-0.0004326549392247,-0.006630694050244
2019-11-26,-0.0280249389405629,-0.0153970049966561,-0.0049838586906457,-0.0211083099014912,-0.021898940662787,-0.0003888774483716,-0.023898839631183,-0.0130259026195068,-0.0121737335299363,-0.0340597116069189,-0.0094438085137522,-0.018608362093458,0.0009242055916012,-0.0095278562850203,-0.0024671372292485
2019-11-27,0.0144162930483919,0.0038261871163736,0.0023771152366647,0.0112309871186044,0.0061190598017861,0.0184173968549012,0.0278441123330399,0.0015229760437724,-0.0032428842030881,0.0046669713005211,0.0031489151205874,0.0104424442754882,-0.0034890879092827,-0.0069964579329786,-0.0005821849752148
2019-11-29,-0.0404822316847638,-0.0066292075069488,-0.0079613778946657,-0.0275434883148154,-0.0200418093588794,-0.0150280671253665,-0.0196168781217168,-0.0060822838317809,-0.0135024769187264,-0.0046452918567432,0.0002615206319855,-0.0155014222823105,-0.0165810565943183,0.000440265536393,-0.0082970022833238
2019-12-02,-0.1229802236334577,0.0071738038300572,-0.0028175114461402,-0.0027410485225127,-0.0015511050484121,0.0069819446920535,0.014292546608408,-0.0107088277017387,0.003792855883983,0.0028521186473318,-0.0033996621299278,0.0044196813802293,0.0011521514128303,-0.007482062637827,0.0042568226128212
2019-12-03,-0.0593654900481344,-0.0245155204911532,-0.0077911080984439,-0.019239344346444,-0.0283941365796057,-0.0124546834800665,-0.0234852809512619,-0.0128866635595878,-0.01380014095036,-0.0170629299630803,-0.0138194967600586,-0.0242610362210065,-0.0178871427529495,-0.0155212908973549,-0.0078925747204066
2019-12-04,0.0174102701014207,0.0295467797010389,0.0090605069982097,0.0457728712639085,0.04754291238378,0.0474579098571499,0.0417273068744004,0.0078326299395954,0.0,0.0113098444347092,-0.00159621093489,0.0342955414735799,-0.00724233730944,-0.0031532122264397,0.0113439000388015
2019-12-05,-0.0064169988095248,-0.0130301913775323,-0.0052163950756473,-0.0142920467605603,-0.0202636476658635,-0.0076961397947166,-0.0023289153175455,0.0196898792970441,-0.0029982767117049,-0.0122236412651511,-0.0002668888997617,-0.0093949631457173,-0.0023601369755889,0.0027113820605935,-0.0034962659939097
2019-12-06,0.0758880099837646,0.035595409017497,0.0144416952675432,0.048482113137241,0.0477405305271945,0.0411559212330372,0.0424838393920214,0.0035566011426773,0.0058480677805561,0.0271192662921999,0.0090633458041817,0.0290100866337323,0.0066670495553704,0.0090133779624732,0.0160795037956935
2019-12-09,0.0320158543884574,-0.0022592913710206,-0.0060162989122826,0.0004322497266588,0.0074367292038912,0.0066079931124631,0.0107477419006676,0.0096201928427772,-0.0294024401365833,-0.0230246339044685,-0.0140892839428591,0.0073187915003161,-0.0116441862271055,0.0227776766095901,0.0021581960117418
2019-12-10,0.0145422763329725,-0.0011320466092863,0.0050295698234199,0.0116629341835219,0.0044286865005116,-0.0038191748368269,0.0097475966251299,0.0090272369037278,0.0041078362149713,0.0061593337095706,-0.0002678974859879,0.0048440030391072,0.0221575629919728,0.0017468684010086,-0.008613454882836
2019-12-11,0.016721954640871,-0.0012954359741893,-0.0140808949011699,0.0,-0.0022714662988277,0.0044331258814287,0.0258886914076692,0.0039759779478216,-0.0265895201978146,-0.00079817547059,0.0025015814287843,0.0283878662861247,-0.0177645568728004,0.010898009729702,-0.0014478251764499
2019-12-12,0.0357144755821294,0.0147536549585611,0.0221974638272206,0.028289593224104,0.0273200633763157,0.0291067051191324,0.039349799773088,-0.0024753715094993,0.0330942412932444,0.0189131467233492,0.0135458091516398,0.0174477277434328,0.0176551626330094,-0.0070143188626389,0.0200113873639922
2019-12-13,-0.0313066488285415,0.0017574292986697,-0.0071543147282562,-0.0212588348138249,-0.0159040582831662,-0.0136780293416347,-0.0127572551203514,0.0024815141789984,-0.0066102781177737,-0.0141178040687167,-0.0065063481199804,-0.0017916590000416,-0.0076164092674595,0.0026486385290422,-0.0157803280452299
2019-12-16,0.0337233723944672,0.0019137124977048,0.0118684472117793,0.0157583586287255,0.0320574716610815,0.0305558813489597,0.0150064722899407,0.0188120432132483,0.0365126010527683,0.0161763231756215,0.0101778188667389,0.0102565901981266,0.0141774710470159,0.004843897927085,0.0111222431570037
2019-12-17,0.0181244144183767,0.0111429922008639,-0.0063676202927518,0.0134170107040114,0.0115516504755941,-0.0123160767386059,0.0139627993312267,-0.0034014756731648,0.0075718231432762,0.0,-0.0097248127315285,0.0015226999342903,0.0056758112660471,0.0052587578703149,-0.0045714421694791
2019-12-18,0.0120160346713014,-0.0050377878037027,-0.0004210180288527,0.0219282899472346,0.0225861800234219,0.0054264589778321,-0.006075466704645,0.0102389811463132,-0.004901148118917,0.0091336778857586,8.836551862700937e-05,0.0040549225654251,-0.0122285135307926,0.006102614744899,0.0027268927419483
2019-12-19,-0.0013194616564601,-0.0001584128476967,-0.0035428996378429,0.0165990667826598,0.0081892684676505,0.0045936795084353,-0.0024448488799614,0.0057911975400246,0.0036119642065308,0.0007755794480719,-0.002034610624516,-0.0002524301872413,0.0008467027463265,0.0181976117171001,-0.0068699943848884
2019-12-20,-0.0039628177601984,0.0083874528518408,0.0131210059119746,0.0143372282642921,0.0173540295376481,0.0061728773440872,0.0004083710985929,0.0062379663492311,0.0078522662404383,0.0080104356634393,0.0047867047105232,-0.0045443297895944,0.0071888459023818,0.0127660163612248,0.0079261309519795
2019-12-23,0.1728559032336312,0.0138104156154528,0.0054312063748809,0.02983864353467,0.0087104611035158,0.0114744255510506,0.0163332631942161,0.0109684538422671,-0.0154197352946573,0.0179440315617349,-0.0059991987688046,0.0344912019794123,-0.000314863781706,0.0058821010660743,0.0050042172269568
2019-12-24,-0.013569643856655,0.0010838061769735,8.295889684761804e-05,0.0118186304991432,0.0051569230473973,0.0129171586400187,-0.0012051916185632,-0.0033019985109675,0.0051103418420301,0.0045329847495294,0.0047040055204339,-0.0034321110483825,-0.0014699309553024,-0.004176979763623,-0.0038410445089828
2019-12-26,0.0038212026123582,0.0051025640679125,0.002160670047884,-0.0067825124737443,-0.0019089620794358,0.012530331213103,-0.0128722716324427,0.0033129378267382,-0.0082006332364426,0.0065176634008548,-0.0100705307359209,-0.0142681201223546,-0.0071502937585778,-0.0012582710795934,0.0015707869603756
2019-12-27,-0.0057099418446363,-0.0003073798426798,-0.0024877841588469,-0.0238994902828071,-0.0060970140143643,-0.0059139570364832,-0.0057048808045356,-0.0056606068072786,-0.0014883837740315,0.0002491369260118,-0.0130286242224795,-0.0017468349012601,-0.0129210902716566,-0.0092397745087565,-0.0034221898452136
2019-12-30,-0.0237365122231543,-0.0056941411004667,-0.003740642217842,-0.0077734133068573,-0.0090208111777639,0.0033051750188193,0.0065573854196221,-0.0023718351831898,-0.0117587597547225,0.0134463663327248,-0.0020796772981733,0.0099999522373099,-0.0034333534250762,-0.0165323555024643,-0.0058662645284683
2019-12-31,0.0035292380625684,0.0065004767407048,0.0055070512301396,0.0172349465143888,0.0166279734117764,0.0196551553811463,-0.0036645926879568,0.0066569142648515,0.0097199101702674,0.0125304426920693,0.0094228919409549,-0.0049502516861835,0.0082903084904131,0.0224135758906431,0.0043176634093158
2020-01-02,-0.0089880443819505,0.0066122244433617,0.0076343415162511,-0.0069310708093511,0.0045368137350503,-0.0022613999548939,0.0085819323305103,-0.0061403296521844,0.0275519365355605,0.0332450221429756,0.0070908030834018,-0.0007465854629254,0.0158033511878465,-0.0096964169156604,0.0160506414244459
2020-01-03,0.0130129041450595,0.0036664204881633,-0.0034587873835792,0.0120201624542355,0.0101022507801815,0.0189962851575646,0.0032414520117489,0.0076045139093259,-0.0594410460973586,0.0241895004879693,-0.0330660592846643,0.0097088806853675,-0.0379480052257182,0.0042572266453784,-0.0080394023314535
2020-01-06,-0.0019464315612204,0.0118722821785404,-0.0033882147043182,0.0118772924172285,0.0405935470555736,0.0051900744874138,0.0254443387684419,0.0037732289594509,-0.0001717110482596,0.0330199571616149,-0.0062677602558939,0.006410094203201,0.0001093631262119,0.0131411030917023,0.0076780101386109
2020-01-07,0.267940703552088,0.0,-0.0127695035768377,0.0030290649346988,0.0096108946437729,0.0160167890203355,-0.0283575321442893,0.0023498083113764,0.0158022073254331,0.0048831660566768,0.0030609560904168,-0.0051443281015303,0.0131104701797637,0.0,-0.0081841948757666
2020-01-08,0.0067672500010091,-0.02316477565861,-0.0114227296618925,-0.0354851331773544,-0.0218392694196118,-0.0320472430402717,-0.0251320206008732,-0.0079700778349973,-0.0104836864662134,-0.0064059683543914,-0.037358827156672,-0.0295494476723926,0.003881965716431,-0.015481216126683,-0.0150801628051664
2020-01-09,-0.0039717115530745,0.0174007580714814,-0.0016144871771874,0.0117419571738581,0.0104190033563771,0.0087858661773465,0.0058213822232502,0.0184309556257793,0.0148668181536293,0.0086706435723382,0.0146012015554142,0.0114186491148697,0.0224513262781098,0.0059499396915383,0.007655639406076
2020-01-10,-0.0067484267008437,-0.0098383807964401,-0.0091057590439437,-0.029013643857334,-0.0224359372985862,-0.0200741615532982,-0.0045474452399185,-0.0018561372193713,0.0139753698687488,0.0116819833651458,-0.0071007833402344,-0.0007528422470011,0.0179661824283461,-0.0071821688095938,-0.0088875757376323
2020-01-13,-0.0114270505064437,-0.0044325864123904,0.0018898535172082,0.0103583612218263,-0.0086941152256376,-0.0192931423184878,-0.0137041216733538,0.0018595888714885,-0.009963750829894,0.0145965039605058,0.0041001329477123,-0.0150639500050253,-0.0066056001835751,0.011914727390726,0.0095459411290377
2020-01-14,0.049359610883632,0.0001531967236028,-0.0030861830384419,0.0343061778347144,0.0094718079449478,0.008620424741341,0.0079998010247226,-0.0041761128383063,0.0036901169560659,0.0143871453310582,0.01025647099848,0.0076471716133763,-0.008830821436968,0.0025232311968392,-0.0085962515078445
2020-01-15,-0.0014883828204679,-0.0021492705077004,-0.0014617265063617,0.0003811807748304,0.0047494812606871,0.0005478684706536,-0.0154552210877227,-0.0023301637580386,-0.0285760115547161,0.0004234011805221,-0.0140062180866276,-0.0303567695396007,-0.032914246117826,-0.0012582710795934,-0.0015896976714053
2020-01-16,-0.0131188574502445,0.0010769125618261,0.0065445510187889,0.0076218247672081,0.0065697348726336,-0.0062423893691456,0.0101824949596052,-0.0018681430925833,-0.0103218265113854,-0.0124842005902612,-0.0104871961516538,0.0117401536158565,-0.0030347121804528,0.0096597642591544,-0.0039076839161223
2020-01-17,-0.0129907699589291,0.0,-0.0112072580805672,-0.0223143626086185,-0.0196508812734804,-0.0132247411493163,0.0063001022501345,-0.0004678111181002,-0.0111246792396553,-0.0179986836382892,-0.0046251125634727,-0.010572673395464,-0.0082625024623422,-0.0074872644361091,-0.003778085000301
2020-01-21,-0.0209747382027443,-0.0159825998999235,-0.0196400925789876,-0.0332689892565097,-0.0148865533743371,-0.0136251141183849,-0.0079301327832851,-0.0201311564664573,-0.012480037346223,-0.0329479282443611,-0.0093891140826666,-0.037008154840652,-0.0106338917990477,-0.0356245368974736,-0.0142939319966264
2020-01-22,-0.0274102319431251,-0.0159300043745749,-0.0036182811522854,-0.0276109090843346,-0.0113042090362627,-0.0326084891155311,0.0067311828345666,0.001433273060605,-0.003737925801502,-0.0232403090178826,-0.0046898646391694,-0.0073071513683218,-0.006980803748578,-0.0160802425206176,-0.0057709212728024
2020-01-23,-0.0194363032736537,0.0020629568632268,0.0017714557064811,0.0041148838201277,-0.0151640133960002,-0.0086612478370706,-0.0146258942751579,0.0381679717324812,-0.0114346617064067,-0.0177865296785852,0.0021596742474201,-0.0068154912217512,-0.0012271744991373,-0.0088340032580145,-0.0062511295954544
2020-01-24,-0.0095805497927119,-0.0082355314154337,-0.0110521559288803,-0.0184423468481357,-0.0241967695744644,-0.0219598337544184,-0.0203563504576812,-0.0091912487505457,-0.0151815635552329,-0.007055723667095,-0.0172416270475109,-0.0181169493124353,-0.002792710908511,-0.011140773240959,-0.0067395885299792
2020-01-27,-0.0376916492645735,-0.0252316710867598,-0.0130530967166907,-0.0555326341198061,-0.0402005507861359,-0.0418882572641589,-0.0627705144649743,-0.0125230489868889,-0.0328500828168416,-0.0232113589848588,-0.0338916108190258,-0.0506011117043585,-0.0471659447332879,-0.0261377891004127,-0.0238239668393204
2020-01-28,-0.0041596849572536,0.0022936350850839,0.0066130060117561,0.0044209700637807,0.0053501634736969,-0.0031496469854339,0.0198611788123217,0.0079849854274329,0.0043640379260763,-0.0009703100470516,-0.0023728072663413,0.0,0.0105817909283152,0.0013881779226889,-0.0013899769660733
2020-01-29,-0.0222760914257883,-0.0112780504900488,-0.0067496922189784,-0.0233274123239269,-0.0247891588306622,-0.0195901514453614,-0.0203802050550675,-0.0125814022846018,0.0124692161528876,-0.0177181639365614,-0.0092047328365431,-0.0067724331246024,0.0059339095405592,-0.0221812373224711,-0.0083527425344291
2020-01-30,0.0032037719156752,0.0066126889397031,0.0093321136531225,0.0135195587333309,0.009049542573621,-0.0139231206552256,0.0147942867800008,0.0108537745212402,0.0141820412960746,0.0029648556038908,0.0063674703764469,0.0091905604685569,0.0200090139968611,0.0051985929870206,0.0106068618172061
2020-01-31,-0.0262596023934065,-0.0239777093365876,-0.0382407005328701,-0.0342374808189205,-0.0383801693300468,-0.0273235837771775,-0.0063780303350572,-0.0141706825715596,0.0027597111450399,-0.0214336101782416,-0.0522766937282601,-0.015570091156084,-0.0439957796888104,-0.0272682728077542,-0.0412102088688458
2020-02-03,0.0043731024577877,-0.0042067277742806,-0.0080266621132919,-0.0248618106800657,-0.0211221322034692,-0.0177421904764891,-0.0142137236067534,-0.0028750220753126,-0.0447706123140313,0.0090632595976498,-0.026266857424354,-0.0014918861454332,-0.0481553738820701,0.0207829587470924,-0.0223760584459207
2020-02-04,0.0210447401754985,-0.0454542844072164,0.0053634199676062,0.0321057424365491,0.0315259828860259,0.0019155824325158,0.0079068430994033,0.009130342114977,0.0255474295989581,0.010478760329317,-0.0028099158909351,0.0182308079993589,0.012336473845613,0.0170453149334979,-0.0125142986208984
2020-02-05,0.0270081059106364,0.040538179231548,0.0321006371496641,0.0709058360046883,0.0465907634340765,0.0570883916653714,0.0419938148268308,0.013809464517992,0.0402696723292266,0.040000141669382,0.0441838134091323,0.0293513219740426,0.0312650045628479,0.0079143047399765,0.0460231274280391
2020-02-06,0.0013840851418633,-0.0062948300238124,-0.0071633699836591,-0.0119606833391687,-0.0153148321958458,-0.0151162665384381,-0.0141721348794316,0.0018787610825279,-0.0014403048791929,0.0,-0.0261225063940271,-0.0159682138274335,-0.0060868961622404,-0.0096994790956086,-0.0135503127442866
2020-02-07,-0.0286800516372979,-0.0071904776669342,-0.0050230832306787,-0.0069173311081806,-0.0200346301014263,-0.0261051920737519,-0.0206648873216018,-0.0098454068146143,-0.013883884403705,-0.0054606407774185,0.0012191004270887,-0.0026079531208308,0.0092468342838736,-0.0177242384138351,-0.0066255345417626
2020-02-10,-0.004980561480548,-0.0020694808715145,0.0078024027279761,-0.0187199125460705,-0.0087422541090202,-0.030172494797321,-0.0183485027203604,0.0094695517924168,0.0069480548041327,-0.0331822248756507,-0.0007748867328787,-0.0020337691782026,0.0039263175547454,0.0175689683943829,-0.0105611576859495
2020-02-11,0.0071505303233059,0.0145150651178158,0.0129335730441295,0.0070981593883974,0.0147898102125099,0.0070833932707281,0.0154205373424247,0.0065669023398993,0.0306883916147961,0.0165436504199663,0.000110657610209,0.0129986449046883,0.0101934931478746,0.0018667850963094,0.009506176377281
2020-02-12,0.0110047725234261,0.0178847573586895,0.0074635269952672,0.0246696865637217,0.0078887404493803,0.0253757200101889,0.0285320096810557,0.0163093061628005,0.0382313922441903,0.0320619734405396,0.0096379741087631,0.0221637475100346,0.009496617095605,0.0037256741133184,0.0122256310702049
2020-02-13,-0.0196629508017849,-0.0087630760211083,-0.0033916373823076,0.0017196389740805,0.0039799557090993,0.002555536575199,-0.0071588461924004,0.0059604736952998,0.0096722137640958,-0.0105909608615905,-0.0087778609336689,-0.0108413650266417,-0.0157573487835356,0.003248246485922,-0.0055493443951274
2020-02-14,-0.0200574176562308,-0.0034003362550187,-0.0026275811484934,-0.0206005849054515,-0.0100425989269855,0.0057686054060217,-0.0031543786969762,0.0027348097329076,-0.0196637235294375,-0.0104661928543602,0.000335655048665,-0.007211045760441,-0.0126641590226425,-0.0036997648532537,-0.0045953157426623
2020-02-18,0.0274123872424796,-0.0054588540510522,0.0014533160859415,-0.0289221740161401,-0.0052055266340678,-0.0054690853295858,-0.0117539486042477,0.0004547376129835,-0.0221644363491044,-0.0009613052088767,-0.0164302062376883,-0.0223708914081395,-0.0014522260566047,-0.0023211272134752,-0.0126960011298556
2020-02-19,0.0128068500013418,0.0164666981905834,0.0045356652137442,0.0252706000875515,0.0368978140463753,0.0634391250301245,0.0192127644354165,0.0068149306551248,0.0216040903067795,0.0228587281811838,0.0040913009171694,0.0190195563456714,0.0086041327746584,0.0027913573899651,0.0076820215117254
2020-02-20,0.0038636234762878,-0.0064124655616454,-0.0083979693967789,-0.0250878646991836,-0.0166923471668479,-0.0102157288409675,-0.0148113725981701,0.0036100024898084,0.0445484980169961,0.0108205865353163,0.0207104498069508,-0.0134149922133619,0.0112939752702343,0.0232022597104888,-0.0079548322905611
2020-02-21,-0.0062981599910816,-0.0074728710886339,-0.0072852776300674,-0.0532732194950017,-0.0234239419476297,-0.0265037119254335,-0.031434906610174,-0.0044963028293537,-0.0187518518393944,-0.0197811804419453,-0.0104226109879864,-0.0130063280551977,-0.0150886703271867,-0.0240362946732561,-0.0121949866823456
2020-02-24,-0.058098470593137,-0.0352495102687839,-0.0394457985144457,-0.0853600831461971,-0.0579440371210391,-0.069633093256344,-0.0672626855667556,-0.0167118623007225,-0.0551327003983396,-0.0626782761290529,-0.0301399990370465,-0.0736746043552767,-0.0579009715684686,-0.0520448128802482,-0.0468460395584282
2020-02-25,-0.0467289805916065,-0.0452288619029824,-0.0382010475126798,-0.0729927381533127,-0.0417679719118282,-0.0551494623025742,-0.0413513408118964,-0.0330730902273777,-0.0492216528144049,-0.0833329237034841,-0.043322667684957,-0.0514063966777065,-0.0468630389647191,-0.0563725711491384,-0.0383251556693873
2020-02-26,-0.0419607389069955,-0.0494150783466138,-0.0265117459024787,-0.0596175636959729,-0.0565755210568907,-0.0598567959596741,-0.0320883356067858,-0.0251783530822142,-0.016001427729518,-0.0544347310726516,-0.0299477912391562,-0.0327199415322272,-0.0365395076671956,-0.0015585047601267,-0.0219558416261009
2020-02-27,0.0261972456216377,-0.0789527587632533,-0.039881814820762,-0.0627989993780884,-0.0506329912521926,-0.0579666951985112,-0.054891346539427,-0.0487326142189179,-0.0830304799281295,-0.0704270047433465,-0.0755633863221812,-0.0542633781285546,-0.0771053923010121,-0.0166492537438717,-0.0601770629029094
2020-02-28,-0.0059832337620394,0.027371228053808,-0.0083924091638478,0.0363754255311661,0.0543335545910639,0.0423673175351335,-0.024726784123513,-0.0179302112092195,-0.0106404459966586,0.0292362538221129,0.0080794510727648,0.009314144426415,0.000906350255859,0.0079366163319078,0.0325169687521842
2020-03-02,0.0240771735283538,0.016728855139326,0.0348188305521639,0.0043102972129782,-0.0063232211571871,0.0083570509914969,0.0153298420274652,0.0558160224105406,0.006537365477752,0.0064141283623306,0.003339858348148,0.0258399711923063,0.0244529123169428,0.0288712647461595,0.0474339721507894
2020-03-03,-0.0207681642913564,-0.0225471485249045,-0.0227764002163917,-0.0318822211139756,-0.0068405697064689,-0.006115298403626,-0.0639667946149337,-0.01926867712839,-0.0536351620734633,0.0012139218047935,-0.029956431564057,-0.0352644524739905,-0.0505375686656445,-0.0316324499390954,-0.0478843688316765
2020-03-04,0.005602294503169,0.027223485968806,0.0438605237362916,0.0297657059237193,0.026429705659082,-0.0111723687695947,-0.0351097676233486,0.0191434725906283,0.0157186120326779,-0.0018188668010963,0.0242932160920186,0.0100708173625387,-0.0045005436437671,0.0231819811980786,0.0218324755789471
2020-03-05,-0.031436644101364,-0.0349988622419306,-0.0136001558698198,-0.0190651893450957,-0.0344880401340439,-0.0468315318377355,-0.042235273538655,-0.0261985187230393,-0.1017875988074976,-0.0440329045705191,-0.0355081377462314,-0.0461595261920341,-0.0381917536727469,-0.0442841283309204,-0.0440670968390691
2020-03-06,-0.1495481259472658,-0.0496857169684941,-0.0192406774841514,-0.1617555364043664,-0.1061905284392705,-0.1657788330854498,-0.1132969798446008,-0.0187818985905545,-0.0499876873762799,-0.1467594943460564,-0.037232731833354,-0.0766550014717452,0.0225286186462994,-0.0598058513202511,-0.0482940203853556
2020-03-09,-0.5386471910341484,-0.2484006152171261,-0.1536929077270985,-0.3739715344858038,-0.320072347858368,-0.4464580980219309,-0.3764346206857296,-0.1670974900907974,-0.1361430786166881,-0.5201381156048691,-0.1040404790580659,-0.2742138191014506,-0.0743384325045437,-0.1409742754809017,-0.122247902917407
2020-03-10,0.1298425196942956,0.0237746940949548,0.0534278797715102,0.076463323799226,0.1063827299577435,0.1041667030033834,0.062576599754307,-0.0037268140996086,0.0206979435197482,0.1462826759345619,0.020454248948343,0.0508375019199622,0.0351026298788768,0.0867245503004543,0.0370284402453355
2020-03-11,-0.2354029829440226,-0.0665139260035968,-0.0229467149214981,-0.0665926770156311,-0.0658650939547503,-0.1172506918937874,-0.0958429420904736,-0.0336659296896528,-0.0915411890747306,-0.1771270109038347,-0.1295769963944609,-0.0445300995669591,-0.0997517594419462,-0.0165746768306109,-0.0329418080637649
2020-03-12,-0.0593938922199119,-0.1339063798748929,-0.0815367729164552,-0.1262017054333629,-0.1636645322369483,-0.0221370474129446,-0.180076656435131,-0.1058064026372256,-0.2700893532575086,0.0076274216918559,-0.1586583948169284,-0.1703104894622195,-0.1922085860697847,-0.149167721854678,-0.1143401469978165
2020-03-13,0.0399482220592255,0.1127657080928821,0.0938888943501607,0.1966984022389071,0.0707692501276977,0.0612800739835188,0.1137070129742854,0.0663780246748562,0.0886852993091495,0.1993275351977286,0.1715520019178062,0.1206655544134789,0.1351226193574799,0.1896161737792758,0.0252824552897696
2020-03-16,-0.3234198491292949,-0.1688971280629762,-0.1644685338009417,-0.129884928681743,-0.1063217512828821,-0.1360794401365264,-0.1692308835704911,-0.1387010455301436,-0.1857943906575841,-0.1570828645326373,-0.1120308518234017,-0.1082921450144918,-0.1657312662222572,-0.1467425231552246,-0.0952257425273919
2020-03-17,-0.1831501195078388,0.0065182408144288,0.0142035718116579,-0.1466315747885521,-0.0067526481122047,-0.1387825590043321,0.0336702466276166,-0.0070698437279268,0.0004924316725514,-0.0565725565001234,-0.0331468369893295,-0.028452181284524,-0.0626955421784067,-0.1008153257610445,0.0672661789625543
2020-03-18,-0.0044846252208803,-0.1363809175720587,-0.2212476494639276,-0.1625383785240221,-0.0365813881482954,-0.2308452908343985,-0.2491854485677854,-0.2104430404121429,-0.1748766860433585,-0.0714287713169872,-0.0792801448321013,-0.1392857240588562,-0.102511359744027,-0.2374279452481147,-0.100244645728407
2020-03-19,0.1148646039003913,0.1288043694975216,0.0425065590691633,0.2107203883274555,0.1162635706104602,0.2011567104740568,0.0412147082850498,0.1222444650993741,-0.0017910931292111,0.0284900891463044,0.0630672291269165,0.1510373324876968,0.0682468474008441,0.1697296442405436,0.0395534539957578
2020-03-20,-0.0242420146309838,0.0488472717222336,0.034849391789641,-0.0717554330138616,0.0502708108414202,-0.0053506735573576,0.0520832237795132,0.1026787042025552,0.1333731853916928,-0.0554016822113297,0.05845042423477,0.0295601374087719,0.0334132833686984,0.0656192285866177,-0.0490852018570953
2020-03-23,-0.1076606056295486,-0.085320457141687,-0.0870515363189717,0.016447197362152,-0.0100314659078064,0.0957507689797991,0.0376234135660717,-0.106882662083278,-0.1229551708062842,-0.0527859140697494,-0.1294727090962324,-0.1015406535526677,-0.1562337363263455,-0.032957360373311,-0.0394012607245454
2020-03-24,0.294663642888558,0.2521384411161202,0.2274067133974329,0.1990290787118029,0.1522874804707603,0.1840944944269786,0.2652673834264727,0.1677243623106235,0.0529483269069281,0.1062955574951727,0.0829173353204697,0.141855032333549,0.0622316236460376,0.1587442947659394,0.1268678911956122
2020-03-25,0.0555552370016161,0.0065064344456928,0.0408714036871411,-0.0337380695256338,-0.0027640562867975,0.0020728479930909,0.0211161322351514,0.0659939362912118,0.2062857832512044,0.1194027057215763,0.107942054515725,-0.0034128856419561,0.1437230503411535,0.0363776250297913,0.0522009100368923
2020-03-26,-0.0220707754567418,0.0371685556996583,0.102641757722341,0.0279326726579618,-0.0040313900014031,0.0736450098767571,0.0413590809476862,0.0546246957373703,0.0961629124782073,0.0691664981138147,0.0770295969894019,0.0630134835733238,0.1506435592979631,0.0642270795540096,0.0410297576722158
2020-03-27,-0.1562501004977182,-0.0885012258471085,-0.0995021285950609,-0.1453803418322519,-0.0892990234020518,-0.080154133641063,-0.0936172599106444,-0.0504144533958207,0.0004321803778761,-0.0950894150144456,-0.0380583033879388,-0.1134020044154663,-0.0122807111566531,-0.0238595362804446,-0.048170926875787
2020-03-30,-0.1543211437919593,0.001367492318415,0.0460888137029658,0.0095392092306756,-0.0283333930898509,-0.0117303310852998,-0.0031295691351784,-0.0349088840457713,0.0509717718695308,-0.0516796836217731,0.0351681542900186,-0.0348837588546812,0.0477349144049235,-0.0064703945452629,0.0148847796997735
2020-03-31,0.0170315203449462,0.0515536749900127,0.0070881198945722,0.0881887214208825,0.0268723319636228,0.1106400360244828,0.075352965982042,0.048982725012834,-0.0291820034356382,0.0517711174195583,-0.0094162904898849,0.0158135593094608,-0.038779193225736,0.0238785612081275,0.01253338856843
2020-04-01,-0.0382774419261259,-0.0383114537159451,-0.0538224407364629,-0.0173661306658191,-0.036748151652185,-0.0431296126108529,-0.0364962852466369,-0.0854886672489759,-0.1164267689166,-0.0725388092614471,-0.0771670136748697,-0.0667163033078985,-0.0961197609823193,-0.0579506643159278,-0.011588008555935
2020-04-02,0.1666667248471836,0.1431463477617651,0.1102680676696157,0.1472756490929156,0.1069365444977601,0.15875521508164,0.1393938583917591,0.0565594053591576,0.016770588228153,0.1890130593437045,0.0446374423055724,0.1024623365567141,0.0121948675362675,0.0787697818365553,0.0764721512546766
2020-04-03,0.1471215247183139,-0.0280570431581265,-0.0132684822624207,0.0757379381945753,0.041514315132654,0.0874357061665849,0.0119680920600289,-0.0029739939943107,-0.0546655086082654,0.0180110322472502,-0.0019335988756915,0.0295387635400556,-0.0279518529768243,-0.0507646817733645,-0.0294555419044133
2020-04-06,0.0910781051191746,-0.0033422501021814,0.0702967959407279,0.050119039513651,-0.0115317650389177,0.0161440850273943,0.0394218127611056,0.043251439030125,0.1510469853431006,0.0338460690437192,0.1123595946416486,0.0965711384164231,0.1427864188515513,-0.0109892389392632,0.0321347146140007
2020-04-07,0.1107323252486829,0.0143293476796582,0.0065930243877696,-0.0102271038981343,0.0481866887717545,0.0283490872249154,0.016434984096141,0.0150106036969184,-0.0251190446146607,0.029761860331062,0.021072742224623,0.0510529737837175,0.0414316924526017,0.1222224552662314,0.0190263109100476
2020-04-08,0.1625769670505261,0.0724376525375023,0.0625308675746152,0.0803674872897703,0.0958141252648066,0.1354135341324664,0.0883083316071846,0.0443661466928064,0.0799643596920722,0.124277483582921,0.086474592451947,0.0491802788411706,0.0747760409216846,0.012541024245513,0.0632883233872938
2020-04-09,0.0817943163935943,-0.0266257485673192,-0.0194235293674074,0.0276302064178191,-0.0103779819330313,-0.0699039947594601,-0.0617142620466534,0.0357385659238067,0.0542981182243531,-0.0128533857053871,-0.0342228986107112,-0.0468749554609344,-0.0290697360512978,0.0814862833933893,-0.0164195386661445
2020-04-13,0.0219509757480005,-0.0123812579825655,0.0071170146039953,0.0041367071033819,-0.0341358925567766,-0.0510613921063368,-0.0438489251798746,-0.0266927603870449,-0.011704456212555,-0.0019530019907904,0.0006500878345179,-0.0315725665331845,-0.0079839840332026,0.0307417405543688,-0.0085790322027181
2020-04-14,-0.0357995132409213,-0.0064138929495108,-0.003533270843354,-0.0617925417920327,-0.0244864273999538,-0.0432286311134881,-0.0280253046359001,0.0113713918477194,0.0382941937708409,-0.0280497424790934,-0.0079595857834864,-0.0257051385914789,0.0251508762461236,0.01228034266659,-0.0077173911110873
2020-04-15,-0.0173264824745178,-0.0551642018574946,-0.0250560464827809,-0.0482982869949139,-0.046947696727983,-0.0448657152522334,-0.0891219731798684,-0.0509261009547867,-0.0882128464412489,-0.0865774350893383,-0.07532335058808,-0.0521239835845036,-0.0834152102928403,-0.0288849388532053,-0.0459578987040034
2020-04-16,-0.0566754218831112,-0.0350934430691861,-0.030306673635666,-0.0668972927827834,-0.0844824245609513,-0.0727753470235724,-0.0402876774826583,-0.0167250232951596,-0.0846538526777387,-0.1036000457612856,-0.052063155688716,-0.0461642267463224,-0.0364024066623943,-0.0130875141926709,-0.0328557955156917
2020-04-17,0.133511353767687,0.1348570388472674,0.0897608381209149,0.1396787964564436,0.1456738361413163,0.1245095089287993,0.1364317173386846,0.0609499309612824,0.1594533553072978,0.1172131223196402,0.1120865631006577,0.0875446309276455,0.1502222643165709,0.0898132634706976,0.1039589043321589
2020-04-20,-0.0011779244423884,-0.0195689586746958,-0.0412982050731368,-0.0065074822357455,-0.0160135113453282,-0.0209390958316266,0.0065963633177057,-0.0187042702513924,-0.0235758235972178,-0.0763021285921597,-0.023685347234472,-0.0045810255325068,-0.0280138569743138,0.0226770060282006,-0.0472001315316993
2020-04-21,0.0136016240847924,-0.0399189529571104,-0.0230947030594881,-0.0120088164304508,-0.0162739940424574,0.0174981989264721,-0.0222805803516085,-0.0156565250117164,-0.0454727623887749,-0.0198573213663115,-0.0227120489523052,-0.0341881153796359,-0.0170940378528117,-0.0254190148109444,-0.0053428812948507
2020-04-22,0.0991833247630347,0.0539315677703124,0.03429732250553,0.0762431110173025,0.0654321702718332,0.0904459394574732,0.1032169768493946,0.0145228022201306,0.0408938191195671,0.0551055380373868,0.0242962557410533,0.0442477473869316,0.0226489616532499,-0.0199779261331479,0.0285646793258507
2020-04-23,0.1146497905156136,0.0343058331728216,0.0279488207716236,0.0852153095420324,0.0247974358468572,0.0835282291235097,0.0838397501996761,-0.0313566763629592,0.0506278349684543,0.0652842338040324,0.0307664553023465,0.0769229945899037,0.0296619191680687,-0.0084938001523758,0.0313316611660954
2020-04-24,0.018094844879019,-0.0024877582611624,0.0024191843842629,-0.004730227943829,-0.0194484351116744,-0.0355796618285997,-0.0067263019208099,0.0288528828707319,-0.0069391003400604,-0.0043259057632737,0.0093379453110502,-0.0248181549111641,0.0082581721426717,0.0439746431896468,0.0064441352163713
2020-04-27,-0.0177732408429679,0.029371088989607,0.031030730925537,0.0228135546940533,0.0272140694068896,0.0122974485054645,0.0056433294852269,0.0273598369515479,0.0267855897484501,0.0246196978634825,0.0489014717084441,-0.0037244661469427,0.0584762388697162,0.0131294519834765,0.0048021266958466
2020-04-28,0.0161902590230367,0.0358008653514225,0.0022294807984934,0.0195171362086998,0.0098787850798336,0.0491441238228986,0.0684623600275489,0.0113183041785682,0.0748581680495812,0.0720849039206765,0.0606392536908311,0.0062305812222029,0.0413892044040264,0.0210581868045414,0.0234414038727108
2020-04-29,0.2230551834324865,0.0969333093609459,0.0523857125859477,0.1513214794990649,0.0609158045363329,0.1628944940364003,0.1575627156275314,0.0342331414283556,0.1621528455147554,0.106130451949185,0.0914764281777043,0.1269347759444887,0.1453256908686961,0.0290848702926005,0.055369762916771
2020-04-30,0.0022988961232952,-0.0026060331449129,-0.027689532231989,-0.0126680372400991,-0.0044004455335642,-0.0147089206586248,-0.0471868141787852,-0.0305539496946994,-0.0290557098211512,-0.0107271133897662,-0.0044899118609597,-0.0758240805215647,-0.044206471391208,-0.0046244979225764,-0.0208595603221097
2020-05-01,-0.1376146608416404,-0.070308773692196,-0.0278259802893295,-0.1058544613565152,-0.061881836403632,-0.0748736821607632,-0.0704760823176625,-0.0271930201062801,-0.0885286595046145,-0.0819276193074463,-0.0930710252816953,-0.0636147983633962,-0.0724544873298871,-0.0423336640404102,-0.071659191749087
2020-05-04,0.0691491108825899,0.0311700148023619,0.0223613103333917,0.0242152581629326,0.0486877297849752,0.0556106516210199,0.027663946141063,0.0061810622032045,0.0783172223593258,0.018372688955315,0.1072935839805726,0.0304762928035886,0.0833900068507302,0.0312668187420146,0.0403340822472162
2020-05-05,-0.0232176089661657,0.0138752469510132,0.0158571731024321,-0.0210157587972602,-0.0147626231207711,-0.0515050022046446,-0.0169492890343425,0.0204780908163191,-0.0123690339727854,-0.012886776435948,0.0234077706116588,0.0012321746912127,-0.0100533628794809,-0.0067957059569598,-0.001113754015082
2020-05-06,-0.0144310522515969,-0.0105083934599831,-0.0305735566910075,0.027728155285007,-0.0045604663643739,-0.034961409736178,-0.0304256928168487,-0.0153847082166058,-0.0517018250526641,-0.1253263252216846,-0.0437498645308629,-0.026461443785152,-0.0334815043925478,-0.0205260587349622,-0.0187378545499111
2020-05-07,0.0232558879439777,0.0476660128447254,0.0287615353375354,0.0452571357437185,0.0538833352067271,0.0372554525466817,0.0470710313284374,0.0149455903553687,0.0423297116181005,0.035821090727522,0.0194685902339095,0.0575220540911101,0.0057462082400059,0.0322404161037113,0.0056830502369935
2020-05-08,0.0479798005970386,0.0257143587776498,0.030548350068253,0.0574520757453127,0.064996768839574,0.0423585268015298,0.068931058748684,0.0274432517430951,0.0730992572323354,0.082132406921596,0.0511527147921171,0.0789000664933594,0.0760693325427097,0.013534812406329,0.0438519208300749
2020-05-11,-0.0337349746385987,-0.0188020311858024,-0.0219963805197471,-0.0188978345556233,-0.0312925527787395,-0.0251905621664538,-0.0112152885656778,0.0006512606800428,-0.0099908749135152,0.0006658734344306,-0.0050608780226291,-0.0382271002828353,-0.005309488717494,0.0030817286254225,-0.0095279164406634
2020-05-12,-0.0199500529896096,-0.0163235345599586,-0.0243116009604728,-0.004815328526762,-0.0024075812174916,-0.0036566623373583,-0.0085063209759969,-0.0240884369238216,-0.0149847753921313,-0.0299402107091648,-0.0409548444752986,-0.0161287769969701,-0.0340094057736879,-0.0230415529106167,-0.0167152109028674
2020-05-13,-0.0899069484520951,-0.0406449949383753,-0.026344661043845,-0.0701614328505306,-0.0305713259439093,-0.066798244170858,-0.0905625681972225,-0.0173448168519444,-0.0360136621077444,-0.0781892316445007,-0.0339998649807395,-0.0720140810138945,-0.0530792658271451,-0.031446444089947,-0.0496374063651946
2020-05-14,-0.0344825068164574,0.0010028602548548,0.0152197475253348,0.0112749176466724,-0.0132780984954004,0.0103202954726253,0.0429770621673983,0.0074677215139953,-0.0051529460739857,0.0238094730314177,0.0101364218239037,0.0157728961512699,0.0060967624614476,0.000541089536415,0.0088243849332434
2020-05-15,0.0241313164730545,0.0235416624202919,-0.0098835750743335,0.0248716729014502,0.0025231061018047,0.0157147883044364,-0.0130654510513158,0.0,-0.0191000166349042,0.0043605629770773,0.0011292554892357,-0.0093169481773311,-0.0106042548559129,0.0146023675107815,-0.0070920735358316
2020-05-18,0.1234683168354435,0.0667968246315304,0.0532606305891227,0.0979078808377014,0.0998322800184126,0.1201650370339735,0.1720980132688288,0.043800657874256,0.1534654443750009,0.0904487080438505,0.0754266599068445,0.125392002917448,0.0947600281322529,0.043710403926245,0.0795237232736567
2020-05-19,-0.0469799470716729,-0.0213304149461364,-0.0316587393872784,-0.0617379117239386,-0.0339436843155815,-0.0368321830416912,-0.0312772535503426,-0.0096838820942993,0.0037823828016547,-0.0464500291550259,-0.0138962357533259,-0.0467967606909918,-0.0046618214612339,-0.0081718616278742,-0.0308778145534865
2020-05-20,0.0519368600674186,0.0346851499007045,0.0377150524218128,0.0089360480123421,0.0392815117671518,0.0434988195693557,0.0717488374628905,0.0202087495838978,0.067246107655013,0.0431451500014354,0.0402817465798057,0.0642896555297847,0.0513658978677387,0.0154479771624687,0.0325443013639012
2020-05-21,0.0083682709903905,-0.0097393954871395,-0.0103228547792251,-0.0104671808239147,-0.0062679671428266,-0.0176360251616506,0.0025105800730433,-0.0185305434097684,-0.0306897825315065,-0.0493660209289682,-0.0148238457554129,-0.023063978285598,-0.023908416348519,-0.0126775062259795,-0.0178529804191244
2020-05-22,0.0099581431382056,-0.0100643588776622,-0.0191220011704337,-0.0122053204851321,-0.0007643256590892,0.0011658401316922,-0.0325542988601027,0.0032551629138695,-0.0033621728706957,-0.0084210261650721,-0.0081725788701881,-0.0118045495646489,-0.0007606455047132,0.0092450512206432,0.0008975607970795
2020-05-26,0.0443715508042243,0.0090110320373009,0.0334515046298471,0.0140035501866706,-0.0160673803309804,0.0456450733313116,0.0241586555655037,0.0253084393424727,0.0354232469571309,0.0191081653535754,0.0328277647817691,0.0466437582689804,0.0459803791630795,0.039694684802559,0.0293719888193133
2020-05-27,-0.0102283685707215,0.0228992238707299,0.0064305984081984,0.0097479014570964,0.0250780552857956,-0.0133630364721976,0.0269587234586243,0.0107593938593355,-0.0067879085758367,0.0013891571524815,0.0349500186397135,0.0353260623850975,0.0215430090392354,0.0019576464380171,0.0071878938409701
2020-05-28,-0.0564386709266904,-0.0371614823686635,-0.0322681208275975,-0.0619467762999527,-0.0206715637559536,-0.0288938480839461,-0.0065626919164318,-0.0156543894776977,-0.0382725459612718,-0.0540916791468389,-0.038786438242371,-0.0136481009254332,-0.0434595300726566,-0.0249142665538987,-0.0259512120010094
2020-05-29,-0.090985688269677,-0.0192979899587278,0.009133540871524,-0.0728984848568555,-0.0129741999439589,-0.0102280714676065,-0.0297275990312221,0.005089196135334,-0.0011366922853264,-0.0505865559323917,-0.0038186097359989,-0.0170307811647671,-0.0072995097125965,0.0235471038290411,0.0095470539286066
2020-06-01,0.0871178716533216,0.0286867834556729,0.0118869891694362,0.0823307459843349,0.0164799325984046,0.0270080540122035,0.0246806436061335,-0.0018986554996518,0.0387023468032912,0.0664094406836803,0.0072833383523425,-0.0021650057740203,-0.0009000937137281,0.0004890587069998,0.0178138233537148
2020-06-02,0.0426254387665829,0.018667806403207,0.0204761668560555,0.0393165967639776,0.0579040530548873,0.0429911497557402,0.0579410955983896,0.0069751532591406,0.0334245937449251,0.0680664807673689,0.034758172142604,0.0303195412383177,0.0241813205505341,-0.0048918520204022,0.022255913677678
2020-06-03,0.0245299679738284,0.0208146070843728,0.0262963860749489,0.0296054093225686,0.0102172991289417,0.0431922658933645,0.030732847107056,0.0170025896239971,0.0230645928937405,0.0474574885489369,0.0264802553887126,0.0397664814023381,0.0344623132797974,0.0157325294691688,0.040794917077555
2020-06-04,0.0375100052885095,-0.0090868407911774,-0.0092609829506601,0.0159742724865572,-0.00397328002808,0.0021016391757875,0.0084098114304791,0.0049533549484039,-0.0142526274518089,0.0064726821064253,-0.0071656523082949,0.0367159028363279,-0.0069460977683231,0.0024199742926904,-0.0028434891469795
2020-06-05,0.2361540455158743,0.0867813061418061,0.0470500873698305,0.1477987174377859,0.07543031994158,0.0950082812443915,0.1008339836873395,0.0301908532654986,0.0925345492167954,0.3369774820548727,0.0513651596793272,0.0816528037121795,0.0655242124532335,0.0207628657609599,0.0810590930825871
2020-06-08,0.1032978710362635,0.0353983570178049,0.0241045650603097,0.0794521505125576,0.0472096709368325,0.1457576963467879,0.1294766396671178,0.0747608796147751,0.0156398239611019,0.1736411779043229,0.0266593584825047,0.0754888227348364,0.0131299961163164,0.0208136674028593,0.0312736344188515
2020-06-09,-0.0676817216118418,-0.0333930483792446,-0.0165631508021049,-0.0767769698619825,-0.0425050152658386,-0.0986292759006284,-0.0591461984430379,-0.0378405789010354,-0.0426437683230875,-0.0500001258631062,-0.0452468131028785,-0.0482027845847734,-0.0575247086996462,-0.0486562098970509,-0.0222871984060317
2020-06-10,-0.1028434387360665,-0.0559326660680931,-0.0389045219489343,-0.0604809046046123,-0.0645703752402773,-0.0695475983172699,-0.0596241940430084,-0.0208215265762411,-0.0301905481704223,-0.104400236605006,-0.015641385623862,-0.0688585441357357,-0.0311489161502165,-0.0189963505001237,-0.0536247554726423
2020-06-11,-0.1375590805548553,-0.0825527962090039,-0.0841361085500995,-0.1075350003236118,-0.0805320766566922,-0.1158062231693146,-0.153687216487804,-0.0838747898013797,-0.0984947105359281,-0.1613679214487197,-0.1106371239199084,-0.1168890555142565,-0.1212164757432826,-0.0795341469853583,-0.0882527761855926
2020-06-12,0.0766225706718999,0.0382239327543287,0.0337918921533646,0.0587265158375722,0.0277611812567255,0.0586113376327246,0.0407164524304339,-0.0006446306103572,0.0365132160368166,0.0632186679022246,0.030133517917559,0.0264721581629105,0.0512525610618364,0.0033019683113999,0.0214379246256899
2020-06-15,0.0225127452105677,-0.0086891843331393,-0.0125555146597171,0.0070312977890949,-0.0068479512911214,0.024701930078429,0.0195620728957222,0.0225805931058602,0.0333148788096937,0.0297292439635821,-0.0214857575451687,0.0168420631015187,-0.0031354150958725,0.0488207263257931,-0.0006363445384572
2020-06-16,0.0348011042366833,0.0405994995067964,0.0306916146612787,0.0318074693399759,0.0457767222857239,0.0384456433145108,0.0383728308811968,0.007571010126558,0.0211415517324458,0.0650920649214947,0.0190475207391347,0.0119049400982795,0.040415036699563,0.0125524989147425,0.0224865367037647
2020-06-17,-0.0466711614462229,-0.024163018045016,-0.0264810670913796,-0.0503758401279201,-0.0388278605133336,-0.0684413589458508,-0.0421284115397265,-0.0181589822438716,-0.0390785962442492,-0.0616066670727462,-0.0539979451144618,0.0143220321263379,-0.058041027408265,-0.0196280117602422,-0.0325728201609299
2020-06-18,0.0237580004904471,0.0097680496215488,0.0043697470192958,0.0253364198683347,0.0085747388117374,0.0008594670526951,0.0177467562345916,0.0057399069365897,0.0360894954629862,0.0330882088221395,0.0461032854989569,0.017650390212746,0.0370665504114258,0.024762831464103,0.0062191911404836
2020-06-19,-0.0168773395378332,-0.0168727493130012,-0.0142481290697538,-0.0007724184443624,-0.0119023814430592,0.0030051316981938,-0.0113721910285986,-0.0158531804689815,-0.0072787798714588,0.0020332977736814,-0.0201995278253455,-0.0232907089615479,-0.0227444922348954,-0.0118253902981911,-0.0200339821607432
2020-06-22,0.0214590827968155,-0.0032036878730435,0.0105924706805118,-0.0185470368576787,0.0022942403166115,-0.0136956730107188,-0.0015339018619479,0.0057990823344986,0.010997926909104,0.0101472089128253,-0.0040160605859782,0.0055806856296132,-0.0079166481910082,0.0166495410717135,0.0095695549393517
2020-06-23,-0.0105044067009038,0.0057393440946857,-0.0016376101596143,-0.0251967751131452,0.0007630607094772,0.0047729721764229,-0.0015360956869939,-0.0108904425524493,0.0049213175826141,-0.0060271869852389,0.0040322543638013,-0.0126133463457103,-0.0001594290168029,-0.0061413769311763,0.0060316037958658
2020-06-24,-0.0750178258901874,-0.0643690807618857,-0.0415571579887169,-0.0912762024627776,-0.0669081746525747,-0.0952276118567736,-0.0876923205985793,-0.0408030154108783,-0.0662372363842019,-0.0904494789795853,-0.0630522621966725,-0.0873785949321633,-0.0739027541452969,-0.0298661162464172,-0.0471093383433046
2020-06-25,0.0451417573030836,0.0261041057221114,0.0179137834025833,0.0400000416892676,0.0363638828880374,0.0410501099733653,0.048060849930668,0.0101280565772794,0.0126965202993218,0.0299996350948701,0.0011432703217588,0.0313551805414207,-0.0127541795690284,0.0138004758126306,0.0150564313101368
2020-06-26,-0.0300147399079813,-0.0406562241202869,-0.0308261008242541,-0.0649571989089081,-0.0388331082076416,-0.0570839760837975,-0.0402252729771664,-0.0327537574278081,-0.0359770602001213,-0.0458464172998401,-0.0285432021287347,-0.0532033500823284,-0.0167599393923304,-0.0308902455693967,-0.0343149746206582
2020-06-29,0.0060376862457671,0.0235440408083931,0.0139949523713185,0.0164531354236554,0.018252423189637,0.007294011321036,0.0410731613023127,0.0131303539510125,0.0008484358305165,0.0096098380311999,0.0086677777934616,0.0326838043605917,0.0111861447035412,-0.0075631185970268,0.0160477455395002
2020-06-30,0.0127531891160022,0.0174334580369079,0.0177941199414242,0.0197844796731403,0.0203424473366935,0.0094133279136208,0.0450882188231585,0.0347886916077628,0.0559316359976975,0.0246360524573441,0.0471889146370623,0.0210992057879586,0.0328358625130071,0.0353835168626643,0.0090254487566743
2020-07-01,-0.0370370247534526,-0.0304618361983628,-0.0180434815445956,-0.0211642387757915,-0.015791211734329,-0.0530846365830185,-0.0392910275910348,-0.017139102307261,-0.0454788107180654,-0.0486337441381484,-0.0388037447589044,-0.0364327810905826,-0.040462313779398,-0.0110410898014852,-0.0225848837134319
2020-07-02,0.0200002238683241,0.0255272964337922,0.0078748017056335,0.0126128820313378,0.0132368912434326,0.0494951980750069,0.0080189761434568,0.0140843830930934,0.0109309185701762,0.0212522395336034,-0.0099842353065053,0.0146724731580862,-0.0017719504917902,0.0143542506603833,0.0084646856961894
2020-07-06,0.0203617144055352,-0.0035900456267812,0.0029443074461594,-0.0071175878646796,-0.002177310778997,0.0317614465369808,0.0365953444460953,0.004629529187919,0.0080398260655187,0.0224971148397361,-0.004823225275722,0.0428255393107148,0.0023075477660765,0.0120546419458953,0.0070328596408153
2020-07-07,-0.056171427881221,-0.0237807949512866,-0.0255165931012855,-0.07258084474461,-0.0456260068077997,-0.0643658174819395,-0.0475824923146506,-0.0342329900649311,-0.0459298892161406,-0.0566557333578247,-0.051108756531999,-0.0303999433165084,-0.0593236522482051,-0.0207148205323484,-0.02590728186637
2020-07-08,0.0234925001481351,0.0098425858126849,0.0004637425399511,0.0009662672472536,-0.0139263733129902,0.0027418475541778,0.0048348013552494,-0.010224527798063,-0.0155664433841293,0.0075799366514135,-0.0097507360157016,-0.0060508252818818,-0.0026353962927804,0.0015865804011558,-0.0023124035324695
2020-07-09,-0.0757457753201171,-0.0655456838400397,-0.0418068002236586,-0.0540539520930524,-0.0653458077990472,-0.0678598756795234,-0.0553329052787417,-0.0420114363989858,-0.0234260236208878,-0.0578702637427673,-0.0781495753261667,-0.0520198857324243,-0.0520951456672227,-0.0353748766719164,-0.0412609668748888
2020-07-10,0.0521522304360797,0.0349409415128358,0.0300943870866654,0.0397960336704634,0.0239063677451827,0.0381333038642623,0.0237691473237362,0.0237242402580335,0.0854573421318685,0.0264127228719408,0.0352663789388605,0.0385291001852439,0.0682994300180284,0.0153255683786881,0.0311898120201077
2020-07-13,-0.0149488017937646,-0.0007554090947358,0.0019945620743164,-0.0225712422212188,-0.0099118325758578,-0.0470073242442633,-0.0223878867309892,-0.0035111863454099,-0.0245855445642558,-0.032914448626366,-0.0129381050333793,-0.0230469828278185,-0.0078286223949438,0.0005390082829406,0.0002344390907773
2020-07-14,0.0790733390385178,0.0416032219848325,0.0345432605020168,0.0471886462152688,0.0518351544568937,0.0587603158190939,0.0585240996748297,0.0253698888491291,0.025205228841183,0.0321780991928346,0.028040319911436,0.0581130248456742,0.02198013597418,0.0290949206834447,0.0330517771003313
2020-07-15,0.0229460060590267,0.0075044406820554,0.006112069639647,0.0297220911035953,0.0038071263172321,0.0157839743874224,0.0416664156788137,0.0281784661868458,0.0378454530489067,0.0299764877423502,0.0564883263252529,0.0277323033987511,0.0520221856875742,0.0513086639199402,0.0127071497828061
2020-07-16,0.0036179355129661,-0.0007208378923319,-0.0059623966352247,-0.0065178292324373,0.0156101397800758,-0.0097748391719313,0.006923187252904,0.0020055390556596,-0.004791255754776,-0.0098957070961218,-0.0090134486447565,-0.0042325932574631,-0.0113576378279287,-0.0089639813583382,-0.0078421201798901
2020-07-17,-0.0418168100249749,-0.0293906563208912,-0.0132416007115759,-0.0356137769460436,-0.0138019487416553,-0.0124016768569068,-0.0007639809937383,-0.0046697689041571,0.0144425431674912,-0.0429157173480508,-0.0158776798067653,-0.0106269805289482,-0.0196183408081168,-0.0065323325117692,-0.0171637386713665
2020-07-20,0.0233259316981009,-0.0157654403120285,-0.0220204389705603,-0.0019438025452127,0.0114505627065764,-0.0112762549953571,0.0252293533422462,-0.028150250954477,-0.031110117973626,-0.0362409422310651,-0.0236529125546025,-0.0096670369966418,-0.0205514645444012,-0.024279193174416,-0.0234375
2020-07-21,0.0976057452500831,0.0592423305118294,0.0717719517258386,0.1051610137810294,0.0570227890731733,0.0914981273906669,0.0678598829523373,0.0406896719446925,0.0487073699573377,0.1096243466986286,0.0656183653673703,0.0607371989505645,0.0598194820698148,0.0425087182743035,0.0505884004562604
2020-07-22,-0.0261745878347127,-0.0184830985501732,-0.0038298166140868,-0.0246698949825506,-0.0045615623498092,-0.0097363629607609,-0.0097765182410148,-0.0132537159316322,0.0049301395094074,-0.0264217365570393,-0.01761500719924,-0.0199385338590128,-0.0088572520255247,-0.0328193834991493,-0.0232924398844698
2020-07-23,-0.0082700577892252,-0.0105160029296891,-0.0003293252451432,-0.0171634606897607,-0.0266984175436614,-0.0151083631410535,0.0401974235095532,-0.0268636562870761,0.0038731573144705,-0.007669617516268,-0.0010728631258222,0.0067815023292168,0.0105134115201228,-0.0066837956269956,0.0020640754979166
2020-07-24,-0.0132036714616962,-0.0044488289488159,-0.009669642577012,-0.0165441120341666,0.0038895335831761,-0.0082778038915375,-0.002712003010912,-0.0165631214141858,-0.0046298799169681,-0.0047563133756935,-0.0018413082200452,0.0093264379460205,0.0053754473177041,-0.0056938503051654,-0.0061786751568789
2020-07-27,-0.0359154867518446,-0.0126612066442329,0.0100967078693019,-0.0252336361548247,-0.0097878869223602,-0.0166956565793535,0.0129163255747564,-0.0035089142901428,-0.0046509471916802,-0.0023894914448114,-0.0072240133842497,0.010266818289784,0.0008620694663494,-0.0197812137761601,0.0147362342520649
2020-07-28,-0.0270270093809414,-0.020367420681579,-0.0211997506208433,-0.0086288269759153,-0.0265652908740257,-0.0292134731317897,-0.0167784605361671,-0.0056338589426333,-0.0103846078761811,-0.0209580222020978,-0.0156369096854782,-0.0269306157957369,-0.0196449213470102,0.0021243826230497,-0.0117996090489618
2020-07-29,0.0247749327113226,0.0251542307069787,0.010773492795562,0.048355603075314,0.0260209525296177,0.0483537333021351,0.0286691101092957,0.0290368882093985,0.0469571138526587,0.0415901141771737,0.0314563257240434,0.0146214151985737,0.0492178573615704,0.0476949667201982,0.011022010912751
2020-07-30,0.1728935660743207,-0.0575865029141908,-0.0421891552492055,-0.0461251916176768,-0.0395877713942822,-0.0306673572661856,-0.0265428211055971,-0.0144527296564149,-0.0458531841363381,-0.0739870347026294,-0.0379688081381663,-0.0509521979592353,-0.0562907012093981,-0.0217502026201444,-0.0490575936745981
2020-07-31,-0.0412241496359371,-0.0066416753058053,-0.0270081288016961,0.0145067628194204,0.0057966779439198,0.0088589682550388,-0.0231767246546706,0.0030589066699397,0.003151392210871,-0.0019025611784746,-0.0169600293150052,-0.0162691978893376,-0.0017753252513407,-0.0108585999674605,0.0050160069283595
2020-08-03,0.0241042167457925,-0.0181867802348365,0.0103641912357839,0.0104860895238707,-0.0102454201646863,0.0037628354385286,0.0139570064735523,-0.0049646046043988,0.0096858424851975,-0.0311306093554523,-0.0145114360515606,0.0319737737143817,-0.024253412980236,0.0308417383950239,0.0040395681060336
2020-08-04,0.0101781577395896,0.0253335989231384,0.0198089548907469,0.0462263561348763,0.0450717080449267,0.0264930511592482,0.0399172622957928,0.0334997605868934,-0.0228158670583844,0.0321308626901117,0.0119439547429649,0.0272435471178722,-0.0165089215902527,0.082150027807734,0.0288756569750356
2020-08-05,0.0226700973190816,0.0100962428094704,0.0082089015554005,0.0856625936769237,0.0472558339841093,0.0136354306412984,0.0138980909439048,-0.0041379194201749,-0.0334300957700528,0.0127065754509712,0.0017782342394232,0.014040467074073,-0.0264051616594594,-0.0023431121251732,0.0087418972258324
2020-08-06,-0.0394090201813508,0.0007888284393842,0.0030967391212253,-0.0224249746123685,0.0027588361247379,-0.0216184575542827,-0.0326370861842559,-0.009695232560981,-0.0192152507366579,-0.0307402658477768,-0.0159779824238178,-0.0092306707637852,-0.0027124326746419,-0.0220762103512391,-0.0047889462027914
2020-08-07,-0.0038462499832586,0.006570044805582,-0.0076597923564841,0.0288871720058532,-0.0408729158485196,0.0314260978124876,0.0047233741146353,0.0013985660991369,0.0263086544792865,0.0,0.0311629198068266,0.0160455197028948,0.0229218821309136,0.0014412767212426,-0.004583325595335
2020-08-10,0.0476190921269004,0.0349870267970158,0.0337555994301794,0.0437652225177076,0.0338045118542602,0.0633183993880384,0.0483546549406714,0.015363116060064,0.0125441135731292,0.0666667682039723,0.0318114903607751,0.0300559046960675,0.0169007953695743,0.0330937682134133,0.0246320022021779
2020-08-11,-0.0423831530591929,0.0017658956836521,-0.0012260450284202,-0.0221517529374866,-0.0206100219036829,-0.0049249172065273,0.0339523615855017,-0.0082533483867901,-0.0048477898661921,-0.0800971372545781,-0.011715369556159,0.0039567115645984,0.0018673466072196,-0.0055712051011719,0.0103347739781345
2020-08-12,0.0102629580200841,0.0491060070982529,0.0122740523612097,0.0121356524250486,-0.0066776525094263,0.011230430022207,0.0353161568170141,0.0048546200630583,0.0319348028934807,-0.0158310348481177,0.0046793758722287,0.0029555972761461,0.0273996868733115,0.0088698742605213,-0.0002268775359949
2020-08-13,-0.0209524422974307,-0.0247242847532556,-0.0099207700840128,-0.0334692011534532,-0.0340190078363629,0.0002245313560649,-0.0035907845169381,-0.0151828727343402,-0.0228165950926695,-0.0214476296273439,-0.0276354770969187,-0.0240666747972879,-0.0350144045868219,-0.0018507367273494,-0.0244955059317277
2020-08-14,0.0129702754648357,0.0046766552076287,0.0059008850938597,0.023648533258457,0.0115983951919356,0.0208613934524648,-0.0012010083993641,0.0014013183336609,0.0292539481529248,0.0027395213693037,0.0164456280105618,0.0100654128179447,0.02387676455853,0.0259616919583609,0.0044177656098107
2020-08-17,-0.0179259678578471,-0.0029396903340968,0.0046485266534166,-0.031353181341703,-0.029810329906908,-0.009448609177897,0.0012024525549825,0.0104970582416787,0.0078228348674993,-0.0498634121319657,-0.0063734746753062,-0.0029896846346395,0.0209326855098979,0.0094895670962695,-0.0129628358824841
2020-08-18,-0.0058668340116427,-0.009090740218291,-0.0206750164244999,-0.0340713273743535,-0.0040824816822935,-0.0130876917833258,-0.0120118645842998,-0.0041550200266613,-0.0218019199585558,0.002875709098981,-0.0168375699252211,-0.0119939466308601,-0.0154676333937537,-0.0241719643677933,-0.0049251614676755
2020-08-19,0.0059014568795821,-0.0168612211713949,-0.0141502928243215,-0.0220460998165628,-0.0159653644387965,-0.0267473279699109,0.0024316064816491,-0.0180807702409615,-0.0016113819147077,-0.0093189250731698,0.0017940239356908,-0.0025292465788302,-0.0087686528649797,-0.0068804808922288,-0.0110769645173312
2020-08-20,-0.0391133920992718,-0.0221940401086442,-0.0182890782867336,-0.0360684099882954,-0.0331068156644004,-0.0616632863220391,-0.0291085615784606,-0.0042493748278323,-0.0419577885059255,-0.0303908391962235,-0.0073266293191527,-0.0481743403171576,-0.0287505275204235,-0.0115474506043956,-0.0152526874554579
2020-08-21,-0.0325642821116456,-0.0157336031744725,0.003183782772596,-0.0233863062623558,-0.0160995892240848,-0.0349493822213301,-0.0168646605124428,0.0035560030884091,-0.0061762167177624,-0.0179105637685946,0.0,-0.0101221891174303,-0.0015180439985135,0.0004670443167358,-0.0075023848374841
2020-08-24,0.0140250464327029,0.0186056106836578,0.0249171066648636,0.0325670398596227,0.0216638779443185,0.0214231721044328,0.0349431344049344,0.0092134747055683,0.0398302707486339,0.034954527690254,0.0439562320178763,0.0522065173888315,0.0450399775289824,0.0126108509896969,0.0295050621855677
2020-08-25,0.0131398325062908,-0.0005147100835279,-0.0122705119899231,0.0185527518660855,0.001127627857635,0.0252183955914113,-0.0085943431055461,-0.0196628054246458,-0.0097799001233154,-0.0080763198554981,-0.0317361894408059,-0.0148339741784569,-0.0134568021397988,-0.0133762971644439,-0.0317388183678053
2020-08-26,-0.0389078683099765,-0.0332045246781831,-0.015673807458248,-0.0255009643951649,-0.0252363029461758,-0.0406722520384245,-0.0210525936223909,-0.0164755181577467,-0.0307271744164111,-0.0407106165907218,-0.0259613340339535,-0.0306333030627207,-0.0101383628328534,-0.0158950433745274,-0.021281516388701
2020-08-27,0.0369317891009108,0.0157082431698594,0.0015335395311315,0.0056075951925156,0.0390659457871727,0.0096472661945332,0.013282607528023,0.0094680779124631,-0.0099065583919748,0.0061729320934051,0.0038312420806565,0.0016069355141132,-0.0048416801666505,-0.0042756084985783,-0.0067483553816168
2020-08-28,0.0308218855728257,0.0060289578989838,0.0084795084052671,0.0315985647988255,0.0280312109949225,0.0093035158041328,0.0156056315500576,0.0230879282393412,0.0603201986058454,0.0069016001214536,0.0253900842096426,0.0385026012961366,0.0271330984340361,0.0052480330526838,0.023905356937782
2020-08-31,-0.0166112293353496,-0.0127673306047935,-0.019852940500371,-0.0207212606805068,-0.0188271570694785,-0.0293974279492716,-0.0055316756289603,-0.0253877091593243,-0.0439469755991224,-0.0297028260280077,-0.0537303246802262,-0.0211123306450465,-0.0419020351444926,-0.0147128815401315,-0.0184318116197709
2020-09-01,0.0094594693550531,-0.0192659111143314,-0.0101274728985968,0.0036803232215496,-0.0028671880958758,-0.0123197560005211,0.0058876808926822,0.0036178540344193,-0.0138185716725981,-0.0204080878759836,0.0054729310267269,-0.0135029582293012,-0.0022814692568511,0.0096339903106181,-0.012769448935633
2020-09-02,-0.0348058621958159,-0.02099036667543,0.0013239618254514,-0.0229148985778661,-0.0333997333695926,-0.0561330925450446,0.0012324346830436,-0.0021627906751779,0.0011437749626588,-0.0064104340315379,0.0214322402503397,0.0075148025865743,0.0083854774876837,0.015267434340586,-0.0060865621030157
2020-09-03,-0.002080456992357,-0.0107203017728061,-0.0109390030673739,-0.0178237284630595,-0.0130435032654478,-0.0151437016682561,-0.0080001850534991,-0.0144508905876098,-0.0214223627578805,0.0153229667025907,-0.0059951365334672,0.0186471090116548,-0.0109618682618762,-0.0178574824815683,-0.0020414857626943
2020-09-04,0.0145934049347455,-0.0036119604001889,-0.0042534460041782,0.0076412444677953,0.0002319169192017,-0.0067092551937171,-0.0080643766759983,-0.0087975307855049,-0.01809689171905,-0.0270056527201049,-0.011894711606934,0.0099370798474189,-0.0212116009964157,-0.0100476127537015,-0.0007669128500757
2020-09-08,-0.1068494635085487,-0.0501954113659781,-0.0361284168175668,-0.0881515992243664,-0.0535465215925758,-0.0996341019743728,-0.0737960450216889,-0.0199706035034645,-0.0389415923865026,-0.0971428242128071,-0.0172939323634728,-0.048161590128478,-0.0486140054557839,-0.0101500887183417,-0.0230298472164924
2020-09-09,0.0084356667950171,0.0117442173744994,0.0134227380750524,-0.0041581351143278,0.025226521276787,0.0062517813488409,0.0168803111231932,-0.0022639928234323,-0.0173215950036097,0.0009036752822471,-0.001552684116803,0.0125136515500392,-0.0201107558151945,0.0263674609906297,-0.0060240333010446
2020-09-10,-0.0866920676739386,-0.0446896222817549,-0.0234913611814691,-0.0741128815812506,-0.0922121110783568,-0.0655482918841149,-0.0517928418136016,-0.0234494370561999,-0.0472141579412437,-0.0794937702794473,-0.0433731782366945,-0.0483613594755644,-0.0443979206276575,-0.0213383809133602,-0.0250329089606871
2020-09-11,-0.0099913668636411,0.0057716578014088,-0.0058858995764391,0.0239729140287059,0.0276318168668923,-0.0152924482158085,-0.0006999949646501,-0.0069711647136035,0.0323753539549163,0.0029439936385158,0.0308886932108263,0.0090346594806844,0.0166557969144824,0.0024773664330057,-0.0027026197166245
2020-09-14,0.0033640672512751,0.0123826666500166,-0.005148801934104,0.0167222990439845,0.0030727443125848,0.0486158206378679,0.0042043916514169,0.0187205886600798,0.0246398591563372,-0.0039179070485887,0.0227789989460664,0.0089533421975098,0.024143002207744,0.0306475407583968,-0.0065042083508443
2020-09-15,0.0008382907148369,0.0083535881726211,-0.0121620448035524,0.0120610545080395,-0.0148068934710823,-0.018029623005124,0.0076763933992831,-0.0114854708762595,-0.0290442875078446,0.0530975239004534,-0.005482224905167,0.009428936210079,-0.0199955235981911,0.0009591639876631,-0.0106380849265887
2020-09-16,0.046901404193707,0.0378697913816041,0.0289456861843506,0.0574217086675388,0.0588230275591374,0.0790164547104996,0.0436288746936219,0.034082288988902,0.0408490579645093,0.0868346774886215,0.0423771619264055,0.0538460853749358,0.0545528640304391,0.0263537571690208,0.0424592458657722
2020-09-17,-0.0064003366509505,0.0287911218876872,0.0029278723981078,0.0194674732734272,0.0080764709706693,0.026739679899959,-0.0165893564480436,-0.0044947707071965,-0.0074166397613106,0.0189002001607783,-0.002644170254209,-0.0052137120796623,-0.0020365873117595,-0.0051353433708503,-0.0002644915002606
2020-09-18,0.0185184868664709,-0.0060957778514332,-0.0073613008343756,-0.0170855977895282,-0.0116533864359517,-0.0005918962303312,-0.0249664928541362,-0.0158009603763001,0.0049812557807293,-0.0177063351186146,-0.0087819206306295,-0.0183439137116608,-0.0059183393834829,-0.0267481295283158,-0.0161374759971087
2020-09-21,-0.0426876677195633,-0.0420967642923179,-0.0244215200724443,-0.052147125061481,-0.0466715646791687,-0.0500444938852853,-0.085120939583221,-0.0168199663321664,-0.0319080093445935,-0.0309012092334444,-0.0651956133657417,-0.0779496121617226,-0.0277149801117175,-0.0033750310539076,-0.0204356783843503
2020-09-22,0.0107349670650354,-0.0017460525926745,-0.0100918419338402,-0.0075513363728862,-0.0092760828270109,-0.0146506989708365,0.0083207712423667,-0.0046653048572651,-0.0067201303346464,-0.0186007242134964,-0.0100143546191107,0.0034740722841175,0.0012668066020899,0.0067731648328852,-0.024704822400231
2020-09-23,-0.0931372938307766,-0.0402331030879071,-0.0473984076674437,-0.0565216596428793,-0.0538361688817233,-0.0540968093213803,-0.0510127247843782,-0.0445314877305549,-0.0744201187229885,-0.0604692498061888,-0.0493134774722879,-0.0415464083029248,-0.0613664241285508,-0.043248608774004,-0.0320856139686381
2020-09-24,-0.0180178638598615,0.0206558173566711,-0.0020846818562094,0.0322579661894484,0.0074218460988142,0.0030096539189876,-0.0102766664474239,0.004088424592334,-0.0038289288007322,0.0220942925720313,0.0041798973896449,0.0006018458252536,0.0015728045667633,0.0010048916459155,-0.0020355615740362
2020-09-25,-0.0963302559512527,0.0029765673809531,0.0004179444425862,-0.0156251296276271,0.0218280341747181,-0.0030006230819696,-0.0119810095116894,0.007329024571828,0.0003493869163875,-0.0394738042877561,0.0005679070641289,-0.0421178391030768,-0.0148046950526818,0.0025085055577822,0.0093238364543848
2020-09-28,0.0426391761183952,0.0002963457145128,0.0292355990324839,0.1111112618919347,-0.0002669572729449,0.0531772280763089,0.0315278542437551,0.0194018325971656,0.0461056926046627,0.0117416201505624,0.0208015893099844,0.0332915323285036,0.020491602088325,0.0210208406771825,0.0193417803978583
2020-09-29,-0.0710807042523813,-0.0370808102874878,-0.027458560516659,-0.0234694859464439,-0.0333867591828657,-0.0092094291756742,-0.0540749782392164,-0.0126883418258503,-0.0173624359241574,-0.0338493212688916,-0.0331606070847216,-0.0516716730544287,-0.0314591064635213,-0.0068623785146899,-0.0291701375595546
2020-09-30,-0.0073376515462847,0.0117068281642531,0.0013910281966562,-0.0114941189534938,-0.0069081676963141,-0.0346153777418558,-0.0016572879071694,-0.0096388499937333,-0.0030579368273522,0.0020020429678035,-0.0067058394193536,-0.0025642151104949,-0.0020730606568203,-0.0301088219329773,0.0014588518161293
2020-10-01,-0.0168954719906181,-0.0124848342530624,-0.0219446946534911,-0.038055082744379,-0.0300500670119522,-0.0341966861796284,-0.0730288383266525,-0.0072990881825436,-0.0555555513310904,-0.032967093558395,-0.0300927875480884,-0.0353470374566846,-0.0701760015577251,-0.0442750087345177,-0.0349550486944958
2020-10-02,0.0461869797270526,0.0197348022119436,0.0109345728560623,0.0549450998271177,-0.0014340294887679,0.0474391554727449,0.0125335702062652,0.0057188106899481,0.020209410350134,0.0196279732962167,0.0155131344799992,0.0373085196049072,0.0111721633220331,0.0165070533395041,-0.0045275163659421
2020-10-05,0.0102670836637006,0.0365889571919653,0.0212110076675087,0.0572916519706525,0.0474001744590606,0.0131278610110061,0.0548186297377752,0.023558366808823,0.0343118430533229,0.064843052048602,0.0291812698577422,0.0321128536317785,0.0574514670204659,0.0235726159559923,0.0230444322046496
2020-10-06,-0.0426829711395569,-0.0285878693364245,-0.0055022737907666,-0.0413796557613125,-0.0128909183589416,-0.0537741152146191,-0.0067058846332592,-0.0261905606176625,-0.0140218063577486,-0.0361558112777555,-0.0283538679845736,-0.0248908555206676,-0.017181419094825,-0.0107469002464528,-0.0103736649507166
2020-10-07,0.0159235502588017,0.0309307717942455,0.0204704445802699,0.0143888087302179,0.0200052624478259,0.008901056592242,0.0067511571140068,0.0260799791275312,0.0131804556691272,0.0148075000774392,0.0170386597794947,0.0178686332621131,0.0004724835837086,0.0031036953078842,0.0032943202309405
2020-10-08,0.0595611607331532,0.0349548653013218,0.0195173514136406,0.045592672964003,0.0261510141773557,0.0559889762219787,0.0737635803943681,0.0428911658725832,0.0653889663327562,0.0875486242049412,0.0329290025039115,0.0300939393249954,0.0474617284821727,0.0309439119738572,0.0525374358239898
2020-10-09,-0.0463509770174468,-0.0112583846727918,-0.0162191022001143,-0.0242247355781644,-0.002920047552849,-0.0138172929024448,-0.0179545815719004,-0.0236099683262968,-0.0321338448152096,-0.0322002799340664,-0.0111857507109477,-0.0121728627762175,-0.0162309171157253,-0.0285141999758766,-0.0147474538373297
2020-10-12,-0.0372288333638747,0.0130948316887031,0.0068919622834009,-0.0208539770571908,0.0173055535723618,0.0166177785339942,0.0119235308040563,-0.0031204644108396,0.012284189858112,-0.0009241386372322,0.0079185919287982,-0.006777636932375,-0.0126029361129235,0.001544720839784,-0.0031665827587382
2020-10-13,-0.0182600357110904,-0.019949875538571,-0.0148975424926302,-0.0365110760984752,0.0112536710730395,-0.0253206574385618,-0.0149253496130395,-0.0133018070434843,-0.0364054324020421,-0.0268269849988053,-0.0409652838970554,-0.0241935062427398,-0.0385240159799293,-0.0015423383575809,-0.0118392441671982
2020-10-14,0.006565145375311,-0.0100343530230334,-0.0061305658127212,-0.0189472589744301,-0.0263973585795627,0.0026306573502434,0.0143542833278111,0.0277559006944747,0.0180394062133202,-0.0066541262179549,0.0157990876744327,0.013986147464591,0.0067581216263314,0.0133881430912148,-0.0020458875252725
2020-10-15,0.0608694300450805,0.0251956802048847,0.007676191576069,0.0107293628067051,0.0224190079367863,0.0045917901644683,0.0275156340622131,0.0023143419944213,0.0210632313906908,0.0153109235428972,0.0082562243672181,0.0294669187749725,-0.0035960747545531,0.0015242490735702,0.0087848612773486
2020-10-16,-0.0399593221704931,-0.0343152477751702,-0.0084340271527381,-0.049893557788618,-0.0173319037749241,-0.043747793290622,-0.0627392269703093,-0.0100076556897928,-0.0383104348912981,-0.0490104004455228,-0.0367547347769452,-0.0883069091443898,-0.0322426801853048,-0.0223232493369056,-0.0101596584479707
2020-10-19,-0.0330841304813771,-0.031684843991268,-0.0220883078626897,-0.0100560525404673,-0.0328700850980671,-0.0426766385091235,-0.0065306245582581,-0.0116636794707284,-0.0381340398473027,-0.0267592058432787,-0.0322262914168681,0.0026719115541362,-0.0231229145192719,0.0010378080802651,-0.0199411949159897
2020-10-20,0.0607064379046338,-0.0036697021142594,0.0056118203496731,0.0124154167340042,0.002486851745107,0.0146218356619172,0.0468366696503472,-0.0023604975106626,0.0350442224599174,0.0254585596624037,0.0130743640246593,0.0319788647175278,0.035887110045641,0.0207358844641174,0.0083782063776818
2020-10-21,-0.0505994733767876,-0.0595457108432474,-0.0113002348128379,-0.037904645660499,-0.0319737231850042,-0.0260105174699515,-0.0054946703404991,-0.0118297783367521,-0.0143638611863221,-0.0407151027832107,-0.0175436453106441,-0.0309879066431084,-0.0039313653156251,-0.0198069027498082,-0.0160237659202981
2020-10-22,0.0373621157680768,0.0414489743141495,0.0356991359700875,0.0822716093215745,0.0515376848336248,0.052688671094965,0.0292028651679026,0.0343179556611028,0.0239415561372837,0.0527948283135402,0.0264775542970523,0.0193205476108688,0.0182536729759705,0.0523312822978336,0.0512664046201432
2020-10-23,-0.016949101521432,0.0197431442763116,-0.0113078337033823,0.0021414128333689,0.0157051772895351,-0.0047997422983928,0.0207056713693394,-0.0138892612978556,0.0128770430113014,-0.0147490609414454,0.0093984028032236,0.0065358111471125,0.0167151951081589,-0.0172326837713258,-0.0200803358900686
2020-10-26,-0.0775860593798598,-0.0682236225033479,-0.022460952201157,-0.0587608633763639,-0.068781373951902,-0.05167056263637,-0.0390683176746924,-0.0312989623704432,-0.0431583487908987,-0.055888230271835,-0.0463550163044731,-0.0149349863335456,-0.0578984882983293,-0.0380762041878204,-0.0237118818690141
2020-10-27,-0.0245328305791336,-0.0019790717206815,-0.0201578196432554,-0.0136207852850243,-0.0100200897574719,-0.0348710045988803,-0.0218921808545021,-0.0169625288445574,-0.0143355055923839,-0.0200844321691902,-0.0222269056338612,-0.0052736556997827,-0.0323722343276875,0.0114584981300969,-0.01589192482318
2020-10-28,-0.0670659607253408,-0.0485790108296583,-0.0378363859473772,-0.0678942960208414,-0.0598613596511109,-0.0741438731594597,-0.0871304157884625,-0.0279377280048684,-0.0244766114384529,-0.0420712698462751,-0.0605479567922333,-0.0603046671299751,-0.0541037500783962,-0.0288364548147249,-0.038086659574212
2020-10-29,0.0513479782168544,0.0128517207115688,0.028708310351871,0.0432101261790498,0.0449094653887638,0.0382115239258096,0.0175131214115307,0.0194421761300742,0.0483635761517946,0.0281529145258347,0.0398007840414977,0.0190407097966052,0.0370271706173512,0.0127253034703895,0.0443459281403462
2020-10-30,0.0134310356932731,-0.0185184444084091,0.0101742178521746,0.0568047543723864,0.0079481894712307,0.0164446513284375,0.0378656838043618,0.0087310024849407,0.0232397213657149,0.0,0.0147890536323325,0.0339099964811544,0.0287768637626055,0.0047119360953111,-0.0106157181603878
2020-11-02,0.071084044722242,0.0562542680749866,0.0381296620076947,0.0559910077814236,0.0265773662046351,0.0674115332768978,0.0613598336452063,-0.0008401875676282,0.0610167753364574,0.0569550221044017,0.027861174962886,0.0428381728064524,0.0334112322779491,-0.0218861509261485,0.041998837681713
2020-11-03,-0.0179974484639545,-0.0304333375153205,-0.0056826750130153,0.0222693030442504,-0.0036987541303238,0.0147960569627589,0.014843892810642,0.0084104861191214,0.0194889627716825,0.0041452683705653,-0.0091742144279375,0.0115532959411859,-0.0105264935408125,0.0111882384967318,-0.0170641352845735
2020-11-04,0.0297823377464203,0.0365065318723054,0.0004180195941025,0.0176347724099976,0.0291262308372908,-0.035561673114415,-0.0215549600557408,-0.013345047215842,-0.0065812072239883,0.0123840462490179,0.0084174917234609,0.013324807393692,-0.0129180808760606,0.0057952578627444,-0.0053874006627312
2020-11-05,-0.0022249738015982,-0.0085583483980168,0.0051554549058656,0.0244647799612065,-0.0122086139846785,-0.0339236843366136,-0.0110150304952182,0.0059175582370094,0.0041009332510457,0.0672783900580031,0.0056342892623697,-0.0281777542913188,0.0143702553955111,0.0010477921296616,-0.0018055273199907
2020-11-06,-0.0479376157277062,-0.0308765908065603,-0.0137231389210048,-0.0278606806755883,-0.0286517006281621,-0.0557249507582904,-0.0230709823914049,-0.0352942746478088,-0.0078541466291478,-0.0439354436697959,-0.0313342731902408,-0.019329771449953,-0.0344043418455833,-0.0444791466879971,-0.0117576699333965
2020-11-09,0.1416865244017053,0.1435421886503765,0.1159519896154284,0.159672778629742,0.1657028471351282,0.3096200050151094,0.1710098810761042,0.0714288735726691,0.1548451914036175,0.2217786665228991,0.2217225113405792,0.199080181278598,0.3120251955238926,0.0596932786226798,0.126601607864472
2020-11-10,0.0246153941106703,0.0644098255729643,0.0462217526795571,0.0379518974614334,0.0466383634327813,0.0532396729548623,0.0,0.0479673164103622,0.0320809868430147,0.0122646668881907,0.01946317342876,0.0032872824989311,-0.0023962879204939,0.0330748421226512,0.0221853740446869
2020-11-11,-0.0040042843846183,-0.0070362263114294,-0.0073434463050253,-0.0085030992724974,-0.0066364651378283,-0.02608964989335,-0.0139081225091951,0.0108610456131332,-0.011955599533263,-0.0387721751013387,0.0144480410328102,-0.0327689508343933,-0.0034023829078122,0.0015007374117468,-0.0103094734291442
2020-11-12,-0.0251254626766946,-0.0359979023694135,-0.0217074778828344,-0.0377359448767806,-0.0338825249857721,-0.0362250801944624,-0.018335736468996,-0.0245585015644629,-0.0669533024717223,-0.0495794626755732,-0.0700238396999077,-0.0231505945504688,-0.0504121042305151,-0.0339661817029143,-0.0342653174089161
2020-11-13,0.0639175857025149,0.0396945365258127,0.0292548802919405,0.0499109541048699,0.0538405892039095,0.0612760131269034,0.0294540124715618,0.0330447840196459,0.0824207939708074,0.0433238166536591,0.0712855724576855,0.0404623956290803,0.0769882487346498,0.0361946956059655,0.0241272994126713
2020-11-16,0.079457263683166,0.0769231429280132,0.0714202569673152,0.0636672522992773,0.0628076085990576,0.0693451721070621,0.0788556336704997,0.041127014315883,0.0843982970085028,0.0762715395210154,0.0822674193570032,0.1133335777377277,0.0932838204640977,0.0094808292518022,0.0576492668531922
2020-11-17,0.0269298211304169,0.0202202197048664,-0.0071857146002325,0.0462886358691128,0.0070562751799183,0.038408039511441,0.0226390672387399,0.0263351884271028,0.011457375438947,0.0228345435799439,0.0274674009150985,0.002494391606979,-0.0098738142589921,0.0296589807533278,0.0133652073298631
2020-11-18,-0.0349647665749058,0.0084942026490195,-0.0317099178643826,-0.0266970450465064,-0.016202831499313,0.0115252901424711,-0.026565463374915,-0.0192444413179339,-0.0509729679731059,-0.009237748086852,-0.0557973818880674,-0.0059726334044923,-0.0535550523738707,-0.0398466381358028,-0.037755600358547
2020-11-19,0.0280794817499518,0.0074021132181392,0.0172046911255252,0.0626960560024312,0.0117958494674079,0.0450446440703018,0.0396361054223997,0.0465114149624072,0.0140115436311161,0.0380730913262759,0.0115226536302508,0.0245367193047638,-0.000780533289491,0.0080002485484744,0.0051064119988237
2020-11-20,0.0079294590173173,0.0045600122710429,0.0006998724028295,-0.0294986760907129,-0.0015398557962866,0.0101420729862047,-0.0062500280465628,-0.0104162850084279,-0.0209831790835414,0.0097301991766454,0.0022781402171534,-0.0122187884948267,-0.007615690706557,0.0089286825118297,-0.0122995100678501
2020-11-23,0.12412608052742,0.0771755014605786,0.061079328972271,0.1003037433081357,0.1099362540296216,0.116716905377983,0.0893081942268048,0.025964736867506,0.0773657313259601,0.1682731305877267,0.0690047367278448,0.0692722508808221,0.1036992542118075,0.0462143268242649,0.0655115179980763
2020-11-24,0.0917575412848235,0.0398035625759034,0.0504228846683116,0.0566301045354495,0.0801904986736903,0.0595641976687708,0.034064812288822,0.0239397042197457,0.0298399687473223,0.0647207556413327,0.0285540688573704,0.0286905384484981,0.0427884723677882,0.0319546108915238,0.0665651887472971
2020-11-25,0.0056980077331749,-0.0175637362205378,-0.0363939989923325,-0.0117647630401162,-0.0260931984857074,-0.0371237859747108,-0.0027917191457671,-0.0080160180085115,-0.0228504865507173,-0.0035758185612424,-0.0215593073396339,-0.0058478463886781,-0.0352197632765712,-0.0154826808607598,-0.0278702836736582
2020-11-27,-0.0141644293622936,-0.0194821222104453,-0.0090081460066209,-0.0224865867662426,-0.0296226919989296,-0.0411984722145234,-0.0167975035580941,-0.0067340537511721,-0.0014464817652739,-0.0095690837462936,-0.0155447874895691,-0.0099550418724975,0.0033671175527856,-0.0074001431315399,-0.0151926494022022
2020-11-30,-0.0739944985621969,-0.0752689098919996,-0.0452305861982886,-0.0534509846810532,-0.0884698578755301,-0.081801613804609,-0.0552389914511156,-0.0250846729502846,-0.0613226727006878,-0.048309283699232,-0.0712862267886339,-0.0498171420053122,-0.0503355489969462,-0.0223673501222857,-0.0512563904640464
2020-12-01,-0.0403410773793087,-0.0073304206735208,0.0030971556522645,0.0007153202726519,-0.0074657482843756,-0.0027526982049145,0.0295356047594999,-0.019471514073545,0.0146601078222614,-0.0399747770209399,0.021459074844351,0.0195983823082497,0.011716475292387,-0.0038133026258591,0.0097035087885781
2020-12-02,0.0598218852003928,0.0178252697783576,0.0276730975806018,0.0571426000219581,0.0277238430333344,0.0168132450936413,0.033754109349259,0.017021153411356,0.0286440505620058,0.0502316743398298,0.0412089015665235,0.0270526509722976,0.0674631565168899,0.0358851638573189,0.0374025654430352
2020-12-03,0.0480552622510563,0.0307729031870793,-0.0007790115424947,0.0344596830927166,0.0073188902210172,0.034304052637978,0.0232825907203684,0.0104604168607729,0.0101035622172687,0.0314661242925642,0.0091571403796013,0.0198708474783448,-0.002755136264621,-0.0041566592475538,0.0067603022729596
2020-12-04,0.1048033716157885,0.0745146179682414,0.0387528258213918,0.0920963268827552,0.1002703761464023,0.1266999562496755,0.0782459871897232,0.0303654729515161,0.0468404086288019,0.1342284055553213,0.0661335059642878,0.0625284250846831,0.0580209166429579,0.0431350526977427,0.036557953966084
2020-12-07,-0.0375493064285334,-0.0327535382549715,-0.0270154654836699,-0.046052699991033,-0.0269813951523174,-0.0334604035956679,-0.0236744983302878,-0.0087071702602095,-0.016312923744754,-0.0215171552903955,-0.0327464714417352,-0.0264392202275856,-0.0295412792429431,-0.0395730306878868,-0.0187139261744008
2020-12-08,0.0102669158620738,-0.0032693621489817,0.0085941034990049,0.0012541266430148,0.0112468428805858,0.0109555514417081,0.0416442392670459,-0.0027024913112354,0.0056856524651442,0.0516765546221509,0.0050706431321374,0.0175207096874427,-0.0080727337381353,0.0231482983486357,0.0327629704655534
2020-12-09,0.0176152400913094,0.0004686462019751,-0.0120165115381143,-0.0162805428314987,0.0155320250565906,0.025791035784674,-0.0126514574890457,-0.0101626715686078,0.0044757029273034,0.0141212978343603,0.0204780017771217,0.0060269020098824,-0.0030518238291753,0.0135745414101076,0.0132573390169392
2020-12-10,0.0985351355281569,0.0304450009691021,0.0321757376247471,0.0621793529011536,0.0324775182458707,0.0551447068732247,0.0246025467579984,0.012320486071248,0.0279084602503787,0.0990204265277747,0.0303908687837242,0.0004274808935884,0.0181973128475123,0.0,0.028271062162676
2020-12-11,-0.0242424361127436,-0.0118179832408653,-0.0096408358237986,-0.0247433492013756,-0.0197512806415917,0.0034041079031097,-0.008003896692142,-0.0027047614450099,-0.0209905062278074,-0.0197089307152936,-0.0190515065874613,-0.0188191214351637,-0.0140302856797054,-0.0031820279565171,-0.0047716126477809
2020-12-14,-0.0490681832166594,-0.0266793132823282,-0.0325582751915578,-0.0488860629686629,-0.0283580411472674,-0.063061549228882,-0.0438730681291589,-0.0298305757974169,-0.0501048733350294,-0.0823361234865804,-0.0333764665245271,-0.0331301028731362,-0.0447231835271418,-0.0191515329682121,-0.0360729182507263
2020-12-15,0.0378836585783937,0.0113420853686325,-0.0007825399885958,0.0273259275689381,0.0207372285552613,0.025772249316839,0.058544522276996,0.0321455444066209,0.0365556478326443,0.0349503553355756,0.0157760399332331,0.0356175328732175,0.0193297248390638,0.038121649277834,0.0194219218017051
2020-12-16,-0.0056640384473505,-0.0112148851834822,-0.0076090417686577,0.0075995229291825,-0.0086533232870908,-0.010589773955658,0.003487838111253,-0.0115098256798429,-0.0142010918919718,-0.0196571625587193,-0.0140659267169359,-0.0056592622198983,-0.0097424402954312,-0.0259743139519942,0.0153345699719815
2020-12-17,-0.0031644792895068,-0.0082703579016381,-0.0031569583662514,0.01194218619934,-0.0104363852447568,-0.0054564084739073,-0.0029793937639583,-0.0205480874345922,-0.0256903492615998,-0.0138819136056976,-0.0017832106178395,0.0039403653709595,-0.0101898432393954,0.0022991004732404,-0.0050343604442578
2020-12-18,-0.0266666610063371,-0.0235883697188812,-0.0137994688132092,-0.0291925415643145,-0.0072867020788313,-0.0327071142468583,-0.0199200575464832,-0.0062935121445087,-0.0056678757686956,-0.0344109174969931,-0.0047641224719301,-0.0270387086305192,-0.0278664176277351,-0.02844036249231,-0.0172491386271075
2020-12-21,-0.0313110958472833,-0.0180575280288647,-0.0126160298969505,-0.0211130867487789,-0.0326442362963358,-0.0178886300086376,-0.016768402803827,-0.0154821797503724,-0.0148697932450244,-0.0566953329557446,-0.0053851257688534,-0.0237563367361511,-0.0131458843155056,-0.0226629744551251,-0.0182541788923125
2020-12-22,-0.0491582211626925,-0.0300694241282021,-0.0200951591331507,-0.0307190256495716,-0.0245606249569615,-0.0215457303205369,-0.011886460163313,-0.0150107894710672,-0.0020125802866056,-0.0314828010737465,0.01534083460401,-0.0192837365084722,-0.0064755186533712,-0.0043480707510389,-0.016925022882925
2020-12-23,0.0467420486578777,0.0269023197205879,0.0157654371534279,0.0559675878953349,0.0251790378626839,0.085130387272404,0.0188285906145544,0.0036284726670203,0.0413412090320322,0.0573287309844738,0.0274030708052579,0.0262170470060543,0.0389197692193981,0.0067932096133078,0.0128514968668993
2020-12-24,-0.0236806710029872,-0.0147205602188961,-0.0042009696617638,-0.0210728789670977,-0.0095845759632993,0.0094141789578292,-0.0138605509384113,0.0,-0.0024211489527804,-0.0122972476490051,-0.0090828844521964,-0.0127737833992924,-0.0019714615557919,-0.0004819083618856,-0.004069940932456
2020-12-28,-0.0152458109679144,-0.0048113691290812,-0.0050392650741181,0.0013049333908625,-0.0133067287716235,-0.0128498186631269,-0.0166578827024466,-0.0137382899791944,-0.0104343189189379,-0.0152804355894829,0.0087297287764573,-0.0032348652675242,-0.0105966302242048,-0.0289296959702335,0.0033655544707213
2020-12-29,-0.0042225564221104,-0.0058522378100303,-0.0034156729325799,-0.0026058949969309,-0.0055165537284654,-0.0132271751740431,-0.0132343552476158,-0.0051320203972216,-0.0012260386139065,-0.0091950114350537,-0.0137027819553904,-0.0088082894333971,0.0065350593662847,-0.0029789651269251,-0.0112601211400054
2020-12-30,0.0296819740120886,0.0240589993783144,0.0085095265749748,0.0542127993949099,0.0388325382510137,0.0482982348628604,0.0257508426121706,0.0,0.020623532120455,0.0388628935432824,0.0324656503592453,0.0233863947014216,0.0229036773446118,-0.0069721391232021,0.0079958903262544
2020-12-31,-0.0260810971531366,-0.0004999206660319,-0.0103129145702882,-0.0204459424913491,-0.0136470775356678,-0.0176578001075593,-0.0115062079370297,0.0073692493567356,-0.0050515668882921,-0.0335005480279663,-0.0093484086412438,-0.002285216577947,-0.0026447233653754,0.0055162656488814,-0.0091346186309596
2021-01-04,0.0408739390049888,-0.0105020675084552,0.0030789780613624,0.0202402056029298,-0.0002004696317944,0.0111571076892245,-0.0037037524062243,-0.0080467404518164,-0.0147488293064893,0.008087639842305,-0.000857788938158,0.0054967670791177,-0.0148489031606695,0.0024940981489391,0.0067928153771663
2021-01-05,0.0954639707132249,0.0573664139742078,0.0270332038600837,0.0762556103322489,0.0814278495475653,0.0966489263934196,0.0839083097940285,0.0250739607314636,0.0328836922787314,0.1008591434651799,0.0267599600732515,0.053758862459442,0.0285304097276455,0.030348083324003,0.0481930240281944
2021-01-06,0.0407910287809623,0.0399139657210585,0.032183943926713,0.0552994199456289,0.0211427957563237,0.0493757544228667,0.0200886700086899,0.0330933347080992,0.0204324270321967,0.0411247176607563,-0.0073865748395191,0.0553392568936554,0.0223306170517889,0.0381459072029524,0.025516936282139
2021-01-07,0.0160332693250169,0.0273501102705036,0.0046769571749671,0.0136462340100906,0.0646564918819447,0.0083451931025708,-0.0225745399160584,0.0167131537862401,0.0284050474603707,0.0285001876611898,0.0089863458042236,0.0192545077094201,0.0182595011684911,0.0018605054997011,0.0078457974331944
2021-01-08,-0.0309761072553322,0.0,0.009532373269276,-0.0247712062601788,0.0042648442923083,-0.0005282706217314,-0.0113021528654417,-0.0075342627685272,-0.022413276825553,-0.0238212442232266,-0.0160033961432716,-0.0016077861343267,-0.03284714034545,-0.0111424176206123,0.0111212404976994
2021-01-11,0.0048249583973614,0.0147648772402639,0.0057093791512083,0.0121480317632518,0.0125702068869444,0.0271317466199618,0.022365679104594,0.0172533072522329,0.0094947888165832,0.0,0.022061787978556,0.0060387992310373,0.0161149481887867,0.0098595754963757,0.030356312313496
2021-01-12,0.1122449088799033,0.0454147952136632,0.0189954395146692,0.075286289148525,0.0474750186622268,0.0783877245897843,0.0758386800930976,0.0318861735078113,0.0456530833868304,0.1264943670550302,0.0203404694516904,0.0460183837092835,0.0148361232487068,0.0427706926570505,0.0222031424907303
2021-01-13,-0.0393953807277156,-0.0082245837406972,-0.0009641140298126,-0.0294265784015093,-0.0315502780528893,-0.0211545996313647,-0.025304967476544,0.0065744075711606,-0.0276438238882813,-0.0128207513681808,-0.0267151354669364,-0.0260136563646524,-0.0304150368157992,-0.0084710095905656,0.0112781674521638
2021-01-14,0.0308987402903615,0.0178609782774836,0.0240213686926393,0.0601150436030637,0.0356935299983756,0.0063370541867777,0.0088084503318035,0.021554587054509,0.0270759383899115,0.0855350850482299,0.0330216408783332,0.0196382665588588,0.044540831913483,0.0202338948881204,0.0390337054434426
2021-01-15,-0.0588555264589341,-0.0574471678504222,-0.035605760807914,-0.0350097540973038,-0.0490037178324853,-0.0434360494067911,-0.0468747459229588,-0.0095907754010583,-0.0338315056300809,-0.076320220994829,-0.0323712094699708,-0.0404467886312435,-0.032686454148724,-0.0083738340517659,-0.0481019126845293
2021-01-19,0.031847318296315,0.0195035609571241,0.0262785628137813,0.0219719881587452,0.0217941768118548,0.0131667509626078,-0.0096435290145193,0.0038735443706259,0.0479765556851483,0.0303708663067758,0.0423755039560471,0.0204739632243013,0.038422130821011,-0.0022218033600595,0.0198369823481716
2021-01-20,-0.019641241836421,-0.0139132937254505,0.0092052828569875,-0.0014997218242772,-0.0046294959960861,0.009996751029965,-0.0223953148105213,0.0025718922026731,0.0017356405732396,-0.0021672019652273,0.008157245170377,-0.002753834137999,0.0004956457596738,-0.0008910531973095,0.0141277464037985
2021-01-21,-0.0461448657745862,-0.0478394944210924,-0.0353322962158771,-0.0791186220201157,-0.0858805370304087,0.0026393040237904,-0.0333665552811883,-0.0211669631953642,-0.0168941992365438,-0.0642919125126575,-0.0295795894809759,-0.0457592173518358,-0.0282317540495899,-0.0338833760989845,-0.0286694034393671
2021-01-22,-0.0156249007339618,-0.0115765123239767,-0.0030430455966654,-0.0320825889154976,-0.0030894944158947,0.0487002892871806,-0.008758053878655,0.0039319264220518,0.0079313681360504,-0.0023216136865558,-0.0083376796500027,0.0090943908174727,0.0100237369198949,-0.0032301430971786,-0.014134196589489
2021-01-25,-0.0396825213507523,-0.0025766767725463,-0.0090483034734983,-0.0241571946661366,0.0061976872100257,-0.0378098158997194,-0.0317050817763787,-0.0039165269263474,0.0104919100123714,0.0009307684182575,-0.0064783221558721,-0.0274476083284853,-0.0006729516112398,0.0027778955801933,-0.0111742722720049
2021-01-26,-0.0273362509979141,-0.0211368507737831,-0.016941818950082,-0.0299367471022803,-0.0309781790685339,-0.028045171023712,-0.0230806790461988,-0.0026213702871518,-0.0231452123381635,-0.0525335294583073,-0.0106828952417686,-0.0421229075744069,-0.0212086149839247,-0.0101569056236802,-0.0219617596451067
2021-01-27,-0.0457516544276345,-0.0247121583106613,-0.0129811065987699,0.0213646517323209,0.0284163565624928,-0.05066247985274,-0.05054952125555,-0.0262811333552822,-0.0270149864869551,0.0098135231108373,-0.0015422564523892,-0.040897267277673,0.009974148020555,-0.0107278724567593,-0.0113364377298768
2021-01-28,0.0232875667202707,0.0113162256189922,0.009296842438645,-0.0005809012379934,-0.0234502406651239,0.065736046519998,0.0572915536688802,-0.0087718839912563,0.0188894616982406,0.0179788178021638,0.0035111469939694,0.0380558757155362,-0.0068105945745869,0.01178688796696,0.0156560112047017
2021-01-29,-0.0441768022498767,-0.0262711002228223,-0.0429115434274538,-0.0430231695448574,-0.0513774229585376,-0.0600233636932084,-0.0350303297614393,-0.0240521112548738,-0.0359617588177219,-0.0424821982280879,-0.0510845776326899,-0.0189927785467797,-0.0325734341223461,-0.0107176465824284,-0.0264868728496762
2021-02-01,0.0588236623442952,0.0169869418583743,0.0142017802600378,0.0182259601323369,0.0072607761649188,0.0227556234107018,0.0130461174109948,-0.0042613198144826,0.0067192422335131,0.0164507311713335,-0.0061946728997481,-0.0022513589211728,-0.003366870612174,0.0028260763089582,0.0017837860221252
2021-02-02,0.0291005176132077,0.0063872212004605,0.0075225112977417,0.0119327986771491,-0.0013637818465461,0.0075885874534924,0.0089589197502728,-0.0149785852098663,0.0391252666943906,0.0166745743028045,0.01899660438885,0.015794297717401,0.0272048512330969,0.0061063747198342,0.0158059856046177
2021-02-03,0.0559127521175053,0.054673650809927,0.0218241626974167,0.0731135450614397,0.090128856811497,0.0883259606887814,0.0438399179409212,0.0311366130306878,0.0476192470979335,0.0622286303048604,0.0383047573889285,0.0741894546479469,0.0403321273503261,0.0233427744358598,0.0392284136463949
2021-02-04,-0.0066951172349895,0.0185143034431516,0.0004495316497321,-0.0027472695546014,0.028453802694919,0.027838867984175,0.0159490585017902,-0.0147471777261976,0.0006342965571208,0.0127156336026232,0.008977454681859,0.0260540840233998,0.0159735381420218,0.0045620862531574,0.0191902304281457
2021-02-05,-0.0061275998848487,0.0093162253738274,0.0029211332174716,-0.0137737756063748,-0.014964498910141,-0.0137720018210426,-0.0068028088092648,0.0085531976740447,0.006760859613329,0.0116592911009549,0.0015291599835993,0.0080615277146278,0.0108089854955157,0.0031785754279514,0.0335194721729561
2021-02-08,0.0998768460993364,0.0531293327804467,0.0248711926234652,0.0474857498508674,0.0494612894650423,0.0695112194829594,0.055848209643873,0.040989375216685,0.0384051236493392,0.1281028627319573,0.0520542834969588,0.0391844225521293,0.0497408813263493,0.0185604785740152,0.0430432655414156
2021-02-09,-0.0341928019310021,0.0021375608516835,-0.0056840971557566,0.0064000121704186,-0.0200304702020669,-0.0284347846279655,-0.0124748971819682,-0.0108623669658877,-0.0123283588166233,-0.0314340444618063,-0.0166249043402207,0.0003848005278492,-0.0030870041348606,-0.0106662406156261,-0.0117117214262124
2021-02-10,0.0220546654586872,0.0078925633206796,0.0171499857058572,0.0455751170666303,0.0341809046754273,0.028520536738624,0.0237493549234044,0.0150996632802424,0.0192347259576501,0.0385394125278371,0.0293842291255945,0.0238460610401753,0.0235810996233409,0.0247077774133464,0.0096779514765381
2021-02-11,-0.0357755442649809,-0.0081162642304569,-0.0054038249469351,-0.0217943767124547,-0.009466839449608,-0.0161150350938968,-0.0409676397218765,-0.0067611984719087,-0.0010039480617374,-0.0242187914012463,0.0067782166906364,-0.0093913745953307,-0.0086007334479423,-0.0232356838662768,-0.0250391087258293
2021-02-12,0.0294464770099247,0.0155039199779687,0.005759622938273,0.035233401236888,0.023138662816442,0.0199202184269835,0.038085392438985,0.0102109668063075,0.0140678951026091,0.0164132265378433,-0.0001295245950839,0.0151688329875687,0.0029432557970772,0.0251348695574775,0.013643533967516
2021-02-16,0.0629293333246754,0.0358353918409148,0.0204907913479668,0.0445442545922687,0.0340872601571102,-0.0021701050641748,0.0213188619331097,0.0134770959722274,0.0316756233464734,0.0421426417713706,0.0279680623191487,0.0061924423634631,0.0342912697149804,0.0030648924724072,0.0300873112488813
2021-02-17,0.0059203265663416,0.0104402197008086,0.029958252789215,0.0412074160760296,0.0069730931915958,-0.00188486193765,-0.0024272162304084,0.0059838528017803,0.0083562475328369,0.0102042037594605,0.0157451974759161,0.0022380186253654,0.0173239163064846,0.0078566232978063,0.0155647536446534
2021-02-18,-0.0567149372572821,-0.0338329990796074,-0.0095914572077168,-0.0547630633591255,-0.0467421088688355,-0.0537476071885878,-0.047688370169064,-0.0231328862015242,-0.0129120498835463,-0.0542464117072577,-0.007316753248873,-0.0480091977213434,-0.0042574454763055,-0.0359459316882869,-0.0157048004552357
2021-02-19,0.0221215268540093,0.0153072348494989,0.0084210725546587,0.0141187104586266,0.0320288663712946,0.0066010767250466,0.032192116074146,0.0121788468070762,0.0347522070609822,0.00553818242389,0.0399244525131687,0.0211102796739455,0.054548158289174,0.0170705125702674,0.0067282510318082
2021-02-22,0.0588233405213405,0.0508054357203249,0.0270354616867924,0.0201632098538535,0.0574310604882877,0.0431597541070594,0.0460393650772466,0.0140373327120635,0.0349054349308992,0.0413056299781107,0.0200463155921424,0.0543646596699505,0.0380261615560921,0.0119260845207931,0.0368532219807222
2021-02-23,0.0351154109679321,0.0239779326765912,0.0126030047666132,0.0160004078786999,0.0264746453394097,0.0381580298875479,-0.0089917738461575,0.0079102692795076,0.0167733454119471,-0.0154889406776096,0.0186992199030713,0.0072620863023302,0.0210101835538558,0.0405935082762922,0.0138119139116394
2021-02-24,0.0536707177588839,0.0493278670288497,0.036936500195833,0.0314960420035306,0.0666176032616547,0.0392903399493249,0.0635148236559315,0.0281229968144607,0.0157787657838333,0.0805832271393673,0.0201101292964487,0.0602019697773339,0.0309984841656221,0.0029362277583915,0.0299727979240462
2021-02-25,-0.0326763512102969,-0.0299982012839414,-0.009292239846122,-0.041311405418311,-0.0245957377774883,-0.0642278366146729,-0.0107768748736837,-0.0273537280088055,-0.0278904441910974,-0.0500710378255562,-0.029914247875996,-0.0306019074392338,-0.0001280572347948,-0.0192388696364202,-0.0165783207337171
2021-02-26,-0.0198708796366214,-0.0192342296020305,-0.0229604699780477,0.0088993058225028,-0.0854228627908039,0.0031857109825177,-0.0090786473197913,-0.0385871912797086,-0.0081714964170256,-0.0052337646099778,-0.018785279922972,-0.0210453978267994,-0.0149712694778165,-0.026012702503021,-0.0249283584866437
2021-03-01,-0.0106436835235084,0.0115364396875723,0.0204998677279799,0.0399256652312454,0.006505848944345,0.0632219095611008,0.0540542809144997,0.0231293087249457,0.0270963704232272,0.038707309610489,0.0198675810268016,0.0290221369453445,0.0106522676224616,0.0328370032191398,0.0373370319288004
2021-03-02,-0.0010246492739663,-0.0062727170262325,0.0038217192075737,0.0035716966581207,-0.0078487978503024,-0.0359762523943342,-0.0298282646409288,0.0033243626676557,-0.0012475753968552,0.0065123554094255,-0.0286896653576165,-0.0201951926143432,-0.015038678430322,0.0055107992101912,-0.0058515520607679
2021-03-03,0.0210257710185521,0.0263963957348385,0.0112260984077352,0.0093415148620878,0.0390877439906034,0.0542416339844447,0.0,0.0053015274713184,0.0007136909625786,0.0301942086541906,0.0190832301473131,0.0081734803684434,0.0117449374965787,0.0008434497376079,0.0080258624389304
2021-03-04,0.0537415257226014,0.0365264410489101,0.0087846223361165,0.0409870503946194,0.0662787225380034,0.0916172685968472,-0.0089767719680468,0.0342781167682788,0.0078474055786075,0.0432656601786116,0.0067990046009787,0.0074020050684506,-0.0149623061541538,0.0155854037325378,0.0387474363314399
2021-03-05,0.1081984512906106,0.0489032165246632,0.0430622338000663,0.0842506973053769,0.0440993741086426,0.0493480248392712,0.0797104946912063,0.0114724063366129,0.0143337751044958,0.044481671717768,0.0348298666264386,0.0171450401017756,0.034830659577115,0.0062214404390035,0.0378130474617708
2021-03-08,-0.0034408675435425,0.0075418261153399,0.006880563487404,-0.0406089595064262,0.0001339476979331,-0.0129004286134071,0.0218119407314791,0.0220540602530665,-0.0027911238680686,-0.0467497865282652,0.0128219956071642,0.0220159280865308,0.0193595918198659,-0.005770890866799,-0.0009848608190664
2021-03-09,-0.0677598671691942,-0.0149709028512325,-0.0022776158966714,-0.0301180691204222,-0.0131383766904404,-0.0373054372269666,-0.0365352621187645,-0.0339087179280973,-0.0225685707383239,-0.0372984831931408,-0.0347009668108492,-0.0121171029839385,-0.0494041255241967,-0.023217241480538,-0.0154427486569792
2021-03-10,0.0013885052250803,0.0262519186577008,0.0170776173788134,0.0029373656004301,0.0203773447494228,-0.0011108127458352,0.0285469751405387,0.0363754064473886,0.0413460891934833,0.0247818224669569,0.0355971347487094,0.0204429286648357,0.0625489525176707,0.0356535888817723,0.030702431736332
2021-03-11,0.0120205245935307,0.0069003316393807,-0.001616293572019,0.0309623877765639,0.0026628167033049,0.0383003045414869,-0.0124273117856352,-0.0024631347290409,-0.003093861197664,0.0551771236109788,-0.0080279941226147,-0.0183640099426292,0.0136414646736482,-0.0037513872888322,-0.0074469868575184
2021-03-12,-0.0301506664038148,-0.0106969168997077,0.0033277073028239,-0.003697564940439,-0.0041161354202708,-0.0241552731085717,0.00755030413274,0.0092592843074648,-0.0043103942655016,-0.0112976352391495,0.0106006840865511,-0.0132654805735603,-0.0007273240343378,0.00125527291008,0.0107650269677361
2021-03-15,0.0141309236147875,-0.0174017444880396,-0.0117428152596501,0.0148452525952615,-0.0085334165752416,0.0278014082523194,-0.0020817553674904,-0.0012232816586112,0.0019048169734401,-0.0434214283266138,-0.0092488336388503,0.0037920617974138,-0.0071585388406428,-0.0108652233206966,-0.025496204404773
2021-03-16,-0.0362285424966665,-0.0271665268154474,-0.0236735211542271,-0.0446970959241017,-0.0498923086387526,-0.0261002714743024,-0.0458903875934866,-0.0251071593622809,-0.0285169562595773,-0.0385664997279651,-0.0331283046682261,-0.0364011397275908,-0.0306735330957191,-0.0190111323504549,-0.0211955513962818
2021-03-17,0.0115662895611656,0.0044186450126273,0.0036235151660115,0.0072306289509647,0.0359517460747678,-0.0082836590115848,0.0209880426264639,0.0188441103390808,0.0,0.0308839857758582,0.0062405617663148,0.0089094792792632,-0.0022693605870371,0.0068904961471716,0.0043986855344158
2021-03-18,-0.0833731298466216,-0.0607075193052817,-0.0361936560994011,-0.0557430247893254,-0.0586144317313542,-0.0766489528965597,-0.0505354622187652,-0.0283598698111463,-0.0597760089802473,-0.0833333802213037,-0.0478589525523354,-0.0374426433841795,-0.0687388961694154,-0.0265183932128372,-0.0431194724475865
2021-03-19,0.0124741555633236,-0.0146122631404871,-0.0071075165275754,0.0152059025785369,0.0171258463350121,0.0085137797303487,-0.0171401687184098,0.0101522074596245,0.01721854664225,0.0555972602760745,0.0109377998931259,-0.007339527964261,0.0,0.008348013870862,-0.0056327254981426
2021-03-22,-0.031827523728603,-0.0068438185179863,-0.0081251705156207,-0.0162996770378026,-0.0263980726265262,-0.0065955837592935,-0.0114732448198586,-0.008794096279635,-0.007626627418639,-0.0227758244571379,-0.020422957795278,0.0221811477782511,-0.0192669912042171,0.0017427312483773,-0.0102672453979467
2021-03-23,-0.0312829380103399,-0.0101453969325456,-0.0055586537492045,-0.0264219340627714,0.0208119390245529,-0.0422252183336964,-0.0338904731856766,-0.0063370174906942,-0.0170570940324742,-0.0316823682666971,-0.0198559809570354,-0.0354429479678541,-0.0304373529378445,0.0008700085285611,-0.0123413114618478
2021-03-24,0.0169675249667977,0.0290077410626961,0.0267719844058713,0.0275987718922261,0.0414928360829547,0.031332222482306,0.0235463900905663,0.0325254672674208,0.0139209911473079,0.0176758245919612,0.0386174211394967,0.0281218048775797,0.0242579775107809,0.0208605735012723,0.0202824927969464
2021-03-25,-0.0129172013722561,0.0067654465265118,0.0035343477839873,0.0004477565372786,0.0068930978075683,-0.0079309347260465,-0.0046946962199657,0.0105003750219236,0.0133534498620055,-0.0133038626194149,0.0049977805270555,-0.0007297216980326,0.0089163422641633,0.01915691223739,-0.0028399818390066
2021-03-26,0.0245365539390745,0.0274407286098807,0.0229371815386565,0.0174496023805961,0.025191693963497,0.0269646242906844,0.0278301612248972,0.0268948015716379,0.0211579266248689,0.0397006012117866,0.022683229460952,0.0332117256283091,0.0095277576945247,0.0258982880856384,0.0272337452582853
2021-03-29,-0.0441728507335067,-0.0218020247342396,-0.0052103545039672,-0.0391380517961076,-0.0165600115658146,-0.0204511053919985,-0.0252410035471631,-0.0029762498454025,-0.0270811291965789,-0.0273778163375758,-0.0211123250588199,-0.0215471253112501,-0.0170978151324862,-0.0211729301190924,-0.005371526528848
2021-03-30,-0.0072379849629296,-0.0076153965304258,-0.0092591979685242,0.0068649295390834,-0.0051601581820812,0.0032326376432152,0.012240829002786,-0.0077611800176374,0.001307634419563,0.0122222659287656,-0.0026658377285583,-0.0173285802378795,-0.0011131906825551,-0.0149746448342836,-0.0123694581015619
2021-03-31,0.0039261946062927,-0.0086093886495203,-0.0107617984550212,-0.0068181236009741,-0.0099642234114899,-0.0132920390446649,-0.0018602733048189,0.0018051522843249,-0.0020522169524038,-0.0259786749203276,-0.0093549169422517,-0.0011022720858151,-0.0025078049062761,0.0004219689905731,-0.0151701033515936
2021-04-01,0.0530724515275986,0.0198225498969264,0.0091609991314789,0.0755149036515108,0.0387422821449787,0.1051842764030948,0.0214354141035788,0.0114112823407726,0.0431855065030284,0.0285498138249102,0.0198677124038308,0.0334683167958091,0.0516760061182997,0.0088647009527442,0.0279418872473469
2021-04-05,-0.0694960233810694,-0.0335059905731783,-0.0117256789837395,-0.0442551267854979,-0.0471196163680815,-0.0716568845219547,-0.0273724032940555,-0.0106887286561442,-0.03297485325272,-0.0756025199149127,-0.0132277598534347,-0.0195730297874061,-0.0090303705806554,-0.0062761608549992,-0.0155076296190129
2021-04-06,0.0182441799213528,0.0070864752860613,-0.0088986471380477,0.014247359426659,0.0071039862136208,0.0007953309572841,-0.0028140174173095,0.0024010391453557,-0.0051888567054144,0.0015802079399356,-0.0147452902631017,-0.0039927097539774,-0.0058966118038046,0.0008419631567582,-0.0028320218070402
2021-04-07,0.0089585221849639,-0.0038034995503483,0.0058889897092726,-0.0114135522587315,0.0138313391562943,0.0112642128843276,0.0075255850909312,0.0137723269295617,0.0057750477987079,-0.0019725060914681,-0.0105131893729029,-0.0032799146871721,0.0031005678197333,0.0147244688113084,0.0044372950490021
2021-04-08,-0.0260819679824918,-0.0217640553379536,-0.0112292117208849,-0.0079930020348537,-0.0151432819257834,-0.0145459747949453,-0.0032678080524152,-0.0059065640510193,-0.0116689205034506,-0.0225292521114639,-0.0197498301787067,-0.0106034790319043,-0.0205619690377817,-0.0182418721801408,-0.010426138020522
2021-04-09,-0.0165245327613906,-0.0001952520972674,-0.0009707106444883,-0.0134286024707487,-0.0058180865573277,-0.0053192045533542,-0.0131149726407522,-0.0178251296916136,-0.0099327379454154,-0.0056611018092318,0.0077784946811712,-0.0110860826097439,-0.0245604518690301,-0.0033786301539965,-0.0023211090763265
2021-04-12,-0.0005792788381413,-0.0072223075431956,-0.0110766307401314,-0.0072594872211246,-0.0232684511791402,-0.0122992951007706,-0.0023727224413571,-0.0018150580811567,-0.0117355200769545,-0.0146402822304739,-0.0178412229256018,-0.0082214003492712,-0.0111127777156823,-0.0063559433480122,-0.0066226536214567
2021-04-13,0.0017391018263825,-0.0013761580526435,0.0045196139990102,-0.0086839696132796,0.0042794056311303,0.0254465270235064,-0.0161752464368016,-0.0006061195024867,0.0068951790708742,0.0024762164868679,0.0,-0.0188394079551645,-0.0002846196092108,0.0106612072272869,0.00378367111753
2021-04-14,0.0497686886790271,0.0374089151709664,0.0198550318594079,0.0368833838627575,0.0528408586800228,0.0604539724793493,0.0473886092017301,0.0097028557108629,0.02472890023714,0.0518734450461613,0.0228030231294371,0.048771136164176,0.0284577621800647,-0.0021099133059084,0.0288999781428735
2021-04-15,-0.0038589136605334,-0.0149934942571962,-0.0081517611517105,-0.0053355931950058,-0.0118985186051092,-0.0156831645112364,-0.0267773750934572,0.0042038388450253,0.0,-0.0270060117280016,-0.0046603870871566,-0.0238007261975914,-0.0123133019849669,0.0080338612802386,-0.0059320059206533
2021-04-16,-0.014942138080729,-0.015606724585934,-0.0044480359024136,-0.0219042348113641,-0.0318549990016319,-0.0194736615017636,-0.0185010069039859,-0.0107651362010247,0.0072397789042113,-0.0193082075944104,-0.0041757863635372,-0.0138785640276508,0.0155482214136239,-0.0092281629074002,-0.0056159216674521
2021-04-19,0.0151687922693355,-0.0039147863783793,0.0029139225657752,0.0068554028065963,0.0110621708046376,0.0016762529076304,-0.0009666015492446,0.0048366059625757,-0.0152966775277292,0.0065627848096387,-0.0095313554883259,0.0091287347253239,-0.0227584336637094,0.0029634509095226,-0.0031767501023511
2021-04-20,-0.0592143780121565,-0.0440167284763746,-0.018690728353591,-0.0481162628770149,-0.038153910341208,-0.0437748785392884,-0.0416062168051191,-0.0042118151854751,-0.0258283566130026,-0.054604650055651,-0.0323325397894179,-0.0482470985817651,-0.0306282005192111,-0.0101307932301362,-0.0210692754694004
2021-04-21,0.0097201573919933,0.0285716974973737,0.0138163230652961,0.0095375887762012,0.0056876080116221,0.0133297504499938,-0.0358404706234392,0.0084593370895946,0.0242075221647368,0.0538793069296297,0.0212146528234569,0.0190098840631594,0.0235877951521603,0.0046908190736862,0.0128410826586324
2021-04-22,0.0274213282140216,-0.0115906486165565,-0.0173271659097036,-0.0080304419142342,-0.0088457298495547,0.0002656880027556,0.0062828439773985,-0.0197723105172239,-0.0234476994313734,-0.0143148741017335,-0.0268762362474217,-0.0186552499249175,-0.02588912719256,-0.013582119128802,-0.0130354121074198
2021-04-23,0.0323678601992529,0.0052567273176158,0.0059436929455785,0.0209525329521771,0.0103876693752411,0.0112909564227889,-0.0083247852909289,0.0256722676165197,0.0180560232567772,0.0228215978627093,0.0205471785535868,0.0182177879282992,0.024824751391431,0.0159208089454745,0.0054279065138351
2021-04-26,0.0258526107752714,0.0106596054130077,-0.00029554172761,0.0200559816560932,0.0111498037504365,0.0174706039321033,0.019412389705339,0.0077473809054691,0.0050944863137567,0.0101419367368917,0.0001307929991165,0.0256711621241492,0.0048447865372462,0.0152475734436352,0.0019794261332268
2021-04-27,0.0203755043055282,0.0208956226786758,0.0116232731887959,0.0123456176204965,0.0264929924331391,0.0240121225819878,-0.0056617102945695,0.0053222785883246,0.0116385015723061,0.0076305234060354,0.0209150249202432,-0.0072052695472617,0.0184345159400578,-0.0012516072871673,0.0131104930944812
2021-04-28,0.0767209335729626,0.0339181670403794,0.0245374639982811,0.0853657692488889,0.0460377944127368,0.0549673050612224,0.0424436461502992,0.0258823686405136,0.0287624005181075,0.0402547929776528,0.0256079005902101,0.0450724735871588,0.0320246438268554,0.0204679953142918,0.0301366011332886
2021-04-29,0.0092726748384988,0.0016967607627496,0.0159667129421199,0.0016645512202047,0.0126700530520593,0.007887193620814,0.0109231876219459,0.0069890867810069,0.0108224310382256,-0.0061302174088094,0.0127341391352568,0.0168128347792888,0.0099836751959565,0.0061402012451581,0.0142834746379223
2021-04-30,-0.0328818719269523,-0.037455379533075,-0.0358281178663187,-0.0286662292881433,-0.0301594279147463,-0.0309462641614848,-0.0392927046786916,-0.0138810101618759,-0.0069592834165591,-0.0223590550665281,-0.0025883274683814,-0.0276779466112155,-0.0120224512298288,-0.0089505375402767,-0.0288432165244025
2021-05-03,0.0229999479983591,0.0312866813562431,0.0238674794561681,0.0102650742211625,0.0316402506499655,0.0267955900001037,0.0562375962677923,0.0123167054150856,0.0271341880268425,0.0307570856603069,0.037448716775188,0.0432532539681536,0.0566521268097197,0.0168307776152005,0.0276032367187333
2021-05-04,-0.0136853461969961,-0.0032232141580769,0.0054960486869271,-0.0071970616959917,-0.0126360344717871,-0.0562440446513444,0.014520276466422,-0.0052143537434872,0.0024491070727674,-0.0107117153629233,-0.0108411712418056,0.0060241118959663,0.0001280736355504,-0.0076703071955427,0.0062904284487341
2021-05-05,0.039147480946428,0.0545934897366431,0.0268589048516527,0.075905898760936,0.022663178702438,0.049495088674619,0.0496187259776306,0.0198022524127186,0.0361255551699983,0.0460170674093798,0.0236060637190962,0.0686861601997348,0.0243091025400163,0.013832126767229,0.0300726183431274
2021-05-06,0.0219362690422277,0.0046899657642678,0.0005507103847968,0.0015855770775614,0.0035199115995974,-0.0104668259648099,0.0077271665820111,0.0079953258050695,0.0015158876361014,-0.0147872679480104,0.0072947388007371,0.012854487321849,0.0049961551774715,0.0020064239558874,0.0095128213968185
2021-05-07,0.0074661984400603,0.025134549426024,0.0091726064565211,0.0375937577178795,0.0795011289512575,0.0238295041999376,0.0351826961039571,0.0107646085158326,0.0090818516892186,0.0277674506187444,0.0050227250281977,0.0377478876963361,0.0003727351196192,0.0132157254743006,0.0142971972102317
2021-05-10,0.0138955565674872,-0.0017511677894646,-0.0040901859443334,-0.008009010407726,0.0174488988164844,-0.0172184234210578,-0.0091504120446948,0.0229822763758633,-0.0031667577683213,-0.0277475774083937,-0.005229957054718,-0.0081528660713059,-0.0105602276588032,0.0094863950149932,0.0024029946059538
2021-05-11,-0.0388307230621947,-0.0224560216766841,-0.0261933612643062,-0.0103806668987883,-0.028503403093641,-0.0357662814643384,-0.0057166014387547,-0.0153426136227728,-0.0195620018547674,-0.078858442322921,-0.0229000051196174,-0.0116977006127244,-0.0244852823510098,0.0043068619865604,-0.0317993902968612
2021-05-12,0.0042775964595413,-0.0005384942002091,0.0062793456372198,-0.0062158763922873,-0.0094964998447215,0.0010074253278073,0.0008844263974643,0.0072342669364913,0.0056278690068296,0.0240523364292997,0.0204471084324939,0.0268712888316948,0.0293475461454568,-0.0144247481498247,0.0053582752085372
2021-05-13,-0.0345481830996595,-0.0184585336228998,-0.006426420359598,-0.0324472913292427,-0.0218780672652207,-0.0412682979560123,-0.0114891482965662,-0.0044198226462118,-0.0032222906451158,-0.0561306738791683,-0.011600612423687,-0.0105917937930908,-0.0183818789182933,0.0039555095684238,-0.0123252350181681
2021-05-14,0.056862810886795,0.0420356502118071,0.0261530959685289,0.0658585794833164,0.0379492195598942,0.0328086394383042,0.0308448198727506,0.0188677610971845,0.0221164140063816,0.0586250974810793,0.0397155248105478,0.0330604498412572,0.0476007774628544,0.0197003930526113,0.0247896199842088
2021-05-17,0.027829475518291,0.0314930347694719,0.0122407331963816,0.0307050222094964,0.0302665204236347,0.0210925672069337,0.0312232286053542,0.0239652306065603,0.0239682281105639,0.0513943844451667,0.0114026747201938,0.037793182398905,0.0050483710442579,0.025115965930029,0.0233665715816469
2021-05-18,-0.0221118095888508,-0.0173238642715325,-0.0300538866384216,-0.0349391089087309,-0.0250296229756862,-0.0044799063872681,-0.0206058258475877,-0.0047871532223154,-0.0100098987970622,-0.0197044010909834,-0.0218712959046566,-0.0287810678428324,-0.0249937458628606,-0.0075387408151271,-0.028300441358525
2021-05-19,-0.0392247389627095,-0.0298480296001598,-0.0280653171421236,-0.036585441669166,-0.0292877964699229,-0.0260000535792732,-0.0322024727393506,-0.0128275770014768,-0.012928873704075,-0.0309239013811695,-0.011871875091056,-0.0323556843500878,-0.0289018469780407,-0.0113934992285198,-0.0239946763508416
2021-05-20,-0.0091260211523364,-0.0034188038422793,0.0034880634674103,-0.0007911714960033,-0.0002484596448474,-0.0178387853410328,-0.0070982233784682,0.01245286008219,0.002014977080178,-0.0047864957469258,-0.0073488504370015,-0.0071876202077189,-0.0037524322944164,0.011909148139434,-0.0023737996731194
2021-05-21,0.0126031890275837,0.0046938324001792,0.0054075132218072,0.0035627971994305,-0.0055882194141564,-0.0028747183149029,0.0035743432878003,0.0010694176149415,-0.0013408092205174,0.0068136453985216,0.0010688775212692,0.005665844143579,0.0027275538326045,0.0018983493177142,0.0013597405898211
2021-05-24,-0.0004789257765044,0.008086738209541,0.0142141934125608,0.0236688282880874,0.0008742523112807,0.0129735587221668,0.0022260665324818,0.0058760897047462,0.0191308830229874,0.0127384997904302,0.0144738434295315,-0.0078247930211616,0.0143784557575263,0.0045471475314997,0.0117106725989337
2021-05-25,-0.0450192013326944,-0.0217471213700563,-0.0163822920749862,-0.0057805824624995,-0.0182181972713451,-0.0235443554622434,-0.0253220066841909,-0.0154008828385618,-0.0118555925299888,-0.0322325883937665,-0.0266634685325048,-0.0145110150220811,-0.0125146824534744,-0.0215012276394247,-0.0226470886483566
2021-05-26,0.0270812123197938,0.0098396189364931,0.0024067382120493,0.0236435180909599,0.0116929507830605,0.0372282094712059,0.0154965959398465,-0.0102479990724144,0.0131644664764505,0.0272138183789278,0.0016820513368478,0.0099232852741861,0.0227596409284713,0.0030838948135127,0.0116719449276183
2021-05-27,0.017089953055148,0.0019849395362803,-0.0106605769998621,0.0090876513528388,0.0091708328259432,0.0134115767163311,0.0107721074921882,-0.004904824957741,0.0098681780125637,0.0308421378735104,0.0124743037853718,-0.0066560738816275,0.0214944271126651,0.0107607284070245,-0.0064473969755206
2021-05-28,-0.0014402760721174,0.0037817503168677,0.0075719920313936,-0.0033769699571077,0.0001244015014378,0.0092010985237436,-0.0031083769830942,0.0043812337005917,0.0065146627787116,-0.0042193980434095,-0.00225074714862,-0.000319121929193,-0.0048271378075434,0.0015211191216288,-0.0032443420413037
2021-06-01,0.1086540887034557,0.0453892042998358,0.0275555345164493,0.1370478906059518,0.0529001777642836,0.0816785065687355,0.0417317142207864,0.0092693453924403,0.0113269562449107,0.0966872027899292,0.0312276808622202,0.0552796035567806,0.0221391490964084,0.0208810107772123,0.035805740830143
2021-06-02,0.0199478194986004,0.0123564436542671,0.0134083388320276,0.0198675426227332,0.008038868795722,-0.0019628532728035,0.0432735839949693,0.0140465735973531,0.0076801013713565,0.026694845216457,0.0318943047423432,0.0768297260337105,0.0268920315879404,0.0148753504705785,0.0079392312165815
2021-06-03,-0.0110544882136764,0.0081370836867593,-0.0045335751986099,0.0120130764596682,0.0180604061365146,0.0009254864892795,0.0143736391471085,0.0,0.0044458513753067,0.0017105348754513,-0.0045748218065713,0.0298925731992854,-0.0126789323141853,0.0120919504141372,0.0039384238702377
2021-06-04,0.0068789800154165,0.006389425735795,0.0079932266715001,0.0157200915908406,0.007487828751735,-0.0080907383257694,0.0008094113906009,0.0005325456228393,0.006481068000594,-0.0047813887937695,0.0254454384788189,-0.0027379085516628,-0.000960401570821,0.0119481870965501,0.004413062399218
2021-06-07,0.0,-0.0006682445643204,-0.0064545891348126,-0.0233732049497263,-0.0049167735978704,0.0159636236059812,-0.0169900024763403,-0.000532262168951,-0.0051828276302927,0.0006863972645601,0.0101661651382836,-0.0162002065848361,-0.0066070595345198,0.0100177663206297,-0.0065091866749286
2021-06-08,-0.011955970147271,0.0110349430783531,0.0090951827301226,-0.002263919214192,0.0041365054716786,0.0280997135940741,0.0045265967016698,0.0015981101222137,0.0118406694431389,0.001028574478423,0.0016230244514296,0.0019538478446188,0.0068932332246629,-0.0021252125902397,0.0176902913364704
2021-06-09,-0.0129643046335482,-0.0130642191027809,-0.0087373899321061,-0.0298217323520011,-0.0180797941133998,-0.015172147493031,-0.0061449417652443,0.0015957627406375,-0.0074894328616263,-0.0284440101916311,-0.0011881224982219,-0.0038999569556881,-0.0159740976767079,-0.0014200562509564,0.0083695880064473
2021-06-10,-0.0070053781618897,0.0082104273758125,0.0058454704135302,-0.0180421736097163,0.0041952011025814,-0.0146123746177585,-0.0144269649007873,0.0090282710516562,-0.0026725358499718,-0.0007054267518565,-0.0087617414179014,-0.0229305424425683,0.0001218525916668,-0.0003609272030339,0.001596182478303
2021-06-11,-0.002204557542293,-0.0033239104002635,-0.0046122458264273,0.0082618293208445,-0.0084717768381941,0.003218723056712,0.0050185958898911,0.0073680581408566,-0.0040982649415655,0.0,-0.0073110977109477,-0.0014308588393912,-0.0079326847007846,0.0028871616914423,-0.0092432811750983
2021-06-14,-0.0092795205268454,0.0056694772591809,0.0005561741592134,-0.0105839153346828,-0.0067878996628613,-0.0095105484470965,-0.0178942801195326,-0.0156734990038974,-0.0030072364823309,-0.0017648478600679,0.0051665198029728,-0.0240755332474206,0.0081192607630524,-0.0097156547620742,-0.0016082097370315
2021-06-15,0.0196251601547159,0.0142593473254886,0.0215798484935332,0.0213941814644795,0.0087198513619553,0.0510178266953045,0.0250000933363367,0.0100845431453207,0.010795226420647,0.0325316807269751,0.0072176710048137,0.0041112855723499,0.0042709662383095,0.0083573840701027,0.0364105679141348
2021-06-16,-0.0126859274436031,-0.0006533742865254,-0.0057117486604442,-0.0182434790302542,-0.0103974513329002,-0.0052832683593444,-0.0037206180274185,-0.009458724043173,-0.0061252583194942,0.0458904971169853,-0.0147664307019124,-0.0043872375910908,-0.0102065068319836,-0.0100899380508973,-0.0035755163206094
2021-06-17,-0.0638014615340534,-0.0346803835835467,-0.0237071013525709,-0.0505848731727416,-0.0387201544189584,-0.0385084246196782,-0.0572615128615322,-0.0286470028562179,-0.0366623787646758,-0.0759658471782031,-0.044963544934193,-0.0461219811832847,-0.0353552499785666,-0.0196577525407297,-0.0329173635788732
2021-06-18,-0.0227167100730643,-0.0250804243158984,-0.0377326722075033,-0.0304460137797367,-0.026034371549981,-0.0081711005692889,-0.0321301838689533,-0.03549993904522,-0.0342848349684374,-0.0081502477690081,-0.0287332754646951,-0.0363414902433175,-0.0325784109734949,-0.0323062260621715,-0.0256491582516144
2021-06-21,0.0731237712818186,0.0507559959558525,0.0293121206060271,0.069159014561148,0.0716176532414416,0.061731296798374,0.0618464625310908,0.0356740303423774,0.0370309972304356,0.0539476051095004,0.0377808771421219,0.0584850453654852,0.0520921391454693,0.0264775505973786,0.0362581369784775
2021-06-22,-0.0094764325186765,0.005624459318013,0.003300063043321,-0.0020978062215782,-0.0004705536527798,-0.0018582640932178,0.0059957935289345,-0.0049206381364338,0.0047499293990427,0.0172881448370676,0.0070979947928735,-0.003019231308079,0.0125030217452697,-0.0007476713954626,0.0191725540182787
2021-06-23,-0.0022778748083083,-0.0004933957823154,-0.001221820168389,0.0196214555489289,0.0088284818750976,0.006350730879693,0.0008512837934748,-0.0060439768465407,0.003423449940479,0.0316562326531137,0.0032964656008342,-0.0042395956185129,-0.001605233319458,0.0,0.0073678859215706
2021-06-24,0.0164382644202911,0.0103686923127475,0.0081867582725787,0.0219931301482121,0.0045507501432617,0.0254597002091307,0.0123352575923521,0.0082918261504931,0.0128350900434495,0.0251938631192438,0.016202294244781,0.0115570142020373,0.0108842587186319,0.0014965513899432,0.0040459386552547
2021-06-25,-0.0026956026565277,-0.0013034856184828,0.001493466843184,0.0006725463886139,0.0181206527799357,0.02185660834193,0.0058822513154721,0.0027412123935555,0.0033686726501211,0.0368621604030783,0.0039022499807366,0.0027061257853802,0.0044047243725429,0.000373466763474,0.0021699740020779
2021-06-28,-0.05270247314154,-0.0280539202769226,-0.0308480130408407,-0.0453628812957539,-0.0533944166552111,-0.039870886264651,-0.0513782772257619,-0.017495980009114,-0.0327737246682952,-0.0507446519100133,-0.0513108148734682,-0.039880165799577,-0.0532345106923344,-0.0201642443233956,-0.0255181653490566
2021-06-29,0.0,-0.0090618939177289,-0.0022117929642577,-0.0137275346565772,-0.0079546464884755,0.0016218719612333,-0.001761505999411,-0.0066776599258275,-0.0069420353750148,0.0019205692403574,-0.0036289139666173,-0.0043723318970503,-0.010293000134498,-0.0038109239111456,-0.0061894873622267
2021-06-30,0.0285305121881578,0.0313294109033273,0.0094446559081231,0.0417558954656556,0.0137291935497652,0.0137120371852133,0.019850130391205,0.021288492345999,0.0056588335166849,-0.0009582481684022,0.0083421463156798,0.0040777329740877,0.0150804452109378,0.0156845698794043,0.0073460167540939
2021-07-01,0.0134073179692746,0.0325121583056577,0.0140349747207537,0.0263788609554691,0.0305601593719424,0.060815890244209,0.0294117486934291,0.0109708641153047,0.0140684049620285,0.0508473580262649,0.0147982830023603,0.0331146982862948,-0.0034580319198852,0.0094162050445865,0.0028533528633452
2021-07-02,-0.020529238151085,-0.002067324880291,-0.0013183036574897,-0.024365929612599,-0.0025582921964081,-0.015461950477885,-0.0008402838401773,0.0075962810357514,-0.0032642771794991,-0.0085209412584004,0.009300884358937,-0.0084668853823099,0.0033419589671255,0.0052241147744316,-0.0014227266152578
2021-07-06,-0.0433162816107408,-0.0393628111662741,-0.0196094971896846,-0.0475538023893413,-0.0239012131049971,-0.0702632974577363,-0.0651808667733585,-0.0070005263224791,-0.0343867011928662,-0.0635360945873394,-0.039248992266428,-0.049405214441654,-0.0431668621665585,-0.0193023522927708,-0.0284944886394431
2021-07-07,-0.0238556734515115,-0.0210680469806848,-0.0101933463038307,-0.0111348993934675,-0.0314141184868655,-0.034879701834421,-0.0274403395281255,-0.0075921617053436,-0.0172969285619599,-0.0337596540163297,-0.0226170315321629,-0.0157203049033065,-0.0319945835112766,-0.0052989809142265,-0.0156427890117845
2021-07-08,-0.0009974267962549,0.0033890951775432,-0.0032061311854478,0.0083544940048165,-0.0147983973310279,0.0022729589873704,-0.0004627484580307,-0.0071038818244253,-0.0086281135244533,0.00610603838667,-0.0212021927350443,-0.0048891667686514,-0.028350221457895,-0.0015219947176058,-0.0044693893840831
2021-07-09,0.026959186714355,0.01553808000857,0.0143275259860862,0.0320602808014898,0.0337965438408425,0.0139471581153201,0.0356320125160105,0.027518011085593,0.0214098217256353,0.0195550698945075,0.0236419975555215,0.0216181115877673,0.0290353153970337,0.0175303962523523,0.0181243896465643
2021-07-12,-0.0077782408904901,-0.0054879172774593,0.0020178911938468,0.0017452916266591,0.0085968866758439,0.0045853156425152,0.001787011043117,-0.0080343693334433,-0.0059643460390836,-0.0082672929804237,-0.0036276228965914,0.0009616805907444,-0.0085753759349639,-0.0074907154387885,-0.0009801309830587
2021-07-13,-0.0117590965101077,-0.0056861305952676,-0.0033562583726378,0.0094075759609726,-0.0068427868770385,0.0023377741012422,-0.0147189753084004,-0.0129589721624592,-0.0159439423474511,0.0030011339523412,-0.0091021885681251,-0.0195385668254246,-0.0168810147540454,-0.0113206030594693,-0.0047407908288135
2021-07-14,-0.0560234882155119,-0.0301041415077744,-0.0188591403747009,-0.0576459091368314,-0.037108767544648,-0.0606398365594922,-0.0289723892631739,-0.0191464307018763,-0.0397213442394945,-0.0748006622080524,-0.0380893954681755,-0.0346293886484563,-0.0397329168489875,-0.0229007277161088,-0.0221745028461091
2021-07-15,-0.0299371011924979,-0.0102304332528435,-0.0065703879530131,-0.0238093341753771,-0.0262884761129356,-0.0335778432405365,-0.0354311849117897,-0.0039041618607486,-0.0157837724981405,-0.0215595479176997,-0.017443138738788,-0.0277495178281146,-0.0128565087719521,-0.0015626099493381,-0.009743252506969
2021-07-16,-0.0265294444136293,-0.0276805335215947,-0.0264559335155252,-0.0326454684597405,-0.0299253392942193,-0.0413503182230509,-0.0304494741800812,-0.0123182141857841,-0.0182488068332119,-0.0473740837191682,-0.0348581371146949,-0.0299336134734562,-0.0287427021341386,-0.0109546378834841,-0.0276505032743831
2021-07-19,-0.0428254161282685,-0.0324323841553483,-0.0269723342152041,-0.0329713057971788,-0.0483022241916999,-0.0659777212363235,-0.0348955480300859,-0.0260770102332608,-0.0446863634187587,-0.043176592366677,-0.0527658296773835,-0.0437750673375627,-0.0456225732544176,-0.0221519422729846,-0.0343683924198815
2021-07-20,0.0203370756773892,0.0143390175223034,0.0059396640255688,0.0160450750491336,0.0164915738356348,0.0236370908642369,0.0366737187214065,0.0168800865103786,0.0243709727539964,0.0221597123136614,0.0082208388929745,0.0221391179766581,0.0104974102827768,0.012540682745276,0.011020685345457
2021-07-21,0.0504704622096079,0.0468146838925667,0.0340830585641553,0.0398733840249907,0.0376225849283597,0.0589962681034197,0.0348780594880715,0.0217516984899961,0.0376056576856256,0.0713441322101213,0.0369749511290542,0.0436857362471692,0.0373980650039016,0.0099878302607432,0.0321658564315014
2021-07-22,-0.0092293822985702,-0.0061384290158269,-0.0100182097638333,-0.0132875411134287,-0.0066049052453062,-0.0084448684103426,-0.0105922477513316,-0.0212886345304267,-0.0127588884190983,-0.0062547259373262,-0.0196584312867988,-0.0158283861749789,-0.0220304372250675,-0.0007910526883598,-0.0112533974050383
2021-07-23,-0.0021915269025644,-0.0160028819312049,0.0004049212803391,-0.0142360630009191,-0.0161464883737575,-0.0054659879816973,-0.0214111870974472,-0.0057239209119746,0.0007493415128179,-0.0159201324976887,-0.001936132792382,0.0153681791110493,0.0036232170253269,-0.0043549464123469,-0.0012256826818227
2021-07-26,0.034596410751331,0.0276475503395807,0.0211407601869357,0.0402027396863164,0.0228935367929461,0.0256905579805932,0.0288413511832013,0.0264824184885623,0.0230205845694646,0.0203160872568346,0.0297906569698547,0.036958725387584,0.0287239678759874,0.0174952167030697,0.0252453443347087
2021-07-27,-0.0148619187287738,-0.0094953439536271,-0.0033678529761784,-0.026641532390251,-0.0194149533769397,-0.0211839060547628,-0.0024167295479382,-0.0044868936131567,-0.0058543444029385,-0.0317108949666805,0.0029603701550262,-0.0095042647304687,0.0006101962112006,-0.0125049222659266,-0.0111146889549593
2021-07-28,0.0258620524737782,0.0069234039711045,0.005665520189567,0.0200460946027158,0.0078372634555785,0.0131129368695215,0.0218023437524614,0.0011268685073424,0.0172983777965711,0.0243716633171549,0.0091224755556207,0.0047976583295816,0.0262276713832687,0.0011871909810314,0.0067435767622836
2021-07-29,0.0021008293176705,0.0063469973483576,0.0137378368787703,0.0064247754943345,0.0055934239670909,-0.0005027520281378,0.0075864605135114,0.0073156151413138,0.0117583583689648,-0.0044609372545072,-0.0058495910064839,0.0109140788793578,0.0050518671697836,0.0059288213398127,0.012195289162185
2021-07-30,-0.0172954778860591,-0.0178694872689628,-0.0074094626488375,-0.0296659029773608,-0.0115319956452567,-0.0302993397866753,-0.0268232965669082,-0.0141804990188675,-0.0126944802459333,-0.0253920686695697,-0.0180527298181855,-0.0273280268771209,-0.0099054858845925,-0.0157170697473598,-0.0230781704746216
2021-08-02,-0.0250672129548799,-0.0121299063144054,-0.0017680286299806,-0.0135447471133501,-0.0170185907125998,-0.0049265665562605,-0.0251452260437893,-0.0034522747431361,-0.0137631619854413,-0.0118773747943787,0.0006807624185838,-0.0114462799239557,-0.0085110955473122,-0.0043910723066176,0.000173686990075
2021-08-03,0.0273526520205338,0.0227517936056098,0.0095443318553987,0.0282465174311983,0.0287624968703865,0.0492507861514284,0.0104167999932569,0.0092380301131336,0.0271759993356874,0.024815734716576,0.0352476605886455,0.0140350282339882,0.0393069540801358,0.0072173003616873,0.0107676048516207
2021-08-04,-0.0548455052777567,-0.0301905968244557,-0.0224170283366031,-0.0351011745164283,-0.0399020543977307,-0.0510369832085274,-0.0574373852016973,-0.0194510434821468,-0.0278870621909088,-0.0279984191381923,-0.0582358228314958,-0.0439446095116101,-0.0565925379944084,-0.0091561462542704,-0.0233677177013967
2021-08-05,0.0174646038064867,0.0185689099058565,0.0092719451547289,0.0529852619929671,0.0,0.0446220480311458,0.0145831899259745,-0.0070010843258402,0.0388010495105526,0.0194628164429322,0.0241485913176253,0.0104958225784905,0.0238392889172107,0.0076338607156996,0.0063336045296
2021-08-06,0.0149503058275417,0.0098303356936875,0.0071125426899099,0.0142697027207956,0.0026860257553635,0.0027557045031381,0.0266942172167821,0.0058755667306524,0.0162862389019928,0.0076365299862199,0.0080414225909459,0.017908444014814,0.0120226717653786,-0.000797838891442,0.0115383799383057
2021-08-09,-0.022913259432598,-0.0185839480163468,-0.016674833108482,-0.0136986363322663,-0.0218525514132611,-0.0352279226647043,-0.0154998209489516,-0.0046730844861698,-0.0033096289301,-0.0295567249463994,-0.012844929810636,-0.0151302462700891,-0.0075189727144348,-0.0119712047099168,-0.0114067643572846
2021-08-10,0.0642100710647746,0.0185751594053444,0.0182543729271067,0.0379130120904223,-0.0093687638847722,0.0115240667976423,0.0264089731057206,0.0088031163639252,0.0220202890750988,0.0253807236100458,0.0167100448822419,0.0153626875155701,0.013636428349105,0.0088854895718846,0.0171328804179253
2021-08-11,0.0089191261617531,0.0125708368649279,0.0075432355052624,0.0126580891604486,0.0106212822472322,0.0172522521647633,0.0207817457372274,0.0029085477917452,0.0112860301848023,0.0220867178330244,0.0024248820100836,0.0197043482728485,-0.0008969006869204,0.0,0.0029218795169829
2021-08-12,-0.016120820295136,-0.0026228415635487,-0.0020419191007949,0.0167854703512562,0.0047513844353352,0.0045563986568692,-0.0092097743519864,0.0034803092042237,0.006763396269259,0.0011178606209234,0.0004034391114453,-0.0148378021544118,0.0061342344059587,0.0008004567673645,-0.0022617521196858
2021-08-13,-0.0549683621655883,-0.0187586501418679,-0.0066249837408605,-0.0161571386510998,-0.0256488294307436,-0.0469950901361295,-0.0151665775116767,-0.0052024302378741,-0.0065502823069534,-0.0401934873875988,-0.0073885889015419,-0.0070053359361417,-0.0148701031331974,-0.0067999758212847,-0.0101132567773157
2021-08-16,-0.0419463797354296,-0.0207254181171667,-0.0102002075218468,-0.0299893144510818,-0.0305882097199982,-0.0409836331218625,-0.0238448849097796,-0.0122022443937723,-0.0130176497979224,-0.0387746201306096,-0.0276087407054684,-0.0201056516738192,-0.0258111881239631,-0.008860053182538,-0.0146203468294918
2021-08-17,-0.0151775225656812,-0.0052910545369448,-0.0018824873624683,-0.0095693005487093,0.0007586022987144,-0.0090985528385308,-0.0244274590749367,-0.0147056466536455,-0.012110833603963,-0.0286406145349493,-0.0138124734716443,-0.0212384863350028,-0.0159591336221921,-0.0052826550373336,-0.0067932052346406
2021-08-18,-0.0160048197303765,-0.018158577603708,-0.027065256889286,-0.0286138599209588,-0.0092465851977749,-0.0287977739036267,-0.0140845625297932,-0.027462702470862,-0.0143607709441352,-0.0261627638311151,-0.0260110689043643,-0.0139756878189765,-0.0199968474781017,-0.0179736544745416,-0.0210580664965135
2021-08-19,-0.0361446524023065,-0.0203626385557628,-0.0249224097106638,-0.0306044380010004,-0.0168298753346674,-0.0276465985125743,-0.0396824639226109,-0.0245552331815324,-0.0364250187106778,-0.0579958679358947,-0.0275864110221881,-0.0138007130355169,-0.032133714442141,-0.0062393660775329,-0.0305203735473492
2021-08-20,0.0043748729202259,0.0062931468774429,0.00010619021733,0.0142068119617009,0.0032678036097391,0.0044196118592108,0.0033056953316299,0.0031468188789312,0.0099577781838642,-0.0063377138478155,-0.0048285121718082,0.0007563257654064,-0.0006639168194503,0.0062785401881995,0.0001896467691
2021-08-23,0.0759178140795497,0.0382795562676745,0.0257687592684132,0.0607005547416168,0.0491701510484465,0.0589617110015876,0.0549147008727197,0.0213300196236618,0.0374293214037271,0.0692481149015238,0.0432143619305196,0.0389266891105677,0.0483387871684608,0.0191345748207074,0.0411452010279664
2021-08-24,0.0352804252307623,0.0113157112194184,0.0114752317709991,0.0465880584128148,0.0119752550437226,0.027700778211082,0.0437273595658322,0.0122849672024434,0.0200634357139286,0.0387731530314718,0.0309592324034619,0.0265550668979186,0.0335921929327835,0.0057143461358992,0.0081952896124291
2021-08-25,0.0128492524634811,0.0110088281557296,0.0068478283448218,0.0248861478239765,0.0040905054500435,0.0109164573754274,0.0059852941561142,-0.0006068015008269,0.0115596066634928,0.010254091980818,0.0176232143121994,0.0081503743655606,0.0170165067386063,-0.0020291447647403,0.0018062075143421
2021-08-26,-0.0242691043055381,-0.0158870110996214,-0.0130950600856662,-0.0051298916094517,-0.0189144543212399,-0.0257298972922079,-0.0198314464343866,-0.0200363801106884,-0.0092104027702047,-0.0255785429382298,-0.0207815041982827,-0.0112480541436424,-0.0132650058994738,-0.0178933467454014,-0.0135230341375554
2021-08-27,0.059355417781693,0.0292034987322762,0.0146061500487619,0.04365754766785,0.0326262325882349,0.0488506972399975,0.0394537029402828,0.027881054710187,0.0332242638544235,0.0691666022951207,0.0273064066452188,0.0337721009703553,0.0252064001443317,0.0190476171557278,0.0193746950842597
2021-08-30,-0.0042689219521466,-0.0095168591667481,-0.0025347511078371,-0.0191039353609535,-0.0321698985122821,-0.00482713409532,-0.0189781974193546,-0.0150693010200291,-0.018160662027706,-0.0159777754207668,-0.0143230415875493,-0.027510489337484,-0.0162420681828708,-0.0020319103592925,-0.0109379436884297
2021-08-31,0.0439444599376479,-0.0119218715339686,-0.0164651150538858,-0.0077234422736987,0.0019289692035873,0.0112739435027242,-0.0067114394266473,-0.0042840034117822,0.0057696187297591,0.0174255429997307,-0.0067068619946063,-0.0040843412786036,0.0043924433165776,0.005293117774898,-0.0116022050732639
2021-09-01,-0.0220739486964386,-0.0158474813518151,-0.0109535325785633,-0.0443316813510759,-0.0171801325085141,-0.0386308411526227,-0.0145141647281167,-0.0067610461968462,-0.0340812022614562,-0.0237446694403287,-0.026445547297526,-0.0021399496542003,-0.0355902240866955,-0.0016200091089687,-0.0137566861895299
2021-09-02,0.0419945317411678,0.0356820249174083,0.0208964487686926,0.0382436093972227,0.0301386749427632,0.0324973145630966,0.0391058744387848,0.0160891759155419,0.0113536403644736,0.0598085029858417,0.0102588087505302,0.0225159918329391,0.0195465280150235,0.0186613564162114,0.0243632110103453
2021-09-03,-0.0090679088124686,-0.0063606934894149,-0.0022515521283263,-0.0051158948453924,-0.0054125234828995,-0.0131905659557234,-0.0141740643482695,-0.0048719983406311,0.0058721818365801,-0.0248308074538742,-0.0042907089763672,-0.018175304218548,-0.0076688920462112,-0.0055755259952714,-0.0038127466936073
2021-09-07,-0.0071174577967852,-0.0046230432326865,-0.0044109439913583,-0.0037710764150937,-0.0047065431984472,-0.0083375342834967,-0.01289033146789,-0.0110160852636539,0.0056662062768817,-0.0100308395816353,-0.0126400308837937,-0.0092559559935094,0.0126739843994181,-0.0140166787641438,-0.0058320099475532
2021-09-08,-0.0250894497526403,-0.0125044384971565,-0.0069028606731734,-0.0285616379794836,-0.0072410746167054,-0.0030698698322091,-0.0281264862923631,-0.0043315673459917,-0.024927375512918,-0.029228243465574,-0.0254581700744617,-0.0420410071219898,-0.0277776965945998,0.0052797299135267,-0.009165888253474
2021-09-09,-0.0057774263121733,0.0054270114136563,-0.0040461622681876,0.007793291704262,0.0025305274717404,0.012851506444244,-0.0015506706934705,-0.0068363719409531,0.0024514309496441,0.0068271671977295,-0.003732093326094,-0.0015006124778562,-0.0025118386036386,-0.0082166757784306,0.0007401451411082
2021-09-10,-0.0126782234075289,0.0026989818952516,0.0007293141358948,0.0039341808301127,-0.0031180933475654,-0.0081942974324413,0.0108699279267332,-0.0006258658743307,-0.0066376549197048,-0.0035898883305957,-0.0053938394421433,0.0060107543521787,-0.0020458591764013,0.0057995489663142,-0.0020337466990797
2021-09-13,0.0781164122307347,0.0333747898398675,0.0197772778193114,0.0302815036474422,0.0439382068871041,0.0367801644182534,0.0465947696460873,0.0106448960808798,0.0305962265056374,0.066853726584557,0.013257056484746,0.0496639720653411,0.0436838820766025,0.0218287061033655,0.0257505550708512
2021-09-14,-0.0397020353983568,-0.0112867599138983,-0.01806672174506,-0.0224759735427731,-0.008132529393906,-0.0272493120912517,-0.0181017577955191,-0.008054594029504,-0.017915114287529,-0.013883773823727,-0.030032777360194,-0.0156527808005341,-0.0223633910751129,-0.0024183715227173,-0.0142678391293155
2021-09-15,0.0656329923750282,0.0417985565586254,0.0212056613941871,0.0728689751150584,0.0832855790758737,0.0779599511037292,0.0363725278235711,0.0231104493099527,0.0349200401466116,0.0608827324046108,0.0121090185353551,0.0567401083348146,0.0279754366787055,0.0424243371575585,0.0337119824416567
2021-09-16,-0.0063043919269775,-0.0015171060269605,-0.0093645451941795,-0.0006595048132926,-0.0177930288822655,-0.0185097906329644,-0.0100960882412965,-0.0134309817542531,-0.00788989579233,-0.0197271695765162,-0.0040889991314106,-0.012995741669702,-0.0157871968408733,-0.0151163636975399,-0.0106346055866483
2021-09-17,-0.0170814400616027,-0.0052338861135295,-0.0057543209855255,-0.0171560647706084,0.0037851208570933,0.0318473025113399,-0.015541452038724,-0.0123760392899957,-0.0040608464615901,-0.0142702380259841,0.0039537395157356,-0.0190577959719058,0.0021387829951275,-0.005116156052136,-0.0118238891076672
2021-09-20,-0.0610727446539284,-0.031398470368196,-0.0204630196218874,-0.054045207909087,-0.0366330441417545,-0.042483509092181,-0.0330538939222082,-0.0175439352130438,-0.0293918378021631,-0.0541945544534953,-0.0265071760058722,-0.0374425025133805,-0.0400913181254124,-0.0122623219254451,-0.0266495384012682
2021-09-21,-0.0074031592602215,0.0396006162096467,0.0007384065644706,0.0110007520825836,0.0095066824001572,0.0117555611756132,-0.006122287045,0.00637752773773,0.0124278205418055,-0.0019623438871694,0.0010892258518522,-0.0117430332824128,0.0055580708183919,-0.0104128976599298,-0.0009313637176389
2021-09-22,0.0719233952730562,0.0493846078492037,0.0294149995975032,0.0684453780662768,0.0330977895805721,0.0542227800016443,0.0138604305617593,0.0221799337941268,0.0357883594497776,0.0519072900204902,0.0414984634845925,0.008169400147636,0.0315856374856873,0.0129505303811021,0.0292693380932724
2021-09-23,0.0705763169867508,0.023289359691669,0.0247847351460066,0.0775293837310071,0.0304289910453297,0.0412422913523808,0.0536707969966567,0.0223188597603904,0.0315473855640437,0.045233519106719,0.0238769008983428,0.0637200189570854,0.0283221792679255,0.0175787169747589,0.0338705972529476
2021-09-24,0.0171771245577969,0.020561742959875,0.00539689502441,0.008841486580204,0.0160012136051979,0.0097882456061655,0.0091301507408798,0.0024255821071139,0.0014561657136453,0.0050073370235852,-0.0083079368596798,0.0045011612811198,0.0068481562207545,-0.00274839926003,0.0089350544606547
2021-09-27,0.0616159187395752,0.025992004141538,0.0235584845629992,0.0577213107129364,0.0475030715858884,0.0761947149148885,0.0542857701033803,0.0272233200983309,0.0193893327527427,0.0743771778294133,0.0454140884329623,0.0406756053235735,0.046577316967334,0.0251969836319769,0.0296923970149904
2021-09-28,-0.0674979461614279,0.0163395642596235,0.0037875138886676,0.0037144256586647,-0.0009779427325428,-0.0052368863312358,0.0112918262576913,-0.0053005469991378,-0.009193277683514,-0.0096057805041432,-0.0030924597958041,0.0238490134079762,0.0055095815568124,0.0015360326295508,0.0104552372078219
2021-09-29,-0.0193638150267845,0.0035397502396838,-0.0002900744479317,0.0176487280818482,0.0102779184809496,0.0112656750897826,-0.0102723878148227,0.0017762148383018,-0.0092785100138764,0.0043477070802404,-0.0133971835056014,-0.0187640738609384,-0.0120836339115134,0.0072853268479196,-0.0006671825098806
2021-09-30,0.0075222932707401,-0.0039680220560812,-0.0181942805009169,-0.0067136162437235,-0.0278556301974119,-0.0143676316156805,-0.0243682423851544,-0.0112291193154222,-0.0019377772648868,-0.0149848993601037,0.0010005057774746,-0.0227497368253185,0.003697925500846,-0.0125619492743075,-0.01770242619561
2021-10-01,0.0172654016907836,0.0343810831724147,0.0283884254041215,0.0366095753050719,0.0453471975775767,0.0442591490987815,0.0305271535027549,0.010758910574951,0.0283126177372672,0.0530761497307163,0.0362702439432844,0.0242914091143526,0.0432193744077336,0.0177333835920459,0.0358723467195742
2021-10-04,0.0119266987076323,0.0198285388400962,0.0037379624936644,0.0529747760593357,0.0296746072830638,0.0457211132261339,0.0332138282879632,0.0017741879453669,-0.0084958701749242,0.0211879065298732,0.0432685601843199,0.0171277191781917,0.0190167919973689,0.0356060556645128,0.0129656448979338
2021-10-05,0.0067997285540715,0.003356980243073,0.0108864423979766,0.0340560098567634,0.0081017669507217,0.0075452070821031,0.0169416101435615,-0.0011807217786246,0.0036497157885071,0.0301792603551074,0.0216615992178526,-0.0093909120604325,-0.0095975685027988,-0.0021944064852205,-0.0016203796955716
2021-10-06,-0.0049525235369013,0.0011155670434013,-0.0087852271925661,-0.0349303217084234,-0.0060847555332774,-0.0004802017480972,-0.0179409325830017,-0.0106382452213916,-0.0061658888236135,-0.023497120601417,0.0134451505623878,-0.0212489642672998,0.0144011563263599,-0.0080648613181265,-0.0183378986164142
2021-10-07,0.0316740881943786,-0.0041776999092899,0.0071475311666635,-0.007239083615106,-0.0090100274974691,0.0097012941790695,0.0169640826477672,0.0119474627908722,0.0101811627629322,0.0150000028700449,0.0116087359889838,0.0360721213105668,0.0070320310265856,0.0214339831071195,0.0028102520773118
2021-10-08,0.0684211796730951,0.047686048993522,0.0224262156017001,0.0380211927613898,0.055251248152111,0.0454719049464995,0.0239517516353386,0.0312868030233206,0.0261419162913132,0.0354064577424764,0.0356871970613108,0.0206321109890343,0.035573053421714,0.0246019982594665,0.0250575098682279
2021-10-11,0.0024629043031045,-0.0126804977113894,-0.0085147574461094,-0.0102863166454585,-0.0040871502782768,0.0075522664434728,0.0309106070092615,0.0154549894109312,-0.0092084075603805,-0.0071366076304704,-0.0010955686498063,0.0252683217219495,-0.0101782658262888,0.0109463597137977,-0.009970908284925
2021-10-12,0.0131038537592509,-0.0075707670410917,0.00018692576132,-0.0050696237169068,-0.0004434183504258,-0.0065925783192769,-0.0076986483750722,0.011273988374798,0.0027882895932167,-0.0113806252846455,0.0071914497415854,0.0129391231230682,0.014395801839786,0.0104785653125674,-0.0051980717264195
2021-10-13,-0.0052545992880309,-0.002451838401041,0.0059730238579016,-0.0066239028547263,0.0032177636419401,-0.0164544955695808,0.0,0.0016724648373778,0.0080321711021653,-0.022114407683755,-0.0091976391408761,-0.003649954224922,-0.009883189335387,0.0,-0.0027759838209131
2021-10-14,0.0654207444622323,0.0084663100992263,0.0094626435879425,0.020261249626517,0.0063669049603105,0.0059155354265452,0.0126583782322013,0.0228155867525414,0.0217590936070906,-0.0089839078965612,0.0035422950724419,0.023199269935312,0.0131812742358148,0.0152091267154339,0.0152283897472784
2021-10-15,0.0057208146960123,0.0039269161486925,0.0073523325997451,0.0080441567930953,-0.0104891923050091,-0.0050539082974161,0.0487901816502069,0.0043527321979646,0.0017997381257284,-0.0103158686915356,-0.0114411474461231,0.0143199246432883,-0.0064418393992806,0.0061285207087664,0.0095160528681335
2021-10-18,0.0212359728702511,0.0048554553913138,-0.0004561456331901,0.0104740778981216,-0.0034591656945196,0.0090507012373466,0.0,0.0005415134590265,-0.0059882219548818,0.0401137681333192,-0.0043092811395964,0.0047057535943213,-0.0067375739570602,-0.0087985107743977,-0.0004793133792269
2021-10-19,-0.0025990919782401,0.0110072102374954,0.0195325892176778,-0.0054296396748615,0.0095177013135001,0.0153760378089868,0.0034605186536931,-0.0010825761007419,0.006475887849747,0.000303566070833,0.023618220794862,0.011124175533228,0.0258541964265053,-0.0099012109793354,0.0150256878956822
2021-10-20,0.021965653741111,0.0092934759471086,0.0130708529585588,0.015136709033612,0.0326083385458488,0.0018929950429773,0.0137929756849151,0.0108397966740452,0.0056860924743737,0.0127506146152878,0.0065231214530776,0.0057903833377332,0.0111040980719203,0.0055174133776512,0.0055117800796955
2021-10-21,-0.0137655500690395,-0.0188108942274859,-0.0125485273601132,-0.0295772738397142,-0.0236304242797248,-0.0199730880454206,-0.0419499476313882,-0.0600532243915417,-0.002678223894645,-0.0167864514669822,-0.0070808634540577,-0.0126658712042629,0.0118460887674156,-0.0219479070905262,-0.0181676435847464
2021-10-22,0.0248056386832056,0.0151494713192534,0.0094863171763914,0.0186397941012892,0.0121014852702894,0.0036721803902139,0.021301535546927,0.0079860215924671,0.0073101613857873,0.0344512994348453,0.0019337481175867,-0.0113701956922873,-0.012317058269273,0.0045583410751766,0.0068591269080229
2021-10-25,0.0195086265390365,0.0105650624715847,0.0093084904157103,0.0054403816531749,0.0221738086905181,0.0007317317161932,0.012746300300982,0.0101869187370084,0.0100712612895212,0.0380195865803798,0.0101339081002067,0.0132704775618406,0.020990333234214,0.0052355426049102,0.0194867659453608
2021-10-26,-0.0024805512838306,0.0066650110787878,0.0021958709339517,0.0209049324435084,0.0102084050268373,0.0208390621896346,-0.0022882686873213,-0.0128852668387288,0.0039588628896791,0.0039744051691257,-0.018033978124284,-0.0029102359228869,-0.0097957863911736,-0.0072916006284625,0.023154582978824
2021-10-27,-0.0444050575963832,-0.0279482027824382,-0.0177914108925635,-0.0457719961334022,-0.0206314227704498,-0.0367982271276582,-0.0397555192950588,-0.0181611287054702,-0.0338834945470373,-0.0582575702830762,-0.0592313424848233,-0.0502042238950771,-0.0392035504790364,-0.0101435499867159,-0.0259721780759991
2021-10-28,0.0066915730591858,0.0096733425017787,0.0093692904989159,0.0224690162015477,0.0082758134511764,0.0132922623778151,0.0195064086021647,0.0028899821465828,0.0078608999868625,0.0159156875457138,-0.0077571132989138,0.0233556560788943,-0.0026693267099433,0.0042403517847386,0.0028068199771584
2021-10-29,-0.032127141883042,-0.0087823770702177,0.0121107229363484,-0.0103702126307392,-0.0143908404813049,-0.0166953544328025,-0.0242091691305529,-0.0193205975387581,-0.0110995074617548,-0.0088677810711234,-0.0256675457024091,-0.0312311497078549,-0.0144022931969753,-0.0116115428329249,0.0024879678130473
2021-11-01,0.0366275497839139,0.0013425525834107,0.0003494926737639,0.0476544545247816,0.0108155533192393,0.0412350984843621,0.0236095129239155,0.0179104293421288,0.0201732211881624,0.0381748993143649,0.0449314654577894,0.0322379788516493,0.0089224445625366,0.0160200069533904,0.0179932121546102
2021-11-02,0.0044164172040543,-0.0209142951488771,-0.0061118685871737,-0.0002379849615461,-0.0068479068648444,0.0254456053775746,-0.0078189177501044,-0.0052787602371642,-0.0389533727070579,-0.0129272770893669,-0.0075504977217387,-0.0030027467375371,-0.027684731257181,-0.0052559696044773,-0.0123422827419144
2021-11-03,0.0124586348966231,-0.0039711636506409,-0.0072036826612184,-0.0002382703880466,-0.0201463861729491,-0.0230669062616387,-0.0260047840891921,-0.0064856694845547,-0.0148515018037952,-0.0148430641369389,0.0179242841433726,-0.0066266920098068,0.00026334209888,-0.0031700782897663,-0.0137302237569889
2021-11-04,0.0524793795379019,0.0078361221997609,0.0044243852660184,0.0092923570774932,-0.000549962059914,0.0084967181372437,-0.0080905147292363,-0.0059347120338602,-0.0017276316400065,-0.0029542407414988,-0.0260960479187362,0.0051547643708855,0.0061942460052202,-0.0007065169099771,0.0075081970593327
2021-11-05,0.0281981924091172,0.0291914582975638,0.0108358215182535,0.028800623762796,0.0464248400968492,0.0091345219207203,0.0069332170996363,0.0119402127710994,0.0352367285645587,-0.0097777355281912,0.011576630700828,0.0108596562520515,0.0205631899570415,0.0099009826660858,0.0094705793765377
2021-11-08,0.0254179380090893,0.0063614521050028,0.0035734383838632,0.0123910222414291,0.0196591435071675,0.0168730662981135,0.0174158913671589,-0.0064897129462376,-0.0021272906555108,0.0260325521405853,0.0028286005902338,0.0235747828737435,-0.0017968320205524,-0.0028012481598611,0.0107659288019337
2021-11-09,-0.0212002194971309,-0.0023702636913884,0.0073813981738506,-0.0029465115423538,0.001237375502662,-0.0192693264870004,-0.0015922867626049,-0.0011876619929311,0.0222325177600732,-0.0160398856227415,0.0151306257612524,-0.0046644121091719,0.0060427039425463,0.0017557085999158,0.0097382180412457
2021-11-10,-0.0426527522059936,-0.0363036187244688,-0.0159478405883003,-0.0377359170250619,-0.0290392683995914,-0.0515973943450868,-0.0498404673060215,-0.0071342258132027,-0.0239834006709731,-0.0569055838727801,-0.0207151976348729,-0.0413005585488084,-0.0177637004879018,-0.0133193213214231,-0.0197005429790486
2021-11-11,0.0236688387801085,-0.0117807573293493,8.755171431484854e-05,0.00921367120538,0.0066813479664911,0.0150242432052489,-0.0046160246113025,0.0053889507611266,0.0073262121077322,0.0094278732420229,0.004385177780523,0.0015276493855929,0.0046838168680909,0.0262877079391981,0.0018693384611514
2021-11-12,0.0013600396764812,0.0030494161441627,0.0006130533404589,-0.0032774402581216,-0.0008428729413874,0.0108486187143397,-0.0063239622256563,-0.0065514111732338,-0.0030305324888382,-0.0012451397074582,-0.0051367984186658,-0.0006103216306428,-0.0082877611810844,-0.0086536329932362,-0.0076192791678025
2021-11-15,0.0054329954617156,0.0049751589323381,0.022673401796214,0.0140910544184889,-0.0172921025369782,0.0110959141657094,-0.0072123974909754,0.010791342760289,0.0048635523704316,-0.0031173026104379,0.0185878860446497,-0.0012209359038082,0.0100549202991575,-0.0010472766113275,0.0086181123517867
2021-11-16,0.000337975031571,-0.0010999100758449,0.0039378854120355,0.0057896620374726,-0.0139484489168782,-0.0089052572236728,0.0089743889061679,-0.0118622402065328,-0.0106809314694725,-0.0043778963301589,-0.0128220600225388,0.0051956607580143,0.0076272926294913,-0.0136318374077024,0.0100977499881023
2021-11-17,-0.0661718400611618,-0.0092236509566684,-0.004485161161905,-0.0262489795859698,-0.0198041063245804,-0.0266836811767993,-0.0271072940278648,-0.0090037401048812,-0.0194321726914272,-0.0339192883646536,-0.0300037931321994,-0.0252356176720518,-0.045607894618359,-0.0003543435040535,-0.0109197841249203
2021-11-18,-0.002892174296005,0.010420890826468,-0.0084041974195081,0.0243555946569915,-0.0051065749701704,0.0067138957402792,-0.0091419354691731,-0.0139309239907234,-0.0138406275609139,-0.0039013030507447,-0.0129888439273327,-0.0062382990581609,-0.0066711483028242,-0.0085076766937356,-0.0108847443056616
2021-11-19,-0.057287889891627,-0.0427666779173034,-0.0221929749544501,-0.0627886459221632,-0.0439630073697882,-0.0536308686968747,-0.0316347914742838,-0.0073712426460079,-0.0385966927559803,-0.0496084283098618,-0.0552164310089916,-0.0568110105499635,-0.0533169988370501,-0.0196635941606755,-0.0462190363742066
2021-11-22,0.0203846256687452,0.0327536173062483,0.0178715430956786,0.0133007490312884,0.0120209333394094,0.0322991777204999,0.0113431549884219,-0.0030936766853559,0.023390810698848,0.0305634210207421,0.0366170432881012,0.0096505050383957,0.0228753694779169,0.0065644416727455,0.0138452313387491
2021-11-23,0.0731248462359392,0.0262904780402963,0.0209814765191027,0.0559064399021296,0.0582403528251622,0.0447521297197339,0.0305067349299836,0.0136560389299682,0.0350138395895713,0.0636452294080243,0.0227179748744206,0.0276863450941524,0.0268930858398495,0.0173912434046734,0.0263373982669774
2021-11-24,0.0049173049613291,0.0142315957011756,0.0076525153998086,0.037983658563601,0.0140581308089933,0.0363914921778649,0.010883989857684,0.0116350464739565,0.0109632416433185,0.0028195014590473,0.0005416437461027,0.0073763819714658,0.0055136524568544,0.0167379320964604,0.0055438844732655
2021-11-26,-0.0828380579509343,-0.0447683602118235,-0.0228686832780794,-0.0530054162947211,-0.0605049604294284,-0.0588442012815756,-0.0676141846078846,-0.0157385280041422,-0.0495740233194305,-0.0721647584916593,-0.0625421419293057,-0.0544410927577931,-0.0677176602914464,-0.0108581746319031,-0.0351289957451258
2021-11-29,0.0224846945517007,0.0093733372858424,0.0029688283088125,0.028571531391393,0.0110958635259721,0.0227951922943387,0.0277137582733084,-0.0153752147627366,0.0070087822321824,0.0121211438198212,0.0088086165890608,-0.0016835003622076,0.0023524919345443,-0.0081447123188439,0.0055511159093299
2021-11-30,-0.0395078684910715,-0.0279975031723354,-0.0172396055932864,-0.0423495576943514,-0.015725682950116,-0.0291096001543976,-0.0296629745797941,-0.0343534215663889,-0.015053251568429,-0.0136395420434748,-0.0098770685588375,-0.0286198833234728,-0.0180431960006612,-0.0435555363912782,-0.0284137570029971
2021-12-01,-0.0201786503938654,-0.013260793650107,-0.0068220974914304,-0.0290063921794102,-0.0189656691420452,-0.0349478316137377,-0.0203797785223147,-0.0122897200017859,0.0009860830725669,-0.0236085341472237,-0.0072285769165639,-0.0104603638727163,0.0055273384640852,-0.0055992162558925,-0.0008356552015732
2021-12-02,0.036831556346899,0.0297687058165703,0.0271188564326159,0.0183645264314149,0.0141770042651467,0.0333008592285382,0.0411348402120674,0.0301241209799434,0.0397306861799644,0.0241793737172868,0.0394642434764267,0.033122044905173,0.0573465067577843,0.0228978040638512,0.0249206367543608
2021-12-03,-0.0229179774976827,-0.0021050457943242,-0.0063401270698884,0.0043279306939929,-0.0065851597142883,-0.0040403309814865,-0.0009083676094133,-0.0088999023028829,-0.0262120163464278,-0.0165262285879683,-0.0193334839790325,-0.0027285951416281,-0.0205139148960016,-0.0051378282527834,-0.0063641970149053
2021-12-06,0.0105549239563718,0.0239065145632619,0.0156453438507764,0.0141250680007303,0.0183742333724141,0.0210378107767834,0.0263635666492298,0.0121872393085427,0.0192963802863439,0.0233199040347107,0.0152859601346788,0.026333745718613,0.0100415140501401,0.0077466733064071,0.0113318399820856
2021-12-07,0.0402322399223262,0.0241725300394473,0.0148021868734453,0.0651558012638042,0.0341445226872372,0.0680031017622624,0.0363152521073917,0.0285170818047493,0.02179439955664,0.0428953085021783,0.0198397301178432,0.0249916957794871,0.0173270964079848,0.0161051578624256,0.0112048682085263
2021-12-08,-0.0096691346835025,-0.0061685214935284,0.0044944162710296,-0.0046542907714201,-0.0053006090926902,-0.0169563986094946,0.0186256564277929,0.0006160362125584,-0.0026467460093821,-0.0112467068672986,-0.0086922478115168,0.0097530319457055,-0.0127043108197908,-0.0043226671457072,0.0028907171626328
2021-12-09,-0.022531034327945,-0.0210497524607906,-0.0026169696092597,-0.0397097877972427,-0.013321657745561,-0.0290416096958481,-0.0126105183254799,-0.0141625341912728,-0.0112394609640482,-0.0169050847181071,0.006263207609672,-0.0141661830039365,-0.0057975956287414,-0.0224017945742021,0.0025620641418824
2021-12-10,0.0245870244915904,0.01295631670131,0.0016926137851172,0.0259925731687626,0.0090010857222866,0.0077044058068385,0.0187316188830257,0.0093689053755774,0.005525691412106,0.0175264455888508,0.0030430831774193,0.0120835823726153,0.0076803518680104,0.0007512257288833,0.006388612766967
2021-12-13,-0.052118334938862,-0.0336101511048724,-0.0207873113571119,-0.0543527144721928,-0.0183987920591616,-0.0411046093812865,-0.0509820950593007,-0.0142323441643741,-0.0295177412654148,-0.0500489675050708,-0.0397135941006813,-0.0374313679495005,-0.0371207014109223,-0.01501489372356,-0.0219011542388624
2021-12-14,-0.0130537004299765,-0.004787057267011,0.002933967751169,-0.0175351960008084,-0.0084852697229617,-0.0238252313856793,-0.0101278522329846,-0.0069053270493361,0.0103541708508625,-0.0167634794529344,0.015652094661031,-0.005363889379349,-0.000439593503633,-0.0137195679534826,-0.0014604042467656
2021-12-15,0.0060118819591805,0.0004243870953524,-0.0056790052771911,-0.008924200366626,-0.0057444459245836,-0.0030749257879181,-0.0093413613944358,0.0031606312800611,0.0004803418880934,-0.0076549417397817,-0.0029690614010385,-0.0121331600068788,0.0007329350618632,0.0038637990192336,-0.0043874017912709
2021-12-16,-0.0123503486223803,0.0140006901288711,0.0093458704188706,0.0095046549719843,0.0162716870495416,0.0149398626890975,0.0130218784293218,-0.000630243175092,0.0046414589645913,-0.0049087803700292,0.0062394676570529,0.0133058708092659,0.0074738645748833,0.0061587492076815,0.0016322301511129
2021-12-17,-0.0165391713596942,-0.0430960997982637,-0.0260629882810184,-0.0287412974415675,-0.025409204401501,-0.0272554099339572,-0.0199469048085152,-0.0163933205312276,-0.0050979085020134,-0.0119801521307645,0.0118375595284698,-0.0245791460852274,-0.0008729208726778,-0.0133894105192109,-0.021834941343654
2021-12-20,-0.0180475676168523,-0.0001456423825536,0.0004402066910766,-0.0239799044109573,-0.0049998858729,-0.0323147986912409,-0.0140208405361003,-0.0230770274307668,-0.024659670970206,-0.0378031927120021,-0.0330082125762637,-0.0172590805437112,0.0,-0.0170608363370979,-0.0144926182678314
2021-12-21,0.0584791130170765,0.0303206664964288,0.0160139266626628,0.0797179652990929,0.0331419482772308,0.058313246850171,0.0394497136061287,0.0275590481252958,0.0412082842922916,0.0600446769541629,0.0390319233954146,0.0344219532275849,0.0382879899818304,0.0122287676963175,0.0226503877894925
2021-12-22,0.0193374317178616,0.0056592419530441,0.0057157319671936,0.0237229562063527,0.010075276682079,0.007531001517691,0.0030890828772374,-0.0057471530783022,-0.0050457922861606,0.0111886710078015,-0.007208143114355,0.0016977994384042,-0.0002804062956515,0.0007794213914673,0.0080994005682946
2021-12-23,0.0092913200896929,0.0015476053298111,0.0024113250375519,-0.0056749148484208,-0.0004585126345822,0.002365352550335,-0.0008798639643731,0.0044959955341916,-0.0009507207405025,-0.0024205835743322,0.003909449136733,0.0023728905215709,0.0060309813753802,0.006620103111909,0.0004918360582752
2021-12-27,0.0728809311553742,0.0283749260417076,0.0204449792869485,0.060879769654897,0.0412937992837454,0.0490842972535032,0.0202551525143512,0.0115088457750784,0.016497322300387,0.0273830175589464,0.0123782492794328,0.009130982435165,0.0195175314243958,0.0158606051828402,0.0142574835268507
2021-12-28,-0.0014301386340787,-0.0012291630577717,-0.0019362000514541,-0.0024657428326244,-0.0061688937590681,-0.0088176191896044,-0.0051792032641396,0.0025283961386757,0.0045256992994309,-0.0053980099639472,0.0156613820099085,0.0090480791377036,0.018733750924331,-0.003808152513716,-0.0032316849925688
2021-12-29,-0.0007161330653554,-0.0027356606304625,-0.0051452837205369,-0.0067416163423599,-0.0041011759524076,-0.0131628744220363,-0.0047720252425823,-0.0018915340005603,-0.0065247930579411,-0.0074627196218243,-0.014608457208603,-0.0152770961365185,0.0020135155920852,-0.0045870565319737,-0.0087531775091498
2021-12-30,-0.0304548490632193,-0.0087768240929611,-0.0044086514021155,-0.0119909389380459,-0.0074566179524112,-0.0128781727277901,-0.0078464675459741,-0.0018951186819823,-0.0081314494101861,-0.0099112871431832,-0.0054902339922524,0.0057335793974029,-0.0049563458450504,-0.0046084623177126,-0.005887177060312
2021-12-31,-0.0062824271062053,0.001387548296559,-0.0006812333399991,0.0087017539467741,-0.0039247319873877,0.0050323118969595,0.0048330108602994,0.0037974339519906,0.0088287615677959,0.0006906030170041,0.0001377093929972,0.0043594355533671,0.0111739674901456,0.0046297985699608,0.006579955561081
