Date,AAPL,ADBE,AMD,AMZN,CRM,CSCO,GOOGL,IBM,INTC,META,MSFT,NVDA,ORCL,QCOM,TXN
2022-08-08,161.85003662109375,434.3399963378906,100.06999969482422,139.41000366210938,186.52305603027344,40.2737922668457,116.2690200805664,114.49473571777344,33.66151809692383,168.76792907714844,271.2189025878906,17.743736267089844,72.60562133789062,135.0732879638672,162.84982299804688
2022-08-09,161.89907836914062,426.57000732421875,95.54000091552734,137.8300018310547,179.14076232910156,40.18433380126953,115.60488891601562,113.19206237792969,32.84328842163086,167.0629425048828,273.1346130371094,17.0386962890625,72.89047241210938,130.2300262451172,158.31536865234375
2022-08-10,166.13999938964844,438.3999938964844,99.05000305175781,142.69000244140625,185.40243530273438,41.168365478515625,118.6479263305664,114.96683502197266,33.65199661254883,176.7875213623047,279.77191162109375,18.04689598083496,73.62156677246094,134.32398986816406,163.1348876953125
2022-08-11,165.40367126464844,434.8900146484375,98.12000274658203,140.63999938964844,183.55438232421875,41.06101608276367,117.79547882080078,115.87609100341797,33.86131286621094,175.9449462890625,277.701416015625,17.892324447631836,73.26078796386719,135.09156799316406,162.1905975341797
2022-08-12,168.9475860595703,445.6700134277344,100.83000183105469,143.5500030517578,186.66067504882812,41.6961669921875,120.61052703857422,117.1612319946289,34.356056213378906,178.92872619628906,282.4326171875,18.657201766967773,75.15019226074219,138.25343322753906,165.1482696533203
2022-08-15,170.01759338378906,451.0199890136719,101.01000213623047,143.17999267578125,187.810791015625,41.67827224731445,121.00700378417969,117.965576171875,34.574886322021484,179.31532287597656,283.94195556640625,18.97930908203125,75.1122055053711,139.02105712890625,165.1660919189453
2022-08-16,169.8605499267578,447.55999755859375,100.19999694824219,144.77999877929688,186.3657684326172,41.83929443359375,120.63033294677734,119.39066314697266,34.432167053222656,177.9076690673828,283.2066345214844,18.82673454284668,75.50148010253906,137.10198974609375,163.34873962402344
2022-08-17,171.3527069091797,437.82000732421875,98.2699966430664,142.10000610351562,184.76348876953125,41.74089431762695,118.49923706054688,120.46601104736328,34.042076110839844,173.3279266357422,282.4600524902344,18.284236907958984,75.24513244628906,135.73123168945312,157.42449951171875
2022-08-18,170.96002197265625,439.0299987792969,100.44000244140625,142.3000030517578,184.73399353027344,44.165191650390625,119.1137924194336,121.58506774902344,34.441680908203125,173.13955688476562,281.34503173828125,18.721023559570312,75.31160736083984,138.335693359375,158.9835205078125
2022-08-19,168.37823486328125,425.05999755859375,95.94999694824219,138.22999572753906,180.6447296142578,43.565826416015625,116.17981719970703,120.97307586669922,33.66151809692383,166.4978790283203,277.447265625,17.799589157104492,74.6849594116211,134.8814239501953,157.19284057617188
2022-08-22,164.50057983398438,411.3500061035156,92.83999633789062,133.22000122070312,173.97024536132812,42.680198669433594,113.23591613769531,118.50762939453125,32.19631576538086,161.6306610107422,269.30267333984375,16.986841201782227,72.59613037109375,129.4075469970703,152.72959899902344
2022-08-23,164.1667938232422,410.4100036621094,92.48999786376953,133.6199951171875,173.00689697265625,42.411827087402344,112.85923767089844,117.79949188232422,32.30097579956055,159.70751953125,268.0325927734375,17.1334285736084,72.54866790771484,128.59423828125,153.69178771972656
2022-08-24,164.46127319335938,405.6499938964844,92.7300033569336,133.8000030517578,176.94871520996094,42.107669830322266,112.69075775146484,116.47932434082031,32.2153434753418,161.83880615234375,267.4024353027344,17.174318313598633,72.32078552246094,129.1334228515625,153.39781188964844
2022-08-25,166.9154815673828,403.92999267578125,97.18000030517578,137.27999877929688,170.95242309570312,42.286582946777344,115.62472534179688,117.13501739501953,33.1953125,167.3107452392578,270.3692626953125,17.863407135009766,73.00440979003906,133.64773559570312,157.95901489257812
2022-08-26,160.62289428710938,381.0199890136719,91.18000030517578,130.75,162.42005920410156,41.052066802978516,109.37018585205078,113.98765563964844,31.73963165283203,160.37167358398438,259.9365234375,16.214982986450195,70.8775863647461,126.45585632324219,150.9924774169922
2022-08-29,158.42391967773438,375.260009765625,88.48999786376953,129.7899932861328,157.48541259765625,40.89104461669922,108.45828247070312,113.92644500732422,31.34003257751465,157.7843780517578,257.16357421875,15.75725269317627,70.44084167480469,125.26789855957031,149.6116485595703
2022-08-30,155.99917602539062,375.07000732421875,86.94000244140625,128.72999572753906,156.95460510253906,40.47060012817383,107.98250579833984,113.28824615478516,30.69306182861328,155.79190063476562,254.97227478027344,15.425178527832031,70.39337158203125,122.82799530029297,148.54257202148438
2022-08-31,154.3401336669922,373.44000244140625,84.87000274658203,126.7699966430664,153.4649658203125,40.00541687011719,107.26881408691406,112.30030822753906,30.36957550048828,161.5116729736328,253.517822265625,15.052209854125977,70.40287780761719,121.5506362915039,147.1795196533203
2022-09-01,155.0665740966797,370.5299987792969,82.33000183105469,127.81999969482422,150.9190216064453,40.51533126831055,108.77545166015625,113.35819244384766,30.217344284057617,163.92051696777344,252.48040771484375,13.898414611816406,71.49474334716797,119.39106750488281,148.02589416503906
2022-09-02,152.95594787597656,368.1400146484375,80.23999786376953,127.51000213623047,151.07630920410156,39.88912582397461,106.9020767211914,111.72328186035156,29.703575134277344,158.9243621826172,248.27239990234375,13.609216690063477,70.90607452392578,118.06776428222656,145.2107391357422
2022-09-06,151.69940185546875,368.29998779296875,78.72000122070312,126.11000061035156,149.13978576660156,39.781776428222656,105.8712158203125,110.78781127929688,28.885347366333008,157.15988159179688,245.54786682128906,13.427720069885254,70.09903717041016,116.4044418334961,145.29983520507812
2022-09-07,153.10321044921875,379.7200012207031,79.61000061035156,129.47999572753906,150.6732940673828,40.2737922668457,108.48800659179688,111.65333557128906,29.16126251220703,158.99380493164062,250.24066162109375,13.680096626281738,70.72570037841797,118.17804718017578,147.72296142578125
2022-09-08,151.6306915283203,383.6300048828125,82.77999877929688,129.82000732421875,154.23171997070312,40.58689880371094,107.42741394042969,112.31778717041016,29.256404876708984,160.64926147460938,250.65760803222656,13.955412864685059,70.8775863647461,118.40779113769531,150.03030395507812
2022-09-09,154.48739624023438,394.7799987792969,85.44999694824219,133.27000427246094,159.824951171875,40.94472122192383,109.6774673461914,112.94725799560547,29.93191909790039,167.67752075195312,256.41693115234375,14.351433753967285,72.07392883300781,121.34844207763672,152.1060333251953
2022-09-12,160.43637084960938,396.3599853515625,84.63999938964844,136.4499969482422,162.81324768066406,41.50829315185547,109.8856201171875,114.23245239257812,30.027057647705078,167.4892120361328,258.5403747558594,14.469141960144043,73.1847915649414,122.2214584350586,151.96347045898438
2022-09-13,151.0220489501953,368.3900146484375,77.02999877929688,126.81999969482422,155.4113311767578,39.45972442626953,103.40310668945312,111.25117492675781,27.86732292175293,151.79698181152344,244.3262176513672,13.09853744506836,72.19735717773438,114.80545806884766,144.89894104003906
2022-09-14,152.46510314941406,371.5199890136719,77.44999694824219,128.5500030517578,157.55422973632812,39.325531005859375,104.0771255493164,111.6358642578125,27.76266098022461,150.1514434814453,244.54920959472656,13.09554386138916,68.47544860839844,117.19474792480469,147.22412109375
2022-09-15,149.57894897460938,309.1300048828125,76.66000366210938,126.27999877929688,152.1477508544922,38.72616958618164,102.00550842285156,109.71245574951172,27.439178466796875,148.24815368652344,237.91717529296875,12.897037506103516,66.6904525756836,114.8514175415039,144.91677856445312
2022-09-16,147.93954467773438,299.5,76.51000213623047,123.52999877929688,148.93338012695312,38.73512268066406,101.8964614868164,111.26866912841797,27.819747924804688,145.01651000976562,237.29669189453125,13.165371894836426,65.35173034667969,114.82383728027344,147.22412109375
2022-09-19,151.65032958984375,296.05999755859375,76.7699966430664,124.66000366210938,150.23094177246094,38.73512268066406,102.16407775878906,111.67082977294922,28.01003646850586,146.73146057128906,237.08338928222656,13.348916053771973,65.57958221435547,116.38607025146484,148.10606384277344
2022-09-20,154.02598571777344,291.05999755859375,75.25,122.19000244140625,147.2524871826172,38.091026306152344,100.25105285644531,110.42062377929688,27.553348541259766,144.81826782226562,235.07630920410156,13.143424987792969,64.6680908203125,114.65841674804688,147.93678283691406
2022-09-21,150.90426635742188,286.29998779296875,74.4800033569336,118.54000091552734,145.1193389892578,37.20539855957031,98.40738677978516,109.22286987304688,27.087148666381836,140.88284301757812,231.68276977539062,13.228215217590332,63.376827239990234,114.52059173583984,145.47801208496094
2022-09-22,149.94223022460938,287.05999755859375,69.5,117.30999755859375,147.5965118408203,36.81178283691406,99.25984954833984,109.5550765991211,26.706575393676758,141.57675170898438,233.6510467529297,12.529945373535156,62.69320297241211,113.65676879882812,144.87222290039062
2022-09-23,147.6745147705078,284.55999755859375,67.95999908447266,113.77999877929688,144.5098876953125,36.37343978881836,97.87213897705078,107.28199768066406,26.183292388916016,139.18772888183594,230.68411254882812,12.485057830810547,61.28799819946289,111.36856079101562,143.6873779296875
2022-09-26,148.00828552246094,276.9599914550781,66.30000305175781,115.1500015258789,143.83164978027344,36.30187225341797,97.30716705322266,106.66999816894531,25.660005569458008,135.18287658691406,230.2283935546875,12.197768211364746,60.243587493896484,110.03607177734375,142.9479522705078
2022-09-27,148.98013305664062,277.57000732421875,67.16999816894531,114.41000366210938,146.35794067382812,36.248199462890625,96.64303588867188,106.43395233154297,25.583890914916992,133.22999572753906,229.2200164794922,12.382311820983887,59.2656364440918,110.58745574951172,143.1707000732422
2022-09-28,147.09532165527344,281.3999938964844,68.36000061035156,118.01000213623047,147.6161651611328,36.98175048828125,99.1706314086914,107.3257064819336,25.812236785888672,140.3772430419922,233.73829650878906,12.704512596130371,59.88277816772461,109.29170989990234,145.0325927734375
2022-09-29,139.87014770507812,278.25,64.13999938964844,114.80000305175781,144.31332397460938,36.29291915893555,96.5637435913086,106.33775329589844,25.098661422729492,135.2225341796875,230.27688598632812,12.189789772033691,58.29718017578125,105.53316497802734,141.1573486328125
2022-09-30,135.66851806640625,275.20001220703125,63.36000061035156,113.0,141.39381408691406,35.783016204833984,94.80931091308594,103.872314453125,24.518293380737305,134.49887084960938,225.8167724609375,12.108991622924805,57.98386001586914,103.82391357421875,137.88783264160156
2022-10-03,139.84068298339844,285.239990234375,66.11000061035156,115.87999725341797,145.384765625,36.9370231628418,97.77302551269531,106.23286437988281,25.660005569458008,137.40338134765625,233.4183349609375,12.481069564819336,59.89227294921875,107.72029876708984,142.3956298828125
2022-10-04,143.423828125,294.9700012207031,67.9000015258789,121.08999633789062,153.0816192626953,37.75864028930664,100.74665832519531,109.72119140625,26.354549407958984,139.05882263183594,241.310791015625,13.134450912475586,62.370384216308594,112.45294189453125,147.12608337402344
2022-10-05,143.7183380126953,297.3800048828125,67.94000244140625,120.94999694824219,153.57310485839844,37.91214370727539,100.53851318359375,109.93101501464844,26.297462463378906,137.7701416015625,241.6210479736328,13.17634391784668,63.27238464355469,114.76870727539062,149.4868927001953
2022-10-06,142.76609802246094,298.4100036621094,67.8499984741211,120.30000305175781,152.8162078857422,37.48777770996094,100.5285873413086,106.8623275756836,25.859804153442383,137.859375,239.28431701660156,13.097538948059082,62.000099182128906,115.12710571289062,148.36441040039062
2022-10-07,137.52394104003906,288.7699890136719,58.439998626708984,114.55999755859375,147.734130859375,36.35917663574219,97.81267547607422,103.88107299804688,24.470722198486328,132.2882843017578,227.11607360839844,12.046144485473633,60.091670989990234,111.11125183105469,141.89674377441406
2022-10-10,137.847900390625,285.7200012207031,57.810001373291016,113.66999816894531,143.1632080078125,36.01607894897461,96.99988555908203,102.94559478759766,23.97597885131836,132.6253204345703,222.27777099609375,11.641148567199707,59.408050537109375,105.3126220703125,139.67849731445312
2022-10-11,136.43426513671875,284.8299865722656,57.630001068115234,112.20999908447266,140.1454315185547,35.736183166503906,96.32585906982422,102.98931884765625,23.823753356933594,127.4210205078125,218.55459594726562,11.557355880737305,59.56074905395508,101.11298370361328,136.7030029296875
2022-10-12,135.8059539794922,286.1499938964844,57.849998474121094,112.9000015258789,139.87014770507812,35.456295013427734,96.7025146484375,102.78822326660156,24.099666595458984,126.39008331298828,218.8842315673828,11.47156810760498,60.86820602416992,99.83562469482422,135.01039123535156
2022-10-13,140.37081909179688,294.739990234375,58.939998626708984,112.52999877929688,142.9665985107422,36.66615676879883,98.1893310546875,106.4776382446289,25.136722564697266,129.15577697753906,227.11607360839844,11.930432319641113,62.22338104248047,103.7136459350586,137.49583435058594
2022-10-14,135.84524536132812,287.94000244140625,55.939998626708984,106.9000015258789,139.80137634277344,36.29596710205078,95.71129608154297,104.94767761230469,24.6514949798584,125.65653228759766,221.6087646484375,11.199244499206543,61.37400436401367,101.03946685791016,132.15069580078125
2022-10-17,139.80145263671875,293.5,57.959999084472656,113.79000091552734,144.67701721191406,37.28915023803711,99.09132385253906,106.24159240722656,25.136722564697266,132.87315368652344,230.3059844970703,11.858607292175293,63.96027374267578,102.54656982421875,134.511474609375
2022-10-18,141.1168670654297,292.9800109863281,57.91999816894531,116.36000061035156,150.9190216064453,37.73155975341797,99.8843002319336,107.48307037353516,24.61343765258789,131.64395141601562,231.24642944335938,11.93741512298584,63.969810485839844,102.1973648071289,134.97471618652344
2022-10-19,141.224853515625,299.8299865722656,57.22999954223633,115.06999969482422,151.05662536621094,37.81282043457031,98.75431823730469,107.10713195800781,24.737119674682617,132.0701904296875,229.28790283203125,12.02120590209961,63.27315902709961,103.70445251464844,135.99029541015625
2022-10-20,140.7634735107422,302.3800048828125,57.77000045776367,115.25,154.82151794433594,37.65932846069336,99.09132385253906,112.1691665649414,24.813234329223633,130.385009765625,228.96795654296875,12.16385269165039,66.08848571777344,102.90495300292969,136.94357299804688
2022-10-21,144.57241821289062,306.3699951171875,58.81999969482422,119.31999969482422,157.44610595703125,38.64346694946289,100.24114227294922,113.56798553466797,25.660005569458008,128.87823486328125,234.75636291503906,12.4351806640625,69.38095092773438,106.3602294921875,142.28871154785156
2022-10-24,146.7124786376953,316.2200012207031,58.70000076293945,119.81999969482422,157.9179229736328,39.31161117553711,101.61892700195312,116.00724792480469,25.859804153442383,128.59075927734375,239.73036193847656,12.567850112915039,69.5909194946289,106.94839477539062,144.00807189941406
2022-10-25,149.54949951171875,323.7900085449219,61.470001220703125,120.5999984741211,162.45936584472656,40.05197525024414,103.56169128417969,116.2170639038086,26.07863426208496,136.3129425048828,243.03663635253906,13.228215217590332,69.8009033203125,109.51227569580078,144.46238708496094
2022-10-26,146.6143035888672,320.4800109863281,59.72999954223633,115.66000366210938,157.19053649902344,40.07002639770508,94.09564208984375,118.03551483154297,25.888347625732422,128.68991088867188,224.28485107421875,12.864119529724121,71.40419006347656,108.53817749023438,140.640625
2022-10-27,142.14764404296875,318.6499938964844,58.599998474121094,110.95999908447266,157.03326416015625,40.106143951416016,91.4094467163086,117.82571411132812,24.994007110595703,97.0874252319336,219.8538055419922,13.143424987792969,71.71912384033203,105.40452575683594,139.65176391601562
2022-10-28,152.88726806640625,325.67999267578125,62.0099983215332,103.41000366210938,160.24765014648438,41.20766067504883,95.44367980957031,121.09548950195312,27.658002853393555,98.3364486694336,228.69647216796875,13.799798011779785,73.8282241821289,109.54901885986328,144.8958740234375
2022-10-31,150.5312042236328,318.5,60.060001373291016,102.44000244140625,159.824951171875,41.01806640625,93.67931365966797,120.90312194824219,27.049091339111328,92.34903717041016,225.07022094726562,13.463630676269531,74.50581359863281,108.1246566772461,144.2403564453125
2022-11-01,147.89048767089844,316.0199890136719,59.65999984741211,96.79000091552734,157.1020965576172,41.04514694213867,89.67483520507812,120.824462890625,26.925405502319336,94.37126159667969,221.23060607910156,13.50951862335205,73.58963775634766,107.82138061523438,146.27874755859375
2022-11-02,142.37342834472656,301.2200012207031,58.630001068115234,92.12000274658203,147.4588623046875,40.241580963134766,86.20560455322266,119.62670135498047,26.088150024414062,89.75183868408203,213.4060821533203,13.186321258544922,71.69050598144531,103.38280487060547,142.31875610351562
2022-11-03,136.33607482910156,285.92999267578125,60.11000061035156,89.30000305175781,143.84149169921875,39.59150314331055,82.69671630859375,117.56343841552734,26.05960464477539,88.13603973388672,207.7340087890625,13.387818336486816,71.60458374023438,95.46141052246094,140.54974365234375
2022-11-04,136.07058715820312,285.75,62.189998626708984,90.9800033569336,137.39303588867188,40.19643020629883,85.81902313232422,119.7403793334961,27.19263458251953,89.99966430664062,214.65682983398438,14.121003150939941,72.53030395507812,98.0436782836914,146.05426025390625
2022-11-07,136.6015625,299.5400085449219,63.08000183105469,90.52999877929688,142.1310577392578,40.22352981567383,87.71222686767578,120.94684600830078,27.395130157470703,95.87805938720703,220.9397430419922,14.265642166137695,73.23652648925781,101.16812896728516,148.7841033935547
2022-11-08,137.17189025878906,302.1700134277344,63.849998474121094,89.9800033569336,144.59837341308594,40.2776985168457,88.11863708496094,122.43311309814453,27.462631225585938,95.6302261352539,221.90933227539062,14.565897941589355,72.18675231933594,103.4195785522461,150.95718383789062
2022-11-09,132.619140625,298.8699951171875,59.91999816894531,86.13999938964844,139.64410400390625,39.64567565917969,86.5525131225586,121.5484390258789,26.536924362182617,100.58668518066406,217.68194580078125,13.741944313049316,72.20584869384766,101.48057556152344,148.15548706054688
2022-11-10,144.41888427734375,329.95001220703125,68.47000122070312,96.62999725341797,153.64193725585938,41.225730895996094,93.11434173583984,124.94566345214844,28.69690704345703,110.89617156982422,235.59024047851562,15.71106243133545,73.64689636230469,110.89990234375,156.86578369140625
2022-11-11,147.20169067382812,341.1499938964844,72.37000274658203,100.79000091552734,155.047607421875,40.440216064453125,95.56262969970703,126.66200256347656,29.342975616455078,112.03614044189453,239.5946044921875,16.28663444519043,74.19087219238281,111.58911895751953,161.17605590820312
2022-11-14,145.80535888671875,340.3699951171875,73.52999877929688,98.48999786376953,155.96176147460938,40.395076751708984,94.85885620117188,127.57321166992188,29.265830993652344,113.22569274902344,234.2037353515625,16.254716873168945,74.9448013305664,111.01019287109375,159.33517456054688
2022-11-15,147.53598022460938,345.9599914550781,76.37000274658203,98.94000244140625,159.3137969970703,40.539527893066406,97.57478332519531,127.69708251953125,29.61297035217285,116.06080627441406,234.61094665527344,16.624797821044922,75.56513214111328,115.8071517944336,159.45193481445312
2022-11-16,146.30682373046875,338.4100036621094,72.69999694824219,97.12000274658203,152.4819793701172,40.07905960083008,97.98118591308594,127.85630798339844,28.475122451782227,112.24433135986328,235.03875732421875,15.87066650390625,76.24271392822266,110.94584655761719,155.76132202148438
2022-11-17,148.2046661376953,337.8299865722656,73.9000015258789,94.8499984741211,147.1443328857422,42.06541442871094,97.49547576904297,129.24525451660156,28.822263717651367,110.47981262207031,234.9901123046875,15.638242721557617,75.58421325683594,112.9032211303711,157.46742248535156
2022-11-18,148.76513671875,330.8599853515625,73.56999969482422,94.13999938964844,145.52239990234375,43.14887619018555,96.57365417480469,130.61656188964844,28.802974700927734,111.0746078491211,234.54287719726562,15.370904922485352,76.09002685546875,113.81298828125,157.3057861328125
2022-11-21,145.5398712158203,321.489990234375,72.45999908447266,92.45999908447266,142.38665771484375,42.9953727722168,94.7597427368164,129.7672576904297,27.906198501586914,108.90364837646484,235.3498992919922,15.279134750366211,76.17591094970703,110.45879364013672,154.8094482421875
2022-11-22,147.6736602783203,330.8800048828125,75.25,93.19999694824219,146.71180725097656,43.68157196044922,96.19699096679688,131.90821838378906,28.754762649536133,110.46990203857422,238.2473907470703,15.99835205078125,78.37091827392578,113.62920379638672,159.13760375976562
2022-11-23,148.54881286621094,335.7799987792969,76.4000015258789,94.12999725341797,149.65098571777344,43.853118896484375,97.59459686279297,131.59857177734375,28.610122680664062,111.262939453125,240.72683715820312,16.478160858154297,78.79082489013672,115.00763702392578,160.7180633544922
2022-11-25,145.63821411132812,334.29998779296875,75.13999938964844,93.41000366210938,150.74209594726562,43.69962692260742,96.6033935546875,131.26239013671875,28.29191017150879,110.44015502929688,240.63929748535156,16.22977638244629,78.94351196289062,113.4454116821289,159.00296020507812
2022-11-28,141.81312561035156,328.9700012207031,73.19000244140625,93.94999694824219,151.07630920410156,43.41070556640625,95.2057876586914,129.3248748779297,27.703699111938477,107.83304595947266,235.0679168701172,15.787873268127441,77.67422485351562,109.85227966308594,155.3482208251953
2022-11-29,138.81402587890625,326.7799987792969,73.38999938964844,92.41999816894531,149.10049438476562,43.59128189086914,94.35334777832031,129.5991668701172,27.867626190185547,108.50712585449219,233.67747497558594,15.600336074829102,77.15889739990234,108.7862777709961,155.3302459716797
2022-11-30,145.55953979492188,344.92999267578125,77.62999725341797,96.54000091552734,157.52474975585938,44.891441345214844,100.10237121582031,131.7312774658203,28.995832443237305,117.07191467285156,248.07752990722656,16.885482788085938,79.23937225341797,116.98018646240234,162.04705810546875
2022-12-01,145.8348846435547,344.1099853515625,77.4800033569336,95.5,144.5000762939453,45.11716079711914,100.10237121582031,131.96133422851562,28.764404296875,119.39154052734375,247.63998413085938,17.09701156616211,80.27005767822266,117.276123046875,159.3890838623047
2022-12-02,145.3432159423828,341.5299987792969,74.9800033569336,94.12999725341797,142.10157775878906,44.87337875366211,99.55720520019531,131.52777099609375,28.359407424926758,122.41500091552734,247.9608612060547,16.838586807250977,79.54475402832031,116.21258544921875,159.53273010253906
2022-12-05,144.1829071044922,334.0899963378906,73.62000274658203,91.01000213623047,131.65232849121094,44.53931427001953,98.60564422607422,130.41310119628906,28.12798500061035,121.3642349243164,243.27430725097656,16.57317543029785,75.80372619628906,114.02999877929688,159.29029846191406
2022-12-06,140.52500915527344,331.1499938964844,70.2699966430664,88.25,131.0035858154297,43.871177673339844,96.12761688232422,130.49270629882812,27.578344345092773,113.1265869140625,238.33489990234375,15.951557159423828,75.30747985839844,110.77465057373047,156.551513671875
2022-12-07,138.58786010742188,326.67999267578125,70.13999938964844,88.45999908447266,128.26101684570312,43.50099563598633,94.10556030273438,130.2892608642578,27.317989349365234,112.93824005126953,237.6056671142578,16.084260940551758,75.18340301513672,109.32269287109375,156.02166748046875
2022-12-08,140.26930236816406,332.5799865722656,70.47000122070312,90.3499984741211,127.91698455810547,44.23233413696289,92.88636016845703,130.74041748046875,27.424060821533203,114.32604217529297,240.55177307128906,17.130937576293945,76.41450500488281,112.59654998779297,158.36537170410156
2022-12-09,139.7874755859375,330.6400146484375,68.58999633789062,89.08999633789062,128.8802947998047,43.7537956237793,92.01409912109375,130.09458923339844,27.2312068939209,114.89108276367188,238.6265869140625,16.96331024169922,76.21407318115234,110.09954833984375,156.47967529296875
2022-12-12,142.07859802246094,338.1700134277344,70.66999816894531,90.55000305175781,130.84629821777344,44.512237548828125,92.4898681640625,132.0055694580078,27.665128707885742,113.71142578125,245.5203399658203,17.496124267578125,77.56925964355469,112.09713745117188,159.37112426757812
2022-12-13,143.04225158691406,342.4599914550781,71.6500015258789,92.48999786376953,133.31361389160156,44.81919860839844,94.78948211669922,133.20870971679688,27.703699111938477,119.10409545898438,249.8083038330078,18.031932830810547,76.88212585449219,114.20572662353516,159.3890838623047
2022-12-14,140.8199920654297,339.9200134277344,68.93000030517578,91.58000183105469,132.45840454101562,44.512237548828125,94.23440551757812,132.58058166503906,27.25048828125,120.53153991699219,250.10000610351562,17.634817123413086,78.0846176147461,112.55956268310547,157.88047790527344
2022-12-15,134.22195434570312,328.7099914550781,66.52999877929688,88.44999694824219,128.22169494628906,43.473907470703125,90.0614013671875,125.94538879394531,26.180139541625977,115.13890838623047,242.1172332763672,16.91441535949707,76.41450500488281,107.87071228027344,152.6632843017578
2022-12-16,132.26516723632812,338.5400085449219,65.41000366210938,87.86000061035156,126.08860778808594,43.16693115234375,89.46665954589844,123.99903869628906,25.958356857299805,118.39035034179688,237.91680908203125,16.53426170349121,75.94688415527344,105.91936492919922,152.25025939941406
2022-12-19,130.160888671875,328.760009765625,64.58999633789062,84.91999816894531,126.8160171508789,42.7967529296875,87.66266632080078,122.85778045654297,25.833003997802734,113.48343658447266,233.794189453125,16.217960357666016,76.82487487792969,104.14370727539062,150.5081787109375
2022-12-20,130.09205627441406,338.2200012207031,65.05000305175781,85.19000244140625,126.26553344726562,42.769657135009766,88.2375717163086,124.9898910522461,25.49550437927246,116.07070922851562,235.10679626464844,16.04933738708496,77.24478912353516,103.67204284667969,149.14324951171875
2022-12-21,133.1894989013672,341.3800048828125,67.68000030517578,86.7699966430664,128.0841064453125,43.031490325927734,88.79265594482422,125.75076293945312,25.87157440185547,118.71746826171875,237.66400146484375,16.46441650390625,77.77923583984375,105.97486114501953,151.513916015625
2022-12-22,130.0232391357422,336.5199890136719,63.86000061035156,83.79000091552734,126.99295043945312,42.72451400756836,86.98865509033203,124.63603973388672,25.04229164123535,116.10045623779297,231.5967559814453,15.304993629455566,76.81532287597656,102.35881805419922,147.89508056640625
2022-12-23,129.65939331054688,338.45001220703125,64.5199966430664,85.25,127.23869323730469,42.86897659301758,88.44574737548828,125.31722259521484,25.158010482788086,117.012451171875,232.1217803955078,15.17228889465332,77.15889739990234,102.50677490234375,147.6077423095703
2022-12-27,127.85991668701172,335.0899963378906,63.27000045776367,83.04000091552734,128.43795776367188,42.91411590576172,86.62189483642578,125.99844360351562,25.013368606567383,115.86253356933594,230.40077209472656,14.089693069458008,77.282958984375,101.23053741455078,147.06895446777344
2022-12-28,123.93653869628906,328.3299865722656,62.56999969482422,81.81999969482422,126.28520965576172,42.4987907409668,85.2639389038086,123.87516021728516,24.627656936645508,114.613525390625,228.03805541992188,14.00487995147705,76.66265106201172,98.92772674560547,144.74322509765625
2022-12-29,127.44694519042969,337.5799865722656,64.81999969482422,84.18000030517578,130.28598022460938,42.88703918457031,87.6725845336914,124.7952651977539,25.273719787597656,119.2131118774414,234.33865356445312,14.570624351501465,77.68379211425781,101.58197021484375,148.1824493408203
2022-12-30,127.76161193847656,336.5299987792969,64.7699966430664,84.0,130.33514404296875,43.0134391784668,87.45452117919922,124.64486694335938,25.485862731933594,119.29241943359375,233.181640625,14.581600189208984,78.00825500488281,101.67444610595703,148.36204528808594
2023-01-03,122.98271942138672,336.9200134277344,64.0199966430664,85.81999969482422,132.48788452148438,43.2843017578125,88.33670043945312,125.22876739501953,25.775144577026367,123.65411376953125,232.9482421875,14.28326416015625,79.8978500366211,99.14045715332031,146.55712890625
2023-01-04,124.25119018554688,341.4100036621094,64.66000366210938,85.13999938964844,137.216064453125,43.275203704833984,87.30583953857422,126.15766906738281,26.691207885742188,126.26122283935547,222.7583465576172,14.716300010681152,80.62318420410156,103.14490509033203,151.9090118408203
2023-01-05,122.93354034423828,328.44000244140625,62.33000183105469,83.12000274658203,134.0213623046875,42.665435791015625,85.4423599243164,124.8394775390625,26.575496673583984,125.83496856689453,216.1562957763672,14.233373641967773,80.46092987060547,101.17504119873047,149.89755249023438
2023-01-06,127.456787109375,332.75,63.959999084472656,86.08000183105469,138.1204376220703,43.97597885131836,86.57232666015625,127.1308364868164,27.703699111938477,128.88816833496094,218.7037811279297,14.826057434082031,81.74929809570312,106.66845703125,157.28781127929688
2023-01-09,127.97795104980469,341.9800109863281,67.23999786376953,87.36000061035156,144.59837341308594,44.21260452270508,87.24636840820312,126.9981460571289,28.262981414794922,128.3429412841797,220.83314514160156,15.593353271484375,82.78385925292969,105.99333953857422,158.65272521972656
2023-01-10,128.5482635498047,338.70001220703125,68.05000305175781,89.87000274658203,144.9326171875,44.42192840576172,87.6428451538086,128.10401916503906,28.38833999633789,131.83230590820312,222.51524353027344,15.87373161315918,82.8604965209961,108.12041473388672,160.1972198486328
2023-01-11,131.26219177246094,342.92999267578125,69.05999755859375,95.08999633789062,142.43577575683594,44.78596878051758,90.71560668945312,128.51101684570312,28.783693313598633,131.73316955566406,229.24371337890625,15.965523719787598,84.87213897705078,109.48916625976562,160.61927795410156
2023-01-12,131.1835174560547,344.5400085449219,70.80000305175781,95.2699966430664,147.0558624267578,44.594844818115234,90.32902526855469,128.76754760742188,29.20797348022461,135.5199432373047,231.9078826904297,16.474395751953125,85.04457092285156,112.44857025146484,159.9547882080078
2023-01-13,132.510986328125,344.3800048828125,71.0,98.12000274658203,146.96739196777344,44.485626220703125,91.31033325195312,129.068359375,29.03440284729004,135.78756713867188,232.60792541503906,16.861536026000977,85.44688415527344,111.20006561279297,160.74497985839844
2023-01-17,133.6713104248047,344.3800048828125,71.58999633789062,96.05000305175781,145.94509887695312,43.75755310058594,90.48762512207031,128.44908142089844,28.54262351989746,134.1816864013672,233.69696044921875,17.66275405883789,84.87213897705078,111.23705291748047,157.50331115722656
2023-01-18,132.95350646972656,341.30999755859375,70.52999877929688,95.45999908447266,142.9764404296875,42.68363571166992,90.31912231445312,124.22020721435547,27.780841827392578,131.86204528808594,229.28265380859375,17.338470458984375,83.06165313720703,112.8647232055664,156.0306854248047
2023-01-19,133.01251220703125,342.5299987792969,67.70999908447266,93.68000030517578,143.9200897216797,42.283203125,92.2321548461914,124.40602111816406,27.404773712158203,134.96478271484375,225.51002502441406,16.72783088684082,82.32406616210938,108.74005126953125,153.48944091796875
2023-01-20,135.56907653808594,356.3800048828125,70.06999969482422,97.25,148.6777801513672,42.574424743652344,97.15846252441406,124.91911315917969,28.176193237304688,138.15676879882812,233.570556640625,17.799448013305664,83.57893371582031,113.66008758544922,155.3482208251953
2023-01-23,138.7550048828125,364.9800109863281,76.52999877929688,97.5199966430664,153.21922302246094,43.229698181152344,98.91292572021484,125.50300598144531,29.188688278198242,142.02281188964844,235.86521911621094,19.15045166015625,85.22657012939453,121.1788558959961,159.99070739746094
2023-01-24,140.15133666992188,361.32000732421875,74.69999694824219,96.31999969482422,152.2263946533203,43.5118293762207,96.84129333496094,125.17570495605469,28.8511905670166,141.89393615722656,235.34014892578125,19.2222900390625,85.92584991455078,120.8736343383789,158.97598266601562
2023-01-25,139.49252319335938,358.1700134277344,74.91000366210938,97.18000030517578,153.51412963867188,43.66654968261719,94.3830795288086,124.52986145019531,28.639049530029297,140.26821899414062,233.94976806640625,19.280160903930664,85.8683853149414,121.30831909179688,157.18008422851562
2023-01-26,141.55747985839844,365.82000732421875,75.16000366210938,99.22000122070312,162.2824249267578,43.99417495727539,96.66285705566406,118.94741821289062,29.015119552612305,146.0177459716797,241.13519287109375,19.75809669494629,86.05038452148438,123.88856506347656,156.3359832763672
2023-01-27,143.49456787109375,370.7099914550781,75.4000015258789,102.23999786376953,161.72213745117188,44.14889144897461,98.49661254882812,118.89435577392578,27.154062271118164,150.4190673828125,241.29075622558594,20.31985092163086,85.24573516845703,123.37065887451172,157.3596954345703
2023-01-30,140.61351013183594,363.4200134277344,72.44999694824219,100.55000305175781,161.9481964111328,43.884971618652344,96.08796691894531,119.69940948486328,26.95156478881836,145.77981567382812,235.99159240722656,19.119518280029297,83.67472839355469,121.73373413085938,156.57286071777344
2023-01-31,141.8819580078125,370.3399963378906,75.1500015258789,103.12999725341797,165.11346435546875,44.29450607299805,97.97126007080078,119.19512176513672,27.25048828125,147.67320251464844,240.95045471191406,19.49368667602539,84.73802185058594,123.19495391845703,160.26271057128906
2023-02-01,143.0029296875,383.9200134277344,84.63999938964844,105.1500015258789,168.89797973632812,44.203495025634766,99.54728698730469,119.51361846923828,28.031553268432617,151.78707885742188,245.7537078857422,20.896570205688477,86.26111602783203,128.0502471923828,164.68504333496094
2023-02-02,148.30299377441406,392.2300109863281,88.30999755859375,112.91000366210938,171.67002868652344,44.88607406616211,106.79302978515625,120.66372680664062,29.11154556274414,187.12673950195312,257.27569580078125,21.66086769104004,85.61932373046875,125.6364974975586,167.05447387695312
2023-02-03,151.9215850830078,379.3299865722656,86.08999633789062,103.38999938964844,168.1312713623047,44.258113861083984,103.85905456542969,121.15032196044922,29.23690414428711,184.9062042236328,251.19866943359375,21.0532169342041,85.84921264648438,124.868896484375,164.85684204101562
2023-02-06,149.19778442382812,375.2300109863281,83.68000030517578,102.18000030517578,166.17507934570312,43.29340744018555,101.99559020996094,120.47792053222656,28.002227783203125,184.44033813476562,249.6623992919922,21.04224395751953,84.80509185791016,122.9360122680664,163.69021606445312
2023-02-07,152.0690460205078,383.82000732421875,85.91000366210938,102.11000061035156,168.36715698242188,43.53913116455078,106.69392395019531,120.17713928222656,28.353595733642578,189.95191955566406,260.15374755859375,22.123844146728516,84.04832458496094,126.35782623291016,165.94212341308594
2023-02-08,149.3846435546875,378.3599853515625,84.69000244140625,100.05000305175781,166.74522399902344,42.738250732421875,98.49661254882812,120.30101013183594,27.56301498413086,181.83322143554688,259.34674072265625,22.155771255493164,83.04251098632812,122.23312377929688,159.62059020996094
2023-02-09,148.35215759277344,375.80999755859375,83.20999908447266,98.23999786376953,170.7066650390625,42.5289192199707,94.17493438720703,119.78158569335938,27.06523895263672,176.3711700439453,256.3228759765625,22.287479400634766,83.00418090820312,120.71642303466797,158.25498962402344
2023-02-10,148.71653747558594,370.989990234375,81.4800033569336,97.61000061035156,164.18942260742188,43.011268615722656,93.73880004882812,121.43838500976562,27.133562088012695,172.63397216796875,255.81719970703125,21.217853546142578,83.47357940673828,119.29222869873047,158.97848510742188
2023-02-13,151.51339721679688,375.0,83.12999725341797,99.54000091552734,168.1705780029297,43.55733108520508,93.77845764160156,123.005615234375,27.865581512451172,177.8680419921875,263.80975341796875,21.739694595336914,85.65763092041016,121.00312805175781,159.8104705810547
2023-02-14,150.873291015625,377.8999938964844,85.94999694824219,99.69999694824219,167.06964111328125,43.411720275878906,93.84783172607422,121.80554962158203,27.95342254638672,177.91761779785156,264.6361389160156,22.920072555541992,85.34152221679688,122.39037322998047,159.4758758544922
2023-02-15,152.97088623046875,375.94000244140625,85.18000030517578,101.16000366210938,168.19024658203125,44.094295501708984,96.08796691894531,122.15479278564453,28.15839195251465,175.6177978515625,262.5208740234375,22.713531494140625,84.62306213378906,123.06549072265625,161.4293212890625
2023-02-16,151.37551879882812,365.1600036621094,80.08000183105469,98.1500015258789,165.25106811523438,46.40594482421875,94.67053985595703,120.90103912353516,27.523975372314453,170.93890380859375,255.53192138671875,21.953222274780273,84.02915954589844,120.37425231933594,159.24073791503906
2023-02-17,150.233154296875,356.8500061035156,78.5,97.19999694824219,162.361083984375,46.20571517944336,93.52072143554688,120.91895294189453,26.948116302490234,171.37506103515625,251.5452117919922,21.34058380126953,83.60768127441406,118.1176986694336,158.5534210205078
2023-02-21,146.22494506835938,346.70001220703125,76.7699966430664,94.58000183105469,158.87142944335938,45.222808837890625,90.98323822021484,117.95462799072266,25.435274124145508,170.58201599121094,246.291259765625,20.60920524597168,82.57311248779297,114.39991760253906,154.4294891357422
2023-02-22,146.64840698242188,348.7200012207031,76.61000061035156,95.79000091552734,160.5818634033203,44.876976013183594,90.84446716308594,117.2918930053711,24.859416961669922,169.63038635253906,245.16055297851562,20.70798683166504,82.68806457519531,114.63113403320312,153.5613250732422
2023-02-23,147.13096618652344,347.0199890136719,79.75,95.81999969482422,161.3289337158203,44.78596878051758,90.09113311767578,117.13069915771484,24.996061325073242,170.5423583984375,248.3382568359375,23.61153793334961,84.85298156738281,116.71199035644531,155.38816833496094
2023-02-24,144.48182678222656,320.5400085449219,78.08999633789062,93.5,159.44161987304688,44.1215934753418,88.34661865234375,116.9336929321289,24.537330627441406,168.90672302246094,242.9283447265625,23.2343692779541,84.92962646484375,114.9918212890625,152.96446228027344
2023-02-27,145.6734619140625,322.32000732421875,78.7699966430664,93.76000213623047,160.36558532714844,44.349117279052734,89.08010864257812,116.86204528808594,24.303081512451172,168.06411743164062,243.84461975097656,23.448896408081055,84.25906372070312,114.14097595214844,154.4114227294922
2023-02-28,145.17120361328125,323.95001220703125,78.58000183105469,94.2300033569336,160.82760620117188,44.066993713378906,89.2684326171875,115.79634094238281,24.33236312866211,173.41712951660156,243.12332153320312,23.164525985717773,83.7226333618164,114.24271392822266,155.05352783203125
2023-03-01,143.1031036376953,323.3800048828125,78.29000091552734,92.16999816894531,164.5040283203125,43.99417495727539,89.5657958984375,114.80225372314453,24.722776412963867,171.91033935546875,240.05282592773438,22.647680282592773,82.70722961425781,115.08013153076172,155.70468139648438
2023-03-02,143.69398498535156,333.5,80.44000244140625,92.12999725341797,183.4167938232422,44.16709899902344,91.1913833618164,115.46495056152344,25.57192039489746,173.0106964111328,244.77066040039062,23.262310028076172,83.31070709228516,115.17317199707031,157.43203735351562
2023-03-03,148.7362060546875,344.0400085449219,81.5199966430664,94.9000015258789,183.259521484375,44.84967803955078,92.82688903808594,116.10081481933594,25.767122268676758,183.6373748779297,248.84512329101562,23.8370361328125,85.49478912353516,115.00568389892578,158.87901306152344
2023-03-06,151.49371337890625,347.0199890136719,81.16000366210938,93.75,180.6742401123047,44.97708511352539,94.29387664794922,116.5933837890625,25.366952896118164,183.2904052734375,250.38525390625,23.501785278320312,85.96417236328125,113.89844512939453,156.5005340576172
2023-03-07,149.29757690429688,344.79998779296875,82.11000061035156,93.55000305175781,180.20240783691406,44.5129280090332,93.03504180908203,114.85598754882812,24.917978286743164,182.90382385253906,247.73391723632812,23.240312576293945,84.6422348022461,110.90234375,155.60520935058594
2023-03-08,150.5482635498047,345.8399963378906,85.37000274658203,93.91999816894531,179.8386993408203,44.69495391845703,93.4216079711914,114.67687225341797,25.357192993164062,183.35980224609375,247.29525756835938,24.131486892700195,84.76675415039062,112.77257537841797,159.36737060546875
2023-03-09,148.30291748046875,338.3699951171875,84.02999877929688,92.25,175.68063354492188,44.42192840576172,91.5085678100586,112.9842529296875,25.806163787841797,180.10838317871094,245.95010375976562,23.38801383972168,83.21492767333984,109.06932067871094,156.85324096679688
2023-03-10,146.24464416503906,329.29998779296875,82.66999816894531,90.7300033569336,170.23483276367188,44.19439697265625,89.83341979980469,112.3484115600586,26.567466735839844,177.9473419189453,242.31427001953125,22.917980194091797,80.53273010253906,107.18046569824219,155.225341796875
2023-03-13,148.1847381591797,324.2699890136719,82.01000213623047,92.43000030517578,172.5252227783203,44.057891845703125,90.3092041015625,112.4648208618164,26.303937911987305,179.3252410888672,247.5097198486328,22.918977737426758,81.35655975341797,106.47332000732422,157.26016235351562
2023-03-14,150.2725067138672,333.3299865722656,87.44999694824219,94.87999725341797,179.77972412109375,44.64035415649414,93.1440658569336,111.63194274902344,27.33852767944336,192.33103942871094,254.20635986328125,24.013731002807617,81.00212097167969,108.44591522216797,158.92422485351562
2023-03-15,150.6664581298828,333.6099853515625,89.68000030517578,96.19999694824219,179.79937744140625,44.64945983886719,95.2652587890625,110.40503692626953,27.72893714904785,196.028564453125,258.73895263671875,24.178390502929688,79.48860168457031,107.45960998535156,157.7123565673828
2023-03-16,153.4830322265625,353.2900085449219,96.5999984741211,100.04000091552734,184.11471557617188,45.61415481567383,99.43826293945312,111.67671966552734,29.456506729125977,203.14605712890625,269.227294921875,25.488706588745117,81.25119018554688,112.13056182861328,160.1903533935547
2023-03-17,152.6459197998047,358.1400146484375,97.83999633789062,98.94999694824219,181.70639038085938,45.677860260009766,100.72683715820312,110.77220916748047,29.09537696838379,193.9071807861328,272.3757019042969,25.67232322692871,81.67266845703125,112.33525848388672,158.9061737060547
2023-03-20,155.00949096679688,362.8800048828125,96.80999755859375,97.70999908447266,182.099609375,46.360435485839844,100.33035278320312,112.7872314453125,28.46095848083496,196.08804321289062,265.35748291015625,25.84696388244629,83.30113220214844,113.3494644165039,162.02618408203125
2023-03-21,156.86093139648438,374.2200012207031,95.93000030517578,100.61000061035156,185.4712371826172,46.11470413208008,103.9978256225586,113.35143280029297,27.777738571166992,200.40017700195312,266.86834716796875,26.145357131958008,83.89505767822266,115.19181823730469,161.34791564941406
2023-03-22,155.43296813964844,361.7099914550781,97.58000183105469,98.69999694824219,183.33816528320312,45.013492584228516,102.46145629882812,111.0946273803711,27.455650329589844,198.07061767578125,265.416015625,26.413806915283203,84.20159149169922,113.48904418945312,159.45777893066406
2023-03-23,156.5162353515625,369.0,100.27999877929688,98.70999908447266,184.2523651123047,45.25921630859375,104.67185974121094,110.48564147949219,28.334077835083008,202.50169372558594,270.6504821777344,27.135324478149414,84.08662414550781,115.5174560546875,163.03909301757812
2023-03-24,157.81622314453125,374.9599914550781,97.94999694824219,98.12999725341797,186.82778930664062,45.96909713745117,104.51326751708984,112.20511627197266,28.656166076660156,204.21665954589844,273.4869384765625,26.724163055419922,84.30696868896484,116.08504486083984,162.3426971435547
2023-03-27,155.87612915039062,373.1499938964844,96.61000061035156,98.04000091552734,188.0073699951172,45.996402740478516,101.5594482421875,115.80526733398438,28.48048210144043,201.0742645263672,269.4027404785156,26.476675033569336,86.34733581542969,115.00568389892578,160.1179962158203
2023-03-28,155.2556915283203,373.3999938964844,94.55999755859375,97.23999786376953,189.02972412109375,45.859886169433594,100.14202117919922,115.8321304321289,28.587846755981445,198.9330596923828,268.28173828125,26.355924606323242,86.06953430175781,112.9028549194336,160.51589965820312
2023-03-29,158.32830810546875,379.1600036621094,96.08999633789062,100.25,193.29586791992188,46.56975555419922,100.49884796142578,116.16352081298828,30.764381408691406,203.56243896484375,273.42840576171875,26.92874526977539,86.80714416503906,116.39208984375,163.72640991210938
2023-03-30,159.89413452148438,381.8999938964844,97.87999725341797,102.0,193.25657653808594,46.80638885498047,100.00325775146484,115.72467803955078,31.320722579956055,206.03073120117188,276.87908935546875,27.326932907104492,86.70177459716797,118.5414810180664,166.62037658691406
2023-03-31,162.3955535888672,385.3699951171875,98.01000213623047,103.29000091552734,196.3824920654297,47.5799674987793,102.81829071044922,117.3993911743164,31.886812210083008,210.09506225585938,281.021728515625,27.720123291015625,89.01036071777344,118.7089614868164,168.22108459472656
2023-04-03,163.64627075195312,380.0799865722656,96.55999755859375,102.41000366210938,193.14845275878906,47.60727310180664,103.44274139404297,118.26807403564453,32.10154342651367,211.21519470214844,279.978759765625,27.907737731933594,89.9682846069336,116.06643676757812,166.5480499267578
2023-04-04,163.11447143554688,385.1499938964844,95.87000274658203,103.94999694824219,193.84634399414062,47.51557922363281,103.79959106445312,117.85612487792969,32.30650329589844,212.85081481933594,279.9299621582031,27.396787643432617,90.0449447631836,113.79610443115234,163.14759826660156
2023-04-05,161.27288818359375,382.0199890136719,92.55999755859375,101.0999984741211,191.98851013183594,47.51557922363281,103.55179595947266,118.33973693847656,32.04298400878906,209.63905334472656,277.1617736816406,26.82596206665039,90.89749145507812,114.4846420288086,160.2536163330078
2023-04-06,162.15921020507812,380.6000061035156,92.47000122070312,102.05999755859375,189.27542114257812,47.011268615722656,107.4670639038086,116.8709945678711,32.02345657348633,214.21885681152344,284.2384338378906,26.981639862060547,91.88414764404297,114.44741821289062,161.08567810058594
2023-04-10,159.56915283203125,376.25,95.4800033569336,102.16999816894531,188.23348999023438,47.066280364990234,105.50447845458984,117.34564971923828,31.740415573120117,212.88059997558594,282.08428955078125,27.52252769470215,90.19113159179688,115.64772033691406,162.26132202148438
2023-04-11,158.3578338623047,371.1099853515625,94.02999877929688,99.91999816894531,185.67771911621094,46.41525650024414,104.42404174804688,116.79934692382812,31.57448387145996,211.98843383789062,275.68988037109375,27.11336898803711,90.39313507080078,114.97779846191406,162.66827392578125
2023-04-12,157.66847229003906,369.8900146484375,92.33000183105469,97.83000183105469,187.08338928222656,45.94761657714844,103.72026824951172,115.11568450927734,31.252397537231445,212.1370849609375,276.33319091796875,26.440752029418945,90.32579040527344,111.90723419189453,160.57012939453125
2023-04-13,163.04554748535156,378.79998779296875,92.08999633789062,102.4000015258789,190.72044372558594,46.58030319213867,106.48577880859375,114.54254913330078,31.35976219177246,218.4318389892578,282.5228576660156,26.4088134765625,91.91300201416016,112.70745086669922,161.98095703125
2023-04-14,162.70086669921875,379.3800048828125,91.75,102.51000213623047,191.3397216796875,46.3419075012207,107.91310119628906,114.75747680664062,31.125513076782227,219.56190490722656,278.9163818359375,26.703208923339844,92.06690216064453,111.80489349365234,161.8634033203125
2023-04-17,162.7205810546875,377.9200134277344,89.87000274658203,102.73999786376953,193.72842407226562,46.10349655151367,105.03860473632812,114.47090148925781,31.36952018737793,216.9547882080078,281.50909423828125,26.94671058654785,91.95146942138672,111.07913208007812,162.8311004638672
2023-04-18,163.9417266845703,377.54998779296875,89.77999877929688,102.30000305175781,195.12425231933594,46.131011962890625,103.58151245117188,114.43507385253906,31.066951751708984,215.99325561523438,281.09002685546875,27.610349655151367,92.79798889160156,110.13005065917969,163.07525634765625
2023-04-19,165.08412170410156,380.1099853515625,89.94000244140625,104.30000305175781,195.53712463378906,44.049556732177734,103.26433563232422,113.1275405883789,30.40325355529785,213.82229614257812,281.1679382324219,27.873807907104492,92.16310119628906,110.29753875732422,160.14511108398438
2023-04-20,164.11898803710938,380.260009765625,90.11000061035156,103.80999755859375,194.15106201171875,42.71083450317383,104.36457061767578,113.16336822509766,30.120206832885742,211.21519470214844,278.88702392578125,27.04850196838379,91.22040557861328,110.3906021118164,159.72911071777344
2023-04-21,162.5137176513672,377.6700134277344,88.43000030517578,106.95999908447266,195.64524841308594,43.12345504760742,104.4835205078125,112.59917449951172,29.57362937927246,211.03677368164062,278.5459289550781,27.06346893310547,91.52821350097656,109.57177734375,160.0908660888672
2023-04-24,162.81906127929688,377.3399963378906,87.56999969482422,106.20999908447266,191.60513305664062,43.453556060791016,105.03860473632812,112.30361938476562,28.948972702026367,210.93763732910156,274.6566162109375,26.986631393432617,91.80718994140625,109.1902847290039,159.0779571533203
2023-04-25,161.2827606201172,369.5899963378906,83.80000305175781,102.56999969482422,187.4274444580078,43.1784782409668,102.93724060058594,112.74246215820312,28.187671661376953,205.7432403564453,268.4669494628906,26.18726921081543,90.47970581054688,106.11975860595703,153.19053649902344
2023-04-26,161.27288818359375,363.05999755859375,85.94000244140625,104.9800033569336,188.26295471191406,42.67416000366211,102.7984619140625,112.70662689208984,28.353595733642578,207.5771484375,287.9132995605469,26.900800704956055,90.14302825927734,106.22209930419922,148.73204040527344
2023-04-27,165.85226440429688,371.4200134277344,87.44000244140625,109.81999969482422,192.60780334472656,42.6925048828125,106.64434814453125,113.70966339111328,29.144182205200195,236.48329162597656,297.1344909667969,27.170249938964844,91.42241668701172,105.99877166748047,149.4645538330078
2023-04-28,167.1029510498047,377.55999755859375,89.37000274658203,105.44999694824219,194.9964599609375,43.3251838684082,106.39655303955078,113.2081527709961,30.31540870666504,238.22799682617188,299.5031433105469,27.692182540893555,91.11459350585938,108.67852783203125,151.20994567871094
2023-05-01,167.01431274414062,374.1499938964844,89.69000244140625,102.05000305175781,194.4263153076172,43.40770721435547,106.25778198242188,112.92156982421875,29.57362937927246,241.06307983398438,297.84600830078125,28.850805282592773,91.25890350341797,107.78526306152344,150.73973083496094
2023-05-02,165.98025512695312,368.6600036621094,89.91000366210938,103.62999725341797,190.5435028076172,42.509117126464844,104.39432525634766,112.08869934082031,29.056337356567383,237.1573944091797,297.6998291015625,28.152236938476562,91.19155883789062,108.0364990234375,148.26173400878906
2023-05-03,164.9068145751953,345.25,81.62000274658203,103.6500015258789,189.3343963623047,42.14234161376953,104.4835205078125,110.55728149414062,29.915239334106445,234.9666290283203,296.71533203125,27.74506950378418,91.17230224609375,104.98455810546875,147.72817993164062
2023-05-04,163.27206420898438,335.8299865722656,86.61000061035156,104.0,189.1083526611328,41.90393829345703,103.76985931396484,109.76918029785156,30.615957260131836,231.4871826171875,297.6998291015625,27.505565643310547,91.3550796508789,99.1691665649414,146.7786102294922
2023-05-05,170.93389892578125,348.3999938964844,89.83999633789062,105.66000366210938,194.22972106933594,42.40825271606445,104.6421127319336,110.73640441894531,30.370952606201172,230.75363159179688,302.80755615234375,28.621273040771484,93.2789535522461,101.21617889404297,151.1165313720703
2023-05-08,170.8649139404297,344.05999755859375,95.04000091552734,105.83000183105469,194.53445434570312,42.49077224731445,106.82276916503906,110.51251983642578,30.15534782409668,231.2393798828125,300.8580322265625,29.09130859375,93.1058120727539,100.77885437011719,149.6583709716797
2023-05-09,169.1612548828125,342.6499938964844,95.05999755859375,106.62000274658203,197.7586669921875,42.60997772216797,106.4064712524414,109.99506378173828,29.49873161315918,231.33848571777344,299.24969482421875,28.512493133544922,92.48053741455078,98.41546630859375,148.54656982421875
2023-05-10,170.92404174804688,344.0199890136719,97.0199966430664,110.19000244140625,201.3662872314453,42.830039978027344,110.7677993774414,110.76667022705078,29.371328353881836,231.05101013183594,304.4256591796875,28.82585334777832,93.80799865722656,99.05750274658203,148.59213256835938
2023-05-11,171.11114501953125,341.5799865722656,97.0999984741211,112.18000030517578,200.00975036621094,42.518280029296875,115.5454330444336,109.74999237060547,28.283498764038086,233.73739624023438,302.2811584472656,28.51948356628418,93.7310562133789,96.82437133789062,146.87881469726562
2023-05-12,170.1841583251953,335.45001220703125,95.26000213623047,110.26000213623047,198.37796020507812,42.830039978027344,116.4771728515625,111.51104736328125,28.371702194213867,231.774658203125,301.16998291015625,28.281972885131836,94.12545776367188,96.41497802734375,147.52589416503906
2023-05-15,169.6910858154297,345.6700134277344,97.4000015258789,111.19999694824219,199.87213134765625,43.187644958496094,115.48595428466797,111.98308563232422,29.204723358154297,236.78070068359375,301.6476135253906,28.893714904785156,93.55789947509766,98.8900146484375,150.6061553955078
2023-05-16,169.6910858154297,345.1099853515625,101.4800033569336,113.4000015258789,201.0812225341797,43.02259063720703,118.45958709716797,112.07386779785156,28.636310577392578,236.7410430908203,303.8700256347656,29.15318489074707,94.51022338867188,96.57315826416016,148.8928680419922
2023-05-17,170.30247497558594,356.6300048828125,103.75,115.5,205.81922912597656,43.673622131347656,119.77790832519531,114.11636352539062,28.29330062866211,240.3791046142578,306.7420654296875,30.116209030151367,95.97237396240234,97.5222396850586,150.6790771484375
2023-05-18,172.6298828125,360.42999267578125,107.93000030517578,118.1500015258789,209.69223022460938,44.1962776184082,121.75041198730469,114.51578521728516,29.087120056152344,244.70115661621094,311.15765380859375,31.613136291503906,98.4445571899414,99.5227279663086,154.7527618408203
2023-05-19,172.73834228515625,371.25,105.81999969482422,116.25,206.78256225585938,45.04902648925781,121.68102264404297,115.52342224121094,29.332128524780273,243.5016632080078,310.9817199707031,31.199983596801758,98.92550659179688,98.49922180175781,155.02615356445312
2023-05-22,171.79164123535156,372.04998779296875,108.0,115.01000213623047,206.68423461914062,44.764774322509766,123.9509048461914,115.74127197265625,29.67513656616211,246.15835571289062,313.75616455078125,31.11216163635254,97.896240234375,97.95954132080078,155.70962524414062
2023-05-23,169.18809509277344,370.4200134277344,108.12000274658203,114.98999786376953,203.1258544921875,44.847293853759766,121.48277282714844,116.35856628417969,28.920515060424805,244.5920867919922,307.97296142578125,30.625160217285156,94.7891845703125,96.35914611816406,154.68890380859375
2023-05-24,169.46424865722656,365.760009765625,108.2699966430664,116.75,205.504638671875,44.388832092285156,119.83738708496094,114.08912658691406,28.420705795288086,247.04061889648438,306.5955505371094,30.47547149658203,94.57756042480469,95.85669708251953,152.2556610107422
2023-05-25,170.5983428955078,392.05999755859375,120.3499984741211,115.0,206.34022521972656,44.957332611083984,122.39471435546875,115.06952667236328,26.852663040161133,250.4903106689453,318.3865661621094,37.90223693847656,100.32032012939453,96.78714752197266,154.57955932617188
2023-05-26,173.00462341308594,415.3900146484375,127.02999877929688,120.11000061035156,211.7761688232422,45.718387603759766,123.5147705078125,117.00310516357422,28.420705795288086,259.7589111328125,325.19549560546875,38.86625289916992,100.11831665039062,102.67700958251953,160.65811157226562
2023-05-30,174.84877014160156,417.2099914550781,125.2699966430664,121.66000366210938,215.1478271484375,46.00263214111328,122.5830307006836,117.53868865966797,29.39093017578125,260.2347412109375,323.55426025390625,40.028873443603516,101.14759063720703,107.93415832519531,160.8950653076172
2023-05-31,174.7994384765625,417.7900085449219,118.20999908447266,120.58000183105469,219.58114624023438,45.54417037963867,121.79006958007812,116.73075866699219,30.811962127685547,262.41558837890625,320.7994689941406,37.756526947021484,101.90752410888672,106.2570571899414,158.46180725097656
2023-06-01,177.60015869140625,426.75,119.47000122070312,122.7699966430664,209.27935791015625,45.60835266113281,122.6325912475586,117.8473129272461,30.508153915405273,270.23687744140625,324.8926086425781,39.68857192993164,101.95561981201172,108.52442932128906,160.22068786621094
2023-06-02,178.4482879638672,436.3699951171875,117.86000061035156,124.25,209.4071502685547,45.8651008605957,123.5742416381836,120.20753479003906,30.684560775756836,270.23687744140625,327.64739990234375,39.24647521972656,101.85942077636719,108.32768249511719,159.69212341308594
2023-06-05,177.09722900390625,434.17999267578125,117.93000030517578,125.30000305175781,206.29104614257812,46.039310455322266,124.90245819091797,120.40724182128906,29.263526916503906,269.0274963378906,328.1749572753906,39.090797424316406,102.85982513427734,105.61993408203125,155.16281127929688
2023-06-06,176.73236083984375,432.8900146484375,124.2300033569336,126.61000061035156,209.2301788330078,45.672542572021484,126.19103240966797,120.45264434814453,30.341550827026367,268.75982666015625,325.96722412109375,38.574851989746094,103.02336120605469,109.02098083496094,155.25392150878906
2023-06-07,175.361572265625,418.32000732421875,117.83000183105469,121.2300033569336,202.2312774658203,45.64502716064453,121.42330932617188,121.98677062988281,30.655160903930664,261.30535888671875,315.9052734375,37.40213394165039,101.2437744140625,107.9154281616211,156.74850463867188
2023-06-08,178.0735626220703,439.0299987792969,121.05000305175781,124.25,205.96669006347656,45.55333709716797,121.06649017333984,122.01399230957031,31.184371948242188,262.27679443359375,317.74176025390625,38.43512725830078,103.388916015625,109.01161193847656,156.9581298828125
2023-06-09,178.4581756591797,454.0,124.91999816894531,123.43000030517578,211.6483612060547,45.53499984741211,121.15568542480469,122.8219223022461,30.713960647583008,262.6435852050781,319.2364196777344,38.694618225097656,105.66869354248047,111.59754180908203,155.4635467529297
2023-06-12,181.2490234375,474.6300048828125,129.19000244140625,126.56999969482422,210.05593872070312,46.28688430786133,122.55328369140625,123.83863830566406,32.40940475463867,268.69049072265625,324.17950439453125,39.40522766113281,111.99822235107422,114.43643188476562,158.6076202392578
2023-06-13,180.77566528320312,478.989990234375,124.52999877929688,126.66000366210938,205.42604064941406,46.58030319213867,122.74162292480469,124.90982055664062,33.23262023925781,268.9581298828125,326.56304931640625,40.942237854003906,112.23871612548828,116.58200073242188,161.67881774902344
2023-06-14,181.40684509277344,479.5299987792969,127.33000183105469,126.41999816894531,205.83889770507812,46.72700881958008,122.5830307006836,124.54669189453125,34.869266510009766,270.9704284667969,329.5425720214844,42.913394927978516,117.61592102050781,115.61695861816406,161.4145050048828
2023-06-15,183.43833923339844,490.9100036621094,124.23999786376953,127.11000061035156,208.31602478027344,47.6164436340332,123.99055480957031,125.63602447509766,35.104469299316406,279.3766174316406,340.0538635253906,42.570072174072266,121.73301696777344,115.81371307373047,162.2985076904297
2023-06-16,182.3634033203125,495.17999267578125,120.08000183105469,125.48999786376953,208.15875244140625,47.74481201171875,122.44425201416016,124.80087280273438,35.64347839355469,278.5538330078125,334.4172668457031,42.60898971557617,120.68452453613281,114.94239807128906,161.08642578125
2023-06-20,182.45217895507812,485.8599853515625,118.93000030517578,125.77999877929688,213.2801513671875,47.268001556396484,122.0180435180664,123.42105865478516,34.30084991455078,281.8548583984375,330.23614501953125,43.72282791137695,117.39468383789062,112.26274871826172,158.8992462158203
2023-06-21,181.4167022705078,477.4800109863281,112.11000061035156,124.83000183105469,206.02569580078125,46.62615203857422,119.49044799804688,121.36040496826172,32.2427978515625,279.18829345703125,325.8499450683594,42.9613037109375,117.4524154663086,108.45885467529297,155.36331176757812
2023-06-22,184.41464233398438,477.5799865722656,110.69999694824219,130.14999389648438,209.66270446777344,46.873722076416016,122.0676040649414,119.07280731201172,32.05659484863281,282.4001159667969,331.8577880859375,42.94135284423828,115.99028015136719,109.0584716796875,157.32266235351562
2023-06-23,184.09906005859375,484.7200012207031,110.01000213623047,129.3300018310547,206.5171661376953,46.149349212646484,121.26470184326172,117.4932632446289,32.340797424316406,286.21661376953125,327.2762145996094,42.126930236816406,114.12410736083984,106.27579498291016,152.8115692138672
2023-06-26,182.70855712890625,479.510009765625,107.51000213623047,127.33000183105469,203.83355712890625,46.039310455322266,117.29986572265625,119.22714233398438,32.67401123046875,276.0458984375,321.0046081542969,40.55299377441406,112.33490753173828,109.2739486694336,153.78668212890625
2023-06-27,185.45999145507812,489.2699890136719,110.38999938964844,129.17999267578125,205.26873779296875,46.63532257080078,117.28997039794922,120.13489532470703,33.41883087158203,284.5511779785156,326.836669921875,41.794578552246094,113.35456085205078,112.23464965820312,160.67636108398438
2023-06-28,186.63356018066406,482.42999267578125,110.16999816894531,129.0399932861328,208.561767578125,46.64448547363281,119.12370300292969,119.6083984375,32.8994140625,282.8064880371094,328.0870361328125,41.03706359863281,112.09443664550781,110.12657165527344,159.44607543945312
2023-06-29,186.96884155273438,483.7699890136719,111.23999786376953,127.9000015258789,206.85134887695312,46.956241607666016,118.05318450927734,121.69628143310547,32.252601623535156,279.0792541503906,327.30548095703125,40.74263000488281,113.29683685302734,110.61376190185547,161.11376953125
2023-06-30,191.28831481933594,488.989990234375,113.91000366210938,130.36000061035156,207.66725158691406,47.442230224609375,118.6479263305664,121.46932983398438,32.77200698852539,284.4818115234375,332.66864013671875,42.219749450683594,114.5569839477539,111.53195190429688,164.05738830566406
2023-07-03,189.79917907714844,485.2099914550781,115.81999969482422,130.22000122070312,208.05059814453125,47.51557922363281,118.84616088867188,121.34224700927734,32.94841384887695,283.5301513671875,330.1775207519531,42.330535888671875,112.69082641601562,112.51573944091797,163.82046508789062
2023-07-05,188.68478393554688,487.260009765625,113.94999694824219,130.3800048828125,210.18373107910156,47.58949279785156,120.67990112304688,121.85970306396484,31.8605899810791,291.8074951171875,330.3338317871094,42.2347297668457,111.54612731933594,109.742431640625,160.8768310546875
2023-07-06,189.15814208984375,481.2900085449219,113.4800033569336,128.36000061035156,206.56629943847656,47.219932556152344,119.05432891845703,119.97151184082031,31.331375122070312,289.44818115234375,333.3817138671875,42.02114486694336,111.05552673339844,107.95288848876953,159.31846618652344
2023-07-07,188.04376220703125,485.2699890136719,113.16999816894531,129.77999877929688,206.02569580078125,47.10906982421875,118.42986297607422,119.89887237548828,31.213773727416992,288.00091552734375,329.4253845214844,42.42036437988281,110.24750518798828,108.62748718261719,158.29774475097656
2023-07-10,186.00238037109375,496.3500061035156,113.58000183105469,127.12999725341797,209.19088745117188,47.48785400390625,115.4264907836914,120.64326477050781,32.085994720458984,291.5398254394531,324.15997314453125,42.097991943359375,110.02625274658203,109.7330551147461,163.52883911132812
2023-07-11,185.479736328125,504.739990234375,111.31999969482422,128.77999877929688,217.40872192382812,48.153053283691406,116.11042022705078,122.0412368774414,32.63480758666992,295.693359375,324.78515625,42.322547912597656,110.89503479003906,109.49882507324219,162.9637908935547
2023-07-12,187.14634704589844,507.3599853515625,114.58000183105469,130.8000030517578,223.4148406982422,46.87809753417969,117.88468933105469,120.58880615234375,33.30122756958008,306.6471252441406,329.4057922363281,43.81663513183594,111.99549865722656,111.19467163085938,166.19900512695312
2023-07-13,187.9057159423828,517.280029296875,115.91999816894531,134.3000030517578,226.45225524902344,47.607967376708984,123.44538879394531,121.56919860839844,33.19342041015625,310.6817321777344,334.7395935058594,45.887611389160156,113.37589263916016,115.35462951660156,166.8824920654297
2023-07-14,188.05361938476562,514.8300170898438,115.94000244140625,134.67999267578125,225.42994689941406,46.545494079589844,124.31764221191406,121.09715270996094,32.4878044128418,306.1812438964844,337.260009765625,45.38059616088867,115.13276672363281,114.82992553710938,164.81378173828125
2023-07-17,191.30799865722656,522.0,118.31999969482422,133.55999755859375,224.12254333496094,46.94276809692383,123.5544204711914,121.85970306396484,33.68343734741211,307.91595458984375,337.7386779785156,46.37065887451172,114.76593780517578,115.61695861816406,167.1376495361328
2023-07-18,191.05162048339844,532.22998046875,117.93000030517578,132.8300018310547,223.75888061523438,47.34004211425781,122.6722412109375,122.87640380859375,33.81083679199219,309.3335876464844,351.1805419921875,47.40165710449219,116.58074188232422,115.11102294921875,167.392822265625
2023-07-19,192.40269470214844,527.1699829101562,116.43000030517578,135.36000061035156,230.3842315673828,48.4394645690918,120.95745086669922,122.98529815673828,33.77163314819336,313.2591247558594,346.87249755859375,46.9854621887207,114.57288360595703,116.5726318359375,167.3837432861328
2023-07-20,190.4598846435547,516.8800048828125,110.25,129.9600067138672,224.27984619140625,48.384029388427734,118.15231323242188,125.61787414550781,32.70341110229492,299.88653564453125,338.8522644042969,45.43149948120117,111.86034393310547,113.10599517822266,163.96624755859375
2023-07-21,189.28639221191406,520.22998046875,110.94999694824219,130.0,224.1815185546875,48.62424850463867,118.96509552001953,126.12623596191406,33.34042739868164,291.6983947753906,335.82391357421875,44.22284698486328,113.56896209716797,116.85371398925781,167.97608947753906
2023-07-24,190.08517456054688,523.8599853515625,110.61000061035156,128.8000030517578,221.82235717773438,49.067710876464844,120.46184539794922,126.67088317871094,32.95821762084961,289.07147216796875,337.1329040527344,44.5252571105957,113.97438049316406,116.27281951904297,167.584228515625
2023-07-25,190.94309997558594,525.3400268554688,113.0,129.1300048828125,222.1860809326172,49.520416259765625,121.13587188720703,127.38802337646484,33.41883087158203,291.9066162109375,342.86737060546875,45.590179443359375,113.85855102539062,117.1816177368164,169.58004760742188
2023-07-26,191.81094360351562,514.5499877929688,110.08999633789062,128.14999389648438,221.7437286376953,49.16933822631836,128.13380432128906,128.059814453125,33.67363357543945,295.9709167480469,329.962646484375,45.363624572753906,111.4935302734375,116.1978530883789,160.39382934570312
2023-07-27,190.54867553710938,513.969970703125,111.0999984741211,128.25,221.32102966308594,48.96608352661133,128.26266479492188,129.7845458984375,33.859840393066406,308.9964904785156,323.0755615234375,45.810760498046875,112.3623275756836,117.91242980957031,161.96133422851562
2023-07-28,193.12258911132812,528.8699951171875,112.95999908447266,132.2100067138672,221.7633819580078,48.125343322753906,131.41473388671875,130.22027587890625,36.094295501708984,322.6466979980469,330.5487365722656,46.65909957885742,111.96653747558594,121.3134765625,163.6958465576172
2023-07-31,193.73399353027344,546.1699829101562,114.4000015258789,133.67999267578125,221.1834259033203,48.07915115356445,131.55348205566406,130.8829803466797,35.05546951293945,315.8265686035156,328.1554260253906,46.63814163208008,113.16352844238281,123.83383178710938,165.19171142578125
2023-08-01,192.9056396484375,549.0999755859375,117.5999984741211,131.69000244140625,220.45602416992188,48.65195846557617,130.3937530517578,130.11135864257812,35.08486557006836,319.9007568359375,328.5657043457031,46.41657257080078,113.8199462890625,123.74951171875,163.6958465576172
2023-08-02,189.91749572753906,530.2999877929688,109.3499984741211,128.2100067138672,216.7501220703125,48.57804489135742,127.25161743164062,130.87388610839844,33.703033447265625,311.5738525390625,319.92999267578125,44.18292999267578,111.69625091552734,121.11674499511719,158.25369262695312
2023-08-03,188.52699279785156,523.760009765625,113.1500015258789,128.91000366210938,211.8941192626953,49.104671478271484,127.32100677490234,131.12806701660156,34.17344284057617,310.4636535644531,319.1094970703125,44.42844009399414,110.57649230957031,111.2134017944336,157.6663360595703
2023-08-04,179.47393798828125,526.8800048828125,115.81999969482422,139.57000732421875,210.94061279296875,48.62424850463867,126.9840087890625,130.93740844726562,34.56195068359375,308.0250244140625,320.20355224609375,44.5931282043457,110.47030639648438,113.8367919921875,154.582763671875
2023-08-07,176.37733459472656,529.72998046875,116.80999755859375,142.22000122070312,212.3856201171875,48.97532653808594,130.3739471435547,132.698486328125,34.65046691894531,313.8043518066406,322.4796447753906,45.32868957519531,112.07271575927734,111.81304168701172,155.0599822998047
2023-08-08,177.31419372558594,520.5999755859375,113.2300033569336,139.94000244140625,207.98179626464844,49.02151107788086,130.24508666992188,132.4534149169922,34.44392395019531,309.9184265136719,318.51348876953125,44.5771598815918,111.23290252685547,110.23900604248047,153.013427734375
2023-08-09,175.7264862060547,513.780029296875,110.47000122070312,137.85000610351562,202.3590850830078,48.95684051513672,128.52040100097656,130.83734130859375,33.71609115600586,302.5530700683594,314.7818298339844,42.47126007080078,109.1767807006836,109.21774291992188,153.50900268554688
2023-08-10,175.50949096679688,515.8300170898438,110.2300033569336,138.55999755859375,204.7084503173828,49.307918548583984,128.5501251220703,131.53518676757812,34.10951232910156,303.0784912109375,315.46563720703125,42.30558776855469,109.07059478759766,108.31829071044922,153.775146484375
2023-08-11,175.56874084472656,508.45001220703125,107.56999969482422,138.41000366210938,205.15078735351562,49.69595718383789,128.4212646484375,131.41580200195312,34.31605529785156,299.0142517089844,313.5901184082031,40.77555847167969,109.13816833496094,107.38136291503906,152.52703857421875
2023-08-14,177.21791076660156,522.25,111.9800033569336,140.57000732421875,208.45364379882812,49.77910232543945,130.17568969726562,130.30477905273438,35.09306335449219,303.5245666503906,316.5500183105469,43.667930603027344,111.56110382080078,106.82856750488281,156.45494079589844
2023-08-15,175.2329864501953,518.7000122070312,111.3499984741211,137.6699981689453,205.22943115234375,49.28944396972656,128.6393280029297,130.2680206298828,34.198036193847656,299.3215026855469,314.4203186035156,43.85457229614258,113.22145080566406,104.63616943359375,154.32577514648438
2023-08-16,174.36399841308594,514.489990234375,107.19000244140625,135.07000732421875,203.46987915039062,48.92912673950195,127.56880950927734,129.1386260986328,32.97842788696289,291.7281494140625,313.6567687988281,43.401451110839844,111.33907318115234,103.2026596069336,152.08653259277344
2023-08-17,171.82611083984375,511.6700134277344,104.44000244140625,133.97999572753906,200.37342834472656,50.564414978027344,128.77810668945312,129.156982421875,32.044063568115234,282.6082763671875,310.2109069824219,43.25972366333008,110.89503479003906,103.13706970214844,152.12322998046875
2023-08-18,172.3099822998047,508.1300048828125,105.44999694824219,133.22000122070312,201.34661865234375,50.85081481933594,126.33971405029297,129.84567260742188,32.21126174926758,280.78424072265625,309.8193664550781,43.21480941772461,112.42022705078125,103.15580749511719,152.79319763183594
2023-08-21,173.6431121826172,520.469970703125,108.22000122070312,134.67999267578125,205.47518920898438,51.22037124633789,127.24171447753906,130.64451599121094,32.5948486328125,287.3763427734375,315.1056823730469,46.87568664550781,112.54573059082031,103.69923400878906,154.13307189941406
2023-08-22,175.01573181152344,519.47998046875,105.66000366210938,134.25,203.24375915527344,51.23885726928711,127.94548034667969,129.91912841796875,32.34896469116211,285.0964050292969,315.6733703613281,45.5792121887207,112.49746704101562,102.5655517578125,153.3621826171875
2023-08-23,178.85714721679688,530.7100219726562,109.43000030517578,135.52000427246094,205.57345581054688,51.719276428222656,131.20655822753906,131.68209838867188,33.42103576660156,291.67864990234375,320.1178894042969,47.024391174316406,113.75236511230469,104.15831756591797,155.8583984375
2023-08-24,174.17636108398438,512.4299926757812,101.80000305175781,131.83999633789062,202.0150146484375,51.03559494018555,128.6393280029297,131.8106689453125,32.05389404296875,284.25384521484375,313.23583984375,47.07129669189453,108.99337768554688,101.66610717773438,151.96722412109375
2023-08-25,176.3784942626953,525.0599975585938,102.25,133.25999450683594,205.90769958496094,51.460575103759766,128.7384490966797,133.46347045898438,32.70304489135742,283.01470947265625,316.1824951171875,45.928531646728516,112.03412628173828,103.3619384765625,154.0045928955078
2023-08-28,177.9387664794922,529.9199829101562,102.61000061035156,133.13999938964844,208.11944580078125,51.922523498535156,129.85848999023438,134.07867431640625,33.066951751708984,287.7332763671875,316.8873291015625,46.74394226074219,112.78706359863281,104.63616943359375,154.82135009765625
2023-08-29,181.81964111328125,540.5700073242188,105.91999816894531,134.91000366210938,208.3553466796875,52.255130767822266,133.38722229003906,134.4735107421875,33.74560546875,295.39593505859375,321.498291015625,48.68914794921875,116.46488952636719,106.60371398925781,156.6476593017578
2023-08-30,185.30555725097656,545.3599853515625,106.58999633789062,135.07000732421875,211.3829345703125,52.48609924316406,134.68572998046875,134.85000610351562,33.96198272705078,292.5311279296875,321.8702392578125,49.168212890625,116.91859436035156,106.87732696533203,155.30776977539062
2023-08-31,185.52279663085938,559.3400268554688,105.72000122070312,138.00999450683594,217.6938018798828,52.984989166259766,134.97314453125,134.82244873046875,34.56195068359375,293.3142395019531,320.8619079589844,49.25904083251953,116.21391296386719,108.06623077392578,154.23399353027344
2023-09-01,187.0929718017578,563.2100219726562,109.44999694824219,138.1199951171875,217.7625732421875,53.43770217895508,134.4676513671875,135.8416290283203,36.00776672363281,293.8000183105469,321.7430419921875,48.414676666259766,116.73518371582031,108.87770080566406,155.8583984375
2023-09-05,187.32997131347656,564.8800048828125,110.77999877929688,137.27000427246094,214.9708709716797,52.9018440246582,134.57667541503906,136.01611328125,36.10612106323242,297.53717041015625,326.530029296875,48.45361328125,119.67938995361328,109.97224426269531,155.7758026123047
2023-09-06,180.6248016357422,561.9400024414062,109.27999877929688,135.36000061035156,217.85105895996094,52.80946350097656,133.27821350097656,135.9518280029297,36.371681213378906,296.565673828125,325.8741149902344,46.973365783691406,120.01724243164062,108.20777893066406,154.22482299804688
2023-09-07,175.34161376953125,560.4600219726562,106.58999633789062,137.85000610351562,218.74560546875,52.467620849609375,134.07115173339844,135.4560089111328,37.551944732666016,296.07000732421875,322.96661376953125,46.1548957824707,120.75086975097656,100.39507293701172,151.15965270996094
2023-09-08,175.95387268066406,560.3599853515625,106.08999633789062,138.22999572753906,220.9376678466797,52.356746673583984,135.1813201904297,135.6029052734375,37.384735107421875,295.296875,327.23486328125,45.48713684082031,121.9382095336914,100.14974975585938,151.1137237548828
2023-09-11,177.119140625,564.5,105.31999969482422,143.10000610351562,221.4783172607422,52.51381301879883,135.716552734375,136.2456817626953,37.955196380615234,304.8826904296875,330.8276672363281,45.093875885009766,122.31468200683594,104.05608367919922,152.19667053222656
2023-09-12,174.0973358154297,542.2100219726562,105.30999755859375,141.22999572753906,217.89039611816406,52.09806442260742,134.15045166015625,134.3357696533203,38.22075271606445,299.03399658203125,324.7874755859375,44.78644561767578,105.80784606933594,104.95248413085938,150.0399932861328
2023-09-13,172.03347778320312,553.5599975585938,107.70999908447266,144.85000610351562,215.0790252685547,51.99644088745117,135.5084228515625,134.56533813476562,38.07322311401367,302.4044494628906,328.9872741699219,45.40030288696289,107.96049499511719,106.28289794921875,150.83839416503906
2023-09-14,173.54437255859375,552.1599731445312,106.62999725341797,144.72000122070312,215.05935668945312,52.079586029052734,136.88621520996094,135.29989624023438,38.033878326416016,309.0064697265625,331.5716552734375,45.49612045288086,109.71737670898438,107.60389709472656,152.38938903808594
2023-09-15,172.823486328125,528.8900146484375,101.48999786376953,140.38999938964844,210.96026611328125,51.77470779418945,136.19235229492188,134.05113220214844,37.25687789916992,297.69573974609375,323.2701416015625,43.8182487487793,109.95869445800781,106.75467681884766,149.2415771484375
2023-09-18,175.74649047851562,532.4199829101562,102.37000274658203,139.97999572753906,211.3436279296875,51.83937072753906,136.99522399902344,133.22471618652344,37.36506652832031,299.9162292480469,322.1345520019531,43.88412857055664,108.31764221191406,106.38668823242188,149.43429565429688
2023-09-19,176.832763671875,541.6900024414062,101.61000061035156,137.6300048828125,212.03172302246094,51.58992385864258,136.82672119140625,134.53775024414062,35.74220657348633,302.41436767578125,321.7331237792969,43.438968658447266,108.85824584960938,104.47126007080078,149.71876525878906
2023-09-20,173.2974853515625,535.780029296875,100.33999633789062,135.2899932861328,209.4071502685547,51.27580261230469,132.56454467773438,137.5771026611328,34.119354248046875,297.0613098144531,314.01898193359375,42.16034698486328,108.95476531982422,103.055908203125,148.7643280029297
2023-09-21,171.75697326660156,513.8800048828125,96.11000061035156,129.3300018310547,205.06231689453125,49.28020095825195,129.2935028076172,135.3274383544922,34.080013275146484,293.1556091308594,312.80511474609375,40.94061279296875,105.63407897949219,101.86701965332031,147.20419311523438
2023-09-22,172.60623168945312,512.9000244140625,96.19999694824219,129.1199951171875,202.9193878173828,49.49270248413086,129.1051788330078,134.89588928222656,33.61773681640625,296.4764709472656,310.3381652832031,41.53252410888672,105.24797058105469,101.60283660888672,147.1216278076172
2023-09-25,173.88009643554688,511.6000061035156,97.37999725341797,131.27000427246094,202.8309326171875,49.4095458984375,129.9576416015625,134.5010528564453,33.72593307495117,298.21124267578125,310.8570251464844,42.14338684082031,104.54328918457031,104.19762420654297,147.66307067871094
2023-09-26,169.8115692138672,506.29998779296875,95.95999908447266,125.9800033569336,199.04641723632812,48.69815444946289,127.43994903564453,131.52601623535156,33.27349853515625,296.3575439453125,305.5706787109375,41.83295440673828,101.2419204711914,103.52769470214844,144.96493530273438
2023-09-27,168.30068969726562,502.6000061035156,98.06999969482422,125.9800033569336,199.2823028564453,49.150856018066406,129.3926544189453,131.46176147460938,34.040672302246094,295.1481628417969,306.20697021484375,42.388912200927734,100.9909439086914,103.0276107788086,145.13014221191406
2023-09-28,168.55746459960938,504.6700134277344,102.76000213623047,125.9800033569336,199.74429321289062,49.77910232543945,131.1470947265625,130.00177001953125,34.60129165649414,301.3139953613281,307.03912353515625,43.00876235961914,102.4678726196289,104.82981872558594,146.00198364257812
2023-09-29,169.0709686279297,509.8999938964844,102.81999969482422,127.12000274658203,199.33148193359375,49.66823959350586,129.7098388671875,128.82644653320312,34.965206146240234,297.59661865234375,309.10467529296875,43.417999267578125,102.245849609375,104.79206848144531,145.9285430908203
2023-10-02,171.5792236328125,521.1300048828125,103.2699966430664,129.4600067138672,200.2456512451172,50.25028610229492,132.99075317382812,129.28555297851562,34.876686096191406,304.14910888671875,315.02734375,44.69861602783203,103.00843811035156,104.82981872558594,146.7912139892578
2023-10-03,170.24607849121094,507.0299987792969,100.08000183105469,124.72000122070312,196.43162536621094,49.92459487915039,131.2660369873047,128.90907287597656,35.10289764404297,298.3202819824219,306.79437255859375,43.435970306396484,100.8944091796875,103.9711685180664,144.31333923339844
2023-10-04,171.4903564453125,518.4199829101562,104.06999969482422,127.0,198.43695068359375,49.73847198486328,134.05133056640625,129.5334930419922,35.33895492553711,302.9198913574219,312.2471008300781,43.958984375,103.3656005859375,103.6503677368164,144.97413635253906
2023-10-05,172.7247314453125,516.4400024414062,102.91000366210938,125.95999908447266,198.5745391845703,49.384864807128906,133.88284301757812,129.9466552734375,35.29961013793945,302.1368103027344,312.6387023925781,44.60478973388672,104.591552734375,103.60317993164062,142.3494110107422
2023-10-06,175.2725067138672,526.6799926757812,107.23999786376953,127.95999908447266,203.83355712890625,49.73847198486328,136.3707733154297,130.41494750976562,35.59467697143555,312.6841125488281,320.3724365234375,45.67679214477539,106.14572143554688,104.62223815917969,144.08392333984375
2023-10-09,176.75375366210938,529.2899780273438,106.97000122070312,128.25999450683594,203.6959686279297,50.17584228515625,137.20338439941406,130.57106018066406,35.46681594848633,315.5886535644531,322.8785400390625,45.18870162963867,106.49321746826172,105.49031829833984,143.82693481445312
2023-10-10,176.1612548828125,532.719970703125,109.01000213623047,129.47999572753906,203.36175537109375,50.12930679321289,136.8465576171875,130.4884033203125,35.830726623535156,319.038330078125,321.4786682128906,45.71272659301758,105.90438079833984,105.97152709960938,144.6896209716797
2023-10-11,177.55361938476562,549.9099731445312,108.30999755859375,131.8300018310547,203.33226013183594,49.93389129638672,139.31466674804688,131.51681518554688,36.27333068847656,324.9663391113281,325.423828125,46.71883773803711,106.2240982055664,104.84868621826172,144.3867645263672
2023-10-12,178.45225524902344,559.6300048828125,108.79000091552734,132.3300018310547,202.18212890625,50.11069869995117,137.74856567382812,129.68959045410156,36.233985900878906,321.33819580078125,324.1903381347656,46.85758590698242,105.71061706542969,105.16949462890625,142.24844360351562
2023-10-13,176.61550903320312,548.760009765625,105.08999633789062,129.7899932861328,201.1106719970703,50.0362548828125,136.1527099609375,127.13690948486328,35.378299713134766,311.9505920410156,320.83258056640625,45.376346588134766,104.87738800048828,102.52751159667969,140.1835479736328
2023-10-16,176.48715209960938,550.739990234375,106.45999908447266,132.5500030517578,204.98365783691406,50.399173736572266,137.87741088867188,127.82555389404297,35.95859146118164,318.3543395996094,325.63922119140625,46.0091667175293,105.32306671142578,104.27311706542969,141.60601806640625
2023-10-17,174.93675231933594,560.0900268554688,105.13999938964844,131.47000122070312,206.2714080810547,50.1944465637207,138.49197387695312,128.8448028564453,35.46681594848633,321.1795654296875,325.0713806152344,43.8561897277832,105.6427993774414,105.86773681640625,141.56932067871094
2023-10-18,173.6431121826172,557.8699951171875,102.16999816894531,128.1300048828125,201.34661865234375,50.0362548828125,136.74742126464844,128.5234375,35.0537223815918,314.2107849121094,323.1623840332031,42.11742401123047,104.87738800048828,104.71660614013672,139.33006286621094
2023-10-19,173.26788330078125,555.739990234375,102.4000015258789,128.39999389648438,204.7772674560547,49.61750411987305,136.53927612304688,126.72371673583984,35.083229064941406,310.0869445800781,324.3469543457031,42.022613525390625,104.96459197998047,104.99964141845703,138.52244567871094
2023-10-20,170.72010803222656,540.9600219726562,101.80999755859375,125.16999816894531,200.2653045654297,49.25459289550781,134.408203125,125.94324493408203,34.34556579589844,305.96319580078125,319.7948913574219,41.3099365234375,98.67678833007812,102.49920654296875,135.64996337890625
2023-10-23,170.8385772705078,540.4099731445312,100.01000213623047,126.55999755859375,198.56471252441406,48.575279235839844,135.30026245117188,125.22703552246094,33.29316711425781,311.2765197753906,322.38909912109375,42.89497375488281,100.43041229248047,102.52751159667969,134.28253173828125
2023-10-24,171.27310180664062,539.5599975585938,101.66999816894531,128.55999755859375,200.74700927734375,49.32902908325195,137.58995056152344,126.52168273925781,34.020999908447266,309.8292236328125,323.5736389160156,43.58169937133789,99.98473358154297,103.21630859375,134.8331756591797
2023-10-25,168.96231079101562,521.1400146484375,96.05999755859375,121.38999938964844,193.708740234375,48.76139450073242,124.50597381591797,125.86976623535156,32.289955139160156,296.9225769042969,333.5002136230469,41.70120620727539,98.2698745727539,98.8664779663086,130.1251983642578
2023-10-26,164.804931640625,514.280029296875,93.66999816894531,119.56999969482422,192.91250610351562,47.80290985107422,121.20524597167969,132.0034942626953,31.985048294067383,285.8398742675781,320.98919677734375,40.25090789794922,97.27197265625,99.65908813476562,132.1625518798828
2023-10-27,166.11830139160156,508.1199951171875,96.43000030517578,127.73999786376953,193.22711181640625,47.97972869873047,121.0962142944336,130.8649139404297,34.95536804199219,294.14691162109375,322.8687744140625,40.42458724975586,97.84358978271484,100.45167541503906,131.34576416015625
2023-10-30,168.16246032714844,526.9400024414062,96.18000030517578,132.7100067138672,195.88116455078125,47.98902130126953,123.36608123779297,130.96591186523438,35.10289764404297,300.0253601074219,330.2109069824219,41.08435821533203,98.4830322265625,101.7443618774414,130.12327575683594
2023-10-31,168.63644409179688,532.0599975585938,98.5,133.08999633789062,197.41461181640625,48.51013946533203,122.98944091796875,132.8115234375,35.89957809448242,298.64739990234375,330.9940490722656,40.704063415527344,100.17849731445312,102.83889770507812,131.521728515625
2023-11-01,171.79647827148438,544.5,108.04000091552734,137.0,200.4422607421875,48.56597137451172,125.33859252929688,133.50933837890625,36.67658233642578,309.1353454589844,338.78656005859375,42.24618911743164,102.45529174804688,104.63167572021484,132.59608459472656
2023-11-02,175.35153198242188,558.7100219726562,107.83000183105469,138.07000732421875,204.57083129882812,49.08708953857422,126.36944580078125,134.98770141601562,37.079837799072266,308.163818359375,340.98919677734375,43.424991607666016,103.54039764404297,110.73651123046875,136.4302978515625
2023-11-03,174.44297790527344,563.6599731445312,112.25,138.60000610351562,203.9416961669922,49.32902908325195,127.9653091430664,135.80490112304688,37.51259994506836,311.8614196777344,345.3749084472656,44.92119598388672,104.68363189697266,112.77460479736328,139.1346435546875
2023-11-06,176.9907684326172,565.4500122070312,111.75,139.74000549316406,203.89254760742188,49.58958435058594,129.1051788330078,136.7874298095703,37.44845962524414,313.0509033203125,349.02642822265625,45.66580581665039,105.71061706542969,113.16146850585938,136.60630798339844
2023-11-07,179.5483856201172,585.2000122070312,113.44999694824219,142.7100067138672,208.2373809814453,49.440696716308594,129.81887817382812,136.6588592529297,38.257625579833984,316.04461669921875,352.9422607421875,45.86942672729492,105.59434509277344,113.9068832397461,135.76348876953125
2023-11-08,180.6050262451172,585.3099975585938,113.58999633789062,142.0800018310547,207.8736572265625,49.31972122192383,130.6812286376953,135.92428588867188,37.418853759765625,316.9962463378906,355.5560302734375,46.48727035522461,108.83028411865234,113.28413391113281,134.49465942382812
2023-11-09,180.1310577392578,577.739990234375,113.48999786376953,140.60000610351562,206.43849182128906,48.38916778564453,129.0952911376953,136.1564483642578,37.30044174194336,317.7595520019531,353.0988464355469,46.86257553100586,108.6849594116211,113.32186126708984,132.6886749267578
2023-11-10,184.31365966796875,597.219970703125,118.58999633789062,143.55999755859375,209.99696350097656,48.93819808959961,131.4246368408203,138.38516235351562,38.346431732177734,325.90802001953125,361.8899230957031,48.2449951171875,109.54723358154297,117.1999282836914,136.31918334960938
2023-11-13,182.73158264160156,590.3400268554688,116.79000091552734,142.58999633789062,211.618896484375,48.603187561035156,130.9290313720703,137.5308380126953,37.724754333496094,326.32440185546875,358.9627990722656,48.52946472167969,110.59358978271484,116.8602294921875,135.09666442871094
2023-11-14,185.342041015625,604.3300170898438,119.87999725341797,145.8000030517578,217.4185333251953,49.47792053222656,132.445556640625,139.6759796142578,38.88916015625,333.38238525390625,362.47723388671875,49.563533782958984,112.48282623291016,120.1721420288086,138.8568115234375
2023-11-15,185.9056396484375,595.3099975585938,118.0,143.1999969482422,215.68846130371094,49.580284118652344,133.43675231933594,141.6911163330078,40.073307037353516,329.813720703125,362.6244201660156,48.79696273803711,110.50638580322266,121.64410400390625,140.65353393554688
2023-11-16,187.5866241455078,602.0599975585938,119.83000183105469,142.8300018310547,217.68394470214844,44.70414352416992,135.72647094726562,142.13685607910156,42.777095794677734,331.28082275390625,369.00048828125,49.38786315917969,111.0973892211914,121.43651580810547,140.6720733642578
2023-11-17,187.56686401367188,602.6599731445312,120.62000274658203,145.17999267578125,217.45787048339844,44.44357681274414,134.1207275390625,141.9789581298828,43.231014251708984,332.12347412109375,362.80096435546875,49.20620346069336,111.76588439941406,122.1630630493164,143.20042419433594
2023-11-20,189.30714416503906,612.7000122070312,121.52999877929688,146.1300048828125,221.30136108398438,44.918174743652344,135.05245971679688,143.33480834960938,44.14872360229492,337.010498046875,370.2463073730469,50.31513595581055,113.27727508544922,122.20079803466797,144.052490234375
2023-11-21,188.5062255859375,610.989990234375,119.16000366210938,143.89999389648438,220.5051727294922,44.48080825805664,135.76614379882812,142.92620849609375,43.063262939453125,334.04656982421875,365.9595947265625,49.85099792480469,112.46344757080078,119.85132598876953,142.0983123779297
2023-11-22,189.16873168945312,619.719970703125,122.51000213623047,146.7100067138672,220.03330993652344,44.74136734008789,137.27279663085938,144.05914306640625,43.09286117553711,338.5172424316406,370.6484680175781,48.62528991699219,112.61846923828125,120.30424499511719,142.56138610839844
2023-11-24,187.84371948242188,619.4299926757812,122.30999755859375,146.74000549316406,220.5641326904297,45.001930236816406,135.48858642578125,144.10556030273438,43.3790283203125,335.28570556640625,370.2364501953125,47.68703842163086,112.6281509399414,120.54013061523438,142.24652099609375
2023-11-27,187.66575622558594,619.27001953125,122.6500015258789,147.72999572753906,220.96713256835938,44.601783752441406,135.21102905273438,144.46774291992188,43.49745178222656,331.7864074707031,371.39398193359375,48.15216827392578,112.84129333496094,120.96472930908203,141.32962036132812
2023-11-28,188.26889038085938,623.3200073242188,122.01000213623047,147.02999877929688,221.094970703125,44.527339935302734,135.9940948486328,144.54202270507812,43.64546585083008,336.03900146484375,375.4060363769531,47.731956481933594,112.61846923828125,119.44561004638672,141.6074676513672
2023-11-29,187.25042724609375,617.3900146484375,123.8499984741211,146.32000732421875,226.43260192871094,44.71344757080078,133.80355834960938,145.24778747558594,44.3460807800293,329.3081970214844,371.6293640136719,48.050357818603516,112.58940887451172,121.45868682861328,141.88531494140625
2023-11-30,187.82394409179688,611.010009765625,121.16000366210938,146.08999633789062,247.61610412597656,45.02054214477539,131.36514282226562,147.24435424804688,44.1092529296875,324.3021240234375,371.6882629394531,46.68291091918945,112.58940887451172,122.54117584228516,141.4315185546875
2023-12-01,189.0994873046875,612.469970703125,121.38999938964844,147.02999877929688,255.57833862304688,45.104286193847656,130.7010498046875,149.09231567382812,43.16194152832031,321.9924011230469,367.37213134765625,46.67792510986328,113.50981140136719,123.12989807128906,143.74685668945312
2023-12-04,187.3097686767578,604.5599975585938,118.56999969482422,144.83999633789062,246.39720153808594,44.71344757080078,128.13380432128906,149.60308837890625,41.790306091308594,317.23419189453125,362.1044616699219,45.42525100708008,112.17279815673828,123.39579010009766,145.7936248779297
2023-12-05,191.25509643554688,602.219970703125,118.37999725341797,146.8800048828125,246.75108337402344,44.601783752441406,129.83871459960938,149.8723907470703,41.365989685058594,315.519287109375,365.4200744628906,46.483375549316406,110.96174621582031,124.15544128417969,145.63619995117188
2023-12-06,190.16741943359375,595.7000122070312,116.81999969482422,144.52000427246094,244.89324951171875,44.387752532958984,128.877197265625,148.8415985107422,40.72458267211914,314.6865539550781,361.7709655761719,45.42226028442383,108.53962707519531,123.40528869628906,144.52481079101562
2023-12-07,192.0955810546875,608.780029296875,128.3699951171875,146.8800048828125,244.6179962158203,44.90886306762695,135.72647094726562,148.785888671875,41.592952728271484,323.7469787597656,363.8799743652344,46.51332473754883,109.35346221923828,126.23495483398438,146.034423828125
2023-12-08,193.51950073242188,610.010009765625,128.9199981689453,147.4199981689453,246.54464721679688,45.02054214477539,133.80355834960938,150.40170288085938,42.135684967041016,329.8533020019531,367.0974426269531,47.42170715332031,110.07040405273438,126.26346588134766,145.4324493408203
2023-12-11,191.01779174804688,625.2000122070312,134.41000366210938,145.88999938964844,247.81272888183594,45.96039962768555,132.11846923828125,151.84109497070312,43.95136642456055,322.4483642578125,364.2232971191406,46.54426574707031,111.54306030273438,129.23562622070312,148.15528869628906
2023-12-12,192.53070068359375,633.6599731445312,137.61000061035156,147.47999572753906,252.08876037597656,45.904571533203125,131.35523986816406,152.95545959472656,43.457977294921875,331.310546875,367.24462890625,47.57244873046875,97.66918182373047,129.7863311767578,146.25674438476562
2023-12-13,195.7443084716797,624.260009765625,138.19000244140625,148.83999633789062,252.94393920898438,46.23956298828125,131.40480041503906,151.94320678710938,43.9809684753418,331.8260192871094,367.2347717285156,48.00267791748047,99.78128814697266,131.79940795898438,149.85940551757812
2023-12-14,195.89263916015625,584.6400146484375,138.0,147.4199981689453,252.83583068847656,46.006927490234375,130.7803497314453,151.28392028808594,44.582908630371094,330.2697448730469,358.9556884765625,48.26420593261719,97.18476867675781,134.3632354736328,156.3146209716797
2023-12-15,195.358642578125,584.6799926757812,139.14999389648438,149.97000122070312,257.15118408203125,46.407066345214844,131.4345245361328,150.65245056152344,45.549957275390625,332.0045166015625,363.6642761230469,48.803245544433594,100.10099792480469,135.91104125976562,156.1849822998047
2023-12-18,193.6974639892578,599.1300048828125,138.89999389648438,154.07000732421875,259.1073303222656,46.75137710571289,134.6063995361328,151.12603759765625,45.08616638183594,341.6199951171875,365.5475769042969,49.98815155029297,101.7286605834961,134.5056915283203,155.05506896972656
2023-12-19,194.73570251464844,604.6400146484375,140.14999389648438,153.7899932861328,259.8446044921875,46.6955451965332,135.44894409179688,150.03024291992188,46.04335021972656,347.3100891113281,366.1459655761719,49.5159797668457,102.93970489501953,136.0059814453125,156.05531311035156
2023-12-20,192.6493377685547,596.0599975585938,135.47000122070312,152.1199951171875,255.82408142089844,46.341922760009766,137.12408447265625,148.6280059814453,45.15523910522461,346.23944091796875,363.55621337890625,48.025630950927734,100.90513610839844,133.35671997070312,152.9805145263672
2023-12-21,192.50100708007812,600.1400146484375,139.91000366210938,153.83999633789062,262.70501708984375,46.24887466430664,139.18580627441406,149.30589294433594,46.457801818847656,351.00762939453125,366.4206237792969,48.903076171875,102.5618667602539,135.25582885742188,154.4901123046875
2023-12-22,191.43309020996094,598.75,139.60000610351562,153.4199981689453,261.810546875,46.61179733276367,140.24639892578125,150.56886291503906,47.365638732910156,350.313720703125,367.4408264160156,48.743350982666016,102.89126586914062,136.25286865234375,155.81451416015625
2023-12-26,190.88925170898438,598.260009765625,143.41000366210938,153.41000366210938,261.6925964355469,46.78859329223633,140.27615356445312,151.5625,49.83259963989258,351.7411193847656,367.51922607421875,49.19156265258789,102.88158416748047,138.12350463867188,158.1947021484375
2023-12-27,190.9881134033203,596.0800170898438,146.07000732421875,153.33999633789062,262.1840515136719,46.9374885559082,139.13624572753906,151.794677734375,50.08916473388672,354.71502685546875,366.9405212402344,49.329322814941406,102.63936614990234,138.3704071044922,158.5836944580078
2023-12-28,191.41336059570312,595.52001953125,148.75999450683594,153.3800048828125,261.0634460449219,46.97471618652344,138.99745178222656,152.06398010253906,49.72405242919922,355.2008056640625,368.1274719238281,49.43412780761719,102.93970489501953,138.50335693359375,159.03750610351562
2023-12-29,190.37506103515625,596.5999755859375,147.41000366210938,151.94000244140625,258.66497802734375,47.01193618774414,138.46221923828125,151.87826538085938,49.58590316772461,350.87872314453125,368.87298583984375,49.43412780761719,102.14525604248047,137.3354034423828,157.87054443359375
2024-01-02,183.56219482421875,580.0700073242188,138.5800018310547,149.92999267578125,251.77418518066406,47.00262451171875,136.95559692382812,149.97451782226562,47.16828155517578,343.27557373046875,363.8014831542969,48.08253479003906,100.81793975830078,133.1573028564453,156.75917053222656
2024-01-03,182.187744140625,571.7899780273438,135.32000732421875,148.47000122070312,247.55712890625,47.368370056152344,137.69898986816406,148.67445373535156,46.428192138671875,341.4713439941406,363.53668212890625,47.484596252441406,99.26778411865234,130.65994262695312,154.42529296875
2024-01-04,179.87393188476562,567.0499877929688,136.00999450683594,144.57000732421875,246.9673614501953,46.96511459350586,135.19122314453125,149.38021850585938,46.250572204589844,344.0982360839844,360.9273376464844,47.91283416748047,99.39373779296875,129.3020782470703,152.32293701171875
2024-01-05,179.152099609375,564.5999755859375,138.5800018310547,145.24000549316406,246.849365234375,46.9744987487793,134.53701782226562,147.80154418945312,46.27030944824219,348.88623046875,360.7409362792969,49.0098876953125,99.52938079833984,129.8338165283203,152.90643310546875
2024-01-08,183.48306274414062,580.5499877929688,146.17999267578125,149.10000610351562,256.43359375,47.32147979736328,137.6197052001953,149.64019775390625,47.8096923828125,355.5378112792969,367.5487365722656,52.16028594970703,101.39925384521484,132.017822265625,156.09234619140625
2024-01-09,183.06776428222656,586.2000122070312,149.25999450683594,151.3699951171875,256.89556884765625,46.805694580078125,139.71115112304688,148.65585327148438,47.41497802734375,354.3184814453125,368.62774658203125,53.045711517333984,100.40133666992188,132.8344268798828,156.1757354736328
2024-01-10,184.10604858398438,591.030029296875,148.5399932861328,153.72999572753906,259.63812255859375,47.115169525146484,141.02943420410156,149.72378540039062,46.84264373779297,367.2450256347656,375.4747009277344,54.25356674194336,101.07242584228516,132.28369140625,154.89761352539062
2024-01-11,183.5127716064453,597.489990234375,148.02000427246094,155.17999267578125,266.76483154296875,47.30272674560547,140.83120727539062,150.5874481201172,47.01039505004883,366.4519958496094,377.29925537109375,54.72472381591797,101.8991470336914,132.017822265625,153.36949157714844
2024-01-12,183.83905029296875,596.5399780273438,146.55999755859375,154.6199951171875,267.3055114746094,47.20894241333008,141.39620971679688,153.96768188476562,46.49726867675781,371.2300109863281,381.06610107421875,54.612918853759766,103.67898559570312,133.12881469726562,152.6934051513672
2024-01-16,181.57467651367188,597.6799926757812,158.74000549316406,153.16000366210938,264.612060546875,47.443397521972656,141.23764038085938,155.04489135742188,46.43806457519531,364.2611999511719,382.83172607421875,56.281959533691406,103.64982604980469,134.00241088867188,151.7765350341797
2024-01-17,180.63531494140625,596.0999755859375,160.1699981689453,151.7100067138672,266.8238220214844,47.17143630981445,140.22659301757812,154.22769165039062,45.45127868652344,365.163330078125,382.0470275878906,55.953548431396484,103.51365661621094,132.29319763183594,150.42434692382812
2024-01-18,186.5187225341797,593.7000122070312,162.6699981689453,153.5,269.7924499511719,47.593441009521484,142.21890258789062,154.93344116210938,46.12229537963867,372.855712890625,386.3630676269531,57.005672454833984,105.7214584350586,137.96206665039062,154.58274841308594
2024-01-19,189.41592407226562,611.5499877929688,174.22999572753906,155.33999633789062,276.1033020019531,48.08109664916992,145.09339904785156,159.2423095703125,47.51365661621094,380.112060546875,391.0716552734375,59.38544464111328,106.66487121582031,144.29571533203125,160.824951171875
2024-01-22,191.71986389160156,603.5900268554688,168.17999267578125,154.77999877929688,275.5331115722656,48.36244583129883,144.70684814453125,160.4959716796875,47.58273696899414,378.4565734863281,388.9528503417969,59.54815673828125,107.08308410644531,145.15975952148438,161.91781616210938
2024-01-23,192.9954071044922,597.1799926757812,168.4199981689453,156.02000427246094,272.0631408691406,48.54062271118164,145.74761962890625,161.5267333984375,48.24387741088867,381.8467712402344,391.2972717285156,59.76677322387695,108.76568603515625,145.7580108642578,161.4639892578125
2024-01-24,192.32301330566406,606.47998046875,178.2899932861328,156.8699951171875,272.1713562011719,48.11861038208008,147.39305114746094,161.51747131347656,48.44123458862305,387.29888916015625,394.8875427246094,61.25312423706055,111.17772674560547,146.58412170410156,157.50936889648438
2024-01-25,191.99671936035156,622.5800170898438,180.3300018310547,157.75,274.2847900390625,49.07517623901367,150.53514099121094,176.8399200439453,48.8951530456543,389.7572937011719,397.15350341796875,61.50767517089844,111.84880828857422,146.67909240722656,155.05506896972656
2024-01-26,190.26629638671875,613.9299926757812,177.25,159.1199951171875,275.17926025390625,48.89698791503906,150.8523712158203,174.04473876953125,43.07312774658203,390.708984375,396.23138427734375,60.92271423339844,111.49868774414062,143.11822509765625,151.97100830078125
2024-01-29,189.58399963378906,630.22998046875,177.8300018310547,161.25999450683594,282.964599609375,49.037654876708984,152.16075134277344,173.7847442626953,43.260616302490234,397.529052734375,401.91107177734375,62.35416793823242,110.6330795288086,142.0926971435547,153.7769775390625
2024-01-30,185.93531799316406,627.9600219726562,172.05999755859375,159.0,282.83673095703125,48.99076843261719,150.12876892089844,174.46263122558594,42.3527717590332,396.57745361328125,400.80255126953125,62.66261672973633,111.03184509277344,138.61727905273438,151.26602172851562
2024-01-31,182.33604431152344,617.780029296875,167.69000244140625,155.1999969482422,276.3097229003906,47.058895111083984,138.86863708496094,170.5531005859375,42.51066207885742,386.7438049316406,390.0024108886719,61.41782760620117,108.63925170898438,141.0196990966797,149.46441650390625
2024-02-01,184.76853942871094,627.9099731445312,170.47999572753906,159.27999877929688,278.9736328125,47.058895111083984,139.91932678222656,173.5618438720703,42.78696060180664,391.3434143066406,396.08428955078125,62.9151725769043,112.3642807006836,133.99288940429688,149.0630645751953
2024-02-02,183.7698516845703,634.760009765625,177.66000366210938,171.80999755859375,280.80194091796875,47.058895111083984,141.1285858154297,172.5310516357422,42.03700256347656,470.85516357421875,403.3824157714844,66.04261779785156,112.61717224121094,134.54367065429688,148.60568237304688
2024-02-05,185.579345703125,630.5,174.22999572753906,170.30999755859375,283.2103271484375,46.430572509765625,142.41714477539062,170.33021545410156,42.20475769042969,455.4107971191406,397.9186096191406,69.208984375,113.20073699951172,136.76565551757812,148.32562255859375
2024-02-06,187.18121337890625,607.1400146484375,167.8800048828125,169.14999389648438,280.9690856933594,46.871337890625,142.83348083496094,170.32093811035156,42.29877853393555,450.7615966796875,397.7616882324219,68.1019515991211,112.14060974121094,136.8321075439453,147.8308868408203
2024-02-07,187.29000854492188,615.8499755859375,170.94000244140625,170.52999877929688,283.92791748046875,46.67439651489258,144.26083374023438,170.62738037109375,42.33836364746094,465.5021667480469,406.1585388183594,69.97462463378906,114.0566177368164,138.5318145751953,148.2042999267578
2024-02-08,186.2122039794922,615.8599853515625,169.35000610351562,169.83999633789062,286.9850158691406,46.84320068359375,144.6275634765625,172.7639617919922,42.061256408691406,465.9085693359375,406.2173767089844,69.5174331665039,113.48279571533203,140.70632934570312,149.5484619140625
2024-02-09,186.97454833984375,627.2100219726562,172.47999572753906,174.4499969482422,286.3460693359375,47.01201248168945,147.69039916992188,174.61944580078125,42.862892150878906,464.0350646972656,412.5346374511719,72.00502014160156,113.44388580322266,143.3841094970703,151.5927276611328
2024-02-12,185.2914276123047,611.8400268554688,171.91000366210938,172.33999633789062,282.4338073730469,46.88072204589844,146.2333221435547,174.45077514648438,43.57545852661133,464.8181457519531,407.345458984375,72.11980438232422,112.66580200195312,145.37818908691406,150.3605499267578
2024-02-13,183.20236206054688,601.8900146484375,171.5399932861328,168.63999938964844,276.36865234375,46.552490234375,143.86431884765625,172.14547729492188,42.714439392089844,456.1145324707031,398.57586669921875,72.0000228881836,110.56498718261719,142.47251892089844,146.4120635986328
2024-02-14,182.3212127685547,604.6599731445312,178.6999969482422,170.97999572753906,284.23260498046875,47.152671813964844,144.6572723388672,172.023681640625,43.73380661010742,469.1600341796875,402.42822265625,73.76888275146484,111.12909698486328,146.17581176757812,147.3641815185547
2024-02-15,182.03408813476562,590.4400024414062,176.75999450683594,169.8000030517578,286.9751892089844,46.00856018066406,141.51515197753906,175.11607360839844,43.595252990722656,479.8164978027344,399.54876708984375,72.52909088134766,109.68966674804688,148.1129150390625,150.0151824951172
2024-02-16,180.49948120117188,546.6599731445312,173.8699951171875,169.50999450683594,284.7929382324219,45.427120208740234,139.28492736816406,175.83767700195312,43.060829162597656,469.1996765136719,397.0919189453125,72.48416137695312,108.25993347167969,144.98887634277344,149.7071533203125
2024-02-20,179.75694274902344,541.9099731445312,165.69000244140625,167.0800018310547,281.51953125,45.277076721191406,139.87965393066406,171.90184020996094,44.060401916503906,467.64337158203125,395.8437805175781,69.32878875732422,105.4782943725586,144.29571533203125,151.91009521484375
2024-02-21,180.50938415527344,538.52001953125,164.2899932861328,168.58999633789062,278.7278747558594,45.46463394165039,141.297119140625,168.39707946777344,43.021244049072266,464.4479675292969,395.24432373046875,67.35228729248047,105.19625091552734,144.34317016601562,153.16091918945312
2024-02-22,182.5390167236328,537.5700073242188,181.86000061035156,174.5800018310547,288.65606689453125,45.54903793334961,142.8235626220703,172.62342834472656,42.53630065917969,482.40948486328125,404.5509338378906,78.3986587524414,107.96815490722656,146.94496154785156,154.4210662841797
2024-02-23,180.70741271972656,553.4400024414062,176.52000427246094,174.99000549316406,287.82049560546875,45.82099914550781,142.6947021484375,174.03843688964844,42.54619598388672,480.3255310058594,403.2635803222656,78.67716217041016,108.88239288330078,147.09689331054688,152.79685974121094
2024-02-26,179.3609161376953,560.47998046875,176.00999450683594,174.72999572753906,295.2814636230469,45.38961410522461,136.36087036132812,172.5484161376953,42.54619598388672,478.05303955078125,400.5118408203125,78.95167541503906,107.92926025390625,149.10997009277344,153.3662567138672
2024-02-27,180.81631469726562,552.489990234375,178.0,173.5399932861328,294.4065856933594,45.30521011352539,137.65933227539062,173.24188232421875,42.28887939453125,483.3223876953125,400.4529113769531,78.56135559082031,108.32801818847656,150.31590270996094,153.96368408203125
2024-02-28,179.61831665039062,551.8200073242188,176.5399932861328,173.16000366210938,294.6720275878906,45.07075881958008,135.1813201904297,173.64483642578125,41.5565185546875,480.3156433105469,400.6888122558594,77.52519989013672,108.61980438232422,148.74119567871094,152.1901397705078
2024-02-29,178.95498657226562,560.280029296875,192.52999877929688,176.75999450683594,303.5681457519531,45.361473083496094,137.2430419921875,173.39183044433594,42.60557556152344,486.37890625,406.5066833496094,78.97162628173828,108.61980438232422,150.5926513671875,156.19464111328125
2024-03-01,177.8758087158203,570.9299926757812,202.63999938964844,178.22000122070312,311.4910888671875,45.38961410522461,135.9346466064453,176.3624267578125,43.36763000488281,498.4557189941406,408.3346252441406,82.13301086425781,110.6622543334961,155.6509246826172,159.6670684814453
2024-03-04,173.36109924316406,567.9400024414062,205.36000061035156,177.5800018310547,309.28912353515625,46.07421112060547,132.17794799804688,180.91673278808594,45.13915252685547,494.3771667480469,407.7646179199219,85.08576202392578,110.93457794189453,158.96266174316406,160.96456909179688
2024-03-05,168.4305419921875,544.8400268554688,205.1300048828125,174.1199951171875,293.66937255859375,45.90540313720703,131.50390625,179.87655639648438,42.714439392089844,486.46820068359375,395.70623779296875,85.81550598144531,107.90007781982422,154.0857391357422,159.28436279296875
2024-03-06,167.4404754638672,543.0900268554688,210.6300048828125,173.50999450683594,298.60400390625,46.11172103881836,130.24508666992188,183.82176208496094,44.05050277709961,492.2932434082031,395.1558532714844,88.5467758178711,109.1936264038086,160.2320098876953,160.43252563476562
2024-03-07,167.32168579101562,556.0399780273438,211.3800048828125,176.82000732421875,297.27691650390625,45.85851287841797,133.1988983154297,184.1778564453125,45.67357635498047,508.2700500488281,402.08428955078125,92.50891876220703,111.40142059326172,167.70484924316406,163.6062469482422
2024-03-08,169.03448486328125,551.6900024414062,207.38999938964844,175.35000610351562,300.08831787109375,46.42118835449219,134.21983337402344,183.62496948242188,43.54576873779297,502.07781982421875,399.21466064453125,87.37678527832031,109.33950805664062,162.78973388671875,160.83389282226562
2024-03-11,171.03443908691406,560.4199829101562,198.38999938964844,171.9600067138672,300.7960510253906,47.09641647338867,136.45997619628906,179.67041015625,44.39689254760742,479.888916015625,397.5439147949219,85.6258316040039,111.00265502929688,163.3146514892578,162.59812927246094
2024-03-12,171.50965881347656,579.1400146484375,202.75999450683594,175.38999938964844,301.405517578125,46.95573425292969,137.28268432617188,185.33985900878906,44.772972106933594,495.9252014160156,408.1183776855469,91.75421905517578,124.04521179199219,165.1852569580078,163.16757202148438
2024-03-13,169.4305419921875,573.5499877929688,194.7899932861328,176.55999755859375,299.8897399902344,46.99325180053711,138.5613250732422,184.3278045654297,42.78371810913086,491.7772521972656,407.9414978027344,90.73098754882812,122.08055877685547,161.52993774414062,161.18861389160156
2024-03-14,171.28196716308594,570.4500122070312,187.05999755859375,178.75,298.5511474609375,46.693153381347656,141.84226989746094,181.26345825195312,42.30867385864258,488.0658264160156,417.8869934082031,87.79208374023438,122.09030151367188,160.76644897460938,159.7510986328125
2024-03-15,170.90570068359375,492.4599914550781,191.05999755859375,174.4199981689453,289.7025146484375,45.88664245605469,139.93911743164062,179.05191040039062,42.199806213378906,480.39501953125,409.2388000488281,87.68526458740234,122.10002136230469,159.57347106933594,161.0392608642578
2024-03-18,171.9947967529297,513.8599853515625,190.64999389648438,174.47999572753906,295.7853088378906,46.205501556396484,146.3819580078125,179.63291931152344,42.26908874511719,493.1764831542969,410.12322998046875,88.30219268798828,124.29808807373047,159.30621337890625,157.94952392578125
2024-03-19,174.33132934570312,521.1900024414062,181.4199981689453,175.89999389648438,296.71051025390625,46.083580017089844,145.73770141601562,181.17913818359375,41.61589813232422,492.4421081542969,414.1427307128906,89.24356079101562,125.64998626708984,156.61485290527344,155.66256713867188
2024-03-20,176.89561462402344,519.1400146484375,179.72999572753906,178.14999389648438,301.2677307128906,46.468082427978516,147.43267822265625,181.76016235351562,41.76435089111328,501.65106201171875,417.8968505859375,90.21588897705078,125.6986312866211,160.0220184326172,158.66827392578125
2024-03-21,169.66812133789062,511.25,178.67999267578125,178.14999389648438,303.54144287109375,46.77756118774414,146.30270385742188,179.82969665527344,41.982078552246094,503.8739013671875,421.9654235839844,91.27703857421875,125.47492980957031,163.05699157714844,161.1045684814453
2024-03-22,170.569091796875,499.5199890136719,179.64999389648438,178.8699951171875,302.9311828613281,46.683780670166016,149.4448699951172,178.8363800048828,42.130531311035156,505.6799621582031,421.3463134765625,94.1261215209961,124.28836059570312,162.34120178222656,161.00192260742188
2024-03-25,169.15330505371094,507.2300109863281,178.6300048828125,179.7100067138672,301.2480773925781,46.58999252319336,148.75099182128906,176.91531372070312,41.39817428588867,499.1701965332031,415.5676574707031,94.837890625,122.6252212524414,159.87889099121094,159.48040771484375
2024-03-26,168.02462768554688,507.6000061035156,177.8699951171875,178.3000030517578,301.0216369628906,46.468082427978516,149.34573364257812,176.6435546875,41.5565185546875,492.0947570800781,414.3785400390625,92.40109252929688,123.00452423095703,159.4494171142578,156.7360382080078
2024-03-27,171.58885192871094,504.3999938964844,179.58999633789062,179.8300018310547,296.6416320800781,46.67439651489258,149.54396057128906,178.7989044189453,43.318145751953125,490.0802917480469,414.162353515625,90.0940933227539,121.83740997314453,161.4154510498047,161.36595153808594
2024-03-28,169.7770538330078,504.6000061035156,180.49000549316406,180.3800048828125,296.4447326660156,46.805694580078125,149.60342407226562,178.94883728027344,43.714012145996094,481.8636779785156,413.4645690917969,90.19992065429688,122.16809844970703,161.57769775390625,162.6168212890625
2024-04-01,168.34144592285156,502.0899963378906,183.33999633789062,180.97000122070312,297.50775146484375,46.927608489990234,154.12335205078125,177.88990783691406,44.060401916503906,487.58953857421875,417.2481689453125,90.20690155029297,122.0416488647461,163.88729858398438,161.64602661132812
2024-04-02,167.16326904296875,499.2099914550781,178.6999969482422,180.69000244140625,299.2204284667969,46.28989791870117,153.20152282714844,176.99966430664062,43.486385345458984,493.56341552734375,414.17218017578125,89.29747772216797,120.93289184570312,163.23831176757812,159.0229949951172
2024-04-03,167.9652099609375,497.010009765625,180.77000427246094,182.41000366210938,299.9488220214844,46.08189392089844,153.558349609375,178.89260864257812,39.91366195678711,502.86175537109375,413.19921875,88.81031799316406,122.78082275390625,165.97740173339844,159.00433349609375
2024-04-04,167.14346313476562,487.1099853515625,165.8300018310547,180.0,289.51544189453125,45.48625946044922,149.2069549560547,176.11880493164062,39.31985092163086,507.0097961425781,410.6735534667969,85.756591796875,120.78700256347656,162.0166778564453,157.3147735595703
2024-04-05,167.89588928222656,485.1199951171875,170.4199981689453,185.07000732421875,297.1632995605469,45.902259826660156,151.1596221923828,177.24330139160156,38.31038284301758,523.3040771484375,418.1817932128906,87.85597229003906,121.47753143310547,163.7059783935547,156.35333251953125
2024-04-08,166.77713012695312,484.2799987792969,169.89999389648438,185.19000244140625,296.9861145019531,45.60916519165039,153.48899841308594,177.8805389404297,37.58791732788086,515.2759399414062,417.267822265625,86.98248291015625,120.94261932373047,165.7006378173828,158.18289184570312
2024-04-09,167.9850311279297,492.54998779296875,170.77999877929688,185.6699981689453,297.6160583496094,47.28264236450195,155.22360229492188,177.40260314941406,37.934303283691406,512.9439697265625,418.9287109375,85.20655059814453,120.24009704589844,167.56170654296875,161.91671752929688
2024-04-10,166.11380004882812,487.2200012207031,167.13999938964844,185.9499969482422,294.9093017578125,46.52626037597656,154.76763916015625,174.3383026123047,36.81597137451172,515.8516235351562,415.9608154296875,86.88865661621094,118.7959976196289,163.0665283203125,157.6788330078125
2024-04-11,173.3016815185547,484.2799987792969,170.5,189.0500030517578,294.44671630859375,46.82881546020508,158.00889587402344,174.20709228515625,37.24153137207031,519.1560668945312,420.55023193359375,90.45945739746094,120.24984741210938,167.14175415039062,159.80711364746094
2024-04-12,174.7967071533203,474.0899963378906,163.27999877929688,186.1300048828125,289.692626953125,45.84553527832031,156.34368896484375,170.80543518066406,35.321556091308594,507.98223876953125,414.6242370605469,88.03364562988281,118.17152404785156,163.47689819335938,155.26119995117188
2024-04-15,170.97503662109375,470.1000061035156,160.32000732421875,183.6199951171875,268.609375,45.60916519165039,153.49888610839844,169.84959411621094,35.935157775878906,496.4015808105469,406.5066833496094,85.85242462158203,116.97136688232422,162.0930633544922,155.2798309326172
2024-04-16,167.69790649414062,476.2200012207031,163.4600067138672,183.32000732421875,273.0484924316406,45.30661392211914,153.0429229736328,172.19235229492188,35.88566970825195,495.9351806640625,407.43048095703125,87.26397705078125,117.69341278076172,160.89053344726562,156.43734741210938
2024-04-17,166.33160400390625,474.45001220703125,154.02000427246094,181.27999877929688,271.97564697265625,45.183712005615234,154.103515625,171.58322143554688,35.31166076660156,490.3879699707031,404.73773193359375,83.88983154296875,115.79072570800781,156.82484436035156,154.67311096191406
2024-04-18,165.38113403320312,473.17999267578125,155.0800018310547,179.22000122070312,267.6448059082031,45.48625946044922,154.63876342773438,170.0557403564453,34.67826843261719,497.9595642089844,397.29827880859375,84.52471923828125,113.18551635742188,154.07618713378906,152.77818298339844
2024-04-19,163.36138916015625,465.0199890136719,146.63999938964844,174.6300048828125,266.11920166015625,45.68479919433594,152.73562622070312,170.1588134765625,33.84693908691406,477.3882141113281,392.23712158203125,76.06835174560547,112.09268951416016,150.43997192382812,149.05369567871094
2024-04-22,164.19305419921875,466.8900146484375,148.63999938964844,177.22999572753906,269.5050964355469,45.51462173461914,154.90640258789062,170.45870971679688,34.054771423339844,478.0431823730469,394.04534912109375,79.38062286376953,111.75119018554688,152.8736572265625,152.55418395996094
2024-04-23,165.24252319335938,472.8999938964844,152.27000427246094,179.5399932861328,272.3299560546875,45.68479919433594,156.8690185546875,170.73046875,33.92611312866211,492.3031921386719,400.5414123535156,82.28060150146484,112.29759979248047,153.99029541015625,154.4584503173828
2024-04-24,167.3414764404297,477.1199951171875,151.74000549316406,176.58999633789062,271.84765625,45.71316146850586,157.73135375976562,172.52032470703125,34.14384078979492,489.72308349609375,402.00567626953125,79.53936767578125,112.5415267944336,156.16632080078125,163.17686462402344
2024-04-25,168.2028045654297,473.44000244140625,153.75999450683594,173.6699981689453,268.8456115722656,45.47679901123047,154.62889099121094,158.2857666015625,34.74754333496094,438.0019836425781,392.158447265625,82.4892578125,112.10245513916016,155.8513641357422,163.5876007080078
2024-04-26,167.61868286132812,477.55999755859375,157.39999389648438,179.6199951171875,269.97760009765625,45.24988555908203,170.4386749267578,156.61773681640625,31.55088996887207,439.89739990234375,399.31298828125,87.58345031738281,114.36614990234375,158.10369873046875,165.669189453125
2024-04-29,171.7769775390625,473.07000732421875,160.1999969482422,180.9600067138672,271.4047546386719,45.17425537109375,164.68963623046875,156.89883422851562,31.036258697509766,429.30902099609375,395.3131408691406,87.60540771484375,113.66362762451172,161.4822235107422,167.35873413085938
2024-04-30,168.63845825195312,462.8299865722656,158.3800048828125,175.0,264.711669921875,44.41788101196289,161.34927368164062,155.7462158203125,30.155445098876953,426.8777770996094,382.6159362792969,86.25274658203125,110.99009704589844,158.28504943847656,164.67971801757812
2024-05-01,167.61868286132812,469.3900146484375,144.27000427246094,179.0,264.465576171875,44.285518646240234,162.41978454589844,154.0875244140625,30.05647850036621,435.8287048339844,388.12921142578125,82.89753723144531,111.84873962402344,156.62442016601562,163.54090881347656
2024-05-02,171.31163024902344,476.57000732421875,146.16000366210938,184.72000122070312,267.85150146484375,44.23824691772461,165.15553283691406,154.33119201660156,30.195032119750977,438.29962158203125,390.9791564941406,85.66875457763672,112.17074584960938,171.8850555419922,164.10098266601562
2024-05-03,181.55886840820312,486.17999267578125,150.60000610351562,186.2100067138672,269.3574523925781,44.55024337768555,165.77008056640625,155.28704833984375,30.581005096435547,448.5009765625,399.6470642089844,88.6356201171875,112.99036407470703,171.44602966308594,167.0040283203125
2024-05-06,179.9054718017578,493.5899963378906,155.77999877929688,188.6999969482422,271.2964782714844,44.54079818725586,166.6225128173828,158.004638671875,30.774776458740234,462.1159973144531,406.408447265625,91.9808349609375,115.46874237060547,173.5552520751953,169.58035278320312
2024-05-07,180.588623046875,492.2699890136719,154.42999267578125,188.75999450683594,272.8221435546875,44.70151901245117,169.7448272705078,157.78912353515625,30.486604690551758,464.6563415527344,402.2807922363281,90.39756774902344,115.06867218017578,171.93276977539062,171.74276733398438
2024-05-08,180.9252166748047,488.1000061035156,153.6199951171875,188.0,274.5840148925781,45.382259368896484,167.8912811279297,159.21347045898438,29.81089210510254,468.9830322265625,403.4601745605469,90.25581359863281,114.54179382324219,172.31451416015625,172.94619750976562
2024-05-09,182.73709106445312,482.6499938964844,152.38999938964844,189.5,270.8437194824219,45.183712005615234,168.46620178222656,157.35855102539062,29.90032386779785,471.7814636230469,405.20947265625,88.59368133544922,113.80998992919922,172.3049774169922,174.2342529296875
2024-05-10,181.47793579101562,482.2900085449219,151.9199981689453,187.47999572753906,272.3201599121094,45.43898391723633,167.16769409179688,158.19137573242188,29.66183853149414,472.5555114746094,407.58770751953125,89.72274017333984,113.83924865722656,173.7747344970703,175.8607635498047
2024-05-13,184.68023681640625,483.1099853515625,150.55999755859375,186.57000732421875,273.15673828125,46.02516555786133,167.6533660888672,158.57937622070312,30.317676544189453,464.4281921386719,406.5852966308594,90.24282836914062,113.54653930664062,175.80758666992188,176.58473205566406
2024-05-14,185.82032775878906,475.95001220703125,153.16000366210938,187.07000732421875,272.4480895996094,46.28044891357422,168.8428192138672,158.39010620117188,30.854272842407227,468.23876953125,409.3763122558594,91.19818115234375,117.9373550415039,180.35047912597656,179.6967010498047
2024-05-15,188.09068298339844,485.3500061035156,159.6699981689453,185.99000549316406,283.0192565917969,46.961177825927734,170.99375915527344,159.2418670654297,31.072887420654297,477.8546447753906,416.5338134765625,94.4665298461914,118.67891693115234,185.73318481445312,183.8334503173828
2024-05-16,188.20962524414062,482.8800048828125,162.6199951171875,183.6300048828125,280.20416259765625,45.70371627807617,172.64906311035156,159.91380310058594,31.828094482421875,469.6082458496094,414.4761962890625,94.19599914550781,119.196044921875,184.45431518554688,183.30697631835938
2024-05-17,188.2393798828125,483.42999267578125,164.47000122070312,184.6999969482422,281.11956787109375,45.54297637939453,174.51254272460938,159.97059631347656,31.629356384277344,468.2983093261719,413.7082214355469,92.3192367553711,120.50353240966797,185.01742553710938,183.35400390625
2024-05-20,189.3993377685547,484.69000244140625,166.3300018310547,183.5399932861328,282.556640625,44.55970764160156,175.364990234375,160.81289672851562,31.897653579711914,465.2518615722656,418.7588806152344,94.61627197265625,121.498779296875,188.73951721191406,187.28395080566406
2024-05-21,190.69810485839844,481.8500061035156,164.66000366210938,183.14999389648438,279.2986755371094,44.38006591796875,176.28684997558594,164.1726531982422,31.5399227142334,461.0740051269531,422.4016418457031,95.2212142944336,121.60611724853516,191.68858337402344,187.10531616210938
2024-05-22,189.26052856445312,483.92999267578125,165.52000427246094,183.1300048828125,279.35772705078125,44.84334182739258,174.8297576904297,164.38084411621094,31.221940994262695,464.199951171875,423.8587646484375,94.78595733642578,121.57685089111328,193.6737060546875,190.4241485595703
2024-05-23,185.2750701904297,483.30999755859375,160.42999267578125,181.0500030517578,274.1902770996094,44.0586051940918,172.02459716796875,161.52268981933594,29.8903865814209,462.2152404785156,420.3931884765625,103.61969757080078,121.0792236328125,192.5570831298828,185.4882049560547
2024-05-24,188.34841918945312,475.42999267578125,166.36000061035156,180.75,268.0090026855469,43.88842010498047,173.45196533203125,161.7309112548828,30.526351928710938,474.55999755859375,423.50433349609375,106.28507995605469,119.9278564453125,200.76478576660156,187.26512145996094
2024-05-28,188.35838317871094,478.42999267578125,171.61000061035156,182.14999389648438,265.5876159667969,43.75605010986328,174.84954833984375,160.56683349609375,30.86421012878418,476.24700927734375,423.6618347167969,113.70423889160156,121.46952056884766,203.36073303222656,187.66001892089844
2024-05-29,188.65576171875,477.6000061035156,165.13999938964844,182.02000427246094,267.3495178222656,43.56696701049805,174.3539581298828,158.0967254638672,29.94007110595703,470.72955322265625,422.52960205078125,114.62663269042969,120.73773193359375,198.76058959960938,183.25057983398438
2024-05-30,189.64718627929688,445.8699951171875,166.75,179.32000732421875,214.58238220214844,43.60478591918945,170.59730529785156,156.75283813476562,29.99969482421875,463.47552490234375,408.25396728515625,110.30911254882812,114.2490463256836,196.25941467285156,183.97451782226562
2024-05-31,190.59893798828125,444.760009765625,166.89999389648438,176.44000244140625,230.7541046142578,43.96405792236328,170.98385620117188,157.90744018554688,30.655534744262695,463.2572021484375,408.70684814453125,109.44361114501953,114.34666442871094,195.54071044921875,183.34458923339844
2024-06-03,192.3636474609375,439.0199890136719,163.5500030517578,178.33999633789062,232.89979553222656,44.10587692260742,171.64793395996094,156.4215850830078,30.099063873291016,473.83563232421875,407.1217346191406,114.80133819580078,116.38592529296875,197.32315063476562,182.13177490234375
2024-06-04,192.68092346191406,448.3699951171875,159.99000549316406,179.33999633789062,231.16749572753906,44.83388137817383,172.2624969482422,156.92318725585938,29.8407039642334,473.33941650390625,409.63232421875,116.2358627319336,117.1567611694336,195.8473358154297,181.7368927001953
2024-06-05,194.18785095214844,455.79998779296875,166.1699981689453,181.27999877929688,232.8112335205078,43.51023864746094,173.8682861328125,158.40902709960938,30.585975646972656,491.2710876464844,417.449462890625,122.22847747802734,119.65464782714844,203.0633544921875,184.35060119628906
2024-06-06,192.809814453125,458.1300048828125,166.77999877929688,185.0,238.94326782226562,43.70878982543945,175.17666625976562,159.18507385253906,30.22824478149414,489.9811096191406,417.9515686035156,120.78897857666016,120.50353240966797,200.7059326171875,184.50100708007812
2024-06-07,195.1990966796875,465.42999267578125,167.8699951171875,184.3000030517578,238.04757690429688,43.34005355834961,172.92665100097656,160.8980712890625,30.546226501464844,489.1872253417969,417.2919616699219,120.67916870117188,122.86482238769531,198.00352478027344,183.90872192382812
2024-06-10,191.46148681640625,459.94000244140625,160.33999633789062,187.05999755859375,238.0377197265625,43.34950637817383,173.67088317871094,161.24826049804688,30.71515464782715,498.7534484863281,421.24969482421875,121.5796127319336,121.47927856445312,200.61965942382812,185.79847717285156
2024-06-11,205.3709716796875,462.69000244140625,158.9600067138672,187.22999572753906,237.2010955810547,43.27387619018555,175.26858520507812,160.24505615234375,30.7250919342041,503.58612060546875,425.98529052734375,120.7110595703125,120.87432098388672,199.82431030273438,185.62925720214844
2024-06-12,211.24014282226562,459.8699951171875,160.24000549316406,186.88999938964844,232.09271240234375,43.13204574584961,176.42958068847656,159.9422149658203,30.56610107421875,504.9457092285156,434.2356262207031,124.99398040771484,136.97401428222656,206.40782165527344,187.0771026611328
2024-06-13,212.4001007080078,458.739990234375,159.89999389648438,183.8300018310547,225.42913818359375,43.03750991821289,173.8197479248047,160.05577087402344,30.26799201965332,500.2419738769531,434.74761962890625,129.39674377441406,136.4568328857422,208.72689819335938,184.53863525390625
2024-06-14,210.6651153564453,525.3099975585938,159.6300048828125,183.66000366210938,228.29339599609375,43.18878173828125,175.43727111816406,160.1409454345703,30.258056640625,500.7982482910156,435.7222900390625,131.6630096435547,134.77857971191406,206.35031127929688,182.30099487304688
2024-06-17,214.80921936035156,518.739990234375,158.39999389648438,184.05999755859375,226.8563232421875,43.198238372802734,175.88380432128906,160.41542053222656,30.784713745117188,503.25177001953125,441.43255615234375,130.76446533203125,137.88140869140625,212.95297241210938,183.2411651611328
2024-06-18,212.44967651367188,522.25,154.6300048828125,182.80999755859375,228.16543579101562,43.46296691894531,173.75025939941406,161.40914916992188,30.436920166015625,496.15936279296875,439.4339599609375,135.35690307617188,141.130615234375,217.61988830566406,184.5104217529297
2024-06-20,207.87924194335938,522.9500122070312,161.77999877929688,186.10000610351562,237.9983673095703,44.172061920166016,174.95101928710938,164.59852600097656,30.426984786987305,498.3546142578125,438.8038635253906,130.56480407714844,139.4425811767578,206.48446655273438,181.2291717529297
2024-06-21,205.70806884765625,533.4400024414062,161.22999572753906,189.0800018310547,241.2071075439453,44.71097946166992,178.25555419921875,163.21678161621094,30.894020080566406,491.4807434082031,442.82073974609375,126.36173248291016,138.0668182373047,203.6670684814453,183.8334503173828
2024-06-24,206.3524627685547,524.1699829101562,160.25,185.57000732421875,236.16761779785156,44.70151901245117,177.84866333007812,165.6300811767578,30.37729835510254,495.5832824707031,440.7434387207031,117.91564178466797,136.49588012695312,192.46458435058594,182.31040954589844
2024-06-25,207.27452087402344,526.8800048828125,160.25,186.33999633789062,237.95896911621094,44.79607391357422,182.6218719482422,163.34927368164062,30.546226501464844,507.1953125,443.97265625,125.88251495361328,135.7933349609375,193.73907470703125,182.83689880371094
2024-06-26,211.41859436035156,528.6599731445312,157.5399932861328,193.61000061035156,239.32713317871094,44.3044319152832,182.47300720214844,162.65838623046875,30.347488403320312,509.6985168457031,445.1639404296875,126.19200134277344,134.8761444091797,189.10093688964844,181.5488739013672
2024-06-27,212.26129150390625,546.760009765625,159.47000122070312,197.85000610351562,248.87461853027344,44.862247467041016,183.99130249023438,161.6930694580078,30.397172927856445,516.0955200195312,445.84326171875,123.78597259521484,136.77882385253906,187.01182556152344,181.8590850830078
2024-06-28,208.81117248535156,555.5399780273438,162.2100067138672,193.25,253.05783081054688,44.91897201538086,180.75625610351562,163.6804962158203,30.774776458740234,500.8578186035156,440.0345458984375,123.33671569824219,137.7740936279297,190.87379455566406,182.89329528808594
2024-07-01,214.88853454589844,560.010009765625,157.69000244140625,197.1999969482422,252.18179321289062,44.92843246459961,181.58981323242188,165.7152862548828,30.645597457885742,501.3147888183594,449.6631774902344,124.095458984375,139.61822509765625,191.68832397460938,182.95913696289062
2024-07-02,218.37831115722656,567.7100219726562,164.30999755859375,200.0,252.16213989257812,44.70151901245117,183.82260131835938,167.79736328125,30.874147415161133,506.1026306152344,452.1737365722656,122.46814727783203,139.8036346435547,191.81292724609375,186.5506134033203
2024-07-03,219.6472930908203,570.1500244140625,163.89999389648438,197.58999633789062,256.8472900390625,44.521881103515625,184.39816284179688,166.31150817871094,31.033138275146484,506.5595703125,453.6407165527344,128.0689239501953,140.87692260742188,195.31069946289062,187.0395050048828
2024-07-05,224.39614868164062,578.3400268554688,171.89999389648438,200.0,259.05206298828125,44.48373794555664,189.14163208007812,166.58596801757812,31.818159103393555,536.3098754882812,460.32562255859375,125.62293243408203,141.3159942626953,197.16981506347656,186.89846801757812
2024-07-08,225.8634796142578,575.4000244140625,178.69000244140625,199.2899932861328,253.32357788085938,43.921138763427734,187.5836181640625,168.11915588378906,33.77574157714844,525.7904052734375,459.0260314941406,127.98902130126953,141.51116943359375,199.2205352783203,189.4181671142578
2024-07-09,226.716064453125,566.02001953125,177.10000610351562,199.33999633789062,248.8479766845703,43.67321014404297,187.5339813232422,167.02130126953125,34.3719596862793,526.4658813476562,452.4297180175781,131.16383361816406,137.2667236328125,198.48268127441406,188.1865234375
2024-07-10,230.9791717529297,564.5499877929688,183.9600067138672,199.7899932861328,249.00572204589844,44.12139129638672,189.71713256835938,168.30841064453125,34.65019226074219,531.1246948242188,459.035888671875,134.68800354003906,138.6229705810547,200.09263610839844,191.4395294189453
2024-07-11,225.6156005859375,557.6300048828125,181.94000244140625,195.0500030517578,247.5565948486328,44.5886344909668,184.15008544921875,168.75323486328125,33.2888298034668,509.28131103515625,447.66461181640625,127.19036102294922,139.68951416015625,191.51585388183594,188.02670288085938
2024-07-12,228.5601043701172,559.0499877929688,181.61000061035156,194.49000549316406,250.36614990234375,45.179847717285156,183.6539306640625,173.03097534179688,34.27259063720703,495.54351806640625,446.5323486328125,129.02734375,141.65631103515625,193.9882354736328,189.7942352294922
2024-07-15,232.38697814941406,565.7100219726562,179.8300018310547,192.72000122070312,249.27188110351562,45.198917388916016,185.10272216796875,173.07827758789062,34.242774963378906,492.85162353515625,446.9360656738281,128.2286376953125,139.99285888671875,199.49844360351562,189.6907958984375
2024-07-16,232.8033447265625,566.5399780273438,177.5500030517578,193.02000427246094,252.39691162109375,45.21798324584961,182.51272583007812,175.8512725830078,34.12353515625,486.5240478515625,442.56475830078125,126.15206909179688,139.54273986816406,200.89759826660156,194.26007080078125
2024-07-17,226.9143524169922,563.0900268554688,159.42999267578125,187.92999267578125,247.65518188476562,46.26689910888672,179.63490295410156,177.4033660888672,34.242774963378906,458.9093933105469,436.6576232910156,117.79584503173828,136.2648162841797,183.60989379882812,192.04127502441406
2024-07-18,222.25473022460938,556.8499755859375,155.77000427246094,183.75,243.84010314941406,45.80918884277344,176.33038330078125,175.2928924560547,34.65019226074219,472.677001953125,433.5563659667969,120.89073181152344,135.06126403808594,183.47573852539062,193.55494689941406
2024-07-19,222.38360595703125,551.0,151.5800018310547,183.1300048828125,244.11611938476562,45.12262725830078,176.3006134033203,173.428466796875,32.7721061706543,473.6107482910156,430.3467712402344,117.73594665527344,135.57984924316406,178.44468688964844,187.18992614746094
2024-07-22,222.03662109375,554.8200073242188,155.8699951171875,182.5500030517578,250.47459411621094,44.64584732055664,180.27992248535156,174.28024291992188,33.15964889526367,484.1499938964844,436.0865478515625,123.33671569824219,137.1552276611328,186.83935546875,193.56436157226562
2024-07-23,223.0775909423828,546.010009765625,154.0,186.41000366210938,252.4264678955078,44.20720672607422,180.39898681640625,174.23291015625,32.7422981262207,485.43133544921875,437.967041015625,122.38827514648438,140.03201293945312,185.2869110107422,186.4283905029297
2024-07-24,216.66317749023438,531.0399780273438,144.6300048828125,180.8300018310547,246.235595703125,44.67445373535156,171.30908203125,174.1572265625,31.50017547607422,458.1941833496094,422.2637939453125,114.06201934814453,135.7853546142578,173.51901245117188,186.4189910888672
2024-07-25,215.62220764160156,532.1500244140625,138.32000732421875,179.85000610351562,252.8799285888672,45.04634475708008,166.00003051757812,181.69056701660156,30.90395736694336,450.3866271972656,411.9262390136719,112.09524536132812,134.85577392578125,168.07586669921875,185.3565673828125
2024-07-26,216.08815002441406,542.4400024414062,139.99000549316406,182.5,258.9821472167969,45.65662384033203,165.72218322753906,181.47288513183594,31.152381896972656,462.5946960449219,418.6899719238281,112.87395477294922,136.0201873779297,172.5415496826172,189.9070587158203
2024-07-29,216.3657684326172,536.6099853515625,139.75,183.1999969482422,254.9205780029297,45.761512756347656,168.2327880859375,181.2362823486328,30.63566017150879,462.6046142578125,420.1274108886719,111.4063720703125,135.3352508544922,171.1903533935547,189.8036346435547
2024-07-30,216.9209442138672,538.7100219726562,138.44000244140625,181.7100067138672,254.26995849609375,45.9045524597168,168.98699951171875,180.8009490966797,29.94007110595703,460.10137939453125,416.37640380859375,103.55931091308594,132.7520294189453,159.97825622558594,188.96688842773438
2024-07-31,220.17274475097656,551.6500244140625,144.47999572753906,186.97999572753906,255.1276092529297,46.200157165527344,170.2274169921875,181.8419952392578,30.546226501464844,471.6638488769531,411.87701416015625,116.82743072509766,136.4507293701172,173.40403747558594,192.86563110351562
2024-08-01,216.4846954345703,546.4099731445312,132.5399932861328,184.07000732421875,249.4690704345703,45.18937301635742,169.453369140625,179.49493408203125,28.866878509521484,494.4210510253906,410.65618896484375,109.03028106689453,134.5524444580078,157.160888671875,182.9484100341797
2024-08-02,217.9718475341797,526.1699829101562,132.5,167.89999389648438,240.50807189941406,44.49327850341797,165.384765625,178.98385620117188,21.3445987701416,484.8850402832031,402.1695861816406,107.09347534179688,130.41343688964844,152.6664581298828,177.39361572265625
2024-08-05,207.47276306152344,509.32000732421875,134.82000732421875,161.02000427246094,235.618408203125,42.66243362426758,158.03147888183594,173.4852752685547,19.983234405517578,472.5578308105469,389.0360107421875,100.28470611572266,125.11000061035156,151.3631591796875,171.46031188964844
2024-08-06,205.45028686523438,514.2000122070312,130.17999267578125,161.92999267578125,235.03680419921875,43.062931060791016,157.0787811279297,176.7882080078125,19.704999923706055,490.79541015625,393.427001953125,104.07844543457031,125.45247650146484,152.10105895996094,176.91099548339844
2024-08-07,208.01805114746094,513.6199951171875,128.6699981689453,162.77000427246094,236.63381958007812,43.0247917175293,157.72384643554688,176.7882080078125,18.989999771118164,485.65985107421875,392.2652587890625,98.74724578857422,123.19215393066406,149.60946655273438,174.18565368652344
2024-08-08,211.47805786132812,530.239990234375,136.32000732421875,165.8000030517578,245.58494567871094,43.70182418823242,160.79019165039062,182.2868194580078,20.489999771118164,506.23175048828125,396.4593200683594,104.7972640991211,126.18634033203125,158.07125854492188,182.92001342773438
2024-08-09,214.3829345703125,536.2999877929688,134.27000427246094,166.94000244140625,248.9465789794922,43.358543395996094,162.41763305664062,182.77369689941406,19.709999084472656,514.3175048828125,399.73779296875,104.57762908935547,129.21966552734375,157.62083435058594,181.88856506347656
2024-08-12,215.91146850585938,530.9299926757812,136.77000427246094,166.8000030517578,247.74388122558594,42.77686309814453,161.0482177734375,180.89297485351562,19.360000610351562,512.5095825195312,400.5155944824219,108.84060668945312,129.72848510742188,156.09713745117188,181.74658203125
2024-08-13,219.62364196777344,535.219970703125,141.1300048828125,170.22999572753906,250.98719787597656,43.26317596435547,162.90390014648438,182.3345489501953,20.469999313354492,525.0156860351562,407.6042175292969,115.94889068603516,131.37232971191406,162.40277099609375,186.6578826904297
2024-08-14,220.07029724121094,539.7899780273438,140.75,170.10000610351562,251.69699096679688,43.329933166503906,159.1428985595703,183.60427856445312,19.920000076293945,523.2474975585938,410.41009521484375,117.88569641113281,132.6835174560547,160.17950439453125,185.10595703125
2024-08-15,223.04795837402344,554.1599731445312,147.36000061035156,177.58999633789062,259.06103515625,46.27644348144531,160.06578063964844,185.160400390625,20.690000534057617,533.7470092773438,415.2626953125,122.65782928466797,133.98492431640625,166.111328125,191.08657836914062
2024-08-16,224.36807250976562,553.4600219726562,148.55999755859375,177.05999755859375,259.17926025390625,47.16324996948242,161.7130889892578,184.99810791015625,20.8700008392334,523.903076171875,412.7377624511719,124.375,134.51332092285156,164.99974060058594,189.7617645263672
2024-08-19,224.2092742919922,563.1199951171875,155.27999877929688,178.22000122070312,261.6142272949219,47.65910720825195,165.3946990966797,185.90504455566406,21.520000457763672,525.750732421875,415.755859375,129.78607177734375,134.95359802246094,166.99301147460938,189.88479614257812
2024-08-20,224.82464599609375,562.25,156.39999389648438,178.8800048828125,258.1244812011719,47.90703582763672,165.90077209472656,187.1461181640625,20.989999771118164,523.2177124023438,418.9810485839844,127.04061126708984,136.17674255371094,164.93267822265625,191.663818359375
2024-08-21,224.71548461914062,565.7899780273438,157.80999755859375,180.11000061035156,257.3851318359375,48.10728454589844,164.58094787597656,188.2726593017578,21.40999984741211,531.5914916992188,418.3301086425781,128.28855895996094,137.18460083007812,166.95468139648438,197.18077087402344
2024-08-22,222.859375,557.4400024414062,151.6999969482422,176.1300048828125,254.9205780029297,47.88796615600586,162.54664611816406,187.0792999267578,20.100000381469727,528.3831176757812,409.8577575683594,123.536376953125,135.1101837158203,161.9523468017578,192.82778930664062
2024-08-23,225.15220642089844,558.2999877929688,154.97999572753906,177.0399932861328,260.2538146972656,48.383819580078125,164.3527374267578,187.2129669189453,20.540000915527344,524.479248046875,411.0807800292969,129.15711975097656,136.1962890625,166.2646942138672,198.6096954345703
2024-08-26,225.48965454101562,559.4400024414062,149.99000549316406,175.5,261.5156555175781,48.431495666503906,164.88858032226562,189.00775146484375,20.1299991607666,517.6452026367188,407.8259582519531,126.25192260742188,135.91253662109375,162.42190551757812,197.0672149658203
2024-08-27,226.3333282470703,567.8200073242188,150.5,173.1199951171875,260.45098876953125,48.35520935058594,163.41993713378906,189.7237548828125,20.06999969482422,515.6384887695312,408.1711730957031,128.0889129638672,135.50157165527344,166.67677307128906,199.37619018554688
2024-08-28,224.8048095703125,560.5399780273438,146.36000061035156,170.8000030517578,255.22621154785156,47.53514099121094,161.6039276123047,189.46600341796875,19.610000610351562,513.333984375,404.9755554199219,125.40331268310547,134.9144744873047,164.68350219726562,196.5845947265625
2024-08-29,228.08026123046875,569.6300048828125,145.49000549316406,172.1199951171875,253.36302185058594,48.05006408691406,160.5421142578125,189.8860626220703,20.1299991607666,514.764404296875,407.4610290527344,117.3965072631836,136.42138671875,162.42190551757812,199.7546844482422
2024-08-30,227.29612731933594,574.4099731445312,148.55999755859375,178.5,249.3113250732422,48.1931037902832,162.12986755371094,192.96969604492188,22.040000915527344,517.8338012695312,411.426025390625,119.173583984375,138.2511444091797,167.98963928222656,202.83018493652344
2024-09-03,221.1125030517578,571.0399780273438,136.94000244140625,176.25,244.54000854492188,47.73539733886719,156.1559295654297,192.158203125,20.100000381469727,508.3475646972656,403.8314514160156,107.82228088378906,136.49964904785156,156.4325714111328,190.9919891357422
2024-09-04,219.20677185058594,575.25,140.8699951171875,173.3300018310547,244.16542053222656,47.39210891723633,155.2528839111328,194.85997009277344,19.43000030517578,509.3209533691406,403.29888916015625,106.03523254394531,137.72274780273438,158.4354248046875,193.04542541503906
2024-09-05,220.7253875732422,567.9299926757812,139.44000244140625,177.88999938964844,242.6275177001953,46.84857940673828,156.03684997558594,193.40884399414062,19.399999618530273,513.4134521484375,402.79583740234375,107.0335922241211,139.54273986816406,157.6840362548828,190.7270050048828
2024-09-06,219.177001953125,563.4099731445312,134.35000610351562,171.38999938964844,240.50807189941406,46.247840881347656,149.7652130126953,191.64268493652344,18.889999389648438,496.93408203125,396.1974792480469,102.66079711914062,138.75994873046875,152.37657165527344,186.84713745117188
2024-09-09,219.26632690429688,569.8800048828125,138.14999389648438,175.39999389648438,242.2726287841797,46.43854904174805,147.7679443359375,194.30624389648438,19.06999969482422,501.4240417480469,400.16241455078125,106.2947998046875,136.8812713623047,154.86175537109375,190.36740112304688
2024-09-10,218.47227478027344,574.47998046875,142.83999633789062,179.5500030517578,242.66696166992188,46.52436447143555,147.71826171875,196.01512145996094,18.979999542236328,501.4240417480469,408.5262451171875,107.92211151123047,152.53713989257812,155.73831176757812,189.07095336914062
2024-09-11,221.0032958984375,580.3800048828125,149.86000061035156,184.52000427246094,246.02859497070312,46.82950973510742,150.2024383544922,200.3780059814453,19.639999389648438,508.4170837402344,417.24517822265625,116.7176284790039,153.79937744140625,160.43898010253906,191.5408172607422
2024-09-12,221.1125030517578,586.5499877929688,150.77000427246094,187.0,249.77464294433594,47.30628967285156,153.71005249023438,202.02008056640625,19.360000610351562,522.09521484375,421.15093994140625,118.95413970947266,157.9090576171875,158.91700744628906,185.45611572265625
2024-09-13,220.844482421875,536.8699951171875,152.30999755859375,186.49000549316406,250.95762634277344,47.48746871948242,156.46250915527344,205.05592346191406,19.65999984741211,521.121826171875,424.6917419433594,118.9141845703125,158.54505920410156,161.56597900390625,189.19398498535156
2024-09-16,214.71046447753906,521.5,152.0800018310547,184.88999938964844,253.264404296875,48.66035079956055,157.05868530273438,207.3185577392578,20.90999984741211,530.2294921875,425.43145751953125,116.59781646728516,166.66653442382812,160.4871368408203,187.81239318847656
2024-09-17,215.1769561767578,515.030029296875,150.82000732421875,186.8800048828125,251.56886291503906,48.259849548339844,158.3107452392578,204.42587280273438,21.469999313354492,533.2521362304688,429.1893310546875,115.40966796875,163.86807250976562,162.50033569335938,190.57557678222656
2024-09-18,219.04794311523438,508.1300048828125,148.2899932861328,186.42999267578125,249.23866271972656,48.22170639038086,158.79763793945312,205.1991729736328,20.770000457763672,534.8727416992188,424.9087219238281,113.1931381225586,160.99131774902344,162.11502075195312,189.93209838867188
2024-09-19,227.16709899902344,526.4400024414062,156.74000549316406,189.8699951171875,262.6272277832031,49.05131149291992,161.1128692626953,204.1967315673828,21.139999389648438,555.901611328125,432.6807861328125,117.68611145019531,163.9854736328125,167.5284881591797,196.45211791992188
2024-09-20,226.50205993652344,522.2999877929688,155.9499969482422,191.60000610351562,263.4269714355469,49.55670166015625,162.55368041992188,207.83407592773438,21.84000015258789,558.1387939453125,429.3076171875,115.81903839111328,164.3866729736328,162.71224975585938,192.38302612304688
2024-09-23,224.7849578857422,527.8699951171875,156.75,193.8800048828125,260.8697204589844,49.7664794921875,160.82472229003906,210.50717163085938,22.559999465942383,561.1813354492188,427.5717468261719,116.07862854003906,162.38075256347656,159.86105346679688,192.9034881591797
2024-09-24,225.67823791503906,524.0700073242188,158.32000732421875,193.9600067138672,267.02099609375,50.08115768432617,161.2619171142578,210.9558563232422,22.809999465942383,560.1076049804688,423.2911682128906,120.68143463134766,162.23399353027344,160.8146514892578,193.93496704101562
2024-09-25,224.68568420410156,517.9000244140625,162.02000427246094,192.52999877929688,270.6247863769531,50.20512390136719,160.46697998046875,211.20408630371094,23.540000915527344,565.0589599609375,426.1909484863281,123.31730651855469,162.7036590576172,162.0861358642578,194.04852294921875
2024-09-26,225.8271484375,515.3800048828125,167.49000549316406,191.16000366210938,272.2737121582031,50.39583206176758,161.69912719726562,213.30438232421875,23.920000076293945,564.5917358398438,425.4018859863281,123.84648132324219,164.4845428466797,166.3148193359375,198.02297973632812
2024-09-27,226.09512329101562,515.47998046875,164.35000610351562,187.97000122070312,273.14263916015625,50.557945251464844,162.91140747070312,210.83175659179688,23.90999984741211,564.1144409179688,422.1568908691406,121.21060943603516,165.11077880859375,163.87777709960938,197.909423828125
2024-09-30,231.266357421875,517.780029296875,164.0800018310547,186.3300018310547,270.2496032714844,50.748653411865234,164.7993621826172,211.06088256835938,23.459999084472656,569.1654052734375,424.4057312011719,121.25054931640625,166.73504638671875,163.8007049560547,195.47743225097656
2024-10-01,224.5269012451172,502.79998779296875,159.75,185.1300048828125,267.445556640625,50.29094314575195,165.93215942382812,209.4093017578125,22.690000534057617,573.1722412109375,414.9273376464844,116.81746673583984,163.5647430419922,159.68763732910156,190.7743377685547
2024-10-02,225.0926513671875,505.80999755859375,159.77999877929688,184.75999450683594,275.9467468261719,50.55998611450195,164.80929565429688,209.77206420898438,22.389999389648438,569.5332641601562,411.41607666015625,118.66458129882812,164.10292053222656,162.13430786132812,192.5060272216797
2024-10-03,223.99090576171875,503.79998779296875,162.85000610351562,181.9600067138672,277.358642578125,50.37742233276367,164.80929565429688,212.62657165527344,22.260000228881836,579.436279296875,410.8342590332031,122.65834045410156,163.27120971679688,162.71224975585938,190.840576171875
2024-10-04,225.1124725341797,507.2200012207031,170.89999389648438,186.50999450683594,284.11212158203125,50.68489456176758,166.001708984375,215.7579345703125,22.59000015258789,592.5308837890625,410.36077880859375,124.72511291503906,167.1851348876953,162.69296264648438,191.82472229003906
2024-10-07,220.04052734375,487.29998779296875,170.97000122070312,180.8000030517578,280.97235107421875,50.45429229736328,161.94752502441406,216.82716369628906,22.3799991607666,581.4347534179688,403.9300842285156,127.52073669433594,166.31431579589844,160.80499267578125,190.4620361328125
2024-10-08,224.0901641845703,496.239990234375,172.8000030517578,182.72000122070312,287.88385009765625,50.665672302246094,163.33868408203125,218.25918579101562,23.31999969482422,589.4983520507812,409.02923583984375,132.68267822265625,170.61964416503906,160.22705078125,191.35154724121094
2024-10-09,227.83209228515625,494.0799865722656,171.02000427246094,185.1699981689453,284.2800598144531,51.46318817138672,160.8346405029297,223.68177795410156,23.459999084472656,587.1319580078125,411.7415771484375,132.4430694580078,174.45535278320312,163.96446228027344,193.96336364746094
2024-10-10,227.3358154296875,503.57000732421875,164.17999267578125,186.64999389648438,286.5015563964844,51.4439697265625,161.05325317382812,222.4597930908203,23.219999313354492,580.490234375,410.1438293457031,134.59967041015625,172.0232391357422,162.32693481445312,191.5976104736328
2024-10-11,225.85693359375,495.4200134277344,167.88999938964844,188.82000732421875,284.45770263671875,52.12617111206055,162.2058868408203,222.6889190673828,23.559999465942383,586.5751953125,410.6172180175781,134.58970642089844,172.3762664794922,163.73326110839844,194.0958251953125
2024-10-14,229.5790252685547,509.6499938964844,165.27000427246094,187.5399932861328,287.95294189453125,52.145389556884766,163.91500854492188,224.5982666015625,23.440000534057617,587.0425415039062,413.3985900878906,137.85459899902344,172.71951293945312,171.4970703125,197.4552001953125
2024-10-15,232.1100311279297,508.0299987792969,156.63999938964844,187.69000244140625,284.7045593261719,51.962825775146484,164.4118194580078,222.4025115966797,22.65999984741211,582.916259765625,413.0040588378906,131.39471435546875,170.7287139892578,167.69224548339844,189.1088104248047
2024-10-16,230.05543518066406,502.5400085449219,156.1300048828125,186.88999938964844,287.18280029296875,54.172786712646484,164.11373901367188,223.08033752441406,22.309999465942383,573.4905395507812,410.419921875,135.50828552246094,171.3955841064453,165.17816162109375,189.91319274902344
2024-10-17,230.4226837158203,496.8299865722656,156.25,187.52999877929688,287.42962646484375,54.19199752807617,161.89784240722656,222.3261260986328,22.440000534057617,573.6296997070312,411.0117492675781,136.71636962890625,172.2880096435547,164.81211853027344,187.6515350341797
2024-10-18,233.25149536132812,494.8999938964844,155.97000122070312,188.99000549316406,289.2365417480469,54.53790283203125,162.38475036621094,221.6769561767578,22.770000457763672,573.1722412109375,412.43206787109375,137.7847137451172,171.317138671875,164.6387481689453,187.81239318847656
2024-10-21,234.720458984375,497.7099914550781,157.89999389648438,189.07000732421875,287.6073913574219,54.37455368041992,163.03067016601562,221.2473602294922,22.84000015258789,571.8697509765625,413.0435485839844,143.4857940673828,170.4051055908203,162.79893493652344,185.25738525390625
2024-10-22,234.10507202148438,493.1099853515625,154.08999633789062,189.6999969482422,284.6847839355469,54.38417434692383,164.09385681152344,221.7246856689453,22.399999618530273,578.6806640625,421.65399169921875,143.36598205566406,171.92515563964844,166.81568908691406,183.5540313720703
2024-10-23,229.04302978515625,485.0299987792969,152.91000366210938,184.7100067138672,280.8341064453125,54.076698303222656,161.74879455566406,222.2020263671875,21.979999542236328,560.4653930664062,418.7838134765625,139.34228515625,169.7578582763672,160.47750854492188,190.90682983398438
2024-10-24,228.85446166992188,482.8699951171875,153.44000244140625,186.3800048828125,283.1346435546875,53.76922607421875,161.68917846679688,208.49281311035156,22.34000015258789,564.5321044921875,418.91204833984375,140.19094848632812,171.01312255859375,161.92237854003906,195.51528930664062
2024-10-25,229.68820190429688,483.7200012207031,156.22999572753906,187.8300018310547,286.78790283203125,53.55784225463867,164.22305297851562,204.94139099121094,22.68000030517578,569.9706420898438,422.2851867675781,141.31918334960938,170.1697540283203,164.01263427734375,195.81808471679688
2024-10-28,231.66336059570312,481.0400085449219,159.9199981689453,188.38999938964844,290.0559997558594,53.1158447265625,165.66384887695312,203.26113891601562,22.920000076293945,574.8526611328125,420.7466125488281,140.30076599121094,169.09095764160156,165.89096069335938,194.7771759033203
2024-10-29,231.93138122558594,485.3900146484375,166.25,190.8300018310547,295.111328125,53.50019073486328,168.60508728027344,200.89352416992188,22.899999618530273,589.88623046875,426.0331115722656,141.02963256835938,170.0814666748047,169.5320587158203,200.00074768066406
2024-10-30,228.387939453125,486.67999267578125,148.60000610351562,192.72999572753906,292.65277099609375,53.4137077331543,173.3548126220703,195.61415100097656,22.299999237060547,588.4146118164062,426.60516357421875,139.1226043701172,171.18963623046875,161.4600067138672,196.764404296875
2024-10-31,224.22909545898438,478.0799865722656,144.07000732421875,186.39999389648438,287.6864013671875,52.62581253051758,170.02603149414062,197.35166931152344,21.520000457763672,564.3331909179688,400.7837829589844,132.5528564453125,164.59938049316406,156.78823852539062,193.51625061035156
2024-11-01,221.25144958496094,482.79998779296875,141.86000061035156,197.92999267578125,290.9940185546875,53.327232360839844,170.2048797607422,198.81234741210938,23.200000762939453,563.9155883789062,404.7486877441406,135.1887664794922,166.73733520507812,159.19638061523438,195.19271850585938
2024-11-04,220.35809326171875,481.3500061035156,140.7100067138672,195.77999877929688,294.242431640625,53.64431381225586,168.1678924560547,196.96981811523438,22.520000457763672,557.47265625,402.8648986816406,135.83773803710938,166.31556701660156,159.1096954345703,193.99252319335938
2024-11-05,221.7874298095703,486.4200134277344,141.66000366210938,199.5,293.72900390625,53.961395263671875,168.6647186279297,198.1631622314453,23.31999969482422,569.1554565429688,405.82379150390625,139.6917266845703,168.4633331298828,159.81285095214844,192.84951782226562
2024-11-06,221.06285095214844,504.8299865722656,145.10000610351562,207.08999633789062,303.02001953125,55.60445022583008,175.39183044433594,203.9198760986328,25.049999237060547,568.777587890625,414.4243469238281,145.38282775878906,177.74066162109375,166.6326904296875,204.76565551757812
2024-11-07,225.78744506835938,500.9200134277344,149.82000732421875,210.0500030517578,306.85101318359375,55.80623245239258,179.60496520996094,204.0058135986328,26.229999542236328,588.3152465820312,419.6023864746094,148.6477508544922,182.77163696289062,166.5556182861328,207.2136688232422
2024-11-08,225.51913452148438,494.67999267578125,147.9499969482422,208.17999267578125,317.87982177734375,55.787010192871094,177.2201690673828,204.03443908691406,26.200000762939453,585.96875,416.7520446777344,147.39967346191406,185.59600830078125,164.62911987304688,209.83311462402344
2024-11-11,222.80648803710938,504.4800109863281,147.35000610351562,206.83999633789062,337.40972900390625,56.334693908691406,179.20751953125,203.8912353515625,25.049999237060547,579.833984375,412.2840881347656,145.03338623046875,185.47833251953125,162.10536193847656,205.62294006347656
2024-11-12,222.80648803710938,526.4199829101562,143.6300048828125,208.91000366210938,336.8370056152344,56.41156005859375,180.4694366455078,202.8905487060547,24.15999984741211,581.474609375,417.23529052734375,148.0586395263672,185.91966247558594,157.4047393798828,202.6796112060547
2024-11-13,223.6908416748047,532.5,139.3000030517578,214.10000610351562,337.39984130859375,56.8631706237793,177.74681091308594,202.94830322265625,24.920000076293945,576.68212890625,419.3755798339844,146.0417938232422,185.96868896484375,154.52462768554688,195.95474243164062
2024-11-14,226.77114868164062,529.8699951171875,138.83999633789062,211.47999572753906,327.4571533203125,55.652488708496094,174.46771240234375,201.0912322998047,25.030000686645508,573.8583374023438,421.0424499511719,146.53102111816406,183.4384765625,157.9441375732422,196.22145080566406
2024-11-15,223.57159423828125,503.3699951171875,134.89999389648438,202.61000061035156,321.1479187011719,55.21049499511719,171.3972930908203,197.24240112304688,24.350000381469727,550.910400390625,409.3153381347656,141.75848388671875,180.19241333007812,154.60165405273438,191.57308959960938
2024-11-18,226.57241821289062,499.510009765625,138.92999267578125,201.6999969482422,318.17596435546875,55.06637954711914,174.1894989013672,200.22523498535156,24.84000015258789,551.228515625,410.0649108886719,139.93133544921875,182.14398193359375,158.45468139648438,197.34544372558594
2024-11-19,226.83078002929688,499.6099853515625,139.38999938964844,204.61000061035156,319.341064453125,54.77811813354492,176.9916229248047,202.30361938476562,24.200000762939453,557.88037109375,412.06707763671875,146.7806396484375,185.2527618408203,158.65695190429688,191.52548217773438
2024-11-20,227.54620361328125,499.5,137.60000610351562,202.8800048828125,321.5823974609375,55.24893569946289,174.8651885986328,206.4892120361328,24.010000228881836,562.2850341796875,409.798583984375,145.6623992919922,187.06704711914062,148.6006317138672,188.78216552734375
2024-11-21,227.06924438476562,504.44000244140625,137.49000549316406,198.3800048828125,331.5349426269531,55.30658721923828,166.56808471679688,213.99436950683594,24.440000534057617,559.8688354492188,408.0295715332031,146.44117736816406,188.714599609375,149.74691772460938,188.7917022705078
2024-11-22,228.41067504882812,512.1500244140625,138.35000610351562,197.1199951171875,337.6960144042969,56.2578239440918,163.71624755859375,214.5428466796875,24.5,555.9414672851562,412.11114501953125,141.72854614257812,188.5773162841797,151.02801513671875,188.6011962890625
2024-11-25,231.39161682128906,518.72998046875,141.1300048828125,201.4499969482422,334.82281494140625,56.440391540527344,166.58795166015625,217.58340454101562,24.8700008392334,561.8772583007812,413.88018798828125,135.80780029296875,184.36036682128906,152.98342895507812,193.29718017578125
2024-11-26,233.56771850585938,525.2999877929688,137.72000122070312,207.86000061035156,338.8414001464844,57.25711441040039,168.0486297607422,220.18138122558594,24.049999237060547,570.259033203125,422.9722900390625,136.70639038085938,186.69436645507812,151.16287231445312,191.41116333007812
2024-11-27,233.4385223388672,513.6799926757812,136.24000549316406,205.74000549316406,325.837890625,56.9688606262207,168.15794372558594,218.3435516357422,23.649999618530273,565.9439697265625,418.0309143066406,135.1288604736328,179.17247009277344,150.65234375,189.73472595214844
2024-11-29,235.8233184814453,515.9299926757812,137.17999267578125,207.88999938964844,325.818115234375,56.89198684692383,167.8797149658203,218.81504821777344,24.049999237060547,571.03466796875,418.4953918457031,138.03433227539062,181.2711639404297,152.70408630371094,191.48736572265625
2024-12-02,238.06898498535156,516.2000122070312,142.05999755859375,210.7100067138672,326.8251953125,57.1033821105957,170.4036407470703,218.7958221435547,23.93000030517578,589.4387817382812,425.92724609375,138.41372680664062,177.9073944091797,157.03868103027344,192.20176696777344
2024-12-03,241.1095428466797,516.260009765625,141.97999572753906,213.44000244140625,327.2398986816406,57.15142059326172,170.25457763671875,220.34494018554688,22.469999313354492,610.1395874023438,426.1446838378906,140.04119873046875,179.35882568359375,156.60523986816406,187.8677520751953
2024-12-04,241.4672393798828,536.489990234375,143.99000549316406,218.16000366210938,363.21923828125,57.28593826293945,173.26536560058594,224.66525268554688,21.959999084472656,610.2689208984375,432.2917175292969,144.91355895996094,184.55648803710938,157.33729553222656,187.31527709960938
2024-12-05,241.4970703125,538.219970703125,141.36000061035156,220.5500030517578,356.811279296875,57.67028045654297,171.5463409423828,225.8776397705078,20.799999237060547,605.4465942382812,437.4308166503906,144.8436737060547,182.64413452148438,155.3038787841797,183.82904052734375
2024-12-06,241.29832458496094,552.9600219726562,138.58999633789062,227.02999877929688,357.4136047363281,57.545372009277344,173.60324096679688,229.04327392578125,20.920000076293945,620.2018432617188,438.36968994140625,142.22760009765625,187.98890686035156,154.4517822265625,183.93380737304688
2024-12-09,245.18350219726562,547.9299926757812,130.8699951171875,226.08999633789062,347.1253356933594,56.642173767089844,174.45877075195312,221.30714416503906,20.809999465942383,610.0601806640625,440.7909240722656,138.6029815673828,186.77284240722656,155.642822265625,184.26719665527344
2024-12-10,246.197021484375,547.0499877929688,127.73999786376953,225.0399932861328,344.4100646972656,56.421173095703125,184.2078399658203,222.962158203125,20.15999984741211,615.7772216796875,438.1324462890625,134.8685760498047,174.30824279785156,151.49850463867188,181.1523895263672
2024-12-11,244.9251708984375,549.9299926757812,130.14999389648438,230.25999450683594,350.36383056640625,56.296260833740234,194.3846893310547,221.42262268066406,20.1200008392334,629.0608520507812,443.7261047363281,139.10223388671875,175.1320037841797,154.7616424560547,182.60025024414062
2024-12-12,246.38580322265625,474.6300048828125,130.60000610351562,228.97000122070312,353.5036315917969,56.546085357666016,190.9625701904297,223.48171997070312,20.780000686645508,627.1815185546875,444.2894287109375,137.13519287109375,171.93499755859375,153.22207641601562,182.60980224609375
2024-12-13,246.5547332763672,465.69000244140625,126.91000366210938,227.4600067138672,349.8306579589844,56.32509231567383,188.8336639404297,222.09617614746094,20.34000015258789,616.8013305664062,442.0262451171875,134.0498046875,170.04222106933594,153.5028839111328,182.49545288085938
2024-12-16,249.44627380371094,461.5299987792969,126.69000244140625,232.92999267578125,352.7137451171875,56.06565856933594,195.6381378173828,220.66249084472656,20.829999923706055,621.169677734375,446.2956237792969,131.80313110351562,167.92393493652344,152.8831787109375,180.46658325195312
2024-12-17,251.8707733154297,455.2300109863281,125.0199966430664,231.14999389648438,346.5328674316406,56.22900390625,194.4045867919922,220.3160858154297,20.440000534057617,616.3932495117188,449.1319580078125,130.19554138183594,166.4333038330078,152.91221618652344,179.190185546875
2024-12-18,246.47525024414062,441.30999755859375,121.41000366210938,220.52000427246094,333.34649658203125,55.27775955200195,187.42105102539062,211.8486785888672,19.299999237060547,594.2528076171875,432.2621154785156,128.71775817871094,162.21632385253906,148.1966552734375,176.21832275390625
2024-12-19,248.20419311523438,437.3900146484375,118.87999725341797,223.2899932861328,332.3580627441406,55.373844146728516,187.5304718017578,215.45693969726562,19.059999465942383,592.6406860351562,431.90631103515625,130.48509216308594,165.5310516357422,145.63067626953125,175.71347045898438
2024-12-20,252.8743896484375,447.1700134277344,119.20999908447266,224.9199981689453,339.6925964355469,56.22900390625,190.4154052734375,214.9181365966797,19.520000457763672,582.3714599609375,431.4814147949219,134.4990997314453,166.38424682617188,148.04173278808594,177.99954223632812
2024-12-23,253.6494140625,446.739990234375,124.5999984741211,225.05999755859375,338.9512023925781,56.67099380493164,193.6186981201172,213.5421600341797,20.200000762939453,596.899658203125,430.1471862792969,139.46170043945312,165.87429809570312,153.22207641601562,181.11428833007812
2024-12-24,256.5608215332031,447.94000244140625,126.29000091552734,229.0500030517578,340.46356201171875,57.50693130493164,195.0910186767578,215.92843627929688,20.399999618530273,604.7608032226562,434.1793212890625,140.01089477539062,168.10047912597656,154.3065643310547,183.3051300048828
2024-12-26,257.37554931640625,450.1600036621094,125.05999755859375,227.0500030517578,337.7848205566406,57.63185501098633,194.5836639404297,216.39028930664062,20.440000534057617,600.3825073242188,432.9736022949219,139.7213134765625,168.365234375,153.5028839111328,182.62879943847656
2024-12-27,253.96737670898438,446.4800109863281,125.19000244140625,223.75,334.552490234375,57.27633285522461,191.75839233398438,214.36004638671875,20.299999237060547,596.85986328125,425.4825439453125,136.8056640625,165.69776916503906,152.2537841796875,182.1049346923828
2024-12-30,250.59890747070312,445.79998779296875,122.44000244140625,221.3000030517578,331.8736572265625,56.872772216796875,190.24630737304688,211.92564392089844,19.81999969482422,588.3319702148438,419.8493347167969,137.2849578857422,163.68734741210938,149.67811584472656,179.03778076171875
2024-12-31,248.8302001953125,444.67999267578125,120.79000091552734,219.38999938964844,330.4798889160156,56.88237762451172,188.31640625,211.5215301513672,20.049999237060547,582.6301879882812,416.55841064453125,134.08975219726562,163.42254638671875,148.7485809326172,178.60914611816406
2025-01-02,242.3019256591797,441.0,120.62999725341797,220.22000122070312,326.8521728515625,56.78629684448242,188.44569396972656,211.6273651123047,20.219999313354492,596.2926025390625,413.67266845703125,138.1037139892578,162.82432556152344,148.7679443359375,178.07571411132812
2025-01-03,241.8150177001953,430.57000732421875,125.37000274658203,224.19000244140625,329.0663757324219,56.94108200073242,190.79344177246094,214.23492431640625,20.559999465942383,601.6561889648438,418.3867492675781,144.25454711914062,163.10873413085938,152.82505798339844,181.4667205810547
2025-01-06,243.44461059570312,431.17999267578125,129.5500030517578,227.61000061035156,326.72369384765625,56.85401916503906,195.8470458984375,214.25416564941406,19.8700008392334,627.1004028320312,422.833984375,149.2071533203125,162.4909210205078,154.78102111816406,183.05746459960938
2025-01-07,240.67233276367188,422.6300048828125,127.33000183105469,222.11000061035156,321.18817138671875,57.00879669189453,194.47422790527344,215.4954376220703,20.010000228881836,614.8509521484375,417.418212890625,139.9309844970703,158.90158081054688,155.4297637939453,183.08607482910156
2025-01-08,241.15921020507812,419.5799865722656,121.83999633789062,222.1300048828125,323.135498046875,57.26999282836914,192.9422149658203,214.74490356445312,19.8799991607666,607.7161254882812,419.58251953125,139.90106201171875,159.99014282226562,154.03543090820312,182.56214904785156
2025-01-10,235.3463592529297,405.9200134277344,116.04000091552734,218.94000244140625,314.1896667480469,56.824989318847656,191.0421600341797,211.4445343017578,19.149999618530273,612.8308715820312,414.03826904296875,135.7073211669922,151.88938903808594,152.00204467773438,181.1238250732422
2025-01-13,232.9119110107422,408.5,117.31999969482422,218.4600067138672,315.3956298828125,56.844337463378906,190.01748657226562,209.18338012695312,19.200000762939453,605.3380126953125,412.2989501953125,133.0313262939453,151.31918334960938,152.14727783203125,182.01919555664062
2025-01-14,231.7990264892578,412.7099914550781,116.08999633789062,217.75999450683594,319.8141784667969,57.39575958251953,188.67449951171875,209.5201416015625,19.200000762939453,591.3272705078125,410.7967529296875,131.56350708007812,153.66879272460938,154.47119140625,184.3148193359375
2025-01-15,236.35989379882812,417.2799987792969,119.95999908447266,223.35000610351562,317.46160888671875,58.024566650390625,194.53390502929688,211.71395874023438,19.719999313354492,614.084716796875,421.3119812011719,136.03684997558594,155.635009765625,159.19639587402344,188.13446044921875
2025-01-16,226.81089782714844,426.92999267578125,118.44000244140625,220.66000366210938,316.31494140625,57.869781494140625,191.90762329101562,214.24459838867188,19.670000076293945,608.2933959960938,419.60223388671875,133.3708038330078,156.84420776367188,156.31089782714844,178.47579956054688
2025-01-17,228.51995849609375,429.989990234375,121.45999908447266,225.94000244140625,320.8224182128906,58.266414642333984,194.9815673828125,216.2940673828125,21.489999771118164,609.7561645507812,424.0001220703125,137.504638671875,158.30906677246094,159.34165954589844,183.2860870361328
2025-01-21,221.2265625,436.3599853515625,122.27999877929688,230.7100067138672,323.076171875,59.04032897949219,197.02093505859375,215.78411865234375,21.770000457763672,613.4280395507812,423.476318359375,140.61997985839844,169.654052734375,161.96572875976562,185.96267700195312
2025-01-22,222.4090118408203,437.32000732421875,123.75,235.00999450683594,328.7895812988281,59.62077331542969,197.3392333984375,214.82188415527344,21.860000610351562,620.433349609375,440.9688415527344,146.85069274902344,181.10719299316406,164.84153747558594,187.69631958007812
2025-01-23,222.2401123046875,437.2799987792969,123.04000091552734,235.4199981689453,330.8061218261719,60.20121383666992,196.95127868652344,217.49681091308594,21.56999969482422,633.3196411132812,441.472900390625,147.00045776367188,183.3191680908203,168.83090209960938,191.08729553222656
2025-01-24,221.36566162109375,435.3800048828125,122.83999633789062,234.85000610351562,330.03509521484375,60.20121383666992,199.16970825195312,216.30369567871094,20.829999923706055,644.3053588867188,438.8538818359375,142.40728759765625,180.49766540527344,166.65225219726562,176.713623046875
2025-01-27,228.40072631835938,438.6000061035156,115.01000213623047,235.4199981689453,343.1028747558594,57.15391159057617,190.81333923339844,215.65899658203125,20.290000915527344,656.6344604492188,429.46527099609375,118.24340057373047,155.60549926757812,165.75172424316406,178.1519317626953
2025-01-28,236.7473907470703,442.8399963378906,114.16999816894531,238.14999389648438,355.8049011230469,57.49249267578125,194.2852020263672,217.1311798095703,19.799999237060547,671.0133666992188,441.9570617675781,128.79763793945312,161.22885131835938,166.11000061035156,171.99859619140625
2025-01-29,237.84042358398438,441.67999267578125,117.3499984741211,237.07000732421875,349.92333984375,57.608585357666016,194.39463806152344,219.98892211914062,19.75,673.1627197265625,437.1441650390625,123.51553344726562,159.28233337402344,166.26492309570312,171.71282958984375
2025-01-30,236.08164978027344,446.0,118.86000061035156,234.63999938964844,339.613525390625,58.498592376708984,199.82626342773438,248.50868225097656,20.010000228881836,683.6210327148438,410.12469482421875,124.464111328125,167.50108337402344,166.47793579101562,176.47549438476562
2025-01-31,234.5017547607422,437.45001220703125,115.94999694824219,237.67999267578125,337.7650451660156,58.624351501464844,202.9599151611328,246.03582763671875,19.43000030517578,685.790283203125,410.1938781738281,119.89094543457031,167.1864776611328,167.44622802734375,177.1471710205078
2025-02-03,226.56246948242188,438.6000061035156,114.2699966430664,237.4199981689453,335.3333740234375,59.050010681152344,200.18438720703125,250.87570190429688,19.3799991607666,694.029541015625,406.10247802734375,116.48603057861328,165.75112915039062,164.84153747558594,173.62554931640625
2025-02-04,231.32205200195312,440.2300109863281,119.5,242.05999755859375,340.17694091796875,59.34022903442383,205.30764770507812,254.46470642089844,19.290000915527344,700.7265014648438,407.53546142578125,118.47305297851562,165.05313110351562,167.552734375,173.2609100341797
2025-02-05,230.99417114257812,437.6300048828125,112.01000213623047,236.1699981689453,343.9233093261719,60.530128479003906,190.33584594726562,253.3485565185547,19.649999618530273,701.4031372070312,408.4447021484375,124.64383697509766,168.75942993164062,170.28330993652344,174.24923706054688
2025-02-06,231.73941040039062,435.3999938964844,110.16000366210938,238.8300018310547,327.0003967285156,60.23991012573242,190.60443115234375,243.86123657226562,19.3799991607666,708.4881591796875,410.9450378417969,128.48809814453125,169.43775939941406,163.9507293701172,175.87094116210938
2025-02-07,226.18490600585938,433.07000732421875,107.55999755859375,229.14999389648438,322.0777587890625,60.23991012573242,184.37696838378906,242.8028106689453,19.100000381469727,711.0056762695312,404.9461669921875,129.64634704589844,171.51211547851562,162.6338348388672,172.72352600097656
2025-02-10,226.4534454345703,451.1000061035156,110.4800033569336,233.13999938964844,323.4320068359375,60.762306213378906,185.50108337402344,241.44677734375,19.770000457763672,713.87158203125,407.38720703125,133.3708038330078,175.89674377441406,165.92604064941406,173.02099609375
2025-02-11,231.39735412597656,458.82000732421875,111.0999984741211,232.75999450683594,320.6642761230469,60.394691467285156,184.35707092285156,246.7063446044922,20.969999313354492,716.2597045898438,406.6163635253906,132.60194396972656,174.1959686279297,166.53604125976562,172.00384521484375
2025-02-12,235.625,462.760009765625,111.72000122070312,228.92999267578125,322.3644714355469,60.49143600463867,182.6559600830078,247.78150939941406,22.479999542236328,721.8123168945312,404.2444763183594,130.94442749023438,169.30996704101562,164.88995361328125,172.71395874023438
2025-02-13,240.26051330566406,459.2200012207031,111.80999755859375,230.3699951171875,326.0514831542969,61.75872802734375,185.1728057861328,251.055419921875,24.1299991607666,724.9765625,405.7268981933594,135.08822631835938,170.92225646972656,166.6909637451172,173.49119567871094
2025-02-14,243.31439208984375,460.1600036621094,113.0999984741211,228.67999267578125,322.7796325683594,62.75514602661133,184.26751708984375,253.07980346679688,23.600000381469727,733.046630859375,403.6416015625,138.6429443359375,171.21717834472656,166.76841735839844,175.63104248046875
2025-02-18,243.18508911132812,464.1099853515625,114.27999877929688,226.64999389648438,325.1717834472656,62.4842643737793,182.8151092529297,254.81369018554688,27.389999389648438,712.8464965820312,404.83746337890625,139.19210815429688,176.7618865966797,168.1337127685547,178.92239379882812
2025-02-19,243.58294677734375,456.989990234375,114.69000244140625,226.6300048828125,320.79278564453125,62.72612380981445,184.3073272705078,256.0244445800781,25.719999313354492,700.3085327148438,409.90728759765625,139.02236938476562,178.45281982421875,169.66363525390625,188.38380432128906
2025-02-20,244.5379180908203,454.69000244140625,114.16999816894531,222.8800048828125,314.7630310058594,62.56166458129883,183.60101318359375,256.4312438964844,26.09000015258789,691.4224853515625,412.0759582519531,139.90106201171875,173.02609252929688,168.19180297851562,195.7149658203125
2025-02-21,244.2593994140625,444.32000732421875,110.83999633789062,216.5800018310547,306.2323913574219,61.894161224365234,178.72647094726562,253.2735595703125,24.8700008392334,680.18798828125,404.23309326171875,134.22950744628906,164.97447204589844,160.18406677246094,193.83419799804688
2025-02-24,245.80125427246094,444.4200134277344,108.11000061035156,212.7100067138672,304.7694396972656,61.17829132080078,178.31861877441406,253.6512908935547,24.270000457763672,664.8438720703125,400.0641174316406,130.08572387695312,167.088134765625,155.9913787841797,192.62510681152344
2025-02-25,245.74156188964844,443.4100036621094,103.95999908447266,212.8000030517578,302.3575134277344,62.17470932006836,174.5084991455078,249.66061401367188,22.989999771118164,654.26611328125,394.0235595703125,126.44115447998047,165.692138671875,156.10757446289062,191.89584350585938
2025-02-26,239.09669494628906,441.5,104.73999786376953,214.35000610351562,303.7908020019531,61.990901947021484,171.8324737548828,247.81056213378906,23.520000457763672,670.3864135742188,395.83575439453125,131.08421325683594,169.55572509765625,156.9596710205078,190.22618103027344
2025-02-27,236.05276489257812,437.19000244140625,99.51000213623047,208.74000549316406,291.50396728515625,61.72970199584961,167.62448120117188,245.28245544433594,23.09000015258789,655.0025024414062,388.70587158203125,119.97083282470703,161.97601318359375,149.54258728027344,183.56674194335938
2025-02-28,240.56887817382812,438.55999755859375,99.86000061035156,212.27999877929688,294.4200134277344,62.01992416381836,169.3952178955078,244.5172576904297,23.729999542236328,664.91357421875,393.1224365234375,124.73371124267578,163.2540283203125,152.1859893798828,188.067138671875
2025-03-03,236.77891540527344,440.7200012207031,98.2300033569336,205.02000427246094,289.6851806640625,61.410457611083984,166.1422119140625,242.33790588378906,22.739999771118164,651.8281860351562,384.7052307128906,113.88990020751953,159.28233337402344,148.7485809326172,186.53182983398438
2025-03-04,234.68994140625,446.0299987792969,100.75,203.8000030517578,284.0310363769531,61.1976318359375,170.03187561035156,245.26312255859375,21.329999923706055,636.8522338867188,384.82403564453125,115.81702423095703,154.80918884277344,149.5619354248047,186.96363830566406
2025-03-05,234.50096130371094,451.239990234375,101.66999816894531,208.36000061035156,288.60772705078125,61.874813079833984,172.12098693847656,243.4615020751953,20.809999465942383,653.2412109375,397.1131591796875,117.12506866455078,158.83009338378906,153.4641571044922,187.6641387939453
2025-03-06,234.09312438964844,444.7799987792969,98.8499984741211,200.6999969482422,282.7558898925781,61.342742919921875,171.45443725585938,240.8849639892578,20.75,624.8416137695312,393.0234069824219,110.40510559082031,148.38954162597656,151.90652465820312,181.6859588623047
2025-03-07,237.81344604492188,449.3999938964844,100.30999755859375,199.25,279.6322937011719,61.85546112060547,172.9566192626953,253.33169555664062,20.639999389648438,622.582763671875,389.478271484375,112.52195739746094,152.53822326660156,156.9492950439453,182.8182830810547
2025-03-10,226.28436279296875,435.0799865722656,96.62999725341797,194.5399932861328,269.75732421875,60.03675842285156,165.1981658935547,248.8372802734375,19.93000030517578,595.048828125,376.4563903808594,106.82046508789062,146.27584838867188,150.8745880126953,178.95118713378906
2025-03-11,219.6792755126953,433.6600036621094,96.76000213623047,196.58999633789062,273.8595275878906,58.69207000732422,163.3755645751953,241.1367950439453,19.780000686645508,602.7308959960938,376.74359130859375,108.5978012084961,141.74375915527344,149.04440307617188,170.17105102539062
2025-03-12,215.83956909179688,438.6000061035156,100.79000091552734,198.88999938964844,281.30279541015625,58.48891830444336,166.4331512451172,241.7954559326172,20.68000030517578,616.5127563476562,379.5361022949219,115.57803344726562,148.3403778076172,148.75234985351562,168.59735107421875
2025-03-13,208.5779266357422,377.8399963378906,98.11000061035156,193.88999938964844,268.61065673828125,57.724666595458984,162.1007537841797,238.08566284179688,23.700000762939453,587.7349243164062,375.0799255371094,115.41825103759766,145.16494750976562,147.91513061523438,166.58226013183594
2025-03-14,212.36790466308594,394.739990234375,100.97000122070312,197.9499969482422,276.1824645996094,58.527610778808594,164.81971740722656,240.55564880371094,24.049999237060547,605.1494140625,384.7745666503906,121.49972534179688,146.74777221679688,152.43222045898438,169.2882537841797
2025-03-17,212.87521362304688,399.3399963378906,104.58999633789062,195.74000549316406,277.5169372558594,58.9048957824707,163.6245574951172,245.03065490722656,25.690000534057617,602.4603881835938,384.9132080078125,119.36271667480469,151.40765380859375,153.76593017578125,172.71395874023438
2025-03-18,211.5720977783203,391.3699951171875,103.51000213623047,192.82000732421875,275.52020263671875,58.33412551879883,160.01922607421875,239.19956970214844,25.920000076293945,580.01123046875,379.78363037109375,115.26846313476562,146.92469787597656,152.14988708496094,172.19577026367188
2025-03-19,214.1086883544922,387.8900146484375,106.2300033569336,195.5399932861328,276.172607421875,59.12739562988281,163.22618103027344,244.37197875976562,24.1200008392334,581.7044067382812,384.0417785644531,117.35553741455078,149.87400817871094,154.06771850585938,174.39317321777344
2025-03-20,212.97470092773438,389.6099853515625,107.13999938964844,194.9499969482422,275.81671142578125,58.643699645996094,162.14060974121094,235.68350219726562,23.959999084472656,583.6365966796875,383.07135009765625,118.36412048339844,150.13946533203125,153.76593017578125,173.37603759765625
2025-03-21,217.12278747558594,387.260009765625,106.44000244140625,196.2100067138672,277.3883972167969,58.33412551879883,163.32577514648438,236.2162322998047,24.260000228881836,593.84521484375,387.4482421875,117.5352783203125,149.65773010253906,152.66587829589844,171.7639617919922
2025-03-24,219.56985473632812,394.4700012207031,113.8499984741211,203.25999450683594,282.66693115234375,58.982295989990234,167.0008087158203,240.65248107910156,24.219999313354492,616.3540649414062,389.2505187988281,121.24009704589844,152.25311279296875,155.83950805664062,178.01080322265625
2025-03-25,222.573974609375,403.6400146484375,114.80999755859375,205.7100067138672,285.286376953125,59.001644134521484,169.86917114257812,242.0570068359375,24.200000762939453,623.7840576171875,391.31024169921875,120.52110290527344,151.32899475097656,155.90765380859375,176.53306579589844
2025-03-26,220.3656463623047,397.80999755859375,110.19000244140625,201.1300048828125,277.754150390625,59.78522872924805,164.3914337158203,242.48318481445312,23.420000076293945,608.515869140625,386.1708068847656,113.60079956054688,145.30258178710938,154.19427490234375,177.03204345703125
2025-03-27,222.6734619140625,396.1499938964844,106.6500015258789,201.36000061035156,274.6108093261719,59.39827346801758,161.5828857421875,238.48280334472656,23.6200008392334,600.1497192382812,386.77490234375,111.27406311035156,143.3167266845703,153.78538513183594,173.45281982421875
2025-03-28,216.7547149658203,385.7099914550781,103.22000122070312,192.72000122070312,266.861083984375,58.875877380371094,153.7049102783203,236.34214782714844,22.709999084472656,574.4138793945312,375.1096496582031,109.51652526855469,138.4896697998047,148.6744842529297,169.20188903808594
2025-03-31,220.9624786376953,383.5299987792969,102.73999786376953,190.25999450683594,265.2696228027344,59.69816589355469,154.01365661621094,240.8559112548828,22.709999084472656,574.0355224609375,371.73291015625,108.22832489013672,137.44761657714844,149.5408935546875,172.43565368652344
2025-04-01,222.01690673828125,383.20001220703125,102.77999877929688,192.1699981689453,267.08843994140625,59.78522872924805,156.433837890625,242.48318481445312,22.049999237060547,583.6365966796875,378.46661376953125,109.99585723876953,139.54161071777344,148.9957275390625,170.7947998046875
2025-04-02,222.71324157714844,385.7799987792969,102.95999908447266,196.00999450683594,268.4129943847656,59.8045768737793,156.40391540527344,242.1344757080078,21.979999542236328,581.5748901367188,378.4171447753906,110.26546478271484,143.39537048339844,149.99842834472656,170.98670959472656
2025-04-03,202.12203979492188,367.25,93.80000305175781,178.41000366210938,252.29078674316406,55.811767578125,150.10952758789062,235.8481903076172,22.43000030517578,529.4759521484375,369.4750671386719,101.65753936767578,134.91119384765625,135.72677612304688,157.56224060058594
2025-04-04,187.389892578125,349.07000732421875,85.76000213623047,171.0,237.98745727539062,53.11417770385742,145.01026916503906,220.34063720703125,19.850000381469727,502.69439697265625,356.3343200683594,94.17801666259766,126.10260009765625,124.08361053466797,145.27008056640625
2025-04-07,180.50624084472656,340.70001220703125,83.63999938964844,175.25999450683594,241.39772033691406,52.987579345703125,146.15560913085938,218.69398498535156,19.56999969482422,514.1679077148438,354.3736572265625,97.50334167480469,125.01134490966797,126.28374481201172,147.77456665039062
2025-04-08,171.51376342773438,340.0,78.20999908447266,170.66000366210938,241.18023681640625,51.79947280883789,144.11390686035156,214.09304809570312,18.1299991607666,508.39129638671875,351.1058044433594,96.16523742675781,122.39629364013672,121.35778045654297,140.10757446289062
2025-04-09,197.8048553466797,364.6400146484375,96.83999633789062,191.10000610351562,262.11639404296875,56.610328674316406,158.0671844482422,227.9248809814453,21.530000686645508,583.4075317382812,386.68572998046875,114.17000579833984,137.3296356201172,139.78631591796875,162.6479949951172
2025-04-10,189.4191436767578,350.04998779296875,88.69999694824219,181.22000122070312,252.5783233642578,55.11058807373047,152.20103454589844,222.34567260742188,19.8799991607666,544.086669921875,377.6347961425781,107.4194564819336,131.56768798828125,130.83975219726562,150.2694854736328
2025-04-11,197.1085205078125,352.4700012207031,93.4000015258789,184.8699951171875,252.4595184326172,55.831241607666016,156.50350952148438,228.08956909179688,19.739999771118164,541.3777465820312,384.6656188964844,110.77476501464844,130.5810546875,135.561279296875,141.63330078125
2025-04-14,201.45556640625,350.9100036621094,94.5,182.1199951171875,252.01400756835938,55.909149169921875,158.42572021484375,231.5572052001953,20.309999465942383,529.3364868164062,384.0318603515625,110.55506896972656,132.84043884277344,135.5028839111328,144.8766632080078
2025-04-15,201.07754516601562,350.3800048828125,95.29000091552734,179.58999633789062,252.39019775390625,55.70464324951172,155.6768798828125,233.14572143554688,19.850000381469727,519.4166870117188,381.9721374511719,112.04297637939453,132.14981079101562,134.9285125732422,145.06857299804688
2025-04-16,193.24891662597656,344.19000244140625,88.29000091552734,174.3300018310547,247.35092163085938,54.302284240722656,152.70896911621094,231.08258056640625,19.229999542236328,500.28411865234375,367.98968505859375,104.3437728881836,128.02566528320312,132.14427185058594,140.62574768066406
2025-04-17,195.9446563720703,348.79998779296875,87.5,172.61000061035156,244.796630859375,54.302284240722656,150.5477752685547,231.31504821777344,18.93000030517578,499.4574890136719,364.1969909667969,101.34796142578125,126.9009017944336,133.03990173339844,142.4393310546875
2025-04-21,192.14476013183594,343.2200012207031,85.55999755859375,167.32000732421875,233.90623474121094,52.9486198425293,147.07188415527344,228.80633544921875,18.84000015258789,482.705322265625,355.62139892578125,96.7743911743164,121.17842864990234,132.53366088867188,139.72373962402344
2025-04-22,198.690185546875,349.9100036621094,86.26000213623047,173.17999267578125,240.96519470214844,53.60110855102539,150.8564910888672,233.33946228027344,19.510000228881836,498.2623291015625,363.246337890625,98.75159454345703,125.53935241699219,135.06480407714844,140.82723999023438
2025-04-23,203.52462768554688,351.9599914550781,90.38999938964844,180.60000610351562,247.9845428466797,54.175682067871094,154.7207794189453,237.7757110595703,20.59000015258789,518.171630859375,370.74261474609375,102.5662612915039,129.64373779296875,136.73924255371094,145.99937438964844
2025-04-24,207.27481079101562,360.9100036621094,94.47000122070312,186.5399932861328,262.0628967285156,54.81843185424805,158.6348419189453,222.132568359375,21.489999771118164,530.9996948242188,383.5267639160156,106.28105163574219,135.6720733642578,143.31044006347656,155.575927734375
2025-04-25,208.18002319335938,367.7200012207031,96.6500015258789,188.99000549316406,265.1815185546875,55.22744369506836,161.30401611328125,225.1159210205078,20.049999237060547,545.062744140625,388.0325012207031,110.85465240478516,136.6389923095703,144.62466430664062,156.2764129638672
2025-04-28,209.0355224609375,368.6199951171875,96.38999938964844,187.6999969482422,262.9935302734375,55.35405349731445,159.95947265625,228.7482147216797,20.510000228881836,547.5228271484375,387.3492431640625,108.57784271240234,138.2669219970703,143.7095489501953,155.87339782714844
2025-04-29,210.09988403320312,370.9800109863281,96.05999755859375,187.38999938964844,265.0924072265625,55.840972900390625,159.5113067626953,231.8768310546875,20.34000015258789,552.203857421875,390.201171875,108.867431640625,138.90823364257812,142.9891815185547,154.2709197998047
2025-04-30,211.38311767578125,374.9800109863281,97.3499984741211,184.4199981689453,266.03289794921875,56.22078323364258,158.15679931640625,234.23057556152344,20.100000381469727,546.7857666015625,391.4093017578125,108.76756286621094,138.83917236328125,144.52731323242188,154.89027404785156
2025-05-01,212.19879150390625,374.6300048828125,96.6500015258789,190.1999969482422,266.6467590332031,56.600582122802734,160.6466827392578,232.1383819580078,19.979999542236328,569.9022216796875,421.2556457519531,111.45380401611328,143.54544067382812,131.62831115722656,153.15797424316406
2025-05-02,204.27069091796875,380.8699951171875,98.80000305175781,189.97999572753906,272.3394470214844,57.77895736694336,163.36561584472656,237.843505859375,20.6200008392334,594.6121826171875,431.0393981933594,114.33976745605469,148.7153778076172,136.1064453125,159.2064971923828
2025-05-05,197.8446502685547,381.05999755859375,100.58999633789062,186.35000610351562,269.91387939453125,57.76921463012695,163.54490661621094,241.35958862304688,20.270000457763672,596.8531494140625,431.92071533203125,113.66072082519531,147.2946319580078,135.7462615966797,157.18385314941406
2025-05-06,197.46664428710938,382.9800109863281,98.62000274658203,185.00999450683594,270.6365966796875,57.67182922363281,162.56886291503906,241.3014678955078,19.940000534057617,584.9413452148438,429.0885925292969,113.38111114501953,145.7258758544922,136.19406127929688,155.89674377441406
2025-05-07,195.21852111816406,384.9700012207031,100.36000061035156,188.7100067138672,275.4580993652344,58.0126838684082,150.76686096191406,245.41807556152344,20.309999465942383,594.4030151367188,429.1282043457031,116.89617919921875,147.37356567382812,140.47752380371094,159.47744750976562
2025-05-08,196.45201110839844,383.989990234375,101.69999694824219,192.0800018310547,276.9530029296875,58.14902114868164,153.6551055908203,246.16392517089844,21.0,595.5982055664062,433.9012145996094,117.20574951171875,148.2911376953125,141.25631713867188,160.300048828125
2025-05-09,197.4865264892578,383.2799987792969,102.83999633789062,193.05999755859375,272.67608642578125,58.20745086669922,152.13131713867188,242.98521423339844,21.420000076293945,590.1004028320312,434.4557800292969,116.48676300048828,148.3306121826172,141.33419799804688,166.71630859375
2025-05-12,209.95704650878906,395.94000244140625,108.12000274658203,208.63999938964844,285.94256591796875,60.057777404785156,157.81817626953125,247.3632354736328,22.18000030517578,636.85107421875,444.88323974609375,122.82786560058594,155.11865234375,148.09036254882812,181.24241638183594
2025-05-13,212.08860778808594,397.3999938964844,112.45999908447266,211.3699951171875,286.2890930175781,60.16490173339844,158.88385009765625,252.1410369873047,22.559999465942383,653.3842163085938,444.7643737792969,129.74815368652344,160.10113525390625,147.33102416992188,182.1327667236328
2025-05-14,211.49098205566406,399.4700012207031,117.72000122070312,210.25,287.84344482421875,59.68771743774414,164.7001953125,251.3902587890625,21.520000457763672,656.70068359375,448.52734375,135.15060424804688,160.7720489501953,148.9275665283203,181.3004913330078
2025-05-15,210.6144561767578,404.69000244140625,114.98999786376953,205.1699981689453,287.86322021484375,62.580078125,163.29588317871094,260.0292663574219,21.549999237060547,641.283203125,449.5392761230469,134.64132690429688,157.26950073242188,148.56739807128906,181.7747039794922
2025-05-16,210.42520141601562,417.1300048828125,117.16999816894531,205.58999633789062,288.24932861328125,61.95680236816406,165.51686096191406,260.1072998046875,21.65999984741211,637.7574462890625,450.67022705078125,135.2105255126953,158.3449249267578,148.46029663085938,182.423095703125
2025-05-19,207.9550018310547,420.67999267578125,114.73999786376953,206.16000366210938,284.7644348144531,62.248958587646484,165.86546325683594,261.7161560058594,21.3799991607666,637.8471069335938,455.2337646484375,135.38027954101562,157.5063018798828,149.62852478027344,182.26824951171875
2025-05-20,206.04258728027344,417.6099853515625,113.51000213623047,204.07000732421875,285.1901550292969,61.762027740478516,163.3158416748047,260.29254150390625,21.270000457763672,634.5304565429688,454.5393371582031,134.19192504882812,158.16732788085938,149.74534606933594,182.6263427734375
2025-05-21,201.2914276123047,414.0299987792969,112.05999755859375,201.1199951171875,279.4677734375,61.54778289794922,167.87728881835938,254.36415100097656,20.690000534057617,632.9368896484375,448.9837341308594,131.61557006835938,155.07916259765625,147.30181884765625,179.4423828125
2025-05-22,200.5643310546875,414.3299865722656,110.70999908447266,203.10000610351562,280.59637451171875,61.7036018371582,170.17788696289062,251.92654418945312,20.549999237060547,634.0026245117188,451.25555419921875,132.64410400390625,155.2074432373047,143.4661865234375,174.4003448486328
2025-05-23,194.49838256835938,407.69000244140625,110.30999755859375,200.99000549316406,270.4089050292969,61.46013641357422,167.7876434326172,252.18003845214844,20.049999237060547,624.5309448242188,446.6126403808594,131.10626220703125,153.88536071777344,141.5289306640625,170.61639404296875
2025-05-27,199.4188690185547,413.1000061035156,114.55999755859375,206.02000427246094,274.428466796875,62.083404541015625,172.19969177246094,256.6653137207031,20.549999237060547,639.7293701171875,457.03936767578125,135.3103485107422,159.74595642089844,144.6928253173828,177.3326873779297
2025-05-28,199.62803649902344,412.2300109863281,112.86000061035156,204.72000122070312,273.2799987792969,61.68412399291992,171.66188049316406,253.7498779296875,20.3700008392334,640.9844360351562,453.7357482910156,134.621337890625,161.66004943847656,143.6901092529297,178.21331787109375
2025-05-29,199.15988159179688,413.3599853515625,113.02999877929688,205.6999969482422,264.2607727050781,61.401702880859375,171.16390991210938,252.23855590820312,20.25,642.4484252929688,455.0453186035156,138.99520874023438,160.7227325439453,144.41049194335938,179.02626037597656
2025-05-30,200.05633544921875,415.0899963378906,110.7300033569336,205.00999450683594,262.7262268066406,61.3919677734375,171.0443878173828,252.59930419921875,19.549999237060547,644.8785400390625,456.71197509765625,134.94091796875,163.31756591796875,141.35366821289062,176.9552459716797
2025-06-02,200.9029541015625,403.3999938964844,114.62999725341797,206.64999389648438,259.0135803222656,62.1807861328125,168.34536743164062,257.318603515625,19.739999771118164,668.1942749023438,458.3092346191406,137.187744140625,164.3436737060547,142.7458038330078,178.27139282226562
2025-06-03,202.46678161621094,412.489990234375,117.30999755859375,205.7100067138672,261.8351745605469,62.677459716796875,165.50689697265625,258.586181640625,20.290000915527344,664.1604614257812,459.30126953125,141.02235412597656,166.8793182373047,144.99459838867188,182.01663208007812
2025-06-04,202.0185546875,413.9100036621094,118.58000183105469,207.22999572753906,260.5481262207031,62.7066764831543,167.36935424804688,258.898193359375,20.25,685.1754150390625,460.19415283203125,141.72140502929688,165.85324096679688,145.1016845703125,184.57151794433594
2025-06-05,199.8372039794922,415.20001220703125,115.69000244140625,207.91000366210938,264.47857666015625,62.9306640625,167.52870178222656,260.20477294921875,19.989999771118164,681.8588256835938,463.9739990234375,139.79409790039062,168.8525848388672,144.51406860351562,184.34893798828125
2025-06-06,203.11419677734375,416.9200134277344,116.19000244140625,213.57000732421875,271.775146484375,64.3330078125,172.97653198242188,262.1646728515625,20.059999465942383,694.8960571289062,466.652587890625,141.52166748046875,171.69410705566406,146.15940856933594,186.2167205810547
2025-06-09,200.65394592285156,416.260009765625,121.7300033569336,216.97999572753906,269.5376281738281,64.17720794677734,175.58908081054688,265.2945861816406,20.479999542236328,691.2606811523438,469.0038146972656,142.43040466308594,174.7822723388672,152.20204162597656,192.78782653808594
2025-06-10,201.869140625,416.05999755859375,123.23999786376953,217.61000061035156,265.5478210449219,63.446815490722656,178.0919647216797,269.3508605957031,22.079999923706055,699.567138671875,467.1883239746094,143.75852966308594,175.1078338623047,155.84524536132812,195.7685089111328
2025-06-11,197.9945068359375,412.8399963378906,121.13999938964844,213.1999969482422,263.26080322265625,62.51190185546875,176.8455047607422,274.4991455078125,20.68000030517578,691.3403930664062,468.87481689453125,142.6400146484375,174.02256774902344,156.18801879882812,193.2523651123047
2025-06-12,198.41285705566406,413.67999267578125,118.5,213.24000549316406,264.2508544921875,63.398109436035156,175.20021057128906,274.02142333984375,20.770000457763672,690.5635375976562,475.0752868652344,144.80714416503906,197.188720703125,155.42410278320312,193.2233123779297
2025-06-13,195.67373657226562,391.67999267578125,116.16000366210938,212.10000610351562,255.82566833496094,62.414512634277344,174.17312622070312,270.30645751953125,20.139999389648438,680.1159057617188,471.1962890625,141.78115844726562,212.3434295654297,151.52627563476562,188.7135467529297
2025-06-16,197.6359405517578,401.7300109863281,126.38999938964844,216.10000610351562,261.25103759765625,63.797393798828125,176.2671661376953,274.80145263671875,20.739999771118164,699.8262939453125,475.3431701660156,144.49754333496094,208.27850341796875,153.63189697265625,192.79750061035156
2025-06-17,194.86692810058594,382.67999267578125,127.0999984741211,214.82000732421875,260.1422119140625,63.62209701538086,175.44949340820312,275.99102783203125,20.799999237060547,694.9522094726562,474.25189208984375,143.9282989501953,205.3975067138672,151.27163696289062,191.31683349609375
2025-06-18,195.80320739746094,378.0400085449219,126.79000091552734,212.52000427246094,257.32208251953125,64.11875915527344,172.8269805908203,276.14703369140625,21.489999771118164,693.4970703125,476.4344482421875,145.28648376464844,208.05157470703125,150.45877075195312,191.95553588867188
2025-06-20,200.20574951171875,376.9200134277344,128.24000549316406,209.69000244140625,258.4425964355469,64.58621978759766,166.1659698486328,273.962890625,21.079999923706055,680.120849609375,473.616943359375,143.65866088867188,202.42776489257812,148.19647216796875,191.8103790283203
2025-06-23,200.70375061035156,380.1199951171875,129.5800018310547,208.47000122070312,261.19927978515625,65.6185073852539,164.7200927734375,281.9681396484375,21.190000534057617,696.248046875,482.1488037109375,143.97824096679688,204.2727508544922,149.9788818359375,194.8975372314453
2025-06-24,199.50851440429688,382.3399963378906,138.42999267578125,212.77000427246094,268.8941345214844,66.11516571044922,166.2956085205078,286.4632263183594,22.549999237060547,709.8733520507812,486.2261962890625,147.70326232910156,212.39276123046875,152.495849609375,199.17503356933594
2025-06-25,200.76353454589844,387.54998779296875,143.39999389648438,211.99000549316406,265.51275634765625,66.40733337402344,170.19447326660156,283.80126953125,22.200000762939453,706.3648681640625,488.3691101074219,154.10476684570312,207.90359497070312,152.71128845214844,198.75892639160156
2025-06-26,200.20574951171875,384.95001220703125,143.67999267578125,217.1199951171875,268.46771240234375,67.14745330810547,173.04632568359375,284.6495666503906,22.5,723.7180786132812,493.5080871582031,154.8137969970703,209.9755096435547,154.92466735839844,199.65892028808594
2025-06-27,200.28543090820312,385.8299865722656,143.80999755859375,223.3000030517578,271.12530517578125,66.85530090332031,178.02215576171875,282.4751892089844,22.690000534057617,731.2333984375,492.0100402832031,157.5401611328125,207.4299774169922,155.26742553710938,200.40411376953125
2025-06-30,204.3592529296875,386.8800048828125,141.89999389648438,219.38999938964844,270.4013671875,67.56621551513672,175.72869873046875,287.42852783203125,22.399999618530273,735.6788330078125,493.4683837890625,157.7798614501953,215.70787048339844,155.97256469726562,200.9267120361328
2025-07-01,206.99880981445312,392.1000061035156,136.11000061035156,220.4600067138672,269.6279296875,67.29353332519531,175.3397979736328,283.93780517578125,22.850000381469727,716.8704223632812,488.1508483886719,153.09609985351562,216.033447265625,156.10968017578125,203.6654510498047
2025-07-02,211.6005401611328,378.4700012207031,138.52000427246094,219.9199981689453,266.9505920410156,66.796875,178.1318359375,280.4763488769531,21.8799991607666,711.2389526367188,487.198486328125,157.04083251953125,226.90614318847656,158.9694061279297,208.63975524902344
2025-07-03,212.70614624023438,379.30999755859375,137.91000366210938,223.41000366210938,269.86590576171875,67.96273040771484,179.01930236816406,284.6885681152344,22.489999771118164,716.6611328125,494.8870849609375,159.1280517578125,234.1480712890625,158.86166381835938,209.05589294433594
2025-07-07,209.12037658691406,376.92999267578125,134.8000030517578,223.47000122070312,267.53564453125,67.53166198730469,176.28709411621094,285.17608642578125,22.0,716.0032348632812,493.77593994140625,158.02952575683594,229.15567016601562,154.82672119140625,206.53004455566406
2025-07-08,209.1801300048828,382.239990234375,137.82000732421875,219.36000061035156,271.3533020019531,67.19856262207031,173.864013671875,283.17724609375,23.59000015258789,718.315673828125,492.68463134765625,159.78717041015625,231.36575317382812,156.15863037109375,209.64622497558594
2025-07-09,210.30564880371094,373.3800048828125,138.41000366210938,222.5399932861328,268.646240234375,67.86476135253906,176.11758422851562,282.9042663574219,23.440000534057617,730.3861694335938,499.52008056640625,162.66334533691406,232.65823364257812,156.0607147216797,209.41395568847656
2025-07-10,211.57066345214844,371.42999267578125,144.16000366210938,222.25999450683594,261.75457763671875,67.36511993408203,177.11473083496094,280.26177978515625,23.81999969482422,724.8642578125,497.5061340332031,163.88174438476562,232.3517303466797,155.8060760498047,212.5785369873047
2025-07-11,210.32559204101562,363.3500061035156,146.4199981689453,225.02000427246094,255.90408325195312,66.57154846191406,179.67742919921875,276.517578125,23.43000030517578,715.166015625,499.33154296875,164.7006378173828,227.96177673339844,154.209716796875,214.11729431152344
2025-07-14,207.7956085205078,366.989990234375,146.24000549316406,225.69000244140625,257.50054931640625,66.44418334960938,181.04351806640625,276.71258544921875,23.299999237060547,718.5648803710938,499.033935546875,163.85177612304688,226.69618225097656,151.1051483154297,212.9559783935547
2025-07-15,208.28369140625,364.17999267578125,155.61000061035156,226.35000610351562,255.41819763183594,65.81716918945312,181.48226928710938,275.6497802734375,22.920000076293945,708.0692749023438,501.811767578125,170.4729461669922,232.31219482421875,151.1149444580078,211.32046508789062
2025-07-16,209.3295440673828,361.7699890136719,160.0800018310547,223.19000244140625,255.78512573242188,66.00330352783203,182.4495086669922,274.88922119140625,22.690000534057617,700.6136474609375,501.6133728027344,171.14205932617188,238.5807342529297,150.8896942138672,209.65591430664062
2025-07-17,209.19009399414062,366.45001220703125,160.41000366210938,223.8800048828125,257.69891357421875,66.91443634033203,183.0577850341797,274.96722412109375,22.799999237060547,699.1185913085938,507.6451721191406,172.7698974609375,245.94677734375,149.4598388671875,209.60751342773438
2025-07-18,210.3455047607422,365.7900085449219,156.99000549316406,226.1300048828125,260.17791748046875,66.66951751708984,184.53355407714844,278.7406921386719,23.100000381469727,701.979248046875,506.0082092285156,172.18067932128906,242.6839599609375,151.60462951660156,209.6365509033203
2025-07-21,211.640380859375,367.67999267578125,157.0,229.3000030517578,260.0787658691406,66.95362091064453,189.55923461914062,277.609619140625,23.260000228881836,710.6408081054688,506.0181579589844,171.1520538330078,240.7954864501953,155.6885528564453,207.6526336669922
2025-07-22,213.5527801513672,372.8699951171875,154.72000122070312,227.47000122070312,261.3777770996094,66.77728271484375,190.7957000732422,274.92822265625,23.239999771118164,702.5075073242188,501.2660827636719,166.80783081054688,235.4266815185547,154.7288055419922,207.99134826660156
2025-07-23,213.30377197265625,372.4599914550781,158.64999389648438,228.2899932861328,264.977294921875,67.22795104980469,189.68885803222656,274.97698974609375,23.489999771118164,711.2489013671875,501.861328125,170.55284118652344,239.17396545410156,156.5797576904297,180.24562072753906
2025-07-24,212.91531372070312,371.69000244140625,162.1199951171875,232.22999572753906,265.4532775878906,66.90464782714844,191.62335205078125,254.01316833496094,22.6299991607666,712.4649047851562,506.8316650390625,173.5089111328125,240.09349060058594,155.56121826171875,179.70367431640625
2025-07-25,213.0348358154297,370.739990234375,166.47000122070312,231.44000244140625,266.8514099121094,67.2965316772461,192.6304473876953,253.24285888671875,20.700000762939453,710.351806640625,509.6392517089844,173.2692413330078,242.35768127441406,155.1302947998047,179.02626037597656
2025-07-28,213.20419311523438,369.4700012207031,173.66000366210938,232.7899932861328,267.98187255859375,66.54215240478516,192.0321807861328,256.64581298828125,20.68000030517578,715.28564453125,508.43878173828125,176.51490783691406,244.9185028076172,157.72560119628906,183.14891052246094
2025-07-29,210.43516540527344,370.70001220703125,177.44000244140625,231.00999450683594,265.1459045410156,66.58134460449219,195.19314575195312,255.8657684326172,20.40999984741211,697.7132568359375,508.50823974609375,175.27651977539062,247.1629180908203,158.73435974121094,185.21023559570312
2025-07-30,208.2239227294922,364.0,179.50999450683594,230.19000244140625,262.5875244140625,66.89485168457031,195.97093200683594,253.76937866210938,20.34000015258789,692.9389038085938,509.17291259765625,179.03155517578125,247.7759246826172,155.7766876220703,183.41021728515625
2025-07-31,206.74978637695312,357.69000244140625,176.30999755859375,234.11000061035156,256.161865234375,66.69890594482422,191.35409545898438,246.8367156982422,19.799999237060547,770.913330078125,529.2723388671875,177.63340759277344,250.9102020263672,143.73060607910156,176.4894256591797
2025-08-01,201.58029174804688,347.79998779296875,171.6999969482422,214.75,248.6356201171875,65.74858093261719,188.5919952392578,243.81402587890625,19.309999465942383,747.5598754882812,519.956787109375,173.4889373779297,241.6655731201172,145.13107299804688,176.2944793701172
2025-08-04,202.5464630126953,338.8500061035156,176.77999877929688,211.64999389648438,250.2023468017578,67.10057830810547,194.4851837158203,245.6958770751953,19.5,773.833740234375,531.3954467773438,179.76058959960938,249.68418884277344,144.46510314941406,178.1172637939453
2025-08-05,202.1181640625,338.739990234375,174.30999755859375,213.75,245.4128875732422,66.15025329589844,194.11624145507812,244.41854858398438,20.190000534057617,760.9659423828125,523.5679931640625,178.02288818359375,252.78878784179688,143.681640625,180.71987915039062
2025-08-06,212.40733337402344,345.6199951171875,163.1199951171875,222.30999755859375,247.07876586914062,67.80598449707031,195.5321807861328,245.9884033203125,20.40999984741211,769.468017578125,520.7802124023438,179.1813507080078,253.54022216796875,142.82957458496094,181.21701049804688
2025-08-07,219.16053771972656,338.2699890136719,172.39999389648438,223.1300048828125,238.8583526611328,68.48198699951172,195.9609832763672,243.9212646484375,19.770000457763672,759.3412475585938,516.7127075195312,180.52955627441406,246.57955932617188,142.88833618164062,181.21701049804688
2025-08-08,228.44371032714844,341.04998779296875,172.75999450683594,222.69000244140625,238.491455078125,70.3336410522461,200.84701538085938,237.82521057128906,19.950000762939453,766.786865234375,517.9032592773438,182.4569854736328,247.23214721679688,144.51406860351562,182.4939422607422
2025-08-11,226.53909301757812,333.6499938964844,172.27999877929688,221.3000030517578,230.7271728515625,69.23635864257812,200.42822265625,231.96475219726562,20.649999618530273,763.3680419921875,517.6353759765625,181.81784057617188,249.83248901367188,144.91561889648438,179.07254028320312
2025-08-12,229.0021209716797,338.42999267578125,174.9499969482422,221.47000122070312,229.7157440185547,69.93196105957031,202.76156616210938,230.4628143310547,21.809999465942383,787.419189453125,525.046142578125,182.9163818359375,250.99920654296875,150.5567169189453,188.0988006591797
2025-08-13,232.6717529296875,351.07000732421875,184.4199981689453,224.55999755859375,235.04066467285156,68.97184753417969,201.385498046875,235.66558837890625,22.219999313354492,777.5315551757812,516.4547729492188,181.34844970703125,241.4282684326172,153.357666015625,188.4107208251953
2025-08-14,232.12330627441406,348.5799865722656,180.9499969482422,230.97999572753906,231.41136169433594,67.89415740966797,202.36270141601562,232.75987243652344,23.860000610351562,779.5748901367188,518.3396606445312,181.77789306640625,242.19949340820312,154.82672119140625,188.8201141357422
2025-08-15,230.9366455078125,354.8500061035156,177.50999450683594,231.02999877929688,240.4052734375,64.85704040527344,203.31996154785156,235.32199096679688,24.559999465942383,782.664794921875,516.0480346679688,180.2099609375,245.48207092285156,154.5916748046875,189.65841674804688
2025-08-18,230.23863220214844,357.239990234375,176.13999938964844,231.49000549316406,241.9224395751953,65.59182739257812,202.92111206054688,235.0569305419922,23.65999984741211,764.8631591796875,513.0023193359375,181.76788330078125,246.26319885253906,155.6199951171875,189.42446899414062
2025-08-19,229.90956115722656,361.0299987792969,166.5500030517578,228.00999450683594,243.9353790283203,65.40568542480469,200.99661254882812,236.85336303710938,25.309999465942383,749.0250244140625,505.7304382324219,175.4063720703125,231.9759979248047,153.0247039794922,190.99383544921875
2025-08-20,225.3723907470703,353.42999267578125,165.1999969482422,223.80999755859375,244.38160705566406,65.74858093261719,198.7530059814453,238.10006713867188,23.540000915527344,745.27734375,501.7125244140625,175.1667022705078,232.41104125976562,152.23143005371094,195.701904296875
2025-08-21,224.26551818847656,353.42999267578125,163.7100067138672,221.9499969482422,243.76681518554688,65.660400390625,199.18179321289062,235.0078582763672,23.5,736.6854858398438,501.0666198730469,174.7472381591797,230.532470703125,150.94847106933594,195.64340209960938
2025-08-22,227.11744689941406,362.0899963378906,167.75999450683594,228.83999633789062,246.20614624023438,65.9543228149414,205.5037384033203,237.64849853515625,24.799999237060547,752.32421875,504.0378112792969,177.7532501220703,233.70628356933594,154.74835205078125,200.8583526611328
2025-08-25,226.51914978027344,363.2099914550781,163.36000061035156,227.94000244140625,245.78968811035156,65.7779769897461,207.8969268798828,235.03729248046875,24.549999237060547,750.839111328125,501.0865173339844,179.57083129882812,232.7571258544922,153.19117736816406,200.7706298828125
2025-08-26,228.6630859375,354.9100036621094,166.6199951171875,228.7100067138672,241.69436645507812,67.00260925292969,206.55076599121094,238.17861938476562,24.350000381469727,751.636474609375,498.8804931640625,181.52822875976562,231.57064819335938,155.88441467285156,200.78036499023438
2025-08-27,229.8397674560547,356.3500061035156,167.1300048828125,229.1199951171875,248.0604705810547,67.05160522460938,206.8897705078125,240.34805297851562,24.850000381469727,744.9384765625,503.5509033203125,181.35845947265625,233.15260314941406,156.47203063964844,200.2832489013672
2025-08-28,231.9039306640625,353.9599914550781,168.5800018310547,231.60000610351562,252.39378356933594,68.02152252197266,211.0379638671875,241.2217254638672,24.93000030517578,748.65625,506.4326477050781,179.9303436279297,237.61178588867188,157.48077392578125,198.93807983398438
2025-08-29,231.485107421875,356.70001220703125,162.6300048828125,229.0,254.09934997558594,67.68840789794922,212.30433654785156,239.0228271484375,24.350000381469727,736.2868041992188,503.5011901855469,173.94830322265625,223.58169555664062,157.41221618652344,197.3687286376953
2025-09-02,229.0719451904297,345.6300048828125,162.32000732421875,225.33999633789062,250.73780822753906,66.42459106445312,210.74879455566406,237.0693359375,24.209999084472656,732.7085571289062,501.9410705566406,170.55284118652344,222.76104736328125,155.50245666503906,194.76611328125
2025-09-03,237.79725646972656,348.5,162.1300048828125,225.99000549316406,254.29769897460938,66.2972183227539,230.00384521484375,239.62164306640625,24.0,734.6422119140625,502.1696472167969,170.39305114746094,220.931884765625,154.03343200683594,190.7988739013672
2025-09-04,239.10353088378906,344.30999755859375,161.7899932861328,235.67999267578125,241.96206665039062,66.6107177734375,231.63919067382812,242.64512634277344,24.610000610351562,746.2042846679688,504.7731628417969,171.4316864013672,220.4869842529297,157.3033905029297,182.56214904785156
2025-09-05,239.01380920410156,348.9700012207031,151.13999938964844,232.3300018310547,248.65541076660156,65.54283905029297,234.33151245117188,243.97036743164062,24.489999771118164,749.991943359375,491.884765625,166.7978515625,230.17652893066406,157.43142700195312,183.18601989746094
2025-09-08,237.20892333984375,358.6600036621094,151.41000366210938,235.83999633789062,250.15277099609375,65.52324676513672,233.5829620361328,251.39166259765625,24.479999542236328,749.8423461914062,495.06463623046875,168.0861358642578,235.79251098632812,157.82542419433594,181.1292724609375
2025-09-09,233.6888885498047,354.05999755859375,155.82000732421875,238.24000549316406,249.94451904296875,65.97391510009766,239.16204833984375,254.35623168945312,24.440000534057617,763.1986083984375,495.2733154296875,170.53286743164062,238.7883758544922,156.26922607421875,180.35922241210938
2025-09-10,226.1501922607422,350.1600036621094,159.5399932861328,230.3300018310547,240.5341796875,66.74789428710938,238.7029266357422,252.16717529296875,24.770000457763672,749.5234375,497.2209777832031,177.09413146972656,324.6299743652344,156.5548553466797,179.36495971679688
2025-09-11,229.3810577392578,350.54998779296875,155.6699981689453,229.9499969482422,244.21304321289062,66.31681823730469,239.9005889892578,252.29478454589844,24.610000610351562,748.4469604492188,497.85699462890625,176.94432067871094,304.3906555175781,159.07627868652344,179.6964111328125
2025-09-12,233.40968322753906,349.3599853515625,158.57000732421875,228.14999389648438,240.7225799560547,65.18035125732422,240.32977294921875,248.790283203125,24.079999923706055,753.1216430664062,506.6910095214844,177.59349060058594,288.8873291015625,159.39144897460938,177.99058532714844
2025-09-15,236.03224182128906,347.1000061035156,161.16000366210938,231.42999267578125,240.48460388183594,65.660400390625,251.11865234375,251.53890991210938,24.770000457763672,762.2018432617188,512.1166381835938,177.52359008789062,298.7351379394531,158.7906494140625,173.70162963867188
2025-09-16,237.4781494140625,352.7300109863281,160.4600067138672,234.0500030517578,237.30152893066406,65.57223510742188,250.66952514648438,252.79541015625,25.270000457763672,776.4551391601562,505.83642578125,174.65725708007812,303.1943054199219,161.66664123535156,173.1460418701172
2025-09-17,238.3157958984375,362.07000732421875,159.16000366210938,231.6199951171875,240.5954132080078,66.34620666503906,249.04270935058594,254.32679748535156,24.899999618530273,773.1858520507812,506.81024169921875,170.0730743408203,298.0133361816406,162.76976013183594,175.74862670898438
2025-09-18,237.20892333984375,367.4599914550781,157.9199981689453,231.22999572753906,242.65162658691406,67.28672790527344,251.53782653808594,260.13818359375,30.56999969482422,777.7011108398438,505.2501525878906,176.01551818847656,293.2773132324219,165.59652709960938,177.03529357910156
2025-09-19,244.8074188232422,365.8999938964844,157.38999938964844,231.47999572753906,245.44288635253906,66.82626342773438,254.2225799560547,261.5124816894531,29.579999923706055,775.837158203125,514.6704711914062,176.4449462890625,305.181640625,164.33580017089844,174.8420867919922
2025-09-22,255.35755920410156,364.0799865722656,159.7899932861328,227.6300048828125,248.02554321289062,66.37560272216797,252.036865234375,266.3913269042969,28.760000228881836,763.175048828125,511.21240234375,183.37612915039062,324.4519958496094,167.16256713867188,175.08578491210938
2025-09-23,253.7122344970703,361.7799987792969,160.89999389648438,220.7100067138672,242.9297637939453,66.16986083984375,251.16856384277344,267.2453308105469,29.34000015258789,753.4404907226562,506.0252685546875,178.2027130126953,310.2933349609375,166.97543334960938,177.44468688964844
2025-09-24,251.5981903076172,353.2699890136719,160.8800048828125,220.2100067138672,244.2509002685547,65.9543228149414,246.65737915039062,262.62176513671875,31.219999313354492,758.6867065429688,506.9394226074219,176.74456787109375,304.98388671875,170.9348602294922,179.78411865234375
2025-09-25,256.14532470703125,354.1600036621094,161.27000427246094,218.14999389648438,239.34381103515625,66.47356414794922,245.30999755859375,276.27655029296875,33.9900016784668,746.9672241210938,503.83905029296875,177.46365356445312,288.046875,167.12315368652344,177.44468688964844
2025-09-26,254.73931884765625,360.3699951171875,159.4600067138672,219.77999877929688,241.8072967529297,65.8563461303711,246.0585479736328,279.09393310546875,35.5,741.8206787109375,508.2411804199219,177.96302795410156,280.2655944824219,166.650390625,179.891357421875
2025-09-29,253.7122344970703,359.4200134277344,161.36000061035156,222.1699981689453,243.46617126464844,66.34620666503906,243.57342529296875,274.6666564941406,34.47999954223633,741.4716186523438,511.3613586425781,181.6183624267578,279.57354736328125,162.80917358398438,178.6046600341797
2025-09-30,253.9116668701172,352.75,161.7899932861328,219.57000732421875,235.42015075683594,67.03201293945312,242.62527465820312,276.9833679199219,33.54999923706055,732.4749755859375,514.6903686523438,186.3423309326172,278.0706481933594,163.8531951904297,179.09202575683594
2025-10-01,254.72933959960938,343.7200012207031,164.00999450683594,220.6300048828125,234.118896484375,67.35531616210938,244.42173767089844,281.2339172363281,35.939998626708984,715.4791870117188,516.4392700195312,187.0015106201172,285.7530822753906,163.9812469482422,175.8363494873047
2025-10-02,256.40460205078125,351.4800109863281,169.72999572753906,222.41000366210938,237.28761291503906,66.92423248291016,245.210205078125,281.459716796875,37.29999923706055,725.1640014648438,512.4942626953125,188.64939880371094,285.5256652832031,166.30567932128906,177.71763610839844
2025-10-03,257.2920837402344,346.739990234375,164.6699981689453,219.50999450683594,238.75775146484375,66.94395446777344,244.8708953857422,283.07940673828125,36.83000183105469,708.7167358398438,514.0940551757812,187.38101196289062,282.9154357910156,166.6306915283203,175.76812744140625
2025-10-06,255.96583557128906,350.1400146484375,203.7100067138672,220.89999389648438,244.14161682128906,67.91973876953125,249.9409637451172,284.1101989746094,36.59000015258789,713.8035278320312,525.2435302734375,185.30364990234375,288.30401611328125,166.07913208007812,177.2205047607422
2025-10-07,255.75645446777344,348.30999755859375,211.50999450683594,221.77999877929688,238.14187622070312,67.99857330322266,245.2800750732422,288.478515625,37.16999816894531,711.230224609375,520.682373046875,184.80430603027344,281.0368347167969,162.96676635742188,172.58065795898438
2025-10-08,257.3320007324219,348.7699890136719,235.55999755859375,225.22000122070312,238.8272705078125,69.3193130493164,244.1422882080078,284.1494140625,37.43000030517578,715.9779663085938,521.546875,188.86911010742188,285.37738037109375,165.24195861816406,177.0158233642578
2025-10-09,253.32330322265625,347.4700012207031,232.88999938964844,227.74000549316406,243.6946258544922,68.95463562011719,241.05833435058594,282.9420166015625,37.79999923706055,731.6072387695312,519.1123657226562,192.32470703125,294.12298583984375,163.16375732421875,174.44247436523438
2025-10-10,244.5780792236328,337.510009765625,214.89999389648438,216.3699951171875,240.06895446777344,66.96366882324219,236.1080322265625,272.7229919433594,36.369998931884766,703.4703979492188,507.74432373046875,182.92669677734375,290.16119384765625,151.27561950683594,167.36570739746094
2025-10-13,246.96133422851562,339.32000732421875,216.4199981689453,220.07000732421875,247.09182739257812,66.49056243896484,243.6732177734375,272.1340026855469,37.220001220703125,713.8433837890625,510.8148498535156,188.0801239013672,305.06744384765625,159.3422088623047,170.68963623046875
2025-10-14,247.07101440429688,335.94000244140625,218.08999633789062,216.38999938964844,238.1716766357422,67.6733169555664,244.97068786621094,271.0836181640625,35.630001068115234,706.8117065429688,510.3379211425781,179.80067443847656,296.1435241699219,159.30282592773438,169.54916381835938
2025-10-15,248.63658142089844,330.6300048828125,238.60000610351562,215.57000732421875,235.00296020507812,68.52095794677734,250.53977966308594,275.5992431640625,37.150001525878906,715.6885986328125,510.19879150390625,179.60093688964844,300.7193908691406,160.5142822265625,170.84561157226562
2025-10-16,246.7519073486328,329.2300109863281,234.55999755859375,214.47000122070312,244.3601531982422,68.09713745117188,250.9689483642578,270.90692138671875,36.84000015258789,710.2228393554688,508.3902282714844,181.57839965820312,310.0097961425781,161.6075439453125,171.05030822753906
2025-10-17,251.5782470703125,333.260009765625,233.0800018310547,213.0399932861328,241.4596405029297,69.1221923828125,252.80535888671875,276.1195068359375,37.0099983215332,715.0602416992188,510.3478698730469,182.98660278320312,288.5269775390625,160.98704528808594,172.12252807617188
2025-10-20,261.50018310546875,343.3999938964844,240.55999755859375,216.47999572753906,252.5849609375,69.63471984863281,256.04901123046875,278.4460144042969,38.099998474121094,730.2706298828125,513.53759765625,182.4073486328125,274.5319519042969,164.52294921875,175.05654907226562
2025-10-21,262.0286865234375,357.54998779296875,238.02999877929688,222.02999877929688,261.65411376953125,69.70372009277344,249.9709014892578,276.8753662109375,38.119998931884766,731.367919921875,514.4021606445312,180.9292449951172,272.5213623046875,166.28598022460938,176.27500915527344
2025-10-22,257.72088623046875,354.0899963378906,230.22999572753906,217.9499969482422,254.92926025390625,69.64457702636719,251.19851684570312,282.2352294921875,36.91999816894531,731.5075073242188,517.2640991210938,180.0503692626953,270.05517578125,166.7193603515625,166.40072631835938
2025-10-23,258.84765625,354.1199951171875,234.99000549316406,221.08999633789062,253.34983825683594,69.26017761230469,252.58578491210938,279.771240234375,38.15999984741211,732.095947265625,517.283935546875,181.92796325683594,277.3944091796875,167.4678955078125,167.84335327148438
2025-10-24,262.07855224609375,353.5199890136719,252.9199981689453,224.2100067138672,253.13131713867188,69.61500549316406,259.4124450683594,301.8191833496094,38.279998779296875,736.444580078125,520.314697265625,186.02272033691406,280.62322998046875,166.3943328857422,164.860595703125
2025-10-27,268.0516357421875,357.79998779296875,259.6700134277344,226.97000122070312,253.76702880859375,70.36408996582031,268.7441711425781,307.3459167480469,39.540000915527344,748.872314453125,528.1749877929688,191.24607849121094,278.711669921875,184.8519287109375,165.13352966308594
2025-10-28,268.2410888671875,359.9100036621094,258.010009765625,229.25,252.56509399414062,71.576416015625,266.9476623535156,306.8354797363281,41.529998779296875,749.4906616210938,538.6585693359375,200.77392578125,278.1470947265625,178.30215454101562,162.69664001464844
2025-10-29,268.93914794921875,337.8599853515625,264.3299865722656,230.3000030517578,249.78375244140625,70.30494689941406,274.0338134765625,302.5554504394531,41.34000015258789,749.7200317382812,538.141845703125,206.77627563476562,272.669921875,175.9777069091797,156.21449279785156
2025-10-30,270.63433837890625,339.239990234375,254.83999633789062,222.86000061035156,254.93914794921875,71.86224365234375,280.93035888671875,304.3714904785156,40.15999984741211,664.7410888671875,522.4512329101562,202.63156127929688,254.4358367919922,174.5889434814453,156.45819091796875
2025-10-31,269.60723876953125,340.30999755859375,256.1199951171875,244.22000122070312,258.6741027832031,72.05937194824219,280.6408996582031,301.7701110839844,39.9900016784668,646.6681518554688,514.5512084960938,202.23207092285156,260.1011657714844,178.17408752441406,158.78900146484375
2025-11-03,268.2909851074219,337.4700012207031,259.6499938964844,254.0,259.597900390625,73.38011169433594,283.16595458984375,299.1393127441406,39.5,636.0557250976562,513.7761840820312,206.61647033691406,255.38665771484375,177.996826171875,158.78900146484375
2025-11-04,269.2781982421875,335.3500061035156,250.0500030517578,249.32000732421875,252.743896484375,71.28073120117188,276.9980163574219,295.3304443359375,37.029998779296875,625.6926879882812,511.0931701660156,198.43690490722656,245.79913330078125,170.2355499267578,156.72372436523438
2025-11-05,269.3778991699219,335.5299987792969,256.3299865722656,250.1999969482422,250.99563598632812,71.06388092041016,283.7547912597656,301.141845703125,38.380001068115234,634.30029296875,503.96826171875,194.96136474609375,247.91868591308594,177.0118865966797,160.8640899658203
2025-11-06,269.0089416503906,327.3500061035156,237.6999969482422,243.0399932861328,237.67503356933594,70.01911926269531,284.1939392089844,306.6882019042969,37.2400016784668,617.3344116210938,493.9715576171875,187.84043884277344,241.47088623046875,170.5901336669922,158.71031188964844
2025-11-07,267.7126159667969,326.95001220703125,233.5399932861328,244.41000366210938,238.2809600830078,70.04869079589844,278.2854919433594,300.759033203125,38.130001068115234,620.0972900390625,493.6933288574219,187.9103240966797,236.9742431640625,168.31492614746094,157.89405822753906
2025-11-10,268.9303283691406,328.8500061035156,243.97999572753906,248.39999389648438,240.09877014160156,71.05402374267578,289.5334777832031,305.1317138671875,38.45000076293945,630.1212158203125,502.8155517578125,198.7964630126953,238.5292510986328,168.9846954345703,157.92355346679688
2025-11-11,274.73956298828125,333.2200012207031,237.52000427246094,249.10000610351562,242.8701629638672,70.67948913574219,290.7411193847656,309.662353515625,37.880001068115234,625.4533081054688,505.4786682128906,192.91395568847656,233.8939666748047,171.35836791992188,157.0876007080078
2025-11-12,272.962890625,337.04998779296875,258.8900146484375,244.1999969482422,244.38003540039062,72.89715576171875,286.1501159667969,310.90606689453125,37.88999938964844,607.43017578125,507.9232482910156,193.5531463623047,224.82147216796875,174.00784301757812,160.3920135498047
2025-11-13,272.4438171386719,333.6000061035156,247.9600067138672,237.5800018310547,238.8272705078125,76.26800537109375,278.0260314941406,300.91693115234375,35.90999984741211,608.3079223632812,500.1225891113281,186.62197875976562,215.49147033691406,171.8705291748047,159.54623413085938
2025-11-14,271.90484619140625,331.1099853515625,246.80999755859375,234.69000244140625,242.03575134277344,76.87908935546875,275.8702087402344,301.7362365722656,35.52000045776367,607.8790283203125,506.9692077636719,189.92774963378906,220.7210235595703,171.35836791992188,156.6942138671875
2025-11-17,266.9639892578125,325.07000732421875,240.52000427246094,232.8699951171875,235.449951171875,76.66226196289062,284.4634094238281,293.326416015625,34.709999084472656,600.4483642578125,504.2961730957031,186.36231994628906,217.75958251953125,164.2373046875,152.426025390625
2025-11-18,266.94403076171875,324.4700012207031,230.2899932861328,222.5500030517578,231.94346618652344,76.25814819335938,283.724853515625,286.1997985839844,34.33000183105469,596.1395874023438,490.6824035644531,181.1289825439453,218.38356018066406,162.57278442382812,154.7174835205078
2025-11-19,268.0619812011719,318.1099853515625,223.5500030517578,222.69000244140625,226.36094665527344,77.26349639892578,292.2381896972656,284.79815673828125,35.11000061035156,588.7886962890625,484.0543518066406,186.28240966796875,223.37542724609375,163.6069793701172,154.49127197265625
2025-11-20,265.7562561035156,312.3999938964844,206.02000427246094,217.13999938964844,223.86767578125,74.35589599609375,288.884765625,286.6439514160156,33.619998931884766,587.6217041015625,476.308837890625,180.40989685058594,208.6772003173828,157.18521118164062,150.79347229003906
2025-11-21,270.98651123046875,324.19000244140625,203.77999877929688,220.69000244140625,225.59608459472656,75.00640106201172,299.0748291015625,293.5929260253906,34.5,592.70849609375,470.0268249511719,178.6521453857422,196.86114501953125,160.8393096923828,156.7630615234375
2025-11-24,275.4083557128906,318.7300109863281,215.0500030517578,226.27999877929688,225.3080291748047,75.14439392089844,317.9578552246094,300.1865234375,35.790000915527344,611.4596557617188,471.89849853515625,182.31747436523438,198.36663818359375,162.57278442382812,158.59228515625
2025-11-25,276.45635986328125,319.54998779296875,206.1300048828125,229.6699981689453,232.55934143066406,75.22323608398438,322.8083801269531,300.5418701171875,35.83000183105469,634.5695190429688,474.8752136230469,177.59349060058594,195.14768981933594,160.8393096923828,159.09385681152344
2025-11-26,277.0353088378906,317.5199890136719,214.24000549316406,229.16000366210938,226.62913513183594,74.9768295288086,319.3252258300781,299.28826904296875,36.810001373291016,631.9663696289062,483.3475341796875,180.03038024902344,203.00193786621094,162.6515655517578,162.61465454101562
2025-11-28,278.3328857421875,320.1300048828125,217.52999877929688,233.22000122070312,229.00320434570312,75.83433532714844,319.55474853515625,304.5888366699219,40.560001373291016,646.2691650390625,489.82867431640625,176.7745361328125,200.02069091796875,165.55711364746094,165.486328125
2025-12-01,282.57501220703125,322.8500061035156,219.75999450683594,233.8800048828125,231.27793884277344,74.947265625,314.2751159667969,301.7164611816406,40.0099983215332,639.2074584960938,484.5820007324219,179.69081115722656,199.02032470703125,165.50787353515625,165.37815856933594
2025-12-02,285.6592712402344,322.80999755859375,215.24000549316406,234.4199981689453,233.1454315185547,75.76534271240234,315.19329833984375,297.8768005371094,43.470001220703125,645.4213256835938,487.82757568359375,181.22886657714844,199.17881774902344,168.1278076171875,172.36068725585938
2025-12-03,283.623046875,326.7799987792969,217.60000610351562,232.3800048828125,237.12867736816406,76.6326904296875,319.0058288574219,298.7059326171875,43.7599983215332,637.9407958984375,475.6119689941406,179.36123657226562,205.74546813964844,172.4319610595703,179.57928466796875
2025-12-04,280.179443359375,328.7300109863281,215.97999572753906,229.11000061035156,245.8104248046875,76.64254760742188,316.9997253417969,304.0064392089844,40.5,659.81396484375,478.70819091796875,183.1566162109375,212.2824249267578,172.60025024414062,177.1403045654297
2025-12-05,278.26300048828125,346.260009765625,217.97000122070312,229.52999877929688,258.8330383300781,76.84953308105469,320.6426086425781,303.9571228027344,41.40999984741211,671.673095703125,481.01788330078125,182.1877899169922,215.50137329101562,173.0556182861328,179.52024841308594
2025-12-08,277.3746643066406,339.1199951171875,221.11000061035156,226.88999938964844,257.79998779296875,77.72674560546875,313.3121643066406,305.1810607910156,40.29999923706055,665.0702514648438,488.8430480957031,185.323974609375,218.43309020996094,173.55059814453125,177.9467315673828
2025-12-09,276.6659851074219,344.32000732421875,221.6199951171875,227.9199981689453,259.2799987792969,78.3674087524414,316.66778564453125,306.4642639160156,40.5,655.2557983398438,489.8385925292969,184.7446746826172,219.41363525390625,174.2336883544922,176.55023193359375
2025-12-10,278.26300048828125,343.1300048828125,221.4199981689453,231.77999877929688,262.4388122558594,79.09676361083984,319.7937316894531,308.6259460449219,40.779998779296875,648.4435424804688,476.43829345703125,183.55612182617188,220.87948608398438,180.38137817382812,178.66465759277344
2025-12-11,277.514404296875,350.42999267578125,221.42999267578125,230.27999877929688,260.6011657714844,78.13084411621094,312.02386474609375,306.72088623046875,39.5099983215332,651.016845703125,481.3265075683594,180.70957946777344,196.95030212402344,179.4508056640625,178.66465759277344
2025-12-12,277.763916015625,356.42999267578125,210.77999877929688,226.19000244140625,260.48199462890625,76.68197631835938,308.887939453125,305.24029541015625,37.810001373291016,642.5587158203125,476.4084167480469,174.80679321289062,188.15513610839844,176.5006866455078,176.45187377929688
2025-12-15,273.6016540527344,351.1499938964844,207.5800018310547,222.5399932861328,252.88296508789062,77.1255111694336,307.8193359375,304.6678161621094,37.5099983215332,646.3570556640625,472.7148742675781,176.0752410888672,183.15338134765625,177.46096801757812,175.02586364746094
2025-12-16,274.1007385253906,347.8900146484375,209.1699981689453,222.55999755859375,253.21075439453125,76.4355697631836,306.1714782714844,299.2586669921875,37.310001373291016,655.9798583984375,474.2779235839844,177.50350952148438,186.8477325439453,174.35247802734375,174.62265014648438
2025-12-17,271.33587646484375,354.6600036621094,198.11000061035156,221.27000427246094,256.41925048828125,74.9078369140625,296.3342590332031,299.3968811035156,36.04999923706055,648.343505859375,474.00909423828125,170.7317657470703,176.75509643554688,170.61041259765625,171.60342407226562
2025-12-18,271.68524169921875,355.80999755859375,201.05999755859375,226.75999450683594,256.54461669921875,75.84418487548828,302.0668029785156,296.5639953613281,36.279998779296875,663.2669067382812,481.8342590332031,173.9278564453125,178.3101043701172,172.44186401367188,173.2753143310547
2025-12-19,273.1625061035156,355.8599853515625,213.42999267578125,227.35000610351562,258.59417724609375,77.29306030273438,306.7607116699219,297.0871276855469,36.81999969482422,657.5969848632812,483.7656555175781,180.76951599121094,190.1360321044922,173.4912109375,173.37364196777344
2025-12-22,270.4674987792969,357.5299987792969,214.9499969482422,228.42999267578125,263.290283203125,76.98751831054688,309.3773193359375,298.87371826171875,36.369998931884766,660.3220825195312,482.7701110839844,183.4662322998047,196.48480224609375,172.47154235839844,175.86180114746094
2025-12-23,271.85491943359375,352.4200134277344,214.89999389648438,232.13999938964844,262.0963439941406,76.8988037109375,313.94134521484375,299.8509216308594,36.349998474121094,663.7559814453125,484.6915283203125,188.97950744628906,193.4738311767578,172.9962158203125,174.1505889892578
2025-12-24,273.3022155761719,352.9800109863281,215.0399932861328,232.3800048828125,263.9170837402344,76.8988037109375,313.6816711425781,300.6208190917969,36.15999984741211,666.3613891601562,485.8563232421875,188.38023376464844,195.60328674316406,173.0160369873047,174.1997528076172
2025-12-26,272.89300537109375,353.79998779296875,214.99000549316406,232.52000427246094,264.73291015625,77.03679656982422,313.10247802734375,301.1439514160156,36.20000076293945,662.10888671875,485.5476989746094,190.2978973388672,196.09852600097656,173.0556182861328,173.9539031982422
2025-12-29,273.2523498535156,353.1600036621094,215.61000061035156,232.07000732421875,264.8821716308594,76.672119140625,313.15240478515625,301.7855529785156,36.68000030517578,657.5171508789062,484.9404296875,187.99070739746094,193.51345825195312,171.68946838378906,172.7835693359375
2025-12-30,272.57354736328125,352.510009765625,215.33999633789062,232.52999877929688,264.5737609863281,76.2975845336914,313.4420166015625,298.1432800292969,37.29999923706055,664.7642211914062,485.3187255859375,187.31153869628906,195.32598876953125,171.90725708007812,172.51805114746094
2025-12-31,271.3558349609375,349.989990234375,214.16000366210938,230.82000732421875,263.56884765625,75.92303466796875,312.5931091308594,292.3788146972656,36.900001525878906,658.9146728515625,481.4758605957031,186.27281188964844,193.04794311523438,169.33335876464844,170.61997985839844
2026-01-02,270.5074462890625,333.29998779296875,223.47000122070312,226.5,252.3360137939453,75.34831237792969,314.74029541015625,287.729736328125,39.380001068115234,649.2518920898438,470.84320068359375,188.6199493408203,193.84031677246094,171.24398803710938,174.58331298828125
2026-01-05,266.764404296875,331.55999755859375,221.0800018310547,233.05999755859375,254.962646484375,74.89250183105469,316.1285095214844,291.15484619140625,39.369998931884766,657.616943359375,470.7536315917969,187.89083862304688,190.75010681152344,174.5405731201172,174.2390899658203
2026-01-06,261.87347412109375,335.989990234375,214.35000610351562,240.92999267578125,261.56903076171875,74.54568481445312,313.9313659667969,298.557861328125,40.040000915527344,659.4437255859375,476.3885192871094,187.0119171142578,191.89903259277344,180.6189422607422,188.92210388183594
2026-01-07,259.84722900390625,338.1000061035156,210.02000427246094,241.55999755859375,264.772705078125,74.04031372070312,321.56146240234375,292.8921203613281,42.630001068115234,647.5349731445312,481.3265075683594,188.87962341308594,190.99771118164062,178.3816375732422,182.63783264160156
2026-01-08,258.55963134765625,339.0400085449219,204.67999267578125,246.2899932861328,259.2110290527344,73.2872314453125,325.0169372558594,298.80462646484375,41.11000061035156,644.9096069335938,475.9902648925781,184.81459045410156,187.83819580078125,180.04476928710938,185.33248901367188
2026-01-09,258.8890075683594,333.95001220703125,203.1699981689453,247.3800048828125,258.6240234375,73.20796203613281,328.14288330078125,300.2852478027344,45.54999923706055,651.8970947265625,477.15509033203125,184.63479614257812,197.14321899414062,175.99581909179688,187.16172790527344
2026-01-12,259.7673645019531,327.6499938964844,207.69000244140625,246.47000122070312,258.08673095703125,73.33677673339844,331.4285888671875,308.14227294921875,44.060001373291016,640.826904296875,475.06439208984375,184.71470642089844,203.26048278808594,167.5712432861328,185.94224548339844
2026-01-13,260.5658874511719,309.92999267578125,220.97000122070312,242.60000610351562,239.839599609375,74.78350067138672,335.5332336425781,299.2389221191406,47.290000915527344,629.96630859375,468.5832824707031,185.58364868164062,200.88705444335938,163.63116455078125,185.41116333007812
2026-01-14,259.4779052734375,304.44000244140625,223.60000610351562,236.64999389648438,238.35714721679688,73.73313903808594,335.4034118652344,305.03302001953125,48.720001220703125,614.4240112304688,457.34332275390625,182.91688537597656,192.2672576904297,162.88868713378906,190.24977111816406
2026-01-15,257.7311706542969,304.0899963378906,227.9199981689453,238.17999267578125,232.34771728515625,74.56549835205078,332.347412109375,294.0963439941406,48.31999969482422,619.694580078125,454.6353759765625,186.8221435546875,188.53335571289062,159.7703094482422,185.9914093017578
2026-01-16,255.05612182617188,296.1199951171875,231.8300018310547,239.1199951171875,225.96022033691406,74.50604248046875,329.5710144042969,301.7164611816406,46.959999084472656,619.1455688476562,457.8211669921875,186.0031280517578,189.76473999023438,157.82008361816406,188.4107208251953
2026-01-20,246.2425079345703,290.3699951171875,231.9199981689453,231.0,218.95587158203125,72.68277740478516,321.5814208984375,287.5816955566406,48.560001373291016,603.0443115234375,452.5048828125,177.8530731201172,178.67221069335938,152.52377319335938,186.45362854003906
2026-01-21,247.1907501220703,294.2300109863281,249.8000030517578,231.30999755859375,220.45822143554688,73.01969146728516,327.953125,293.691650390625,54.25,611.8685913085938,442.1410217285156,183.09669494628906,172.67410278320312,154.80068969726562,191.19390869140625
2026-01-22,247.8894500732422,299.7300109863281,253.72999572753906,234.33999633789062,226.9352569580078,73.65386962890625,330.11029052734375,290.8587646484375,54.31999969482422,646.476806640625,449.1398620605469,184.6148223876953,176.9442596435547,156.21633911132812,191.76431274414062
2026-01-23,247.58001708984375,301.07000732421875,259.67999267578125,239.16000366210938,226.8954620361328,73.9114990234375,327.5036926269531,288.6575927734375,45.06999969482422,657.5870361328125,463.8841857910156,187.44137573242188,175.9313507080078,154.2562255859375,190.11209106445312
2026-01-26,254.93637084960938,304.7200012207031,251.30999755859375,238.4199981689453,228.23863220214844,76.30949401855469,332.8267822265625,292.4972839355469,42.4900016784668,671.1627807617188,468.19500732421875,186.2428436279297,181.1747283935547,152.96925354003906,193.33782958984375
2026-01-27,257.7910461425781,297.4200134277344,252.02999877929688,244.67999267578125,227.37301635742188,77.96429443359375,334.1150817871094,290.0592041015625,43.93000030517578,671.7716674804688,478.4493103027344,188.29034423828125,173.68701171875,151.5041046142578,193.37718200683594
2026-01-28,255.96444702148438,299.5799865722656,252.74000549316406,243.00999450683594,226.80592346191406,78.24174499511719,335.57318115234375,290.3553466796875,48.779998779296875,667.5392456054688,479.49468994140625,191.2866973876953,171.60159301757812,151.16751098632812,212.59393310546875
2026-01-29,257.801025390625,291.6499938964844,252.17999267578125,241.72999572753906,212.99618530273438,77.7165756225586,337.810302734375,305.24029541015625,48.65999984741211,736.995361328125,431.57806396484375,192.27548217773438,167.83787536621094,150.6923370361328,215.3476104736328
2026-01-30,258.99884033203125,293.25,236.72999572753906,239.3000030517578,211.21524047851562,77.6075668334961,337.56060791015625,302.733154296875,46.470001220703125,715.2241821289062,428.38232421875,190.8971710205078,163.43858337402344,150.0686492919922,213.36785888671875
2026-02-02,269.50927734375,293.3800048828125,246.27000427246094,242.9600067138672,209.74273681640625,79.90646362304688,343.2431945800781,310.6593017578125,48.810001373291016,705.152099609375,421.49298095703125,185.38389587402344,158.94993591308594,151.08831787109375,222.73208618164062
2026-02-03,268.98028564453125,271.92999267578125,242.11000061035156,238.6199951171875,195.38580322265625,82.35400390625,339.26837158203125,290.5033874511719,49.25,690.4683227539062,409.3868713378906,180.12030029296875,153.59732055664062,145.70291137695312,222.93006896972656
2026-02-04,275.97723388671875,279.7099914550781,200.19000244140625,232.99000549316406,198.4302978515625,80.42173767089844,332.6070861816406,285.3114013671875,48.599998474121094,667.7987670898438,412.3536682128906,173.97779846191406,145.65280151367188,147.395751953125,220.66323852539062
2026-02-05,275.3983459472656,269.3900146484375,192.5,222.69000244140625,189.0082550048828,81.6108169555664,330.81939697265625,286.14056396484375,48.2400016784668,669.0166015625,391.9246520996094,171.6706085205078,135.53347778320312,134.93211364746094,221.7125244140625
2026-02-06,277.6042175292969,268.3800048828125,208.44000244140625,210.32000732421875,190.3812713623047,84.04844665527344,322.4402770996094,295.0636291503906,50.59000015258789,660.2822265625,399.3615417480469,185.1841278076172,141.8295135498047,135.961669921875,219.1982421875
2026-02-09,274.3672180175781,266.8999938964844,216.0,208.72000122070312,193.04769897460938,85.99061584472656,323.8984069824219,292.50714111328125,50.2400016784668,676.0140991210938,411.76629638671875,189.80848693847656,155.50401306152344,137.53570556640625,216.55526733398438
2026-02-10,273.4280700683594,264.6700134277344,213.57000732421875,206.9600067138672,192.4706268310547,85.50507354736328,318.16583251953125,289.62835693359375,47.130001068115234,669.5256958007812,411.437744140625,188.31031799316406,158.7811279296875,138.68406677246094,218.68348693847656
2026-02-11,275.24639892578125,257.1600036621094,213.5800018310547,204.0800018310547,184.0634002685547,84.76189422607422,310.55572509765625,270.8168029785156,48.290000915527344,667.4993286132812,402.57720947265625,189.8184814453125,156.07005310058594,139.62452697753906,224.26638793945312
2026-02-12,261.4891052246094,262.5,205.94000244140625,199.60000610351562,184.49122619628906,74.3177719116211,308.59832763671875,257.6238708496094,46.47999954223633,648.6529541015625,400.05841064453125,186.7122802734375,155.394775390625,137.08033752441406,220.74244689941406
2026-02-13,255.5445556640625,263.9700012207031,207.32000732421875,198.7899932861328,188.75950622558594,76.15094757080078,305.32257080078125,260.4630126953125,46.790000915527344,638.630859375,399.5407409667969,182.58731079101562,159.02938842773438,139.28794860839844,223.87045288085938
2026-02-17,263.6371154785156,260.45001220703125,203.0800018310547,201.14999389648438,183.35699462890625,76.15094757080078,301.6273498535156,256.4227294921875,46.18000030517578,638.151611328125,395.1004943847656,184.7446746826172,152.9021759033203,141.19857788085938,223.40521240234375
2026-02-18,264.106689453125,263.1700134277344,200.1199951171875,204.7899932861328,186.8392791748047,77.46884155273438,302.9356689453125,258.8846130371094,45.459999084472656,642.0746459960938,397.828369140625,187.75099182128906,155.0869140625,141.80245971679688,221.0592041015625
2026-02-19,260.3401184082031,259.2099914550781,203.3699951171875,204.86000061035156,184.35194396972656,77.84539031982422,302.456298828125,254.40756225585938,44.619998931884766,643.6318969726562,397.5988464355469,187.6710968017578,155.454345703125,139.85223388671875,215.84254455566406
2026-02-20,264.3364562988281,258.6099853515625,200.14999389648438,210.11000061035156,184.22259521484375,78.47956848144531,314.570556640625,255.28114318847656,44.11000061035156,654.4924926757812,396.37152099609375,189.58877563476562,147.0530242919922,141.44607543945312,217.50552368164062
2026-02-23,265.9349670410156,246.67999267578125,196.60000610351562,205.27000427246094,177.25804138183594,77.03284454345703,311.0850524902344,221.71815490722656,43.630001068115234,636.1152954101562,383.6390686035156,191.31666564941406,140.32997131347656,139.00086975097656,217.6342315673828
2026-02-24,271.8895263671875,255.1699981689453,213.83999633789062,208.55999755859375,184.48129272460938,77.42920684814453,310.495849609375,227.64454650878906,46.119998931884766,638.16162109375,388.1593017578125,192.61508178710938,145.12648010253906,143.32701110839844,211.19012451171875
2026-02-25,273.97760009765625,257.80999755859375,210.86000061035156,210.63999938964844,190.77923583984375,78.40029907226562,312.4932556152344,235.80447387695312,46.880001068115234,652.5260620117188,399.7342224121094,195.32176208496094,146.8643341064453,144.35658264160156,211.73455810546875
2026-02-26,272.6987609863281,259.0400085449219,203.67999267578125,207.9199981689453,198.46014404296875,77.38957214355469,306.98040771484375,240.2418212890625,45.459999084472656,655.8401489257812,400.851806640625,184.66476440429688,149.26756286621094,144.12887573242188,210.47743225097656
2026-02-27,263.93682861328125,262.4100036621094,200.2100067138672,210.0,193.80384826660156,78.73719787597656,311.354736328125,238.45498657226562,45.61000061035156,647.02587890625,391.8912048339844,176.97415161132812,144.3916015625,140.93128967285156,209.96267700195312
2026-03-02,264.476318359375,260.8800048828125,198.6199951171875,208.38999938964844,191.97315979003906,78.69756317138672,306.12152099609375,237.62110900878906,45.5,652.396240234375,397.6886291503906,182.25770568847656,148.21490478515625,139.61463928222656,207.6958770751953
2026-03-03,263.5072326660156,270.989990234375,190.9499969482422,208.72999572753906,195.05746459960938,78.24174499511719,303.1853332519531,243.48793029785156,43.099998474121094,653.91357421875,403.0570068359375,179.83065795898438,147.97657775878906,136.74375915527344,200.61825561523438
2026-03-04,262.2783508300781,273.1199951171875,202.07000732421875,216.82000732421875,192.1024932861328,80.1343765258789,302.7359619140625,248.23300170898438,45.58000183105469,666.541015625,404.32427978515625,182.8170166015625,151.31326293945312,138.10989379882812,200.34107971191406
2026-03-05,260.0504150390625,281.739990234375,199.4499969482422,218.94000244140625,200.37042236328125,79.28219604492188,300.4888916015625,254.6755828857422,45.95000076293945,659.393798828125,409.79241943359375,183.1166534423828,153.71649169921875,136.49586486816406,195.97572326660156
2026-03-06,257.2229919433594,283.6199951171875,192.42999267578125,213.2100067138672,201.0867919921875,77.9246597290039,298.1319274902344,256.95880126953125,43.41999816894531,643.7117309570312,408.0761413574219,177.60337829589844,151.89918518066406,135.190673828125,191.2738037109375
2026-03-09,259.6407775878906,282.44000244140625,202.67999267578125,213.49000549316406,197.78358459472656,75.51676177978516,306.1770935058594,251.47911071777344,45.58000183105469,646.2373046875,408.5251770019531,182.427490234375,150.50889587402344,137.60177612304688,194.2137451171875
2026-03-10,260.58990478515625,275.1300048828125,203.22999572753906,214.3300018310547,193.92324829101562,76.99320983886719,306.8567199707031,248.37197875976562,46.779998779296875,652.9053344726562,404.8830871582031,184.544921875,148.36386108398438,134.70248413085938,195.46099853515625
2026-03-11,260.5699157714844,273.7099914550781,204.8300018310547,212.64999389648438,193.14718627929688,77.38957214355469,308.5157470703125,247.05169677734375,47.97999954223633,653.6939086914062,404.0049743652344,185.8134307861328,161.98870849609375,133.62644958496094,196.6587371826172
2026-03-12,255.52456665039062,269.7799987792969,197.74000549316406,209.52999877929688,198.27110290527344,77.03284454345703,303.3687744140625,245.87039184570312,45.25,637.0436401367188,400.9914855957031,182.9268035888672,158.05618286132812,130.66737365722656,188.1260223388672
2026-03-13,249.8897705078125,249.32000732421875,193.38999938964844,207.6699981689453,191.853759765625,77.61747741699219,302.09954833984375,244.48062133789062,45.77000045776367,612.6171875,394.69512939453125,180.0401611328125,154.03427124023438,129.34228515625,188.84861755371094
2026-03-16,252.58729553222656,251.86000061035156,196.5800018310547,211.74000549316406,197.33587646484375,78.18229675292969,305.3775939941406,247.42892456054688,45.7599983215332,626.8690185546875,399.08563232421875,183.0067138671875,154.88832092285156,128.9138641357422,192.1647186279297
2026-03-17,253.99598693847656,254.1999969482422,196.30999755859375,215.1999969482422,194.3212127685547,78.5489273071289,310.7344055175781,254.23878479003906,44.060001373291016,622.0834350585938,398.5467834472656,181.71820068359375,153.6171875,131.1057586669922,192.48146057128906
2026-03-18,249.70994567871094,246.0,199.4600067138672,209.8699951171875,193.3561248779297,76.89411926269531,307.5063171386719,249.7617645263672,45.029998779296875,615.1099243164062,390.9432678222656,180.1899871826172,151.83958435058594,129.98988342285156,188.84861755371094
2026-03-19,248.73085021972656,245.99000549316406,205.27000427246094,208.75999450683594,194.00283813476562,77.79584503173828,306.9466552734375,248.54074096679688,46.18000030517578,606.1382446289062,388.1792297363281,178.3521270751953,154.44143676757812,130.79690551757812,186.38381958007812
2026-03-20,247.76173400878906,248.14999389648438,201.3300018310547,205.3699951171875,194.39085388183594,76.94367218017578,300.8203125,240.0035858154297,43.869998931884766,593.1102905273438,381.0447082519531,172.4989471435547,148.6419219970703,129.42198181152344,185.2949676513672
2026-03-23,251.25851440429688,247.63999938964844,202.67999267578125,210.13999938964844,194.19186401367188,78.10301971435547,301.87969970703125,246.62484741210938,44.0099983215332,603.5006713867188,382.1722717285156,175.43553161621094,153.2696075439453,127.87769317626953,186.72039794921875
2026-03-24,251.4083709716797,238.8699951171875,205.3699951171875,207.24000549316406,182.09344482421875,80.12446594238281,290.2666320800781,238.8321990966797,44.060001373291016,592.3709716796875,371.9344177246094,174.99603271484375,146.06988525390625,128.19650268554688,192.65965270996094
2026-03-25,252.38746643066406,237.25,220.27000427246094,211.7100067138672,181.03880310058594,81.08564758300781,290.7563171386719,239.62635803222656,47.18000030517578,594.3391723632812,370.2381286621094,178.47198486328125,145.00730895996094,129.87033081054688,194.77796936035156
2026-03-26,252.6572265625,240.8800048828125,203.77000427246094,207.5399932861328,184.70018005371094,81.41265106201172,280.7523193359375,239.904296875,44.099998474121094,547.032958984375,365.1790771484375,171.04066467285156,141.819580078125,130.0596160888672,191.45199584960938
2026-03-27,248.57098388671875,234.83999633789062,201.99000549316406,199.33999633789062,178.40220642089844,79.1930160522461,274.1762390136719,234.61325073242188,43.130001068115234,525.233154296875,355.9989318847656,167.32498168945312,138.69142150878906,126.64225006103516,188.40316772460938
2026-03-30,246.40298461914062,241.1300048828125,196.0399932861328,200.9499969482422,184.09324645996094,76.3392105102539,273.33673095703125,235.5166015625,41.189998626708984,535.8833618164062,358.1842041015625,164.97772216796875,137.83738708496094,126.60240173339844,184.5327606201172
2026-03-31,253.55638122558594,243.0800018310547,203.42999267578125,208.27000427246094,185.72496032714844,76.88420867919922,287.3883361816406,240.61904907226562,44.130001068115234,571.6002197265625,369.3699951171875,174.1969757080078,146.08975219726562,128.3061065673828,192.17459106445312
2026-04-01,255.3946990966797,241.3699951171875,210.2100067138672,210.57000732421875,185.29713439941406,77.22112274169922,297.2124938964844,241.3635711669922,48.029998779296875,578.6936645507812,368.57171630859375,175.54541015625,144.22279357910156,126.8116226196289,194.31272888183594
2026-04-02,255.68443298339844,242.9199981689453,217.5,209.77000427246094,186.2323760986328,78.7254867553711,295.59344482421875,246.34689331054688,50.380001068115234,573.9281005859375,372.6528625488281,177.18348693847656,145.36480712890625,126.3333969116211,192.897216796875
2026-04-06,258.6217041015625,244.36000061035156,220.17999267578125,212.7899932861328,184.09324645996094,80.14019775390625,299.8109130859375,244.93727111816406,50.779998779296875,572.4894409179688,372.0741271972656,177.43319702148438,144.53062438964844,125.267333984375,197.40115356445312
2026-04-07,253.26666259765625,240.13999938964844,221.52999877929688,213.77000427246094,182.03375244140625,80.37930297851562,305.27764892578125,243.27947998046875,52.90999984741211,574.5175170898438,371.48541259765625,177.89266967773438,142.1770782470703,123.61344146728516,197.71792602539062
2026-04-08,258.66168212890625,239.30999755859375,231.82000732421875,221.25,175.47708129882812,83.38804626464844,317.1305847167969,239.9738006591797,58.95000076293945,611.8529052734375,373.52099609375,181.8680419921875,142.66368103027344,127.04077911376953,206.78517150878906
2026-04-09,260.2502136230469,229.94000244140625,236.63999938964844,233.64999389648438,170.41018676757812,82.86002349853516,318.29986572265625,235.4470977783203,61.720001220703125,627.8081665039062,372.26373291015625,183.69590759277344,137.38204956054688,127.27989959716797,212.80361938476562
2026-04-10,260.240234375,225.35000610351562,245.0399932861328,238.3800048828125,164.53533935546875,81.91356658935547,317.0506286621094,229.07400512695312,62.380001068115234,629.2767333984375,370.0684814453125,188.41041564941406,137.6112518310547,127.58875274658203,212.55616760253906
2026-04-13,258.96142578125,240.11000061035156,246.8300018310547,239.88999938964844,172.37510681152344,82.04307556152344,321.1181945800781,236.0824432373047,65.18000030517578,633.9425048828125,383.539306640625,189.08961486816406,155.08047485351562,130.75706481933594,214.51612854003906
2026-04-14,258.59173583984375,235.72000122070312,255.07000732421875,249.02000427246094,170.86898803710938,82.30210876464844,332.7112731933594,238.51454162597656,63.810001373291016,661.8765258789062,392.2604064941406,196.28123474121094,162.4348907470703,132.35116577148438,216.65423583984375
2026-04-15,266.18475341796875,244.66000366210938,258.1199951171875,248.5,177.14280700683594,82.05303955078125,336.91876220703125,243.01144409179688,64.94000244140625,670.9581909179688,410.3312683105469,198.63848876953125,169.22128295898438,132.56039428710938,214.10035705566406
2026-04-16,263.15753173828125,248.16000366210938,278.260009765625,249.6999969482422,180.75347900390625,84.18506622314453,335.81939697265625,249.1661376953125,68.5,676.2432250976562,419.35174560546875,198.1190948486328,177.72171020507812,133.9751739501953,220.8414306640625
2026-04-17,269.98126220703125,244.4499969482422,278.3900146484375,250.55999755859375,181.67111206054688,85.92854309082031,341.4760437011719,251.6180877685547,68.5,687.9124145507812,421.87628173828125,201.44520568847656,174.4530792236328,135.69879150390625,227.493408203125
2026-04-20,272.79864501953125,248.6300048828125,274.95001220703125,248.27999877929688,185.7904815673828,87.38310241699219,337.2185974121094,251.85633850097656,65.69999694824219,670.2887573242188,417.1664733886719,201.82476806640625,176.96435546875,137.01394653320312,231.33412170410156
2026-04-21,265.9250183105469,247.17999267578125,284.489990234375,249.91000366210938,186.62831115722656,89.36568450927734,332.0916442871094,253.8119354248047,66.26000213623047,668.220703125,423.2433166503906,199.64732360839844,180.54190063476562,135.0611572265625,230.7896728515625
2026-04-22,272.9185791015625,255.94000244140625,303.4599914550781,255.36000061035156,189.3114013671875,89.46531677246094,339.1174621582031,250.0198516845703,65.2699966430664,674.09521484375,431.984375,202.26426696777344,186.84996032714844,135.5692901611328,233.9176788330078
2026-04-23,273.1783142089844,238.97999572753906,305.3299865722656,255.0800018310547,172.85386657714844,88.25981903076172,338.6877136230469,229.3916778564453,66.77999877929688,658.5396728515625,414.8514709472656,199.4075927734375,175.66885375976562,133.4570770263672,279.3728332519531
2026-04-24,270.81048583984375,245.44000244140625,347.80999755859375,263.989990234375,177.70135498046875,88.67826080322266,344.19439697265625,230.28509521484375,82.54000091552734,674.4049682617188,423.7023010253906,208.0275421142578,172.67926025390625,148.30226135253906,274.3343505859375
2026-04-27,267.3636474609375,239.30999755859375,334.6300048828125,261.1199951171875,179.71615600585938,87.9310531616211,350.130859375,226.38381958007812,84.98999786376953,677.9916381835938,423.9018859863281,216.3578338623047,172.36036682128906,149.70706176757812,266.7716979980469
2026-04-28,270.4608154296875,243.1999969482422,323.2099914550781,259.70001220703125,180.8532257080078,86.53627014160156,349.5711975097656,231.3373565673828,84.5199966430664,670.7183837890625,428.3222961425781,212.92184448242188,165.3846435546875,149.44801330566406,262.3172302246094
2026-04-29,269.92132568359375,243.57000732421875,337.1099853515625,263.0400085449219,180.75347900390625,89.23616790771484,349.7311096191406,225.44076538085938,94.75,668.5004272460938,423.5426330566406,209.00640869140625,163.26202392578125,155.42593383789062,266.4945373535156
2026-04-30,271.1002502441406,246.10000610351562,354.489990234375,265.05999755859375,176.07554626464844,91.15898132324219,384.5702819824219,229.2924041748047,94.4800033569336,611.3433837890625,406.8987121582031,199.33767700195312,160.83047485351562,178.91917419433594,278.23443603515625
2026-05-01,279.88214111328125,250.7100067138672,360.5400085449219,268.260009765625,183.3468017578125,91.50767517089844,385.45977783203125,230.5034942626953,99.62000274658203,608.1863403320312,413.5443115234375,198.21897888183594,171.23428344726562,176.35862731933594,278.175048828125
2026-05-04,276.5751647949219,253.9600067138672,341.5400085449219,272.04998779296875,185.00250244140625,92.2847671508789,383.0212097167969,227.80335998535156,95.77999877929688,609.8447875976562,412.72607421875,198.24893188476562,179.66494750976562,167.76039123535156,278.04638671875
2026-05-05,283.9184265136719,255.6199951171875,355.260009765625,273.54998779296875,186.50863647460938,93.94854736328125,388.1981201171875,227.35665893554688,108.1500015258789,604.3998413085938,410.4909362792969,196.271240234375,184.70741271972656,185.863525390625,279.568603515625
2026-05-06,287.245361328125,250.1699981689453,421.3900146484375,274.989990234375,180.7235565185547,91.29845428466797,397.8023986816406,224.0906982421875,113.01000213623047,612.3125,413.0653381347656,207.5880584716797,193.35731506347656,191.8613739013672,287.9656066894531
2026-05-07,287.1754150390625,256.510009765625,408.4599914550781,271.1700134277344,185.86029052734375,91.81652069091797,397.7524108886719,229.6199951171875,109.62000274658203,616.2388305664062,419.8606262207031,211.2537841796875,193.91537475585938,201.8046417236328,283.7869873046875
2026-05-08,293.0500183105469,253.0399932861328,455.19000244140625,272.67999267578125,181.35194396972656,96.2100830078125,400.56072998046875,229.75999450683594,124.91999816894531,609.0654907226562,414.22283935546875,214.94947814941406,195.27066040039062,218.2837677001953,286.33392333984375
2026-05-11,292.67999267578125,246.14999389648438,458.7900085449219,268.989990234375,177.0330810546875,98.3520736694336,388.40802001953125,223.5500030517578,129.44000244140625,598.3054809570312,411.7681579589844,219.18453979492188,193.16796875,236.65591430664062,296.24322509765625
2026-05-12,294.79998779296875,240.8300018310547,448.2900085449219,265.82000732421875,170.86898803710938,98.9199447631836,387.1187744140625,219.22000122070312,120.61000061035156,602.441650390625,406.8887023925781,220.52297973632812,186.18228149414062,209.5360870361328,293.6664123535156
2026-05-13,298.8699951171875,236.07000732421875,445.5,270.1300048828125,165.41307067871094,101.4903335571289,402.3796691894531,214.63999938964844,120.29000091552734,616.0590209960938,404.3342590332031,225.56710815429688,189.10211181640625,212.38555908203125,304.7795104980469
2026-05-14,298.2099914550781,237.00999450683594,449.70001220703125,267.2200012207031,167.14859008789062,115.09941864013672,400.8305969238281,218.3699951171875,115.93000030517578,617.8573608398438,408.5451354980469,235.465576171875,194.9318389892578,199.34373474121094,306.6001892089844
2026-05-15,300.2300109863281,247.60000610351562,424.1000061035156,264.1400146484375,173.06332397460938,117.76942443847656,396.54315185546875,219.3000030517578,108.7699966430664,613.6612548828125,421.0081481933594,225.05770874023438,192.2810516357422,200.74855041503906,301.1878967285156
2026-05-18,297.8399963378906,255.63999938964844,420.989990234375,264.8599853515625,179.01795959472656,118.43692779541016,396.70306396484375,222.75,108.16999816894531,610.64404296875,422.6246643066406,222.0612030029297,185.96304321289062,202.890625,299.0687561035156
2026-05-19,298.9700012207031,254.99000549316406,414.04998779296875,259.3399963378906,178.95811462402344,114.9499740600586,387.4285888671875,222.3300018310547,110.80000305175781,602.052001953125,416.51788330078125,220.35317993164062,180.83090209960938,194.8901824951172,300.77001953125
2026-05-20,302.25,253.3699951171875,447.5799865722656,265.010009765625,179.63636779785156,113.92381286621094,388.6778564453125,225.0,118.95999908447266,604.499755859375,420.1499938964844,223.20985412597656,187.50767517089844,201.76478576660156,303.3269348144531
2026-05-21,304.989990234375,244.10000610351562,449.5899963378906,268.4599914550781,175.8561248779297,117.75946044921875,387.4285888671875,252.97000122070312,118.5,606.8175659179688,419.0899963378906,219.25445556640625,189.11209106445312,212.6246795654297,296.8700256347656
2026-05-22,308.82000732421875,244.75999450683594,467.510009765625,266.32000732421875,179.6064453125,119.96123504638672,382.74139404296875,253.83999633789062,119.83999633789062,609.6949462890625,418.57000732421875,215.07933044433594,191.41407775878906,237.28359985351562,307.6348876953125
2026-05-26,308.3299865722656,240.49000549316406,503.8900146484375,265.2900085449219,178.61898803710938,117.88898468017578,388.6478576660156,250.69000244140625,123.5199966430664,611.7730102539062,416.0299987792969,214.60987854003906,192.3906707763672,247.90438842773438,323.2350158691406
2026-05-27,310.8500061035156,238.24000549316406,495.5400085449219,271.8500061035156,177.0530242919922,119.22398376464844,388.5978698730469,255.1999969482422,121.7699966430664,634.6718139648438,412.6700134277344,212.35250854492188,190.2979736328125,232.54110717773438,315.8329162597656
2026-05-28,312.510009765625,241.44000244140625,518.0900268554688,274.0,175.7164764404297,118.19782257080078,389.8971252441406,264.2200012207031,120.88999938964844,634.7017211914062,426.989990234375,214.00057983398438,202.99378967285156,242.39471435546875,314.340576171875
2026-05-29,312.05999755859375,259.2099914550781,516.0999755859375,270.6400146484375,190.60804748535156,119.97119140625,380.1129455566406,297.79998779296875,114.68000030517578,631.92431640625,450.239990234375,210.8942108154297,224.9972381591797,250.09628295898438,304.12286376953125
2026-06-01,306.30999755859375,274.0299987792969,510.1300048828125,261.260009765625,209.0604248046875,120.87779998779297,376.14532470703125,320.4200134277344,109.33000183105469,599.9139404296875,460.5199890136719,224.09881591796875,247.28968811035156,228.14735412597656,291.7064514160156
2026-06-02,315.20001220703125,262.1099853515625,521.5399780273438,256.5199890136719,200.32296752929688,127.52294158935547,361.6340026855469,329.2300109863281,107.93000030517578,597.0765991210938,441.30999755859375,222.56060791015625,243.73207092285156,239.9537353515625,306.5504455566406
2026-06-03,310.260009765625,256.239990234375,542.52001953125,250.02000427246094,190.1193084716797,126.02853393554688,358.77569580078125,305.6300048828125,112.70999908447266,622.4031372070312,427.3399963378906,214.5,229.53146362304688,249.08999633789062,307.0180358886719
2026-06-04,311.2300109863281,258.4200134277344,523.2000122070312,253.7899932861328,188.26409912109375,129.51548767089844,371.96783447265625,301.7699890136719,111.77999877929688,626.9888916015625,428.04998779296875,218.66000366210938,235.5206298828125,242.57000732421875,303.814453125
2026-06-05,307.3399963378906,251.44000244140625,466.3800048828125,246.02999877929688,185.1820526123047,121.1866455078125,368.30999755859375,284.8399963378906,99.16999816894531,592.450927734375,416.6700134277344,205.10000610351562,212.93917846679688,215.94000244140625,283.60791015625
2026-06-08,301.5400085449219,244.99000549316406,490.3299865722656,245.22000122070312,182.08006286621094,123.68729400634766,363.30999755859375,280.82000732421875,110.2699966430664,584.8479614257812,411.739990234375,208.63999938964844,211.0856475830078,217.77000427246094,289.41815185546875
2026-06-09,290.54998779296875,237.8800048828125,475.510009765625,244.19000244140625,174.8986053466797,119.91141510009766,364.260009765625,277.489990234375,107.91999816894531,584.0487060546875,403.4100036621094,208.19000244140625,205.0964813232422,205.4199981689453,287.15972900390625
2026-06-10,291.5799865722656,233.3800048828125,452.3999938964844,238.0,170.47999572753906,118.35723114013672,356.3800048828125,272.3599853515625,107.04000091552734,570.4512939453125,397.3599853515625,200.4199981689453,200.56224060058594,191.1999969482422,280.5734558105469
2026-06-11,295.6300048828125,218.8000030517578,488.45001220703125,241.50999450683594,166.4499969482422,121.37593841552734,357.7699890136719,274.8500061035156,116.95999908447266,567.9036254882812,390.3399963378906,204.8699951171875,183.4617462158203,202.9600067138672,295.5865783691406
2026-06-12,291.1300048828125,204.02000427246094,511.57000732421875,238.5500030517578,165.88999938964844,120.6486587524414,359.67999267578125,272.239990234375,124.56999969482422,566.4549560546875,390.739990234375,205.19000244140625,183.49163818359375,211.72000122070312,299.5860900878906
2026-06-15,296.4200134277344,206.36000061035156,547.260009765625,246.02000427246094,164.5500030517578,119.72212219238281,369.3500061035156,268.7099914550781,127.86000061035156,593.47998046875,399.760009765625,212.4499969482422,191.97213745117188,220.80999755859375,311.74383544921875
2026-06-16,299.239990234375,207.32000732421875,507.2900085449219,246.0,161.7100067138672,119.12435913085938,373.25,270.80999755859375,117.05000305175781,600.2100219726562,393.8299865722656,207.41000366210938,187.6770782470703,214.07000732421875,304.1527099609375
2026-06-17,295.95001220703125,196.27999877929688,512.47998046875,237.5,155.02000427246094,116.89270782470703,363.7900085449219,262.3500061035156,121.0999984741211,567.5800170898438,378.9100036621094,204.64999389648438,182.8937225341797,212.97000122070312,300.34222412109375
2026-06-18,298.010009765625,195.16000366210938,537.3699951171875,244.38999938964844,151.77999877929688,119.09447479248047,368.0299987792969,249.10000610351562,133.99000549316406,577.219970703125,379.3999938964844,210.69000244140625,183.6510772705078,226.11000061035156,321.21533203125
2026-06-22,297.010009765625,194.89999389648438,551.6300048828125,232.7899932861328,150.1199951171875,121.07705688476562,349.67999267578125,252.22000122070312,140.94000244140625,563.8499755859375,367.3399963378906,208.64999389648438,174.4630584716797,221.89999389648438,330.5873718261719
2026-06-23,294.29998779296875,197.42999267578125,519.8499755859375,234.11000061035156,153.4199981689453,120.69847106933594,346.1300048828125,264.94000244140625,132.27999877929688,562.2000122070312,373.94000244140625,200.0399932861328,164.58740234375,204.1300048828125,302.8095703125
2026-06-24,293.0799865722656,196.57000732421875,519.739990234375,234.27000427246094,152.75999450683594,119.28376770019531,345.2900085449219,262.9599914550781,131.64999389648438,557.6699829101562,365.4599914550781,199.0,156.98385620117188,197.41000366210938,301.5659484863281
2026-06-25,275.1499938964844,193.41000366210938,532.5700073242188,227.00999450683594,150.19000244140625,118.52659606933594,343.7099914550781,258.2699890136719,132.8699951171875,542.8699951171875,352.8299865722656,195.74000549316406,151.9314422607422,204.89999389648438,310.2216491699219
2026-06-26,283.7799987792969,202.72999572753906,521.5800170898438,232.69000244140625,158.3699951171875,113.3459701538086,337.3900146484375,271.6300048828125,128.32000732421875,550.25,372.9700012207031,192.52999877929688,148.0150604248047,189.38999938964844,283.97601318359375
2026-06-29,281.739990234375,206.42999267578125,539.489990234375,240.13999938964844,157.92999267578125,117.2613296508789,353.6499938964844,278.0,131.72000122070312,562.5999755859375,368.57000732421875,194.97000122070312,147.2477264404297,188.72000122070312,284.0257873535156
2026-06-30,289.3599853515625,205.02000427246094,580.9099731445312,238.33999633789062,156.66000366210938,117.02222442626953,357.3699951171875,281.2099914550781,139.6300048828125,563.2899780273438,373.0199890136719,200.08999633789062,146.04193115234375,184.7899932861328,296.5516357421875
2026-07-01,294.3800048828125,210.97999572753906,540.8800048828125,241.6999969482422,163.22999572753906,116.57390594482422,361.2099914550781,286.25,127.0199966430664,612.9099731445312,384.2799987792969,197.5800018310547,142.00596618652344,181.9199981689453,296.889892578125
2026-07-02,308.6300048828125,219.72000122070312,517.8200073242188,242.6699981689453,166.11000061035156,112.27000427246094,359.9100036621094,289.5199890136719,120.3499984741211,582.9000244140625,390.489990234375,194.8300018310547,139.78370666503906,176.25,291.5870361328125
2026-07-06,312.6600036621094,218.07000732421875,552.0499877929688,244.16000366210938,165.64999389648438,113.9800033569336,366.4599914550781,299.5199890136719,122.19999694824219,600.2899780273438,386.739990234375,195.5500030517578,143.2615966796875,186.47999572753906,301.9539794921875
2026-07-07,310.6600036621094,221.5399932861328,516.1099853515625,245.97999572753906,169.52000427246094,111.79000091552734,367.0299987792969,306.1300048828125,110.38999938964844,615.5800170898438,388.8399963378906,196.92999267578125,141.1090850830078,182.97000122070312,291.805908203125
2026-07-08,313.3900146484375,220.94000244140625,517.4099731445312,243.6199951171875,166.5800018310547,113.81999969482422,361.9200134277344,302.04998779296875,110.23999786376953,603.1199951171875,383.3399963378906,204.1199951171875,140.00294494628906,186.55999755859375,299.78509521484375
2026-07-09,316.2200012207031,222.64999389648438,546.719970703125,247.0399932861328,162.5,118.30999755859375,358.8900146484375,295.29998779296875,112.54000091552734,631.47998046875,384.3599853515625,202.77999877929688,143.72000122070312,191.11000061035156,306.9583435058594
2026-07-10,315.32000732421875,223.63999938964844,557.8900146484375,245.33999633789062,163.32000732421875,121.30999755859375,357.17999267578125,287.55999755859375,109.83999633789062,669.2100219726562,385.1000061035156,210.9600067138672,140.63999938964844,189.16000366210938,309.8734130859375
2026-07-13,317.30999755859375,230.61000061035156,534.3900146484375,247.30999755859375,171.22000122070312,119.25,352.510009765625,290.2300109863281,103.12000274658203,656.72998046875,390.989990234375,203.52999877929688,131.5399932861328,183.97999572753906,297.0491027832031
2026-07-14,314.8599853515625,220.77999877929688,548.1300048828125,247.49000549316406,167.55999755859375,117.08999633789062,359.510009765625,217.07000732421875,107.76000213623047,661.0399780273438,384.92999267578125,211.8000030517578,127.94000244140625,178.10000610351562,303.9935302734375
2026-07-15,327.5,224.55999755859375,529.1400146484375,254.9600067138672,167.0,111.7699966430664,370.9200134277344,211.1999969482422,102.98999786376953,681.3099975585938,395.6300048828125,212.5,132.49000549316406,177.97999572753906,299.6557312011719
2026-07-16,333.260009765625,235.30999755859375,500.94000244140625,249.88999938964844,172.67999267578125,109.66000366210938,354.4599914550781,219.0500030517578,96.9800033569336,664.5399780273438,401.1000061035156,207.39999389648438,124.20999908447266,170.61000061035156,289.7365417480469
2026-07-17,333.739990234375,237.25,495.760009765625,247.22999572753906,170.77000427246094,111.94000244140625,346.7699890136719,212.6699981689453,95.04000091552734,646.010009765625,393.82000732421875,202.80999755859375,126.41000366210938,171.77999877929688,282.57318115234375
2026-07-20,326.5899963378906,234.74000549316406,503.57000732421875,249.99000549316406,173.7899932861328,110.69999694824219,351.989990234375,213.0,97.05999755859375,645.8499755859375,402.2900085449219,203.27999877929688,121.37999725341797,170.32000732421875,282.6229553222656
2026-07-21,327.739990234375,227.16000366210938,544.4299926757812,247.5500030517578,170.05999755859375,112.18000030517578,347.1499938964844,210.5,105.44999694824219,643.8099975585938,397.75,207.2899932861328,127.05000305175781,173.5,289.81610107421875
2026-07-22,325.8900146484375,218.36000061035156,552.3300170898438,244.85000610351562,163.0,112.20999908447266,342.0899963378906,205.77000427246094,102.62000274658203,627.1699829101562,390.3399963378906,212.05999755859375,125.83999633789062,175.6300048828125,292.69140625
2026-07-23,321.6600036621094,212.1699981689453,539.6900024414062,233.66000366210938,156.92999267578125,112.76000213623047,317.69000244140625,206.64999389648438,100.2300033569336,606.0999755859375,381.5799865722656,208.75999450683594,120.04000091552734,171.11000061035156,283.5382385253906
2026-07-24,333.0199890136719,225.11000061035156,521.9500122070312,232.11000061035156,163.66000366210938,114.16999816894531,319.739990234375,214.19000244140625,92.31999969482422,595.1900024414062,381.70001220703125,206.83999633789062,114.98999786376953,166.97000122070312,278.15582275390625
2026-07-27,336.9100036621094,237.75,494.95001220703125,231.38999938964844,173.60000610351562,114.56999969482422,326.55999755859375,216.27999877929688,91.66999816894531,593.8699951171875,389.1000061035156,196.50999450683594,119.9000015258789,170.0399932861328,277.9866943359375
2026-07-28,340.0799865722656,249.17999267578125,454.6199951171875,230.86000061035156,181.5,115.58000183105469,333.7099914550781,227.5500030517578,86.30000305175781,593.4099731445312,393.3500061035156,197.00999450683594,119.95999908447266,162.8800048828125,275.6585998535156
2026-07-29,338.19000244140625,263.42999267578125,429.55999755859375,226.64999389648438,188.3800048828125,112.4800033569336,336.7099914550781,226.44000244140625,81.87999725341797,585.6099853515625,390.5400085449219,190.00999450683594,117.73999786376953,155.67999267578125,269.9179992675781
2026-07-30,333.42999267578125,247.89999389648438,485.3900146484375,235.5,180.7100067138672,113.55999755859375,333.6600036621094,221.74000549316406,91.12999725341797,539.030029296875,451.1000061035156,195.0399932861328,127.55999755859375,151.60000610351562,277.3399963378906
2026-07-31,308.9100036621094,250.41000366210938,476.1499938964844,271.5799865722656,184.02000427246094,115.98999786376953,356.1300048828125,223.64999389648438,90.19999694824219,556.7100219726562,464.7200012207031,200.75,129.8699951171875,147.61000061035156,275.739990234375
2026-08-03,303.4200134277344,251.33999633789062,484.6400146484375,284.0199890136719,185.9499969482422,115.86000061035156,373.510009765625,226.30999755859375,91.0,590.239990234375,487.6499938964844,206.63999938964844,141.85000610351562,151.57000732421875,269.0400085449219
2026-08-04,309.3800048828125,257.489990234375,518.5800170898438,277.4200134277344,190.99000549316406,121.73999786376953,377.6499938964844,235.14999389648438,100.86000061035156,587.9400024414062,492.80999755859375,211.94000244140625,145.74000549316406,162.6699981689453,283.6300048828125
2026-08-05,311.0,259.32000732421875,482.04998779296875,272.6499938964844,192.97999572753906,121.5,362.42999267578125,235.9199981689453,101.05999755859375,588.77001953125,487.4599914550781,219.22000122070312,144.38999938964844,157.52999877929688,277.7200012207031
2026-08-06,312.4100036621094,260.239990234375,489.2799987792969,272.260009765625,186.77000427246094,120.87999725341797,357.75,233.42999267578125,99.80999755859375,589.9000244140625,499.8599853515625,218.99000549316406,143.47000122070312,160.38999938964844,278.3999938964844
2026-08-07,313.3299865722656,265.2099914550781,483.3599853515625,274.4800109863281,192.74000549316406,121.43000030517578,354.29998779296875,237.27999877929688,101.6500015258789,592.0999755859375,499.989990234375,223.9600067138672,147.02000427246094,167.86000061035156,286.0799865722656
