,AAPL,ADBE,AMD,AMZN,CRM,CSCO,GOOGL,IBM,INTC,META,MSFT,NVDA,ORCL,QCOM,TXN
2022-11-02,-0.48755291902599684,0.14371686721492227,0.6788157192958031,0.3018947458822585,-0.835384472507567,0.09129913109952947,0.08471328450461613,0.40744573011640706,-0.27778507282881293,0.04850599571786662,0.09022266108724342,0.486897107056091,-0.04152237281734128,-0.4927576218774663,-0.0990247141228684
2022-11-03,-1.117463529787003,-0.4543278337224028,1.550282544548712,0.41085477214290045,0.212628125506796,-0.1412053488858276,-0.502096737760032,-0.44773165034993,0.5297070592332487,0.4466079697816594,-0.018540369293735814,1.1931189510059146,0.7889049689676577,-2.3592672885444683,0.20003236939115565
2022-11-04,-1.3163245986366723,-0.08220649612441758,-0.19619165859628973,0.7234275110519242,-2.2424791123568704,-0.13303308160709337,0.8345190000869718,0.4817047238545542,0.18997007355306694,-0.35888519944275576,0.6740787254015962,0.36277293467327354,0.4085854388774798,-0.1037302497008259,0.7137497725270481
2022-11-07,-0.6055736183636979,0.9378461624665545,-0.10192788128223507,-1.2459139039429026,0.6001539080963656,-0.7192090968985709,-0.09705721590855365,0.1383580152698653,-0.19348517823708777,0.6312099563770668,0.3442700002915211,-0.34344026730398164,-0.002855217405403121,0.6581650331628174,0.16838423014056958
2022-11-08,-0.27357248339203954,0.28343349647368554,0.029096012176001884,-0.16931249057733913,0.5893599015952671,-0.36910868194958246,-0.03547924820167714,0.4151728578089102,-0.388513472287387,-0.25672505802015855,-0.08204064945745837,0.18530058747375155,-0.9076798135487565,0.5226502438238725,0.2757006273114281
2022-11-09,-0.5059666641066716,0.33390666094668836,-0.5999456988383645,-1.0282988766750747,-0.720740932855419,0.11697941972569736,-0.006499533647286282,0.5523946005420312,-0.03047461811972485,1.4693561003213287,0.015886257022097894,-0.47749877955892983,0.9896000112288695,0.24110109472279828,0.10690186690102288
2022-11-10,0.44723184888217915,0.49994505574154857,1.2672620449407184,1.103060299717197,0.8765975600250369,-0.8149304237567501,-0.8908748097563786,-0.6440846053977214,0.015044579360931731,-1.0795671218663738,-0.38389714650214035,1.1145363056515767,-0.9756898566629331,0.0677939949698736,-0.6838980672110102
2022-11-11,0.028429997515436956,0.591983235954551,0.9490879661848535,0.921435632412321,-0.2373948884531234,-1.858888344375313,0.13137059606704327,0.2717677540154436,0.06007211881510888,-0.6304378711519916,-0.20541667084000859,0.26766849489415667,-0.03357440031877329,-0.569659720927945,0.3898688191299744
2022-11-14,-0.26021778895424724,0.14852136010897726,0.6189431111650467,-0.41374364485218185,0.4408216566635521,-0.13057446048280907,0.043120663074178764,0.22646696335223848,-0.06266921743745982,0.7451383953060634,-0.7282055288005342,-0.028081453139868838,0.3420084953973321,-0.006139033704074006,-0.5133347468849596
2022-11-15,-0.09750685553183824,0.15595829231734526,0.6308508734682068,-0.3633094147892401,0.3896143305944273,-0.38247765519975757,0.4147582002858904,-0.3668116823481151,-0.11137947653175251,-0.14806033987610068,-0.6665557008477648,0.08817254801603314,0.15471208917439805,1.0359424564505337,-0.6794810955772483
2022-11-16,0.4649142494565602,-0.30268883799041413,-0.2073653007199645,0.11469545268579096,-1.1137787391987843,-0.07046647818838025,0.9934170089549478,0.3259224041198442,-0.4357900009208908,0.09114830205256608,0.9096308148303818,-0.2861327698915067,0.4987263354337349,-0.669509332391229,-0.2921803053451929
2022-11-17,0.2652424937632862,0.3343657365112546,-0.17894081077800117,-0.29282252870706854,-0.9233338529392423,2.507309345911277,-0.0821528883266284,-0.019016326353781143,-0.34338542524050975,0.09531355042021009,-0.04075580954004379,-1.0164129329665996,-0.9744017784184614,0.4535792852370662,-0.07273338686440117
2022-11-18,0.11986457412462745,-0.5197979595310743,-0.1873063898523583,0.050206178419209435,-0.32305097502921853,1.3203286226681634,-0.18080626996002858,0.17797122119845643,-0.23989925068085796,0.5336699271052623,0.012967528473549908,-0.6063778509681592,-0.13731040973417247,0.2911817812178776,-0.2491858596871811
2022-11-21,-0.2339184970416719,-0.27354648163997825,0.17675391695711717,0.10660304254258374,-0.20690656394720397,0.317034224597628,-0.052241458419509446,-0.10016041291551409,-0.5667230286528644,0.11441268986752673,0.7887390970695561,0.33201097261489,0.3310839570795899,-0.42868280183392216,-0.25011672224723225
2022-11-22,-0.3316180454180878,0.12539266242462732,0.09922739037032913,-0.24413549766581638,0.295295521807167,-0.14126512525241297,-0.10868354413358838,-0.2703472099440938,0.016019712032101063,0.19104949233845608,-0.326998827979163,0.20680617023220438,0.23949898839229622,0.1519791034924779,0.2201423802996798
2022-11-23,-0.1187210850438295,0.05968729327736427,0.10977222791264718,-0.08688316473212937,0.2691524717777025,-0.012164950923890139,0.06978130283698247,-0.3670323576753021,-0.3753120518370735,-0.3246606304732072,-0.04092513964837663,0.43833857664521314,0.1774868999350442,0.06160086076140242,0.07847289037180094
2022-11-25,-0.40275891261946356,-0.0730667444147902,0.11776228074298656,-0.06823158462630105,0.36487979652952945,0.09019436791505397,-0.15834017832521033,-0.08389706739385594,0.14215467182874486,0.005309429089819323,0.2605693817381694,0.0482383749167164,0.02330918653217155,-0.10017417444098098,-0.15368872396706568
2022-11-28,-0.26156445218581026,-0.05652365575365592,0.2230356124246614,0.5657688473662317,0.5190604969967996,0.455675034787735,-0.07473820534460668,-0.20377993990304932,0.27488848651682574,-0.37608977120799064,-0.31149535702049846,0.08726363079609811,-0.20322083237924737,-0.37066041030909014,-0.3048063676028936
2022-11-29,-0.6193364817378515,0.17643642044222962,0.1354664667540892,-0.05153420445346091,-0.138084341576939,0.2938291332281353,-0.046219215215821924,0.19118838836171412,0.2880164966996993,0.41141336387430305,0.02006078076296952,-0.30173168985637544,-0.10289106247781471,-0.15195112986709663,0.04469445230745092
2022-11-30,-0.09166205808772121,-0.15195510308412774,-0.36561440866815365,-0.5066939807246389,0.02655490934015159,0.06088489125576779,0.18720924668940064,-0.3806171497017494,-0.3321720742174523,-0.02636426789990365,0.28695109493381077,0.26486581605693815,0.31671446041684626,0.6403799051617751,0.024528748280939094
2022-12-01,0.2205314060828762,0.5519657863515892,-0.10903392247794266,0.46403923061285524,-2.2315334857197278,0.11436724175177085,0.4031929400637861,-0.01235574671290919,-0.49276149152404003,0.7363871159916593,0.23507643432532033,0.281392042407976,0.8491659552409198,0.23307072865986134,-0.8106290816354396
2022-12-02,0.18804171506720066,0.10825543268608723,-0.5676951354318315,-0.1886240347001278,-0.3518525858438795,0.027902309085426125,-0.03624264785513734,0.2138092633815577,-0.13533383654638542,0.5075230853617247,0.262723334390903,-0.22679408188333394,0.10197350319461607,-0.0537460702625327,0.2783322316013849
2022-12-05,0.27930562794080355,0.8888542707190232,-0.3481392292732791,0.3080151734412774,-1.1041984026597789,0.07284110672266109,0.31854722268691654,0.5040071029777003,-0.20122970512248364,-0.2614907180880759,-0.005524949939427537,-0.12078779387898725,-0.5936043776723856,-0.10613958528672629,0.2637644574195156
2022-12-06,-0.014113427456027838,0.2089650193147085,-0.11607233538676409,-0.18585912222272516,0.3313019267955779,-0.22861233794861224,0.039821015887594347,0.19810989728230008,0.3222577828681781,-0.3835719987192545,0.1396297983195821,-0.13279781793344314,-0.4645747355364583,-0.016166865822692666,0.09431918038830289
2022-12-07,-0.1960248464066784,-0.03363186407009383,0.19411685532528494,0.4859260600905996,-0.42373022721164744,-0.27700726404059683,-0.4729307434728795,0.07438106705693548,-0.06465987373514664,0.16814409667579194,0.17274766177013948,0.38622090208370635,0.19604795212077616,-0.15543612357611986,0.05430415516348677
2022-12-08,-0.0403364305669367,0.11367836450313096,-0.3905762808432582,0.4470486443937353,-0.46535185981235894,0.3357570090719364,-0.9441795751943101,-0.512727674322037,-0.437084083135452,0.07248184564916749,-0.05151701626384364,1.1204230429473654,0.24292856657539585,0.47662376722471,0.06669247827599534
2022-12-09,0.3311858167419248,-0.02931968571102274,-0.22003647381102565,-0.28357456164465644,0.34759257542636635,-0.2138551860864576,-0.09451099493586831,-0.020294736523427614,0.345777710108907,0.32617448560763335,-0.01876573880917115,0.025574936868089704,0.16230858331441095,-0.35919732175495483,-0.17348642668232833
2022-12-12,-0.010515164291398094,0.01318702065588373,0.1635463943527744,0.16596038024101878,-0.1439686522335637,0.13030376325661397,-0.318475786308914,-0.14114306403296628,-0.15290406655350253,-0.27130082130347,0.47335475945751726,0.04891735026212218,-0.1153272728440552,-0.054675101591872055,0.07119068837791487
2022-12-13,-0.2048556688013573,-0.12007774834421292,-0.08202044224208993,-0.00913169604244135,0.047423237332794965,0.209746282736572,0.15692414438985136,0.5716265290138514,-0.18363147641390132,0.21343516707845278,-0.026323649395732507,0.2347168340258523,-0.27926080797564246,0.08830310573563627,-0.514080020158372
2022-12-14,-0.10725990828825649,-0.1764103581795483,-0.45900421613003306,-0.17270852546658388,-0.21410752522506452,-0.015328948001604392,0.09896859224049961,-0.15598061058333434,0.04853639577211044,0.6720860286924022,0.3705984028072993,-0.2885643818498135,0.8136627104962066,-0.06959751477902143,-0.03442096939958894
2022-12-15,-0.1409857196871327,-0.023894907445749736,0.6895233417955519,-0.036773186846825956,0.13580114305457802,0.2628039606051531,-0.5150988228723095,-1.6667681723170258,0.3889922451992289,-0.5105233707601213,0.10686750354926722,0.31892717046330565,0.47884464796807724,0.1511710341441821,0.10809131903647584
2022-12-16,-0.15601973291195076,1.309511479983919,-0.0576026508817708,-0.06190270514786168,-0.25661693595870205,0.0459422114075716,-0.22342544456084093,-0.3849471282471496,0.21302726330792315,0.23221873711679925,-0.5531441324521416,-0.39202756451808357,0.39129387038316576,-0.30341336646429007,0.26079177699509476
2022-12-19,0.08388794060479943,-0.6326723493341957,0.31526831287127843,-0.3843823948106724,0.6102703812032875,-0.2276326847304197,0.03548801395815271,-0.6702245492457679,0.41593819844261165,0.0327089221463962,-0.005959446671281676,-0.06274863074495252,0.4255480997337259,0.10746443325220767,0.004502319378695607
2022-12-20,-0.019112571326971337,0.8457108527007233,0.15453317695238977,-0.08029247169918913,-0.41346772201477777,-0.14477122793899805,0.10629858028005895,0.9623938654766824,-0.41654769586034324,0.4779158413244634,0.022706874850727338,-0.5262103519221764,0.0280520231987145,-0.2220994029997643,-0.5388713373013448
2022-12-21,0.3869194582484854,-0.3253404304449908,0.49165363960651065,0.22791723549273013,0.07569617919420524,-0.2622170657893817,-0.36544572318969754,-0.12857224510630333,-0.023984737185066995,-0.050164147710792806,-0.25384452464306667,-0.018570116261508174,-0.04536846195799432,0.14261232354801867,0.11673261097647147
2022-12-22,0.25089191506144803,0.2533721662548575,-0.470599161553537,-0.22030325302421427,0.5492125083816346,0.4356420742400974,0.22862335332133898,0.23232756689866507,-0.07059105250164266,0.1759136782926481,0.013037936342420453,-0.9982495127970246,-0.10707049783885259,-0.053418347639671904,-0.06528941447930259
2022-12-23,-0.11681299003517062,-0.14532322691525185,0.13879529018677952,0.34175757233568493,-0.14745280448161163,0.08385473416843801,0.439295842197156,0.2432146762582158,0.18109794299499793,-0.0454237908380658,-0.1276028865240108,-0.5123360430290624,0.0062446165906708245,-0.04223681907669887,-0.20711952826842905
2022-12-27,-0.01569272861498372,-0.0027562919171693068,-0.0699302395319063,-0.15307764253773282,0.7788607490681356,0.17699008000655264,-0.15701686477113208,0.32142171054908814,0.14143586210704162,0.3882024191809541,0.21529072339391947,-1.5853482719339667,-0.05555531502668325,0.07208550185342255,0.20985578140662048
2022-12-28,-0.3760318248851413,-0.37638377455694827,0.34987980695601023,0.01615318241992275,0.006371705533982419,0.04949828495520714,-0.04997733168819529,-0.36729144336581643,0.22611971674697795,-0.08277630030372038,0.18300913689516313,0.3687109109293295,0.09225311347960663,-0.054906058515746814,-0.02959114041543598
2022-12-29,0.23338807250997062,-0.11920136960150707,-0.0011393505229204681,-0.06981204607548563,0.11948521438432924,-0.25260668547341936,-0.0030263024912406955,-0.1880464149862217,0.19487754330567297,-0.07895715254537361,-0.030602483630920663,-0.022851161812681542,0.02373514730513926,-0.044503937336909494,0.16392744709676432
2022-12-30,0.13558552730260193,-0.22788632433430778,-0.03727948489582823,0.13153689716531536,0.12122719261145257,0.013128902219427824,-0.03966015484072222,-0.22706553401230853,0.2863463014069099,-0.003152999327849404,-0.20579182520581898,-0.05503639585391517,0.056501819756408146,0.04443201547352882,0.018455555193829576
2023-01-03,-1.2473447726928173,-0.22549818314920614,-0.2515023771075953,0.3612386958690339,0.002328578697669559,0.6027899276995946,0.4286471339460346,0.22329989419056376,0.7946691319672332,1.109856506652154,-0.03781498385206664,-0.6281197610760162,0.7848866841046103,-0.6338618131724333,-0.45480728610028764
2023-01-04,-0.042817039336693175,0.06683177121398637,-0.19069637557882085,-0.24844144750257519,1.004227478158783,-0.7464107715552587,-0.6854262945704364,-0.26984222913282224,0.7436812883271954,0.3763638162420531,-2.1267433864697822,0.2666779572388901,-0.19987211535846006,0.914377763743188,1.2204181116655928
2023-01-05,0.40609671897420807,-0.7826899534746853,-0.19807457180841537,0.22218107071810866,0.14533634068263002,-0.43190018789976714,0.0005402581102372794,-0.17271721832986053,0.5106770569026338,0.3468469082546734,-0.36696634428896713,-0.12421576257479894,0.38862635514108046,0.13562154200908982,0.09914592724143101
2023-01-06,0.13606287083619995,-0.6340962856542238,-0.545474540113947,0.7003483540894778,0.38045983669020766,0.37292625272908797,-0.4440060196598503,-0.28515704215635274,0.10202456277882899,-0.09001109634357285,-0.7277946372759837,-0.19966498964706703,-0.320591016346234,0.5481317266574219,0.9829917254440825
2023-01-09,-0.2067633809118221,0.2864450262906667,0.952466354727458,-0.318803496853192,0.6889857308798272,-0.0652574847457984,-0.3257217190812057,-0.6642883656064265,0.4152887029454173,-0.5806305501030669,-0.27027730748431533,0.7424910003092613,-0.21939349075798947,-0.6468142318235497,-0.06364584533899081
2023-01-10,-0.053870951052191945,-0.8153063958910438,-0.0254845181907411,0.6830178782718512,-0.15089193214679658,-0.029827948117269687,-0.1739074955885374,0.3870586845658697,-0.12657807631398943,0.0927378469803184,-0.06759560903911077,0.06408463069235315,-0.15864133962096388,0.35119865048106197,0.10823508704911158
2023-01-11,0.4642075298656565,-0.3440022934263467,-0.12250696009013234,0.9958758950489022,-1.476918865967315,0.15938468339047623,0.6630730992995517,-0.3346508225515521,0.21585681830079784,-0.5629643311874146,0.5039325837312992,-0.47173413375664336,0.4758304040373236,-0.0021395541880132596,-0.3340080443318563
2023-01-12,-0.20472720782234052,-0.31754123415424707,0.3639118104125856,-0.343694861621371,0.7211760803544558,-0.5112914858268737,-0.5772501169222709,-0.017357125421449127,0.34721994639410525,0.05530732228853763,0.038582772452826986,0.4326456568073331,-0.1400067680460536,0.6250917858550755,-0.49783843562077745
2023-01-13,0.4749510436651509,-0.3772073833371225,-0.057254440635815834,0.567320108557254,-0.39934243041700596,-0.1481743115864483,0.16887700696884467,0.09531689907505504,-0.13887221353553644,-0.3221593759617787,-0.13198240828276334,0.42416167199250004,-0.11378221279553685,-0.3827492565036595,0.19660591825349347
2023-01-17,0.7349746437398228,0.05341576009958589,0.36055692158260555,-0.6472754256027062,-0.04862149437561261,-0.8225258920344702,-0.23999349682843657,0.04107301199641822,-0.3371876270839684,-0.5244818518398928,0.2812716052877348,1.3568236635074162,-0.1450736954892181,0.26702332742078017,-0.7676760955801518
2023-01-18,0.6831219724658152,0.07617305100916905,0.05216868869313662,-0.010882653388810268,0.008484903264741828,-0.7186274556183199,0.19568231731049807,-1.0047068105691346,-0.10919718613863649,-1.033476607047129,-0.4504967572156492,-0.024733509177962687,0.09312825357233101,1.2077290202259545,0.335665324285647
2023-01-19,0.7102009156896455,0.35074223401617655,-0.8210767607113008,-0.5400718947632185,0.42964821697416966,-0.005675399230160139,1.0916518428541893,0.7087610163348139,0.12196425735950278,0.41813183149351746,-0.39927588789675084,-0.6577985988831567,-0.2676307778022179,-0.6827586821385713,-0.26602636786238176
2023-01-20,-0.16697688064477756,0.12158052255175167,-0.23156274329799853,-0.25478476035823294,-0.21363153913156552,-0.14056439028100054,0.6873762291313288,-0.37183678911981344,0.22375084050258665,-0.6457258488667375,0.09586031567479458,0.4483033020783549,0.054147901034265256,0.4826110352430203,-0.4233315983601742
2023-01-23,-0.40528283333920134,-0.21597280285585652,1.383175972419416,-0.5324233559122916,0.31413998181102787,-0.43252508569938974,-0.33109407100877675,-0.8993836528632002,-0.10984522121485463,-0.20012646024357872,-0.6981736764983575,0.710736186287517,0.38373431372768574,0.8323837982512936,-0.02223919925006279
2023-01-24,0.6453556893263799,-0.16606207601291967,-0.5332088342785841,0.10056029406807343,0.1024588128851038,0.3410389313131654,-0.4068029727023364,-0.33668477687728426,-0.39830702579931127,0.21997596771465658,0.24133366496624603,0.18166217215656677,0.35903486325753065,0.06247377570131149,-0.2376177989655909
2023-01-25,0.1620421978497439,-0.2892803371489576,0.11451791671428468,0.43188957941525974,0.22756606433299592,0.5014522378560996,-0.6786011995672347,-0.1779722867223319,-0.03781378231982235,0.12847921810413843,-0.0025870548319111564,-0.01432945848101412,-0.25022704066883983,0.3278648034807868,-0.3626469788641496
2023-01-26,0.5292023037546216,-0.19645422106638422,-0.5642982690713807,-0.8461835064040869,0.7632329395294957,1.4388348986897892,-0.18638329097120465,-2.505941347275916,0.7789469918217443,0.12857878192152594,0.32814183867526814,-0.23278155558064012,0.35821518037853833,0.415644328484823,-0.3038031048693402
2023-01-27,0.6260557711164109,0.14142257614308645,-0.06510964440860863,0.40632782726816974,-0.2878278651376687,0.7784088992066444,0.14718324753200418,0.5623923756658875,-2.1605110900797153,-0.127506802569875,-0.3833108234259776,0.5000331477687556,-0.24849372360694744,-0.19062281233497325,0.3987269996873113
2023-01-30,-0.08427959856364975,-0.01177509982203473,-0.3987790658430932,0.41821056753076263,0.9388785149719776,-0.10600909224777633,-0.13173253024830622,0.8072131007885914,0.2415541680609305,-0.37156871962211935,-0.1107528255348248,-0.8469909348914207,-0.9797803724865356,0.20680405745647557,0.3277957387989526
2023-01-31,-0.23924026958882622,-0.04711663870201488,0.2665831758940751,0.19812950922306827,-0.024219169068737112,0.18227854916012104,0.12879499982066878,-0.5108282739694088,-0.1300645804681415,-0.38578684540408537,0.25482941960602945,-0.3764328185441287,0.4187653627071456,-0.3461936441855222,0.5505792479764833
2023-02-01,-0.8994928435162697,0.3383689887244219,1.7267592313095832,-0.4091722000660417,-0.4325431702023611,-0.9236316031698533,-0.12738183971761574,0.14050326019684053,-0.23986422799649132,0.19265157913950054,0.016099439207756472,-0.058924019269593675,1.035887702041306,-0.1944244767816048,-0.035779104779108506
2023-02-02,0.1664448904507012,-1.9528350543249966,0.7327153216792632,0.2172968292662545,-1.4579859661706722,0.6583352666756641,0.08111910398045952,0.28097801106770837,1.3869870823376254,4.4622429370535155,-0.524483717795714,-0.017631033813644947,-2.5067858648702774,-1.7571034472747413,0.28314836091316486
2023-02-03,1.8893817010259781,-0.23049467445970695,-0.2390318891416915,-1.9468703453980372,0.33194626709420716,-1.0148450483197582,-0.07376947430560632,0.1028142664426138,0.4981878064347427,0.48832695464731846,-0.09818759944683064,-0.1350943431654078,0.44548679799810253,0.38350468034065316,-0.377360027476627
2023-02-06,-0.016748919203318335,-0.007537981101605418,-0.13515168276094636,0.08195197165765428,-0.06848473427302026,-0.586732360544044,-0.3080409133467811,0.6592422397878728,-0.8492277849340536,0.03713820863167144,0.26115427206288533,0.48517576069216917,-0.3083548825997743,0.20778998878336474,0.5278448685752393
2023-02-07,0.1321422627389871,-0.10801993521315378,-0.15098448417543175,-1.153253364700379,-0.3328561350215061,0.1267576074271428,0.7198643516716081,-0.021330313019363917,0.03251039318883048,-0.5757484326051939,0.8567957811488753,0.32115191389676656,-0.8852858169674677,0.42170315380707807,0.17758622519340767
2023-02-08,0.3015694749055595,0.35672831712407926,0.4333184348223629,0.5154976431515488,0.2536673875821711,-0.34874303684169283,-1.9204259311817353,1.0349412156135653,-0.2141843353129924,-0.009964896417672842,1.0358217358592934,0.7992926342695703,-0.5400709183074824,-0.48054754970367186,-1.116530123779361
2023-02-09,0.2746138636705793,0.11564164990451964,-0.2779048874905503,0.16840964124339353,0.8222547724147375,0.1822344103183407,-0.9105246045868636,0.3321273228020882,-0.39965581842374437,0.17891123281031818,0.21319894055169542,0.29235431728640504,-0.19629762980648469,-0.4319846173428037,-0.15520997886002652
2023-02-10,0.1824407166671279,0.04527401676861176,0.016246346953911805,0.40184771937252317,-0.42610589183903613,0.004565139443039379,0.2022539501405889,-0.27539884254070834,0.21404600927209386,-0.6055227974836864,0.29734563446810847,-0.5229564308875213,-0.01820571990252748,-0.10107446326824304,0.30023940681233496
2023-02-13,0.025547489659959677,-0.24331631251596736,-0.2406301258129213,0.1544148198407046,0.3423706819994895,-0.16796369092235963,-0.5291147555474365,-0.09215840470433379,0.2631235926043892,0.19999078973396628,0.801744362580085,-0.09721459819356243,0.9137796474439257,-0.369638133115939,-0.64616094493402
2023-02-14,-0.18056643417149082,-0.06932187139289048,0.5660527251842509,-0.1172449255519893,-0.9506268174794406,0.10275745154494043,0.023874693420115875,0.009933288049960853,0.14512527031567576,-0.13186506274921636,-0.06100241209744525,0.8361676431683104,-0.4211959460024155,0.10346041339291179,-0.17364886985538913
2023-02-15,0.41817948660744153,-0.3362840192563509,-0.3073054851208421,0.4242983835941049,0.4528925707329447,0.5757632752961739,0.7458066501886923,-0.35341145625264897,0.1611014729543448,-0.7758481269713533,-0.6757141127055105,-0.2766739991056258,-0.9435397085761388,0.13623216642136426,0.4756863908489609
2023-02-16,-0.14494518663229128,-0.25085673685607657,-0.6954825395139042,-0.16688770122539787,0.7409318958226311,3.463475146713274,0.24117409416254398,-1.7824318997721256,-0.49634849502987105,-0.2215078272678459,-0.5456061022330749,0.3454425113623214,-0.4405295957444002,0.008367381643350047,-0.23892298182644356
2023-02-17,0.10260235775244392,-0.4225999584691761,0.17797554611224742,0.1746392336036805,0.13449353195825342,-0.13804684274589807,0.008288920972086389,0.045055563910588015,-0.2885455561151905,0.19425251068695892,-0.3055621419216027,-0.039461933084672385,-0.02066622200598367,0.036688096322925245,0.401288736521529
2023-02-21,0.08730548392742188,-0.3804187638146872,0.5468961044136001,-0.153539680025362,-0.13628712550233224,0.10301087249396645,-0.09790867837427586,-0.13703530651805385,-0.8933148061646548,0.40557575981053795,-0.04578170184965047,-0.04892207275140148,0.3935261359826021,0.2468512297888501,0.17687722499226566
2023-02-22,0.34639990831985035,0.20248474201900962,-0.20027607105689066,0.528171312277526,0.2774785475828968,-0.18824240744337012,0.062413325407075934,0.20986320486358861,-0.7293498061388114,-0.255693620566249,-0.23704035777054155,-0.1476911516056363,0.24703522134759323,0.08625622392991147,-0.10858873379698555
2023-02-23,-0.24679879497859353,-1.1748488912440138,-0.12122858322916263,-0.1296124452305992,-1.0954450119013628,-0.01394834834156608,-0.16410976690415438,0.2581209317586674,-0.41415115355558835,0.479386958041109,0.16392148373213689,2.419812169637369,0.9587856613746774,-0.6552790363247828,-0.04326810635327771
2023-02-24,-0.012525543998100908,-2.6928987453957642,0.46823192990591256,0.19887453152660184,0.29782568282152755,-0.6645586813360878,0.43975252586753655,0.1922699779904434,0.05409561144644548,0.6218964034683714,0.09959405314722969,0.5657809121623893,0.4811871822799753,0.32075467933215007,-0.015394278744485623
2023-02-27,0.3362809073718452,0.12241632038635858,0.1743738039832919,-0.08225490566852055,0.14214504008730994,0.25949588459436196,0.1588727531898355,0.06705634526890508,-0.3944686701831486,-0.5477190503524991,-0.0008107635551764247,0.057318765316465944,-0.6382336793623195,-0.3269259525322527,0.5115156817033965
2023-02-28,-0.08604584283587696,0.13947660120687527,-0.0930508772076301,-0.0006453973300912796,0.12154214056728985,-0.25533807235816863,-0.1047965324652145,-0.17193326241564094,0.3678426825356268,0.30566636773655526,-0.3108256009283586,-0.5020451340473481,-0.1806234217636017,0.21494713298708498,0.4729258246255484
2023-03-01,-0.598164593873852,0.12587495908073856,-0.07924474858465978,-0.5723186840084504,0.9445782383755176,0.1517335486431134,0.5471269449909881,-0.3221421499292686,1.0175662717224119,-0.07585063842994938,-0.42320675948753805,-0.7279001060672996,-0.9654010250480662,0.3575350374125835,0.46036860095490817
2023-03-02,-0.5808739221531398,0.5341998761405402,-0.575236243966382,-0.7027970825287816,3.63745586165687,0.013624772546010355,0.3500209574717929,0.4254889939625497,0.7188380614696507,-0.22010878751703214,0.16193935914791724,-0.8393417715588354,-0.5179419488901132,-1.3189056378634223,-0.2984479541108833
2023-03-03,0.8904124270002363,0.7117592137374058,-0.19200159118750382,0.04294372985584016,-0.4846846889429591,-0.0015630879512149587,-0.45553333346968183,-0.42926438066607475,-0.48902778689438337,0.26475443659528364,-0.12880455711182714,0.08448597660731993,1.356517660513243,-0.6568535944011934,-0.39203754578354844
2023-03-06,0.9721339575853588,0.5665784388970988,0.1852408158867409,-0.5824697209381479,-0.3399140976555036,-0.10620791498087759,0.4910323574502731,0.16944999618320766,-0.5740979961406357,-0.5398353456682248,0.3393588659894151,-0.11619501639608887,0.4909326868348517,-0.11273628202046021,-0.8649089932475437
2023-03-07,-0.15931247214424904,0.006595849079704452,0.6622953956475979,0.23370001713421823,0.18356640849387967,0.15586271726371492,-0.20682472802308,0.01884992020054166,0.10443609930607489,-0.14162375319125628,-0.26500474673639807,-0.20392558670921365,-0.441800439294079,-0.5240692738489622,0.47449001926946216
2023-03-08,0.048321945682721024,-0.2846266316959724,0.47360845704660637,-0.005198062735065401,-0.8857568167837977,0.08182273671599974,0.1304255351304432,-0.21111919885363864,0.25862168332561863,-0.013428597805593717,-0.4053642807826796,0.15860338900213244,-0.619692914998867,-0.041007977952306485,0.898607144332418
2023-03-09,-0.061938539451228514,-0.2798193218091557,0.30925604273412355,-0.0674980233818685,-0.517769444774329,0.20462871235606128,-0.2058325290902273,-0.33712975771500375,1.7958727949936155,-0.275122790027257,0.43781768289082856,-0.14826765848169188,-0.8194603514017184,-0.5049636947224634,-0.0013776349925905818
2023-03-10,-0.10466357339745436,-0.5192633796862652,0.30773377405702884,-0.03299674701419708,-0.8450819962345744,0.10336152396325049,-0.12981394700764093,0.18398973091145693,2.2227886055461,-0.11062769320011245,-0.05585339117663002,0.1517447629980705,-2.092379050498221,0.11627478700422766,0.22749177457883207
2023-03-13,0.39925287943498644,-0.8920118181046404,-0.3236883076049124,0.42635163527964115,0.34538627420473406,-0.6339650340158784,-0.07874904596554455,-0.0973583673966239,-0.5393345391807944,-0.3247867697107157,0.8814303047919705,-0.1218965521614387,0.5177899070434553,-0.31622552464558357,0.6358734013071707
2023-03-14,-0.21972369019344362,-0.24913820055283664,0.49243142424129194,-0.4389000243765757,0.4602508468310669,0.7795421760544632,-0.16463573608930604,-0.2592062657816031,0.9886996950924436,0.3538230179518058,-0.16036857996504694,-0.302912587717197,-0.7901108397628613,-0.17408088166519498,-0.23900019292667807
2023-03-15,0.10185180665994376,-0.40018313841445274,0.4807458829830789,-0.11246262521058392,-0.23090797320397546,0.3005908987203466,0.2787817484240729,0.046403320480911,0.8327002362774325,-0.5548878619773787,0.31799567873212276,-0.08837660829223556,-0.9456098717271508,-0.04164717747678326,-0.18969783955401298
2023-03-16,-0.7866316230268425,0.978655489226373,0.3563885119700638,-0.08018136184419022,-0.7246314357181396,0.3609625459449337,0.1440877082670875,0.023971049364773123,0.9823869906264142,-0.5685868782649315,0.3638111472332439,-0.4469238050718125,0.18664929026096666,0.117780940088831,-0.9391988726332959
2023-03-17,-0.17678121079517906,0.6945146777869823,0.18366389456159732,-0.26965502461555196,-0.7878858136586788,0.39516721598098625,0.7503323891648641,-0.15102291027911857,-0.4565889610023758,-1.199463004540226,0.7115108580735688,-0.06682048201164073,0.4435853232955953,0.04943373868259459,-0.40073429463998445
2023-03-20,0.20281990706645492,0.9512685745400917,-0.1550286816645811,-0.29456066797047153,-0.04833593787039911,-0.006131561250179329,0.04485936770614418,0.059213355222973885,-1.5193529628373335,0.5113914342936128,-1.0052862401249005,0.3577147774816446,0.4958089597356645,0.028510644630224125,0.4859970420860438
2023-03-21,0.17155033358167182,0.8842116712392756,-0.7078275434651913,0.3747353097585606,0.3415197491294978,-0.7280534753839822,0.696805871718948,0.5956314138397192,-1.2414540737726685,-0.5031907032718477,-0.4178185117144929,-0.07306169261883319,0.5037809266286908,0.6921345518586195,-0.4833738865735193
2023-03-22,0.3476770230249965,-1.0426268180101008,0.48919654738754076,-0.009098420972944443,-0.5831366266049545,-0.624851582709322,0.16427994471070406,-0.30341465863512407,0.1051622797404842,0.2913112784968279,0.13596050368961776,0.112656052290102,1.0692266382389202,-0.3694229661807625,0.11598558350231503
2023-03-23,-0.20125272521979926,0.15518120258352097,-0.1304075259174442,-0.6350041993166624,-0.6416499472812027,0.16254114388742197,0.22145565249355592,-0.33975757447533017,0.7276790855734672,-0.04930049501705236,0.2573755792604766,-0.22551027278025992,-0.549560163503034,0.07620253050464398,0.8287825859249315
2023-03-24,-0.11937677096599064,0.7635816807879131,-0.49206595426245003,-0.4462237569774136,0.5737493385599832,0.26397074174574986,-0.2865653904279223,0.46928828229078623,0.2706066239590902,-0.17382335570591456,0.6288026439586943,-0.21021180474899182,-0.43872878349224576,0.21341006832113246,-0.7461587330984754
2023-03-27,-1.0243863052661073,0.43689441498876375,0.23405636746764025,0.6840379685978888,0.5499031148264072,-0.8838104911498331,-0.371261089395563,1.5022559198496392,-0.23849992849725837,0.2230253063355343,0.2884730696723323,0.273353782139993,0.9066701460894743,-0.46045780703900646,-1.35915153371049
2023-03-28,-0.1025624949024127,0.39628818710412755,-0.375341044733153,0.0032972269146026023,0.29081678705955344,-0.19244172875379192,-0.23471871910268083,0.1418045904067437,0.4048605147504657,-0.14859075374856412,0.16303049453983676,0.06214244634384308,-0.1925216386484691,-0.5648479891927676,0.359047979007741
2023-03-29,0.09407305603335703,-0.35905235252350387,-0.5863375589143662,0.39547181667101317,-0.08577289020423806,0.14875394993642166,-0.7034981803472041,-0.5307535134067158,2.131602865287232,-0.16227390647129863,0.1528861144785839,-0.5326439865685314,-0.5215160551315928,0.2744607089887201,0.06714761282438642
2023-03-30,0.14365973924593206,-0.12916299359308664,-0.06440537788914336,0.34171018658577373,-0.5966862545752998,0.13301384720419474,-0.5819346890663472,-0.294217353250237,0.33173530919379834,-0.10997725588914352,0.2126792443793944,-0.2878465969861268,-0.47988603008482866,0.34759315481117026,0.6867782878589244
2023-03-31,-0.12186006211799916,-0.19656305132043966,-0.17814304614440296,-0.21957671644412752,0.19591491734972985,-0.1585020000078381,0.4972915082333451,-0.14665950130458594,0.06477040276003487,-0.23429964633277595,0.3725109464108178,0.10326528139952679,0.8620457171544511,-0.4254635870522271,-0.3086199190644826
2023-04-03,0.3320912358734125,-0.3068270492648142,0.08213375100561637,-0.29410170026051974,-0.49053050635211254,-0.4053082278217835,0.3751739457074408,0.13496654763572224,0.46247370224318485,-0.014544691320805256,0.11049063150890154,0.610346631211639,0.6250879162696876,-0.5940226491315465,-0.516245805572288
2023-04-04,-0.2772398500489386,0.7794916952329172,0.06311973207595578,0.41156703070899137,0.27296221212249067,-0.1405841323063614,-0.09509394786285416,0.06865609713799684,0.5344083301897276,-0.3231267002726218,-0.12689417553220847,-0.28248287273936634,0.4594505489944586,-0.3269967529509943,-0.9237842781628216
2023-04-05,-0.5947538632049953,0.28266380405048547,-0.4647711290028329,-0.43169018270988513,-0.05514893216167582,-0.01982800361034097,0.6881068994747864,-0.05769711127722066,0.10626071143075377,0.2252849006983867,0.16147392784020387,-0.24322529948815863,0.4710980126052274,0.7938165245365223,-0.7651771272980555
2023-04-06,-0.03966791850303039,-0.4873009566276143,-0.3574858147035706,-0.1847035366625518,-0.9278575110807199,-0.8445187885165377,0.909910316194747,-0.43756075194408073,-0.18632261890305415,-0.25888571610417915,0.8203508231769651,-0.14478805907140802,1.201069616993928,0.041210510986070564,0.3398870516585623
2023-04-10,-0.8736091666800401,-0.3324915707470016,0.7325203153287884,0.4355420039056217,-0.45498763633051337,0.5768825504235693,-0.2922668169339193,0.8895601036534686,-0.21780435803216544,0.2173573088259454,-0.28739931397257207,0.17219072933806162,-1.3263776028092833,0.40311928122526025,0.7397094747399495
2023-04-11,-0.07844192270407246,0.0025191639970632007,-0.10819347133217838,-0.22369360903369395,-0.35589695820852946,-0.6579581668553826,0.3422093368698096,-0.1314466446585303,0.2705979190520795,0.47742265386593347,-0.6668526739581662,-0.26204824129656795,0.35242671599113373,0.15100745572176955,0.7712782624167102
2023-04-12,0.09804015177284353,0.3893413968871328,-0.16549921178234372,-0.5599129082264755,0.5596232146289993,-0.21609446570805224,0.03262254447408702,-0.3993460417469227,0.1210358211715371,0.018397281250863984,0.45460472065801116,-0.4163217221500861,0.7518435108370599,-0.6003567943210839,-0.18313983427033864
2023-04-13,0.9883886397383608,0.13526890658479163,-0.49208248034934443,0.8460904456056395,0.1696325739212236,-0.0760781501913872,-0.2927691260481282,-0.940304285808478,-0.6346394860157591,-0.7848697819922933,0.06892300218543368,-0.44827081225838694,0.8110176865131338,0.15113422420499267,-0.07903781209689409
2023-04-14,-0.24309559316754323,0.1860120099327627,-0.032511218036586714,0.19205954769022374,0.10957972944408413,-0.40447148920719844,0.5920323833529898,0.27553792145423806,-0.21371651863512237,0.02835665952835771,-0.6799062218610427,0.3086691045274855,0.1280573770305826,-0.1983954705582502,0.11539828541546612
2023-04-17,0.05310157975039567,-0.04313747538602353,-0.724307161118505,0.37947722890977564,0.46413760886736477,-0.2482889850128773,-0.8617685105028571,0.0018965346402212285,0.39151271547967315,-0.18852143927388587,0.5920702619358961,0.05604307706835884,-0.1566018945379323,-0.3276279706000461,0.5353681899512246
2023-04-18,0.41411485240731727,0.012123925625642976,-0.1229305771398343,0.09941435889128669,0.19210932502092992,-0.06983622711531279,-0.34410873223047556,-0.20033637531046108,-0.4213437445533479,0.04722499943710462,0.0007779624425826304,0.4827957694093809,0.3170442267365412,-0.5383510002665358,0.08115813400629193
2023-04-19,1.122836226594211,0.5712175059820057,-0.3573202016795425,1.0111462040427166,-0.006827016650152062,-2.274407639075056,0.009429440730398697,0.8457711456812028,-0.47832002675726143,-0.2860745857194771,-0.10147277184000544,-0.11396768625057611,0.5698716494973972,0.20007363042745785,-0.7741599173565468
2023-04-20,0.03947435461675841,0.4458417148604809,0.13285524628725656,0.11603249855892173,-0.27636057971687455,-1.5664960508934405,0.8423396714739062,0.8795282555428526,-0.0012234177784435363,-0.17588082262753274,-0.282456734017559,-0.9736062231377323,-0.26973037294139046,0.5455598703627698,0.33451852658825654
2023-04-21,-0.9089621844489733,-0.2052357972513113,-0.4103643850862804,1.266856717626976,0.3503412597658397,0.6153982715558171,-0.0224107810779801,-0.2965541326900146,-0.6416590223840664,-0.34403523604032693,-0.13647612285208532,0.14685895563663148,0.3435801599853078,-0.00642514318335935,0.3577855509467215
2023-04-24,0.04611468289068768,0.3105477964168665,0.19107826471701733,-0.03726037562133899,-0.7299923667462188,0.3976849908569665,0.4494433917059045,-0.3906682481409604,-0.6230707675922235,-0.020889382296547077,-0.5234662286046348,0.26965257130486187,0.1701844938545075,0.35961838873994106,-0.14865219365335186
2023-04-25,0.18587024583694822,0.4743032021005371,0.1574342024513018,-0.3369235871203671,0.054772449523133426,-0.011061579807941091,0.27121789549527664,0.606769668674373,0.0663406289255708,-0.018203618747396733,0.021703395106566603,0.46794825564940234,-0.3797602298086983,0.08471142281099286,-1.3265370509777905
2023-04-26,-0.15955940760486081,-1.180229113474022,0.12986108763654203,0.41618611977645925,-0.3341829531845105,-0.331379208712683,-0.570803543190333,1.2531195582674792,0.10125471410015997,-0.5154659206589566,3.342024102768186,0.22259839618108807,0.3166502230217977,0.05339047223012418,-2.1660892263606675
2023-04-27,0.00962010316799522,-0.14147217619524244,-0.008563854531753456,0.033601831188155185,0.4074562206231731,-1.2946724381329922,-0.5993692932210561,0.5247736481434513,-0.013814585170740079,1.3036133500670712,-0.06272102937297652,0.0267727223650598,0.8489365945440258,-0.20449029013296474,-0.49080578621632404
2023-04-28,0.20709076084611208,0.29015768275214704,-0.09080434642606416,-1.8520618860032867,-0.10260428898003038,1.0048289111519257,-0.16719740214389733,-0.6495278217990709,1.283983217279639,0.24622910727077457,-0.029695659588677564,-0.3975151274685549,-1.0092871188416106,0.7206558115861359,0.2542648294403953
2023-05-01,0.19104624635068884,-0.1837577603374736,0.10665321809663407,-0.999850986458225,-0.15833755458239884,0.44222740221210566,0.3587560386862855,-0.07897163005866152,-0.8569262355277387,0.6784690530265313,-0.12725000998762864,1.1810030708807957,0.028661752783985875,-0.3374283984512723,0.014758332893697101
2023-05-02,0.17407639213498582,-0.10624216930527186,0.19815851052633623,1.1006865279603257,-0.6542767372448156,-0.6583866833182662,-0.2513631693391335,0.10927875830842515,-0.2798239225222139,-0.15344717714211514,0.17691966799743924,-0.7286347593271474,0.567906578975546,0.7674710560675151,-0.47281189124528844
2023-05-03,-0.1290088307304722,-2.1063353445335045,-1.9545929431043003,0.4556850869883189,0.5144315851478218,-0.3483213537698612,0.3350520048340976,-0.9206487437404844,2.0327504618218386,-0.38818479613279305,0.32379587982346475,0.641751790598676,0.8072034402179303,-0.1368081345188008,0.8402177713448408
2023-05-04,-0.30032319025359255,-0.7824110391973572,2.261573935290776,0.3427926328387677,0.13191120662331743,0.4368642577968009,-0.058693301185130164,0.2860259070685357,1.2737143401263031,-0.45222170723562893,0.07420005219345024,-0.3272679000928951,0.8202310703096927,-2.798311619674413,0.18762202472307282
2023-05-05,1.9988878208805094,0.38870197560157105,0.45002098025747106,-0.021665016628636402,0.05093849711203258,-0.6460961137933878,-0.6523803206629644,-0.35755583161758975,-1.620257603325913,-1.1839246863612138,-0.04082533733481908,0.11762998030151639,0.21715154560776395,-0.1387809803736848,0.6691640769515657
2023-05-08,-0.0016076682211002835,-0.6041890820013547,1.6644340999643785,0.0681766940953742,-0.17716922589957376,0.4522262980700558,0.9350918053726877,0.39639047549050677,-0.5384481791670996,-0.07175070673631402,-0.7341957759795492,-0.002089502591062331,0.10597332857867753,-0.3591256813834819,-0.6720911362927654
2023-05-09,-0.5650593566398909,0.30050689279525455,0.4658357393414796,0.4838595112900116,1.0514787375515398,0.6499988603300036,0.025846806028922337,-0.026525299016443515,-0.5635443451201267,0.03476856241395329,-0.2106302108917024,-0.353536443941906,-0.35486177041850275,-0.6855985337097213,0.13026293285838209
2023-05-10,-0.39048357786854115,-0.45652181041577744,0.5339098827602908,0.645891248286359,0.32319714003271355,-0.005515579051354025,0.9773191075714932,0.3504771230405913,-0.6673453953670383,-1.1805578883821832,0.02281669903068062,0.051227138021657126,0.3011626964836355,0.1332887007636449,-0.2893554675008918
2023-05-11,-0.1581984455543896,0.003217098445105371,0.5162376140031049,0.015223622915974455,-0.17924149489764502,0.2947644892768654,1.7221018160884776,-0.4302556245825624,-1.0939954627218875,-0.3862803008507969,-0.9485963244311636,0.42577001234350154,-0.1207890093516093,-0.1904087125930104,0.30476183805332635
2023-05-12,-0.5787900375453333,-0.6483751071001302,0.009888149417948133,-0.31163759953051284,-0.37513718445689925,-0.2152140373309812,0.7312958363658327,0.9786523773484458,0.49846024266857164,0.01735229474261224,0.5013903355630939,-0.15893913037103014,-0.2992689919280107,-0.01034205740746768,0.27740864274802124
2023-05-15,-0.6352364654360052,0.816876893019393,-0.34705104387061003,0.5197390882112117,-0.3904192280678003,-0.05249562992147205,-0.6395306364237201,0.39311529916082044,0.3514937784995692,0.7820170439971111,-0.2781858491355369,-0.6565440710059146,-0.8056754910404524,0.5160948062520156,0.41740704572793796
2023-05-16,-0.44035175013694716,-0.11923202795256677,1.426278576326336,0.19518089130840544,0.09694896281063371,0.11117974867054908,0.7318842982768112,0.4117629367209672,-0.7943917440846864,-0.786458764003091,-0.23122048568050058,0.45094388017141546,0.622610230166139,-0.8873198643560475,-0.3726363228093065
2023-05-17,-1.0357031501567415,0.5837806795086565,0.49396209596453156,0.40685096649698876,0.26821641147966524,-0.1320441003570909,-0.1622559050181529,0.7427184862600562,-1.007158626042479,-0.03621915573601481,0.1437225549920902,0.373390778746408,-0.09629396674209922,-0.20082962903324209,-0.09750219802017146
2023-05-18,-0.23024851806281343,-0.8350601759086087,0.27103368673561035,0.39255823565539183,-0.33902938914908287,-0.2510570020581091,0.07732907548955714,-0.4156210717090328,0.11535487567628389,-0.3224238011658747,-0.1868148635180502,0.36691887870819206,1.0919939912935637,-0.08789679302933107,0.5662355527318419
2023-05-19,-0.1745405265825929,1.266129090312848,-0.3649445596309976,-0.36729867318439346,-0.8448674579024449,1.0361983622927395,0.2165800795919206,-0.11460448771814635,0.586461546434242,0.02851666593022717,0.48252756920461015,-0.7160925085461314,-0.4359646034258111,-0.6498814839597814,-0.14557275223756697
2023-05-22,-0.35183542204041457,0.19413728262952595,0.27678188890063465,-0.6516003636742445,-0.24365089072665408,-0.24906924442660733,0.894812649875663,0.8059852502898586,0.11165828894856472,0.22974809919157166,0.1693383076577511,-0.44609086341522264,-0.5744730123882992,-0.1865773087571287,0.33972727676442105
2023-05-23,-0.251086497639853,0.7124698587753057,0.47694557587066766,0.9195143469440064,-0.3783217844145157,0.7819356266514482,-0.28559788828658794,1.028726468663935,-0.8943167745408274,0.5141111277013773,-0.35018080349458847,-0.2364884982145462,-2.0591131330869485,-0.18060728084748479,0.09124583193452684
2023-05-24,0.4199778610666659,-0.00462882243172702,-0.05773493629136493,0.49271900023365495,0.7668515673768724,0.13147254957675913,-1.0548971456972815,-0.9655026846525931,-0.6169687896247944,0.23160830322845632,-0.5887103037991385,0.07870550050582575,0.37218175806179,0.5666247277316169,-0.342799196733781
2023-05-25,-1.9044218262593127,1.0133033137307104,2.12092664150146,-2.433691021623793,-1.8995622067754792,-1.137474581719576,-0.6894819617199239,-0.5777072622144829,-4.307019074885737,-1.4720105807753057,0.3474362523651331,8.879548762974855,2.8250725133647254,-1.665168547881791,-1.2930407969232094
2023-05-26,-0.35520381781161736,0.8364316813600192,-0.0919219243284477,1.528550379144732,-0.6301523750842819,-0.6519073260563903,-0.3732146043464506,0.8139130447285952,0.13897713194941863,0.16574351884356853,-0.18265901486856717,-1.3743925563211508,-0.9808502634432748,1.186216893838647,0.2558568657872735
2023-05-30,0.3424765073052501,-0.6480140821297472,-1.124345147161329,0.7700401566058712,0.055601913778676626,-0.5789266313440193,-0.49656636664268683,-0.2865403018857645,0.5542672309430418,-0.20329819047698489,-0.5234484659396922,0.4398303804845093,0.36910012873704173,2.1119593607299585,-1.0163535217080595
2023-05-31,0.3071588186186314,0.5699962873652016,-1.588857754936161,-0.161160317606653,1.3563857502740335,-0.3979226823821224,-0.17376367637754192,-0.5699327106171906,2.6428680626638505,0.6238026007210723,-0.13080437670218203,-2.1705785257475987,0.7043633849397231,-0.06989448102549944,-0.433600799774741
2023-06-01,0.3467784331238699,0.29530302081604165,-0.10101358923284193,0.3077691581343032,-2.937129578200453,-0.5149993959347169,-0.3673393234297739,0.4291523522476447,-0.8253717032961541,0.45990980548162275,0.1463776450288971,1.6613131042828817,-0.7917480512910924,0.8372818110029554,0.2671310787836001
2023-06-02,0.06549846567386199,0.6054599703916073,-0.46981699407915134,0.5353445412389285,-0.23557804363702728,-0.11929447088551137,0.4614220816901231,1.4324587588949143,-0.28519099342073223,-0.2157179689076971,0.488001226547923,-0.4765313846176661,-0.32913616595760936,-0.4642313085977746,-0.6915773837440995
2023-06-05,-0.17007881968935956,0.09387866572192016,-0.3381734230909127,0.7977657641037825,-0.2620007294764538,1.1445191410055258,0.4094001508167247,0.668148973465935,-0.6102658187902179,0.25204317496616496,0.03000385740619571,-0.7452733024870924,0.31984850945162635,-0.2989534627004139,-1.0647833036616974
2023-06-06,-0.659615638327987,-0.3406672454382888,1.6057921440906449,-0.051028927365265986,0.37912516519420325,-0.8874659576950147,0.25752489038544907,-0.03667102943410052,0.6657223878545014,-0.6544889012370312,-0.7696332750438791,-0.2398821231777833,0.12289926060474136,1.3151190748969919,-0.24240318781923145
2023-06-07,0.6317486654620593,-0.6423109506034834,-0.008104749954507717,-0.2906099090677934,-1.0415690887284517,-0.4726878224830059,0.01528776623607131,0.3364009946192479,0.12084770351072052,0.3977052078156591,0.305501417068363,0.3424726660267836,-0.436839063724872,-0.09666873608614729,0.8583495611753952
2023-06-08,0.39055130849434905,1.2968879729752447,0.03941956861344942,0.5453092801506488,0.48035157579172505,-0.7352605138054017,-0.948891120058527,-0.4234481014671713,0.36133483666292376,-0.633496499882699,-0.5015066466360055,-0.17118792624854817,0.6911011957151975,-0.08529628381865872,-0.5556720660558974
2023-06-09,-0.32619370883665777,0.693885718104072,0.2783474753348779,-0.5112397878912589,1.5759283191937898,-0.5303652987123603,-0.40992044212778567,0.07131136637511731,-0.4240213422550773,-0.22802381402185892,-0.19829926994545455,-0.8274470388039167,0.6851659375101018,0.8629100628084887,-1.016163180825947
2023-06-12,-0.1832586113398429,0.153804855169972,-0.16723170600074766,0.4160537025176857,-1.5819236640263306,-0.16652993849515596,-0.23563313153168897,-0.5582166663810445,1.4159041829096424,-0.06394875281749024,-0.15753930046851639,-1.0290541858688669,2.910725403905624,-0.17387772801974366,-0.13238160597935544
2023-06-13,-0.4908905871444497,-0.062174332830084666,-1.0509247075412425,0.2910754134166425,-1.575463222378395,-0.26426813349274836,0.42312290048419815,-0.1575341546669914,0.5104367116620409,0.06344996306295561,0.7000286644861021,0.8154796804128729,-0.1837641861804668,0.422413519979089,0.6836248458328528
2023-06-14,-0.23403122514530378,-0.6994788535277627,-0.05015641989727959,-0.3902230170885135,-0.12298287487135409,-0.1249530519285608,-0.6280175380585553,-0.7435733056339495,2.1083861156113337,-0.03590241337479065,-0.03455864013921017,0.28438877762298054,2.6116782619980836,-0.6576386709858985,-0.3879355948939517
2023-06-15,-0.02478511658485938,-0.007975398019643642,-1.4669867373599015,-0.41651206847134703,0.0459879759464471,0.8133231724917479,-0.029710067959394848,0.1722367516652452,-0.2786856068989436,0.5566755798024808,1.116298712737818,-1.0299417749629594,1.7008494340272353,-0.6880698307423332,-0.4050093124208093
2023-06-16,-0.10189373048577433,0.8150639329033731,-0.3851050352344362,-0.23720581496150972,0.24866535057722033,0.35379991634262264,-0.13176660035805754,-0.9181899225123865,0.27467521559536645,0.22697424710966785,-0.4422923940884702,0.5629935662189818,-0.25510257787585744,-0.13473918096229853,-0.27232197253759605
2023-06-20,0.366476735592696,-0.07186576184887039,-0.146186962720737,-0.09974187770863595,1.7630751064794776,0.2981790789160923,-0.5192427847790404,-0.22736527329957812,-0.9276275118213866,0.48798006328459853,-0.8155940217157248,1.0501288579593844,-1.526226870917696,-0.12552337893130128,0.20422406525577874
2023-06-21,0.8522656178079743,0.6046607813584223,-1.3322217889150458,0.4549202408043562,-1.1376278892312726,0.40274717939815186,-0.7858668239191442,-0.7773611981492679,-0.9755512452562864,0.5621480706776708,-0.019595978633649036,-0.0548729462159282,0.5512344422702561,0.007114982332252939,0.2539935334469017
2023-06-22,0.3649999813544814,-0.06670716091391538,-0.5200477278198837,0.5529663434329932,0.13451463275365083,0.9052056958607347,0.06929719689462499,-1.2145909457460264,-0.9874410725070086,-0.9059844009339867,0.030100544662076678,0.4064668996566779,-1.0520790226063617,0.3086515075610581,1.0047117351652508
2023-06-23,0.34673692490419805,1.604196843217716,0.29475574367772234,-0.35193776338935734,-0.6788749763819624,-0.1658507955852242,-0.40023914703859986,-0.5330595357420813,0.6899176638490148,0.7403538505032283,-0.599513808274127,0.19188741409232524,-0.5885480647015483,-0.23144292050945325,-0.8284680364271053
2023-06-26,0.1523547252887496,-0.16469801847631826,0.3908112132916577,0.6035710147193802,0.053933018369009544,-0.7901991943180482,-0.31920310037463984,0.6618486486658239,-0.6361362732750975,-0.5901586888888506,0.24956304624061998,-0.3347507586038536,-0.3803067410390758,0.9626757173990148,-0.04284562851020135
2023-06-27,0.05336194893462154,-0.4237898775436514,0.22196806195368213,-0.016495186827581776,-0.3843527161842924,-0.2671086326747878,-0.43807584535184074,-0.3981246165759944,-0.5716234629777376,0.4651994388870949,0.2739458374077328,0.08858654913230812,-0.4605378158981207,-0.12038234190724406,1.4649318590193767
2023-06-28,0.42903589768427186,-0.33301152787426314,0.1290480769585555,-0.5328942197765311,0.8506385667514986,0.6255547368101572,0.6096957522622285,0.1817427771559379,-0.37675366477483635,-0.6400891725395849,0.07665600551979608,-0.24135069141815763,-0.575059952646523,-0.3287088188757864,0.13967394856510418
2023-06-29,0.35303520188328874,-0.3612363740492449,0.12838510351993304,0.3155700215140965,-0.021926081750815007,-0.07616251729544299,-0.018375640939965465,0.9888083212256984,-0.8564129037418579,-0.17685215047339609,0.15142651499903254,-0.8842896872480872,0.16150905555510564,-0.1275641955236162,0.27785431220088747
2023-06-30,0.930719796378465,-0.43460831211384254,0.12845844002961126,0.007829996924129445,-0.5042973548548179,0.2745558761282695,-0.4713748070444166,-0.6412129082098703,-0.05575228975878799,-0.10830485072858431,0.06237917692607908,0.32561800090955206,-0.17801880755486804,-0.2653537514812044,0.528728492748564
2023-07-03,-0.5870693457233472,-0.23877870073355362,0.7667122669463755,0.06974403040428051,0.27313014539639496,0.21894225662867944,0.3676680955832192,-0.20720214038606924,0.08264746933623067,-0.05402976330101744,-0.21529107006843318,0.22702212822202197,-0.8703336489816832,0.4861260508886723,-0.025129201932389503
2023-07-05,-0.5524723087336453,0.3885036425286267,-0.5514893737333604,-0.23559698055853012,0.602178002194775,0.7360608201361614,0.49456954104376205,1.1037310536854261,-0.6639875417553714,1.0644594382338735,-0.1927619016332998,-0.21104694677905098,-0.6941652185698208,-0.475100966574759,-0.43148484012539456
2023-07-06,0.6745010115793354,-0.003468806968550342,0.1362706534303828,-0.5258959905952967,-0.6485632184232828,0.08472444457995854,-0.7157570747534953,-1.0485058923763741,0.12291405589785509,-0.06355564422133564,0.8348528511552273,-0.044734887060294715,-0.049872714740637925,0.11879253860837036,0.3100045311887236
2023-07-07,-0.3854671566552927,0.4593508378869214,0.09960540497704365,0.7079791870752257,0.04536483242095987,-0.07020845350455271,-0.08836684664463623,-0.11725463751527952,-0.10346858766787669,-0.0960471379583232,-0.5040549231358469,0.28817384625632847,-0.39908626418258875,0.45484724532829146,-0.25155854803959654
2023-07-10,-0.9880438579468473,0.595913455788679,0.46108454427937273,-0.5388732540575704,1.1496986593110532,-0.1931866638664561,-0.564403794415959,-0.6398951431151653,-0.112283626463487,0.8005243399941043,-0.4467127936939159,0.015981597701163308,-0.13151230540291822,-0.6041230972212235,1.0143144859869362
2023-07-11,-0.9381719924312718,0.2450994585353377,-0.700764872776447,0.00814613944453424,1.8226453936895015,0.817324952429883,0.14461893679384208,0.9120353516075779,-0.1328868520975176,-0.038204234314123175,-0.23933986631297852,0.14641234318374519,0.20699352028620324,-0.6715579519175712,-0.8136940473041581
2023-07-12,-0.40358670602950886,-0.18903427055707378,0.5240270716787465,-0.7934871138516824,0.5981273021703911,-2.223250917542514,-0.25230811544747866,-0.8439698775538369,0.4371227295972359,0.3010306176225228,-0.1795691100882716,0.8086093805615557,0.1721548533722603,0.6724637482358939,1.190465067716161
2023-07-13,-0.8931108196742253,-0.3388239385481907,-0.6948785133992554,0.2883935599777635,-0.017170022512365435,0.678053671843651,1.8205557294741783,0.42545495399038186,-0.37253476780659645,-0.5459036410729307,-0.239036193293101,0.12188011875681137,-0.40715908505245,1.1880894514747755,-0.42823525097158394
2023-07-14,0.1541887097303562,0.06695718009241453,-0.05196088500589109,-0.04882301918085164,-0.13477358139412116,-1.3166913226397572,0.11531018844563365,0.1876142639426298,0.023185300748317594,-0.6839044562470581,0.3385878067186499,-0.5119603077838597,0.8969488691219073,0.641218254979826,0.11773919253756648
2023-07-17,1.10765750464291,-0.09900563607306434,0.45577349036489984,-0.4421999771100101,-0.5531570575097716,-0.013496036778151144,-0.1173777351995069,-0.2025571295215164,0.6057791031804419,0.009300464845677663,0.003968662271189957,0.2844038854937915,-0.5738322954835695,-0.48798355722955,-0.05259914793231624
2023-07-18,-0.47237792000978335,0.12321324366911085,-0.7114537027310438,-0.2776002301114202,-0.07019623130827615,0.22151687314713775,-0.6545707330226862,0.29110072709705787,0.29014340290098595,0.046342485626135715,2.0432837862035433,-0.34173323006758544,0.2052596886954997,-0.4854452557568798,-0.2248572940291426
2023-07-19,0.2976227483147853,-0.5436802634494161,-0.02110802588623717,0.5888463798285344,1.2367632552119425,1.8881398698982417,-0.6711638573955698,-0.18083895066547864,-1.1341120285153983,0.069652299510751,-0.6237758035415061,0.3325559715600285,-0.7409571812559761,0.07953589642036718,-0.5367755633333726
2023-07-20,0.6871166717467772,-0.07906378481056908,-0.5974148736216705,0.03323138322645702,0.2063148249097646,0.03669479079402657,0.46632263212157565,1.8882523227420782,-0.4732310749503229,-0.004856398649073945,0.3575825636741128,-0.35408375755815447,-0.5777548989809493,-0.6041545145607266,-0.541670412239226
2023-07-21,-0.7391740756441505,-0.23259523722562694,0.31431070715815485,0.3036730149125278,-0.006491488648646265,-0.2801530887798579,0.967699247194802,-0.47532400127299324,-0.11080677267053296,-1.1619352872445572,-0.2420149767091433,-0.6856832338048464,0.8130933810864666,0.8420352771034321,0.6908589312542294
2023-07-24,0.41325842779701727,-0.01626265228455473,-0.37283684193339445,-0.21786866299907082,-0.3259936783535889,0.5983746050661265,0.7819970465485329,0.12143665756917754,-0.07705416065745047,-0.2530001098151787,0.18844257270117412,-0.4020979178936564,-0.16750251775214658,-0.15200988002130497,-0.0901933503169499
2023-07-25,-0.1119625808728685,-0.5757730118540383,0.2524690992882868,-0.14170262398089248,-0.21000595013476514,0.2540522372143126,0.08100867547474229,0.014802658889521425,0.1760772703311365,0.03024032473620969,0.7158851712138974,0.08796514700231323,-0.5767671654887403,-0.12728302272535924,0.1890964979896172
2023-07-26,0.7012200286573407,0.01642004708458833,-0.2789228767698636,-0.7741344037493428,-0.1898769053219292,0.4295384671800583,3.1181737955607414,1.6943563494936025,0.8286864247108937,0.3718690190481518,-2.2423968649630828,0.4937377822206094,-0.6274769974468702,0.7551685193376657,-2.2562820658027576
2023-07-27,-0.7940828857162039,-0.3043116322353779,0.3512976144503859,0.006147826362911335,-0.25322589228581205,-0.8120191649912984,0.2316803311725813,0.9425314957111847,-0.2602164434478586,1.7504807763863255,-1.3778690848380197,0.28196745165117126,0.4059704075711986,0.35279682968987824,0.23946502279224438
2023-07-28,-0.16975338128939899,0.5951401124570228,0.04277607160889435,-0.1323432417521666,-1.4372665440860644,-1.9986859794647007,0.37128803811315303,0.5324706749734377,1.2309082574787518,0.22252423417792433,0.6348452916176575,0.43412529561903423,-0.624028459991255,0.4730942380533326,-0.13973576223029427
2023-07-31,0.15057468066338686,0.9192137473419966,0.08282203643520558,0.8030396896583433,0.0006566555869476076,-0.6247957809246362,0.07214730033155149,-0.1089947945302619,-0.9949401611879924,-0.8316657965646717,-0.7226874514029421,-0.6068926399738462,0.15042595918585266,0.786961821880027,0.30183134563084313
2023-08-01,-0.4265299567122187,0.02283089089434498,0.8224364640410268,-0.7552120551436942,-0.0327075380116581,0.9733521035497177,-0.558544564602562,-0.9939178795633677,0.2566741523213347,0.768857319823472,0.1039912441641774,-0.3884768992616506,0.13282268939847922,0.12112800677832275,-0.4392252082934214
2023-08-02,0.1182667506427102,-0.22104021559722353,-0.7682553546988087,0.27400781178300915,0.4261286766857193,0.4010144226995097,-0.09526992854818439,0.34758518616624956,-0.570793890989324,0.13417724092351935,0.13918733361453017,0.017521588292936263,0.21882134047891233,0.43665508727296665,-0.6498970609534818
2023-08-03,-0.2879689432309551,-0.35378825377486567,1.1946539810875139,0.880770452110279,-0.7422597248880091,1.310523044344318,-0.06139627849161661,0.2145784467786689,1.507224291680954,0.2538411971095451,0.10163728287357354,-0.09889301924977488,-0.6002314881758333,-2.850422774492131,0.5960400404166328
2023-08-04,-4.930615056095309,0.4965604685107131,0.8364831871424789,4.1142480800250105,-0.8393994493843859,-0.40507845558956934,-0.7118819371244812,0.45759395812417436,0.1713515151667824,-1.0907646465092684,0.42414699627058194,0.4577230945620102,0.3338163747630965,1.2505825976288891,-0.7038794130239496
2023-08-07,-2.0618251942964347,-0.27311584456963967,-0.19693102309854082,0.7904442002664467,0.24361220925122096,0.480597243869723,1.0282373874566981,1.1960184387112593,0.2553630235966471,0.7022202827948932,0.06956515605656283,-0.17506180624221865,0.3220598576827471,-0.8487896048081286,0.13108658784267757
2023-08-08,1.0999567468336025,-0.31032653793131115,-0.3147426203363153,-0.280297814842857,-0.5825660288928682,0.24350378283710988,0.33115254865941396,-0.4165972104912052,0.31345187716596956,-0.113859756812699,-0.016238940335725705,0.009785666881315325,0.06922957507887706,0.07776182318406077,-0.03012740632093125
2023-08-09,-0.00898450063141143,0.20922367444554224,0.23194560755189852,-0.07580647082390135,-0.851038191845147,0.1751272178550714,-0.11945458110333274,-1.4693116945313385,-0.267881812106859,-0.522059660704361,0.3815826478796014,-0.39412725129272985,-0.20331422264402554,0.3827574209640663,1.0714590529388348
2023-08-10,-0.12787730109765988,-0.10079614683004068,-0.035382490660838345,0.07598216744110989,0.6055644747077136,0.4255625309668018,0.03320021721384053,0.133016141201724,0.10895132080475348,-0.1309495740197233,0.22630490539893577,-0.10060671904292084,-0.08252399990730616,-0.5852566099010996,-0.05016583137411798
2023-08-11,0.39244311200526016,-0.41876715500280415,-0.23895671182786327,0.08440174788444632,0.3411408984459911,0.8071799517642309,0.26909315539458445,-0.36590322655805924,0.14469610530292457,-0.5442291389203175,0.25053827661155353,-0.4298717258295677,0.4916860543362259,-0.21850391295821536,-0.16109604010539946
2023-08-14,0.10820130025713226,0.05322173763702809,0.16891612849421023,-0.30914254758351956,0.21007252363513196,-0.1910727485572339,-0.3511061621717687,-0.9465344949161598,0.5306936364549091,-0.45315451618038083,-0.5559945459481803,0.6170952321534193,0.20029779099012657,-0.7579266125556138,0.9895396319491738
2023-08-15,-0.48358698084034246,-0.008459814371023833,0.20649166521020226,-0.268754743003751,0.05284933515750878,-0.8730635894932288,-0.42699083263336096,-0.011194771146620264,0.24939536178244626,-0.111994879613314,-0.032223651649559204,-0.07198758305271881,0.9122180358054799,0.21217572442016475,0.14330961342249415
2023-08-16,0.24900602156038332,0.3430271136018852,-0.47144203356105874,-0.3237178856983046,0.29975945013859007,-0.2227866534531231,-0.13867100365030388,-0.5829844149494352,-0.314382499390895,-0.7178947181920884,0.6187193936630944,0.08951801084249739,-0.34115166742796266,0.5381628734698801,0.34861634452360823
2023-08-17,-0.9139400112534988,-0.32097995149380004,-0.36711924449482225,0.6667279042080958,0.21677653900902927,2.4323737774572036,1.411852924217083,-1.1330506849410562,-0.4822485406104299,-0.7650544889961344,-0.24100706349559392,-0.10689432720314249,-0.2767232504638173,0.4190876266257225,0.054057851296531415
2023-08-18,0.29514254883396995,-0.6449412094030978,0.45137247902827615,-0.0727762245464314,0.5674953747652548,-0.04795656148563843,-0.8226192484355976,-0.19000718943259104,0.033155234947005716,-0.19497512129256167,0.06835620649620791,-0.05567750018133644,0.6366246705827705,-0.12295440894318918,0.010690191894881629
2023-08-21,0.020228588249713852,-0.07361434505666342,-0.1489553858242032,-0.1835543601633064,0.6864573382649659,0.13559393576274326,-0.36905294765306684,0.3359852206569132,0.06501139886113552,0.2890978594052267,0.06571415815080939,0.9415638102032922,-0.96203528956388,-0.31021580259024345,-0.1344250863155338
2023-08-22,0.9498406284335632,0.07735137070329196,-0.4331058002384237,-0.10543034555373951,-0.4361605274329022,0.21968423888788818,0.3137114964166657,-0.4477659427636644,-0.00532458705298694,-0.3104808412540344,0.4026188503733958,-0.5929449973035159,0.14770496170972716,-0.07949095293621167,0.24723799990066953
2023-08-23,1.1564838798587869,-0.41439320610115227,0.14652070000391426,-0.5056984232092641,-0.14479206216797902,0.05692229533196835,0.9125496853701031,0.7444655023697516,0.1866229075473098,0.07550419189694668,-0.10285830648529415,-0.18943575164327475,-0.35041773827348677,-0.4481324155239188,-0.19101697672164908
2023-08-24,-1.0725963504051719,0.0248511479537612,-0.4951820595781511,-0.03726125942542269,0.31682300576275324,-0.5974645777971661,-0.13115874030474184,0.5146543345996957,-0.24236612424762205,0.24571972378114904,0.3381376173499595,1.304110863097144,-1.0775472322881134,0.48416144010790485,0.2430758619086506
2023-08-25,0.6772840738625232,0.22076064453237332,-0.2798821990814293,0.09111709707101834,0.72058345894362,-0.19355095904657715,0.07042520641026401,0.2860853067044452,-0.22377071572856055,-0.6950969767820361,0.211550522188432,-0.9674474072646646,1.0056518002958095,-0.2982408147973128,-0.28937300271982824
2023-08-28,0.472659972453677,-0.2472262992199264,-0.21648540542736916,-0.5060915873430842,0.28840496299765883,0.39024944242771503,0.29092995122180043,0.03885375574112651,-0.11884586328320529,0.35907242885031504,-0.19577997084008755,0.04285107134620686,-0.030644237603255242,0.026978318272225632,-0.15457105967762652
2023-08-29,0.769452043115296,-0.33786065818537914,0.14167320482517853,-0.402201804604425,-1.0422920674890823,-0.3356743889625741,0.3737654370479382,-0.16422352839314408,-0.10868599257555511,0.020102321683416857,-0.2977829439764479,0.29631111147470635,0.7176818269790879,0.3311974310944089,-0.04321532607297751
2023-08-30,1.2564624090163867,0.03547167868977527,0.1637974580854615,-0.19356300799712392,0.6033431307649326,-0.22669233148539442,0.010245238912424792,-0.06765312618275479,0.16003574322275654,-0.9421920388102217,-0.28979196640033056,-0.07066306411944123,-0.12683790466070352,0.25309718731770525,-0.5002197888037144
2023-08-31,-0.1886774697952444,0.8145984330533815,-0.6357677247728795,0.6413394314450513,1.4900247619555487,0.6769207318873265,-0.27723468394624057,-0.19314694880651154,0.3267486209205557,-0.3497504895276328,-0.5750747650361985,-0.4339019227510592,-0.7459457842658419,0.30896176095791444,-0.6237691071056475
2023-09-01,0.5191943964064087,-0.409142956276333,0.9479254961148882,-0.0884385507062931,-0.09974205462247403,0.1862044832595905,0.06538915253778144,-0.05084519879391358,0.8634144467022982,0.0332981605805352,0.005858382631651504,-0.8577520033761834,-0.3882259368548974,-0.4398749479331996,-0.27256250290632256
2023-09-05,0.11740136957980479,-0.27750811928037034,0.14820061244030236,-0.7367581214126884,-0.965187774957467,-0.7519408337568219,0.03276159239347478,0.14024125507787216,-0.29573698995480147,0.42262535264561996,0.9184471655269433,-0.2522343648738355,1.2261927454166899,0.11301309173053709,-0.26215713425596804
2023-09-06,-2.4471234087786278,0.14260379880668628,0.2929670610898191,-0.41576955286591544,1.1022072217761896,-0.31330269864958377,-0.3803873680751286,-0.3413665026242133,0.8202654559849785,0.3405762907861879,0.610344090283442,-0.6962494707396586,0.7280319830969989,-0.41488557041397695,0.0705226515105275
2023-09-07,-1.9714438257773264,0.5191500280639836,-0.21817475110651674,0.8827306114401018,0.3155082651734898,0.060228216185284955,0.0315154642246919,0.29791461481483583,2.0494922333620913,-0.08547123712662405,-0.03167969227611478,-0.5818240655032128,1.1919030217409108,-2.82334443143921,-0.01584487017285041
2023-09-08,0.16779178561881358,-0.2562169367655757,-0.18858360398591498,-0.025691260059944536,0.5725499447812223,-0.2709800084247626,0.3127587866639827,0.12344687711692447,-0.2775162127465689,-0.3589518715881261,0.799812919640777,-0.8190700187329085,0.41231126588278855,-0.06427576709028378,0.03461779509963492
2023-09-11,0.17579599487378356,-0.40392690628813077,-0.6989202057597663,1.0879678340025905,-0.7349090486891541,-0.4004070774426867,-0.6249735826120993,-0.06194026301350425,-0.0023914307118890754,0.9052700641779119,0.37676393757171284,-0.999569021616731,-0.21901117144082885,1.3531731332070578,0.13061903323863067
2023-09-12,-0.019799035343497362,-0.605908435158748,1.8365044802497166,-0.4669073060849443,-0.8128557978391052,0.14453684749879814,-0.908024075175888,-0.9101047612241118,1.9808181020868694,-0.2892470035927859,0.5134912562940268,0.6571800248635576,-5.540179872164505,1.844342247386316,1.527431303557323
2023-09-13,-1.3150351065108068,0.6574113824691085,0.36519915729323693,0.785320363923422,-1.2380254755931859,-0.24064091514799618,0.18366613212320165,0.28652375529988716,-0.6722210279624022,-0.07571767345637948,0.32042640816754553,-0.09211670845107511,0.7024846111890356,0.29253811237066707,-0.10970824835010323
2023-09-14,0.4011185216524538,-0.6774864957701656,-0.6786336006942488,-0.31042793292156007,-0.27118996735207335,-0.22680398743303462,0.44190129349932183,0.30330746315091617,-0.42061980147567585,0.8257944741527888,0.2621961684995951,-0.22502031711646414,0.5226879049604296,0.3084561127138934,0.24097344064886167
2023-09-15,0.7600786245856229,-1.149651471586496,-0.36755417333346196,-0.337858335644998,0.10772714846549714,0.013198412403554793,0.8833229347986531,-0.5989573857424365,0.361424173855731,-0.4670414704917307,-0.41606103777868597,-0.14846874526422638,1.2488957270627083,0.733953565253206,0.01011537982889954
2023-09-18,1.0553489323676868,0.19963584774765125,0.14067542443925957,-0.3625382476760298,0.1638544856423141,0.39349977092853367,0.3059013900210464,-0.30382450185998133,-0.012208087612951342,0.10019290365962907,-0.5704926635324786,-0.25594573686404953,-0.5742566390898631,-0.16113338864187837,-0.07076866215731348
2023-09-19,0.5539281357328355,1.047427608871404,-0.06498630305472178,-0.6486169106570351,0.3861060965397637,-0.7981260966147187,0.20320730401905993,0.790289449416056,-1.8536429277157203,0.6913714022032411,0.10339847170318664,-0.1983973764416636,0.299397172280182,-0.7880217859010391,0.06911255067495829
2023-09-20,-0.9990440500141347,0.1246207610482819,1.010095313740223,0.5881739455447047,-0.08870544404401859,-1.6196445821433507,-0.9007635166914356,1.6385051522433995,-0.9389296469718569,0.5412940971957759,-0.44871133731180524,0.21724261434957248,0.25892551962961297,-0.038052458474306605,0.1286031736458228
2023-09-21,0.760600193802347,-0.426622251126783,-1.0039151896041383,-1.6486671073206776,0.34031986688716676,-1.827259545019516,-0.09156861575303732,0.30591525697850264,0.3566227431228941,0.6767791750130848,0.8180141280786545,-0.027909475645193638,0.9993029356853285,-0.08315274471415612,0.3398039080278604
2023-09-22,0.5235607068559381,-0.055419508993645505,0.11211362902816195,-0.10328929378479441,-0.6123382605607853,0.45953284368392144,-0.08958958994641428,-0.45558785728221984,-0.6869067900614076,0.6152924620997253,-0.47742858098867325,0.6206543439996037,0.0711420768132642,-0.09505116238571545,0.04801498550641207
2023-09-25,0.4844492492595275,-0.4450483849193021,-0.06305398907093951,0.38272624729018706,-0.12449523599338563,0.11956916968701986,0.2571363658175828,-0.003349676290638759,-0.44824524564042756,-0.11259516490019136,-0.27639886236278804,0.16044307413800474,-0.07210820524396613,0.8230657498011489,-0.13040330662710564
2023-09-26,-0.5598495050992272,0.986513036966475,0.0019849946294284715,-1.627014384871419,0.11370440703063078,0.22903342683910033,-0.1403100561029298,-0.9755169832358526,-0.2889905917983134,0.7259803058680456,-0.3364813606043474,0.5825403202063428,0.4913046628096289,0.1112887832545904,-0.27529643450160557
2023-09-27,-0.5640958825584853,-0.6518593419596257,0.7474177065140648,-0.39203936678714313,-0.143837390473453,0.8290743850775459,0.4415869998720173,-0.17784503466770718,0.7181807093228736,-0.6328235350131363,0.04791752435677496,0.20565037325349078,-0.06778839137000073,-0.30272854010037553,0.2336112527896517
2023-09-28,-0.3444584830951692,-0.4484581983230056,1.0963352833928774,-0.49516437812372865,-0.19617593486537854,1.340152690553975,0.37544798454348244,-1.0345207945448174,-0.08765054400335048,0.2716524017137467,-0.56745029848719,-0.20780654415601252,0.49465006064477796,0.20775853154958246,-0.2670895200238148
2023-09-29,0.09637711915180375,0.5434420697717565,-0.23532210252066213,0.6441818342079337,0.10627654826816384,0.25413011223180554,-0.48124804597102433,-0.5447359349265648,0.19344564995275065,-0.787752886144627,0.23553312641912777,0.1999368036982284,0.1364115247819945,-0.27937945072890435,-0.36454377483479183
2023-10-02,0.7124450828307148,0.2053843928093011,-0.5388840546683725,-0.05480188847548906,-0.5785676600114007,0.4178741268842039,0.5557260114386506,-0.34225667452047925,-0.8679307523646196,0.1758908388215179,0.7568120684003321,0.34311898821968545,-0.29320765288916134,-0.45417925157503697,-0.04170269576936503
2023-10-03,0.30550696328558524,-0.27280119252841684,-0.05615612643624712,-0.6161829837546966,-0.11476633298777439,0.10158942501049684,0.19607468342764334,0.2155799362388533,1.210730489036095,0.11196286340651862,-0.8160543937174427,-0.07743742085985272,0.08968264254956704,0.37711000681575585,-0.14950264604110008
2023-10-04,0.024772212457126908,0.2540491119548661,0.7171744935790633,0.024357479311818198,-0.05059079970370839,-0.8551571132705749,0.39206146241177675,0.11479234026375917,-0.5260141982571775,-0.13394149406330302,0.45466663860589385,-0.41007342140474273,0.4758826460398179,-0.7137051452426987,-0.3191969153478455
2023-10-05,0.6846357809321282,-0.13947515183485504,-0.24878516231396236,-0.27359062472088647,0.21277261931002583,-0.6759776980431245,-0.11377263346251945,0.24386782994606526,-0.01781000529218861,-0.04097079900161536,0.24654528341401943,0.6566178406764093,0.6223149825666066,0.08384348206044653,-1.0803628011501674
2023-10-06,0.20005078568289392,-0.3191659348233131,0.38588943895409566,-0.34447952934202586,0.8070590683161054,-0.0368476153438847,0.00042207943482397425,-0.0839994668366697,-0.7368531850564073,0.5213485386765615,0.5214561275708076,-0.29660512069443423,-0.23774624756139895,-0.4094011599338322,-0.2376112064925313
2023-10-09,0.3941745291807155,-0.07129029382310031,-0.19903056597149626,0.10048543645684442,-0.1122200264662098,0.4081130879505523,0.21363580419384207,-0.2860884186694911,-0.22429354678768945,0.3726377094322711,0.3615661737733533,-0.5742786278144921,-0.15932682221471453,0.2662424132969186,-0.3629609493617102
2023-10-10,-0.32273785383982395,0.16172975253130684,0.4317919170601164,0.23890780456833008,-0.18735410678544934,0.06035332226472356,-0.4975324766886228,0.15638841082681257,0.007789873261735081,0.18160200103371793,-0.5589555286509436,0.0925537936733496,-0.1519739698716413,-0.021000646291903236,0.3151879419813895
2023-10-11,0.5277898939309337,1.1292486230022707,-0.8342135851843355,0.019110608935653417,-0.6196936599236526,-0.8718179892498665,0.1119915267020084,0.3184179731662049,-0.1624806231734276,0.14322738773925436,0.4328844872415694,0.23906328927625475,-0.3441064219646356,-0.379860429942514,-0.10371131672362871
2023-10-12,0.40363749405083543,1.1796529925963584,0.17000878728474464,0.43527240560273817,-0.029068205765876154,0.6859246949100148,-0.5076406884305953,-1.0663184679767306,-0.20782442941139773,-0.5413464352159388,-0.2503598875212731,0.15150222388070134,0.3045992773490588,-0.20187262340604348,-1.0810689114039542
2023-10-13,0.059751118277409754,0.14751593636896865,-0.20576040425761888,0.16199220180740825,0.8425583989857168,0.6019395200081159,0.20573223569779986,-1.688494583314732,-0.4200684456861702,-0.4950321887486382,0.3163511286970746,-0.34577918707309674,0.7823066435605529,-0.8116232364117228,-0.05351356351181191
2023-10-16,-0.4877239857195776,-0.7147519862138474,-0.3456672143677687,0.21760679127529792,0.7768480227477064,0.1864385705066025,-0.08499006276917753,0.24367940389539083,-0.03667577595996885,0.15035720033983213,0.2983341036542586,-0.22305641864483305,-0.35323812945233124,0.4715599979483507,0.25339557327962725
2023-10-17,-0.7059101750615643,0.8580349456802412,-0.22422538916662382,-0.12486566371048818,0.6097237370970711,-0.8706963064797428,0.41911460354842267,0.3423893236679216,-0.2514487801113571,0.6990317883904817,-0.017799912139612267,-1.6837740401139218,-0.14895860886447018,0.8597435821590641,-0.010398746683149523
2023-10-18,0.029909229075220367,0.6711577070308732,-0.027104103500059207,-0.1532339688096669,-0.8790709121372813,-0.054298695578308465,0.0870270725186768,0.11592685349387694,0.5062658824083571,-0.1163148537125902,0.5425339594191008,-0.6027213880984085,0.20121530632974904,-9.261546571620594e-05,-0.35224526098267595
2023-10-19,-0.09515008274183147,-0.09120559134933551,-0.008468574182258104,0.2101667995812171,1.7218084425283282,-0.4540028253392439,-0.00848869119823814,-0.9569319136943405,-0.2619752255043697,-0.7802707065999414,0.23792247224122687,-0.22057456065327086,0.6308498751203158,-0.0832471239153508,-0.29552913202324116
2023-10-20,0.07223212147892388,-0.007411900605779342,0.9112329806100965,-0.24437692042204273,-0.32335464735110664,0.41033103506131796,-0.13875312939328777,0.5852554905084281,-0.535586118088545,0.3261053314388891,0.22173391019390754,0.2083621461698597,-1.1048278850006694,-0.5209299350388567,-0.06421761982935781
2023-10-23,0.1586014536417945,-0.07773012900243212,-0.7557155127496648,0.48170065857598965,-0.5231525435717468,-1.2544609457147446,0.2831010643732653,-0.43397706859428076,-1.748471325432026,0.7610910368710369,0.590036100439035,1.4252868419339122,1.0658998817062846,-0.022389916656300385,-0.5503230524828163
2023-10-24,0.054983951925675234,-0.8012708990624163,0.18958883249583514,0.0545048251131639,0.2684877611550418,1.0555464904809546,0.19522033076832412,0.40658266229024675,0.547444871008929,-0.9853224569191716,-0.1301881608916386,0.2067444184979792,-0.8045656570718961,0.3686150162430896,0.22966187461828153
2023-10-25,-0.06917021581756111,0.3306573086568185,0.4527748171385748,-0.11383704374319636,-0.38255331288197114,0.1268891941555177,-4.893397206448984,0.3899419247886693,-0.28283976179681636,-0.18281745990379283,4.984574067963704,0.45657107184019896,0.6350544052999695,-1.127258288095049,-0.7700679463466411
2023-10-26,-0.8835547106371894,-0.25261835442152925,0.7614816722509966,0.0509387137086762,0.24966226376522457,-2.9228118638667415,-1.3987031778300247,3.7490037588760985,1.1085856981046145,-0.9119320512583142,-1.9011063950114766,0.451514121042462,-1.298093129264981,2.0604245874287574,2.5439896348096496
2023-10-27,1.6601490218553878,-1.4001411791161702,-0.7118868690092963,1.2803182370685882,-0.626728466978041,0.4108105514613548,-1.0899415068140106,0.002469567023581587,2.6135040239380274,0.6827595813338421,-0.5762953138060626,-1.3955508466293947,0.9284708772922312,0.42709229953154204,-0.6598952569815569
2023-10-30,0.36998265463981106,1.0956387730951167,-1.0899291221786989,1.0027601968525088,0.23098641088762162,-0.5726574442582111,0.34285518294992967,-0.2118823600535773,-0.6545930603583439,0.13297429008661665,0.8520058801416623,-0.26455172322136233,-0.26709548637559144,0.19626162847589168,-1.518747061267613
2023-10-31,-0.039284805460847616,-0.18436283977667312,0.7024401454548956,-0.3357036963215766,0.050612428408615906,0.21371768877146435,-0.9454157021116012,0.5838728197716017,1.0352773773257442,-0.7299757989095406,-0.2950185498539223,-0.48018860686334996,-0.14816767072719017,0.678215362494055,0.6360699126302157
2023-11-01,-0.035934272918360266,-0.38327171795493364,2.311863284200154,-0.22769959409820784,-0.2683347169033399,-0.9219761678144748,-0.4661731082824696,0.4892756626554307,-0.3841179919702421,0.0977940000633295,0.15645592887604276,-0.06951921251822446,-0.08706877388469825,0.01859219606472151,-0.3460468886009057
2023-11-02,0.9755282996326501,0.21631624343911837,-1.203100037314836,-0.714286042468867,0.1928387037303516,-0.10488458905479181,-0.609745958172182,-0.7527820568440924,-0.5267756303086758,-0.9794469086221734,0.3163103470645632,0.6736366069097031,-0.43981527626315464,2.1843522825159685,0.8352357932795227
2023-11-03,-0.9791138260122878,-0.30375447922077636,0.8616223790920895,-0.6164730782740444,-0.9811835609936169,-0.20248620743596318,-0.0627263736473157,-0.028697112119368984,-0.2801143590289581,-0.06410646294754685,0.5734958805630687,0.8339619457081326,0.026849204735773013,0.3661164081094186,0.9375184035524905
2023-11-06,0.7595050098690953,-0.3572073504793095,-0.255339428609144,0.21846979899605173,-0.162604020770322,0.49826864058452247,0.34563933269882546,0.7954837482859851,-0.011416936942421754,-0.19144117205526667,0.02051434359083082,0.27977424302508813,-0.10293067037724662,0.3437123463900182,-1.3839489016132742
2023-11-07,0.39046687229185373,1.0916721383153036,-0.04735002395537935,0.2799753601164132,0.9705428097106943,-0.7072662839406758,-0.37235128302619147,0.1114467572987575,0.35388708178461614,-0.3732597030779573,-0.11512928653863175,-0.6078609410940157,-0.548829585686348,0.06030108796783923,-0.7670888932265141
2023-11-08,0.07901914181596426,-0.487365749330577,0.2200683600119692,-0.12610962200276832,-0.02518635634889614,0.05815415713122288,0.5148424581125879,-0.2705356123567177,-0.409285447534802,-0.12018859789277887,-0.4972079418792841,0.32167362336396343,0.5809178463846192,0.18588195186686107,-0.08961266109497196
2023-11-09,0.14545099895976377,-0.35039723879277335,0.3998829439256809,-0.07123742585014531,-0.03265158267171747,-1.4507633326943377,-0.23309822062400753,0.48082229757918515,0.16508600368643103,0.47413628483502906,-0.44150487029056995,0.6083268976530584,0.2852725323002077,0.44074650568523477,-0.319773588739406
2023-11-10,0.42357308988061937,0.08065436631185752,0.127541494974454,-0.49676270773748965,-0.3346681658323918,-0.17484095498120622,-0.4681086870125063,0.17932414022752252,0.004550715711797881,-0.03923563687831577,0.8021145829138313,0.04969998704391565,-0.8639272872742267,0.2543082476634757,0.5278889459234606
2023-11-13,-0.4174113067422157,-0.4240012640084852,-0.19951670681161082,0.018634345475535552,0.9284413204542772,-0.33711403618997066,0.1460798270502603,-0.375929070365283,-0.4121446758232138,0.3141315880758365,-0.6524758891328184,0.4402315019928027,0.5829668490340318,0.1934096914898857,-0.07037030915452896
2023-11-14,0.0825939806765863,-0.16184174754012592,-0.3872879881950446,-0.2135241784113202,0.5114830126986984,0.4738699038985543,-0.6594323308640017,-0.2297579522711175,0.13705666858143872,0.113442736620742,0.2554391940114681,0.03456066918415246,-0.17236401846228866,-0.18206337699078956,0.4169852164766188
2023-11-15,0.6391566156156768,-0.5977572240807247,-0.6043589376652563,-0.7497048152809993,-0.8101793487565994,0.1188015638445159,0.552712932396009,0.2708206280804525,0.8221249110589302,-0.19413680558338897,0.9106564342879493,-0.1993166244852551,-0.12445482913059158,0.01120689053777002,0.46698944234361184
2023-11-16,0.5515207985770656,0.6550222536435775,0.6286942421767375,-0.13637517569183805,0.9937863792028447,-9.742678933268913,0.9617233079940497,1.2373964845013108,3.015528291426798,-0.041940424103256976,0.7163119155857093,0.2822129070166624,0.2792485425053712,0.3263731004478217,0.9063602512209264
2023-11-17,0.1489060013622464,0.07875493343380338,0.08159861375017448,0.6896818330138363,-0.2985633706732768,-0.702051887110718,-0.6894852763564032,-0.69132089539758,-0.042010958812575716,0.22343042245584577,-0.8174148056409869,0.009840631262587662,0.6553634376232291,-0.1792015121873089,1.0689593590866258
2023-11-20,-0.1564504864007762,-0.1450779218372379,-0.4108215004504867,-0.3987470564630689,0.5371128192690338,0.5726486308030302,-0.3031659110716187,0.3364703252606591,0.5120523028101482,-0.06466278003995385,0.5483395643971067,0.34207804616762827,-0.27627423618439395,-0.6459652582092327,-0.09598891674245669
2023-11-21,0.13216504765108456,0.30543183608818364,-0.03023571808486658,-0.04964135965299721,0.3613751362999702,-0.2719754547760256,0.9529538642598236,-0.009301052145188338,-0.4370818681945028,0.002609972626793966,-0.7294126227730056,0.09152108257319219,-0.08858223233432808,-0.43419369993402257,-0.11465256272376567
2023-11-22,-0.11608086534838874,0.20984027410838807,0.7345540274503788,0.5826737249594742,-0.59439466380057,0.23136355175581935,0.3073224125776581,0.18432751257135127,-0.19898587293335412,0.33156520075269436,0.5085092626614809,-1.4420156511968636,-0.355495799310218,-0.2653467937482593,-0.09544254595486584
2023-11-24,-0.2916364774159531,0.13650834119524025,0.14840634515473924,0.3011823900817502,0.328245817915849,0.5416498245439264,-0.42983395579367817,-0.3625602794885897,0.3331359362059056,-0.26530103246892495,0.17685061427456428,-0.5229169424554384,0.1990807077206654,0.03414155970588193,-0.07044077464555597
2023-11-27,-0.08565028481333369,-0.061457616985637814,0.07656098872231587,0.3245228780582763,0.14577389560122261,-0.35190797156006987,-0.09065177963747027,0.2220677070500034,-0.035596514710144654,-0.6757321813941046,0.0901909855114026,0.455440551783794,0.137663600015905,0.15249507945254992,-0.27544761264086615
2023-11-28,0.06765655826747911,0.09628156404293906,-0.24748411061911607,-0.27929039173617354,-0.013888863754829821,0.019444143494024384,0.2831461849160397,0.10722516330977544,0.17779382510140046,0.4980399702007327,0.34664942601925985,-0.5530386782144573,-0.34048238147053106,-0.6201260574848826,0.4589994347807479
2023-11-29,-0.20341128223725768,-0.4062028987851368,0.4378274794310482,-0.21284860685679352,1.6521753983752925,0.34241443004329986,-0.8586596613637336,-0.4372179213338297,0.15078925042381203,-0.9547254209906805,-0.17789976315462852,0.6201138950740903,0.43717280394086444,0.24380690368300273,-0.41975524171459355
2023-11-30,0.2688181804018402,-1.0395612980629012,-0.9583398256581085,-0.057877648816606064,6.629948785013774,-0.12841044727983897,-0.937621631211579,-0.5685233063793662,0.009735127374347397,-0.7143609339818858,0.2796300925984294,-1.0244724604192903,-0.4857459293643465,-0.42811318163626444,-1.3375337152457116
2023-12-01,0.5093572935847029,-0.3722197286548647,-0.05853683771796692,0.2617541625137169,1.9144118974339792,-0.4051929291030463,-0.2552703255728148,-0.5087017279663097,-0.7273052277421594,-0.3477377800239234,-0.6930858898252303,0.21979684202262242,-0.14569557515434206,-0.5809777153312093,0.28180024961311556
2023-12-04,0.2720231192113427,0.11917374790479374,0.04061665227992539,0.4003425384206719,-2.092337866312369,-0.3604183851268568,0.006351827490484574,-0.4718664933725374,-0.6023440400808829,0.37491880952268053,0.028835813954869893,-0.010701324760406639,0.015529890100901333,0.3224605107534715,1.4034738104399662
2023-12-05,1.3982990545669063,-0.6267073578106018,-0.410808260015992,0.292353807852911,-0.1727376873568892,-0.03930860337434772,0.4444041896081756,0.23279891236182,-0.7499258959359977,-0.8017763403831849,0.0837594972977535,0.7393382432853114,-0.695196716062356,0.1972284748950721,0.007617056618100446
2023-12-06,0.19700281104524392,0.08677133368442502,0.052418852460253906,-0.11917626944632909,0.04229115752691259,0.2286787676771377,0.2438585238210007,-0.380396900555166,-0.45017572524915855,0.47300976820079393,-0.2810162883497689,-0.4241436784700564,-0.3452565558452845,0.12544978197754086,0.18096295290897257
2023-12-07,-0.5319530302066211,-0.14698596375714423,2.3047761929446375,-0.7700195606521799,-0.955688225479585,0.8556703231834236,1.4762230970452228,-0.3106002235011246,-0.6510350716814849,0.06560361674060289,-0.8932004622450194,-0.4009053805829883,-0.5032199165129951,0.1960050799603843,-0.12900594324382386
2023-12-08,0.20079782932769247,-0.34767604684600306,-0.1731075859998733,-0.16366282899304604,0.11358421024271692,0.017939861223500553,-1.032834502777181,0.8293251250162347,0.47858844784999954,0.6872504728155681,0.14343344563911292,0.5537948816390065,0.06866665941471234,-0.33108072650634246,-0.40549397930679487
2023-12-11,-1.1387625220119417,1.2192975853324493,1.3770266144115835,-0.7230413371140642,-0.6486724541685642,1.2187510874725698,-0.7288208607229621,-0.9851116201011147,1.321723742596102,-1.0277597563980594,0.10728961715446139,-0.5691252774679494,0.7174200966601705,0.167296026681504,0.014929151446209321
2023-12-12,0.808707816747807,1.0968408000037375,0.7987091467975067,0.6033802749951223,1.3011384118184173,1.2515551137304615,-0.3503607525562846,1.1564859487737047,-1.3633507830486913,1.557452462252894,0.5885525554046789,0.9791652606891079,-7.864144663420234,0.3331806546208588,-0.6070831277334743
2023-12-13,1.055104442898577,-1.4056768908271566,-0.3560000088201342,-0.05209163733518263,-0.39653965666000923,0.32013227344719525,-0.35297074738065876,-1.2643363002132162,0.13488253447302112,-0.3232363896891133,-0.32503344431961634,0.05872261602450185,1.0154624398515812,0.2569650199298644,1.3395072110515567
2023-12-14,1.0350901434798658,-3.2373054539919366,-0.2847296266801198,0.0031944402900943025,0.17354579276923277,0.7643136542995906,0.02276549516080867,-1.3700688129033334,-0.5693015471420768,0.5712830455708486,-0.3139762451932748,1.0360845084046488,-1.223227429671866,0.45909771620827433,2.2492148662010183
2023-12-15,-0.8599181847279282,-0.5627533521784809,-0.2782620307567414,0.3471658054372898,0.48338202415574977,0.4282157151098459,-0.11728167899555786,-0.6481009738954007,0.5131739582788193,-0.23080848726384412,0.4404067747050474,0.011206478018778332,1.2253937736326856,0.18126848144866264,-0.32024195024728386
2023-12-18,-1.7417523846233998,0.7525984531823845,-0.5205485099525956,0.7477684416447256,-0.06819857514668834,0.05847834053814682,0.876040655741633,0.43080166800287845,-0.3726227922013594,0.8536525091222198,-0.7126377826034059,0.35778603115589436,0.704314343026694,-0.9072355857857501,-0.27393802900647907
2023-12-19,0.15314394700500056,0.22337872489727167,-0.25605877352506257,-0.44459059643573806,-0.0011819449906682947,0.3207167032851569,-0.03336641488332337,-0.7968114709545497,0.19042627645755295,0.5587257642588164,-0.15124127940658064,-0.8076272108888785,0.467609355040434,0.22960844841960185,0.23950834047353373
2023-12-20,-0.395788149331913,0.005236251790391111,-0.4261458016103157,0.375788118191027,-0.06275042407653164,0.37291104849387485,1.5323128078455235,-0.0876897306318164,-0.16128294238837282,0.378328944870623,-0.4072128439989749,-0.8208404373412169,-0.13429018766256284,-0.2208514483717825,-0.13459331922700213
2023-12-21,-0.8130429409343569,-0.19933146490669093,0.20352752173906863,-0.23491703644198492,0.8632398802883886,-0.2836620236448665,0.06700668157578815,-0.06492303122171858,0.2482020623735125,0.07045933131614346,0.2259033095306997,0.15994496133869307,0.3813528355214905,-0.18175046886140456,-0.1896516861590154
2023-12-22,-0.539973657780482,-0.023859071196789927,-0.3275001766494732,-0.1647137722846463,-0.4848486582246367,0.5243016664495957,0.45079215920543025,0.2977104920796938,0.4182817487425571,0.027998347325463357,0.48616908987226404,-0.04741060495959876,0.1659361784075823,-0.14998507484259044,0.04339727269597188
2023-12-26,-0.42636359318340944,0.1255721647797238,0.10932554667399041,-0.4035696322671091,-0.18544041076935644,0.5076964543616651,-0.484598457725376,0.2089855999598309,0.9783595021632119,0.0304291125138784,0.528332344165882,0.1743122516911974,-0.12564033301165284,-0.2605235992574867,-0.1416076788602959
2023-12-27,-0.03573214627050575,-0.19246873187634528,0.47173292539151207,-0.11113101039276685,-0.024197526419363985,0.3529617726061437,-0.46361635624409964,-0.03118455692543283,-0.08399743849680479,0.4339936501500852,-0.15250733183637874,0.1021764053627152,-0.06282762835046596,-0.18141784891810214,0.026757340286383144
2023-12-28,0.08011892624027177,-0.13339087943480427,0.5319012814986184,-0.08500600710737069,-0.38770012013165533,0.1661547079000848,-0.06544134598199819,0.056764592262458835,-0.488821392174101,-0.02193267530953282,0.051385720503436226,0.0423139402246573,0.17755465646055063,-0.10451895736635498,0.23715001532548086
2023-12-29,-0.3037407460879392,0.3636829343698996,0.01954445911294067,-0.16633575452162663,-0.3520751779495307,0.3637788880886271,0.2551944913163795,-0.024920291668218297,0.22211976309245657,-0.4434053561550648,0.0739925498314929,0.3705304365714188,-0.06938696610141248,-0.15896250851272353,0.039269858695409
2024-01-02,-2.086462714900541,0.004835247034135515,-0.5813692189348707,1.0525828584035377,-0.3061848856239926,0.9698719461953353,1.1270928256032748,-0.7172583000828411,-0.7427458660975943,0.35660625453649564,-0.16976600527508,0.3461513131915712,0.4526308362693765,-0.41229948484555035,0.8987199512537701
2024-01-03,-0.3162009258908022,-0.33147106430583506,-0.17791760885418784,0.08207165294928676,-0.3930499858376053,1.1336791406737006,0.985628857527604,-0.32289321874838084,0.03579036134063929,0.09777012375773014,-0.20891243764289452,-0.04509560244435995,-0.21228357679469945,-0.23989874604285188,0.11408461907119727
2024-01-04,-0.8406900107696514,0.06248716990677872,0.5947351963688435,-0.9617979076366512,0.22749785854342303,-0.023139950928446507,-0.4526280026483096,0.6039137450099847,0.07076655969537937,0.9077396016722373,-0.36192161998653183,0.9345661922953465,0.45689255408224644,-0.27977533622440853,-0.5218365405257307
2024-01-05,-0.6442798289043281,-0.2726231485716315,0.3223039889098006,-0.034612365547924163,0.09169707209111044,0.6089202335528595,-0.5363377034055844,-0.9183689048627115,-0.4561171356182556,0.41916752833871895,-0.3438261279323687,0.8036604266708902,0.1474427266746457,0.2022407960039786,0.33516822231866156
2024-01-08,0.4550180963022765,-0.14467174358354806,0.11818420002067165,-0.4877238086911633,0.6340408763916148,-0.21593655627845876,-0.297876111531477,0.36682960709628676,-0.2522555463492171,-0.6744436803506331,0.11482011317179341,1.3467403961997888,-0.05034018856208,-0.8378997547846591,0.2765717290653711
2024-01-09,-0.48627507573584294,0.3654167800247121,0.37441971916867184,0.4633330065071444,0.10317850185129375,-0.14871852818264153,0.49211026105672606,-0.49619111862487414,-0.7660463079709243,-0.7515484516274724,-0.24587005225812386,0.36295795396762165,-0.37370501162884157,0.31512551545368794,0.18125581854979972
2024-01-10,-0.2443187042335142,-0.537962740684278,-0.6264610670748747,-0.018754375165188852,0.10759253791500523,-0.1499218523220982,0.015332020599775342,1.0523228904156192,-0.466751919205343,1.1918038042452115,0.10054308975757364,0.33001607572429115,0.022128597331681932,-0.2960959587121195,0.09555993931371243
2024-01-11,-0.4826357709562956,0.17770794324843192,-0.21661546279389837,0.24966804124054862,1.01307724014948,-0.44442199908700614,-0.020469515536176507,0.34598233364904635,0.29912333909019084,-0.29869821096183136,-0.1367073661198426,0.33297317645107377,0.21764676964072527,-0.35566300177147503,-0.54222506599006
2024-01-12,0.06521081127411318,-0.33862142623488556,-0.5263912196206938,-0.381384458961873,-0.35968639481388426,-0.6007592604359488,0.28082512790572123,1.7718660053102617,-0.5173463328676555,0.7423962279478745,0.6055174359586208,-0.11807408338253877,0.6894275213550519,0.09756971838105555,-0.5103947109737985
2024-01-16,-1.1517287132508465,0.16041491030641034,2.6584335884713592,-0.7091827291979891,-0.6834393511947261,0.4484977640263243,-0.19627863093545575,0.43033528629728535,-0.42660202903175776,-1.2788983257362074,0.3924566289374267,1.2516769620315598,0.013217238519815492,0.013059206947695079,-0.7718883654129092
2024-01-17,-0.13596843335708791,0.11963890646109826,0.6604376066826522,-0.2685483719243478,0.6647801450376267,-0.05066081357975627,-0.042780167226029675,-0.33599010372753807,-0.4632360624472952,0.21017188073531615,-0.4351655389221469,-0.11254303419065981,0.2449269961030343,-0.28450285975071665,0.0678541946497907
2024-01-18,1.8630388977671073,-1.1537521597220866,-0.86041230360414,-0.5388336939658025,-0.5364463905850393,0.18573350045750414,-0.21092745608266428,-0.5665812908194502,-0.7711921566253346,0.3666117122097422,0.4651528741367289,-0.2256858004200456,0.35531716033292715,1.0575318127276792,0.5004438317285189
2024-01-19,-0.18597609381982805,0.25962410890837506,0.6490657031354046,-0.8883787177074918,-0.7677047818274527,-0.30966581772979784,-0.05484779638640602,0.6943229694407285,-0.7043750189902336,0.2541052179979393,0.5202761073622155,0.5966955573710437,-0.6866451556116747,0.19445345558411242,0.4245352110482785
2024-01-22,1.290635100400892,-0.5856883769212498,-1.2145982825002628,-0.003011945378472214,-0.42545032223253776,0.31514492720134923,0.2123259003563563,0.06228652008490959,-0.023962645517286052,0.0969969531072975,-0.261900377283602,0.3376776405119858,0.21440713710969267,0.02916268377766984,0.14595832546698054
2024-01-23,0.3926876117371796,-0.6651601582546064,-0.33076239763407983,0.16272035002525426,-0.7746071923389424,0.4558625993669553,0.16037308757847513,0.5550539545273768,0.20498311844353342,0.1686014867117738,0.22477602646866815,-0.1729327129287264,0.721794142433593,-0.013290468213570494,-0.3358929788628894
2024-01-24,-0.8474291359795594,0.30713459671176935,1.3368363490362971,-0.4839093497417193,-0.1579786598908765,-0.35182669085140406,-0.008779187155635193,0.404707525624719,-0.17705536433908486,-0.2259500909754122,-0.3742533934563868,0.38524668049496236,0.9888104152860295,0.38662911488989377,-1.1650592345056034
2024-01-25,-1.0603539087270648,-0.008433883839135126,0.3150786282982336,0.48120650258337816,-2.5660110387549024,-0.9743265879279848,2.2751297959853543,5.629651452947776,0.9021594103925042,1.0646300273084743,-0.40267818001706224,0.054460975939049736,-0.3149033553011028,-1.7595451957578188,-2.0649223138355053
2024-01-26,-0.06920368352576978,-0.49788582010284066,0.44452690988682875,1.0969327512733544,0.5977927192802609,0.14720075984960534,1.0539494683329123,-0.7672877373324354,-3.4656880273170216,0.271452388843646,-1.087508778240661,0.10955479043836591,0.4879030204326726,0.3326639626108867,0.8085085046016414
2024-01-29,-1.0009350252183244,0.6568016866053795,-0.42741529521791777,0.0576267259441402,0.8089506186816727,-0.056888717268894745,0.09796748758634011,-0.44792521713321903,-0.0071355500635701605,0.16802836531493381,-0.05590292160605759,0.35466854454248953,-0.5850588745332481,-0.6893066243770974,1.0671290392167276
2024-01-30,-0.6686720752187096,0.2850105386433127,-0.3047366382190695,-0.6016109195231583,0.13863549218768084,-0.09329055452452259,-0.5583283016271254,0.21674171033582373,0.4061645910455215,0.1498844934073117,0.1740188403514904,0.9704470801566009,0.6547122735644536,-0.3964203784125646,0.08606942159919706
2024-01-31,-0.3104559873266999,1.8056634523305581,0.40678963184521555,0.6394474454551125,0.037716612357352686,-1.2064020846671915,-3.8661601916121704,-0.142867424566133,0.28031571119389787,0.47298648330208826,-0.09461074927463153,0.6111291373136629,-0.3714472096896245,1.3423993673239802,-1.416050779378745
2024-02-01,0.8842144698561117,-0.3094485354272154,-0.07756508467143078,0.8189160864527378,-0.05396945281163032,-0.1733601115700924,-0.6784147915421488,0.6114579259899152,0.7587905559040218,-0.7057146734016242,-0.024337052318236685,0.29974489771279356,1.5650571405542977,-2.6694670275429795,0.8715947139587845
2024-02-02,-2.1700833077303745,-2.9731770375839375,-1.0822208902280808,2.5496787012617337,-0.34501749785558977,1.0471196965178298,-3.5147061624548384,-0.6813744825945889,-0.49941192489878067,9.856279011465709,-2.910105675880685,-0.8124065478430977,-0.4813348624545812,1.1464181429487432,1.961070937029871
2024-02-05,0.7750171950023625,0.3204381903977993,-0.9142330010212958,-0.1980228378009291,0.6976903189071583,-0.09321469155930617,0.9007569866651892,-0.45675941962427047,-0.4919894662840856,-2.050979785374816,-0.9147739679682261,2.387995629552683,0.23216250971245433,0.3450901876062867,-1.0294750992737172
2024-02-06,1.227192834326925,-1.6745157949732632,-0.9065391586075026,0.28245945910030956,-0.3757619666684327,0.8365167636974032,0.7602719312038695,-0.04592510133685632,0.21668793431083014,0.21895024235698657,0.6131317727255349,-0.38057562163044,-0.2547246679075199,0.012069164223017848,-0.19328277845306918
2024-02-07,-0.4764063121248763,0.13352797122508386,-0.25608920590016904,-0.6475972784792672,-0.0007919975966927395,-0.29478366389300487,-0.16145157811016397,-0.21021498879871153,-0.16374851318782735,-0.00937205226785387,0.910111319446856,0.20676554137166236,0.5432302902249051,0.46238955148294947,-0.004529531602240108
2024-02-08,-0.5060203585058963,0.023065420615185794,-0.39796428819933716,0.05247711192838328,0.21399029659662958,0.04200764157471845,0.2350920192158607,0.2120904109458489,-0.47593467467603556,0.4108804598573056,0.10438207822967127,-0.28053210247742844,-0.3888498740295947,0.6573447011811636,0.38523321941484545
2024-02-09,-0.5394585349769263,0.2639960811880325,-0.5102292909442361,0.610998660690434,-0.9593316200352584,0.025835869317991866,0.4438039110077028,0.09257188200641575,0.015913619761136144,-1.0200678824322162,0.369858111514757,0.5325368960735998,-0.45412059467785026,0.30633914154626407,0.21934333341046364
2024-02-12,-0.4150416356974842,-0.6053707762839807,0.15716401905502148,-0.0682471622535109,-0.5024986164362929,0.4737427509574807,0.15231105792338662,0.43384190365948316,0.6089458670404849,0.4845814638637598,-0.30722026541423886,0.33875250990029215,0.06512192517840137,0.5212196841359282,-0.8054137330054634
2024-02-13,0.31547483364248996,0.2415310731400191,1.0434072530403546,-0.493887486302375,-0.3992978260710378,0.2578787056139052,0.09520659121356467,-0.04701312660048651,0.341383903946996,-0.3347154948963867,-0.920402825763142,0.7998459845668588,-0.08961639337180483,-0.33479879890679576,-0.9428465410742342
2024-02-14,-1.219486234840798,-0.2808411869289564,0.4235722155495738,0.015625107711139008,0.9180957953212098,0.8403067759807546,-0.3518374626542924,-0.4912334215068059,0.14572723387432363,0.29254625592598027,0.0858304867877282,0.07206899776523401,-0.08508013263676295,0.6849472772530181,-0.33348197620280595
2024-02-15,-0.007539580859283163,-0.5665464768927779,-0.2677574598279229,0.22241359492917334,0.6887750645750544,-1.0942160331915076,-0.7239534227168787,1.5176563442313107,-0.5083733204514562,1.2523291383688497,0.10707988946342062,-0.6336976211566427,-0.3036494971493105,0.11906362264037096,0.7184984603941799
2024-02-16,0.23029093323119243,-3.1920174294324584,0.2997703897968653,0.8441133112047892,0.26708682482052615,-0.07157110313868131,0.1295824786597557,1.09531353751645,0.10951981837914959,-0.26082365982470745,0.6092719950090555,0.7306198697663946,0.11095800042761317,-1.030227305614992,0.23696091656896162
2024-02-20,0.18811201519770893,0.5933811175413416,-1.1445868335218603,-0.029492634728860212,-0.21835194813701242,0.39716855858119526,1.1547624995099612,-0.9529477662719713,0.9850636200492606,0.4402275397863952,0.733761504003759,-1.6089466515833966,-0.7142247931670732,-0.554164829100825,0.930125358555448
2024-02-21,0.7308420814907584,0.06676741861161653,-0.20560533823832372,0.6221897568690767,-0.5161120159318912,0.7474780081225056,0.8781992323229539,-1.248839078268829,-0.7515551416665532,-0.33645749899560656,0.03528564123774469,-1.3680615346331981,0.13840292427803585,0.05086550270586071,0.7095607247712722
2024-02-22,-0.6464028980601084,-1.6843292238993313,1.166924523509036,-0.9574955521664577,0.6575665605820327,-0.31286659236592795,-1.2121450375613123,1.506300801646541,-1.2746490048648427,-1.6411274090048975,-0.2738297469228317,4.637498807267939,0.7391917825723291,-0.40207007675924256,-0.46845239962982976
2024-02-23,-0.5074156901962503,1.4126715269026073,-0.8541316508292518,0.22510025435443873,-0.41217956179009,0.07669289308640348,-0.256690239489521,-0.2569279981749888,0.3335394148251547,0.027632566563716876,-0.5541133768942444,0.32756812723544837,0.2132768183606237,0.5819916532476364,-0.20133611163566567
2024-02-26,-0.5003251911373133,1.479265994493872,-0.060545705480263445,0.2335913134798771,1.5175102253608264,-0.2640750148772537,-2.0388528065480855,-0.07006139435523606,-0.1330401178528513,-0.11359665689495413,-0.012366959894846485,0.1285258524135401,0.07231719647354612,0.2547478311933783,-0.20537704863438416
2024-02-27,0.7614104581038381,-0.5113582547026034,0.19020446406550204,-0.4233160691363547,-0.37686769100036177,-0.1512871963583648,0.6686720209829882,0.11945973092865625,-0.45010269989637436,0.3112830391266438,0.036502124084735965,-0.437839052455032,0.2627640755632705,0.08076038131347116,-0.02462572884448791
2024-02-28,0.1125668718336742,0.27747265694318957,0.1596360273667385,0.07173018382820529,0.24948096986472926,-0.3315367997614963,-0.7717013465231228,0.16277736809733467,-0.029226882319769776,-0.1996289006858439,0.31441548570396644,-0.24317075977894087,0.4045993176640754,-0.025017175425113725,-0.1485269051024779
2024-02-29,-1.3565544376008396,0.2505983151097304,1.4657920626896344,0.1237928350910732,0.5547452092528236,0.15113014951810022,0.14697288848278967,-0.6979774619334382,0.17465680539022688,-0.48922960340933985,0.30628936736820944,-0.6812874850637969,-0.4800665647564659,-0.6268422333583598,0.7469098648163188
2024-03-01,-1.5262721909113701,0.744261442784272,0.46421730678483464,-0.26191064430426847,0.4667345226622376,-0.22743545547691807,-0.9664665912605961,0.6530643181931506,-0.2733019058001511,0.2161741969125236,-0.2275318296244862,0.2865994566643634,0.5739425808327123,0.471172220171026,0.22611372421988052
2024-03-04,-2.4921220248305596,-0.22072083983614665,0.3202640121331586,0.2658763038541106,-0.7009251965299097,1.016527599438919,-1.7032906512257504,0.938941015288117,0.9546037044497705,0.3584241752607142,0.04073173299893845,1.3719765714296814,-0.1355909616794658,0.5675561401647564,-0.11797824106804627
2024-03-05,-0.8161777092075146,-0.8316710757295946,1.4285665852703882,-0.10789468428055349,-1.6047428170205538,0.8781949867926466,0.9758228469851837,0.5099019726706883,-0.5833186382190592,-0.076176317849044,-1.4050963845556936,1.3715505437318574,-0.25377766017304015,-0.3151128179757001,0.7698426293692607
2024-03-06,-0.9171956843248145,-0.249696072340606,-0.0011547395819413997,-0.22865187804480874,0.3466899604645034,0.09679511651921296,-0.5699671736721555,0.8386030362542403,-0.001026933413516229,0.4865389248491479,-0.30878810284985303,0.540765617336,0.28016922652383985,0.8418711000589252,-0.802386529418216
2024-03-07,-0.8226221268094681,0.6930904181263753,-1.2120599456810794,0.18400284016373614,-1.5396255722575267,-0.8882317808831568,0.9048816143652076,-0.33658844717041364,0.43142501690329715,0.24901095334281198,0.6752486404784306,0.28356876643961293,0.5577731127110999,1.1651051928396554,0.06856110104540125
2024-03-08,1.919676247080632,-0.19352124113034588,0.09319446252213592,-0.1252271087595852,1.3840763273745171,0.8403088486916253,0.2520304217679501,-0.6220907038565622,-0.9113184587078066,-0.11381043305382132,-0.4244511510157901,-1.4808902504267896,-0.8318640922342223,-0.39143097142609884,0.10700119791282159
2024-03-11,1.3087700219033256,0.8187086094423954,-1.1921340516879138,-0.23430975810072985,0.378571389406882,0.51408371901106,0.8244868095814382,-2.2940774752155275,-0.13288842495752784,-0.3652191741961124,-0.03588658894564245,-0.2900780754486607,0.33814225129597275,-0.28323275712624985,0.3008435418150802
2024-03-12,-0.427843628098869,0.25468765480899935,-0.6778323245357392,-0.358812188395246,-1.1210122291373565,-1.9444522097164534,-1.2429169009270504,0.4970324261259995,-0.1614804881545398,0.01045733654047798,0.5365055362079967,1.119754800706738,4.464632631551993,0.21392770093846208,-0.025039778095241397
2024-03-13,-0.31709092247878345,-0.11684046602397374,-0.46764171576083635,0.5421250308114498,0.32967839264362386,-0.13346655827662326,0.3587617462950934,-0.18923412702358283,-0.3926598889406756,-0.24726882747238016,0.2031945734662481,0.14051388094387596,-0.5962892297377156,0.1961568147892303,0.43809728299598105
2024-03-14,0.9520781693589064,-0.39005122561901073,-0.8410323504026762,0.6306380291158153,-0.23021253145414697,-1.583144424106133,0.5889730688770488,-1.2793133982130231,0.12116480302122018,-0.19000443515887938,1.7661044485236161,-0.8138532198301383,-0.21765934892895633,0.4378560354408709,-0.09788163661061478
2024-03-15,1.2628626735961719,-4.902380693452507,1.2757159619460803,0.1644654302966222,-0.8359764936798086,-0.055259008614025884,1.2955934869571004,0.20995680303992426,-0.10268670821894561,0.36092974551966917,0.20679735769223218,0.5325638698133253,1.3220313928193295,-0.7766899697659373,0.3993146150640922
2024-03-18,-0.018514611073566112,1.2798768474276025,-0.1547087253267984,-0.8212525089227007,0.7691989549852798,-0.8324132892622118,1.1258010394171356,-0.6006438030890432,0.4260610330993164,0.4426148157837838,-1.0223579612546723,-0.04753022198419518,0.019044594544864513,0.45708219375285686,-0.9745749271895064
2024-03-19,1.3841544872067502,0.5407914475303058,-1.3205018868508944,0.14192675021892645,0.20175627295263734,-0.878428136371043,-0.9157536248810645,0.22970836826697544,0.0806800866672468,-0.320709801051972,0.44353348588453034,0.2906449434798992,0.23075369872124415,-0.20299235632368218,-0.36943033225665123
2024-03-20,0.6395461123590566,-0.6329620343331186,-0.6283272982351945,0.45561932415949385,0.19214129489861065,0.11212163748811133,-0.10394951681011477,-0.4611611737025286,-0.5749204629012143,0.545264204815418,0.02697649349036757,-0.13058130445079333,-0.5559826203965094,0.3914130611877674,0.7204625169270318
2024-03-21,-2.9979731616612493,-0.08967558027233619,-0.603457560355736,0.10081298004621658,0.4823133215215992,1.3348061788620558,0.20110699828227507,-0.67503129119948,-0.030095932587134916,-0.026696539674629746,1.0504035458578265,-0.16749275589526424,-0.12140247368713322,0.44719597243176357,0.8194434829440043
2024-03-22,0.5749321641232316,-0.811259070091612,0.1365820919821938,0.14732190308647644,-0.22920282854706786,-0.28965505641462486,1.0849597635231403,-0.4921301921674107,0.2640099758835512,-0.004413855341287062,-0.2878613088054044,0.7809300693296812,-0.6285510444564989,-0.24794954934678007,0.024695467695881504
2024-03-25,-0.10005322619206114,1.0609604424709824,0.2216467543656423,0.47453803783029885,0.07414187216769497,0.10634103659251429,-0.020548601985819426,-0.4187097026837053,0.10806511608164526,-0.4136855618203846,-0.8385857837609381,0.40476256346823053,-0.4431511223055229,-0.1889864108301994,-0.009095886142232779
2024-03-26,-0.30726385211440566,0.3321967674539533,0.349879833213443,-0.10532346787592861,0.2120945984964207,-0.3511563418122134,0.18281045677710478,-0.027074560126747416,0.5503709647664289,-0.14512251308807766,-0.01212699230407066,-0.49966748868561395,0.34891636289318145,0.23055514130036192,-0.8863411662236997
2024-03-27,1.1657028741884918,-0.27483180866336915,0.25840259791098225,1.0962747875032992,-1.3870234432156725,-0.1338032302890957,-0.2097698483874048,0.23234086950953653,0.4261496365132036,0.6493052703190965,-0.13251244807513135,-0.8620440291523983,-0.6467856552613291,-0.6075827001475335,0.9702662985720958
2024-03-28,-0.7077228550015153,0.2182670382921308,0.17730272277564596,0.40345163007332363,-0.13067951053240007,0.26921646414510275,0.047151710971199454,-0.0806939742686566,0.168929499288148,-0.3353060649772555,-0.09024576888680227,-0.10479726652862101,0.11195854566723032,-0.30189110185730145,0.32669301097352216
2024-04-01,-0.7924694927450027,-0.37604220810513433,0.41162519845215245,-0.10697530115848507,-0.13382850257298484,-0.09429632135436433,1.2288817425139467,-0.6449979026267219,0.37208767043915575,0.18738666710164092,0.3159784237611054,-0.3117193897044987,-0.3570102769038099,0.6227233111299678,-0.44568418623560346
2024-04-02,0.21747005730626234,0.36062086482837974,-0.5112982138005706,0.035590868083653304,0.7998123872600549,-0.8427937164758629,0.11401792795859284,0.0033124390691248173,0.2977247089997423,0.2726424652304856,-0.2102354746569013,-0.33431317837590274,-0.19521386425632153,0.3166834393603609,-0.5027680215150605
2024-04-03,0.7830914770572646,-0.12882676831242693,0.22992644485870325,-0.0874610305620585,0.1172224101333547,-0.2732257663236719,-0.00841498625789007,0.5832615962797448,-2.392257268352144,-0.1478820361900196,-0.5237760533852482,-0.6443685307404846,0.5589347073603181,1.4085758569828193,0.6861969668964554
2024-04-04,0.5778949751560035,0.3743666892822616,-1.3908100765452942,0.217746885016755,-1.0910772025469553,-0.3984989880769214,-0.806245902153992,-0.10930060385309692,0.6550634145022616,0.9959198614289192,0.8112989516275244,-0.08092961267437682,0.11596066406855288,-0.18340829067614228,0.45229472684355876
2024-04-05,0.08226465396774058,-0.871339931299857,0.20888202358603825,0.31823366802153275,0.7632240721984566,0.5276166030797951,-0.1944863042442886,-0.2378487379630004,-0.5085162860185805,-0.17264805583597864,0.28352461225191083,-0.2434306920239891,-0.6133831778274432,0.5236424875595495,-0.21390455834579625
2024-04-08,-0.45495185189266285,0.19477358863296654,0.024465747335762955,0.21960664853155992,-0.03822117448652709,-0.6318704540468839,0.8543581174707354,0.13380521517501767,-0.7453012050008246,-0.291811448276474,-0.06550936661045609,-0.3029015822919624,-0.17201769369500103,0.41722164602690165,0.694182580474956
2024-04-09,-0.7002959350090366,0.0709900175440874,0.5888796080255172,0.3508590396296495,-0.5112855238718814,2.3102754357558206,-0.7644208736857292,-0.8030592841452575,-0.5912674544895198,0.6229802170970933,-0.2984025915508472,-0.23244808453713206,-0.6002562446812995,-0.036732185536829,0.7635227600498856
2024-04-10,0.2135732729431341,0.2820750773519166,-0.232131411831203,-0.010884043033194152,0.043818732237939306,-0.5832700834263282,0.4195233578339891,-0.45592515047167215,0.5937421355190851,-0.25759821984581116,-0.02526373236231061,0.7068935151686195,-0.2654150247846765,-0.22297392648527148,-0.3033769065677201
2024-04-11,2.611925931453577,-0.9611987795563497,0.19637886064019455,0.37036200839609223,-1.0126324607805177,-0.6417468276270413,-0.0676319699547756,-0.7808135446014346,-0.26236329911275125,-0.0033063684519100793,-0.14157170402875618,0.9369962998726927,-0.038345671280980875,0.35709618768009266,-0.08843070675015519
2024-04-12,1.5178803599289097,0.13429107288070274,0.12062852548361191,-0.22240988567669084,0.11815225298631482,-1.0682476700064945,-0.09224832758425439,-0.18006499255552066,-0.27979325281463385,-0.22286927952245972,-0.05911210599917194,0.1882300272382078,0.04111825140198189,0.46254126101025994,-0.3549253080646466
2024-04-15,-0.7494535081406742,1.0843125383521264,0.2821946153954048,0.6731982916638348,-3.396604573109766,0.5594420013677714,0.3458543414257862,0.3717242341133491,0.802829362512554,0.33626309665467513,-0.03555733412908668,-0.02574376785015553,0.5361898919010245,-0.2858724224528637,0.2135500194439819
2024-04-16,-1.1153998542100003,0.7385749096886067,0.11010685438079931,-0.4486476222087833,0.8772419240275426,-0.22879378093163372,0.10917110428492188,0.588243177127169,0.0004038053776997952,-0.5055832596080306,0.06489549036935666,-0.19782077141663068,0.063167311335805,-0.7972060657645246,0.4081644553582512
2024-04-17,-0.6009329598606534,0.2959483462767731,-0.472747351046515,-0.11971506085292893,0.4169913871785556,-0.24479347760010084,0.1664880533032739,0.36103222546257363,0.4055910312585336,0.2377988520288219,0.0419730700071369,-0.14644887762211356,-0.18231664313443552,-0.2452329446645367,0.09184609875138539
2024-04-18,-0.0999166356233569,0.3554146247577211,0.8667271414816649,-0.41816291705301184,-0.40475358461484695,1.0391891814676875,0.33891210002343425,-0.16446428151460923,0.09458970273709322,0.6696204750196925,-1.028951465412229,0.6022751140258487,-0.7473989088670506,-0.3196048838734865,-0.20112452836983674
2024-04-19,-0.8636875698752253,0.029416871076485607,0.223178048406113,-0.22587460467197684,0.8232110371841119,0.5360585409630129,-0.7038373209125693,0.9170967680390826,0.07522434013979273,0.012728871316647794,0.1661758005012013,-1.3175146486811427,0.6950866097663237,0.07721748216777025,-0.7480615148282747
2024-04-22,0.37791887607780666,-0.02592941292867118,-0.19577695587607225,0.37768592773018816,0.2343305761563606,-0.6753112295360654,0.49657817704656854,-0.4332637944884295,-0.39782366602887886,-0.3288340170876883,-0.20858800329320337,0.6058499010344045,-0.676673125003518,-0.06660965525271045,0.9024364752975793
2024-04-23,0.24895692592533303,0.03692691616652555,0.11283826143270781,-0.2147452229809318,-0.13431935594791822,-0.09973649046253136,-0.0036956608607497943,-0.4874174966234072,-0.25545719136046097,0.1822455092722971,0.3858222218991686,0.2540186802980573,-0.48940544320339635,-0.15740557218845708,0.5537836453346827
2024-04-24,0.6374835954901149,0.27232076227938273,-0.03097205642391395,-0.4258933560686906,-0.14084660999698892,-1.0014856135297368,-0.12131227131335268,0.19137194100189364,-1.3517704612066717,0.7717825890723626,0.21460190843004123,-0.7200655488651696,0.12453303417989256,-0.5524658985902974,2.4286982129414625
2024-04-25,0.8675388934188787,0.6127304140146903,1.7250095477554712,0.7210732127172146,0.5253148358994107,-0.2609334586816897,-0.4562001595225964,-5.837948416899841,0.5934344952304278,-1.7738214731627124,-0.5731284951295403,2.4064443343281954,0.9102561283717255,0.10081705022291454,-0.01879367302533287
2024-04-26,-1.467268188684062,-0.8215366846125595,0.6007067222601145,-0.0013618244434256965,-0.9035366515588248,-1.3987519325577737,3.485773688208147,-0.9718442663543271,-2.45968542336437,-1.4519448745933559,-0.2799183652486388,1.0517533643427213,0.11902701394747128,1.6001145839514446,1.6978813217160444
2024-04-29,2.2286666781868156,-0.04451070978585048,0.4923479354013385,0.6413338485779652,0.41315401315811434,0.0057675428477453605,-1.5721034005095633,0.01839946408063131,-1.0721131893330647,-0.6067192377698727,-0.6179206833218508,-0.1297339261830381,-0.2865648688740771,0.5920582549179247,0.11547735470648812
2024-04-30,0.04229269852967188,0.6069957689568642,0.6203454465753135,-0.770203125149937,-0.013586203908093175,0.03622586283814799,0.47326321020599904,0.2835195082391615,-0.21641686970864304,0.35979585578816814,-0.8547479747149769,0.17753512480452271,-0.1140396409432527,-0.14829221359692157,0.048295733358263204
2024-05-01,-0.8683206723632846,0.4041742379501973,-2.0578937294867217,1.0585711805300964,-0.05086701253893949,-0.6010618668604932,-0.5018734919938409,-0.3711452475551268,0.8648305615676536,0.5040756589900109,0.9368820887063911,-0.6852548486000299,0.5121261816370541,0.25849658309059276,0.2265486734434502
2024-05-02,1.0141784163426135,-0.1910121034803658,-0.6176357850463741,0.9330688918550216,-0.41420823549780916,-1.156882866750772,0.05545969955330632,-0.5257505024200855,-0.7416849317043464,-0.44812511464106797,-0.7374528014859466,-0.0995096424901083,-0.8346082297117196,3.7165828640439713,-1.2970506084041016
2024-05-03,3.604653543331695,-0.27709679662504205,0.6413633373446963,-0.6261821570620356,-0.6521993182555388,-0.5535639668256881,-1.05337338859333,0.3468195576675555,0.048982938304464096,0.7012565102535127,0.40260096743822915,0.5655294264527999,-0.3397921360174957,-1.2985699553023786,0.047655137954878635
2024-05-06,-0.6077879506017402,0.4816302682793017,-0.03334501399198797,-0.13965010932060462,-0.37339072178308436,0.07525598950567773,-0.12552350276437005,0.1557222027603502,0.1822539861315952,0.22884433980577756,0.41392425460378013,-0.2869438281374185,0.17453676227523995,-0.43810143774591104,0.289695311503951
2024-05-07,0.13877505111447175,-0.17916566072638412,0.13027576347711814,-0.06550592106221266,0.351377300895451,0.12615849105004795,0.5048015837066167,0.30819736366424816,-0.12639933218897237,0.486982891990113,-0.8444896757693643,-0.2589993652336506,-0.08089351680713407,-0.5436809804339012,0.7131231242939311
2024-05-08,0.07771440983400676,-0.3321575090392803,-0.11177099886551456,-0.421082329203263,0.2911825024962311,1.3698167622849524,-0.7445006259226962,0.7091632952178437,-0.8741625723629273,0.48677473751356914,0.11181520763195027,-0.11570822004200572,-0.2786673381886924,-0.20060852124096115,0.10422579193307338
2024-05-09,0.5607832072808216,-0.4085525572114438,0.014364961651529201,0.5519910556247225,-0.6688193577838049,-0.5772910392137539,-0.0006147455327986384,-0.4154780181241214,0.2869381385924098,0.46653042358285357,0.4027557148160115,-0.36375823934091195,-0.20206801704251856,-0.06862665512262557,0.3065839557800704
2024-05-10,-0.4548454593493974,0.14409103786726157,-0.267232410840268,-0.7827131885879269,0.2703045075569536,0.5258626540770477,-0.30236513865655534,0.34070327867640465,-0.43115736061440607,0.08570254778803973,0.46813868295528,0.12153252872684747,-0.039113685844046134,0.02118266982560499,0.1326640129156273
2024-05-13,0.62778867666199,-0.24581124635280435,-0.15777355992753872,-0.2725321147209846,0.058037013382304214,0.4445437469661039,0.046803556130377594,0.6423727333407466,0.1391731984200718,-0.22890736644242404,-0.24817347826684422,0.43156588572225046,0.021470833121415234,-0.030700133597185986,-0.6474402271756603
2024-05-14,0.10669315365343024,-0.7322225923988213,-0.16210132908280417,-0.28710975144717127,-0.6058423064988236,0.1347309060473642,0.2972183046629551,-0.3893568196387937,0.04830725213840659,0.08390066248019906,0.08866675567827026,-0.3425675444047992,1.5423799194625163,0.2304527311443234,0.07091098351582092
2024-05-15,-0.020539774997785032,-0.019056742966104823,0.4119203554713463,-1.4412467118411723,1.1494063581982157,0.4335682136665713,0.002477193857511162,-0.08786840263001622,-0.6264048696276711,0.35315161613054014,0.2166299889771286,0.16820497857324235,-0.47615069854502756,-0.03290845894306904,0.008071546436043464
2024-05-16,0.6623575126362002,0.7310865606044258,0.33039867626881325,-0.537006457008806,0.01627236061426862,-2.0892424324307965,0.9771238973829806,0.35021049102274143,1.3096078855264954,-0.6763022034437756,0.2292439892320573,-0.466588849979495,0.2749493445799457,-0.2970867771375777,-0.13860386663935864
2024-05-17,-0.029541125073894583,0.07486961121709751,0.4195304533428042,0.18342555583174808,0.14992898603402827,-0.36654402909928735,0.23009636446024812,0.09115294288473084,0.1558825196948669,-0.24060461309336179,-0.276019850855932,-0.7010023810719626,0.4263859973530112,0.024390949545450333,-0.052368551936990804
2024-05-20,0.5550302994168452,0.4973330825296268,-0.39471196753483473,-0.7016522455167329,0.1997848082401232,-2.1010011731618,0.3653729781824736,-0.008390935977273528,0.24094413483977628,-0.6440215328349318,0.819374106249859,-0.17454284086354432,-0.03447430076503544,0.3043639011004445,0.7946143791274243
2024-05-21,0.4903113382651702,-0.09545659490582793,-0.396011658720673,-0.35437454649423583,-0.6339200438532351,-0.310429484719178,0.07756930754551793,1.3341764262850089,-0.10206706390327765,-0.5680811156551326,0.5836173770707089,-0.13745542896818796,-0.14267329121636924,0.5383973235121261,-0.194216032224428
2024-05-22,-0.7368199971990218,0.13793610251075655,0.001922768619728843,-0.06518966426317388,-0.12031514873668776,0.6641678081926823,-0.4517615138710803,0.14524256316189046,-0.6618376393809853,0.4265331038476796,0.15286718007583247,-0.27938318198419937,-0.13469488177453798,-0.012783752761475753,0.5080548710184123
2024-05-23,-0.03133707636616356,1.2006733230086357,-0.8047343423657659,-0.5022264971251296,0.12886950408309317,0.1790972760254541,-0.6946679490620546,-1.249997437912569,-0.37019837611117756,-0.47844259634233977,0.056391955997849075,2.7123102983295015,-0.38344370704932174,0.3530927387494534,-0.7009776592186969
2024-05-24,1.1288074021698664,-0.4193937084900541,0.25448409995710863,-0.23779687212267056,-1.297596607653356,-0.23738293458506687,0.5719591837250614,-0.34420668265572046,0.20842809030419307,1.0285966898255738,0.39213334351081247,-0.11816583310212503,-1.1118853197286316,1.00966962578424,-0.4275910593024609
2024-05-28,0.22626245660819336,0.5552171571267116,0.21509985566895873,0.22745456752568227,-0.5026844968594681,0.13318420680118692,0.3129400369587503,-1.0078496108817223,0.24352293801013464,-0.31749600226868885,-0.2835290931696667,1.288631538001769,-0.07790896945466175,-0.2009135705779697,-0.5603416471985522
2024-05-29,0.2538678661657604,0.0848704330343476,-0.1587388583552256,0.04333108895845099,0.7542404898861281,-0.09252931887915916,-0.622970558013615,-0.4999048513904769,0.08506284151884724,-0.34183051034918077,0.03090571360960742,0.9731623636810954,0.10775424423400837,-0.2698565589586447,-0.621869376907336
2024-05-30,2.189409987889551,0.1668627915039087,0.6927654438097773,1.994636274156558,-8.43940117890861,1.995444804557952,1.5198645442676797,0.6517924058958524,-0.06420790513552949,1.572142358140812,0.5998442830631685,-0.4760481541985241,-1.2885352674833515,0.573366408863012,0.7554119843713465
2024-05-31,-0.20543482801887883,-0.4655142835630217,0.5051445219228681,-1.2733360884955502,2.3817529731407827,-0.0551735859987571,-0.22901562342797105,0.3866633517917348,0.8862683885157941,-0.018845496367691603,-0.252871211234968,0.2941628787010313,0.07675674676396271,-0.32231078969108135,-0.6469489493269545
2024-06-03,0.7010734138716065,-0.6343482505665808,-0.7158368838310631,0.29497929148445046,0.17983361694377153,0.8135171712844542,-0.41552121361658756,-0.5936249460412883,-0.10965535954617855,0.6741582587048995,-0.7075883333710229,0.7684442073892166,0.3958644176282565,0.14389616000542568,-0.2946823615579347
2024-06-04,-0.27232497058180744,0.3386492462547307,-0.08767916482356441,0.12407072779796477,-0.6461045936129819,0.8615184704001015,-0.37621924517237226,0.07437932752469362,0.011230757019292381,-0.2150273966323068,-0.03763760121194437,0.8436244220782994,0.2194234388852227,-0.3444851376592588,-0.26652389028648765
2024-06-05,0.32327104685980274,0.7857745806852436,-0.3074668798789728,-0.4144126445923245,0.12294593515788932,-1.7885957256324918,-0.45329684708187706,0.28144751793063294,0.9445025913928284,0.7361228236213417,0.5181013809126892,-0.8345870246003868,-0.31825905918949315,0.07357503673446364,0.08940243483341437
2024-06-06,-0.6210035186897602,-0.25539463137277635,0.6534748510178359,1.0729190755011158,0.5033018961267277,0.20750497202488688,-0.27213324806735606,0.24780800469797748,0.12272169388145701,-0.42320712430545276,-0.4493759018464285,-0.3367033231127649,0.055207107971448705,-0.5757453536778355,0.1336852328505736
2024-06-07,0.5829893098416901,0.7380860151474004,0.34781995948388167,-0.37604893979610043,-0.07586331961335847,-0.9213419575426867,-0.8888253052077623,0.7090941023478137,0.5475810625906053,-0.19433196487462948,-0.2909975709627309,-0.006659301956881608,1.4775157839540765,-0.8846276576195211,-0.5118656605762879
2024-06-10,-1.363161757243782,-0.7326136611222196,-1.1308994012956088,0.8941294698800689,-0.1844025677180021,-0.23817362198115402,-0.11932697598528706,-0.05625445150907815,0.624460609405572,0.6418900238857873,0.4371626789992621,0.4399901967729741,-0.8865877161144788,0.6700348980765028,0.6149792971877562
2024-06-11,4.280973789024713,0.2072154031032677,-0.5519660012399297,-0.150566624792279,-0.14113580832833908,-0.600573978554153,0.2314863146902179,-0.8331644465601411,-0.28981182691196544,0.17269756831846028,0.4947345024898093,-0.26064568216167794,-0.5034287905648825,-0.7953332894640279,-0.8506843783322536
2024-06-12,0.9770010728289581,-0.9542584724122445,-1.2930692672371493,-1.9768429042557967,-1.7094535680900753,0.12153050979322752,-1.5005272727988652,-0.1282668185076291,0.07634542792490645,-0.9033364090623683,-0.09356560911081968,-1.3235285552177536,8.043816122654917,-0.2917328094032652,-0.46217703371432434
2024-06-13,0.3123655271558396,0.47557926614979984,-0.0761865503777372,-0.9708510499319813,-0.43449867721230045,0.22938609296203893,-0.735772044223207,0.6321187969086409,-0.19666258787695592,-0.06612900798965143,0.5068152589057558,0.8777251071353904,0.026680824178822338,0.4538975013412899,-0.9293989727220713
2024-06-14,-0.28925532441486085,9.139140262218287,0.5783094067865934,-1.4305921886676387,-1.0476476863107393,-0.05237914086693912,-0.8490097342971958,-1.069477393489759,1.2574580872465062,-1.5729422466997276,-1.3544932213905843,0.35625788155002347,-1.161601216518257,-0.7329960234553017,-0.798201470598001
2024-06-17,0.43562820947471,-0.8940697902214985,-0.8015131678011885,-0.021223987804581276,-0.07152549906511782,-0.2649709080482432,-0.06269327488816136,-0.06410337685334272,0.284860837551015,0.09289967023882344,0.683277922592359,-0.5351135917133862,0.8020941458569121,0.7734862145020985,-0.5969749184355218
2024-06-18,-0.823615268008063,0.5937046163052188,-0.8415112027228111,-0.6117297611183825,0.28212212317940616,0.6480446018363474,-0.8761006034683108,0.5667739033228343,-0.2801631875160322,-0.7370879474451777,-0.49476491570717773,0.8886526845986684,0.9887616386954687,0.8087122119521403,0.23008097963714963
2024-06-20,-0.8757639232191088,-0.23445305753512632,2.8891431779793653,1.1719154827552016,0.804566117030632,0.8617727789585423,0.17069300303930132,0.4455886245384526,0.6259178572527915,-0.6617392555056876,-0.5657313229186536,-0.09416020892180033,-0.2212980672715114,-2.015737464719481,-1.131850057770558
2024-06-21,-0.75899188187744,1.181066654636798,0.21888667356526503,0.9628643348437594,0.12123577667683771,0.5750570235426453,0.7966624903624946,-1.3477565232524038,0.7438793805265205,-1.2808337783267434,0.23553558174915468,-0.6150626999389311,-0.4336601942044844,-0.8338634949819068,0.43147714732115267
2024-06-24,0.903498478364221,-0.8497865296572367,0.7825497309066938,-0.7631300710955056,-0.5068767029719504,-0.6618123328574039,0.4206777136578558,0.8200769253840778,-0.5203221032075964,0.7300792017485491,0.4011952395933933,-0.6030820552350795,0.6186244085454666,-1.2628575329735618,-0.12321116357083639
2024-06-25,-0.11704280793058372,-0.052112242922731006,-0.259928998689227,-0.36480503681051224,-0.010058725872790664,0.5811795818848238,0.699436674854021,-0.8562536886178462,0.8376638484745598,0.7133877694700624,-0.08328340029413828,1.0842575519217736,-0.9377472618122109,-0.3965562867816389,0.006698298570573514
2024-06-26,1.3281470459641247,-0.2108065266611332,-0.33690669308104215,2.479085606062262,-0.12980121969712827,-0.7811249344361167,-0.626942696469251,-0.24499521077324188,0.586134477832651,-0.08889819243082545,-0.08325276161499412,-0.2945070529977646,-0.48683729694780836,-1.055035115226922,-0.15625313894086001
2024-06-27,0.32935147951468063,0.655152957573933,0.48071412808263275,0.8966864223345421,0.4614336342148073,0.40623067949870595,-0.28167163336118245,-1.2581105200891822,0.3531388706969155,-0.15839528759288812,-0.6731935134802112,-0.4052114259169441,0.6009077007887912,-0.42844401804076426,-0.17966213053480737
2024-06-28,-1.2681409112610376,0.9670457394423166,0.7120849176749825,-1.210520210919885,1.0887004756281942,-0.20267030328131816,-0.4889806881658183,0.9179295251085073,0.019236921987839883,-0.9854436085165871,-0.6847637599749645,0.4116136373452542,0.6946516869365931,0.931162359686696,-0.14647330494179886
2024-07-01,1.3205587905765102,-0.19091831695422262,-1.2250386221672858,0.674331804283014,-0.5783327600213979,-0.17376710652472382,-0.5073619048580247,0.6353727234172766,0.07320447674869282,-0.5283679857469716,1.0259385017285898,-0.32174100659149324,0.1609617202552841,-0.17038695400649617,-0.3700655395298703
2024-07-02,0.33556787932421955,0.10942626254391441,0.9571810026393132,0.5806533387309618,-0.35149955409574485,-1.022096943805866,0.300326701367794,0.31187968848614445,-0.14228297129441514,0.005946747522773743,-0.28916882247061076,-0.6067858336549817,-0.37770808058215033,-0.589183626198825,0.3605621354840286
2024-07-03,-0.2272967047971725,0.27376889593651155,-0.3067716107966971,-0.9431246102487689,0.8296035148827445,0.007109246150836301,-0.07897502948552997,-0.2112422738236711,0.3568433600585929,0.12551534244451346,0.06347555000740307,0.6090968626722554,-0.07912973236181992,0.15446937443785191,-0.21025160787478853
2024-07-05,0.6212850521523745,-0.2216762075457479,1.0962014551210015,-0.059746596136972974,-0.5294188905178003,-0.7871780172447795,0.5429596678712024,-0.7126794179043577,0.9413802081075272,1.9052115023683442,-0.04529457216794075,-1.0084939572031881,-0.5198810674935045,-0.28915606191570004,-1.0755583114645528
2024-07-08,-0.6873011524452385,0.22556748621042977,0.5620659255012797,0.5307579631182007,0.0964115090496197,-1.3690810554429231,0.3038380211323878,0.61860797556944,1.4933057332739597,-0.3501964502432554,-0.07560996373675816,0.42109533889309997,-0.2652944093228905,-0.7086376002635972,-0.5885736998070904
2024-07-09,0.109630769836086,-0.325902951690425,-0.15929107379683805,0.5634657914506347,0.08465985035809775,-0.18464740795362977,0.4061802423515413,-0.01714765632294374,0.8635185922636048,0.6586750372382115,-0.5685539322073834,0.7320899648312619,-1.1652279140527975,-0.10926910924232702,-0.41291467136520543
2024-07-10,0.2256430456839128,-0.4854334102654324,0.556364731839032,-0.30267479390875807,-0.210331495957109,0.8502009144247133,0.2376526462594284,-0.14138419205988118,-0.41146057737207375,-0.24420977165165192,0.2948862220852906,0.38130244971906824,-0.11699852019855406,-0.46777703871557214,0.07095901827637963
2024-07-11,-0.3358977257391993,-0.12501811008634467,0.9255894732190781,-0.4012853046714191,0.5256873268193981,0.9008332679677907,-0.5862398721328161,0.41815651360647754,-1.0560026026554903,-0.8935291104037024,-0.35399788595537296,-0.024907077831462843,1.755398732967606,-0.05406977438234861,0.02313145853738141
2024-07-12,0.20448367036691373,0.043601305514648386,-0.75646160936268,-0.02142273526833144,0.4955173145711364,0.9955168862999222,0.12631312326044497,0.9473863557327339,0.3549154157498018,-1.5308715624362392,-0.4424150626499373,0.776664902480728,0.6427040522664929,0.28130319876550625,-0.2944267698484053
2024-07-15,0.6335534805490626,0.4763528235541954,-0.45928765842765595,-0.5727284386096658,0.041380205860675076,0.18227545621671687,0.3880549126229679,0.07778949022609125,-0.09176654177992005,-0.18366696105381292,0.03900539057057792,-0.35740596331364755,-0.6406475212360144,1.0626866268983928,-0.3064081220925903
2024-07-16,-0.25810986681473147,0.10024989961996349,-0.7351624466302723,0.46760729056929584,0.5278193694239108,-0.39705851485306154,-0.4140039299982047,0.5564056293240581,-0.6331855471454979,-0.4838776605023849,-0.6641389097289299,0.021262042808890658,-0.01783508360570485,0.41074087263724884,1.3529800369284335
2024-07-17,0.05619904032238954,-0.09982444725513473,-2.3480753855127308,-0.32475090338175905,-0.46063136677256095,0.7416803539021659,0.6819041846101355,0.028839974116439238,1.2235356665560921,-1.38131895958019,1.0046934664777152,0.811911719390781,0.5678899270840323,-0.8811128772625456,0.9763294970879772
2024-07-18,-1.3916513739353447,-0.002741002083581301,-0.8268087296768862,-0.9166264747984048,0.23371292585228065,-0.5922310442684597,-0.5952260754301185,-0.26205950873643447,0.5835675341197273,2.0231584350128933,0.11514012582632349,0.5542021399308196,-0.23273846826474553,-0.11193337937173393,0.6155912286824532
2024-07-19,0.9864021564965095,-0.6149229192578178,0.2912380676319979,-0.20888474046180766,0.15685028639581078,-1.357505819643829,-0.24958064966330945,0.4720646608516986,-0.696729143029295,0.7828585379099622,0.2640898653766899,-0.9255996268501957,0.5409539600586104,-0.18103461760632045,-0.907829553506964
2024-07-22,-1.4424984643805923,-0.012383419443604105,-0.0005818766134020326,-0.951092010658007,0.7284047734935162,-0.5808506162192694,0.38099860612573755,0.2065157503541815,-0.22192855882941365,0.3100677531485505,-0.19894258028204825,0.050601216737423016,-0.4402078931059325,0.4561279953336168,1.05035624009449
2024-07-23,0.5212024140120527,-1.0954872898094037,0.31351124845510503,1.0310419924357717,0.0536549001782152,-0.7098207600450909,-0.5879767626552117,0.6134706180139907,0.7211741179727577,0.17175479962529092,0.3359003509559948,-0.6129319383946135,0.8013261197961767,0.11661927451209714,-2.0860128352320952
2024-07-24,-0.3010138362789503,-0.24117274109509568,-0.2964142650379551,0.003932214714649884,0.4127883007851635,0.08359806069055586,-0.5325547420708698,0.15035292510289816,-1.2880741760102712,-0.3844697550463274,-0.21878410919512303,0.0379248353998034,0.3607313092782578,0.0831178049444663,1.6364915291617272
2024-07-25,0.25165766040344073,-0.12991264441234943,-0.5758290135215116,0.22023676421952765,0.7299453512156564,-0.6402539855854403,-0.8541315447636876,2.0781592189169404,-0.8763190240093972,-0.11701036985102464,-1.2646555362176355,1.1437562310412126,0.451421611020279,0.37140766207505993,0.056805046198011855
2024-07-26,-0.6760966189232014,0.11128293372104392,-0.20053192963464522,0.29760667665170326,0.06717966559576516,0.7955445308617337,-0.7598233264690883,-1.059593019366495,-0.24270551351758113,0.4085830245485649,0.1661914563094009,-0.00584808915505796,-0.21539112615240716,0.40931983389047977,0.8421189005402301
2024-07-29,0.04795213728043604,-0.6890708501074343,0.2592666630901901,0.15855331220055496,-0.5710995845340529,0.16509240091344546,0.6316865264007568,0.0004929067188112896,-0.32614530619325094,0.07639622327831085,0.2780784787222892,-0.48797177486336013,-0.29063959322285593,-0.06999803058191767,0.13398093351360513
2024-07-30,0.6622256181870002,0.020746210123745473,0.7339996672064805,-0.24001803533677096,-0.21403808246621153,-0.2934849032793764,1.0398888840485863,-0.5172585035766397,-0.1892994460890427,0.5175208462221598,0.02842157515534105,-1.5292051275774492,-0.5445514159584699,-1.2687083733022764,0.48306534484499886
2024-07-31,-0.517851692992184,0.6296529552566341,0.08751979159558321,1.2353911049360398,-0.08146050365430639,1.2082524155687993,-0.840613031946527,0.31757113089239414,-0.302072180038897,-0.16196686998389098,-2.489736624640699,2.580713334851232,0.29704686542714076,1.3321537590934664,0.028768428611547048
2024-08-01,-0.1737886171975378,-0.2374450786984083,-0.4865652737473214,-1.1889224239451321,-0.3058052134692355,-1.3625103276349004,0.38167601838128723,1.0276110510821699,0.43125786605753014,2.9437286777986937,0.9768895046745516,-1.94644348806742,-0.1851182056606252,-1.52342386742779,-0.3291196843945694
2024-08-02,1.9405587989170496,-0.17499474563614648,3.6448583909825105,-5.2381289342200645,0.6494750770052578,-0.4059135911452336,0.3532348005314361,2.6435795178430967,-9.403508785030786,0.673653403284544,1.1299961912188075,0.1854959040152928,-0.07170321700393512,1.7968634618119295,2.17338946151569
2024-08-05,-1.8894865023868097,0.8647758982755018,2.9027167869951622,-1.3432613948929366,2.1317145661889527,-2.4700673529261383,-1.1910733354347092,-0.7024795492554259,-0.9811026788218693,0.09328938922588903,-0.13591281489453033,-1.6643653985295113,-0.5950748677017548,1.222236785817017,0.005498130390265921
2024-08-06,-0.952205512317343,-0.10764173948669176,-1.362026825407175,-0.07249171587391362,-0.4906506086069245,0.1649999399713633,-0.6844861683391013,0.8479262918940802,-0.8530989729823006,1.8668457568319106,0.5322113556226138,0.7015195817491892,-0.33091159274678106,-0.13751721637374675,1.2450241215656495
2024-08-07,0.9269767113593191,-0.2844600940266372,0.2958715749538068,0.47575095066214074,0.014912981485746324,-0.011522717253358749,0.4096271605570176,0.0882947918069302,-0.39119933017878805,-0.4924599504459262,-0.056296786981076596,-0.8054611482436473,-0.5090906058177369,0.35577195883979146,-0.18674626381213788
2024-08-08,-0.4719256540238619,0.19736133631025599,0.4788005637705999,-0.5038520030628735,0.2183012429121165,-0.11130465118230326,-0.04496089834997852,0.8209473952022259,-0.04423419201210921,1.5895618066554358,-0.708766673066538,0.006434904325383961,-0.6003021653571926,-0.2554971596965747,0.381089671271706
2024-08-09,0.42233097034348216,-0.05995882459298457,-0.38969206268453443,0.009708669950769355,0.002241828780786992,-0.3062891485053206,0.009075720324996261,0.5653405167187423,-0.778992127110931,-0.058808257005797615,0.021744485521753898,-0.2149474732961038,0.7548904281653043,0.0939912473494609,0.06869279194274902
2024-08-12,0.09999538785292675,-0.004642875352429521,0.3728289767086143,0.3292611424343514,0.4294415682400741,-0.22317301119957378,-0.5257793476284868,-0.36512972889676343,-0.00025381712588856686,-0.5738848293768121,0.19096768388655938,0.6083880980271738,0.08379485961146835,-0.637836738498186,0.10209651699547577
2024-08-13,-0.014756184901485336,-0.40797002990843356,-0.041021393208582335,0.11394169774250718,-0.0589874368151021,0.5561455901958299,-0.21723198844476743,-0.376532078982229,0.26878103595437586,0.2650160236814626,0.33563652962547685,0.33159557741669965,-0.5321136166034997,-0.1576677696228217,-0.03326731864953292
2024-08-14,0.12505633510099323,0.24815529640949283,0.1587318018621938,0.10590705023594446,0.09097488625841446,0.07239354130804643,-1.3224055822535703,0.28085484021910445,-0.44881968303450626,-0.03508655300708116,0.7328557079325091,0.5357032557817645,0.45948751042345237,-0.14261073958402712,-0.39966329356822344
2024-08-15,0.20899353029394824,-0.5576624907291297,0.9872718436298391,0.8205193005927949,-0.5523148103551812,3.3424945757155333,-0.4900710028673401,-1.9589186797132963,-0.9908390928347794,0.7767544999745816,-0.039873883103465735,0.38031302170989867,-0.6237429494218255,0.29700680590823514,-0.4225337679733334
2024-08-16,0.3342665863522688,-0.3103593402557874,0.43891621063220054,-0.1763393853201809,-0.13750011339186258,1.1861753782981206,0.8289714476123456,-0.7341552931558258,0.13589731261994842,-0.6542190575149437,-0.34884990022512796,0.41781177492694244,0.11220000646495158,-0.04001629706026366,-0.6431988900701663
2024-08-19,-0.6466569765763747,0.10689488496383825,1.0715860671464488,-0.2614562747800254,-0.13289174630358636,0.6145057076731605,0.8802589443842931,-0.25828897617363433,0.22782084675855596,-0.37951763630290203,-0.08616808762359762,0.459443709292944,-0.48577565004551615,-0.19677456167203572,-0.6955597314517995
2024-08-20,0.03146206696162479,-0.2755600956714657,0.2597005078454797,0.1288487196934625,-0.5085083166087403,0.07304637504611308,0.25725028759697954,0.18998035229971383,-0.5638426650297347,-0.2395752597126781,0.63068375231063,-0.6078452080244866,0.29791270028656297,-0.29342112007538484,0.4014321072401865
2024-08-21,-0.343102743220253,0.14238279506298251,-0.19869330193356644,0.14819254426662468,0.013285855463132643,-0.27470571621384476,-0.43878499695584655,-0.2199015606093424,0.03759183765402596,0.6907986392960255,-0.10272647981901958,-0.31475950730526353,0.0592139127105068,-0.16385735152762332,0.7664935992030052
2024-08-22,0.0982171701189577,-0.07900697106969823,-0.23852868785288261,-0.0981690333143792,0.24149375834912262,0.2550693933993369,0.18739888762486367,-0.04229634483162037,-0.23107962754490674,0.35656332015211745,-0.5672950770783062,-0.05056920407381382,0.06966773337767573,0.32492901564279264,0.021236186431794035
2024-08-23,0.024625087762036924,-0.20343095916069112,-0.06363104719475543,-0.21018119777042205,0.6229515007076694,0.10656356867012251,0.4570338369256783,-0.7170742733110068,-0.14949770757349945,-0.6533202428978346,-0.08443925032640637,0.2421527398273573,-0.15616889087178415,-0.05177344764901948,0.5802680836711307
2024-08-26,0.36909293721380604,-0.1447564828306075,-0.413965227243811,-0.22601617697535623,-0.051921269614876475,-0.2348036217266582,0.5955743118108296,0.4842573585533426,-0.08352038750971458,-0.22480453800212363,-0.23575256864554106,-0.028884153621067887,0.1685729193387363,0.10493230558353028,0.006206131319193342
2024-08-27,0.04279475174381339,0.7438013675564483,-0.10145363794771797,-0.3987955983848243,-0.16737991599440907,-0.16206540847927897,-0.18534973316018527,-0.12020018650616357,0.06489256892124738,-0.0338832297286053,0.2560642332392311,-0.11633717925892267,-0.5594830537626645,0.419546782459571,0.19931151741078645
2024-08-28,-0.26182373841496726,0.026567627673867333,-0.3548016639007428,0.24359116560636584,-0.3205806810676014,-0.45408555492367486,-0.007625423370446693,0.2894067558082166,0.501660391246594,0.0719225538451605,0.003797290756613503,-0.1477378512554357,-0.006198971911802353,0.19866972796103255,-0.02229290165064901
2024-08-29,0.7397029907210375,0.18815454718350116,-0.05026033640817183,0.08307354205416756,-0.9343992848488591,0.2549943034109206,-0.6200932799821416,-0.2763358069035888,0.5242203240455239,-0.01789099440928038,0.383101398906012,-1.4644183988061896,0.5326097407517819,-0.09405906964796351,0.7978267131157817
2024-08-30,-0.8134450540508342,-0.33666347303114197,-0.00013082708882861116,1.1479844271719972,-1.657125617518837,-0.5642237994902146,0.13137109008338355,0.4922952941555142,1.469301705064561,-0.17981692173047037,0.151260076157691,-0.5203268914848074,-0.15123202916855621,0.24666577293315006,-0.2564860916811449
2024-09-03,-0.37531984560961473,0.4338656039744532,-0.5613080202561882,0.8760943079915127,-0.15756842642917568,-0.007600531930527787,-0.9969959011878207,0.34439920396866897,-0.1852620020464688,0.26699896368777565,0.2163960730928116,-0.13846203437984306,1.078619096056815,0.47668764905032246,-0.9209498875564783
2024-09-04,-0.5680779472237617,0.4538619595359689,0.7930070661228263,-0.4695408369157345,0.09628519284361267,-0.612718984807612,0.12958145517476116,0.741448203918158,-0.5873265378326319,0.4166467981787881,0.20755709263672,-0.6817948104686422,0.08949064985366678,0.1233445553959644,0.19653564757349923
2024-09-05,-0.15982915468570685,-0.583853620019426,-0.24504186699043004,1.3070800647591696,-0.0631827120677887,-0.251478235662995,-0.023321337234927353,-0.17979942358160228,0.3514147246918608,-0.29039036729791434,-0.5141710451906307,0.20600499380121678,0.35896392275677935,-0.0466457225243757,-0.25134358306076215
2024-09-06,0.4078318236942007,0.5416884512467539,-0.1445779618923182,-0.3170714311408882,0.5940299836945747,-0.27549343650634195,-0.8774045737371372,-0.7011224667250342,0.6974461783154646,-0.304620792509807,0.18852533796950266,-0.09070265616941897,0.331300303511826,-0.015250771293984888,-0.08325214991001229
2024-09-09,-0.2995058036941407,-0.032745003548060425,0.4762215604322653,0.735041348610669,-0.14124468690350694,-0.462094979830649,-0.952721484973633,0.29656997645311,-0.29153211567627085,0.33928233246436995,0.5652886700379103,0.3519041703431671,-1.053642058774454,0.0143397603571509,0.13190268101339364
2024-09-10,-1.1485930846234829,0.14027749354057156,0.23166045062177987,0.8121257989185247,-0.03394617017584853,0.06753072135953977,-0.5339965236356397,0.4286204531137806,-0.4942667013957534,-0.6344932431673891,0.9255728110176477,-0.7342070104936884,4.076067870411869,-0.9454686244650756,-1.214460960684162
2024-09-11,-0.2203363153970901,-0.37830813134315555,0.3247118414919954,0.263706272838933,-0.14283163220764505,-0.27686435007114363,0.12394048051027662,1.00320122334552,-0.17083182928774865,-0.22448493775863776,0.6356567243520144,0.7034755064596776,-0.5979643123182954,-0.3572115240763878,-0.6856907476527927
2024-09-12,-0.6062591309902091,-0.4039976840522082,0.2448330621694728,-0.3296556269976666,0.3174865555488212,0.4268959830973091,0.4582724342132305,0.6325292641349858,-0.5051419410675276,0.24734283947507452,-0.20212432932536584,0.6288708375198746,0.8674299888142347,0.10078762205942957,-1.3198780776509134
2024-09-13,-0.30369992198174484,-3.4818694406942514,-0.2860546074296881,0.1159079440527174,0.35094214989733363,0.39209406569769223,1.363243268457704,0.9115620087914388,0.3704659001736465,-0.06799969031361126,0.8093321778753487,-0.727921622114851,-0.11603394621279173,-0.26896537993822445,0.3227098755807173
2024-09-16,-1.8953713199183815,-1.8296558008428803,0.004093643970545754,-0.7012185788822001,-0.04657149396367172,0.8765503983815672,0.385105879586642,-0.004542350809416784,1.101974618241612,1.0282687166510815,0.1864485677300217,-0.3592838734520372,2.27192134846052,-0.02184308266182653,-0.7216922376327615
2024-09-17,-0.2792640616393909,-0.5078131863533543,-0.4188950919678216,0.44993769509442827,-0.1884433380844205,0.007071591830093982,0.2007683292220402,-0.8357267539932526,0.9118164481923443,-0.38083174410284765,0.3831129390500052,-0.4443985723886531,-1.028742991082652,0.28054055509369885,0.8926272842170481
2024-09-18,1.3266851390474521,-0.4133330543015881,-0.36502249246793317,0.17417090697041332,-0.27710456534435174,0.32807121947464096,0.397630650576977,0.4356111164157527,-0.23886396827094813,0.06977422064649418,-0.5609908164646544,-0.2917291836696011,-0.7000565342457976,0.19681847514316025,0.12277107996369671
2024-09-19,1.1038339201972667,0.8128044895143698,0.3839263170924705,-0.8130607307636513,2.0379629476133054,0.3824745783739981,-0.7610015996152559,-1.3028509045464176,-0.7821384324789062,0.18539382787461522,-0.35596023838638646,-0.49927154285457376,-0.4620389219823363,-0.3276859608549756,0.416482482695985
2024-09-20,-0.15747973036284352,-0.7057540491350974,0.4215202808815842,0.14173935638434126,-0.12671979655334986,-0.003024221334320343,0.7070395031404977,0.7307500183596352,0.6583649893776903,0.25355101254184326,-0.6092209156741147,0.15674351637568706,-0.3359724258337552,-0.1864324850680833,-0.7599097852404009
2024-09-23,-0.428040565004254,0.5185374169551695,0.27367443123043134,0.582867441569555,-0.8082964939837505,-0.19846574810150294,-0.2740424989262966,0.364158792531847,0.6488346711418745,0.49933311924295243,-0.09569528115509082,0.1664985770691353,-0.7465670897151517,-0.3769043239737775,-0.07756100251284206
2024-09-24,0.15802624482450453,-0.4496635648804978,-0.1097996229775835,0.00930072609527529,1.2466680923640152,0.14442469825441973,0.28032874360763316,-0.4374709668555948,0.062013987403370496,-0.04925756908648557,-0.7351194800377312,0.5315524472749397,-0.19642638938542403,-0.2370688938878363,-0.33603644613501227
2024-09-25,-0.5988263526862002,-0.6602070436064484,0.31664282637951763,-0.4087253277670646,0.6443734352037326,0.10291993565022807,-0.3200305892474038,-0.23146021729132674,0.6534019789628935,0.17897543416505365,0.4596623412996542,0.1532754007434856,0.038609299267650075,-0.09840744529781903,-0.3522874647393152
2024-09-26,-0.02917077382508637,-0.3797716157361884,0.36886916221299804,-0.43758138634313104,0.008547703594299294,-0.08179942976042456,0.48611368518510606,0.21916992766143661,0.09807907738852834,-0.10924720565458113,-0.14852819588085114,-0.5682129334379341,0.4708989952694169,0.13513567456452025,0.11163332977306661
2024-09-27,0.12747424942148874,0.25983771530651567,-0.3116397845516893,-0.6149700420259614,0.41584815848107637,0.4682831553578026,0.6281718950874859,-0.9863302913760381,0.3881470796352174,-0.16100185376082965,-0.4376808911482529,-0.23173554081100267,0.1367219174385552,-0.06988752972093287,0.3533217535842396
2024-09-30,1.1952082905272845,0.21773856676698228,-0.12275407892140561,-0.6539259359691414,-0.6886456274711281,0.5349492214243299,0.33184935655402825,0.17099534718371345,-0.1841396496602523,-0.2868563953259781,-0.009473427272492452,0.0018471652599163176,0.0458102452340981,0.07393569859130379,-0.27743090487108796
2024-10-01,-1.402377676080369,-0.7796446793053033,0.04000428113299748,0.5774850745619328,0.24887000586708385,0.21484390075041626,1.1559591385946901,-0.11643003828733378,0.37115175786107624,0.6229578735515585,-0.931530430234054,0.02319524025221642,-0.4216122283273185,0.2502009756257273,-0.04539497919022262
2024-10-02,-0.027007037940551343,0.28256924792346727,-0.3346511099540854,-0.01247638497518265,1.612168950557581,-0.1540582113529685,-0.16848248528106727,-0.5805516331551656,-0.34758244906363955,-0.14622682030341708,-0.43416483037110987,0.028789611983882024,0.2077932414817817,0.11800810994088384,-0.2227022047607879
2024-10-03,-0.533202938575847,-0.08092413035173363,0.285149080490013,-0.5961770346949082,0.21655328666251059,-0.23269754236418563,0.04382425568900254,0.9855527917170578,0.07338980370655673,0.6580864750967619,-0.022306769848872837,0.5233899570395462,-0.21430117359948073,-0.16537617637175056,-0.6487467035928173
2024-10-04,-0.21025784362123345,-0.1497189168566218,1.0231779449892564,0.37780991848221623,0.721909131898433,-0.35939090580222793,-0.18015246236863913,0.41921082978349156,-0.3289096171928053,0.3696259707953403,-0.8162541455551675,-0.16739196841986964,0.23837780191745073,-0.45930192351307436,-0.3181611556023495
2024-10-07,-1.0208247474454906,-1.3728139324229018,0.3630904298559725,-0.27112219590298126,-0.11728421006668044,-0.0669707179388051,-0.29372490479636415,0.3419783239375308,0.6884469962402292,0.08872214814437696,0.10115951557570191,0.9563627523308071,0.7581344185697472,0.0035391809644754746,-0.2729392408328975
2024-10-08,0.6432760366612932,0.4378732051736264,-0.17399845632332805,-0.4756894644871402,0.7232290052886136,-0.409509841219313,-0.2941500173585937,-0.16077032609767197,0.20351663051792057,-0.28901876393511816,0.05110631478341787,0.38944158125114314,0.15403166891101616,-0.5569575277021097,-0.22847907373805268
2024-10-09,1.1130612429492615,-0.5470307838094615,-0.34892533317193747,0.22106625603959573,-1.385523493573377,-0.04002225532307213,-0.7969805957663144,0.8926534403899806,-0.4425144714381291,-0.13675688480510867,0.5471068644692267,-0.22419368644222692,0.7224465602034909,0.7171464465764052,0.0022352218778937116
2024-10-10,0.016892621229010724,1.1373092645992733,-0.8282646461122555,0.41005512381387244,0.4694437582308477,-0.15703137856609103,0.24311484208825068,-0.7478936599858601,-0.027346495263059642,-0.6629023836078274,-0.1450655163932695,0.7329158184806106,-0.8360263680986805,0.21397614516032734,-0.21715298072127837
2024-10-11,-0.5758946030358596,-0.8607294675476408,0.41178430630322244,0.4568371710864794,-0.7635109539603471,0.6786949614922376,0.43279622217841723,-0.38092257108131344,0.25808581171071804,0.24612313022446405,0.05686591697049542,-0.31468442500325705,-0.1518348049308737,0.06668427944021815,0.3023960446354321
2024-10-14,0.7235841970990295,1.2945005823881799,-1.1890031611383487,-0.6685554922726016,0.075513528308983,-0.3659447188578566,0.3683597600793887,0.13597652668253885,-0.3926798499005,-0.510510505951804,0.20197587881048046,-0.15723312191878902,-0.34739562068572993,0.81741813109727,0.11444160462308495
2024-10-15,1.1162551335660087,0.1919051251192456,-0.5153049992146237,0.21750157158215414,-0.09515307844460619,0.31086185610426736,0.23438786310218268,-0.3420681931957261,0.028611254417335696,-0.6573319971867648,0.06668663975196035,-0.0734069917820217,-0.8326291892044874,0.6711658641601519,-0.5004172973337893
2024-10-16,-0.15178616702706538,-0.3704767911848854,-0.07867009858697796,-0.30056766766673837,0.18616918579997324,2.0933455260636737,0.6566526455680582,-1.1170693018172635,-0.7030181042889302,-0.47136101229752647,0.02723400029469747,0.7891190536599846,-0.009499721236963347,-0.450453775404533,-0.28780036959171107
2024-10-17,0.10023492814929119,-0.4142988080493496,0.09099311162023561,0.29477438010214835,0.058477828171456386,0.03995811448282685,-0.7041640041934669,-0.4512951317603375,0.4152182508417579,-0.10465766808436236,0.28099649222109657,0.27413097848800505,0.18308778233679673,0.06785563369171836,-0.39306687177496435
2024-10-18,0.5765102238041331,-0.2605069631061484,-0.21626768475737007,0.22825910729800053,0.1622767130709538,0.3420109063352923,0.010371017432130147,-0.4727959302309161,0.4023981281689492,-0.46789224957719544,0.11039435667900627,0.0005172945270223717,-0.5371755696505409,-0.1319532781583809,0.02234043532176851
2024-10-21,0.10822946354006058,0.3545819540149918,0.19489821628064707,0.13617213876159612,-0.37891617234017905,0.026420310642971345,0.0694600992656324,-0.014804556254833345,0.4608282395719031,-0.5083079717929069,0.033156101622102085,0.8256740581234521,-0.32435846420004566,-0.5040153796500936,-0.5233888810807098
2024-10-22,-0.5842201701486549,-0.6177590752140311,-0.686138254823841,-0.09159942658359191,-0.7263060728991025,0.12627633195834206,-0.04110709375172544,0.3035823617264882,-0.19369115373469153,-0.05424731548049838,1.3070516367566765,0.0032971786585688084,0.037448516086571265,1.0061541927757707,-0.05211023115151958
2024-10-23,-0.3760583563159956,0.5719239092518457,-0.39548633777890413,-0.218215292363944,-0.11358638930522025,0.019626707638790597,0.20122842010260444,0.1113112562497231,0.2489209242776526,-1.0183505193324616,0.5475924833523255,-0.5659731609369036,-0.26993822039330617,-1.229089745689059,2.196263761907695
2024-10-24,-1.1092986509122191,-0.8498868571106821,0.30919898597485873,0.8954869011755976,0.2568067704286315,-0.20024908843118489,0.07386961070525008,-5.413653770294791,1.2613439897693124,0.460240293679013,0.35871681133599026,0.09589367513279447,1.0594138882666981,0.4463185735405707,1.3537558981772075
2024-10-25,-0.6502816131372302,-0.5395747824461288,0.5378001506903186,0.19709888965575295,0.31682042729543913,-0.5441091269631995,0.8037914523454188,-1.7465288795387441,0.5353414724639057,0.1255402985615848,0.48713739525303246,-0.0970522948378375,-0.2321218248800811,0.3396657273576597,-0.03591773161198483
2024-10-28,-0.00862690173578029,-0.6093876235430771,0.6835784292464244,0.2374957744394287,0.4152366221072127,-0.6957769878131886,0.6005127533404213,-0.8352570476618116,0.5801038843747179,0.3520454503668285,-0.27321297788704546,-0.4435860709319246,-0.15641398913706112,0.2867473518905652,-0.31914177425150264
2024-10-29,-0.9955826422892314,-0.3328224784630377,0.8157849469632572,0.00646523234811347,0.24566523242235572,-0.1719570001286102,0.6128683615427447,-1.690102999180072,-0.3017972850836176,0.8428104982282192,0.467605618247802,-0.604267967581831,-0.14389584845086412,0.20048241399909605,0.6978139162246085
2024-10-30,-1.6922092459347242,-0.3353810828829829,-2.5306341716216636,0.7498026128004713,-0.19267566514703482,0.5694177365993747,2.573908307636524,-1.3088074760054087,0.6910216687659326,0.026670959848503317,0.44161834580208537,0.7238181551442288,0.2240187935581856,-0.8951123874741407,0.74510985471319
2024-10-31,0.6024370791421141,1.5162397215131023,0.4210077840670634,0.4661411067511545,0.4256462894484092,0.015554176312887247,0.32662221859761464,1.5725304575149293,0.12051151226899948,-0.5133221062930851,-3.38589756781707,-0.14082117404389694,0.09380002812879251,0.3902683121945074,-0.2631473922624926
2024-11-01,-1.2738936656495978,0.27949484074911307,-1.398561552238528,3.005493226198689,0.21566199946242665,-0.11856104280302093,-0.3664035885249209,-0.7461620682719492,1.6279767593597227,-1.0024842870988557,-0.07626765767264465,-0.12931733246977362,-0.8346264510421406,0.06357380387532885,-0.04953282178408347
2024-11-04,-0.2505946519884443,0.2265509439314657,0.04185131550089899,-0.2805190349025094,0.8324421442255567,0.6651559658586954,-0.6708235748084457,-0.34808570995872923,-0.5473893653461699,-0.48516748654794095,0.03219884386600236,0.36145344068360286,0.3162208224656511,0.2996254557231709,-0.1985443270641632
2024-11-05,-0.025806514861577257,0.06106285793860755,-0.18446537605392083,0.36070263964872296,-0.6892819906974741,-0.22371343811487227,-0.21027920483927934,-0.1572222528288908,0.7996031014852871,0.585342022193545,-0.11303096179854577,0.453446810176315,-0.3828578776068726,-0.16599152962506536,-0.4205349433185973
2024-11-06,-1.128001369502158,1.6230322354366713,-1.322449238044431,-0.019175694313162905,0.7436256558559375,0.22290650908206944,1.7357832198370073,0.4703592070006237,-0.0027163765891171643,-1.8626614909718437,-0.37569230193351766,-0.7100773809994563,0.6645645548376511,-0.042151320733100794,1.7270265231440312
2024-11-07,0.8427909152924843,-1.2195797447405199,0.4679287118181683,-0.6561086801049555,-0.13035940283548597,-0.6728647084683704,0.6007310192678141,0.013544614450633138,0.559863254654683,0.9451950391482755,-0.35866559241400675,-0.20289283249276668,0.23463694570080817,-0.796429198376329,0.25458720423062553
2024-11-08,-0.12064203666150447,-0.4886791185019229,-0.5169904220512038,-0.23852377690226673,2.3622301530075553,-0.18786368059937678,-0.7357064224156338,-0.12738346912168647,0.023808906112993605,-0.03731469192531939,-0.1627444914232853,-0.4111728485112207,1.0398569979622412,-0.5897371150345511,0.3947426469516905
2024-11-11,-1.462912218947583,0.8079674205952477,0.19264223143369658,-0.2840532795308368,3.9653279379094815,0.9212043340218465,0.6127324930797965,0.7926109646997261,-0.9841784696097285,-0.8630317171290659,-0.692710653679639,-0.5240728080976297,0.3520938537751332,-0.5902802734166688,-1.004019811570614
2024-11-12,-0.42548457395142436,1.9022901798788763,-0.0375967286589336,-0.03390554676502505,-0.36728941548358895,0.23281189269735728,-0.24812126559047093,0.7935838897466715,-0.7435018454886657,-0.5115414100775616,0.525367266676111,0.9454291342121971,-0.2725729776757146,-0.7944546347286939,0.036520793878005886
2024-11-13,0.7977021870327055,0.42993915145233186,-0.1790909707902203,0.8624353521589777,0.12156793392790144,0.3018499048015328,-1.3936242161922574,0.03543675004729141,1.1263696847567373,-0.7354135531436291,0.24224829702743425,-0.008119923771595094,-0.7539993642081482,0.048450043966280054,-0.8684771740585997
2024-11-14,0.4839993177177725,0.049946344957240346,-0.2615293671272513,0.2327254326481788,-2.0407651176961608,-1.159337901005224,-0.825480760048334,0.07439767345991632,0.7578888387108822,-0.1417210131768724,1.0539192300403202,0.03854120289517554,0.5130762255301079,0.7580465445755182,-0.22064923071740625
2024-11-15,0.1764422868759128,-1.0949923658393002,0.12295775732205572,-0.33776745388085905,-0.18150878996890185,0.38280612804531255,0.6317442896790522,-1.3167080934653352,0.5682279639309177,-0.8877199195917982,0.06833325951914881,0.27687629878632336,0.6432060295272533,0.326233747660013,-0.4715150341563301
2024-11-18,0.7255713470175913,-0.13041793543670982,0.1189384852037062,-0.2652605960057779,-1.1516529988044375,-0.6833538319377478,1.1395685213845954,0.5714403229879448,0.027325207735317547,-0.10175308345603926,0.09341380161656383,-1.1695499363458333,0.4112610046446407,0.2370641107126943,0.47996664873641526
2024-11-19,-0.18688153774731292,-0.45493010301706527,0.33476113986705314,0.1267687074372631,-0.21516172060386088,-0.935832170115773,0.512323594438649,1.0037282261921632,-0.8803937597879901,0.20206012585157973,-0.12703290026923714,1.5085064197959175,0.19532372960898636,0.19981807412132258,-1.2651287603253984
2024-11-20,1.2557948025452148,0.08704024835224106,0.4205923005202366,-0.6775713879915538,0.1819427422044457,0.02494100278971667,-0.709258026797932,1.2172659162672028,-0.06388265789550546,0.8991643003046665,-0.06155139444370056,0.21216281237890472,-0.16523112438070073,-1.7970761959636776,0.10892863601210301
2024-11-21,0.6824550454552007,1.4983116770031895,-0.40066012035519855,-0.857154993300304,1.8091353694507495,-0.5920597513338,-2.797056304828486,1.5637894108082084,0.00349234060140291,0.3934090247604745,0.21841209514794158,0.20481348818615785,0.029996080208644887,0.2035701345078695,-0.5527061039509577
2024-11-22,0.6586193439836372,0.8673615585465839,0.2507001189582343,-0.5885496018584004,0.7982604951055168,1.1358199831741578,-1.280891564702659,-0.12638554853072564,-0.14649149796573338,-0.5041429948361259,0.7383551271573704,-1.1966015833336667,-0.4935139184814228,0.4704146370747068,-0.0367262551958275
2024-11-25,0.3475030423982689,0.6048742925482643,0.11924169361594106,0.8909160513126919,-0.832094886341904,0.2619636830464521,0.8366023984209461,0.979646039330593,0.03878600209174582,0.18279540147192042,-0.08879084482874194,-2.0001161740451607,-1.2693259790937261,-0.13464783609916864,0.675133212493009
2024-11-26,0.5754554847128711,-0.42595855638781166,-0.3486397085971418,0.4111437839201937,-0.22356947600127908,0.37852148969122623,-0.3451664181631966,0.9952564142461386,-1.1741584791610178,0.06311307299751268,0.827310939826888,-0.09637889969808705,-0.5189548267554178,-0.04571892531508276,0.19525862356022533
2024-11-27,-0.2223429025277412,-0.2225508972983613,0.0983168006394548,0.35188419520469705,-1.409502206980089,0.9132564445007826,0.46721392768908054,0.34797335980369115,0.16747774762446144,0.0552495928189638,-0.03059348505494275,0.2768465786162101,-0.7613692217634931,0.030204924659575694,-0.17553880930858734
2024-11-29,0.2134925444574034,0.20215903675721708,-0.2680202184153344,0.19749419776684396,-0.3420378620492859,-0.22690067777247208,-0.4716421896683138,0.08295519829103895,0.2260309991752174,0.060940257886971105,-0.3420730999450787,0.3768543848783825,0.340836461977778,0.01733300800037474,-0.013360498103455964
2024-12-02,-0.5788374266013473,-0.29007525549708413,0.5912557754220896,-0.05714022024567211,-0.06127244969867646,0.6153978555361583,0.06343862887886598,0.3882026667557579,-0.6043205147959299,0.9855582470795984,0.40923315029492613,-0.6174746440138864,-0.9767076771632219,0.2609151006325854,-0.454625288774271
2024-12-03,0.4335339070246359,-0.48130701761513073,0.5402677764195039,-0.03074179139387878,-0.09686139714021172,0.10313557494789843,-0.822415153191719,1.1169850502077947,-1.8949002045615062,1.61130410014804,-0.48456769544614314,0.2542418684640059,0.20206892849303137,0.20133764864032588,-0.5265235682357328
2024-12-04,0.10759870879229255,0.7966535987637895,0.3158893894652425,-0.44903043669177056,4.826732971063219,-2.0668155485055903,0.2212991802453722,0.18058335219879718,-1.7505473582333173,-1.077379080390452,-0.1806819295089761,0.17650285823690393,-0.5757669176377695,0.39090518520250583,-0.05657925588357211
2024-12-05,0.0755680794933547,0.03906399166609567,0.20068203308898414,0.5312283970769472,-0.9713744260015038,0.6340660289525877,-0.8622572307180301,0.665623034512709,-1.1145984630669767,-0.5651898946704627,1.1313209850215864,0.16946178657015049,-0.43419496733866614,0.2267733899495269,-0.005396134348551795
2024-12-06,-0.45299084472495754,0.5369801755270125,-0.46707524011744866,0.7374708540490726,-0.8271647264798438,-1.0160256004204835,0.05416669159810039,0.7685994296974833,0.3406592598411866,0.7849355705428018,-0.505764748940839,-1.2938827923040774,0.9399738432782364,0.0238545133032958,0.5323636621598079
2024-12-09,0.5249840274814621,0.07879059033777897,-1.6504926751537021,0.10960526144343952,-0.3180968217763931,-0.10612355618480818,0.09176705583142797,-0.9745969693757073,0.8013748846643322,-1.3563559565271628,0.7286611802036744,-0.47815806602796374,1.086627182675749,0.40744561080223163,0.7121264671762125
2024-12-10,-0.39392296539771665,-0.13312484591323115,0.12753467784181494,-0.32471352184243596,0.2483234663651015,0.7789361178166279,3.3148207789378628,1.9173147104573474,0.30615232005050586,0.09175545370395805,-0.3628359801347941,-0.6144446034861905,-2.722451207866813,-0.6474686141451677,0.4025110826543856
2024-12-11,-1.8619518484416089,-0.583280885846309,0.19916896595667255,0.0541102412417398,0.2339543633201628,-0.4180747141819168,2.4940678529871354,-0.18930556513087088,-0.20102923705427886,-0.17592434867056217,-0.33159562935344133,0.3526258650471217,-0.1712869526170613,0.236483136024221,0.2753605620132421
2024-12-12,0.8441982534132886,-5.941834231311179,-0.5528123112851102,1.4954886980883018,1.3507201679078245,1.2357649188383564,0.24128412529943177,0.9374754253903784,0.7121473913100618,0.9671019023794232,1.650034400110663,-0.044782115666870626,-0.0664489903334834,-1.0675264152577553,-0.917953504649068
2024-12-13,0.27927886641586364,-0.20349407677406106,-0.5840944625628488,0.3554049440260042,0.07690156651735858,0.09778978942178673,-0.36085862841538097,-0.05162929111104314,-0.31410012664133236,-0.5198463681870826,0.4300176756141864,-0.3712838494557237,0.1873377156366972,0.4847845731484027,0.31420550289640314
2024-12-16,0.03350214477245983,-0.7995009303150342,0.20380830510871015,0.6798168644080708,0.5602608904394367,-0.10107437483089765,0.9207480784394576,0.2920398868484111,1.2095193441661776,-0.5881618071616653,0.059928514031853064,-0.7008410666515097,-0.37113708165274495,-0.4064106316391295,-0.31320883261764926
2024-12-17,0.7158971399231245,-0.30427437605885144,-0.17405587416818777,-0.15653248895632976,-0.44803144178899024,0.624603792115179,-0.46262811546487165,0.24987638913564772,-0.3573991354777573,-0.41317919198940667,0.8491702643303958,-0.19892497244932988,0.041001270948303525,0.17440425075036298,-0.14816766031260273
2024-12-18,-0.4899237903977838,0.7277106799514115,0.26475650900442216,-0.17206780380907682,-0.022546759761344903,-0.21784453080346555,-0.6213049307613447,-1.7917050794068206,-0.7521284628897646,-0.16636662132854774,-0.3405786055576705,1.3333122061610543,0.7453052575339292,-0.0768011537545985,0.16252122352824716
2024-12-19,0.7343643559422931,-0.6177067973602637,-0.4476782047574619,0.37778550103371655,-0.7200330436618323,-0.3609497076145564,-0.10592710998775492,0.8244133848823505,-0.1661625677552615,-0.19491156336298052,-0.12239146960312607,0.3448329473559151,0.799273621463488,-0.4870679456700675,0.13724033888579212
2024-12-20,1.3158212804330076,0.6968329676619102,-0.41487542110450104,-0.21601050799448535,0.207725823639472,0.7444515204593176,0.5511510174595123,-0.7365965204807541,0.2801394107238925,-1.5286736818364417,-0.6272081922599325,0.6523750171631151,-0.46995764895360204,0.27370801305771064,0.15629092487579677
2024-12-23,-0.7414507612204135,0.35397800423009274,0.5356045863115169,-0.4447874680661802,-0.22772390119874442,0.5189936241195586,0.5150947449413114,-0.6298694479274494,-0.004449940019601639,0.8104107360869406,-0.9677455138107409,1.0733925053891378,-0.5895879391238128,0.28253462603381063,-0.30182500565470316
2024-12-24,0.43660747172021375,-0.19333078440063914,0.021085266837325256,0.16429892577461147,-0.48985664896056863,0.7817222651218796,-0.1174047335009395,0.2707185303408529,-0.22549277511973403,0.13322544634213118,-0.04986034002689943,-0.4952707219626419,0.02051384308923787,-0.27129557907268487,0.16079691701856247
2024-12-26,0.35707393897732914,0.47645581390308583,-0.13233055487696702,-0.33173125801731124,-0.44841966535695366,0.10717082890647996,-0.0462288697956183,0.15178560639282573,0.2556712448061479,-0.2526146524677049,0.02612380769411088,-0.02657739581262107,0.19935430437195523,-0.052679727699254414,-0.07796315096253154
2024-12-27,-0.8629608445009951,0.6305471496070392,0.45994695709699085,0.16470502903614503,0.06316102126760781,-0.25880753641238496,-0.056037394370331284,-0.2600776263309526,0.15861083746112553,0.5576374852112164,-0.30931158795881464,-0.40042600152051644,-0.10721908716611672,0.028409030800999602,0.0037427352601441533
2024-12-30,-0.7519921568925404,0.4109292269651519,0.18552246907202707,0.08401840463457855,-0.11665527068730075,-0.44340181674218787,0.09808362695423312,-0.45454288280357236,0.10496325240027471,0.01617229470166326,-0.13612066035135983,0.6786076075188513,-0.014278214575974668,0.18382883735297417,-0.12618203489208257
2024-12-31,-0.3765465379904308,0.4480771831698595,-0.18910021996034238,0.05288758613652944,-0.11495207549379938,-0.014447367618174,-0.06016770496220414,-0.07308764001854072,0.6988748756085629,0.04775501750610145,0.048100651167481634,-0.8315605668365278,0.223952595305994,0.04977533752573726,-0.022631913879103335
2025-01-02,-2.4855764880587996,-0.10065563216885667,0.03866894681282056,0.28849465448185907,-0.7159495332648416,-0.4849840482878585,0.22489137329839853,-0.12866036120044066,0.3282386183122631,1.6699281788773834,-0.29806474468749844,1.1677971980218065,-0.2523776486196853,0.09499619495220571,-0.2548361787575208
2025-01-03,-0.9058230027164137,-0.7661000907881368,0.3647941155961838,0.4522340158085,-0.14756214164114134,-0.4250675960589478,0.3859185871592635,0.3806500747951066,-0.5767055375026726,-0.025537900190899687,0.34202144807861795,1.1746325418505785,-0.5093192908733055,0.11122491891689035,-0.197481412252539
2025-01-06,-0.6530825554293311,-0.16876652173508538,0.9692181904749656,-0.3591276725918052,-0.24781998922237403,-0.05299336411214095,0.018077863391358084,0.3572747753132525,-1.5841208345148614,1.1851246904698507,-0.4002145668629893,1.010121279210174,-0.19291895673277384,-0.26303400648614006,0.32958196074157337
2025-01-07,-0.4349843095988306,0.36115317789582935,-0.34558565978075106,-0.13424892692051982,-0.14436172759777088,0.6201964368400235,0.6434282743251398,0.7599246751132018,0.48371720957126096,-0.026629011661285507,0.3268859146083045,-1.9755344176739524,-0.352672678820079,0.6110354312280293,-0.031358835430661064
2025-01-08,0.43746156389645063,-0.40344649287785395,-1.016011164693679,-0.04315888339207494,-0.027234525606215698,0.1260880298413343,-0.32144878551336903,-0.3387962751300352,0.2442284219008447,-0.3705778240636301,0.6151626528529196,0.032550000307831756,0.3444307245807041,0.14615776350413962,0.28739486364721256
2025-01-10,-1.9284405837015228,-0.29855684982996444,-0.673271817464414,0.38357713431488516,-0.01875988210917745,0.491960297280991,-0.021767057554360036,0.17433088414381703,-0.19760542195503938,1.418837890513492,0.24767016096416072,-0.08200653387013701,-1.1587673010160557,0.358657688279423,0.6132282693993668
2025-01-13,-0.7366854285854783,0.7682171028863496,0.5546171797344401,0.21053700838924744,0.2104082373514823,-0.12932252427552055,0.10261415837610938,-0.6925413420167671,0.08534781306328945,-0.2622346896379639,0.16457057632697636,-0.718636686474683,-0.010381997247165042,0.14774558466665966,0.12080405506517553
2025-01-14,0.01303714754721036,0.6015338297065304,-0.39756576802563326,-0.041622187207041916,-0.044589705173677,0.03916549895852761,0.18656393515190817,-0.5037104483765749,-0.4391277366343026,-0.6095458868822673,0.07052268630910463,-0.412198629957004,0.3811367767692455,0.8841219910662286,0.24130687556279395
2025-01-15,0.31189298493823303,0.01690205775333986,-0.12079676453729693,-0.40013809208261497,-0.8374581404797627,0.5647440767046816,-0.06146074571772053,0.552461797340718,-0.14621613357508267,0.28840470854899825,0.1272734448151307,0.10801810399606437,-0.058495934361083135,-0.17476151098584158,0.12310543787397665
2025-01-16,-2.696758256122732,0.7683424336675476,1.1128248608498705,-0.19847696136331672,-0.6565859876274149,-0.7502292652393955,0.020686974711195183,0.49988389803631905,1.0997960629434036,0.5558560278314075,0.5278268051758723,-0.35530652420018316,0.42945209263639333,0.8309374089685708,-1.8511462745793148
2025-01-17,-0.007603477096340572,0.3457586359853877,-0.5264047770863771,0.3660658273897742,-0.17209413970463483,-0.43457496593505796,0.34617324703223296,-0.05285279034352497,1.618149857775467,-0.4791767326731442,-0.1009025296830468,0.4602318936431762,-0.4322801095109826,-0.6278094327040968,-0.18181633381827256
2025-01-21,-2.862755888084393,0.03896305622041518,-0.016624800093608394,0.3948198339344583,-1.1463847201773134,-0.33286619888742264,0.6016547602093405,-1.3349340094248892,-0.2550811339482014,0.5059975224231695,-0.5359155314036755,0.2684175159546962,2.4531482466606027,0.7006241165027,0.1944017771523482
2025-01-22,-0.019422487459983984,-0.8984629710382951,-0.18325648147974982,-0.583709387854882,-0.4301892811482604,-0.29779326615099344,-0.9583096454615646,-1.114398057656963,-0.6287620161785857,-0.3746837935626758,1.7353517606863096,0.6712631667433195,1.861489282264449,0.12407068371506969,-0.12197340616201491
2025-01-23,-0.10623031085098326,-0.09706973694947742,-0.5288375866795442,-0.38897622628038053,-0.19071515355765586,0.4681363129753668,-0.3561359857014833,0.4930950611011885,-0.9636644015013579,0.9637143139261207,-0.21526583378571318,-0.2595570627349617,0.11678054498360496,0.7628891571492118,0.46252914263268996
2025-01-24,-0.09640658138081995,-0.46312368246790364,1.3785906677982647,-0.2612643640522348,0.22245104378277647,0.6733194039729112,0.0562909614271313,0.2686935866394156,0.5165235442722376,0.5915858388618356,-0.33275635024364136,-0.9933021581760212,-0.028482699945101553,0.7513328695527814,-2.4256624491205185
2025-01-27,2.414978698443479,2.5058802743163717,-1.236945668915111,1.9136259057146776,4.388102847344638,-2.9493787108122165,-1.8824078257914316,2.0860838227143774,0.7904595949931312,1.4354187139053172,0.01667859278691597,-5.2635536624061094,-3.4081473670994122,0.7209448718077782,1.5649796906881968
2025-01-28,2.075603224058068,-1.1344385437893578,-0.14764834830111476,-1.4696699560940931,0.6845349538258331,-0.19964780772573698,-0.9900149855210388,0.09872965550104362,-0.3221797820321317,-0.6975654623265115,0.35528809601651146,2.2906415961732605,0.8162219460466654,0.15316078671295436,-1.2525409698518453
2025-01-29,0.12277983934036871,0.35740667072742693,1.1121003507682632,-0.20656746140415752,-0.6041317442821912,0.4065010781523757,0.15003721006457638,0.9779979897582991,-0.3286797524942786,0.1533850487218968,-0.49248750903772537,-0.7600625672271073,0.03792133498054362,-0.2969437342597054,-0.4308312463760245
2025-01-30,0.1685990628150511,0.6366013832912817,-0.49458346272281595,-0.9207335041300642,-1.4495806805521327,-0.1386586115046673,1.2374359263059924,9.29644765490568,-0.9773479142020471,1.2543765742154145,-4.362899049640544,-0.8086931061601423,0.3852060202292724,-1.0666221816704118,0.25396673229424493
2025-01-31,-0.5713135716232202,-0.6392417539215273,-0.48145585851233746,0.6531546313500873,-0.2741365652018057,0.40340636032996846,0.790987703920021,-0.7126437956481473,-0.6590254706596248,0.08761808792822189,0.15578340192618584,-0.7314623007952062,0.2800495485879832,0.48739128854789826,0.459940703577419
2025-02-03,-1.5245348502202907,0.23800271525308564,0.09817343424227476,0.26577126769535564,-0.27020887785925574,0.2829546509649868,-0.43630551467939194,1.6612470146896654,0.3331011698213784,1.3092319258456842,-0.2195007588560467,-0.9074508353776877,-0.6302009692877786,-0.14375680969057125,-0.31291303358373324
2025-02-04,0.5334738297826013,-0.16746643440109976,1.278513079743593,-0.07220251574952918,0.03850942184493794,0.13768970210489773,0.46970408646746054,0.500591733408114,-0.6159459516287479,-0.5747921255676871,-0.6969858482860267,0.18422199218924956,-0.2567549670634647,0.03671084796314428,-0.6314307138998122
2025-02-05,0.8322269376983833,-0.028063318625997674,-2.3163093907450745,-0.9204024801690851,0.71775137237746,1.265694988128295,-3.405451385383052,-0.8393971103026384,0.776574025501911,0.5474512586472662,0.9221828717799134,1.473769890874045,0.3075689657941466,1.3013317979757681,0.5329597360439778
2025-02-06,0.061424866385156804,-0.18290063903351483,-0.0819850202543323,0.545288407393622,-2.2874756606091817,-0.14316032523645578,0.09454827539637038,-1.58548221751944,0.20205591202571382,0.3983021062925223,0.30451325181325595,1.204924311269742,0.5463776252074969,-1.624870850259624,1.113823183916225
2025-02-07,-0.2933637633266035,0.24063819820574606,-0.07744692199710557,-1.2416198454123288,-0.11128481587533934,-0.21197926785487253,-0.8508303731089317,-0.6088281768114707,0.11707874338397467,1.1964224159951828,0.3586503819482213,0.6898318299807819,0.3250351559089629,0.6268232469121929,-0.08057989295702706
2025-02-10,-0.15464899563156526,1.3298180047584933,0.42227490498792675,0.08949356603482916,-0.32361004431597684,-0.19252276140585256,-0.5616564949539304,-0.9925085859511372,0.7259623244243716,-0.45926834074578493,-0.19293633569210455,0.06303555751110423,-0.004875801309226602,0.3978820005099428,-0.3895572837089487
2025-02-11,1.0571847447091112,1.1152737582136416,-0.04449120135856305,-0.32478707853435895,-0.2514469726183422,-0.49023891907154254,-0.557931003396963,0.7739739233414713,1.612698427936062,-0.15256713383474702,-0.06003360153410195,0.14682935845520256,-0.018734429357232463,-0.5248852566819835,-0.9995650157271021
2025-02-12,0.9002085675950815,0.7247401644670225,0.007796191762038995,-0.8622907826581395,0.5181039444547553,0.3475043570191258,-0.4367014341782637,-0.31200075366050906,2.0045902557761135,0.31376598282614543,0.1297193457790447,0.19343301047818284,-0.48437721364741915,-1.2543317053485104,-0.6432952659103
2025-02-13,1.1185891882365482,-0.529213816363491,-0.869323555779589,-0.19322239144266148,0.34485951627176736,0.9994354266892203,0.13644455479135947,-0.3605304476587026,1.7065940279589558,-0.30575878283739644,0.09046555696629807,0.2416267390172654,-0.49483179217114787,-0.4927609133099171,-0.70730543185488
2025-02-14,0.9738820206388246,0.0749503939418521,0.32317185991293085,-0.5678246273335777,-0.44468114955322025,0.9466495998587527,-0.3152364060031117,-0.09338990797639238,-1.0664412663730578,0.4492867635760447,-0.32038933732912955,0.4000897759073314,-0.40536381961448753,-0.261409206589742,0.5761516660660218
2025-02-18,0.15609431872896112,0.7667522044545084,-0.6317885384275824,-0.07697110626686654,0.8816270560601422,-1.2945639206401736,-0.3060567911170917,-1.2272635692843568,4.066073799148249,-1.5627430532549504,1.2825057074217523,0.05283834788923722,0.5607624872379845,-1.0336958755113028,-0.9568121303372539
2025-02-19,-0.027469141799543247,-0.4856443454056136,0.037391863521455126,-0.05625072251163913,-0.4782414327255429,0.24219541388043925,0.3208744965962465,-0.1911277083978832,-2.6372755053554973,-1.2760085283912708,1.0572508279659463,0.10379709002605621,0.3981312024512518,0.08769604171510859,2.4855883426665994
2025-02-20,0.13799969060429923,0.10131463356674722,-0.020286188471293154,-0.5532928795432639,-0.6407573474933419,-0.09043867834328168,0.18998991613711477,-0.44591274801026737,-0.2525912631235712,-0.5495220238771445,1.1248942878705903,0.8475175901426184,-0.531247110468396,-0.7699608406127771,1.4519930848298732
2025-02-21,0.7279025481784627,-0.07877931033780272,0.6699006139497354,-0.2075318986170498,-0.2651602501202647,0.1694016612833018,0.04639514943872314,0.01882950713834286,-0.32961043543120194,-0.22263647467605674,0.04875859023234419,0.3609841500707698,-0.1590868019304088,-1.2163967214290734,0.6159749331020713
2025-02-24,0.8974443481360792,0.5175945091822807,-0.009244970426453447,-0.28055162578197357,0.30951044833117514,-0.7158399531209928,0.5909217144171566,0.219468214051269,-0.25178234752131545,-1.0374641872002748,0.05085673229154797,-0.17197103931506863,1.0453358324451707,-0.7618153621892093,0.22516192153207715
2025-02-25,0.5853603310048286,0.2632645812936228,-0.7391310422146541,0.6804538872011769,0.08931604820155487,1.5295061378027248,-0.4312513370453286,-0.6578469600794004,-0.9908203718743391,-0.727540672985586,-0.5260698689801626,-0.5592622490805578,-0.15371128809703166,0.7592514806798052,0.4627241104999119
2025-02-26,-1.5102603013961393,-0.28177608771242646,0.3822452165146131,0.2720033132727444,0.20096705122668293,-1.11783644382483,-0.8083973795485415,-0.5368158708085978,0.8180482577285593,1.2485086400951872,0.029174297977232533,0.3626102196363561,0.07432212277853034,0.40682668411379397,-0.07692552340210862
2025-02-27,0.12158327215846632,0.6657983123577615,0.07631763182549434,0.31446637573352176,-0.5217182993701688,0.7979575363381214,0.4393661286598529,0.3519133956855778,0.6131861796497693,-0.1304360735128458,0.36536547058005375,-0.8020856095603377,-0.07344281487352378,-0.9539129787028131,-0.7897176091972742
2025-02-28,0.5375203897003383,-0.21663770187939319,-0.5447293146425441,-0.03984513594587735,-0.16467798394729904,-0.04481587111781782,-0.37667009736848883,-0.6030759821340925,0.2914696533438807,-0.0484221702296207,0.045267775549916456,0.5746642391419615,-0.06797839835862646,0.12787289458858264,0.8311477467330131
2025-03-03,-0.4307604964764449,1.106490078840151,0.8506171980037229,-0.5696862468957735,0.35978869716912354,-0.0018780121987951315,0.24764163408751572,-0.20578027216603745,-0.5259623913035214,-0.24494872868536177,0.09586893450872092,-1.0250549558102284,0.413428838747695,-0.021803768383932942,0.03810196712401254
2025-03-04,-0.5398183908440418,0.7073908329011412,1.2678335639766145,-0.26504684388113176,-0.7179639370937455,-0.4406704840838165,1.185132822098729,0.4219169550850072,-1.6671291132158303,-1.419497263234859,0.25042359638554085,0.5525941818164742,-0.852060633136226,0.3584881990518942,0.09170760034969695
2025-03-05,-0.5698891742614457,0.019867218616859028,-0.1822088008216265,-0.09599521732456351,-0.15757128808019616,0.3142403097755342,-0.3035688524113399,0.06551021319790035,-0.5649920084071156,0.4002007971474356,0.5219923145248004,-0.8752399690276964,0.059829241912656816,0.7043441941547232,0.45963036952314074
2025-03-06,0.39853098699148054,0.02162235336806806,0.4158321505313549,-0.8331956792343547,-0.09895990669249677,0.3049303493528226,0.8447324003193016,-0.008523372174372046,0.7509994564648719,-1.668935621604069,0.5317249054003688,0.009581454087071783,-0.7842786821629713,0.8709961588013883,-0.8598251604275156
2025-03-07,1.126428094656431,0.13884573168807413,-0.252855426567005,-0.5642822570021531,-0.3364346541665621,-0.1500740506025242,-0.30653524663120807,0.6567441572715642,-0.9009119461372225,-0.6393196445359141,0.20683880503943974,0.14890432791002828,0.28693659222166457,1.267177147223138,-0.5267169591161256
2025-03-10,-1.4953434836086534,-0.36901835401074357,0.7942001399841319,1.161772297240027,0.0730719425273787,-1.6794259954672202,-0.13550509576415726,-0.10163408246958472,0.42168765763897986,-0.7391452479697787,-0.1268983051267718,0.44020581990866936,-0.04421022619826043,0.2085651004057727,0.26299937867597056
2025-03-11,-2.066169284889966,0.33842813503478986,1.1492288111473132,0.6630772109747747,0.8890727947172588,-1.48635870406838,0.017126982037956262,0.039670090593062035,0.45311933998915066,0.8826948490374702,-0.6441842496914498,0.822608259148923,-0.32285896089659505,-0.23093993412156583,-1.8295942400394833
2025-03-12,-1.3043452514744285,0.2935892794980994,1.010101442783898,-0.16263966064782187,1.2474954652721186,-1.46121863202392,0.25065728804397247,-0.15390990126586154,0.6691679820865235,0.6740714546310197,-0.36160849892463576,0.5554255087171935,0.4919168462108281,-1.0904404000499635,-0.9500345103524849
2025-03-13,-0.6642921132029318,-5.600760594018967,0.12203476249605572,0.2240977838378404,-0.9369470841175509,-0.651853794272179,-0.1281625276497309,-0.7173277641240092,4.519076350328922,-1.2845886858186113,0.8826409709300838,0.8737186040931848,-0.08216244319441302,1.0343876098483744,0.09801252710887598
2025-03-14,-0.08011449908790547,1.5105833757375577,-0.022186138684874512,-0.46168271576783293,0.24160590701031004,0.2669913662722284,-0.3826249843498515,0.1473086030785053,-0.5414281729637092,0.17495770069479732,0.10690285575466829,0.13765663973880327,-0.4823922811675236,0.06759666716886326,0.04874096317222454
2025-03-17,-0.24005197734768557,0.41689460516693133,0.9570496682379627,-0.70079454536705,0.48956907867939176,-0.21082571098634872,-0.8411438958798965,-0.35746404925598874,1.2221742327137972,-0.377772035472758,0.3724311883909338,-0.67510239763621,0.563305968263032,-0.1864807189546791,0.13064730702485727
2025-03-18,0.008314443936209837,-0.3380762814556624,0.5837661164685146,0.022840400806167782,0.22875918672895748,-0.0399957042541097,-0.2352904063268848,-0.7531244538204498,0.6714912407644855,-1.3785158828662971,-0.02550227862551302,0.15842591530881434,0.08997196141625352,0.28112004905186394,0.3396971832319439
2025-03-19,0.4319181873190947,-0.6022678172869715,0.45493558780928656,0.3150058359076163,-0.0632596924884144,0.3823302291472571,0.4433321929777244,0.3927698192769623,-2.323466173721738,-0.3532010075712644,0.37605236476149745,-0.21511640985542546,-0.03198944490633304,-0.07060298928226949,0.13847683424514168
2025-03-20,-0.06047345732124618,0.44293959200777305,0.690623314891353,-0.2679535581691132,-0.2508293530087359,-0.3858718669248995,0.09599074460929863,-0.7866995169277704,-0.21088530879590284,0.11421089307528848,-0.5992972419808541,0.19443551602189857,0.34896398861339784,0.022974724643601813,0.17622334271663886
2025-03-21,0.7920310280715783,-0.6426492631688712,-0.20413102554764972,0.0001381971350640221,-0.1801092848803202,-0.3386091579054844,0.37008389160023747,0.38915397380090627,0.5272491524516383,0.4013087264097455,0.3179743517018221,-0.1281966474161047,0.17021985669188922,-0.5679043011205467,-0.29062924672440504
2025-03-24,-0.5818350609330587,-0.5347637006792528,1.3342184340993635,0.7945518920402066,-0.014916183408901107,-0.3199609708280281,-0.25069870045918163,-0.31714890731387146,-0.10663234524077572,0.5069584187070295,-0.584659844433367,-0.23408899545104878,-0.42564602969536136,-0.4172280816959535,0.7406649262526975
2025-03-25,0.07561604296109437,0.20617188529155916,0.11094879924554496,0.15700713893415497,-0.1445708549533472,-0.0664504529129216,0.5298726071037909,0.03338401018396818,0.3949417646496267,-0.1502262704492784,0.012444384340935699,-0.07804318653477704,0.012007932725576154,-0.399912230716761,-0.5144928989181077
2025-03-26,0.1781533431674191,0.04875864722145973,-0.6282637648331708,-0.02182551910368824,-0.2622491659702524,1.67875329612819,-0.785605473737994,-0.1993755865989784,-0.6011087811309048,-0.30175120516134024,0.5804218962471376,-0.3293482541485493,-0.4470854926786493,0.3568150738357059,0.4859422667784858
2025-03-27,0.9471078661100545,0.1561977865685955,-0.5806519230284688,0.36721457179780653,-0.4914662908645945,0.05653135954869093,-0.2195587486054399,0.03154340339166728,0.3157683612871933,-0.506073147565251,0.11431567597919984,-0.06894785296217032,0.208916652222425,0.3500884820681045,-0.3502918454427215
2025-03-28,0.042347621607758734,0.40587112750682364,0.46611613067670055,-0.43812402181454146,0.30580042860213075,0.18880085925401358,-0.7287971555567951,0.06092640866367338,-0.9196377875573712,-0.3688655585356051,-0.1832871279866457,1.0086248962826974,0.12310738887418282,-0.19977120424041384,-0.297783756022196
2025-03-31,0.9877686488024018,-0.4849290798533208,-0.3701516867146058,-0.47911637060667145,0.12820254891571595,0.7198091122241337,-0.11441899402000028,-0.32941472171867137,0.06057219585613781,-0.0701156075743074,0.16806911363088706,-0.03608096381513484,-0.3059833242313882,0.12004620571212113,0.3849346888988243
2025-04-01,-0.06118061062706048,-0.4299996109433347,-0.2773119124994122,-0.014885570652199864,-0.1855009352718644,0.03260947092374155,0.550734075327205,0.4749754685820423,-0.6542583854831124,0.17194712349135444,0.5286556822048641,0.10640741786581726,0.39693130979933644,-0.6162990956153892,-0.4462559828355449
2025-04-02,0.06633508758738427,0.11971621633191804,-0.17752847344262981,0.8220434157577834,0.03109965320711988,-0.19110410680785792,-0.16848557319252233,-0.09084693163115894,-0.2016825074767834,-0.567093921496838,-0.36461620796454447,-0.2231800273053876,0.6699307290720266,0.02427256961303037,-0.029505526228783538
2025-04-03,-1.7258173114385187,1.5955883030418954,0.5618319805508185,-1.083764311915858,0.04128941244939943,-2.905842606226755,2.1798226234531466,1.6265856741712372,0.49034894432627196,-0.494531130696672,1.0502011433880267,0.631490128358013,0.8295828279546991,-1.4083628577739948,-0.876570211129053
2025-04-04,-1.6824779328431285,0.47676587284889216,0.37684741565962465,0.6021606761982103,-0.9590645843491168,-0.9592190385625812,1.9189889504641982,0.13006035146585493,-1.9562290752554445,0.2858257278005625,-0.47675690318801434,0.9067869786302143,1.074477391371349,-1.247092780435716,-0.7743541392484574
2025-04-07,-1.908895634769446,-0.9096428286962185,-0.9752184600363346,1.10546848666995,0.5978527125630775,-0.36588043107828194,0.4545585835037228,0.10623012902460705,-0.6566748960763441,0.9138656310275416,-0.9348087877905371,0.394377139612767,-0.5878111443336129,0.7728935539147088,0.9864985253216562
2025-04-08,-1.8596808860059952,0.9443811216596228,-0.7680997846939843,-0.42389961651508057,0.5827521504139508,-0.328689617129325,0.9442942030042771,0.7983609491559138,-1.2959050136620178,0.40194770200701835,-0.17145793729314784,0.8621321056094629,0.8601621127907157,-0.6349343297240266,-0.9152470127724248
2025-04-09,3.5465924868342658,-2.384275297010006,1.6195935666289873,-0.4049793888557316,-0.6564078987148152,1.7147414498007176,-2.3704266230660433,-1.710624350137715,2.662944432478273,0.5485482053216177,0.8631653917503499,-1.641138783586693,-2.634454459717306,0.86075723859852,2.5561693704634116
2025-04-10,0.32651038661944387,-0.16795918404194388,-0.09918363613968739,-0.18565912211799795,0.03593573346645518,0.38554565786658723,0.1953738570828596,0.2831392696110604,-0.5234412643176003,-0.5299752891910636,0.3586500177494212,0.28974372019603756,0.38714630496425717,-0.19354503081808105,-0.6029638708641099
2025-04-11,0.7568670745148292,-0.36815519350429754,0.7105841370130034,0.1826706877844052,-0.5260529435674277,0.13346616994937488,0.6866318689662013,0.5508838663558441,-0.20414758057448326,-0.827986933565038,0.43776532403880203,0.32239492361024574,-0.5147542383317429,0.5919980510519198,-2.1167669049122892
2025-04-14,0.6543661989355096,0.0012053635066926333,0.05979075739501932,-0.41025902017555965,0.24639172458503988,-0.2871499168194027,0.4527651030995972,-0.1818764914835782,-0.00995725581754342,-0.6776533192202369,0.15824715544805676,-0.18764105348713722,0.14380719698851407,-0.20762608574248562,0.32925134630447256
2025-04-15,0.10687235416443247,0.04570918075962715,0.36526114482294825,-0.2766879095318686,0.335988207587922,-0.09290748748396842,-0.48751625460057924,0.10809784876922321,-0.3856107131641178,-0.4698811632759153,0.01935134882895323,0.48450459934761314,0.010344231654377228,0.026944107897273153,0.15405354999137327
2025-04-16,-0.22149571508889943,0.0065631585203018705,-0.49921478275059195,0.1690110276251402,0.3234496240874699,-0.2329014655105599,0.30165441205596544,-0.11887512272450268,0.16774069982542406,-0.11963454536168583,-0.3897538744183213,-0.17720509703940635,0.22944807263279565,0.5373099379545805,0.06087320357423731
2025-04-17,0.38079214691027374,0.3087804007095459,-0.07932891484319546,-0.17467753079008727,-0.255937906086842,0.054318074822143174,-0.49304884703608326,-0.4091360059592764,0.0818370394518893,-0.020966505804907415,-0.07505567775021604,-0.19555516947128215,0.05664416648769796,0.31050144964105103,0.44926156833666236
2025-04-21,0.23060561803203394,0.2553174771431622,0.4010177023180545,0.007424521056549005,-0.732774243206443,-0.46229916853104236,-0.03211075560400978,-0.3319142691044473,0.20920352868630665,-0.04770319642143761,-0.003314164731463287,-0.07498445848367197,-0.49937091474284434,0.7964267107259643,0.1406729500492826
2025-04-22,0.1520737829055312,-0.062435699505827835,-0.6755944045926414,0.32441603657274687,0.3587460461779717,-0.20118982158288534,0.2769468463069865,0.30822623986958664,0.4027469327186562,0.022850212207017107,0.06308430606025528,-0.3231698954147596,0.3745278811284054,-0.31547919597379503,-0.39031071940966106
2025-04-23,-0.17335940775832226,-0.34507216907753674,0.022404258672961586,0.5821417737870056,0.3609940157949121,-0.4592961706779781,0.2275033823097813,0.2160494947139,0.3011536436015795,0.2794991240642768,-0.13166132826099597,-0.26911486595922174,-0.022137882616380722,-0.6643889493684128,0.2501239591077784
2025-04-24,-0.2988783908634457,0.425458228283653,0.03715920451618171,-0.413343468617428,0.7168791406607338,-0.09393244358942454,0.3038426262441709,-1.1968669776060663,0.28347733242002204,-0.5837516142499892,-0.7774925851798324,-0.8498839279504572,0.4141789782171732,0.425456421897088,1.563640838242752
2025-04-25,-0.3138787982270531,-0.40189124376024254,0.07706390294977866,-0.16377729739654345,0.0015116416287715984,-0.09639279719093591,0.030073208922643868,0.27870656375763103,-0.3598214566494372,0.16362701860813011,0.16070536309350075,0.7274124177825487,-0.04153263405769653,-0.07469711645709293,-0.055471134278353984
2025-04-28,0.07439827606643694,0.22525424720778398,-0.10159579092640178,-0.03446322806485784,-0.009185693539264433,-0.006974969047446211,-0.26725099547776054,0.05236676464871237,0.20234882138503663,0.2552047171589623,0.21196759921337366,-0.4077962327126031,0.32441975532887457,-0.2095200536628258,-0.17584129928824593
2025-04-29,0.013790919447360855,-0.03401997463701717,-0.21032067525999099,-0.15841262140748047,0.31707776920847486,0.26296399523300595,-0.25282644712609026,0.27686734245160793,0.03638741474100532,0.11994576583465416,0.3234873890225842,0.0057438257256633846,0.06827099039911608,-0.25553944102006043,-0.3751835144112024
2025-04-30,0.08022356838522335,0.2309804381061063,0.19249838257902552,-0.5438209649777119,0.2563924614061227,0.18382896471188817,-0.4173702022878979,0.025820666052491448,-0.10540169996724832,-0.35944642594464804,0.25202631613673393,-0.016144853381113582,-0.06515840412544663,0.2632853486487723,0.04108322086166566
2025-05-01,-0.08053607777778188,-0.4861889713149195,-0.453327512572729,0.293937487096412,-0.787797330381689,0.26886015788259543,0.35894302257128097,1.0647291158433072,0.04943517980306961,0.7119063229588807,2.3220529725448174,-0.035257793813551874,0.8854721833511366,-3.039051004121807,-0.4241587764627593
2025-05-02,-1.9214753212931144,0.14240346335368215,-0.2772022797297712,-0.7120862124359669,0.2311646202640123,0.29652526650371946,0.10737877159579923,0.6566940494010084,-0.005440138900625446,0.6083312736265077,0.23892992835225124,-0.18924484932407426,0.3876619131769148,0.3115758064683264,0.4170436100969497
2025-05-05,-1.009391520416363,-0.07794194856481886,0.5160941715290706,-0.38342811026809415,-0.07124591316361928,0.002277738520341809,0.23441193429238008,0.4819718598222031,0.009142223732508725,0.31899308501578066,0.26647157719002407,0.08031653836452685,-0.05641182371646325,0.040919485522990226,-0.22715392821888908
2025-05-06,-0.0038144781171311135,0.14408887223496114,-0.25688276886668776,0.03210861489698791,0.40216370687668385,-0.007885080331430414,-0.019920909112977073,-0.08805019728172642,0.032141340273292296,-0.3848551575082022,-0.12202516095754246,0.16507952699043005,-0.07585833855597329,0.27637860276511483,-0.051034681453454966
2025-05-07,-0.7105196652414383,0.34108111023671883,0.08776090478856752,0.6791826443227955,0.7016872206393788,-0.031629921464067456,-2.890314637593376,0.3806678897243829,-0.38518077108504367,0.4568471916007414,-0.16081965102850562,0.45643273705587156,0.12767611428471826,0.5661886978118906,0.275604235116784
2025-05-08,-0.04547397719557961,-0.11795399661659936,-0.005396643800487766,0.35385645210316136,0.00117069139081305,-0.14387086341790678,0.6248571806988577,0.12506280250326432,0.1672089336825046,-0.21294432213817624,0.05774319989309362,-0.35326542946976563,-0.15130432638009958,-0.05111140968415856,-0.1560204386557096
2025-05-09,0.1923680588453418,0.2780979025234903,0.16215973351053242,0.2618480114841452,-0.5438161750609471,0.03539445270260522,-0.26295893775755264,-0.6459890906812296,-0.1288678483219617,-0.1762196810672428,-0.03942406444993074,-0.21233494078153625,-0.022140314699624866,-0.03413189259081176,0.9974610705115752
2025-05-12,0.4321101310508524,-0.26992480938317653,-0.6386556933257046,0.9825901689482639,0.16638770549122395,-0.10418203752960653,-0.11553404401331502,-0.23125119418081164,-0.06616730947171179,0.4982148005954832,-0.7976139706620059,-0.4922394852657963,-0.2752249733955636,-0.15480527763818674,0.9421951757783156
2025-05-13,-0.1065933023266935,-0.11013694892184375,0.3560273684985412,0.049940277220356155,-0.3537584584518465,-0.4087657545026302,-0.0699217949041353,0.4966240317402551,-0.10378553129495022,0.3502093036450723,-0.5390262517951234,0.8236593070306267,0.5531066409860409,-0.5965456140980306,-0.3483630614687606
2025-05-14,-0.17585786615436083,-0.37296856134923445,0.8378539971709749,-0.5965713162906728,-0.22011311969191683,-0.5803260454165043,1.1216433635129321,0.004964932650930121,-0.3588801031210762,-0.3190615568728917,-0.1777028439818079,0.6540918092399326,-0.11010301210597023,0.29937632230217426,-0.1575144480283476
2025-05-15,-0.7167734629710861,0.1312270468668163,-0.746289459182228,-0.3949365170355909,0.47654622471481806,1.8530427281039545,-0.18203466229525372,0.12420041300139939,0.28379807621525815,-0.3791465389313343,0.5999643582997735,0.25733039185440276,-0.38941105506492146,-0.5302173730618078,-0.24942306585954283
2025-05-16,-0.10171709170212354,0.7682136362167733,0.2640520457340921,-0.12314571718908027,-0.16984027838833418,-0.610454228717336,0.3338870346919509,-0.03348907260846286,0.4870466217343945,-0.3898072476478967,-0.17609207251338543,-0.06862606602576451,0.09891333037091335,-0.04270055975199648,0.06353971355012478
2025-05-19,-0.3607533744610292,0.1292165470895698,-0.4584375444388484,0.14846593802864452,-0.4347330340841337,0.13270893349780555,0.10478037555243709,0.09642675479338442,0.062426926076614875,0.0199621044119739,0.4115538173841606,0.07262323515091262,-0.07371075300249619,0.25437436993280554,0.012659969371551727
2025-05-20,-0.027472323723428005,0.03213044798841447,-0.09541550249036979,-0.16146435559584332,0.2609007874963282,-0.1686048613168669,-0.3802100327550531,-0.030795482693142584,-0.0965550084181861,0.022261231806364343,-0.043646752781165074,-0.09474191663128465,0.3000207314474889,0.238427552740889,0.19234126728015824
2025-05-21,-0.15215008263205088,-0.1462602800398289,0.1463550148013752,-0.20664239398231546,-0.550791998204202,0.3689865319027496,1.3503361462817187,-0.3778849820159297,0.04633587739978595,0.17386919590655653,-0.438642681547448,-0.1577110624827029,-0.2402075579116758,0.11685495210417451,0.03503612306563231
2025-05-22,0.1496897563538979,-0.06613030052651905,-0.19127424659836098,0.17240188644080182,-0.0074693344931974215,0.38165847840302747,0.44714004938238816,0.1201969306606751,0.25469728703193817,-0.1137393494386449,-0.0790875489717624,0.06363142558353041,-0.00137583004546675,-0.4495373627213902,-0.5605893072642105
2025-05-23,-0.4361943248316176,-0.16876933758681267,0.3679243243185455,0.2762383434022334,-0.8034837647361993,0.170308720671951,-0.01958789933369065,0.0867817938623921,-0.23554772075636848,0.17971447340959162,0.02954081316192847,0.2653416253612038,0.3117147163284799,0.012388513314177174,-0.1506176233164293
2025-05-27,0.024486131753008178,-0.07282728351176349,-0.07740741274304341,-0.01953920351463667,-0.20162567214883254,-0.3313933123830496,0.2792452617808745,0.20862836924198502,-0.09157947175322512,-0.14694936993233665,0.12866209061041978,-0.12801139562989505,0.3666860443979263,-0.1492179449992066,0.2641209630552217
2025-05-28,0.2819429693000025,0.07841517656923949,-0.22386398943603567,-0.1400796207807959,-0.06985856771576718,-0.10330171146077358,-0.07124641863686648,-0.22720588725098662,-0.08362576697696701,0.1319065713541046,-0.40471631793231344,-0.07518669797820297,0.4884897795530937,0.01736919143053753,0.3073862342474507
2025-05-29,0.06296150376739676,0.22504239834198603,0.03918459248724919,0.20544437358419992,-1.2252909135842456,-0.1547002339302243,-0.07240561065414616,-0.1983022335798976,-0.13537948826471777,0.11965769895200494,0.04546613476771495,0.7516881672000426,-0.11706100387583056,0.22418955561075962,0.18458367267050604
2025-05-30,0.34371394701604097,-0.14483766417305294,-0.3019508486194836,0.011327701159310269,-0.1471594771320581,0.10394006422858952,-0.05242436692406615,0.09658194723595781,-0.057471115916925664,0.17385461085930748,0.16232271896871223,-0.5352925044327972,0.7142777173035483,-0.3737681758101655,-0.023503362220305746
2025-06-02,-0.11143165939516239,-0.7745452765734928,0.4144645979867928,0.24053129391321015,-0.4669238131439317,0.23156617786831096,-0.5483400238629731,0.23127198805444782,-0.541774078272506,1.0511072356735436,0.0597337157272484,0.20044811375784133,0.01138312101223568,-0.15982365119923603,-0.20928852870166234
2025-06-03,-0.07641702324209937,0.7312658450469137,0.1114012332893296,-0.33545645576573363,0.3184752753335577,-0.06064140223034509,-0.7988661079712954,-0.37518797230559364,0.22759753534975574,-0.3690562248288247,-0.14999366572974732,0.3759256811780495,0.2070450464739773,0.033003653088543305,0.1950606305935887
2025-06-04,-0.1214544848911695,-0.04511845072897244,0.05189709563219222,0.04202222720893428,-0.3518136536381117,-0.07787752214253758,0.23397831613232817,0.022944897314796046,0.00025380298007353363,0.6959446102803567,-0.22308161838081234,-0.12399205256432513,-0.3877071338672931,-0.027797987890348035,0.30159521232398045
2025-06-05,-0.2722504793273001,-0.10848602585847955,-0.561944354351303,0.0481973837487864,0.5525330204858023,0.16152600399127692,-0.0727372984959429,0.19750446883980413,0.0461019331676229,-0.23846266844216524,0.2079357107223388,-0.42578434938619264,0.5342566184371491,-0.038218980679191675,0.05337526669437896
2025-06-06,0.04329476176988167,-0.46850119238408783,-0.486390995538692,0.2851605905639911,0.5103251358737252,0.5714747412300619,0.6702687550774726,0.003689482039292591,0.01278695237262481,-0.10608772312865156,-0.4334969287809719,-0.33659866666922855,-0.051749873919145095,-0.07610459803126923,-0.15052016893723297
2025-06-09,-0.7066503388925933,0.08558966154929157,0.5569420965781486,0.26187318405858384,-0.4726806822696701,-0.5967402638726916,0.5020780494109938,0.07392891486417524,-0.29879192348410144,-0.42818432922536076,-0.12511497140635053,-0.2621378497714577,0.22686521378629393,0.7372718564635456,0.4530043769182132
2025-06-10,-0.018946241563399246,0.5990059763264366,-0.1506696026925136,0.016101698106060554,-0.4795616770615397,-0.9197058499513258,0.7366772690091047,0.28910954488291357,0.5718230862784437,0.30609679855590305,-0.3647419748195385,-0.07125625488911885,-0.19977314149442157,0.23915130184408862,-0.09898648494877599
2025-06-11,-0.26066320251134734,-0.5480613737522351,0.003942686575775456,-0.22495491651193467,0.004846466735197119,-0.6618656238868701,0.08681881973830435,0.5413614066483237,-0.49495183497704953,-0.011526430574499535,0.5768027618396715,0.20500448968221086,0.22558543162008093,0.3711938816144118,0.1051476812689559
2025-06-12,-0.21678350003238264,-0.03404349605274322,-0.9082324913624574,-0.5734968493457294,-0.2787303558770563,0.46141403909843415,-0.9178653914969812,0.11366149686429647,-0.2750373538362967,-0.5764389692628481,-0.12809769039717972,-0.16827546421172707,4.036407354337318,-0.3502101819313209,-0.4295552636742576
2025-06-13,0.18103474567489009,-1.0259732228151643,-0.02494641344891707,0.07816161362024532,-0.8074079533587629,-0.037036719345746705,-0.013144080191129726,0.44491009091651057,-0.9391826320424066,-0.08608029958111252,-0.39844218437011203,-0.29798348663040525,2.8887112257096548,-0.1272397685118396,-0.34191512425536974
2025-06-16,-0.41837600830088234,0.49259063082216725,1.1235748831509158,0.0570096878909514,0.3646723376309494,0.11052104802925022,-0.03831325680713549,-0.49074452961191817,0.25774596881781264,0.1793437390782665,-0.19461507951737905,-0.24402601128458412,-0.9836407452981238,-0.4305829314846699,-0.07451152187737553
2025-06-17,-0.024783663574496184,-1.9817964881414052,0.4240753910312928,0.1758669270969876,0.2921650836376951,0.21629019394377288,0.2496204495883304,0.4147164602344311,0.21462971397351804,0.15260295338295654,0.2019693830170688,0.22046042022843826,-0.3021233959227818,-0.21978939703473685,-0.03821963396414971
2025-06-18,0.24288021150447,-0.4453188344995251,-0.13201101089937115,-0.2620734733867744,-0.2358371207847829,0.47025799622550224,-0.23797449959050004,0.07512973598298921,0.353084365628346,0.055372262117359905,0.3776762118558374,0.2885121984692275,0.16268217370481808,-0.40238914769752065,-0.25983980568817
2025-06-20,0.997261297614118,0.11255718920549673,0.4391217333038987,-0.040191254819305744,0.6561534882105247,0.5063937201463943,-1.0655454105319544,-0.6271676174971509,-0.4078728067075045,-0.22404289317401832,0.10752723429368488,-0.007645739995586931,-0.569163633256682,-0.40768385481366815,0.07496816314036135
2025-06-23,-0.30609970061589525,-0.05790505389334477,-0.21155393894409555,-0.38362930736701584,0.30367962469001575,0.11324485568881482,-0.5527721128137236,0.24012495230315478,0.012573639932320885,0.40068824734961817,0.6047709504697555,-0.31483230747191715,0.22419160850384406,-0.1530655512607087,0.16182043380193764
2025-06-24,-0.8363878744852654,0.010325517103578763,0.6657476269162586,0.052781466007232214,0.7717661255119821,-0.2655140762990405,0.11976602270215952,0.2623703550854715,0.3552771302785598,-0.05953121800982686,-0.2772497966405061,-0.05626640127716365,0.12019672883945332,-0.30338379121921016,-0.42421940369495703
2025-06-25,0.1539065816109288,0.29765978980966507,0.6720123349995554,-0.3174077501150359,-0.7515703448347885,-0.07455826643435717,0.5407054651895362,-0.7399741204062322,0.1790750388122464,-0.44350719909222247,-0.2048413728284311,0.8939330750668852,-0.5889063743935391,0.08948317955043507,0.07482631678660137
2025-06-26,-0.30020619195229103,-0.5167755965319051,-0.2649672153648817,0.4015510470175102,0.1508940842240381,0.25166047280287035,0.2707938275913872,0.09076937934123795,0.21081123567887,0.3016491787645571,-0.10161417137247081,-0.3209487887698011,-0.2687459806641957,0.27884227407882783,-0.1744012264811818
2025-06-27,-0.04599410414472935,-0.05656991733956834,-0.10238326587126641,0.6214025861019067,0.14495078844768394,-0.3752274345383737,0.6958415072828882,-0.2553500842615007,0.47453269150176036,-0.06043814074228748,-0.722949563829888,0.13730438117738675,-0.7568976308637418,0.15564278300454565,0.0635079194145684
2025-06-30,0.5629140292379856,0.08044338328316043,-0.5098775824486237,-0.5782817116131289,-0.058394229955526636,0.2883164289691036,-0.39640676102421657,0.3788417590161786,-0.5133448256265262,0.1225799668161029,0.06737663636058833,-0.11213600704768875,1.0803345787278218,-0.09153000058692112,-0.12751931937005753
2025-07-01,0.6625089193361813,0.7618931281668068,-0.8156022355433858,0.3393645584068783,0.08714624487821301,-0.07469320200535437,-0.03359701157115991,-0.5971871366505801,0.712490960030213,-0.6664455447715119,-0.46468365865683164,-0.7416857588268543,0.19733576078358825,0.1624679392892839,0.5355019588058755
2025-07-02,0.8601009940698277,-1.2247800151106867,0.5092221074639743,-0.3337049640414818,-0.43929645643525317,-0.25865315216774176,0.4994044149848827,-0.15398380809608914,-1.0460718474353494,-0.49969121933863797,-0.6985613635078374,0.5343991913474406,0.4888241302720121,0.9640631439847795,0.6568577252848264
2025-07-03,-0.09062123301098834,0.12818700146962592,-0.44335288487825203,0.21361963238383702,0.21846702460249146,0.4169632678215437,0.15221267932559662,0.2231055282337815,0.13144184429203853,-0.21337586239339656,0.13985162265214274,-0.07728905513999992,-0.0700002331452626,-0.22731447448439113,-0.38137217077706653
2025-07-07,-0.05495363494646438,0.006840940322476563,-0.19859649632321946,0.4084281338003841,0.0668637900077464,0.02777581221917025,-0.36904298347140235,0.22892711762471057,-0.11267859293529686,0.3218648613422912,0.15962210216094497,0.09972758859483905,-0.3094047176821899,-0.39989432441240047,0.03367266819471698
2025-07-08,-0.09240748277235333,0.6351469128776233,0.22067720425340187,-0.6693065521714494,0.5689972621454302,-0.5486373413843422,-0.43584060300033634,-0.9852227273423071,1.415908957174856,-0.06306616072094923,-0.3259978981992755,0.07537505904921926,-0.1009998633482062,0.017426447031336445,0.17942672625243547
2025-07-09,0.15826133886516286,-1.2429791362315514,0.07368001579036033,0.276100784794729,-0.6333716978931613,0.4732389737895347,0.15038072454791623,-0.09535178412149536,0.0689825096459104,0.28198355910620504,-0.01956215353258217,0.2792523917340123,-0.5595294134463068,0.4673141832034889,0.03862841194873892
2025-07-10,0.36176872310791075,-0.21426245273605624,1.220851294295231,-0.046928193197581985,-1.2868605142210283,-0.12718143690408878,0.26823382606825236,0.06126686332506648,0.21433104661199942,-0.11718091928103286,0.039788982257953465,0.3402447062841487,-0.3075505374112516,-0.47565733279553857,0.10847693186450125
2025-07-11,-0.05438401506127499,-0.7187808025176056,0.8266505061233542,0.67171414105228,-0.8206578046504243,-0.2096757624812451,0.545317917666431,0.19842404683633852,-0.24778147610555318,-0.2885379999407437,0.22023530086571982,0.3928066398091404,-1.1457775694909138,-0.027977312390194853,0.354788521270094
2025-07-14,-0.5031317035876123,0.8133489236240912,0.03776362516428272,0.20777998484933358,0.539830374537779,-0.2054926773438452,0.3611865603749518,-0.0798572221622406,0.06780522221361326,0.2214234175117025,-0.2939209052993852,-0.24838660724752337,-0.4735797734932336,-0.6140499459587518,-0.0620594542979106
2025-07-15,0.02699453551977607,-0.34136558426967667,1.9807553668037696,-0.15549242540301272,-0.4989228081921533,-0.6666195301301993,-0.22126899586126453,0.1530311946724084,-0.5635285961269964,-0.8273800657527852,-0.029909362154640032,1.3599117320565806,0.2760472719082699,0.04686651835492829,-0.5790759277427338
2025-07-16,0.427102369299005,-0.1551441534517356,0.8348308276010408,-0.7821676546520945,0.3999662890169216,0.41182354243889396,0.13844856265089758,-0.0181674768158685,-0.23617209749899365,-0.4995104994874581,-0.16582142746411893,-0.01787138906036831,0.7406061877400909,-0.006709646187499474,-0.4927365772132757
2025-07-17,-0.1386343041715638,0.6479821570373638,0.004236092664836266,-0.1880534299260965,0.17761904327823416,0.419427182792487,0.003424260121263947,-0.5817864721154375,0.20391909051623075,-0.7132576748195467,-0.00418416007127409,0.027697335238991365,0.5310909575102348,-0.17831738063626784,-0.12376075867214739
2025-07-18,0.4051199949411486,-0.27370701946948833,-1.0820502787979756,0.621986237719304,0.5809695476095184,-0.6392566030485538,0.6440732206432582,0.432675852187491,0.26178398184974394,0.1352432469330198,-0.25142603358868915,-0.29448543984886155,-0.6051980598835542,0.41547509247325953,-0.31188119947251747
2025-07-21,0.22275750667139266,0.2740282383127274,-0.612231777812847,0.4447398946544907,-0.03987843403794525,0.305692862564404,1.171704966327837,-0.20689014038434383,0.005883963857043373,0.37779713852074487,-0.22910714206726948,-0.7710240982500177,-0.6265960089975259,0.9804614541487676,-1.0223475050215027
2025-07-22,0.9021213185420787,1.0691091922103748,-0.6799472422407504,0.0024569923618628087,0.7993863772572394,-0.002554956934283814,0.6910538497964018,-0.7164277541289165,0.012039950600554156,-0.16750956421672725,-0.2681646108791258,-1.017105191763043,-0.6920514361774026,-0.46847676912708297,0.04415326997797425
2025-07-23,0.4087434911525739,0.2903728247999576,1.6442798831252523,0.4349900906926173,1.252171433988966,0.26824366719365145,-0.2692414334831371,-0.07337585557947418,1.0719017334425334,0.6542235218557598,-0.8101097494988994,1.329114623896129,0.07337489886443127,1.8013554954726831,-6.598493257229412
2025-07-24,-0.42211614025551714,1.3796854707250465,-0.08885377594513488,0.045895874042310214,1.5469964325726864,1.3707081856612107,-1.321117159010699,-4.0998600270004175,-0.3649145845275601,-0.03444023280814676,0.27877578285234317,-0.21893111402356918,-0.5319139451620637,0.5895498552867401,0.13212343817669742
2025-07-25,0.21870886198292838,0.22575040492042384,1.0836055706609056,-0.3046992222853701,0.7440702152641685,0.5469882646156297,-0.018964482990054335,-0.06681030404361593,-2.662300722887771,-0.2538418300275018,-0.14751493898687287,-0.28106706542394355,-0.10764296611656732,0.5022176639648508,0.09552882145693875
2025-07-28,-0.3293518560954742,-0.3821673393147976,0.5498135782636875,-0.06685707475305844,0.26965607649303974,-0.9334595808552257,-0.5599685473308842,0.915802663840271,-0.5903643146328822,0.1513429552595014,0.13399187079920571,0.1879063491606519,0.28804492682555133,-0.19580286693757987,0.2725521329423526
2025-07-29,-0.6919320918276655,0.5331478010744407,0.5019048052376571,-0.23747707331640233,-0.12109682228692009,0.440869095631062,0.8596786688489508,-0.07712324509234464,-0.41758663457308015,-0.9653372704242248,0.42742843359907173,-0.4506037547873088,0.3534751871486208,0.12486233575380429,0.5420097895082683
2025-07-30,-0.39201482747992994,-0.3777755037404742,0.2648657945542251,-0.09503905870155555,-0.0005396256887479911,0.7114527142163227,0.07745762571809409,-0.10390943317771995,0.4866933540186208,-0.14383590945483732,0.018861715701129544,0.8912528229196188,-0.56925162511565,-0.8514918461434822,-0.04043543474869732
2025-07-31,-0.14670282081205355,0.9065689403954118,-0.9691999347965364,0.9509108111070809,-1.0056062172977125,-0.4774237972023515,-1.2690138619686602,-1.651591702288078,0.24222981211671635,5.884165288770204,3.4141279554820683,-1.5358592883132594,-2.514444234291343,-4.590884290058845,-0.7921504595491724
2025-08-01,-0.11749216560857012,-1.0975415975187062,0.386926670408424,-3.1036247712481746,-0.23539883038012221,-0.21513748964598922,0.24062173093516204,-0.1777165686526061,0.11013871309486867,0.42357514606363633,-0.2771176660103962,0.6892798321385314,-0.11006233170265611,2.2900133358853436,1.186980600046657
2025-08-04,-0.046152929225573014,-0.9676494327390184,0.22441036694085603,-1.8264568062286175,-0.013513754658847132,0.8926840587225089,1.3826809386745593,-0.006504243566627488,0.4733640838419988,0.7709018312996687,0.8414174250403341,0.32372336108155975,-1.1235814090730978,-0.900567571299052,0.18505616996555802
2025-08-05,0.19309790845532848,-0.020210007398290198,-0.6120652012330683,0.9366491540314119,-0.6242769560001538,-0.6628597811748176,-0.3094867370474905,0.225643424988204,1.4709799127127599,-0.29123408853009214,-1.130614584454026,-0.1690250637277272,1.2750213754580575,-0.038291953284442126,0.7083194399881252
2025-08-06,2.9160424399595155,0.41487553592886495,-2.3809322874722625,1.6927049539400927,-0.5638774695253564,0.3751317122808162,0.7697720836644163,-0.9526872760794703,-0.44161194875229465,-0.2872679944107705,-1.6000307087735206,0.10263891205732666,-0.6035520485685718,-0.598497327557499,-0.28508752449343955
2025-08-07,2.4998335244669216,-0.8565218597394613,1.2847777952634512,0.1507677234192656,-1.528794209178691,1.5474004517373472,-0.6844656018880574,0.1090062589549009,-0.8456702962218343,-0.29700501620021996,-0.5487433906527533,-0.2562439944824846,-1.1161652558730777,-0.29850074062888626,-0.22083388128165213
2025-08-08,2.4199300283859406,0.16385505427873004,-0.7975083314746463,-0.7731993731819632,-0.5901222602515434,1.6428985122017656,0.8949550964161062,-1.9631113092430355,-0.11171310941268103,-0.15235056446342482,-0.49153037431360574,-0.39420311835810107,-0.49314173670761463,0.060652648549665344,-0.2865212459683848
2025-08-11,0.18088453306864316,-0.40156837906758913,-0.29789845166766943,0.15436422987317439,-0.9285938568418284,-0.34154697068620266,-0.3816011251725059,-0.6067422383622106,1.9669622911120344,0.26148918372596974,0.3566220293332434,-0.20297563908369787,0.44512095011021313,0.5993971766579892,-0.3662466563232535
2025-08-12,-0.1351173901337711,0.11561288636002376,-0.5006379028586827,-0.6666446363662453,-1.0961731114282958,0.015330944940644575,-0.08860270583465873,-1.200203915558544,1.101802491124045,1.0317542846898244,0.9896878982748338,-0.7291017609433171,-0.30651287606673094,0.9968016615210153,1.0015799369963347
2025-08-13,0.24221832246914954,1.0109169920389398,1.952370563636792,0.9936212824761689,0.9483610964449977,-1.6487813415852133,-1.002734753715044,0.7231887519939808,-0.4373567932684952,0.5285383117216479,-0.5248071654286337,-0.27246244955849563,-1.1113042541913165,-0.5765619192349236,-1.144926649393923
2025-08-14,-0.24597919092444842,-0.29087966953600547,-1.0609483430681437,1.7585304186162427,-0.7274892479171029,-1.5121605030410779,0.024170193257716986,-0.7316833401675988,2.44018947869579,0.20840954401913284,0.3552084268505207,-0.16947669394302464,-0.07919340699595415,0.2834477823644701,-0.10379685846327734
2025-08-15,-0.6787363595928906,0.5642527491888806,-0.18564901762902852,0.2947007072544326,2.538129687732407,-4.284593266757825,0.31337039835870073,0.5469828112593103,0.7290416226344805,0.8396007016505748,0.281833348072663,0.0961684921799133,0.6919373345354646,-0.4765807325920731,-0.12258378570005157
2025-08-18,-0.4406677549713805,0.17726747293816286,-0.056438416969351535,0.22914612286088487,0.49321338968487005,0.9082373908523447,-0.22463901292998825,-0.11147406174905619,-1.413910778333092,-0.8434630348810124,-0.33832291400454995,0.7689022001223375,0.07240751410090634,0.20949614825606977,-0.20768464654784186
2025-08-19,-0.545426881098442,-0.5959027467234477,0.005052309128576127,-0.16256702313563465,0.30669235966152547,-0.2625341705432399,-0.018335452611521252,0.1847941149226368,2.1804649235659017,0.37288334543149637,0.30631269124544125,0.03130156791522509,-1.5480213760039616,-1.0831791956232357,0.1985687972536977
2025-08-20,-0.9038339844378311,-0.41491854849667764,-0.24243659786440164,-0.45659725400703954,1.0561629903182057,1.0147395232138994,-0.5020737006292362,0.864068756326444,-1.8039699007908467,0.24821004402717617,-0.3935199212999019,0.14358743003889834,0.03812366130542866,0.0519871040077044,1.367535099819379
2025-08-21,-0.1858912495100371,0.29400138459730574,-0.15119267195338826,-0.1881146181052918,0.2541159064126462,0.2320440344938515,0.3726449653093781,-0.6503240023568307,-0.020690409743327393,-0.2940285332737803,0.158771007069329,0.1429010606890857,-0.2816300028622715,-0.2566996596239385,0.1315645229545616
2025-08-22,-0.4436799760655844,0.2400305975081931,-0.28412588721685117,0.6089576184076717,-0.63001224642228,-0.6753189660898532,0.9393117377789693,-0.15948645492573732,0.5242235189402165,0.37856998395634234,-0.08643446309147357,-0.2846123706524065,0.10123986386484268,-0.04293286616990111,0.01904656414961381
2025-08-25,-0.13123792295891956,0.40984777071514256,-0.8235498275847545,-0.07765598014668329,0.19725129212101017,-0.019299597085781384,0.9438216047238114,-0.566549730954846,-0.33352627666047774,-0.0024262460945798925,-0.47051657764852267,0.73807984820662,-0.22294211874268888,-0.3955497254043315,0.08419548496205552
2025-08-26,0.5671341959308573,-0.9452997004988711,-0.04954330498990095,0.1995599279337804,-0.5952632352764093,1.4843236636704664,-0.945736822514046,1.047961820390748,-0.274893087565889,0.15579160683560261,-0.556618853758714,-0.049422625640389684,-0.49863932252220283,0.5698744492898468,-0.27345353582740073
2025-08-27,-0.09603571508718528,-0.41054776560070494,0.21114224312851643,-0.4149769172533741,1.0967609787237769,-0.20288581946083167,-0.11003734437351226,0.2586285755055979,-0.03748475845568788,-0.8070536088585754,0.806451877512558,-0.07489109594893317,0.2079124478281868,0.07202408123805124,-0.30738968818111256
2025-08-28,0.15144925882652588,-0.72302415488192,0.01623953458752589,-0.017638762205915204,0.7149496798472913,0.6404532449086718,0.9597829825677657,0.04971868776034877,-0.3718986881491828,-0.4106526120281011,0.004843463814710736,-1.0434955389540472,0.3372906238642045,0.19252827927767507,-0.4673306380018061
2025-08-29,0.10154602984415056,0.07163394340002804,-0.10351609301552922,-0.0759307094121554,0.3100119436349325,0.4548000287680949,1.1484927171345491,-0.6987813225265613,-1.0516580947165775,-0.01700173391167592,0.5664976209970143,-0.6329958166509118,-1.432635949388048,0.3578912958225192,-0.28922841796865584
2025-09-02,-0.02378760369921129,-0.6719204127518563,0.4613590752584297,0.06897640637498559,0.22846000979540293,-0.6884382598031136,0.20202621489165928,0.17417912806183278,0.504592972440921,0.3789685719539594,0.21368924420080748,-0.5375999370453133,-0.0679008118297656,0.14607316328608588,-0.09326722232119611
2025-09-03,1.9327890237244651,-0.25940159280147523,-0.8137852298026975,-0.6768617887514383,0.18931493409268396,-0.8254963437019353,5.515427151736636,0.16888005790473593,-1.0906050457631178,-0.31055185757122666,-0.3246317320917724,-0.9690757268160637,-0.5625174765125036,-1.5183077501737579,-1.5756623003212926
2025-09-04,0.1763219940560782,-0.273096614871061,-0.5329905153833217,2.177771764197783,-2.9733862093344805,0.006290424323054655,0.04692176349283543,1.0856973063149176,0.7996590693377338,0.1746222043070066,-0.26615602090001417,-0.33098182084675865,-0.6801796077730552,1.3899418365372664,-1.7803336309421085
2025-09-05,-0.28638496489057,-0.060835795383599844,-1.0046478212725047,-0.5830184019947238,1.179901825263951,-0.58217427018666,0.7760176548649778,0.12213061269786407,-0.7068263261211626,0.9002396000065218,-1.4618470713900533,-0.011176092407148897,2.6555011864785327,0.3092866028944011,0.2584442605397931
2025-09-08,-1.181052343256526,1.0590315462368822,-0.010446788940922186,0.2867305316882768,-0.21487234502763308,-0.3650387124261937,-0.7319674570632477,1.735008779612063,-0.5807885606712704,-0.451997295242501,0.33903061832633463,0.3056253655770507,0.8056745313538903,-0.02526264169003481,-0.5880828782935063
2025-09-09,-1.2609853684377945,-0.2924651655545298,0.34511979626122635,0.30471359753795935,0.17160432128076825,0.16272163477425133,0.9291663782223285,0.9767434254288251,-0.02566117346855651,0.3937364946010339,-0.6962086872271669,0.03839081075542439,-0.20346130620030878,-0.6378353917632706,-0.1931624870787226
2025-09-10,-1.4065911292335316,2.7415138213154506,-2.0797860430278825,-1.5115999160460762,0.11733263403247873,0.18703931683909192,-0.48528405587596896,0.7990105295149268,2.021709279131741,-1.50148429313768,-1.6754978359276322,-1.0103026230986232,9.948358926246936,-0.12092249489472132,-0.2837034008598176
2025-09-11,0.43516358603418115,-0.490625246517038,-0.4532744172981391,-0.35815122564546525,0.3302160261251209,-0.32338532218321764,-0.09276427567623302,-0.19655829369863032,-0.631421216713558,-0.015812616188722844,0.5432053578048629,0.4666841538559909,-0.7634195075330006,0.8832059308607847,-0.02735463174849248
2025-09-12,1.192720355088873,0.24701408143224635,0.6557877955057946,-0.586557892321818,-0.5286268298530541,-1.4688736066947012,-0.02611173439301695,-0.4847749624196086,-0.5640577041435566,-0.24130665738986648,1.2576824917306142,0.07807569866178973,-1.085396620402431,0.7463693074066984,-0.000471151464400299
2025-09-15,0.10637825595810496,-0.5965676116804186,0.033852780174789876,-0.1543620104720108,-0.3201203877930141,-0.10909501105337183,1.8169394680211217,0.5577156126483325,0.5542481737457449,-0.43104420607232063,0.08372137918937006,-0.7814335802500824,0.5347198883919348,-0.26959386378565575,-0.9297446583002177
2025-09-16,-0.06571004577220807,0.49555778995512945,0.017961605894577903,0.4431186359840415,-1.2649790624675201,0.028667004607340923,-0.5083994489961708,0.06529697039185783,0.23642232045064454,1.105084479413362,-0.7726502931675759,-0.6347145494438681,0.5740335534852428,0.8177513269831723,-0.3461425865125207
2025-09-17,-0.3106800340514238,0.9665448483623437,0.1398816801068874,-0.7536662235572282,0.18024438162551948,1.2425215780343795,-0.743880865085208,0.09984739015141908,-0.9427807033807971,0.02348694011397484,0.8024567206967257,-0.9247563998228606,0.16962152467583802,0.1901732060580788,0.4723857032549882
2025-09-18,-1.8056508919951058,-0.4451013348928976,-1.0149082083569232,-1.1572511476794558,-0.6919947057417644,0.42451388989088923,-0.9744641681358637,0.27137662097282633,6.170050146988559,0.49025559208713787,-0.03863977903193416,1.3095230648645444,-0.4677824158892973,-0.7953345797869098,-0.44503221745421007
2025-09-19,1.7449276731284107,-0.2637481228349177,-0.194901774818426,-0.565242415511811,0.654437711707474,-0.8215687987108791,0.017825846014282304,0.5069533674484026,-1.2011680993487934,-0.9211659279072827,1.1486525301475914,-0.1342799309503631,0.7829968134955047,-0.20292339866248077,-0.19967672330334546
2025-09-22,2.6800758045690762,-0.4184988253633928,-0.4721839350344609,-0.7604501702668885,0.641386212438331,-0.8750824713984382,-1.2589810433112962,0.853900854192251,-1.3307780898638724,-0.02501864714371449,-0.24909231275127647,1.355211551741724,0.4350322386702494,-0.288611368173766,-0.5270022238924852
2025-09-23,0.034404959264579094,-0.2663285826112206,0.7114416709476257,-0.6566006779295688,-0.9401614394068692,0.5878900288734527,0.13232927471262168,0.5155979324417697,0.8614272220219659,0.39008032685933536,0.11608601698560816,-0.8599473546673997,-0.7898428446203355,-0.14525645876651982,0.4157868737132077
2025-09-24,-0.5223354216969995,-1.3913734196189995,-0.056661545595007065,0.1816294132104989,0.5116192688110612,-0.03975978621878323,-1.241013306681644,-0.9753603131231409,2.1007942575339813,0.6880003722218611,0.4897093825851571,-0.44179071195654324,-0.504577477201348,1.3267776408447725,0.5328302812747574
2025-09-25,0.5827271954267843,-0.37761506505050857,0.21020430974941295,-0.6398435826342341,-1.6437818925527483,0.6721117566629916,-0.8690170919137518,2.9882602188276506,1.598373423832802,-0.517473290704287,-0.18225439009278555,0.31148054731095476,-0.9455993079995434,-1.9640453109049067,-0.7920105332835015
2025-09-26,-0.9031305263758087,0.5144780325500248,0.011383347927707566,0.12114920168920196,0.09474349814302396,-0.6478599763587033,-0.3152075587465488,0.4087039384602434,0.6328519564909205,-0.4175865530306571,1.0563174317361415,0.5440556546435349,-0.15091529752653676,-0.3548366534884276,0.5863053624884498
2025-09-29,-0.276114609263608,0.45669061110618114,0.27307296724148744,0.41375055649769743,0.9359855571947353,0.5656785582639439,-0.855303738134646,-0.44001462592419605,-0.47956585019232145,-0.7156430854344172,-0.18633171862853048,0.8827752409924358,-0.2992924650774081,-0.806742283102333,0.19796551568926168
2025-09-30,0.24962124239520725,-0.1618065082193716,-0.8799957803813244,-0.15708677589955755,-1.0404793275890873,0.7173051702664921,-0.3984905021250124,0.9884606587568344,-0.5003384208497477,-0.3517257466292441,0.38563368869634584,0.5147982456312253,-1.035855534200533,0.10916087037442476,0.17518517802705888
2025-10-01,-0.03859351221270799,-1.3112423897716314,-0.11904959388109454,0.3913546301129035,-0.01846674396420389,0.19452382130648518,-0.008483469589227646,0.9985480919503286,1.4888314837057188,-0.9567585095020836,0.2753792157472253,-0.48811187758900254,-0.044867594588841375,-0.48022222175054863,-0.8768087471107386
2025-10-02,-0.3892763387363829,0.8407161487188493,1.2504496782031465,0.0983739765141925,0.35892478556090146,-0.7745827660916589,-0.6170248804587122,-0.6080806141804405,0.20028860132405413,0.9074713344332341,-0.48238158605618264,0.24783432379167908,0.04359811064185061,0.1457785055865506,0.3197279060523295
2025-10-03,0.3660541690997145,-0.7341961747940069,-0.9163708525536447,-0.2680016231114392,0.5070808616161849,0.47506545455462723,-0.061724581597442374,0.44714558609974,-0.3693939221001472,-0.792890586851193,0.7057480599646573,0.03380650016770148,-0.03193190051791256,0.1659870029580889,-0.5057024855534722
2025-10-06,-1.1584574807301289,1.4087227563550435,7.200301664537971,-0.3902557992966446,2.186783734521928,-0.4212994482319852,0.06165191792102165,-0.1275882585456896,-0.5842351687337363,0.05107630962947701,0.8092333646745595,-3.300262893400958,-1.1903046404480215,-1.0899731174788652,0.7466310656013015
2025-10-07,0.20438627424971711,0.2799425557527025,1.2562325429119117,0.6694958197674235,-0.8462701315669787,0.24765891439019538,-1.1089543246204807,1.2027996603548152,0.4235782392407868,0.024917273189489303,-0.8655098634273414,-0.3160011514201823,-0.7697434423440506,-1.046076928229683,-1.0170630119281105
2025-10-08,-0.20281945130956733,0.656924621355061,2.8118005835547137,0.5449340698657346,0.8687286878519771,0.44726848661232066,-1.1874048493730451,-1.2995740065766936,-0.3032839185497037,0.4785109769521033,-0.4886961014030238,-0.7351980449773621,-0.9258117603009223,-0.09013491044988431,1.2987864059692287
2025-10-09,-1.1102773340123435,0.07101710379692447,-0.3700943434638599,0.5677745387735101,1.3983806837852326,-0.3688961809298013,-0.9098492916750032,0.08437366693168108,0.3147035266940513,0.680673422852031,-0.8666904450114625,1.1304745611221345,0.5729082074725358,-0.3298325625978682,-0.228124699726997
2025-10-10,0.028610221587739737,0.2390858286194708,0.12149849397327506,-0.10924730627316714,0.7093415871936376,0.5004414320006663,1.1375047673970307,-0.3771314221363864,0.6550862352448876,-1.1765382259664994,-0.8867197149973336,0.08622137724771939,0.8628308439699173,-2.10230393301585,-0.768409321659336
2025-10-13,-0.606237155956707,-0.6285795477660816,-0.7170404140003604,0.05939261860453249,0.9997046701527418,-1.637764748839812,0.588559925312043,-1.073717840171099,-0.48945619779496014,0.767083365497357,0.435329581030991,0.5631737033375732,0.5615360200900614,1.948860250113813,0.45317249836590523
2025-10-14,0.5079905550817647,0.05433408341489454,0.4227137128754783,-0.17526202198429186,-1.5003320417462913,1.9799152586666984,0.7069224369440602,0.18027388919234733,-0.7663157364368014,-0.24021840829298435,0.13388879725662228,-2.1488805026911586,-0.5416242891340377,0.4149235196202025,0.03009923643702861
2025-10-15,0.05764692923551122,-0.8697628104673302,1.446832378316373,-0.36245132044132317,-0.5172036329569912,0.14968719960034504,0.7474716351572785,0.7079483662765703,0.5119867343136101,0.6845281795407395,-0.3683888199426318,-1.16345594118213,-0.5197251968798079,-0.17798881975139796,0.29653851194962677
2025-10-16,-0.6257863340575731,-0.31562597394628394,-0.34781066082272644,-0.1320794224630947,2.0862516875072292,-0.2722959607533735,-0.09756240674584665,-1.0425394828189563,-0.4189109162809606,-0.20583242725027825,-0.06929403745938834,0.7784997934804917,0.7155872827461116,0.3229696746803308,0.13737578896416983
2025-10-17,0.6095612479259482,0.3665225558289992,-0.370761332140213,-0.7456661724162146,-1.0051204425962468,1.076740656522494,-0.16734210007714378,0.808343224404037,-0.3302455533167361,0.1137234888145787,0.25702415689684,0.24649805870328625,-1.19220898173995,-0.5118714734125951,0.22663188420785746
2025-10-20,0.62144551985461,-0.0040240958670043625,0.5124794772322285,-0.8354582065793333,0.7778753768074236,0.4986017118704157,-0.7062756549211309,-0.4597073015962244,-0.3578391687261179,0.15410182286698637,0.24375364799837995,-0.41758031415180313,-0.06813700428714342,0.20594060405612324,0.3332098890786118
2025-10-21,-0.8726784748798929,1.4216896318839738,0.04876833667525826,0.56902521069524,0.8251648437891934,0.5561060722315462,-2.0502492005829813,-0.7551172845663929,-0.5435544632468816,-0.27116422046508437,0.3281806826926098,0.01273898991328365,0.7891162741667496,0.3453278800519566,0.2571156604465754
2025-10-22,-0.530712918353931,0.2844764482346048,-0.6998703493337504,-0.35333142813890295,-0.686846610096604,0.1480400269640853,0.5419536667047967,1.6604798101915326,-0.41784320392925833,0.0835877184283527,0.4917567997085319,0.009457687821484873,-0.37077517572758956,0.7928448993731559,-1.8265719523478676
2025-10-23,-0.05190270591116684,0.021050402519511756,0.1192308277388543,0.6766202339929852,-0.2771186658272302,-0.7358419937052703,-0.08820253068542822,-0.8143696190453887,0.4078305615741057,-0.05290655242140537,-0.1519020620014679,0.22053799411287694,0.25112955723692887,-0.06347742774798587,0.410026022862257
2025-10-24,-0.1437077760016856,-0.4370827112605984,0.8043219865074734,-0.01698133032303517,-0.29162587016487795,-0.5574674541896081,0.5656694374717982,4.654032099336036,-0.6300889052010729,-0.3357151488779734,-0.22225342879157162,0.14718186710027448,-0.27045011408614683,-1.1347193897637877,-1.500196451466851
2025-10-27,-0.137307588019975,-0.3771419775678341,-0.8740090790637268,-0.4661054236479395,-0.7098693790114858,-0.6822995284130573,0.5442016450553462,-0.1114675658383466,-0.6681221740728244,0.5133922811397111,0.8673616407369659,-0.2870707315506731,-0.8486574989250941,3.50535383182275,-1.4793901433747614
2025-10-28,-0.3040950624217786,0.8703728203942709,-0.8467842298522676,0.004345285909390539,0.225406464046336,0.5778436214239601,-0.9775880613610765,0.006421536593780447,1.1314984686664395,-1.0762263762804856,0.5312950367636171,1.9198932880600017,-0.594341430734604,-1.4855529403530612,-0.3323998081415171
2025-10-29,0.7135445147810997,-2.1249726304133905,0.32032675042621206,0.7080619896333173,0.6641703522915569,-1.5957491296342887,1.5430101083056833,-0.2621171646674474,0.35106102207421386,-0.5086412796427655,-0.9036321686905971,1.3988752074158142,-1.0597718677840313,0.3504138154640096,-1.1296750479827102
2025-10-30,0.7371366587842217,0.6432953864726384,0.7247853774754673,-0.5821964981953507,1.0910675065610502,3.1971655137927515,2.1087285640007583,0.5154249129702756,-0.11719439644364615,-6.7009001057946405,-1.2469791441660631,1.0259895383521498,0.08863080527479239,1.229553151295238,1.339512471272407
2025-10-31,-0.7844021519472879,-0.719008641313207,0.01972278444460021,5.429265135795388,-0.13636365373871462,0.2059715773882694,-0.34993621851059237,-0.6968954439897703,-0.7311613408423703,-2.436781645563645,-1.5806347846120719,-0.10312488098395564,0.589958589985381,0.27671399977497413,0.1504226439640277
2025-11-03,-0.6569050187148355,-0.27389747877985465,-0.1443121411749352,2.216510529008371,0.38948530660659586,1.0653090820752675,-0.03554695644206246,-0.8062814987899681,-0.6133168112599082,-1.3819337830074407,-0.5505143494533955,0.6185899596586795,-0.5942249153313829,-0.3191219956771204,0.24091693196399772
2025-11-04,0.7731596451934424,0.4033218586150139,0.3445146280062672,0.25787676126317094,-0.9011256241568487,-1.0140952226017474,-0.5615335663186376,-0.4465522530138803,-0.9355338515289104,0.4854147824035564,0.9590545879147714,-0.47589516202328386,0.0793031382363597,-0.4901229072999451,0.5382940399709027
2025-11-05,-0.5414562768593764,-0.7611602356327225,0.40293985673607047,-0.22793970287355325,-1.0923585160435616,-0.30671007239502246,1.0123840446099204,0.8710992235459972,0.23832709946605662,0.6302995032022225,-1.5350912230863933,-0.9860873895253467,0.2835095955941791,1.1435884158402525,0.8874848544209455
2025-11-06,0.08861888792299188,-0.11927179442300107,-0.4719649372941963,0.19155062736611028,-1.555478081048346,-0.3940893166527035,0.14940512804993578,0.9206818777072797,0.22549201422835263,0.3254413155184026,-0.8258373059760447,-0.2827712132976472,0.5464579476740423,0.17657067162663753,1.171708603857276
2025-11-07,0.30339954357496235,0.08405119793615204,-0.28022282554105393,0.3397853940894672,0.01892776102151826,0.3295224023108642,-0.7528712364278515,-0.61575078468202,0.4726964579435079,0.5952110968530309,0.34592511031211104,0.12015236187324305,-0.7892683641753468,-0.4347124215516186,-0.39147730090262545
2025-11-10,-0.5880397656565324,0.4190363950268666,-0.4281676754911298,-0.22877213768796212,0.6116269545926192,0.09080302407561736,0.9109213668614338,-0.274269184685344,-0.6701894462014892,-0.16189487639473876,0.42582193352618236,1.24702151078388,-0.5517696508613084,-0.9001662304950455,0.21578106798502272
2025-11-11,0.49778036487045596,0.18112969805466528,-0.45597652179901665,0.1295115963240798,0.03144006981019748,-0.29764539193379735,-0.4589498464950875,0.04344665596910979,-0.5641804504352717,0.1208522904261305,1.0266194748770245,-0.861696867035056,0.617073968776774,0.43816592069304694,-0.23648767152864808
2025-11-12,-0.5638355104103416,0.32324540939507224,1.7162263157805977,-1.354935263156598,-0.13585833244343087,2.362490988023768,-1.0706685397329445,0.13088606131769218,-0.440029357193626,-1.5394385968469004,0.4801356016461258,-0.10550652379301124,-0.9624644288983907,0.18862241747370645,0.881784899350968
2025-11-13,0.8650047474278475,-0.23290667014392447,-0.4506068411951857,-0.6312804225281683,-1.0596600936424487,4.198405671383947,-0.586896619217512,-0.9406739166381444,-0.8327512274898446,1.119865791180619,-0.5058498408322043,-0.8652129940697774,-0.914877257194489,0.12619635843290322,-0.3734816482354273
2025-11-14,0.09711433348586235,0.05879683230164556,-0.5365523724049442,-0.611178502303525,1.0564450089573343,0.38406452857269957,-0.5998776081647778,-0.000535700219723434,-0.49639749673917843,-0.01585950621010121,1.0566167226639536,0.31661316694236114,-0.09939158570574697,-0.09132043874142748,-0.6382216310124151
2025-11-17,-0.5980230808264867,0.3068097580743545,0.0007152105621270888,0.5419608328383265,-0.13543407610314273,0.40079126237415824,1.8431772600955798,-1.4838252690698441,-0.033297259658599754,0.21110826663228105,0.06564887352303095,-0.34206834918817797,-0.39984361762619747,-0.609424451221533,-0.18934091089671878
2025-11-18,0.6478597647488096,0.0023583123580424373,-0.018144175606025437,-1.2885846148827769,-0.906387873450301,0.20769026963896964,0.721886756306454,-0.5384575231523876,0.3534633203494117,0.9862542054060113,-1.2136064191100595,0.059798107814277746,0.47590693632718445,0.29758696011288377,0.7660875682104183
2025-11-19,0.3147499811687081,-0.5867341756841796,-0.9086951406911423,0.08449460747688983,-0.6950029524212341,0.9702881001548777,1.2124645344394327,-0.6179506008329849,0.38636804727885526,-0.5419902587320051,-1.5153176471783072,0.959962525364922,0.09902956955618075,0.40333066001427065,0.5662793584232535
2025-11-20,-0.700309468990148,0.0728665416899148,-0.17503300100293573,0.13124426074588125,0.5394947195834957,-1.773588301629751,-0.7133507230766067,0.520698840302007,0.025206222453814542,1.2324569851758298,-0.1044843208660986,0.2685803583225903,-0.1492839302278417,-0.13829951952048702,0.2475665942741323
2025-11-21,-0.44797688680170245,0.43009701877226014,-0.4499999975907645,0.15676165610504278,-1.2843498803279154,0.20708643382095254,1.1201406199245154,0.5141234607762872,0.17440925869698215,0.5524754059753129,-0.9935118934024396,0.00540575152858791,0.2183026034919533,-0.3026075130241077,1.03539714867822
2025-11-24,-0.19212015251510506,-1.0137761870837898,0.2278798099218432,0.20516199478017216,-0.18513388471394804,-0.19811008031704508,1.529997305183103,-0.2727527481577847,0.11338827577802901,0.7654224435389467,-0.9245997595657316,-0.36064903185226005,0.035952558662326786,-0.3564971673200949,1.4105042309741525
2025-11-25,-0.5377326050661928,-0.269761563537035,-0.9967251551942415,0.5163877873387762,1.1253919076412302,-0.10234409773733193,0.23458033788072372,-0.406429362281394,-0.19456381506692866,2.082297944908212,0.6165477804615883,-0.9852626949641166,0.15739430688571432,-0.8126432663283661,0.11468581791418925
2025-11-26,0.6088030942843734,-0.2413592930313775,0.11069512727500008,-0.34280850676100955,-1.178960038264274,-0.9511585489628251,-0.5362940862495269,-0.10488677277387426,0.10628696967591894,-0.32711524471242603,1.2386521716022938,-0.12502710692132613,-0.13890410635220052,0.16482422076823805,1.212816590826872
2025-11-28,-0.5484755599205587,-0.31727750498283935,-0.3838506118373854,0.09635302686774871,-0.19357637123677107,0.1806889338513421,-0.6890460228175831,0.29217021044934227,1.7087503640090347,0.7196864368311302,0.7684516718004699,-1.264577609736722,-0.18640844792591954,-0.23769910696200136,0.2476313069208418
2025-12-01,0.8953035674379272,0.16421834912151761,0.3511247826515046,0.27160357296973114,0.23586031173919653,-1.0101354005989003,-0.8457497896776444,-0.44963022515009654,-0.35587019354075383,-0.14758986920654066,-0.44695718788740285,1.1162376754172767,0.19264069787607416,-0.05414511633672218,-0.3083026999591444
2025-12-02,0.4184951428740245,-0.9707104700239252,-1.102202476243946,-0.347792837425862,-0.44142869763985787,-0.10986169455567629,-0.016456327715496377,-0.6866863943816182,1.4974182444162099,0.4482637081015213,0.44332446249153024,0.04050953835667709,-0.206368691020611,-0.21173750414795178,1.2587513591024397
2025-12-03,-0.5931225994141638,-0.5490523255995218,0.04628178842006248,-0.3814678807373281,-0.22008136658210586,-0.0002248402348010714,1.154033182944337,0.752168264973142,-0.020853193367336653,-0.021294985609435935,-1.5626710158467123,0.0076850154591519,0.6303163729409599,0.4733032068990516,0.8939176062216061
2025-12-04,-0.8924114841079218,0.47693903507170193,-0.46540634399011677,-0.6992996545744661,1.8386799678302628,-0.31818536791089913,-0.601953493338867,0.8650714414348712,-2.0452108942059795,1.7340165029578853,0.4536011528855802,0.6284760618339515,0.2805936008785462,-0.06401668293013701,-0.6658090543252415
2025-12-05,-0.8007144107912633,1.7338889729768143,-0.248856666218628,-0.8209345481115479,0.9394349696028106,-0.4648068921101299,0.9872381631527676,0.695917596502397,0.043625058930117144,0.43246746086980237,0.3650354757300005,-0.33317548822694226,0.198019891736246,-0.9527508990125289,-0.8763584472747917
2025-12-08,-0.05179750780095144,-0.4870885088663819,0.12335260400673426,-0.6282809544788059,-0.10739012883301237,1.0957399274845516,-1.3653727603378647,0.44848109042553347,-0.4747181644198607,-0.6426762307534983,1.0450881929400389,0.36862617042848467,0.016125223875989136,0.4497949247291917,0.20823273874461762
2025-12-09,-0.491964722415544,0.769238508800755,-0.09639762316443076,0.12649021063899346,0.06894069284277832,0.3467479960708392,0.38953070207855334,0.13696436353434127,-0.12842368994810835,-0.6319672702664554,0.249158290050249,-0.13832112111540412,0.3481956390712842,-0.042255703008465886,-0.625056547526262
2025-12-10,-0.0765104882509976,-0.9142824505371979,-0.08486132859545682,0.7480908944936953,0.1980432135084219,0.14823959689164184,0.4110719607665821,0.19492652888902937,-0.23870472292039402,-0.24463288793310198,-1.9291699064109442,0.005244566248948812,0.8034349607958295,0.9382574517760931,-0.1066300845076148
2025-12-11,-0.22384831764233554,0.9359558574554695,0.5281531749865133,0.23799951100773653,-0.35682465041651895,-1.0590275009052454,-0.8858883267477836,-0.0456049842320605,-0.6039128521622228,0.9436717929138783,1.816552128730455,0.25640697624932396,-2.5014735683551326,-0.02037825707526808,-0.355650018023824
2025-12-12,0.5540594415685953,0.8775338738000907,-0.14390553699426767,-0.03149471560819306,0.14336974453441248,-1.148076005796638,0.17115776867278687,0.4338789007486039,-0.5166458033067715,0.3188506833545111,0.30226230777119734,-0.1489951318504006,-0.3214059363463331,0.038109723186328215,-0.6050724199807778
2025-12-15,-1.0201373299510732,-0.10500877605883085,-0.08460218916148798,-0.234226352297908,-0.7981222985762111,0.5627076467770691,-0.18541747049067903,-0.17245291392761863,0.020164081183522087,0.7862050832502586,-0.325871151631537,0.5350725165376452,-0.42856426189308805,0.7789765321026467,0.2582624260886608
2025-12-16,0.6410646806911606,-0.12149736029893882,0.01865744590560065,-0.13186125026670306,-0.2638741760338559,-0.3762884852053843,0.0359299398333176,-0.3676132750626073,0.1375371002253259,0.4119562398350879,-0.17344063232194873,0.01527949152513991,0.1244185269443493,-0.32102002328736035,0.39377845404808337
2025-12-17,0.07745435406673618,0.8774231761183371,-0.19741879927760908,0.401825538093433,0.39095440422389405,-1.0617906276637723,-0.6224705470651264,1.270146376106326,-0.11861329085920447,0.16429109362326422,0.9406400384670442,-0.37687494390473497,-0.8847568307049467,-0.042827017728579664,-0.8753791617626171
2025-12-18,-0.18484625555943446,0.008578858780920323,-0.4680794670129231,0.42454876022140575,-0.7263792557745925,0.6008906325416343,0.6342502283574166,-0.6567141623727029,-0.28033309445034016,0.40007753894703424,0.5346986646480898,-0.10972079046107197,-0.4055995285595675,-0.10873186538950563,0.31931066849238104
2025-12-19,0.3136112741994177,0.4314279702028627,0.23530721467178273,-0.6499428578398172,0.19589968237100813,0.7813641442039239,-0.0019351612827676057,-0.2329575399048477,-0.23642489407766498,-1.1240658644936343,-0.6290693618326567,0.4382710044691127,1.240210996718714,-0.2654117020981298,0.032692738146606365
2025-12-22,-0.5432021138967058,0.06625746672081234,-0.1799470112676173,-0.19529950239769625,0.23702491024540062,-0.3434827860656027,0.5117204671285539,0.7382676076594155,-0.3626252651560681,-0.23091987815456,-0.5909550827188877,0.27713279892440923,0.6708090576235117,-0.29287086507711124,0.7054191189253877
2025-12-23,0.33789995966675207,-0.16013783011457405,-0.4991893543023116,0.599509593970477,0.1256389301486584,-0.4304456285693724,0.16928711926601164,-0.20677642791127177,-0.33044827580523306,0.12301382868021221,-0.010657331922456825,0.6879425387187597,-0.6799855933843639,0.04742926663648241,-0.18905290098580457
2025-12-24,0.4711851039565773,-0.05390356908949687,-0.1478451307584569,-0.12007717264061232,0.0473454249884101,-0.13952159586431623,-0.13365433175035632,0.19651538714896422,-0.2173583536421268,0.11081400006713693,0.12158297626131936,-0.22666695164917172,0.43307332383474284,-0.050314486248542956,-0.034797165312747444
2025-12-26,-0.060993877844751604,0.14879020777310978,-0.13322730975161462,-0.05836575530777508,0.006676346480398818,0.020782538735050864,-0.18246484596083673,0.149944400933735,0.012702318179419365,-0.31618440734699194,-0.10622079927915509,0.3554174952130991,0.1662976652276662,0.05084387266898682,0.010816512759682095
2025-12-29,0.12378885285710355,-0.04994780651394844,0.13901622125343432,0.05671460437501494,0.06828224166969489,-0.38139586077762394,-0.08694464276048133,0.13485342637326458,0.5916802781837827,-0.09386643712899115,0.1665174912179598,-0.3199404471326919,-0.05125033646551125,-0.1769453559637295,-0.217156863812819
2025-12-30,0.06338748072878292,-0.10031725762753993,-0.1722609250321426,-0.022602646761392273,-0.35358343850469454,-0.3329346211451012,0.11696392003458142,-0.48520059091330386,0.601724266190634,0.33779520814928365,-0.11977377876332451,-0.34653006065282366,0.1444026306939794,0.208575882967143,0.09977763558694329
2025-12-31,0.1563758289312448,-0.09542956849915935,0.2279812163090828,0.06313862362629136,-0.016360999024127965,-0.057264695767463236,0.19603423078870424,-0.749251316013718,0.21936101625640947,-0.10720439462174797,-0.3415918832542457,0.11242840626635614,-0.04174807151047405,0.03519668076208671,-0.008614901893503002
2026-01-02,-0.520866498211762,-1.318641410325734,0.6765435552332478,-0.5323334038915966,-0.7904472368966831,-0.8446233955276776,-0.7449332478094529,-1.6484335886948096,2.188552762302221,-0.24606797985838952,-1.5425641299699913,0.2298063721093897,0.4086794869580267,0.6023943495616357,2.0066456814771705
2026-01-05,-1.143196182308867,-0.4018038268554192,-0.4373473375930119,1.177001607685252,0.1627286439903943,-0.5255931569824104,0.16402899425508996,0.8114559081874442,-0.06167174397242766,0.4141589989877918,-0.19579918371905186,-0.383292722214975,-0.6043982974410909,0.7590851415207964,-0.08254414930741653
2026-01-06,-2.6627125753927836,-0.9211597532790896,-1.1185125938770513,0.7417502048413531,-0.1872869987408543,-0.8937857113222386,-0.673578649268673,0.8733330274092573,0.04314287229561797,-0.33960920459093547,0.6347364414686578,-0.17282436519199107,0.6474492423137481,0.4010472226072044,3.570121230910244
2026-01-07,-0.30977148338525123,0.7272320737200644,-0.5933147523399397,0.012102574465239213,0.5629640635118964,-0.28586296572617054,1.2108995951898114,-1.0251238167697307,2.0845104919473356,-1.1877652813507877,0.5209066609540772,0.026604511928808805,-0.35348960279415387,-0.23859184333035421,-1.2564748450744274
2026-01-08,-0.5984182317567837,0.04835776979046724,-0.38954558288995306,1.1806156211037915,-0.943402259553751,-0.8601704453176832,0.43637372463738905,1.2421724768131899,-0.9782819066811772,0.35083918591427143,-0.2306947168978719,-0.3728513812007619,0.14667634222677667,0.3812118816876924,0.6100523829161097
2026-01-09,-0.015550118001156958,-0.08454136602226003,-0.9502489778318299,-0.12480910948079083,0.17862452333661577,-0.4422352767123606,-0.3855296539861931,0.05319986327606588,2.719039482048237,0.2527629308905787,-0.011904363475356505,-0.9367608274537766,0.9977661934086852,-1.2556134143664277,0.5428424937177474
2026-01-12,0.653657315503657,-0.09666902801258637,0.5652758236521847,0.053835269226382265,0.5066286904181719,0.16640304516641402,0.16205590319019786,1.7019383586071637,-0.9978337463003039,-0.6128967771909699,-0.12037633374624436,-0.2380444981419799,0.8509728575722719,-1.6286517616403757,0.10748538292824955
2026-01-13,0.14638543560505074,-0.050719718935668734,1.236949627641196,0.062096767514907336,-1.0904354658410012,0.9275925403265206,-1.2230227557341498,-1.6645286182664718,1.557266445096415,0.5963150869381421,0.34095687648478057,-0.8506386680867226,-0.9469886765425105,-0.5514425575815088,0.6121189211305939
2026-01-14,-0.7745196515369546,-0.5663345200749275,0.8511775833622544,-0.6321614787309856,0.39007821767388157,-1.3076134757806257,-0.6057026536159931,1.0475463558874898,0.9896719871274096,0.11602312487620803,-0.3863694130796269,0.10190855559275902,-0.5120310499545253,-0.21991054735037535,0.9383223017767007
2026-01-15,-0.10391589325855943,0.8254088412564529,0.7557275901561613,0.5519611312372441,-0.7218961541547008,1.1633419009061021,-0.5683465791368918,-1.8247514775873799,-0.05605097493286881,0.4044136508843792,-0.650955691385672,0.6288203602682716,-0.7404017709725033,-0.0835680498801109,-0.2760253443410554
2026-01-16,-0.672792176301549,-0.6254907055425443,0.536758053056593,0.34340121056846207,-0.8678740555539725,0.06881542840176802,-0.7486488586665355,1.6356657086588475,-0.7803378508550022,0.02798584038187843,0.5608130955027382,-0.6056155398432121,0.07056799584685564,-0.031975213006372294,1.1914059519998017
2026-01-20,-2.077102195745428,0.06445544846331419,1.6967760573221606,-0.2419644945783248,-0.3031453779176252,-0.692367491315993,-0.38294607041203754,-1.782160682012619,2.362733791848965,-0.26942458309730144,0.06621534081845581,-0.8569625045174203,-0.8689030263082924,0.4256592358439839,0.9346478824871127
2026-01-21,-0.6419681025946149,0.90795603795586,1.2843890435720426,-0.5459320993326019,0.41178504314039244,-0.7866118800606674,-0.4793059411434666,0.37969623481599846,1.9316034710660428,1.1262402297615308,-1.2133091005670535,0.7043102524085987,-1.474089776785254,-0.699148393653047,-0.0754006182314606
2026-01-22,0.28586096263705113,0.13904179825200114,0.15277923327117432,-0.5557742678906789,0.15349716877777775,0.5346734568935242,0.13897012310617582,-1.1007257663623413,-0.018220153538872186,1.3190778817995947,-0.40824415174244133,-0.6134535478877587,0.19513643240105194,0.03487245215320245,0.20608876674528198
2026-01-23,0.7471880082225222,-0.2610356711199477,1.0695705102077164,0.406439622218408,-0.8795126861641674,0.9417074817305452,0.3176905053772965,-0.2805751148475614,-3.9273521045376945,-0.6066747944185592,0.8025547345378325,0.12563862088754207,-0.3229330258106174,0.3423146518056878,0.6994696339879228
2026-01-26,2.6865417746595974,-0.05506465082479839,-1.1701760048804541,-0.8864202673227737,-0.520810856658253,1.96045736385171,0.29394818718211707,0.007640735815739319,-1.8844106708232875,0.69473521753179,0.48624243992015304,-0.5281313618664654,0.8598037597005983,-1.1250117548068297,0.09170278374517471
2026-01-27,1.0896152356842876,-0.762251373448354,-0.5786577000653138,0.875560852582693,0.04290805250730417,1.2200204909713392,-0.341588744071035,-0.45747252386771237,0.41512950050797304,-0.2852994139379116,1.3209503048644895,-0.3496649039094567,-1.7299056772694628,-0.376462035974187,0.15692528993159288
2026-01-28,-1.2816605080788976,0.3290808761122654,-0.42018226436350314,-0.6300779405760175,-0.23891083912011374,-0.3478941028982234,-1.011711856621043,-0.8739430999354175,1.1427513178160196,0.27382409261435875,1.396427898241884,0.7752148013392282,-0.23512537907114567,-1.3576740758057853,3.39889954634755
2026-01-29,0.5608084445998383,-0.6227651570365536,-0.25625567090721624,0.4225075582568483,-1.814404746902679,-0.67282392843908,-0.6196160622977953,2.7419470988652472,-1.5467761770581459,6.230235624758582,-4.983691119869814,0.9925786530213818,0.1308890362190553,-0.6826258929589588,-0.7795858602267912
2026-01-30,0.8758206187538484,0.23827939586366587,-0.9965861944819302,-0.02548261320268197,-0.26254064436206803,0.40132128835430636,0.35263010417524415,-0.3330784158765001,-0.5485501038492133,-0.8355743976127905,0.0017204373054852118,0.6775638359282645,0.10874110616012156,0.4041467214838532,-0.3786907695373121
2026-02-02,3.3216606924398633,-0.16481766312639698,0.623820419832597,0.35404647905116443,-0.5313335488792941,1.364103323911002,-0.5739717740829067,0.36768681478030096,-0.4916325625419282,0.07630136074487437,0.37678784344951644,-1.3034765907563357,-0.7039859288404363,-1.2625609710758954,0.06737518226044426
2026-02-03,0.7725730563043981,-0.8401926470074357,-0.9458719316858224,0.9880639947242191,0.12377779976211079,2.1631730089110586,-0.5703945112358435,-1.9648142718395725,-0.5528799169600971,0.8644994795468159,-0.3560476663286396,-1.1138103905561207,-0.31302087341771423,0.19520467445478507,1.214159361039198
2026-02-04,3.084553403700295,0.1301000023707728,-2.8163078899042415,-0.8319664086010923,-0.06413695542631537,0.13627863504334803,0.09864091981192136,-1.3813600960860573,1.0400614029084314,-1.5527027272954614,0.8256854590436152,0.5728743976311494,0.1639210066759269,1.3008751670022625,-0.2223348648188193
2026-02-05,0.3244459316360836,0.4200285633588705,-0.2901940362854971,-0.5879864359156124,0.766968855355034,1.383749495585458,0.3354700584470256,1.111108655348646,-0.48469276821222074,0.8430661534709907,-0.2863255273631933,1.049023986603457,-0.5493888824731807,-2.915414055081305,0.3823190536679124
2026-02-06,0.5883350927464142,0.7373818772081258,0.8015007716882487,-3.940712867386499,0.5500941579311209,0.48836496407288266,-2.361203708350234,2.5019616715588504,0.44985170472019603,-0.4338280656643678,-0.02664426955327648,1.9480551859030282,0.22747854187378969,0.5085356070264362,-0.4190298112181557
2026-02-09,-0.8681855016805824,-0.16297383361136125,-0.22709740480264262,-1.2582983611415324,-0.05434901876346221,0.3422176263140557,-0.29086450650624285,0.43923894324592055,-0.13693531375396395,1.2518062811679498,-0.15488130054172378,-0.5992805824755387,1.787316607686822,0.6528301318333627,-0.13637098971410577
2026-02-10,0.11521886796832342,-0.41630986155944,0.03861275887018284,-0.2808636899881284,-0.1669884857887969,-0.28772022771903216,-0.7601033383986817,-0.12251772905991237,-0.9272886980621289,-0.2687560815988892,-0.2609271717494933,-0.11391405134175744,1.0384265905014012,1.0114682027979802,0.6730499110304928
2026-02-11,0.8857472286810594,-0.01502951690232357,0.027228531860831365,0.2443142160044559,-0.450636204073694,-0.9149351491035704,-1.2174220642585851,-2.5714267593456923,0.36238008868491517,0.16268925830616823,-0.19062471254842273,0.6262606929902238,0.07168887125014384,1.4987341647430044,1.2768257996765269
2026-02-12,-3.019039597903549,0.09276921183550102,1.7486091307412268,-0.04793324913446928,-0.534149702636556,-6.484156190199951,1.7443899678830825,-1.020579028467202,1.2552840161791303,-0.12084870542409876,-0.9114752238298901,1.3057281666285963,1.4629381875813652,0.37548457901910237,0.7594226883852286
2026-02-13,-1.8340513544265993,0.019956336049285206,0.20925883344716958,-0.2515717770439344,0.5438965269721364,1.503973192210402,-0.5886946511721639,0.6421141737617644,0.3173219971241437,-0.7568553227560799,-0.5804903015249874,-1.2729250879879257,0.4145158627698388,0.7200406584724022,0.6061453243605515
2026-02-17,2.557517536759134,-0.32317237590505143,-0.3312424083092456,0.8159961268685968,-0.756073897721268,-0.10792748250066223,-0.9968699470022645,-0.8759247336508467,-0.5722374916457792,-0.20663304925981046,0.12275007149768241,0.8547995291423176,-0.5732369111276282,0.942523266384694,-0.597554598228152
2026-02-18,0.10467713444020803,0.006839282717820527,-0.5691137447712763,0.6458645989116518,0.046174184941701446,0.8639827747550884,0.040997529571341465,0.28046237140490216,-0.2913138526835358,0.03349419914710472,-0.36550337384694354,0.20058052340249233,-0.12667833420085317,-0.24577430571417053,-0.6855357019078486
2026-02-19,-0.5272376791603142,-0.11603325967999156,0.192256218825459,0.6991130079124177,-0.12442046837681586,0.3394503407599922,0.38748995035894007,-0.15261060733978626,-0.2954987849727962,0.4331684340834531,-0.12425496862170518,-0.3739775341440191,-0.0747707257641857,-0.12679872436286488,-0.7202351735792648
2026-02-20,0.27237320936330367,-0.4274304460841117,-0.2827271438420671,0.6480222977813775,-0.18535139462118805,-0.051312206338291866,1.551353487454247,-0.702703455044127,-0.8456121761971076,0.007799297369782354,0.46114197564147724,0.7516839773744325,-1.0649477031547736,-0.00416676298452523,-0.8951002644466326
2026-02-23,1.311887033695927,-0.10076557375071737,-0.3205967062724911,0.7489174402565697,0.6404327181274034,-0.2628395857657546,0.7083350284012099,-4.4071629878690946,-0.08805643540327973,-0.2634979551395398,-0.5276763000838992,0.8000437818631021,-0.3658015266431417,1.187359620246999,0.9005699914731872
2026-02-24,1.3852220095676964,0.7276805689742682,1.5492647178313819,-0.08298884452697686,0.33930545979521876,-0.3973442181125846,-0.9138111651119483,0.5280334503734363,0.9854388597781417,-0.4875421857913994,-0.5380769190058388,-0.8006616445454262,-0.23965146960875017,0.41074938948423756,-1.8898028970028702
2026-02-25,0.3392440075399045,-0.47687970780527944,-0.5795945190928284,-0.32828657682045526,0.226915890203101,0.2702597497434134,-0.24485564970089063,1.0210888545372225,0.24774758238123373,0.4912288871764137,0.7559432260230411,0.13987835165306106,-0.29818375166049427,-0.5827611831462044,-0.5068357812538489
2026-02-26,0.21223230850778402,-0.7918246434588162,0.28815583596685057,-0.8371800887814571,0.836809460263275,0.4257850807024961,-0.681940617988512,0.8916008789920656,0.05397459478206956,0.6277270993602407,-0.2522724649831071,-1.8118487473951048,1.039550621205025,-0.15432208946050247,-0.1721032683886521
2026-02-27,-2.2296492581514142,0.7705096200351705,0.4511445577485382,0.7461191797754543,-0.47181210164861964,1.345791034090579,1.2918790007026262,0.12562777786664597,0.0678913724788478,-0.37820252451627023,-0.36304718396341884,-1.1174201633324212,0.1667177291961751,-0.7983906919879528,-0.6018319171727962
2026-03-02,0.57632984815765,0.020250464789853692,-0.8210062015888568,0.076317852435283,-0.4342613995903853,-0.11807644327476138,-0.8383994421141439,0.26409356886023294,0.14630028116570995,0.5239484967670327,0.27355422795396034,0.6333574719407075,0.16342711964008017,-0.13780312000332232,0.09355531498833902
2026-03-03,0.44442479097853255,0.6979624446544841,-0.22412178903872537,0.06639752195338063,-0.43683691952681414,0.6486911087837727,-0.021811922961552876,1.0731804266223661,-0.28602807846116396,0.4835337916269889,-0.1908538089282943,-0.2704449627595108,-0.027466193221430943,-1.182782300352093,-1.0511351928448374
2026-03-04,-0.8587995813763648,0.4010872103661318,0.5385496643286647,1.6858782321095889,-0.9482424725805216,0.1351890775110144,-0.9094839890297518,0.09126537928371847,0.551851901377294,0.1694203824006445,-0.06932660354464215,-0.25458839976297254,-0.1225696404352209,-0.08388779685190795,-0.5991960457333618
2026-03-05,-0.16776564690992812,0.24114990379654433,0.04174086916515807,0.25517647526167914,0.4428609363131857,-0.08182309140380045,-0.10729699476900989,0.7022219976925688,0.831644156795933,-0.3594059147609173,-0.5134528386130648,0.1421168689079323,-0.015502452429766778,-0.9197016792831998,-0.4610168186087148
2026-03-06,0.0389904352571685,-0.05765358098279694,0.17585393996087562,-0.8477635067943321,-0.01660782059416588,0.23716185954184366,0.458980420578604,0.9880374050132765,-0.3681428187841834,-0.3724316983170758,-0.39636467437134026,-0.44993787737212476,0.28672633142629295,0.19112396619103716,-0.48063128336450645
2026-03-09,0.27295190143673204,0.31466432736325944,0.6415819378811158,-0.1968256233304631,-0.26812675896158283,-2.2162901951248526,1.393639806497018,-0.97096962211265,0.43436082880829274,-0.29768342571871076,0.37221035533876023,0.5712820246103203,-0.4673842969736939,0.8213531397403961,0.1775708422978587
2026-03-10,0.07187760364921375,-0.20751498728756068,-0.42181224777443754,0.4514232761501027,0.1762043609924705,0.42604999575498254,-0.06064185597789751,-0.16714217624409514,-0.00967085175293192,0.3278615676632406,0.30357516099311493,0.16950853712395442,-0.1658094873638663,-0.6922387418092737,-0.12744482472224367
2026-03-11,-0.0010572838546532154,0.09531370905237925,-0.6406607699395392,-0.3327065509715268,-0.1229801990285974,-0.28045375597324157,0.3962633625198863,-0.09149853594178535,0.2322524799093137,-0.014941493527916697,-0.514437545875077,-0.6217923719673792,1.9826204592481385,-0.38832704944206164,0.43598599632396406
2026-03-12,-0.3132752767093834,-0.862675577607892,0.09389547368566409,0.18537198295770418,0.9549014666191534,0.8686154427844429,0.027833130330410683,0.6505389394740545,-0.4238242686251671,-0.10128053939306714,-0.6177258592556565,0.11981650391297338,-0.4211778750178523,-0.20820161608128185,-1.0152752809033199
2026-03-13,-1.1417263985316448,-2.0311281815775573,-0.5093578620178766,0.7113877082696142,0.3522530287540371,0.5448454228576791,0.16588113787380854,1.0329282489190366,-0.030616477813575793,-1.2425770617617684,0.42940972996957516,-0.4767753796181528,0.08703878073948224,0.7952135116741211,0.14969131827553353
2026-03-16,0.28783230053352415,-0.07487064177836744,0.12184933885967852,0.12660147295857604,0.5595175359210026,-0.1488155897641965,0.09164294768404246,-0.3939230357769281,-0.28012223498120575,0.3425869262299016,0.1921815570539539,0.29738180107073686,-0.2534513768592178,-0.8270733145389589,0.3080761679763377
2026-03-17,0.0320008593945218,0.02489138329382068,0.27049603622125096,0.14843151282014688,-0.8779513027994184,0.04937214198601775,0.7738756141406493,0.3516166529403706,-0.8363590248142907,-0.9582017909063321,0.08394145279878294,-0.09820742718239442,0.026060722070985254,0.6023306221390866,-0.4523778091455703
2026-03-18,-0.5376686609069102,-0.6026774990383614,0.42681589961221367,-0.23670760599960006,0.6678837168178872,-0.5891521868095185,-0.02247837602247782,0.4546771256815124,0.4660254714534386,0.24005667970273892,-0.5856386314422813,-0.32349985364848166,-0.11467974787918428,0.6312903480872488,-0.41153619774222683
2026-03-19,-0.050684424335468325,0.23782747958871905,0.4282019723430262,-0.05578181733540885,0.14022945426243963,0.48685476288534557,0.01366283979659949,-0.009449603110957383,0.3818233720963181,-0.5052419436831805,-0.5145150991152133,-0.8424817266370086,0.17369241577678235,0.5541901893406861,-0.4124930619562538
2026-03-20,0.5657805230311594,0.6428423027837694,0.760119606379232,-0.21109643910117348,0.30904858652558204,0.43150560717156616,-0.7220137408693384,-0.5425106934645139,-0.32160506528197796,-0.13064514786674575,-0.5018150819080195,-0.3325985028544065,-0.2974153030686041,0.3625658220807539,0.2318468694333065
2026-03-23,0.4666786335742893,-0.2568789659513471,-0.35545625640384737,0.6007884436906369,-0.24709770125984443,0.14506301027366952,-0.4203066901404279,0.3977396830927956,-0.3581801912360343,0.19502769746528348,-0.0036416205786396483,0.19125000370831846,0.5702642937416251,-1.0501712797106322,-0.14687468074317855
2026-03-24,0.3334600419786412,0.28913003036506124,0.18054819594360225,0.32078655448483984,-0.6658684986482077,1.1646784111942439,-2.683002117772031,-0.009271008210383958,-0.5579059885508357,-0.3596596234571002,0.12219352573432207,0.033477356884573095,-0.4990147161903239,1.3690496747399028,1.1217035377158417
2026-03-25,-0.2818864996010573,0.1677323816431191,0.7325005841681282,0.8309865895202364,0.11483525995400079,-0.3099556144389114,-0.5976266880283163,-0.17442369653458883,0.6153096180224823,-0.4570264792428541,-0.1094752084160259,-0.15338522063574067,-0.7104678647615312,0.4678836890220732,-0.12025132885541473
2026-03-26,1.2655142876408503,0.30612407883203907,-0.12190152757901696,-0.23357856942470245,0.36622368009593753,1.5877199165737796,-1.3298267214663197,0.7550512370480673,0.02506594422915298,-2.3412003215033,-0.6897768364385284,-0.2674403146616966,0.062458158587906376,1.0180871029132268,0.27153923418412385
2026-03-27,0.17212131509602435,0.22064118821889633,0.4081329496085025,-0.35604875621563736,-0.21275976095347093,-0.3851204812579867,-0.22993908100651694,0.8463066109233112,-0.07314760644990204,-0.30749290051181477,-0.4155896685040833,-0.15143888804557737,0.17112836380225172,0.1457120406374255,0.051012207491494044
2026-03-30,-0.19664945222161256,0.034360550075592355,0.3550176634017861,0.06297233227251298,0.0934007346121768,-0.949455516778918,-0.03208856577770254,-0.23753508619572627,0.0005640063845675503,1.1299953171659907,-0.3329769481812649,0.21494476587439815,-0.19901934681288871,-0.06213737725660787,-0.3870451186124745
2026-03-31,0.2003753432025428,-0.33318394142793406,-0.8935922874837741,-0.22321487501075277,-0.28995416227151427,-1.48247292430781,1.7698443722111015,-1.148187659239773,0.025645899086526924,0.9141899482254585,0.9017182983886707,0.6985591486073102,0.5831761213804476,-0.9252575187086838,0.34812072749290945
2026-04-01,-0.24368569772275805,0.09378021647673818,0.1455784165039653,-0.06929628087122996,0.4092338662326604,-0.6332951038465797,1.7027308230999385,-0.3458268419949955,1.0670895827230211,-0.20643895539401147,0.36301067540837645,-0.20418094206626336,-0.31922429298773763,-0.8762214772441761,-0.41705593818313746
2026-04-02,0.12561462751246788,0.34495971293466443,0.22202161527507736,-0.255886800745218,0.04643238826618917,0.640884280835537,-0.42846551599356597,0.6308615522818328,0.6279765807803934,-0.4987276587152252,0.1348271192560463,-0.22888880819290913,-0.40049595907147,-0.1021341052916384,-0.19230992645459533
2026-04-06,0.18713474344137448,0.4210984183270766,0.15806297007545894,0.2394566580192482,-0.14028332588063294,0.3815833194838231,0.32621408137294783,-0.47084054315459145,-0.27869262964255903,-0.5283652066642237,0.25933030426243914,-0.09265993085502629,0.0844231761688076,-0.5256442494418901,0.23911125386550236
2026-04-07,-1.321318086910504,-0.14656297425696246,-0.20349461347821607,0.3994399938590702,0.11128162510535233,-0.10358571815680918,1.0575333607593247,-0.0010775478643341996,0.4628401915344675,0.10788390407217086,0.2598715555696729,-0.12206099694992842,-0.3987250932415695,-0.2905163742844455,-0.11784176767830407
2026-04-08,-0.4461981737197114,0.36587607855450144,-0.32102609009997485,0.1280352757523049,-0.5883828816460701,0.014710395560487255,0.361639948110122,-1.4238444124072176,0.500719520194324,0.6467733291961786,0.669360249018228,-0.5136161440709612,-0.01167099502492358,0.7230936400544135,-0.14501944388843135
2026-04-09,-0.5200326415212395,-0.9604248014921741,0.09068162058747031,2.2447304756291224,-0.11898389579928104,-1.0788364010690281,-0.6268133291536373,-0.848623008300964,0.04946521706110696,0.27749601993445594,0.7182465918841304,0.10982881434307395,-0.4856327009133582,0.09959443524763395,-0.07659816033878619
2026-04-10,0.11568374380358366,-0.03686810955480191,0.042793087600062174,1.0987341568440996,-0.5683679968529578,-0.8751228238852116,-0.2627037888548376,-0.5601145101595113,-0.4639307714951938,-0.061477298192489385,-0.038973646134895804,0.5140792175405735,-0.023091210863598666,0.4607803264461322,-0.3581420262453893
2026-04-13,-0.486961085531338,0.8712596003215989,-0.6335955400053814,-0.5375693409758908,-0.4459829042509358,-0.11596780384788512,0.3788093061157484,-0.30348969568680095,0.9856354249705801,-0.3654526145985772,-0.46178152902675174,-0.9952277924668043,1.6824771870057007,0.14351628883731848,1.1395550827159528
2026-04-14,-0.7701057317892546,-0.9870690314332554,-0.4773677603878551,0.8929500651051656,-0.5648058645665682,-0.7009658426321532,1.1465841922798923,-0.2465293657079955,-1.41189140907611,0.5687549491472372,0.38235656733469425,0.31197823102516575,0.4922434158922253,-0.03448845154704139,-0.1797795962019399
2026-04-15,1.432702013282456,0.20541445824087123,-0.02917444974888328,-0.8904029819148865,-0.1365707526862907,-0.31015889930518026,0.2997027381764305,-0.3805857683088262,0.4349950912380234,-0.05555580512388619,0.8537578611465029,-0.09584740045824425,0.05242693961757916,-0.7992604094618697,-0.23168099227360484
2026-04-16,-0.7923285372349462,0.34288275087147346,0.6182474178944473,-0.19314448936995043,0.27576051297299276,0.5958530144152427,-0.5486529353671109,0.44441572281292696,0.4259671532345819,-0.29863569321071104,0.0910755106483252,-1.3680186145287687,0.24221098445030131,0.08902959237091701,1.3952069344509033
2026-04-17,0.5396299652947076,-0.6047158127645651,-0.1329675239415955,-0.8219125576638457,0.4654079496110144,0.16775827802080379,-0.008566038197428738,-0.0465210993446189,-0.4938484320261143,-0.2674094447518144,0.3670317759126362,0.44285883575268176,-0.23943939032920525,0.49267520024666955,0.46996773056368624
2026-04-20,0.5515970084528947,0.2679320252229834,0.05110585847277527,-0.4858032473082599,0.44749741971735013,0.7998225896287905,-0.6501229540022704,-0.15375855803136917,-0.5506826722682996,-0.8450147297193051,-0.7162171714772538,0.35524790794686945,0.2990333505451398,0.6303125015970517,0.9724076141455873
2026-04-21,-0.969650701178585,-0.16957647155088929,0.3371477545768147,0.7188490707517852,0.02998108077322373,1.167122847079141,-0.45645179636995425,0.525097701208126,-0.02563956526809314,0.15589076770649515,0.3985176685509259,-0.8149598099855658,-0.036799980831975554,-0.7182314586697324,0.1440227672401711
2026-04-22,0.9897160108042883,0.7047095229377468,1.0333515359498016,0.17110512386166077,-0.10630267272628569,-0.4576986424306876,0.372983429963734,-1.2881483230027193,-0.8181112854762256,-0.4735564517009694,0.1452717729346965,-0.06885884108423918,0.18434972008247374,-0.4739979226442832,0.1919542002838212
2026-04-23,-0.6508356228601807,0.7603810361702785,-0.4346959042550048,-0.2528703319574576,0.5660417219773697,-1.6787332046305967,-0.5604931501020739,-1.0672367320873466,-0.9185545830611865,-1.467868574938954,1.0927358750100769,-1.0535683138349212,0.8345785929944127,0.4378109147341833,6.499668579641103
2026-04-24,-1.4532402194226335,0.5388801577602321,0.5506909740970598,0.04328067132424529,0.44137219607708433,-1.4637553927327995,-0.7473438484366787,-1.0685872862331443,3.266336119486896,-0.9624337595919492,-0.719003964364463,-0.6537170778503527,-2.714496728655494,4.8075991863945475,-1.3126608649655531
2026-04-27,-0.7014364201721891,-0.8373574678806756,-1.2483342818537466,-0.4835834994082606,0.4578621302869716,-0.559359338085625,1.0216276598927565,-0.5027569991681755,0.4064148055534262,0.21986473083964683,-0.03479219498716836,1.5309760948768885,-0.32348417962332265,0.6288968450726538,-0.961432675878768
2026-04-28,0.38366896156314984,0.007860241837005066,0.13567914174168194,-0.41094787844831776,-0.2371264217692099,-0.23537177245328245,-0.13356487786492574,0.574049377699993,0.5573828730838586,-0.19890483154746774,0.5113348589359837,0.014976380155803826,-0.7316480907239131,-0.07446332545771298,-0.24963354673949173
2026-04-29,-0.45741538830218087,0.49640281993228064,0.07615448396304947,0.14141849159229442,0.4566601597363936,0.7204016457684149,-0.48110462313715013,-0.7887183069241591,1.924840532548786,-0.6922563153156784,-0.5354686861266839,-1.6054101030766175,-0.6901532356726439,2.1133815893372208,-0.224440478637567
2026-04-30,-1.7678665668042635,-0.31646079705301366,1.5322614332696938,-1.683149137994135,-1.015795421578876,0.6879875523451527,3.5621948739160905,-0.0931607859090181,-0.49228385480776093,-4.659533291452219,-1.8994555361854937,-2.272708660108101,0.05094587245701421,7.588520870188938,0.4194596032387744
2026-05-01,1.8538853640589412,-0.06013010879243674,-0.0832379031048899,0.12642135108706687,0.6289908431010219,-0.10459706918081443,-0.17787115785114874,-0.5337685167807147,0.6387365278340933,-0.6907628233208537,-0.16637540899819725,-0.745923756253055,0.8487759327846184,-0.8427886778600944,0.3965225300748832
2026-05-04,-0.47895483222173724,0.4715911059098816,-0.8286678242551059,1.1413504710764835,-0.03549024943826362,0.688105941711358,0.4539066848808634,-0.3662391126724161,-0.47803672817475407,0.011322916943834777,-0.4957297578528191,-0.1951649957831052,0.9912098972309981,-0.8309297791928294,0.5406880976118167
2026-05-05,1.0972186156849935,-0.43964817235242687,-0.2523698878541084,-1.0286853927001287,0.19674300861453822,-0.09107359997190989,-1.257825759876626,-0.5865553000122932,1.3911396942801753,-0.02177372869357158,-0.28561585155758396,-0.18070907161034006,0.672874073246178,1.3559071043562385,-0.6807544627885889
2026-05-06,-0.07616493983666595,-0.123044884382293,2.59430498289659,-1.0302017194715358,-0.37108227156372153,-2.218070652585061,0.19217913500151684,-0.2201485402989559,-0.7417294100553249,-0.8682093936324113,-0.04625950855074318,0.7395808648946827,0.8960995365225064,0.579131747182676,-0.1901642974082003
2026-05-07,0.03460793546129282,-0.05214581299041532,-0.696859847000839,-0.7726030241475454,-0.02285503677801759,0.2456735553602695,-0.206028867332975,0.11559670734188332,-0.6016124504506297,0.4642254071544182,0.15440475832676714,0.9407441402417922,-0.5552352194710384,1.228539668811973,0.1528686949480681
2026-05-08,0.3132128872978047,-0.3423595210356869,0.8146986364480575,-0.9603765460775737,-0.17066536664764065,0.8662731515166511,-1.4940489456371424,0.035385732355412744,0.8820138215659681,-0.27203231496386926,-0.257700553664179,0.5130677935125338,0.3383554234510096,0.241384157859462,-1.0840935026005611
2026-05-11,-0.17331057886461493,-0.4067511193884903,-0.3837782397359753,-0.9313112678111937,0.01864655400680615,0.6875757188278131,-1.9317472818351684,-0.24044417894598558,0.09976821476179104,-0.07260006055724211,0.6120073137527111,1.0922896372347035,0.28113578384133314,1.8150403014071452,0.22495463333679155
2026-05-12,1.0241155310369348,0.32084365026824224,0.18562382203761307,-0.2040248581682098,-0.48557373655122216,1.3002314008561267,1.0545805131841042,0.7215417949034741,-0.6254489100534955,-0.044693555591149015,-0.38048364512150523,-0.22383437260028902,-0.6321798697405923,-1.6992532008224277,-0.3730253612684681
2026-05-13,0.3008356922994054,-0.05715669860007866,-1.1633911020013505,-0.031831305462694526,-0.3129397453417152,0.8034606423667578,1.1434188817952324,-0.09791882171708544,-1.0758695979802548,0.3406602296590412,-0.20181249288522715,0.11561258301359134,0.540130810881302,-0.03644859880632684,0.19321583808408238
2026-05-14,-0.39151156934622466,-0.1762688068437512,-0.15020487460473136,-1.208630013159728,-0.06094538738689309,5.872869624814635,-0.33331050125610734,0.376271728109316,-1.0769566947891445,-0.5705855021890105,-0.20731013895640238,1.2437355408079436,0.2242770788733648,-1.807917122397851,0.30877278341098185
2026-05-15,0.913300074701211,0.6043546361941412,-0.5602448284473269,-0.05626020641303742,-0.11914559059965146,0.980430306419237,0.04445321787040335,-0.7831459730770987,-0.4938191732671241,0.407482926571986,1.1878585426531254,-1.0530573273198023,-0.9519548913147842,0.363311892009734,0.6595933273050959
2026-05-18,-0.3963802537721387,0.557423011489129,-0.05579087702715996,0.3748280681492056,0.4579870720247443,0.10240797947145433,0.09256975556246741,0.035160463702429645,-0.05200864807357486,0.40948703965613953,-0.02206694107399601,-0.004662337012678708,-1.2886641901775244,-0.04315890636219963,0.3633925055149124
2026-05-19,0.7467406433727966,0.2870581125434655,0.17068972469556165,-0.5741354006349102,0.20135316909188866,-1.2365029445021738,-0.5564529487671935,0.40413267547107706,0.9619449622728635,0.118864996755776,-0.31460672872584994,0.1818162461671311,-0.39851649749465734,-0.5100704616652529,0.27407664387027136
2026-05-20,0.07258209348691691,-0.560890969236537,0.6437965531581965,0.25185339259655326,0.021543501373915475,-0.9299956925448278,-0.7776559201589875,0.1615204415883305,0.20563762322071566,-0.2454610700507305,0.055050412752673306,-0.08582915573514943,0.5002780917851657,-0.05629558878421481,-0.15906219762449242
2026-05-21,0.41757844870295413,-2.226420883884897,-0.39990365314027987,0.4479155349396969,-1.4638008643529479,1.1038364412501016,-0.5719589863328016,4.049704930497877,-0.6159453237158257,0.4630105049805988,-0.5166990190316058,-0.5733479587782833,-0.2569385933475014,0.5426274162387406,-0.4287060269217376
2026-05-22,0.6320710356276943,-0.2930757436517617,0.059654172630442814,-0.7500692078454486,0.6142032573354582,0.3086231418611411,-1.3089269768016112,-0.4013231073142207,-0.6938654867168528,0.9620318175928633,0.1267040448716543,-0.32167733811277555,0.23449070862727683,1.3554105896390987,1.0120630019068682
2026-05-26,-0.4098708050787735,-0.1432138353259197,0.7804919812593576,-0.7062747895652035,0.5457895423550985,-1.118414118580841,0.062027635254582325,-0.17841493765125888,-0.3595070148834672,0.39938958382145817,0.20156813535492935,-0.24486601602671415,0.3353092606511782,0.26081011955449174,0.7570886186551132
2026-05-27,0.5338604628761344,-0.17155800366447782,-0.20322302788964441,1.1720924354998326,-0.30157621971051546,0.3052579477301387,0.3055074974585204,0.8954130319722102,-0.034932940082335606,0.8483004976006668,-0.951369735443277,-1.0106098268439268,-0.6143193691372169,-0.5755171507044667,-0.8294092049406682
2026-05-28,-0.16459046012172263,-0.3928149480999039,0.42504390788413193,-0.2603469504414244,-1.2055317349436965,-0.8233861035361768,-0.38080382427429993,0.480767158719281,-0.7058886707036458,-0.48125427804925486,0.9873687219171983,-0.08087537683738483,0.9668234089718698,0.5083992171070513,0.1824134756723076
2026-05-29,-0.40771615794478877,-0.5798392668558314,0.5162545538408625,-0.7130476871067573,-0.610741897727535,0.2287485936914161,-1.1283119501063645,1.9512560685850158,-0.5040764319977492,-0.27320666298069485,0.38607077343801643,0.08046503704496077,1.0178718466604484,0.19310440440504523,1.64833556868322
2026-06-01,-1.2183421658766875,0.061286455607604484,0.8938097013803266,-1.5038633602946132,0.9550864390327081,-0.019986724281691546,0.47304649174600777,0.4935108931752681,0.40424324450333193,-2.2033043575567857,-0.8797132716560647,3.1826361486363597,1.0949157659930007,-1.2470683526370798,0.649652188394451
2026-06-02,2.250524123633329,-0.7025305639279074,-0.027962283356017206,-0.8328514294207245,-0.4833940255573337,2.13470506287599,-1.9675334419782318,1.6397478349134953,-0.7409631194714132,0.7153001144977236,-1.1204239001265548,0.11410084660356684,0.3741207725850848,0.5353844292685177,0.6395452522313919
2026-06-03,-0.904800024304474,0.6643887869697355,0.6891849926542989,-1.0791692961528545,-0.2972360503906448,-0.48399967489534623,-0.3111341474190138,-1.1285463250344254,0.5618367722982252,2.6092071827901484,-0.09293053571077836,-1.1944658250681814,-0.3317293387498814,0.8009842748396562,-1.0629951409361886
2026-06-04,-0.08579847775906664,0.4545723595583884,-0.9765285165427148,0.2726001718650479,-0.3239212911897788,0.8283225452647548,1.544255238185054,-0.4661395487083507,-0.27991319443497786,-0.4604417997018539,-0.37177846906557166,0.14411945660523684,0.35031818469579423,-0.09036201103142605,-0.4801415202444017
2026-06-05,0.8421025566483149,0.18975513993750404,0.014598167077549018,0.5437888181174457,0.1295341685150816,-2.1873608560127416,1.705445510281788,-0.8763724508910078,0.19117003284830592,-0.2050570406618588,0.3354728599453285,-0.8342322354402398,-0.7826516784323752,-0.5201826398240068,-1.630770651750085
2026-06-08,-1.6431788471621154,-0.2971161545377168,0.46203660931275764,-0.3048541875748283,0.14667522376699482,0.43178621223544894,-0.8075835413342718,-0.04362959759686624,1.3672245642366816,-0.26453384071114194,0.02806721941930923,0.8433125222406684,0.14594443873263424,-0.42641716914093336,-0.13074275974541372
2026-06-09,-2.019134246719832,-0.01254283943200607,0.2529662819721994,0.0994028701234127,-0.4712312745038103,-0.5554771779740054,0.5135213692734,0.709453163191766,0.4143966396563029,0.020986110319847893,-0.24710685258221277,0.20479109298961493,0.32124209999595255,0.2566249995564127,-0.16611564305016008
2026-06-10,0.9471532649325811,-0.05425967573763957,-0.06672188353141073,-0.369372115225844,-0.42992599741754073,-0.11348034219010517,-0.18790068604173238,0.05274237348552946,0.7570549445626923,0.06021872969945452,0.11579476434317282,-0.5865423593375005,0.37354180424710537,-0.5809346139950058,-0.4055395949957721
2026-06-11,0.22324901522868856,-0.9900536103555884,0.18279180419383656,0.10906245914250612,0.7513870950626538,0.33301288710783655,-0.5462998455378565,1.07732359001278,0.1655849023681475,-0.24375855484899625,0.23556526501865116,0.8577237076779128,-1.4834129999823005,-0.13911878486450435,-0.07721737205639667
2026-06-12,-1.3288969092611527,-1.751995370444953,0.46212470615577095,-0.7410332007855285,0.5990303059347186,-0.5298134216095872,0.06163377506316905,0.14626460206458525,0.6347845479300777,0.12001451144559275,0.7099664815478756,0.24240512577672454,0.4236812666924647,0.40313535616633933,-0.30004431820218114
2026-06-15,0.5361837873356424,0.4814938798887198,0.08247658996518636,-0.06400101709965411,-0.16720959559253062,-0.7223342678188152,-0.08339450385154734,-0.5081728681246822,-0.821563322185108,0.16814964009863287,0.2246189558763343,-0.1666284261066735,0.28654214073913786,0.5305808442994291,0.5679022954791655
2026-06-16,1.1280096060254636,0.3072382245105598,-0.8019220218489809,0.3991501932263171,-0.45376195213542575,0.2261591790688547,0.808522087110028,0.5477990770240404,-0.8312590299494594,0.6419331544984774,-0.5876530551046393,-0.6385845777586656,-0.2581544421541779,0.34822011662904884,-0.34059905104291
2026-06-17,-0.37676148958084954,-0.716213467521063,0.6059702251960306,-0.6388430788058301,-0.18462591353555236,-0.6339093495521106,-0.30159742607196904,0.009922732356752118,0.8806207731490283,-0.620324350162093,-0.1659612466429683,0.8065351121234079,0.8235804334588231,-0.1102998844429692,-0.9047266884226594
2026-06-18,-0.2963533393439622,0.6801712014979308,-0.5672222947356943,0.2764984376247377,0.2627701448219574,0.07889937678832493,-0.48820762187372885,-1.0795335429623885,0.2756731697296826,-0.25399513266733476,0.2742105094214753,0.2627827864582398,0.14910430285063073,0.2793804968811414,0.7139960526993672
2026-06-22,-0.15065361277785155,0.4184288493124732,0.6640898552538542,-1.2720706896288796,0.08538780311051941,0.21175760551054346,-1.3878489870756008,0.5432697898077492,1.011758243414354,0.7823667045800428,-0.37495712635213185,0.8987280831621958,-0.3895591788506577,-0.9623040988427115,0.4573747012831897
2026-06-23,-0.03960831419629396,-0.2770424349674139,0.2971125933179102,1.0278881248993514,-0.08591039802408595,0.4655023501491593,0.09823754664733364,1.05883452163339,0.37418068530272186,0.33076997926129936,0.40651545479525336,-1.050089079898164,-1.5896836358905089,-0.10608144983726087,-1.1089654261547974
2026-06-24,-0.06917639538772696,0.36244331575241845,0.31907480503218844,0.34236090760667837,0.37985054668886653,-0.17872410126878946,0.04140485919322656,0.2458370389485573,0.12513096688387876,-0.01086147680833388,-0.5486102070293889,0.15320044815934042,-0.5754349891175112,-0.17820932090527075,-0.19619307867517302
2026-06-25,-3.775071931635675,0.3910510953381754,0.6492092028381147,-0.2935292590066967,0.27220993349562433,-0.33695747535498055,0.6625440871322774,-0.05610014580824918,0.11527866165875594,0.4026941194690389,-0.209759367656972,0.41343566099761164,0.3393846561870546,0.6334963056512103,0.4417360147170444
2026-06-26,2.2315666587249,0.07853432152451623,0.6393480203287973,0.9381930693259897,0.19138566932784662,-1.2350772310706442,-1.0347411016100845,0.52579055613742,0.6128552831270198,-0.1366806441346312,0.967489118313942,-1.047218575046553,-1.96789076040375,-0.11176593833452197,-0.9505564101857558
2026-06-29,-0.9864676131022969,0.6007517149263608,0.04389852001592076,0.670511529123058,-0.02274134111591037,1.0597540760498472,1.2720601006170225,0.7100997818204341,-0.13295449131946296,0.000766114759572778,-1.0965147177332635,-0.24738248393914225,-0.5931736956597278,-0.27582896945458746,-0.41226811784554807
2026-06-30,1.271100061122302,-0.08340058279585844,0.6465854157144514,-0.9528859289221048,-0.05046682968413979,-0.5831483234311006,-0.03818289961905619,0.3344829855876699,0.20470359047432551,-0.30413634675269346,0.443231642815061,0.5583647338008215,-0.427673582065288,-0.9803493884385692,0.5845294219505581
2026-07-01,0.06917322978189111,0.20146431874368442,-0.5481557929160454,-0.9132550164326817,0.8736177769143181,0.44647399922577347,-0.29650178953926154,0.17134079375318956,-0.6146402397331412,1.981983629284507,-0.08625053900592272,-0.6584144382050084,-0.8422950194383947,1.0967152800149789,1.1186895950369053
2026-07-02,2.802850079520785,0.7735777483786296,-0.015972496766840205,0.27567366363092827,-0.08148795230883032,-1.0930717844254194,0.06257292419195376,-0.2668894703453718,-0.04328968655443299,-1.991984243028224,0.09242352165076095,-0.13171882508754407,-0.4204239909206998,0.3960829168920955,0.4828261395993425
2026-07-06,0.3605661247121527,-0.20566454761891806,0.2429021249447988,-0.3819898160379961,0.01822588973647283,-0.07283796427228839,0.21748960092621605,0.8889297243602805,-0.6957287329199223,0.7895905623489243,-0.6630027953710612,-0.5067627491205319,0.16452184519730423,0.3199027403024829,0.30646096773016546
2026-07-07,-0.6751549449039832,0.022294694350847077,-0.3549245110783774,-0.005047412192180134,0.3198583945785906,-0.24237199308078072,0.028061632739505113,0.2595348104093612,-0.6862778068269679,0.6014185280993973,-0.4708693375331728,0.6497697725193576,-0.25700075031206715,0.8555644555708963,0.10290869359483779
2026-07-08,0.6246250366341269,0.2985463844435649,-0.4770156969708858,-0.09967062208948091,-0.2583216577378446,0.25122721123909303,-0.4860535740589756,-0.3408641146699962,-0.5391530460714411,-0.3072192260908771,-0.17104697409681013,1.4408208524082355,-0.07833356782382647,-0.03507345397845707,0.2175545558491499
2026-07-09,0.012138952109276069,0.41463755021734583,0.2367762842353216,-0.02066791604086471,-0.5325608948569046,1.1134937513394676,-1.0997633910471831,-0.5537058783770072,-0.28732651288843825,1.2422095598722107,-0.021217598598611,-0.76903986110259,0.44040961435850257,-0.11703920476421781,0.03030990610794909
2026-07-10,-0.6009852791235468,0.1749879816424496,0.06864251177868722,-0.9636223782251221,0.27742667673508603,0.8697400304436143,-0.7308547747749823,-0.719848658429804,-0.5496358978266418,1.7976971711897611,-0.09886130566246377,1.4239072770055183,-0.4890679334429654,-0.31740548247603906,0.021471820969285765
2026-07-13,0.19485443996020702,0.37718287898839353,0.4044182125934874,0.7435132153876434,0.8665168348198599,-0.06803585129072498,-0.2198741242372843,-0.26955410244023936,0.20424395730323774,-0.6560914224702732,0.16542367256202856,-0.6620328305429091,-1.23300115506523,0.6206362490778795,-0.023293079782483295
2026-07-14,-0.7688752035838932,0.5518595555881971,0.038815700703605654,-0.8134383030270875,1.6806191444771348,-0.09531237426913663,-0.16675416253347242,-5.144276090924497,0.27827757754644,-0.39945984403348955,0.8858711011306525,1.8327708978411512,1.0840137436070614,-0.7419121374693864,-0.8100053180268816
2026-07-15,0.9820336193345569,-0.18327467915554274,-0.41917935474002227,-0.36913523291795536,-0.5179872898265796,-0.9919278799326561,0.08980660288624409,-0.2329131094194275,-0.21893462377008532,-0.5645859033080454,0.0903626178026824,0.02274532563100573,1.1773654840222911,0.48063457702819057,0.06710933177127154
2026-07-16,1.208486148305326,0.8082112995443952,0.3551387483209292,-0.0997324024972861,0.05322134956099833,-0.3216823297329009,-1.0067602631125943,0.01513512240133108,0.38084083039583905,-0.227048310408707,0.20633188053656615,0.0008981725317863676,-1.2718928238170375,0.39018053611868964,0.4299257900391289
2026-07-17,0.40347732780054624,0.41783245915487227,-0.052706152575093645,0.38325948941558163,-0.4173216907492934,0.5017571974574251,-0.3249585468443815,-0.8206422484960081,-0.20623369737825126,-0.2699220352384991,-0.4552756545181918,-0.5379627113238312,0.7031083935478795,0.24768425415232553,-0.557300118409147
2026-07-20,-1.5730706869507074,-0.41718394666041037,0.2799616100929091,0.32030348351329085,0.565276782842725,-0.34393425960932633,0.43226587001083283,0.1753828923263903,0.4140484532432207,-0.2785435038665361,0.9060940501868076,0.13510743803002642,-0.7310376642683362,-0.03372318790013509,0.006769338722286106
2026-07-21,0.2882564253145929,-0.5221769174522639,0.2825087025506071,-0.14749439479043608,-0.24245078294838573,-0.4883144637162852,-0.5824437359103356,-0.2369406368033974,0.2641745072146472,0.3062980623045838,0.08273696975634953,0.17573427022189858,0.8987095802501608,-0.690088275380692,-0.31431844067812953
2026-07-22,0.051688349455445315,-0.4430428958827586,-0.08071527326951605,0.18473536564584037,-0.5756956833402417,-0.22134400201769622,-0.3699235625666856,0.05470077596912126,-0.8340893182286127,-0.37963183151740687,0.22496885132982358,1.0258970464703683,0.4381062411528923,0.024471685912544686,-0.15504537584683747
2026-07-23,0.3569384338502075,-0.28570167555556547,0.21836416074499077,0.012322903803036134,-0.8637800865610228,-0.021297207497786675,-1.4114839901746954,0.01713625575595759,0.030948729667425345,0.6743844348779249,0.4827717301343255,0.48846338299998937,-0.031190701233047013,0.07146625869458134,-0.6252287827520835
2026-07-24,1.6099075956634967,1.0479954936195384,0.11558874273849484,-0.2758892375265986,0.3117299979111914,0.602343665009095,0.6872751446765362,-0.02165264524251309,-0.4529476885734909,-0.5575894699656531,-0.9269929008064858,0.049356454039785724,-1.1221557323905427,0.16704674343980774,0.46829377442869224
2026-07-27,0.058006948949038406,0.6997509561467057,-0.5905711321932537,-0.4103062039682357,0.749100031948041,0.03600334370890022,1.1336427276195482,-0.7744872882099079,0.395294769824543,-0.20908204143240405,-0.31116554263921836,-1.8214219713912922,0.5847932531314476,0.6154204529792848,0.8329158283399536
2026-07-28,-0.013001452792179069,0.4829776917698825,-0.8640394778651349,-0.3093320498939772,0.3201458272019493,0.4640426457995651,1.1838353174067051,0.2818775295402829,-0.19129198227126376,-0.14544294168387564,-0.6189016937420755,0.3652488121639361,-0.1932782098007973,-0.2330334836736483,0.7700151046068703
2026-07-29,-0.4587496639998377,1.1266513072719946,0.1195745221483635,-0.5885000184568177,0.5228504699919749,-0.4282354576907833,0.8844269750325391,-0.41043052788941786,0.2744235021784055,-0.1597280472441378,-0.6843093387624035,-0.5034018245438739,0.1894174797260576,0.17139772681116494,0.546333796111026
2026-07-30,-1.7109241627523673,-2.4012746178803397,1.1188025504950279,1.4672915324072964,-1.8675517161646984,-0.8868992443961466,-0.9215030654456964,-1.2170466207872233,1.0529765513633196,-3.5855056706097512,6.639597117397016,-0.0546395719223669,0.5882234400531816,-1.7671333516976961,-0.08474577400509253
2026-07-31,-5.794278464662829,-0.3391622674879882,-0.516505575635175,4.877278298317629,0.3294954963486795,1.5413533727406463,-0.16138972707109422,1.1391986990100735,0.07543844556438695,-1.8086903778377248,-0.1898978821804138,0.36045370459089343,0.09939578888108785,-0.37279144300491557,-0.4715098227890973
2026-08-03,-2.475057478318826,-0.8054434696705989,-0.18406522037690073,0.21132939160149,-0.39872323332217713,-0.15775570799932964,0.23127059739861044,0.17028627113956757,0.06808266144216552,0.3351291559739622,0.7865098998993427,0.2927147813913673,1.272173734562022,0.14581444573289176,-1.1617302604623352
2026-08-04,0.5118496561454982,0.5659750347570556,-0.2722942477184884,-1.0757078529511346,0.42608576643876817,0.14980100173174415,0.8321148668283759,-0.1969140180743112,0.6479806160171147,-0.0015182094572389337,0.1231013047523627,-0.0903272978101084,-0.8311399411867186,-0.0625848935276958,0.5772491077752491
