Date,AAPL,ADBE,AMD,AMZN,CRM,CSCO,GOOGL,IBM,INTC,META,MSFT,NVDA,ORCL,QCOM,TXN
2022-08-09,0.00030300733364474475,-0.01788918607354617,-0.04526830012103189,-0.011333489631663474,-0.03957845136299776,-0.0022212575608335783,-0.005712021689789681,-0.011377582835378597,-0.02430756904477649,-0.010102550772464802,0.007063336776823359,-0.03973458393512164,0.003923264741349852,-0.03585654715124431,-0.027844392227294623
2022-08-10,0.026194843498974274,0.027732813768301723,0.03673856083938998,0.0352608325167747,0.034953926131727764,0.024487943040504057,0.026322739834657716,0.01567930300728415,0.024623240539621172,0.05820907205161707,0.02430046675586528,0.05917117569726549,0.010030040088340852,0.03143640327109565,0.030442521683111456
2022-08-11,-0.004431973803449285,-0.008006339637120607,-0.009389200166806777,-0.014366830308238487,-0.00996779236204759,-0.002607570023832384,-0.007184681065479537,0.00790885459507984,0.006220024804830082,-0.004766032504723183,-0.007400655746574336,-0.00856499274818634,-0.004900450023140546,0.005714378539182441,-0.005788401086200934
2022-08-12,0.021425853294704478,0.024787873752427636,0.027619231640992448,0.020691152408548463,0.016923010419454876,0.015468465469622217,0.023897761153090613,0.011090648468397468,0.014610873155531223,0.01695859966517288,0.017037007732106035,0.042748907307969874,0.025790117051523787,0.023405348545032734,0.01823578039730278
2022-08-15,0.006333368526742156,0.012004342730599804,0.0017851859754736132,-0.0025775713556979163,0.006161533309016587,-0.0004291700212252225,0.0032872482638157674,0.006865275855779451,0.006369476964511511,0.002160618297049721,0.005344065405534337,0.01726450295637383,-0.0005054778201936116,0.005552295400171436,0.00010791675663579525
2022-08-16,-0.0009236894482840263,-0.0076714813963006945,-0.008019059210550683,0.0111747882760318,-0.007694033847541748,0.003863456366996365,-0.0031128019504900184,0.012080532485352569,-0.004127830456753467,-0.007850159071834284,-0.0025896878939748458,-0.008038993333483457,0.005182574450435018,-0.013804148971713337,-0.01100318033688008
2022-08-17,0.008784599973715279,-0.02176242355774849,-0.019261480678215093,-0.01851079360669594,-0.00859749983358804,-0.0023518588757029946,-0.017666335109683518,0.00900696815015456,-0.011329259113428414,-0.02574224290413274,-0.002636174228444421,-0.028815280401019994,-0.003395266634532934,-0.009998090174907048,-0.03626743693242074
2022-08-18,-0.002291676295090972,0.002763673278599388,0.022082078685945916,0.0014074379989574837,-0.0001596378129371523,0.058079669168465964,0.005186154562098366,0.009289397830398727,0.011738555429527286,-0.0010867824627731615,-0.003947534322545243,0.023888700075921587,0.0008834447144900892,0.019188374241536188,0.009903293330639995
2022-08-19,-0.015101700851371747,-0.03182015183369269,-0.04470335906038436,-0.02860159688639219,-0.022135957967830633,-0.01357098683324065,-0.02463170015941729,-0.005033446077338133,-0.022651705454174942,-0.038360256754415345,-0.013854042807150413,-0.04921923203257639,-0.008320735291391324,-0.024970196232768527,-0.011263305315676653
2022-08-22,-0.02302943152032344,-0.03225425006781124,-0.032412722347757605,-0.036243902638259384,-0.03694812612126652,-0.02032849642573198,-0.025339177948191405,-0.02038012553210311,-0.04352751790112719,-0.029232913031584262,-0.02935546063793093,-0.04566105139555243,-0.027968536864496407,-0.04058288230369078,-0.02839341512494431
2022-08-23,-0.0020290871380456155,-0.0022851645252429664,-0.0037699104688380114,0.003002506326521548,-0.005537431913549606,-0.006287964686149672,-0.003326492862377961,-0.005975459266420069,0.0032506835546761703,-0.011898370442006478,-0.004716182541580238,0.008629466190029023,-0.00065378778643288,-0.006284863091012172,0.006299949237143387
2022-08-24,0.0017937815757933517,-0.011598181630932958,0.002594934573547869,0.001347163157822573,0.022784168182194975,-0.007171519785112546,-0.001492832336196459,-0.011206903530812218,-0.0026510754582192986,0.013344935963874427,-0.002351047923622396,0.0023865474335487136,-0.0031410967537512935,0.004192913909045082,-0.0019127621224253044
2022-08-25,0.014922712966827012,-0.0042401115409409496,0.047988749996194846,0.026008936084948253,-0.03388717520295548,0.00424894365268913,0.026035565372652725,0.005629265604946809,0.030419325667233377,0.03381104456346007,0.011094990175460673,0.040123212393560426,0.00945266651405241,0.034958515343698204,0.029734472393980083
2022-08-26,-0.037699242881392925,-0.05671775821930192,-0.06174109879767553,-0.04756700784791723,-0.04991075140727863,-0.029194038812561662,-0.05409344300068275,-0.026869520535922287,-0.043852000102965416,-0.04147415424723866,-0.038587001916595365,-0.09227938075312025,-0.029132807612714307,-0.053812204452285295,-0.04410344974817426
2022-08-29,-0.013690293772470441,-0.015117262647971419,-0.029502110467239717,-0.007342307563037775,-0.030382002263921737,-0.003922389268537718,-0.00833776933122543,-0.0005369935189976083,-0.012589909035120361,-0.016133120484470354,-0.010667793744716825,-0.028228848199003398,-0.006161957712468635,-0.009394248698417429,-0.009145017560103219
2022-08-30,-0.015305413836977144,-0.0005063221138988938,-0.017516052206821175,-0.008167020675137082,-0.0033705184903271013,-0.010282067686617324,-0.0043867251216318515,-0.005601849969934847,-0.0206435889082498,-0.012627849737688157,-0.008521033529470978,-0.021074369486252187,-0.0006739001358414543,-0.019477482158903325,-0.007145677147326279
2022-08-31,-0.010634943085394255,-0.004345868373856643,-0.023809519630728193,-0.015225659516225343,-0.02223343035998704,-0.011494350382335927,-0.006609327188226377,-0.008720568644837834,-0.010539395839076371,0.036714182929679096,-0.005704355565332886,-0.024179212774302572,0.00013504432835498292,-0.010399575484938417,-0.009176173198124804
2022-09-01,0.004706750035962104,-0.00779242620791798,-0.029928135187077487,0.008282741023605045,-0.016589742162052556,0.012746133851044839,0.014045438891693518,0.009420136355860587,-0.0050126224658035845,0.014914364700648441,-0.004092077399175054,-0.07665288044023,0.015508819718057731,-0.017766824201907006,0.005750626946686488
2022-09-02,-0.013611097252894777,-0.0064501771482285974,-0.025385690766459024,-0.002425266463259912,0.001042198630643254,-0.015456011952337922,-0.017222405518643735,-0.014422518110510207,-0.017002458751854466,-0.030479130236872543,-0.01666667069570249,-0.020807979171023838,-0.008233735736118408,-0.01108377075698841,-0.01901799036699725
2022-09-06,-0.008215084394931016,0.000434544298815176,-0.01894312915669616,-0.010979542799969155,-0.012818180743903285,-0.002691194493097515,-0.009643039054961222,-0.008373103309156082,-0.02754644059664446,-0.011102643840047555,-0.010973966828879744,-0.01333630173665612,-0.01138178017799174,-0.01408786266803952,0.0006135639131528148
2022-09-07,0.009253883512919003,0.031007368466582363,0.011305886380174046,0.026722663554652915,0.010282355529068088,0.012367869984659441,0.02471673486706405,0.007812450503333679,0.009552079896245624,0.011669157047389023,0.019111527461243005,0.018795190477830737,0.008939683529238796,0.015236577906680093,0.016676730687843477
2022-09-08,-0.009617818702677305,0.01029707060344398,0.03981909489563695,0.0026259778181887405,0.02361683220205535,0.007774448822466473,-0.009776128114860061,0.005951023278627066,0.003262628442857185,0.010412082053640415,0.0016661817005747537,0.02012531387200811,0.002147535980774329,0.0019440493645088708,0.01561938988378686
2022-09-09,0.018839884479327162,0.029064446874770278,0.03225414602945209,0.02657523304266962,0.03626511590634096,0.008816204951834772,0.020944871734596582,0.005604373457253731,0.02308944738897778,0.043749091734570866,0.022976853426993182,0.028377583173076815,0.01687899559820183,0.024834944657668334,0.013835400685042298
2022-09-12,0.03850783140991054,0.00400219508878652,-0.009479199385862724,0.023861278411006825,0.018697309067690293,0.013764214607226988,0.0018978626698140655,0.011378712682185377,0.0031784981608933283,-0.001123040911959139,0.008281214481324684,0.008201842979222773,0.01541282333182381,0.007194293906660487,-0.0009372597726360343
2022-09-13,-0.05867947429600551,-0.07056708985978055,-0.08991021579901237,-0.0705752837581286,-0.04546261811830021,-0.049353239317535325,-0.058993282477007414,-0.026098340737487402,-0.07192628566179926,-0.09369099080377818,-0.054978481089905884,-0.09472603965398085,-0.013492344052531968,-0.06067674581179516,-0.0464883395832425
2022-09-14,0.009555255072023705,0.008496360489633092,0.005452397450357971,0.01364140798846103,0.013788560611021738,-0.0034007693252114946,0.006518361792431815,0.0034578451086737516,-0.00375572285225223,-0.0108403889882428,0.0009126811911670529,-0.00022854335392430425,-0.05155186719886984,0.02081163993548274,0.016046908535159332
2022-09-15,-0.018929932917018277,-0.1679317021312774,-0.010200042830998957,-0.0176585314552421,-0.034315034835204705,-0.015241025469902247,-0.019904634332769122,-0.01722930638006126,-0.011651711399643938,-0.012675800850073582,-0.0271194264448803,-0.015158313193155748,-0.026067679277619438,-0.01999518258961852,-0.015672313151916195
2022-09-16,-0.010960127130945962,-0.031151957851723644,-0.001956711697276514,-0.021777003694830932,-0.021126639792481416,0.00023118977626990223,-0.0010690298761427686,0.014184473114513985,0.013869564588762318,-0.021798879759347578,-0.0026079806877055134,0.02080589349344142,-0.020073671377243363,-0.0002401386227601776,0.01592184529737284
2022-09-19,0.02508311702724786,-0.011485817834411494,0.003398176703393707,0.009147615105472573,0.008712362832306253,0.0,0.002626354910344686,0.0036143206140724082,0.006840052764514937,0.011825898729792561,-0.0008988857392057126,0.01394143366413636,0.0034865468208273853,0.013605476077046097,0.005990477256521132
2022-09-20,0.015665354202361037,-0.016888468692939362,-0.019799357946223006,-0.019813903001303146,-0.019825839835011516,-0.01662822601135694,-0.01872502492373529,-0.011195457186037538,-0.016304438866389437,-0.013038735807403223,-0.008465713621698567,-0.015393839106579654,-0.01389901190684073,-0.014844160471138679,-0.001142971472383958
2022-09-21,-0.020267485033801935,-0.016354050043124735,-0.01023251352912169,-0.02987152347123645,-0.014486330480203868,-0.02325029888834962,-0.018390490913848034,-0.010847193805425426,-0.01691989901626001,-0.027174919738146674,-0.01443590568611719,0.006451151802221444,-0.019967553764810964,-0.0012020487995215712,-0.01662041518547608
2022-09-22,-0.006375142042265969,0.0026545923787275605,-0.06686362959823888,-0.010376272544574294,0.017069901701701307,-0.010579532484406129,0.008662589226785533,0.0030415491413140483,-0.014049956951630471,0.004925430780238216,0.008495569089782773,-0.052786398812641466,-0.010786659688555078,-0.007542948599185251,-0.0041641288321737635
2022-09-23,-0.015123927733398324,-0.008708980774967512,-0.02215828655435026,-0.03009120154088929,-0.020912581923593687,-0.011907683201264119,-0.013980583061565577,-0.02074827556165726,-0.01959378905932796,-0.01687440062235046,-0.012698142145448621,-0.0035824212625393814,-0.02241398917786308,-0.020132615347024485,-0.008178551740162021
2022-09-26,0.002260178423283188,-0.026707921593760564,-0.024426074971712564,0.012040804722097675,-0.004693366840538116,-0.0019675767762386,-0.005772551103236823,-0.005704587208940959,-0.019985524038967917,-0.028773027098687787,-0.001975510966513383,-0.02301067590867134,-0.017041031462103784,-0.011964678399430051,-0.00514607246533183
2022-09-27,0.006566169797515897,0.002202541478773634,0.013122097694449941,-0.006426381710496365,0.01756422106966027,-0.0014785130131212965,-0.006825100192132116,-0.002212860611739087,-0.00296627583867759,-0.014446214703231486,-0.004379898845777164,0.015129293033064872,-0.01623328042845673,0.00501093835195876,0.001558244096514727
2022-09-28,-0.012651427829310613,0.013798272404092815,0.017716279199727847,0.0314657666190894,0.00859689936543151,0.020236895521986042,0.026153933356679815,0.00837847445158113,0.008925376977688027,0.05364593217483504,0.019711542206005905,0.026021051626277325,0.010413145975661564,-0.011716933361269555,0.013004704867985106
2022-09-29,-0.04911899215345494,-0.011194008403721312,-0.06173202432745595,-0.027201076403397084,-0.02237452234935222,-0.018626249981432808,-0.026286893411413104,-0.009205186887835337,-0.02764484802608369,-0.036720402471237534,-0.014808914816964003,-0.040514960349872675,-0.026478363904598567,-0.03439002761799004,-0.026719815639500433
2022-09-30,-0.030039502407126828,-0.010961321807614555,-0.012160879119415102,-0.015679468675155683,-0.02023035577926935,-0.01404965392473867,-0.018168648117538044,-0.023184981498650226,-0.02312346591785186,-0.005351647448911923,-0.019368481149495076,-0.006628346396445384,-0.005374533707588669,-0.016196343624911402,-0.023162208860381783
2022-10-03,0.030752638684753864,0.036482476678782794,0.04340277735967568,0.025486701357681163,0.028225785999610453,0.032250130939267097,0.03125974201337978,0.02272549657900491,0.046565728331551925,0.02159505488558766,0.03366252390005675,0.030727409307155895,0.032912830101812895,0.03752878367550405,0.032691769497368295
2022-10-04,0.025623052356136933,0.03411166498194462,0.027076098910927326,0.04496029692750958,0.05294126660800402,0.022243728814924646,0.030413631949170794,0.03283660896022833,0.027067174113464043,0.012048038905178915,0.033812494018553796,0.052349788154209875,0.04137614328297379,0.04393455255517087,0.03322049626876877
2022-10-05,0.0020534236991542887,0.008170334787048983,0.0005891150902566089,-0.001156159830559278,0.003210611424613319,0.004065385214949702,-0.0020660252663636802,0.0019123343969311701,-0.0021661134742390065,-0.009267164829126151,0.0012857152251750659,0.0031895513295727707,0.014461998889053529,0.020593195178755908,0.01604616443278939
2022-10-06,-0.006625737560020051,0.003463577787292005,-0.0013247566095214713,-0.00537407121029132,-0.004928577652669963,-0.01119340548482406,-9.872676619981924e-05,-0.027914664833722624,-0.016642606127720283,0.0006476976607570073,-0.009671057122830784,-0.005980791809848007,-0.02010806876638538,0.0031227888333709153,-0.007508901145305669
2022-10-07,-0.036718500085343386,-0.03230459612658598,-0.13868828384721643,-0.04771409266460691,-0.03325613883945455,-0.03010584097437352,-0.027016313837311512,-0.027898087616754275,-0.05371587297079916,-0.04041140254873621,-0.05085265745752532,-0.08027420011919528,-0.03078105063239578,-0.03488191470608892,-0.0435931137967811
2022-10-10,0.002355657844997472,-0.010561997122299105,-0.0107802407293357,-0.007768849586377025,-0.030940195234325785,-0.009436343683049797,-0.008309658365198258,-0.009005280591073639,-0.02021776648662099,0.0025477398440190147,-0.02130321529178536,-0.033620376939883734,-0.01137629294739917,-0.05218760175215231,-0.015632821451403323
2022-10-11,-0.010255036528669437,-0.003114988956443465,-0.0031136533627370566,-0.012844190270001499,-0.021079274006580828,-0.007771411842672937,-0.006948734891519703,0.00042472978225838176,-0.006349083611090878,-0.039240620944062554,-0.016750100705722692,-0.007197974149947495,0.002570333742062836,-0.03987782550789887,-0.02130245128616326
2022-10-12,-0.00460522990025225,0.004634369225319679,0.0038174111040851777,0.006149206372302096,-0.0019642724739130646,-0.007832066221848621,0.0039102228856351395,-0.0019525867663242602,0.01158143447808535,-0.00809079373807875,0.0015082529776528908,-0.007422785455218794,0.02195165425187051,-0.012632987001286677,-0.01238167163896553
2022-10-13,0.03361314418507755,0.03001920853088702,0.018841835459606715,-0.00327726077574253,0.022138039148947408,0.03412262208764072,0.015375157633235492,0.03589336269056931,0.04303196333154635,0.021882204616495926,0.03760820038094659,0.040000129688628316,0.022264086734746558,0.03884406244853622,0.018409272741841898
2022-10-14,-0.03224013195726394,-0.023071140728346484,-0.050899220731242645,-0.05003107895219994,-0.022139592051152568,-0.01009622222155171,-0.02523731393754347,-0.01436884455315568,-0.019303534245165843,-0.027093210786459432,-0.024248873593406883,-0.061287621508133716,-0.013650442393783102,-0.025784254839743115,-0.038874912647722026
2022-10-17,0.029122898375042228,0.019309569741790877,0.036110127053153196,0.06445275295885255,0.03487548546865682,0.02736345702523546,0.03531482603805114,0.012329141762448703,0.01968349527017832,0.05743132702730214,0.03924582975059754,0.058875649425768506,0.04213949220785329,0.014915982963647378,0.017864293443847323
2022-10-18,0.00940916137780845,-0.0017716831811648293,-0.0006901469316630271,0.022585461588422673,0.0431444089380717,0.011864295983059936,0.008002480424770475,0.01168542317729937,-0.020817547345821863,-0.009250945254206666,0.004083458570747656,0.006645622784266392,0.00014910416428848272,-0.0034053310382632374,0.003443881486644207
2022-10-19,0.0007652270946834072,0.023380351317746184,-0.011912960091889913,-0.01108629175628062,0.0009117721431064485,0.0021536528487928752,-0.011312908955712353,-0.003497652367213222,0.005024979600186885,0.0032378169227456066,-0.008469435035354134,0.007019172764833215,-0.010890316126455302,0.014746835306015615,0.0075242182560277815
2022-10-20,-0.0032669887303636846,0.008504880848307916,0.00943562676649723,0.0015642678860967596,0.02492371697697915,-0.004059257471749511,0.003412565862938255,0.04726141494404135,0.003076940870319511,-0.012759735248202508,-0.0013953910568795802,0.011866262895128266,0.04449480212404189,-0.0077094039101727185,0.007009894235581182
2022-10-21,0.027059183800673736,0.0131952846416592,0.018175510277660623,0.03531453097461368,0.016952346466716284,0.02613266165371808,0.011603623563665844,0.012470619266986338,0.03412579065668586,-0.011556350726607878,0.025280421153534016,0.022306088316768058,0.0498190444856188,0.03357735841111009,0.03903168606445595
2022-10-24,0.014802688170113765,0.03215068792800024,-0.0020401042588805707,0.004190412347291339,0.0029966890177031136,0.01728996590673404,0.013744703000812875,0.02147843319270737,0.007786381162059763,-0.0022305984113024646,0.021187919942504907,0.010668879884950355,0.003026314342581271,0.005529936199003105,0.012083603350250938
2022-10-25,0.01933728405631685,0.023939052858757526,0.04718910428894785,0.006509754475742646,0.028758248497556593,0.018833216257687857,0.019118134185664326,0.0018086454317052247,0.008462171923040218,0.0600523962292181,0.013791638186034128,0.05254399907241769,0.003017402661273927,0.023973065942642036,0.0031547897250108203
2022-10-26,-0.01962691906315317,-0.01022266738083899,-0.028306517714542734,-0.040961814879887926,-0.03243167495026977,0.0004506930644032625,-0.09140493050041554,0.015647021759554125,-0.007296648836752628,-0.05592302151307371,-0.07715620805054157,-0.027524173282428288,0.022969426854071884,-0.008894876847160282,-0.02645506669298836
2022-10-27,-0.030465373681573094,-0.005710237852936895,-0.018918484459658935,-0.04063638620803933,-0.001000520402627214,0.0009013608664107942,-0.028547500329189957,-0.0017774372443265518,-0.03454606404650429,-0.24557081000760983,-0.019756330001798772,0.02171197627816479,0.004410578378880814,-0.028871423916072114,-0.007031119806132691
2022-10-28,0.07555259952244509,0.02206181990883893,0.05819112519120684,-0.06804249715805744,0.02046945915261511,0.027465036902255546,0.04413365618306453,0.027750949063084285,0.10658537988766525,0.012864935232510089,0.04022066665699642,0.04993926808243865,0.029407781758354457,0.03931987809127402,0.03755133455081605
2022-10-31,-0.015410464668320745,-0.02204615830647305,-0.031446492517724245,-0.009380148789788212,-0.0026377857910738767,-0.004600947146549017,-0.018485940121154343,-0.0015885608498062975,-0.022015744141392846,-0.060887001514063566,-0.015856174720700444,-0.024360308406202402,0.00917791839110671,-0.01300205330400317,-0.004524059656929702
2022-11-01,-0.017542652145473236,-0.0077865337090364806,-0.00666003191363207,-0.05515425020719422,-0.01703648018843862,0.0006602099577406317,-0.04274666730734067,-0.000650595752613059,-0.00457264294912374,0.021897623280445755,-0.017059630776581902,0.00340828920414471,-0.012296702740817622,-0.002804874219550113,0.014131905685175417
2022-11-02,-0.03730503166944055,-0.046832441957741056,-0.01726447840984291,-0.048248766657425834,-0.061381957747413174,-0.019577612430933478,-0.038686780342798044,-0.009913236996789254,-0.031095371166579233,-0.048949466547771436,-0.03536818012867338,-0.02392367735801204,-0.025807054264763374,-0.041166007328993226,-0.027071543345638105
2022-11-03,-0.04240505820374607,-0.05076026984582249,0.02524304136574873,-0.030612240672440172,-0.024531388272848176,-0.01615438072425024,-0.04070371367168535,-0.017247511768552326,-0.0010941894926224105,-0.01800296209955954,-0.026578780262610957,0.01528076511948484,-0.0011985163172537616,-0.07662197169112406,-0.012429931933112037
2022-11-04,-0.0019473031714549727,-0.0006294991095436853,0.03460319406483636,0.01881299269611514,-0.04483029016433582,0.015279214350579329,0.03775611612048979,0.0185171593082738,0.04347840088860666,0.02114486398958748,0.03332541014962764,0.05476507045624612,0.012928225631505086,0.027050383470113237,0.039164188126718846
2022-11-07,0.0039022051193144947,0.04825899753253493,0.014311034314181015,-0.00494619214148917,0.03448516746092656,0.0006741795038991416,0.022060420478481113,0.010075687763143604,0.007446706729966612,0.06531574451809008,0.029269570471468498,0.0102428286185976,0.009736930574799407,0.03186794639174062,0.018690609468719144
2022-11-08,0.00417511885187305,0.008780145582516052,0.012206668051923497,-0.006075283660437414,0.017359440737818588,0.001346691884578588,0.0046334499966380616,0.012288597337558826,0.002463980558852219,-0.0025848797267813417,0.004388478143627417,0.021047477004882076,-0.014334024567315473,0.02225453418921086,0.014605595589656684
2022-11-09,-0.0331901064073683,-0.01092106484396771,-0.06155051525598143,-0.042676192754212194,-0.03426227620850497,-0.01569163286233144,-0.017772902693585002,-0.007225774546437025,-0.03370787219182669,0.05182941885340764,-0.019050061713327016,-0.05656730754562278,0.00026454126135555533,-0.018748896658316028,-0.018559545866677185
2022-11-10,0.08897466532157106,0.10399176095832985,0.14269030896247625,0.12177847617944293,0.10023934309150317,0.03985441565934211,0.07581326499427798,0.02794955207566452,0.0813953663881477,0.10249354942598266,0.08226816703542217,0.1432925409555228,0.0199574922880148,0.09281901221102173,0.05879158986058841
2022-11-11,0.019268992489515746,0.03394448030032371,0.0569592734971307,0.0430508514990382,0.009149000534110385,-0.019053994058338408,0.026293349855952775,0.013736684122578113,0.02251352635389159,0.010279605291446448,0.016997155763067484,0.03663482443472521,0.007386269577499105,0.006214763035887971,0.027477453115436923
2022-11-14,-0.009485840690535152,-0.0022863807511412926,0.01602868576331007,-0.022819754250081425,0.005895957170412913,-0.0011161986046810402,-0.007364526287594542,0.007194021000802131,-0.0026290661114639624,0.01061757663587004,-0.022499960514765216,-0.001959740186279535,0.010162020150249695,-0.0051880155684908,-0.011421555995294486
2022-11-15,0.011869394589503424,0.016423293527874083,0.038623745606327864,0.004569038353104293,0.021492675453057553,0.0035759590765305216,0.028631244701745384,0.0009709785305858087,0.011861592400906007,0.025039489329289788,0.001738705418594888,0.022767603444810325,0.008277169323736233,0.04321187811023908,0.0007327964727705805
2022-11-16,-0.008331232098565788,-0.02182329743163114,-0.04805559337896048,-0.018394983322363,-0.04288277447231237,-0.011358501595058912,0.004165037052003218,0.001246899778174937,-0.03842397053921798,-0.03288340859469052,0.0018234898032014613,-0.045361833885524616,0.0089668577015658,-0.0419775908611032,-0.0231456131107054
2022-11-17,0.012971660233174198,-0.0017139478253216378,0.01650625348018986,-0.02337318995330062,-0.03500509703785393,0.04956091404499219,-0.00495717764095871,0.010863339909545022,0.012191036806144195,-0.015720337200244017,-0.00020696594929725531,-0.014644865878280955,-0.008636899678133858,0.017642612440992966,0.010953299841868658
2022-11-18,0.0037817337042138632,-0.020631683088357722,-0.004465518595951901,-0.007485493894513584,-0.011022734967699122,0.025756593063186672,-0.009455019189013258,0.01061011778092591,-0.0006692401718543239,0.005383745798750228,-0.0019032081947431,-0.017095130433276595,0.006692053496859973,0.008057937955803673,-0.0010264748732652373
2022-11-21,-0.02168025099205373,-0.028320121900601625,-0.015087679964060907,-0.017845764989037338,-0.021548175329738295,-0.003557529917862956,-0.018782673737342326,-0.006502270362439111,-0.031134846614017775,-0.01954505637872872,0.003440829686965019,-0.005970381872891228,0.0011287168343547815,-0.029471105993847835,-0.015869332921532586
2022-11-22,0.014661199330977981,0.02920779785893779,0.03850401532954484,0.008003437930963697,0.030376087237013127,0.01595983809392254,0.015167287167212384,0.01649846603421956,0.03040772994935037,0.014382012774219133,0.012311419991233086,0.04707186055792856,0.02881497965502433,0.028702197912634064,0.02795795454814276
2022-11-23,0.005926260554801832,0.014808975532443647,0.015282412304038706,0.009978544373689724,0.02003368728032151,0.003927215261174233,0.014528582255535216,-0.002347439835358789,-0.005030122162194339,0.007178764531481807,0.010407024410038712,0.029991139452992366,0.0053579392134115444,0.012130976733842891,0.009931402493105423
2022-11-25,-0.019593551094240103,-0.004407680599525232,-0.016492174228604828,-0.0076489282090407285,0.007291032693562904,-0.003500138137022213,-0.010156333854208999,-0.0025545994617159895,-0.01112237485686618,-0.007394954940721843,-0.0003636473352326419,-0.015073555710866438,0.0019378788452437679,-0.013583666113163195,-0.010671502092649665
2022-11-28,-0.026264318910506623,-0.01594372350251616,-0.025951516689935228,0.00578089353348199,0.002217119609063012,-0.006611529126160587,-0.014467461696414441,-0.014760627600724052,-0.02079078634155518,-0.023606532145238446,-0.023152413896876167,-0.02722792378068739,-0.016078422125071712,-0.031672783991571474,-0.022985354330315677
2022-11-29,-0.021148252099637777,-0.0066571493852930486,0.002732571957519747,-0.016285245651894598,-0.013078257138693039,0.004159718717003047,-0.008953656088924511,0.0021209530838239843,0.005917154874687025,0.006251143970030126,-0.0059150645185642725,-0.011878559582622183,-0.006634471790161078,-0.009703957854668488,-0.00011570685148598603
2022-11-30,0.04859389296799188,0.05554193636172533,0.057773510001794204,0.04457912603558589,0.05650051937020617,0.02982613490469621,0.06093078383405226,0.01645157640434447,0.0404844763365273,0.07893296178395448,0.06162363288607553,0.08237942484651972,0.02696351196846236,0.07532116052959448,0.043242139299861204
2022-12-01,0.0018916303872680285,-0.002377315228106358,-0.0019321641348862828,-0.010772746070691896,-0.08268334647158893,0.005028117724457104,0.0,0.001746409562869422,-0.007981427910902394,0.01981368341821521,-0.0017637461019981426,0.012527256740649584,0.01300723864278508,0.0025298009297307633,-0.016402483786124078
2022-12-02,-0.0033714066587949842,-0.007497563808355534,-0.032266389928805816,-0.01434557849824114,-0.016598597015804795,-0.005403310827852392,-0.005446084932889561,-0.0032855323489764388,-0.014079793475585411,0.025323907999085904,0.0012957401702373694,-0.015115200566548137,-0.00903579330676274,-0.009068662657198856,0.0009012301015449697
2022-12-05,-0.007983233550787783,-0.02178433071179242,-0.018138177506840547,-0.033145598727553405,-0.0735336611484726,-0.007444602856327531,-0.009557931766039807,-0.00847478666568291,-0.00816034061815396,-0.008583637490114593,-0.0189003777946376,-0.015762093339022676,-0.04703047834806717,-0.01878098367302561,-0.0015196357541752414
2022-12-06,-0.02536984461388203,-0.008800031349734838,-0.04550402035500001,-0.03032636052572657,-0.00492769617686295,-0.015001052612285681,-0.025130684589095176,0.0006104072505663805,-0.019540704942272002,-0.0678754166364659,-0.020303859476360597,-0.037507493569254535,-0.006546463647520762,-0.02854817364215778,-0.017193669774521192
2022-12-07,-0.013785083946951437,-0.013498418550780378,-0.0018499681176631366,0.0023795930251859776,-0.020935067942266516,-0.008437932533059689,-0.021035126482592093,-0.0015590559835920725,-0.009440559319648378,-0.0016649212880085473,-0.0030596978805232933,0.008319174097027426,-0.0016476031795914503,-0.01310731015730271,-0.003384484627320772
2022-12-08,0.012132680737251267,0.018060469048497563,0.004704902109015308,0.021365582288144003,-0.0026822825520830262,0.016811994536777064,-0.012955665216329626,0.0034627306442469585,0.0038828433092727987,0.012288150792799879,0.012399140108112716,0.06507458686543055,0.016374651058269185,0.029946729546440398,0.015021658603451282
2022-12-09,-0.00343501232338006,-0.005833098809770343,-0.026678087842294196,-0.01394579034322141,0.007530745389496163,-0.010818748829800051,-0.009390625768749716,-0.0049397750100254045,-0.007032289231975297,0.0049423611421144376,-0.008003209174667014,-0.00978506481902608,-0.002622955206183164,-0.02217653780883988,-0.011907252140045843
2022-12-12,0.016390040859668664,0.02277400933248619,0.030325148594674056,0.01638799835988136,0.015254491937829906,0.01733431155482723,0.005170610238139917,0.014689159909494265,0.01593472575986743,-0.010267611324095482,0.028889291595326272,0.031409790794791004,0.017781315258944552,0.01814348143520239,0.018478112056379725
2022-12-13,0.0067825385235065205,0.012685861717483427,0.013867318272610785,0.02142456926150338,0.018856595161153678,0.006896104902243794,0.024863414753252266,0.009114314371196253,0.0013941884912229696,0.04742416727856713,0.01746480095206948,0.030624414586796433,-0.008858325994343774,0.018810374825867004,0.00011269039362749034
2022-12-14,-0.015535686112533753,-0.007416860628161714,-0.037962333046436925,-0.009838858835905628,-0.006415018883827672,-0.006848874346289446,-0.005855888087221706,-0.004715367734536402,-0.016359217188190334,0.011984847813225619,0.0011677044599078812,-0.022022914078235867,0.015640719437568062,-0.014414022738597487,-0.009464926458417455
2022-12-15,-0.04685441053469808,-0.0329784111844873,-0.03481795321707981,-0.034177820705733164,-0.0319852078047238,-0.0233268452745381,-0.044283233151104384,-0.050046490879466554,-0.039278149021663156,-0.04474041843716192,-0.03191832320005783,-0.040851104883847356,-0.021388497003382745,-0.04165661531604192,-0.033045210356190347
2022-12-16,-0.014578741003391182,0.029904832056761865,-0.016834437663269974,-0.006670394101153776,-0.016635930129426657,-0.007061162343556138,-0.006603737142222066,-0.015453921070826993,-0.00847140955736847,0.02823929808904846,-0.01734872044213942,-0.022475128340301298,-0.006119529918822253,-0.018089686346041356,-0.0027054632306177107
2022-12-19,-0.015909544503831863,-0.02888875327123752,-0.01253642070492289,-0.033462353983410575,0.005769033186689754,-0.00857550473879709,-0.020163860305661307,-0.009203766833558946,-0.004828998236913407,-0.041446906299016706,-0.01732798806781577,-0.019130055608011065,0.011560589119906428,-0.016764239995165298,-0.011442218196202725
2022-12-20,-0.0005288255032928069,0.028774763274347803,0.007121949836639496,0.0031795134041781026,-0.004340805806559489,-0.0006331273478212829,0.0065581554798248565,0.01735429850498793,-0.013064667917017325,0.02279868077591307,0.005614368836940775,-0.010397298233704722,0.005465863058972564,-0.004528976748097713,-0.0090688041733612
2022-12-21,0.023809621553059657,0.009343041957022846,0.04043039400513759,0.018546709195681466,0.014402766522238597,0.006121938038723185,0.006290792206978146,0.0060874674007755925,0.014750444509297411,0.022802988374890365,0.010876781279077985,0.025862694939375208,0.006918870805043831,0.022212529386977264,0.015895231676040344
2022-12-22,-0.023772593122898922,-0.014236381157733402,-0.05644207561464931,-0.034343619255829294,-0.008519058579100625,-0.007133759858984345,-0.020317005221841655,-0.00886454427400274,-0.03205381890329184,-0.022044034986969607,-0.025528668397413745,-0.0704199188702257,-0.012392934353996354,-0.034121706334410695,-0.023884508726218612
2022-12-23,-0.0027983138061609125,0.005735240866422853,0.01033504582534972,0.01742450254827599,0.0019350900739070198,0.0033812575474498896,0.016750371455256596,0.005465376329210514,0.004620936582424795,0.007855222654888694,0.00226697654653063,-0.008670682132584928,0.004472734228827102,0.0014454724171022448,-0.001942852025473063
2022-12-27,-0.013878490231905016,-0.009927657698192927,-0.019373779453490836,-0.025923742926365456,0.009425313132778834,0.0010529598868822543,-0.020621144522862123,0.00543597275931651,-0.005749336829303786,-0.009827309752275748,-0.0074142473741536374,-0.07135349403851765,0.0016078714011380502,-0.012450274520965254,-0.0036501326649038823
2022-12-28,-0.030684972213197104,-0.020173714045490287,-0.011063707252645605,-0.01469172937442731,-0.016760996090199876,-0.009678054785212553,-0.015676820914406364,-0.016851663603971834,-0.015420220922207406,-0.010780086886012175,-0.010254812313881034,-0.006019514943501836,-0.00802645150386505,-0.022748181801258593,-0.015813870293249543
2022-12-29,0.02832422569701576,0.028172876003709435,0.035959725283267296,0.02884381103830358,0.031680436527391276,0.009135517430835183,0.02824928874796817,0.007427679438354096,0.026233224403529043,0.04013127134114525,0.027629590740584797,0.040396233454664365,0.013319928780183954,0.026830126967980483,0.023760865082588012
2022-12-30,0.002469001886053146,-0.003110337800620755,-0.000771413946208388,-0.002138278742257471,0.00037735309873410117,0.0029472772264018676,-0.0024872467904535345,-0.0012051599406132096,0.00839381563611541,0.0006652586691460183,-0.0049373542173011264,0.0007532853392373529,0.004176712822512307,0.0009103573293340883,0.00121199202783151
2023-01-03,-0.037404760667790526,0.0011589298126533087,-0.01157943552372076,0.021666663033621747,0.01651696090354493,0.006297161643407989,0.010087291638659401,0.004684512615553471,0.011350678928765623,0.036563046978567826,-0.001000929733895095,-0.020459759229547125,0.024223013726175635,-0.02492257444900159,-0.012165620784825304
2023-01-04,0.010314219510904499,0.01332657620630795,0.009996986138740782,-0.007923564525679994,0.03568764003378666,-0.00021019290156099046,-0.011669678579238618,0.00741763806900031,0.035540569170359415,0.021083884638754435,-0.043743174596187595,0.030317709290350603,0.009078268903956799,0.04039166302026276,0.03651738386601311
2023-01-05,-0.010604726114421315,-0.03798951724197108,-0.03603466902399921,-0.023725589118479662,-0.023282275010364062,-0.014090468943309564,-0.02134427232023206,-0.010448762552962565,-0.004335180807610195,-0.0033759713621914766,-0.02963772573856105,-0.0328157463739438,-0.002012502174130737,-0.01909802418138251,-0.013241211473968839
2023-01-06,0.03679424469897086,0.013122632829606795,0.02615108624312379,0.035611152390083056,0.03058523840448557,0.03071673911224182,0.013224900820164143,0.01835444198360192,0.042452732011436733,0.024263523906260742,0.011785385858934738,0.04164042953012226,0.016012345708278142,0.05429615612144145,0.049302064418589975
2023-01-09,0.004088946161670215,0.027738575466049964,0.05128203293069067,0.01486987397850048,0.04690063181482795,0.005380793732568057,0.0077858800155949925,-0.0010437312720841252,0.020188000909071135,-0.004230233525891136,0.009736292636048693,0.05175319472582718,0.012655291009537661,-0.0063291202616533315,0.008677811264129032
2023-01-10,0.004456334042870047,-0.009591200286346524,0.012046478490814083,0.028731709234134817,0.002311532049251941,0.00473448432446788,0.0045443352295244654,0.008707789383104014,0.004435433746467599,0.027187818738680924,0.007617055798364358,0.017980631670003522,0.0009257513331464295,0.020068008089681788,0.009735065229842021
2023-01-11,0.021112134444389197,0.012488870139645725,0.014841946532577754,0.058083825879343465,-0.017227601896085853,0.00819506013855631,0.03506003861755058,0.0031770875208818605,0.013926609210392016,-0.0007519883070853384,0.030238242296948048,0.005782641968843816,0.024277460798765027,0.01265951050269054,0.002634615668533735
2023-01-12,-0.0005993676880134968,0.004694882056183403,0.025195562622019496,0.0018929468094222024,0.032436279757476205,-0.004267496441552554,-0.00426146541930561,0.0019961771995529176,0.014740296250499885,0.02874578737013178,0.011621558873982973,0.03187318130596828,0.0020316672571125682,0.027029194693819925,-0.004137048519690323
2023-01-13,0.010119174251559393,-0.0004643979164715706,0.0028248155313777,0.029915043601747016,-0.0006016112348355973,-0.002449130563354829,0.010863706106436277,0.0023360836885333303,-0.005942577051848086,0.0019747934877640816,0.0030186241040537354,0.023499512812295675,0.0047306162880971225,-0.011102894735610103,0.004940093755511965
2023-01-17,0.008756436947850332,0.0,0.008309807575924255,-0.02109661268732821,-0.006955917752452745,-0.016366480186320254,-0.009010022202117107,-0.004798061717839697,-0.01693781442584341,-0.01182641954005037,0.004681848360224672,0.047517499686944964,-0.006726344487626212,0.00033261945021045847,-0.02016653150865111
2023-01-18,-0.0053699178439783335,-0.008914592254748999,-0.014806503880664734,-0.006142675153973931,-0.020340925937968768,-0.02454244611090095,-0.001862164106858466,-0.032922572584897725,-0.02668926673730021,-0.017287315247646262,-0.018889020345577823,-0.018359741565401766,-0.021331921896457717,0.014632447061442733,-0.009349808087220746
2023-01-19,0.0004438073043084856,0.0035744667001549324,-0.03998298232853492,-0.01864654092151996,0.006600033468145083,-0.009381407651748885,0.021180814014975846,0.0014958428099218768,-0.013536958943539346,0.023530178225122267,-0.01645405233022601,-0.03521876820611569,-0.00887999392305927,-0.036545271355715614,-0.01628682524797742
2023-01-20,0.01922048000323051,0.040434432466861514,0.034854536143285264,0.03810845093076898,0.033057861754312245,0.00688740675088928,0.05341204145601819,0.004124334468733393,0.028149093046670348,0.02365051104278404,0.03574356224446462,0.06406192970947866,0.015243022025174247,0.04524585245709334,0.012110148399198106
2023-01-23,0.023500406037150645,0.024131561775873278,0.09219350810058335,0.002776315095798454,0.030545538590031063,0.015391245834688538,0.01805774968248297,0.004674167207075808,0.035934415709253154,0.027983016137629102,0.009824279689141457,0.07590143502431457,0.01971353713576196,0.0661513506655913,0.02988438842495378
2023-01-24,0.01006328952450164,-0.010027956468680377,-0.023912215604918408,-0.012305137300550828,-0.006479789869415331,0.006526328124848435,-0.0209440006972772,-0.0026079138330680207,-0.011562620011044689,-0.0009074298044599027,-0.00222614505181018,0.0037512629039300194,0.008204950452594506,-0.00251876909845683,-0.006342397930177657
2023-01-25,-0.0047007291704546095,-0.008718016806796514,0.0028113349725127357,0.008928577793566816,0.008459341024821931,0.0035558216837703327,-0.02538394234006891,-0.0051594956552161175,-0.007352938745960436,-0.011457270177384848,-0.005907962860232097,0.003010612406251445,-0.0006687696387818187,0.003596191640942159,-0.011296665114962079
2023-01-26,0.014803350156457507,0.021358554903222915,0.0033373379759484845,0.02099198301215366,0.0571171872499554,0.007502888985722267,0.024154515176203928,-0.04482814942773661,0.013131372330938529,0.0409895200692556,0.03071353677362021,0.02478899389881062,0.0021195135540914567,0.021270148585004645,-0.005370279296461278
2023-01-27,0.013684109201668404,0.013367186137868803,0.0031931592878635673,0.03043737760442866,-0.0034525456212451955,0.0035167494753447492,0.018970632040268276,-0.00044609996385014394,-0.06414094824319228,0.03014237332485914,0.0006451292017559673,0.02843159618852642,-0.00935090944104322,-0.004180419627101917,0.006548154409170337
2023-01-30,-0.02007781745331272,-0.019664908406514137,-0.03912472835460368,-0.01652968356145279,0.0013978232264533208,-0.005977949200090205,-0.02445409611105931,0.0067711684520019855,-0.007457355009279243,-0.030842178386717434,-0.021961735713593278,-0.05907192165094999,-0.01842915392538791,-0.013268347260083635,-0.00500023029800567
2023-01-31,0.009020810836649407,0.019041281862514303,0.037267145498509624,0.025658817736008643,0.01954494100261761,0.009331997703096118,0.019599677381498815,-0.004212950773080704,0.011091136814277203,0.012987990361139179,0.021012877001696406,0.019569969834800638,0.012707462306064121,0.012003408899187384,0.023566343723939953
2023-02-01,0.007900734493851314,0.03666905336752668,0.12628074079947327,0.019586971068148662,0.02292069514519901,-0.0020546802624527016,0.016086624948632444,0.002672061569173323,0.028662421719615194,0.027857974722024226,0.019934609293728034,0.07196604485227742,0.017974153089526768,0.03941146223521064,0.02759427160508876
2023-02-02,0.03706262590910647,0.021645127286801236,0.04336009210078218,0.07379935352944922,0.016412564285984033,0.015441743693151322,0.07278694394529928,0.009623240866883931,0.038527736367993004,0.2328239064257034,0.04688428921038268,0.0365752598550122,-0.007440111221795553,-0.01885001979885126,0.014387648653514162
2023-02-03,0.024399988270621398,-0.03288892754948358,-0.025138730405129373,-0.08431497620839845,-0.02061371662423772,-0.013990089758184499,-0.02747347112099985,0.00403265477278314,0.0043061465518132724,-0.011866477683683097,-0.023620677997867268,-0.028052927772939107,0.002685012051009794,-0.006109697647361689,-0.013155180971424985
2023-02-06,-0.01792899052291641,-0.010808466852267773,-0.027993914917314733,-0.011703250716856073,-0.011634908846827052,-0.02179727821041877,-0.017942242621656,-0.005550141488209759,-0.04223006495457693,-0.0025194724580671624,-0.006115757480187112,-0.0005212019008241642,-0.012162264002044676,-0.01547930886496185,-0.007076600292223567
2023-02-07,0.019244666452440384,0.022892615426231444,0.026649179598481343,-0.0006850625818668465,0.0131913740938161,0.005675776957605461,0.04606408699202302,-0.0024965674097897628,0.012547857019084008,0.02988273322764834,0.04202213988311243,0.05140137104163123,-0.00892360654731883,0.027834105740979886,0.013757128573561817
2023-02-08,-0.01765252387693872,-0.014225475140601684,-0.014200921530646005,-0.02017429777965274,-0.009633309800246681,-0.01839449733395182,-0.07683016143631283,0.0010307355487841896,-0.027882909700009062,-0.042740805879237564,-0.003102038096744031,0.001443108555317263,-0.01196708683486103,-0.032643031117125965,-0.03809480723220937
2023-02-09,-0.0069115937043159326,-0.006739581064840627,-0.017475538012382885,-0.01809100582487666,0.023757448309657425,-0.0048979897132843675,-0.043876414120117,-0.004317706375925989,-0.01805956394032837,-0.030038797907662063,-0.011659544043884695,0.005944642757987895,-0.00046157176209793427,-0.012408262979251461,-0.008555290919180392
2023-02-10,0.0024561818899373478,-0.012825649545066264,-0.020790719223332976,-0.006412838631079665,-0.03817801976360613,0.011341680075553251,-0.004631108492050617,0.013831836561653654,0.00252438692654966,-0.021189392093080683,-0.001972809752561755,-0.047992230761712995,0.005655118734974041,-0.011797850699473478,0.004571707249909185
2023-02-13,0.01880664913725605,0.010808943290064654,0.020250292446066354,0.019772567289289666,0.024247331723839416,0.012695800125337664,0.00042306486484555705,0.012905558851785903,0.026978375418016842,0.030318886592762384,0.031243222582730157,0.024594431668570227,0.02616458440136782,0.014342085580010266,0.005233321182238182
2023-02-14,-0.004224749843447562,0.007733317057291744,0.0339227690123407,0.0016073541414833858,-0.006546548764488791,-0.0033429690409941815,0.0007397656798513452,-0.009756185605887646,0.003152312967030557,0.00027872238941184513,0.00313250547919508,0.05429597711360046,-0.0036903741116421918,0.011464539806188112,-0.0020936971485406852
2023-02-15,0.013903025517130851,-0.005186534762461559,-0.008958658178080947,0.014643999584324163,0.0067074153106618795,0.01572329365186076,0.02386986626829768,0.0028672188184160063,0.007332533459464496,-0.01292631935361288,-0.007993106690728391,-0.009011361587135336,-0.008418646215176184,0.005516099631522442,0.01224915946755889
2023-02-16,-0.010429222651145653,-0.02867478509679755,-0.059873191545541715,-0.02975486385196624,-0.017475320516658788,0.052425133369466526,-0.014751348253459695,-0.010263646914857039,-0.02253028444486649,-0.026642482141380097,-0.026622464452463968,-0.03347384441545287,-0.007018211973370381,-0.021868343330994078,-0.01355753314544672
2023-02-17,-0.007546560441330508,-0.022757140637678308,-0.019730292144448547,-0.009679109147912035,-0.017488444485236898,-0.004314741258557353,-0.012145472310178262,0.00014816926710681244,-0.020922089270703936,0.002551538689231858,-0.01560161084020939,-0.02790653990756231,-0.005015857278141134,-0.01874614883518466,-0.004316212694881916
2023-02-21,-0.02667992459637125,-0.028443305934931273,-0.022038259323994835,-0.02695468312187932,-0.021493170995036337,-0.02127239753211363,-0.02713284474693478,-0.024514973699750198,-0.05613906966124116,-0.004627540548520215,-0.02088671053978075,-0.03427172199733086,-0.012374087773412423,-0.03147522436327843,-0.026009731346208098
2023-02-22,0.0028959622030599874,0.005826330956301362,-0.0020840958670185206,0.012793392483054111,0.010766152013321761,-0.007647309700437477,-0.001525237613471453,-0.005618558564770226,-0.02264010050235432,-0.00557872196047271,-0.004590933467088387,0.004793080786687165,0.0013921249174098094,0.0020211241013947667,-0.005621750530670266
2023-02-23,0.003290586062482115,-0.004875006311884311,0.040986808048976364,0.000313172345862478,0.0046522707899063764,-0.00202792702964838,-0.008292569365372038,-0.0013742965820227049,0.005496684158522669,0.005376230435525375,0.012961725770378463,0.14021406934858027,0.02618173497359777,0.01815262791205985,0.011896506238451732
2023-02-24,-0.018005315080568796,-0.07630678723728146,-0.020815092941810387,-0.024212061179431754,-0.011698545321683795,-0.014834452022946754,-0.019363886377734563,-0.0016819350264499766,-0.018352119226547448,-0.009590786660491846,-0.021784449074831902,-0.015973913112317217,0.0009032669924518011,-0.014738580518842248,-0.01559775162200805
2023-02-27,0.008247647184251417,0.005553125138347381,0.00870790545607747,0.0027807715104863906,0.0057950079460886705,0.005156744935744362,0.008302411585447977,-0.0006127202711758706,-0.009546642157083784,-0.004988585272051371,0.003771791329848284,0.00923318070572754,-0.007895510342532885,-0.007399181327646276,0.009459455010978335
2023-02-28,-0.003447836649049685,0.00505710115963387,-0.0024120200597779196,0.005012811540044737,0.0028810475332403662,-0.006361424600599297,0.002114096822277034,-0.009119336762213659,0.0012048519936014301,0.03185101119004918,-0.0029580239191254742,-0.012127241189281768,-0.006366441011792512,0.0008913361325810776,0.0041584041594120436
2023-03-01,-0.014245938065617358,-0.0017595533345881043,-0.0036905180551005667,-0.02186145722806776,0.022859397127020342,-0.0016524557263231099,0.003331113502633043,-0.00858478956371267,0.0160450212845078,-0.008688819641594625,-0.012629375027065959,-0.022311948167800355,-0.012128186928502593,0.0073301620186054794,0.004199540465525731
2023-03-02,0.004129060325289924,0.031294436775257006,0.02746201942440507,-0.00043399062951077205,0.11496840348556003,0.003930612221185736,0.018149645710983542,0.005772507219039991,0.03434662708385483,0.006400761349140138,0.019653317782963864,0.027138750539312806,0.007296550505220933,0.0008084841846371926,0.01109379590606352
2023-03-03,0.03508999398861379,0.03160422352300407,0.013426083650940335,0.030066258059702422,-0.0008574587723889637,0.01545446850703125,0.017934870773704592,0.005506989391327766,0.007633446012847989,0.061422089427027426,0.01664604280578441,0.024706321257118136,0.026216102437237154,-0.001454228404413449,0.009191113399356077
2023-03-06,0.018539583584677777,0.008661726528125246,-0.00441600828976052,-0.012118034851298809,-0.014107214463564666,0.0028407578280105206,0.01580347704274998,0.004242597009272098,-0.015530231447112408,-0.0018894280356753779,0.006189113111263467,-0.01406428436086915,0.005490197058301005,-0.009627687362864235,-0.014970378768561554
2023-03-07,-0.01449655187417942,-0.0063973295227545135,0.01170523540384849,-0.0021333007812499583,-0.002611508287497677,-0.010319857396730359,-0.013350122867120118,-0.014901327877897663,-0.017699193561545368,-0.0021091197890130697,-0.010589028820821023,-0.011125652750626047,-0.015377773375734982,-0.02630502441004179,-0.0057209051229283325
2023-03-08,0.008377139612316231,0.0030162661883454955,0.03970286337836759,0.003955051898638651,-0.002018333164687247,0.004089281868559391,0.004155059798894412,-0.0015594772134452928,0.01762641821766775,0.002492995411196519,-0.0017706887811824723,0.03834605552230319,0.0014711254781427652,0.016863770098799025,0.02417760478960873
2023-03-09,-0.014914460096666082,-0.02159958738087897,-0.015696426428178922,-0.017781071140368643,-0.02312108467832219,-0.006108642894977145,-0.020477491264362935,-0.01475990136869132,0.01770585548640069,-0.017732452956177203,-0.00543946463761813,-0.030809251675387506,-0.01830701779966204,-0.032838255996907484,-0.015775686259490773
2023-03-10,-0.013878845746246093,-0.02680499883294185,-0.016184703440536463,-0.0164769283801236,-0.030998298852659256,-0.00512205213216177,-0.018305914411544055,-0.0056276990212486,0.029500818264073914,-0.011998560098234523,-0.014782810353215825,-0.02009720230418144,-0.03223216850382593,-0.01731793109845081,-0.010378486028646772
2023-03-13,0.013266085778506964,-0.015274822246453379,-0.007983501237850188,0.01873687738723384,0.013454297087529987,-0.003088742834019942,0.005296295107300786,0.0010361455061211888,-0.009919230405849522,0.007743297287067685,0.021440956938618472,4.3526668864979356e-05,0.010229749442617342,-0.006597710565177772,0.013108816724677341
2023-03-14,0.014088958017018038,0.02793967331405356,0.06633330899047052,0.0265065123894086,0.04204893189498926,0.013220385415418479,0.03139061830489598,-0.00740567678328774,0.039332124753250985,0.07252631174993684,0.027056068823251955,0.047766234511983585,-0.004356609753565555,0.018526662028647722,0.010581589609829134
2023-03-15,0.0026215801188820276,0.0008400047717764814,0.025500325154424353,0.01391230747297123,0.00010931889237553172,0.00020397872160970998,0.022773248221598985,-0.010990633975727748,0.014280559442784169,0.01922479614001449,0.017830367327848373,0.006856889506375197,-0.01868493403572158,-0.009094904448874952,-0.007625447204476332
2023-03-16,0.01869410173730679,0.058991109551533194,0.07716322642057283,0.03991688242309577,0.024000851372090626,0.02160597194877778,0.04380404990690834,0.011518339875263628,0.062302048246282826,0.03630844665744215,0.04053638688057282,0.05419368529334734,0.022174103753528573,0.04346704630603493,0.015712128587167085
2023-03-17,-0.005454104044036012,0.013728115673271146,0.01283641701197058,-0.010895681300578386,-0.013080568751801525,0.001396615690751446,0.012958535081557088,-0.008099364852011126,-0.012259761962375215,-0.045478984300004965,0.011694233986697,0.007203842907614222,0.005187348893251675,0.0018255206425015214,-0.008016585645110874
2023-03-20,0.015484011430453082,0.013235019937741122,-0.010527379577363938,-0.012531560404374087,0.0021640350309992673,0.01494323994041502,-0.003936233740539974,0.018190684224645537,-0.021804786658657593,0.011246939994260297,-0.025766685299287717,0.006802682171529684,0.01993890705277912,0.00902838473249834,0.0196342930121014
2023-03-21,0.011944045607401366,0.031249989487717178,-0.009089941902801435,0.029679680207260972,0.018515294015122974,-0.005300453957875817,0.036553971331888535,0.005002351310077424,-0.024005513030351255,0.021990804326507796,0.0056936938097353895,0.011544615099430278,0.007129860787881359,0.016253749678349028,-0.004186165566139599
2023-03-22,-0.009103371018667428,-0.033429559416432664,0.017200057548523606,-0.018984232685839597,-0.011500823156281759,-0.023879835479319378,-0.014773090826979862,-0.019909809379278,-0.011595193062673315,-0.01162453726849344,-0.005442127394953422,0.010267589077873618,0.003653776777319484,-0.01478207457706504,-0.011714664618643122
2023-03-23,0.0069693529299446055,0.020154291330454654,0.027669572633507666,0.00010133876939955044,0.004986413100018794,0.005458890440581676,0.021573023868957986,-0.005481686335684133,0.031994416265800574,0.022371193172416204,0.019721743393699365,0.02731592478056366,-0.001365382104478896,0.017873195423588673,0.022459325038456157
2023-03-24,0.00830576962222973,0.016151738360645318,-0.023234960704204943,-0.005875816395847999,0.013977699514283959,0.015684779515783065,-0.0015151371582887707,0.015562880112341304,0.011367521591909346,0.008468896179389507,0.010480145004749808,-0.015152257459113083,0.0026204470175390515,0.004913446205772054,-0.004271342910061149
2023-03-27,-0.012293374885570807,-0.004827175164928477,-0.013680412247472518,-0.0009171134251457769,0.006313732517278403,0.0005939991152250634,-0.028262624880801335,0.03208544477851927,-0.006130756457431996,-0.015387554700575179,-0.014933795452161558,-0.009260833401493307,0.0242016426185645,-0.009298019079098219,-0.013703732701737414
2023-03-28,-0.0039803247966961885,0.0006699718721403514,-0.021219366926886862,-0.00815996577200262,0.005437840686793871,-0.0029679836446162566,-0.013956624297605136,0.00023196784363066492,0.0037697625397845602,-0.01064882589041416,-0.004161064565544104,-0.004560634108814465,-0.0032172563408984223,-0.01828456566842629,0.002485063839085866
2023-03-29,0.019790685590344026,0.015425843223826563,0.016180190554138107,0.0309543624265336,0.02256864003089376,0.015479091730471017,0.0035632073132221276,0.002860953861619109,0.07613496291932398,0.023271040417412348,0.019183815914720626,0.02173403786846162,0.008569929758132533,0.030904753708896893,0.02000119776758935
2023-03-30,0.009889743879360813,0.007226474859982179,0.01862837947493512,0.0174563591022443,-0.00020327067649583697,0.0050812656833865155,-0.00493130239812456,-0.003777801932708269,0.01808393817102627,0.012125479773576586,0.01262006258690307,0.014786713355561476,-0.0012138352077424308,0.0184668148600291,0.01767562530906419
2023-03-31,0.015644220314077195,0.00908615154794612,0.0013282068498214894,0.012647067799287592,0.01617495033462779,0.016527202006452413,0.02814941255194392,0.014471529868445687,0.01807396456712751,0.019726819542852603,0.014961906909617628,0.014388383257197157,0.026626745892244674,0.0014128427223250029,0.009606916276398758
2023-04-03,0.007701671230804452,-0.013727089840798956,-0.014794455117154937,-0.008519675143944028,-0.016468063281135703,0.000573888643955911,0.006073342391504033,0.007399381313982101,0.006734170070558543,0.005331550557456488,-0.003711345579962888,0.006768167621346022,0.010761936941222627,-0.022260532702341518,-0.00994545167747185
2023-04-04,-0.0032496879639397624,0.013339316731571182,-0.007145762525449739,0.015037527888523972,0.003613237514375145,-0.0019260476855657016,0.003449731374101983,-0.003483181417080372,0.006384735670232011,0.0077438563049121445,-0.0001742903906808424,-0.018308545587208958,0.0008520797810576131,-0.019560627513465434,-0.02041724092027286
2023-04-05,-0.01129012794355777,-0.008126716688080071,-0.03452597364305687,-0.027417013542964663,-0.009584054174170298,0.0,-0.002387245483718714,0.004103410501981042,-0.008156849557371615,-0.015089260886012923,-0.009888860968009006,-0.020835492985947224,0.009468012825558425,0.006050625380351393,-0.01773842805129533
2023-04-06,0.00549579059113392,-0.0037170382466699126,-0.0009723027254149308,0.009495540049077267,-0.014131517492347645,-0.010613584347496041,0.037809754124093375,-0.012411235723542746,-0.0006094137580126002,0.021846136937405225,0.025532598028393805,0.005803251157344036,0.010854603060772572,-0.00032514244057824104,0.005192155950160204
2023-04-10,-0.015972311222848812,-0.011429337976238796,0.03255112032545915,0.0010778033801970288,-0.005504841283955564,0.0011701821900882425,-0.01826220404584067,0.004061359733629644,-0.00883855244410292,-0.006247147687446275,-0.0075786523941302475,0.02004651442265204,-0.01842555104069532,0.010487804292716119,0.007298252301265018
2023-04-11,-0.007591185064456996,-0.013661168500830545,-0.015186473886224738,-0.022022120390757682,-0.013577662902366838,-0.013832065327821219,-0.010240671508631727,-0.0046555010493976035,-0.00522777344480263,-0.004190922694682464,-0.022668434282074323,-0.01486632009979949,0.002239726627648597,-0.005792780636300732,0.0025080031348627685
2023-04-12,-0.004353188948423181,-0.0032873561781672223,-0.018079304161561782,-0.020916697119598093,0.0075704838076766645,-0.010075133875286135,-0.006739573442610225,-0.014414998532901069,-0.010200842412491418,0.000701222799544654,0.0023334572382891494,-0.024807575883134758,-0.0007450196906501061,-0.026705714590948948,-0.012898302051248756
2023-04-13,0.034103680445517925,0.02408816889258225,-0.002599431261825602,0.046713683014299345,0.019440819718487434,0.013769737412340444,0.026663164353077695,-0.00497877746564046,0.0034354053769189985,0.029673048583086725,0.022399288074968604,-0.0012079290642303953,0.0175720755031894,0.007150714433997285,0.008786364201353036
2023-04-14,-0.0021140153254647354,0.0015311961682553665,-0.0036920007754494,0.001074224694457282,0.003247045476638011,-0.005117950605315169,0.013403877998215075,0.0018764002981086492,-0.007469735055953053,0.0051735402823960275,-0.012765253260823006,0.011147621116663009,0.00167441105297228,-0.008007965454869037,-0.0007257254994167406
2023-04-17,0.00012116933282957376,-0.0038483616328939263,-0.020490433279759857,0.0022436418178335416,0.012484090452357544,-0.005144608035410503,-0.026637140700204287,-0.0024972256741552235,0.00783945665389596,-0.01187417598840912,0.009295661966061353,0.009118816540254038,-0.0012537919333529546,-0.006491320647028953,0.0059784801487197115
2023-04-18,0.007504555489956211,-0.000979110980150244,-0.0010014906479857144,-0.004282604839014548,0.007205077178295882,0.00059681832041103,-0.01387196915661526,-0.0003129846646845458,-0.009645300083062414,-0.004431949166531224,-0.0014886459847645028,0.024627832271847394,0.009206154893898422,-0.008544191902888021,0.0014994425702063996
2023-04-19,0.006968299301429504,0.0067805526191608845,0.0017821749196356151,0.019550341547772243,0.002115945657936047,-0.045120519627605105,-0.0030620987408073175,-0.011425983486890057,-0.021363479806950303,-0.010051052133421945,0.0002771758849815509,0.009542010704089998,-0.006841610501431394,0.001520821039689313,-0.01796805554255987
2023-04-20,-0.0058463143337437184,0.0003946868533952763,0.001890128578282635,-0.0046980391066805405,-0.007088488309655694,-0.03039127583379253,0.01065454959463441,0.00031670127833072215,-0.009309751073098171,-0.012192841847939229,-0.008112284497939992,-0.029608654169936632,-0.010228557909179203,0.0008437482426235654,-0.0025976463683163864
2023-04-21,-0.009781137484099145,-0.006811119421910816,-0.018643882963005898,0.03034391291745231,0.007695999114735619,0.00966079331470171,0.0011397535526924685,-0.004985656882036893,-0.018146537194974388,-0.0008447357244322218,-0.0012230578744814036,0.0005533380273397004,0.003374331876851988,-0.007417522437616619,0.0022648055164655734
2023-04-24,0.0018788791022843476,-0.0008738239153500693,-0.009725213246451037,-0.007011967150520215,-0.020650209443957457,0.00765479048047446,0.005312648595853231,-0.002624842642584113,-0.02112208377386049,-0.00046975866248133435,-0.013962913616188066,-0.00283916078396218,0.003047983018118261,-0.0034816685828620297,-0.006327087611510573
2023-04-25,-0.009435631474034478,-0.020538506586140537,-0.043051235082843475,-0.03427172037496595,-0.0218036361134325,-0.0063303868488781,-0.020005636413555905,0.00390764586076231,-0.02629803304198508,-0.024625273319772822,-0.022536019096999205,-0.029620672953339366,-0.014459478954824911,-0.028120872939085384,-0.037009657149560615
2023-04-26,-6.12119763171437e-05,-0.017668223826401763,0.025536984626679526,0.023496184744855597,0.004457779682811802,-0.011679852043192218,-0.001348187358760855,-0.00031785066094258685,0.00588640574003052,0.008913576348255736,0.07243480114241874,0.027247266158089367,-0.003721028359381373,0.0009643887206924884,-0.02910425275374906
2023-04-27,0.028395201898349764,0.023026540862000067,0.01745403720488259,0.046103983455159314,0.02307861703042491,0.0004298826069175643,0.037411904408490404,0.00889953436352764,0.027883111510246916,0.13925493921687626,0.03202766742739804,0.010016402000968982,0.014192871622356495,-0.0021024592639539152,0.004925054653579508
2023-04-28,0.0075409681622375935,0.016531107395627798,0.022072281007415206,-0.039792412663683385,0.01240166065305126,0.014819439321547279,-0.0023235652830344566,-0.004410448550816626,0.040187317428171276,0.007377710231447399,0.007971650601863889,0.019209709262931973,-0.003367042704703227,0.025281011490936978,0.011677630588274424
2023-05-01,-0.0005304412944666659,-0.009031686842248643,0.0035806163700320415,-0.032242712137328766,-0.002923871815080803,0.0019047431211813848,-0.0013042815125535734,-0.002531469154496868,-0.024468722641020957,0.011900712953906822,-0.005532946971602892,0.04183934364827535,0.001583829680909643,-0.008219330794473012,-0.003109681983148871
2023-05-02,-0.0061914311426208846,-0.014673233526482199,0.0024529068426200062,0.015482549283793778,-0.019970611971207197,-0.020701164506414016,-0.01753713178750982,-0.007375654489172767,-0.017491665161247894,-0.01620192286390132,-0.0004907878405109312,-0.024213131566823032,-0.0007379517279080261,0.002330893433647452,-0.01643890971840023
2023-05-03,-0.006467278598510262,-0.06350025343016463,-0.0922033208527272,0.00019303553981586674,-0.0063455663798375195,-0.00862816114491749,0.0008544070881804089,-0.013662553457090332,0.029559884544255288,-0.009237600987804462,-0.0033070125477856482,-0.014463057965240944,-0.00021116638472107319,-0.028249165287248523,-0.0035987308573958154
2023-05-04,-0.00991317654411128,-0.02728461528670345,0.0611369480011259,0.0033767339022539034,-0.0011938860846991695,-0.005657097142286127,-0.006830370860199886,-0.007128442248562572,0.023423443757192297,-0.014808257774823974,0.003317985166364057,-0.008632303495976656,0.0020047470589457106,-0.05539282772124576,-0.006427816971601774
2023-05-05,0.046926795186406745,0.03742967521309737,0.03729356546330531,0.015961573674128537,0.027081661577266214,0.012035012534517886,0.008405652891266602,0.008811436128695282,-0.008002514892771595,-0.003168862384072879,0.01715730595545195,0.04056296867075271,0.02105929860407807,0.020641620777977154,0.029554177790590108
2023-05-08,-0.00040357697206405696,-0.012456935746044007,0.05788073007126315,0.0016089169321718,0.0015689322658214433,0.0019458366229443413,0.020839185832302043,-0.002021779411154778,-0.007099045752699595,0.0021050515550493643,-0.006438161420253441,0.016422594211967567,-0.0018561687593890985,-0.004320697824243935,-0.009649244772568455
2023-05-09,-0.009970795164015667,-0.004098133093398237,0.00021040238713987414,0.00746481056277859,0.016573992804147064,0.002805443830478982,-0.0038970896921280973,-0.004682329707560773,-0.021774453233559088,0.00042858545551860416,-0.005345835012084965,-0.019896508207589925,-0.0067157424900019524,-0.023451229687963426,-0.007428927231015514
2023-05-10,0.010420748335400853,0.0039982347631424275,0.02061854759952575,0.03348339526223332,0.018242539222821152,0.005164571014194319,0.04098743312944819,0.007014918840754447,-0.004318940249638081,-0.0012426621754938472,0.017296473296352533,0.0109902775869406,0.0143539525157097,0.006523735161454214,0.00030672363686723436
2023-05-11,0.0010946574254322439,-0.007092618217917845,0.0008245911546360674,0.01805969525073481,-0.006736663241326046,-0.007279002048338201,0.04313197241296085,-0.009178553931081579,-0.03703712602770237,0.011626809624704082,-0.00704441517249399,-0.010628298763538768,-0.0008202119749809444,-0.022543788676001708,-0.011530340412239104
2023-05-12,-0.005417453633602465,-0.01794594123253035,-0.01894949914320565,-0.01711533396079623,-0.008158553061263563,0.007332374416736842,0.008063839327778544,0.01604606027423694,0.003118547351996348,-0.00839719304091191,-0.0036759669137738094,-0.008328014797334138,0.004207800127581152,-0.00422820520174827,0.0044055330178633945
2023-05-15,-0.0028972879415922748,0.030466540017281663,0.022464826177392316,0.008525256609829501,0.0075319412551349,0.008349396373484863,-0.008509981334778205,0.004233107662464652,0.02936098645890617,0.021598748194815665,0.0015859170645728948,0.021630104170523357,-0.0060298064100705595,0.02567066519884298,0.02087946152031339
2023-05-16,0.0,-0.0016201233963528683,0.04188913518621096,0.01978421437062372,0.006049323526851946,-0.0038217949010111996,0.025748869903002403,0.0008106774787883797,-0.019463042802732478,-0.00016748659269505417,0.00736757729789872,0.008980153186149975,0.010178979208780747,-0.02342861807143992,-0.011375945086815054
2023-05-17,0.0036029539042565784,0.0333807192495883,0.022368905872836686,0.018518504813616277,0.02356265061493512,0.015132317336036927,0.011128869012062115,0.018224549287646052,-0.011978147387508242,0.015367261527363674,0.009451540305505102,0.033033239524713265,0.015470819148500015,0.009827590170577105,0.011996606217173245
2023-05-18,0.013666318338871442,0.010655266637526584,0.04028915956795931,0.022943736154795724,0.01881748909020664,0.011967303410023389,0.01646800891491651,0.0035001263583522846,0.028056798247358516,0.017980148519518124,0.01439511849384223,0.049705036243235856,0.025759321411675806,0.02051314948990557,0.027035503332488053
2023-05-19,0.0006282775084429648,0.030019719624031715,-0.019549713743958752,-0.01608126535201726,-0.013875897860561426,0.019294585806801656,-0.0005699310756250853,0.008799110288715717,0.00842326322286091,-0.004901870611443093,-0.0005654170345391618,-0.013069019501655177,0.004885484942834584,-0.01028414499346586,0.00176663550543954
2023-05-22,-0.005480549583148586,0.0021548492739897895,0.02060102354434612,-0.010666648290490577,-0.0004755122271726808,-0.006309840387246246,0.018654364935677625,0.0018857624472936596,0.011693936261463422,0.010910366976070174,0.008921568059818696,-0.002814807904521488,-0.010404458798164207,-0.005479032941429818,0.004408750807349149
2023-05-23,-0.015155255074438156,-0.004381062810681735,0.0011111365424261166,-0.00017393506729301844,-0.017216504846197855,0.0018434032673879663,-0.01991217427662695,0.005333398372097342,-0.02542941981260438,-0.00636285092318889,-0.01843215776582452,-0.015653088485447886,-0.03173825324265622,-0.016337308046346366,-0.006555287985225422
2023-05-24,0.0016322281086129653,-0.01258032366822559,0.0013872909052354832,0.015305697616548875,0.011710888235446193,-0.01022272966947757,-0.013544189878910928,-0.01950384720041176,-0.01728217025500578,0.010010675883290077,-0.004472505905372515,-0.004887769390954588,-0.0022325769175789434,-0.005214336737982106,-0.01572991169982285
2023-05-25,0.0066922330064742575,0.0719050390714433,0.11157293992424155,-0.01498929336188437,0.004066022807328151,0.012807287148643764,0.02133997855522951,0.008593282416816006,-0.05517254801557114,0.013964067074760944,0.038457882393739595,0.24369649023239814,0.06072010822435736,0.009706681617165813,0.015263132418214198
2023-05-26,0.01410494660579431,0.059506241991334585,0.055504780971078915,0.04443478791610045,0.02634456562081877,0.01692838405826924,0.0091511807371909,0.016803566914083135,0.05839431093972958,0.037001832282913316,0.021385730954152526,0.025434276142016765,-0.0020135848723704663,0.06085376221269212,0.039323130901593784
2023-05-30,0.010659522804268295,0.00438136869558825,-0.013855011832978992,0.01290486257498391,0.01592085806410748,0.006217291384312595,-0.00754354967667592,0.0045775152321383406,0.034137941101167746,0.00183181426211676,-0.0050469190801881725,0.029913368480613878,0.010280576234722227,0.051200836137039074,0.0014748943145954652
2023-05-31,-0.00028213904506801946,0.0013902281865803001,-0.056358248166238134,-0.00887721353399118,0.020605920824560142,-0.009965989773547679,-0.006468767463758351,-0.006873736655469531,0.04834933577826184,0.008380307555481359,-0.008514155423587466,-0.05676768545044186,0.007513114913487051,-0.015538186995454728,-0.015123260940218652
2023-06-01,0.016022478328608925,0.02144616020446244,0.010659014854826898,0.01816217265513176,-0.04691563235947127,0.0014092315428986257,0.006917819083160248,0.009565210343909447,-0.00986007353317142,0.029804971232146205,0.012759184612341823,0.05117115209301759,0.00047195438752511976,0.021338555681008398,0.011099713210064532
2023-06-02,0.004775498393189137,0.022542460731546532,-0.013476191461464282,0.01205508998453797,0.0006106304973150234,0.005629411817842156,0.007678630786852381,0.02002779532402288,0.005782285642084828,0.0,0.008479082584474051,-0.011139143806574325,-0.0009435383338545211,-0.0018129266138723343,-0.003298977555048155
2023-06-05,-0.007571151146232968,-0.005018682461928048,0.0005939224033744139,0.008450728786783213,-0.014880600409204359,0.0037983039709443833,0.010748328576624333,0.0016613520242205748,-0.046311037972414315,-0.004475263017268416,0.0016101375234600646,-0.0039666694789423085,0.009821422017572079,-0.024995904562141735,-0.028362777305382836
2023-06-06,-0.0020602703165640834,-0.002971067412373851,0.0534215469808772,0.010454888481148839,0.014247504898483587,-0.0079664069612142,0.01031664418309819,0.0003770747188349688,0.036838482032542696,-0.0009949528631013616,-0.006727305375846315,-0.01319864184324282,0.001589892570436069,0.03220080359346,0.0005871911493546822
2023-06-07,-0.007756296400413976,-0.033657526926444525,-0.05151735774723143,-0.04249267220189956,-0.033450725924071945,-0.0006024497395468176,-0.037781789977104796,0.012736343731102995,0.010335993657415665,-0.027736540338164417,-0.03086798284926906,-0.030401102988222295,-0.017273623876752353,-0.010140733140288516,0.00962670131200638
2023-06-08,0.015465134814926174,0.0495075327320571,0.027327515663794877,0.024911297199049942,0.01847099343120928,-0.0020087634772100182,-0.002938638016145023,0.0002231527201428385,0.017263358883354174,0.0037176258114788308,0.005813409812450043,0.02761856631661508,0.02118788650440262,0.010157804083525068,0.0013373348895662218
2023-06-09,0.0021598547894818854,0.034097900513237134,0.03197021907990205,-0.006599595129369917,0.027585388398614796,-0.0004025445977041686,0.0007367459925295972,0.006621617548796532,-0.015084841260870618,0.0013984873205290516,0.004704006872227717,0.0067514012651235245,0.02205050226574512,0.023721600154531286,-0.009522177226491513
2023-06-12,0.01563866585552387,0.045440539389454804,0.034181911103505325,0.025439515368102628,-0.007523906522485357,0.016512231535495525,0.011535556599768348,0.00827796849585205,0.05520109003555307,0.023023237033779287,0.015484087692083648,0.01836455477868615,0.059899754566845154,0.025438643447364573,0.02022386309843327
2023-06-13,-0.002611645267485252,0.009186071901710058,-0.036070930985723226,0.0007111003199982147,-0.02204126243459903,0.006339136640214793,0.0015367946718807257,0.008649822588751466,0.025400512315836732,0.000996087205901608,0.0073525466279145135,0.039005235703462704,0.0021472999246381352,0.01874900162753046,0.019363492782583647
2023-06-14,0.0034915087082185714,0.0011273900414028315,0.02248456660406961,-0.001894879884926648,0.0020097600789019676,0.003149520664051053,-0.0012920818573357584,-0.002907126601344512,0.04924818623897065,0.007481828435010218,0.009123881931269118,0.048144829821065604,0.04790864579213072,-0.008277796814216365,-0.001634801316712453
2023-06-15,0.011198552841741316,0.02373158073901882,-0.024267681794154616,0.005458016543269828,0.012034300138667131,0.0190347047012438,0.011482210064813314,0.0087463790807778,0.00674527493255761,0.031022532652022594,0.03189661183812387,-0.008000363394284005,0.035004580260420415,0.0017017785099866511,0.005476600046074864
2023-06-16,-0.005859930468069874,0.00869810959609385,-0.03348354881071658,-0.012744888197649074,-0.000754969950262252,0.0026958833522332526,-0.012471133771318588,-0.006647390156227173,0.015354429364604405,-0.00294507260984167,-0.01657559958664201,0.0009141995659478486,-0.008613048930827039,-0.007523418249155922,-0.007468225841556264
2023-06-20,0.00048680619657925916,-0.01882145373817845,-0.009576961262016681,0.002310948445805039,0.02460333214776944,-0.009986644312375392,-0.003480837108176038,-0.011056125786317317,-0.03766827872912337,0.011850583260623937,-0.012502709162146797,0.026140920102445175,-0.027259838913788914,-0.023312975873057584,-0.01357767766478224
2023-06-21,-0.005675331971920494,-0.01724771460479657,-0.05734465380748355,-0.00755284590127181,-0.034013739768577134,-0.013578943401202581,-0.020714932375106354,-0.016696127135703676,-0.060000031139614274,-0.009460773380165488,-0.013282010516784792,-0.017417084777384684,0.000491773788476646,-0.03388384915209164,-0.022252682328269824
2023-06-22,0.016525160175199227,0.00020938171994044907,-0.012576965965863884,0.04261789623803569,0.017653179875723124,0.005309681949241307,0.021567883542763733,-0.01884962114989852,-0.005775026217852419,0.011504144640147373,0.018437452908938612,-0.00046439155649136143,-0.012448746235966701,0.005528520526882685,0.012611411044511467
2023-06-23,-0.00171126474230332,0.01495040589888097,-0.006233015637157835,-0.006300361919969633,-0.015002851070070045,-0.01545370906514787,-0.006577520938745862,-0.013265363461565705,0.008865650797458713,0.013514505083217054,-0.013805833856584626,-0.018965928026907775,-0.016089044600047453,-0.02551545656123133,-0.02867414695482129
2023-06-26,-0.007553014823893922,-0.010748455689794989,-0.022725206358092165,-0.01546431587167707,-0.012994605044114205,-0.002384405396860134,-0.03269571491405754,0.014757263876018278,0.010303203157934648,-0.035535027817151676,-0.019163037720248632,-0.03736176487473608,-0.015677667676684992,0.028211068070632228,0.006381145878257
2023-06-27,0.015059143202749148,0.02035406779686899,0.026788179668795875,0.014529104045574393,0.007040944014703454,0.012945722027198903,-8.435921598093366e-05,0.007613643780707502,0.022795476069945586,0.030811106374548425,0.01816815590626919,0.03061635312891209,0.009076905324592932,0.02709429854800982,0.04480023146154544
2023-06-28,0.006327880834989585,-0.013980003865921797,-0.0019929452116996815,-0.001083754432466999,0.016042529517950932,0.00019647988535131944,0.015634180814939835,-0.004382547516972424,-0.015542638552437205,-0.006131374868312722,0.0038256607229427697,-0.01812471808194782,-0.01111666083015106,-0.018782773495971017,-0.007656917521851159
2023-06-29,0.0017964688223583991,0.002777597492349848,0.00971226025785521,-0.008834406537251538,-0.008201017478101202,0.006683665407981154,-0.008986611956027013,0.01745598990439179,-0.01966030269524177,-0.013179449709900815,-0.002382158054745176,-0.007174821196510028,0.010726671577127922,0.004423911861227037,0.010459298463135536
2023-06-30,0.02310263694597081,0.010790254334184457,0.024002210082830766,0.019233769000189582,0.003944391537162639,0.010349819327618803,0.005037914256707854,-0.0018649016752894099,0.01610429357150589,0.019358505846283958,0.01638579092536352,0.03625488697277901,0.011122526715915848,0.008300865883723363,0.018270435748467317
2023-07-03,-0.007784771085436848,-0.007730217089893965,0.016767588195155003,-0.0010739443770555468,0.0018459653830240619,0.0015460697921698685,0.0016707797956212467,-0.0010462132694789572,0.005382851908134034,-0.003345240777094749,-0.007488290401349018,0.002624042999537224,-0.016290211800525256,0.008820678915986813,-0.0014441484179427144
2023-07-05,-0.005871443422569178,0.004225012564970321,-0.016145767151695134,0.0012287180203460757,0.01025295266437265,0.0015555650468002113,0.01542952856586366,0.004264434419513741,-0.03301597074709961,0.02919387483160607,0.0004734151337748571,-0.0022632862971103673,-0.010157872943924007,-0.024648176460229654,-0.01796865874861142
2023-07-06,0.0025087245745187836,-0.012252187951099724,-0.004124559928878946,-0.015493205988729275,-0.017210807049873877,-0.007765584795556002,-0.013470115482878908,-0.015494795864990807,-0.01661032828717457,-0.008085172602904755,0.009226672495484589,-0.0050570916655895415,-0.0043981857347050735,-0.01630675687700911,-0.009686695454824812
2023-07-07,-0.0058912604580521055,0.008269401811981547,-0.0027318045366390153,0.011062622017709689,-0.002617095040018058,-0.002347795219778459,-0.005245218280223285,-0.0006054726177695535,-0.00375347057686215,-0.005000085401256182,-0.011867265603173527,0.009500443507751921,-0.007275833712894864,0.006249010131098354,-0.0064067992868563906
2023-07-10,-0.01085588701256679,0.022832685599132763,0.0036229006692860555,-0.020419182854096718,0.01536309166722205,0.008040578621078431,-0.02535992288524025,0.006208502050697451,0.02794346497988065,0.012287842577269004,-0.01598362368037165,-0.007599473536731738,-0.0020068702781889103,0.010177607535653443,0.03304591842783844
2023-07-11,-0.0028098782495472596,0.016903362602376237,-0.01989788783057178,0.012978852839820476,0.03928390272054472,0.01400777722510771,0.005925238120953136,0.011587651491302697,0.017104436717400473,0.014246883523669762,0.001928625238347914,0.00533412542670475,0.00789613407500167,-0.0021345440647667635,-0.0034553429281594106
2023-07-12,0.008985405903451982,0.005190781725004312,0.029284963574986778,0.01568569880112225,0.027625932949085552,-0.026477152798606074,0.015280877465901677,-0.011901147204499751,0.02042052741203726,0.03704434178803795,0.01422674619640385,0.035302393001569676,0.009923472852243043,0.015487349352679036,0.01985235011814135
2023-07-13,0.0040576207255498264,0.019552278917776,0.011694853521353687,0.026758409161619312,0.013595401904763271,0.015569527794875526,0.04717066732283226,0.00813004529471928,-0.0032373328940674684,0.013157165358656409,0.016192190287001917,0.04726461196970155,0.012325441633671552,0.03741148586285048,0.004112461070115758
2023-07-14,0.0007871151850866731,-0.00473633635221038,0.0001725696409327071,0.002829408900884234,-0.004514454265360124,-0.02231713210337416,0.007065905227328528,-0.0038829399538781173,-0.021257706756202643,-0.014485847782885974,0.007529483540827497,-0.011049065595758023,0.015496011044113578,-0.004548616572139119,-0.01239620946178921
2023-07-17,0.017305592325784103,0.013926893677811636,0.020527835115587312,-0.008315972513331604,-0.005799600197024746,0.008535176716669257,-0.006139287450623088,0.006297013075363456,0.0368025157802816,0.005665633437513362,0.0014192854149037704,0.021816873231743417,-0.003186138307069264,0.006853902215588681,0.014099960411938062
2023-07-18,-0.0013401330609678075,0.01959766373323757,-0.0032961408946444726,-0.005465676406731013,-0.0016226066075961665,0.008462943994136163,-0.007140005650057679,0.008343207139567932,0.0037822578279667063,0.0046039610338768355,0.03979959918753195,0.02223384905464809,0.015813089770844835,-0.004375964175084457,0.001526722017453075
2023-07-19,0.0070717757605589515,-0.009507163715462341,-0.01271940978646946,0.019046892602732513,0.029609331857273213,0.023223943320127782,-0.013978633856453815,0.000886210409560384,-0.0011594993652482843,0.012690303498051447,-0.012267320988671337,-0.008780176500033043,-0.017222898430290567,0.012697384223260277,-5.4237567473358617e-05
2023-07-20,-0.010097623952727619,-0.019519279095785436,-0.05307910580586894,-0.03989357175040831,-0.02649654160116055,-0.0011444218295392217,-0.023191110710234275,0.02140561537212715,-0.03163074883618955,-0.04268858607630388,-0.023121559681860027,-0.033073266392015466,-0.023675232633409315,-0.02973799770252883,-0.02041713048379523
2023-07-21,-0.006161362713396623,0.006481147566729684,0.00634917866886342,0.00030773533446226686,-0.00043841494627583355,0.004964843136202157,0.006879106006149938,0.004046890777799739,0.019478588774551886,-0.027304129715401415,-0.00893708305417984,-0.02660384337166799,0.015274565623401681,0.03313457262039754,0.024455288686852317
2023-07-24,0.004219967105393074,0.006977692595766305,-0.003064410520436822,-0.009230745755709147,-0.010523442753723855,0.009120189729695527,0.012581420385425757,0.004318270601220142,-0.01146385357516877,-0.009005612147590436,0.0038978477279472123,0.006838323318169248,0.0035697992524508226,-0.004971125438668067,-0.0023328377457344507
2023-07-25,0.004513373633806328,0.002825261606711482,0.02160744396040415,0.002562125956798944,0.0016397073744527368,0.009226136194544265,0.005595352512085094,0.005661444680559624,0.013975672350710955,0.009807761456728459,0.017009513114262464,0.02391726408493322,-0.0010162763532668428,0.007816084804106671,0.011909349164147542
2023-07-26,0.004545037909412075,-0.020539152759948665,-0.025752244797428103,-0.007589335934878205,-0.001990909120252349,-0.007089561436754543,0.05776928274886228,0.005273581133093064,0.007624524772771091,0.013923290228448959,-0.037637655920145785,-0.0049693787866516015,-0.020771569027131953,-0.008395213067010077,-0.054170395582060826
2023-07-27,-0.006580792746713304,-0.0011272317629071882,0.009174331636187416,0.0007803832093540297,-0.0019062499634432406,-0.004133769276525201,0.0010056711756540881,0.013468170734729723,0.005529751258051441,0.04400964079033853,-0.020872317016234265,0.00985670632592095,0.007792356203228712,0.014755666095545905,0.009772850297339097
2023-07-28,0.01350790587740125,0.028990068026112148,0.01674167989106512,0.030877245332297854,0.0019986907506948093,-0.017169847847858022,0.024575109965450093,0.003357333320792577,0.06599130659517627,0.044175930601646485,0.023131353586724357,0.018518336556467174,-0.0035224448321530266,0.028843835704364773,0.010709422328259555
2023-07-31,0.0031658876455558094,0.03271122951328587,0.012747897070443548,0.011118568090654923,-0.0026152020661251996,-0.000959830434448361,0.001055803750779738,0.005089103546284113,-0.02878089111672355,-0.021138072811061392,-0.007240416562148244,-0.0004491716935497436,0.01069061340811639,0.02077555846246737,0.009138074664817752
2023-08-01,-0.004275728109153443,0.005364616817953527,0.02797200092273,-0.014886223394710907,-0.003288681014084638,0.011913839954914796,-0.008815646577986724,-0.005895508354544665,0.0008385583629981763,0.0129000807323989,0.0012502560913947303,-0.004750812393581549,0.005800613110202857,-0.0006809130198307534,-0.009055326415914888
2023-08-02,-0.015490184353055714,-0.034237823035609405,-0.07015306213473704,-0.026425663778747666,-0.0168101648097988,-0.0015192312200761338,-0.024097286461798206,0.005860575692818726,-0.039385418765338076,-0.02602964862988899,-0.026283058626337175,-0.04812166117431327,-0.018658376170216373,-0.021274966560000608,-0.033245522382564285
2023-08-03,-0.00732161575931034,-0.012332600750307732,0.034750828575979664,0.005459768439170398,-0.022403691223952027,0.010840835362803114,0.0005452924266287074,0.0019421820178289195,0.01395747934815983,-0.003563196865084106,-0.002564609834190379,0.005556673162215864,-0.010025033040758635,-0.08176692001657448,-0.003711487281167991
2023-08-04,-0.04801993961298401,0.005956917403036721,0.02359697863843735,0.08269337801006271,-0.004499919455265511,-0.009783651110371383,-0.002646837268854174,-0.0014539874923329421,0.011368706537120632,-0.007854797566132388,0.0034284632260261905,0.0037068172999803473,-0.0009602937375573495,0.023588795553641795,-0.01955758258078799
2023-08-07,-0.0172537775025412,0.005409154948993411,0.008547728081316652,0.01898684357254843,0.006850304003036989,0.007220225386388668,0.026695789389696634,0.013449768876162338,0.0025610891052390006,0.018762525556395238,0.007108267579578831,0.016494948896137895,0.01450534007791937,-0.01777764701340734,0.0030871399669283317
2023-08-08,0.005311675295536444,-0.0172352051411806,-0.030648011955178522,-0.016031491771390738,-0.0207350377587201,0.0009430164750203751,-0.0009883912887206359,-0.001846828987384419,-0.005960755716023836,-0.01238327407060047,-0.0122989344292469,-0.016579559229410568,-0.007493467314789837,-0.014077388655048928,-0.013198470263415363
2023-08-09,-0.008954204320430259,-0.013100166363601229,-0.02437518373579961,-0.01493494570121734,-0.027034631312088275,-0.001319228259638927,-0.01324184821893637,-0.012201071670452701,-0.021130948821100448,-0.02376546799158319,-0.011715858408266722,-0.04724167749548913,-0.01848483478775942,-0.00926408137392909,0.003238767724569769
2023-08-10,-0.0012348465159849331,0.003990010658402321,-0.0021725161683491256,0.005150463718840648,0.011609882666801408,0.0071711742374125365,0.0002312793989300843,0.005333687248645802,0.011668647212849326,0.0017366247265624413,0.002172321615283579,-0.003900809676235517,-0.0009726052774633454,-0.008235403748749204,0.0017337341404874973
2023-08-11,0.00033758788543747364,-0.014307048132732314,-0.02413139418581045,-0.0010825194798443905,0.002160814736504646,0.007869702203542994,-0.001002414221771053,-0.0009076260775449096,0.006055289408924747,-0.013409857907483391,-0.0059452396002080965,-0.03616612787051865,0.0006195395513783897,-0.008649765328320291,-0.00811644754494234
2023-08-14,0.009393300390150516,0.027141287170133088,0.04099659453956073,0.015605834874352187,0.016099652786713436,0.0016730765702728245,0.01366148397332001,-0.00845425688763246,0.02264269741660163,0.015083946385926472,0.009438753738058914,0.07093396730192003,0.02220062442685955,-0.0051479641825148414,0.02575216996538221
2023-08-15,-0.011200472389161775,-0.006797487396780766,-0.005626048079355517,-0.020630355012962953,-0.015467288495066844,-0.009836624865423693,-0.01180221666509984,-0.00028209573830506596,-0.02550438961692869,-0.013847524802448663,-0.006727845786892117,0.004274113532238166,0.014882848304641039,-0.020522582325077532,-0.013608810553267459
2023-08-16,-0.004959043697839172,-0.0081164871285484,-0.037359641578097236,-0.018885675014943426,-0.008573585143580087,-0.007310231181465898,-0.008321860120630964,-0.008669775788325174,-0.03566310942451656,-0.02536855255421322,-0.0024284365847562217,-0.010332359012485193,-0.016625627132641818,-0.013699945577326567,-0.014509841609967489
2023-08-17,-0.014555112272831017,-0.005481111120074433,-0.02565537771587645,-0.008069975106044458,-0.015218226985702299,0.033421570085067076,0.009479567809934197,0.000142144328128202,-0.028332591294233045,-0.031261546289558684,-0.010986091037035295,-0.0032655002052308646,-0.00398816317063122,-0.0006355447140119486,0.00024129281580487216
2023-08-18,0.0028160531457990245,-0.006918538221942994,0.009670571459461375,-0.005672447612115605,0.0048568830490982595,0.005664059228867702,-0.01893483839640775,0.0053321947651066015,0.0052177583781449766,-0.006454289548694314,-0.0012621752444247347,-0.001038246243896812,0.013753476552217814,0.00018167854703321495,0.004404111400035493
2023-08-21,0.007736811675210786,0.024285056386619708,0.026268414913473537,0.01095925117625085,0.0205047921056436,0.007267463231708682,0.007139484476647029,0.006152252653073065,0.011908471221362404,0.023477464525128333,0.01706257416524415,0.08471348773973042,0.0011163786387156094,0.0052680166717478105,0.008769201040000674
2023-08-22,0.007904831995078965,-0.001902108267721192,-0.023655493713892195,-0.0031926989840012077,-0.01085985155824043,0.0003609115377221084,0.005530936706019007,-0.005552376751053134,-0.007543644224899504,-0.007933630590942875,0.001801579660531738,-0.027657716602458637,-0.00042883501267731994,-0.010932407185191728,-0.005001452788338856
2023-08-23,0.021948972046754722,0.021617852325652498,0.035680451565405,0.009459994580714559,0.011462574127521385,0.009376070906708334,0.02548802718175902,0.013569749059825886,0.03314081565436777,0.023087786295904023,0.014079486774197791,0.031706975969921114,0.011154900677288415,0.015529247206376384,0.016276605990561466
2023-08-24,-0.026170528858647235,-0.0344444772852186,-0.06972491302329908,-0.027154721211281152,-0.017309828003226113,-0.01321908455130727,-0.019566325489288938,0.0009763708067678234,-0.04090662339672402,-0.025455427368392902,-0.02149848474058602,0.0009974720864380782,-0.04183638223310249,-0.023927137519347608,-0.0249660868802436
2023-08-25,0.012643123125354094,0.024647278776290582,0.00442040210954997,0.010770617478674804,0.019269285222674126,0.008327132544889482,0.000770534915634391,0.0125392089039289,0.020251856062120766,-0.004359257624996893,0.009407145985936172,-0.024277322391307643,0.027898471088437793,0.01668039965239787,0.01340663281965715
2023-08-28,0.00884615907012476,0.00925605716329625,0.0035207883652963456,-0.0009004586682715976,0.010741444930318034,0.008976743727483916,0.00870012728453462,0.004609529898377263,0.01112761400537754,0.016672514666546512,0.0022291998932886248,0.01775390121952114,0.006720606853317879,0.012327854680474815,0.00530346002539428
2023-08-29,0.021810169366529575,0.0200974199077677,0.03225804053118608,0.013294308852149106,0.0011334879256408303,0.0064058379076374905,0.02717367420543737,0.0029448115279653297,0.020523624981729327,0.026631117499345658,0.014550792949454605,0.041614070067646836,0.03260857948055462,0.018803675309547074,0.011796236132481708
2023-08-30,0.019172384877404136,0.00886097630731264,0.006325511523108673,0.0011860029483812262,0.014530886482502448,0.004420015258750798,0.00973487316203503,0.0027997734219191717,0.006412012921242605,-0.009698194148602624,0.0011569213665569844,0.009839254979485457,0.0038956361511994775,0.002566636431651892,-0.008553524082898
2023-08-31,0.0011723306257274135,0.02563452009573841,-0.008162070992381087,0.021766395374215985,0.02985514096678954,0.009505181948926689,0.0021339643837763322,-0.00020435574193244932,0.01766586955081073,0.002677019631407651,-0.0031327260984215233,0.0018472898760135692,-0.006027111430304211,0.011124003961844986,-0.006913860437698038
2023-09-01,0.00846351607141127,0.006918859604852612,0.035281835834945374,0.0007970481467276525,0.00031590868325515054,0.008544174865729559,-0.003745138826083072,0.007559425803703279,0.041832593688798214,0.0016561719247540907,0.0027461472095833273,-0.017141303443779954,0.004485441877472907,0.007509006522452566,0.010532080963771007
2023-09-05,0.0012667472724194884,0.0029651157561207953,0.012151684496470416,-0.006154002858205887,-0.012819936084255357,-0.010027716994685965,0.0008107827179479887,0.0012844682015209496,0.0027314756939662566,0.012720054005099568,0.014878293171616486,0.0008042316436116526,0.025221241309392406,0.010052962626248885,-0.0005299414470015806
2023-09-06,-0.035793363073301276,-0.005204649511388104,-0.013540350392929668,-0.013914209970579572,0.013398038419171199,-0.0017462628266526892,-0.009648491538804871,-0.00047262987281060376,0.0073549897448526025,-0.0032651267762344727,-0.0020087411502489605,-0.03054978560559496,0.0028229796137688723,-0.016044642390096175,-0.009956486105341389
2023-09-07,-0.02924951511844598,-0.002633698370502313,-0.02461568879442444,0.018395430569861038,0.004106229793234384,-0.006473132440757867,0.00594949625743646,-0.0036470204121580307,0.032450067742619604,-0.0016713549397274763,-0.008922160696286818,-0.01742412934575932,0.006112682681855386,-0.0722009643933128,-0.01987468831865513
2023-09-08,0.0034918060691375707,-0.0001784901994287269,-0.004690871725100743,0.0027565441218631026,0.010021057900716723,-0.0021131923695033583,0.008280442456695125,0.0010844580722961794,-0.004452755414786513,-0.002611315922224189,0.013215760793047648,-0.014467781376813371,0.009832970852826861,-0.002443577896559357,-0.0003038440103210194
2023-09-11,0.0066225762842444524,0.007388133979338463,-0.007257957108547819,0.035231212663680456,0.0024470676246917122,0.0029999256102382077,0.003959367634458255,0.004740138037320651,0.01525920329659125,0.03246162164664801,0.01097928233884482,-0.008645542083396962,0.0030874036496371104,0.03900492944677869,0.007166435651472458
2023-09-12,-0.017060859706676923,-0.03948623211221214,-9.496901119876444e-05,-0.013067856717097759,-0.01619987539617318,-0.007916937892942122,-0.011539499365887496,-0.01401814783900135,0.006996573875845957,-0.01918342376017923,-0.01825781894497891,-0.006817561393878346,-0.13495383928298532,0.008614589555606678,-0.014170331312452045
2023-09-13,-0.01185462156879058,0.02093280302094791,0.022789873530702165,0.025632022130484877,-0.012902683641387913,-0.0019506201676112722,0.010122747814866884,0.0017089155184635274,-0.003859934500682227,0.011271136122928294,0.012930912980581022,0.013706318079522717,0.020344889398567156,0.012676344246416837,0.0053212537632127965
2023-09-14,0.008782562527130056,-0.0025291285863088264,-0.010026941233261755,-0.0008975138235036706,-9.14481506367748e-05,0.0015990544772388482,0.010167577257597316,0.005458746774247958,-0.001033397868098418,0.02183175636270529,0.007855565568718026,0.002110504992808737,0.016273375867224882,0.01242908474455584,0.010282493934202552
2023-09-15,-0.004153901505652979,-0.04214350845384929,-0.04820406566674351,-0.029919857618376344,-0.019060275448005704,-0.005854083300378066,-0.005068902766979022,-0.009229600855485298,-0.020429166349476335,-0.036603537752712856,-0.025036861685384326,-0.036879445706569425,0.0021994487679330987,-0.007892095907375163,-0.02065637187417113
2023-09-18,0.016913234494303486,0.006674295532059116,0.008670853299196368,-0.0029204620264398073,0.0018172228518160694,0.0012489289868453657,0.005895130604418597,-0.006164931262040874,0.002903856556182305,0.0074589226699952604,-0.0035128193218939563,0.0015034791133494707,-0.014924260916179377,-0.0034470488543580924,0.0012913191453860495
2023-09-19,0.006180909731976492,0.01741110369408183,-0.007424070683204498,-0.016788047695762587,0.0032558118714720585,-0.004811919307576962,-0.0012299903799448675,0.009855784235853537,-0.04343254557312137,0.008329453974524004,-0.001246150778181132,-0.010143984319835542,0.004990910313923402,-0.018004396916994736,0.0019036433587527046
2023-09-20,-0.01999221324659295,-0.010910249622283819,-0.012498811778685837,-0.01700219075536713,-0.012378207923293694,-0.006088810039700521,-0.031150176490084447,0.022591075080985012,-0.0454043687007083,-0.017701069901107203,-0.023976834449271345,-0.02943489942492772,0.0008866528158848475,-0.013547762960996024,-0.006374867266702555
2023-09-21,-0.008889408186366632,-0.04087502933396525,-0.04215662628982697,-0.04405345369833069,-0.020748257012482174,-0.03891897449448889,-0.024675088486662222,-0.016352025614188026,-0.0011530397854069285,-0.013147793248583173,-0.0038655853860347644,-0.028930838551505467,-0.030477660436278642,-0.011536345373439172,-0.010487291601684157
2023-09-22,0.004944535332101818,-0.001907021988476587,0.000936388901457752,-0.0016238050792075631,-0.010450135888450895,0.004312107535010323,-0.0014565617801352015,-0.003188925154521738,-0.013564444796662078,0.011327983204046044,-0.007886538124202591,0.014457803035611283,-0.003655149949406522,-0.002593410952167585,-0.0005608896449882383
2023-09-25,0.007380178187225805,-0.002534642715277702,0.012266115827536339,0.01665124873434287,-0.0004359130053896987,-0.001680178723722392,0.006602854945558123,-0.002926971517680399,0.0032184277941078587,0.00585129647210425,0.001671917673444323,0.01470805699966804,-0.00669543928109928,0.0255385349883952,0.003680239806765684
2023-09-26,-0.023398464258316043,-0.010359691648390013,-0.014582031310290233,-0.040298626825268746,-0.018658472512188662,-0.01439785442345276,-0.01937317832865093,-0.022119058237180078,-0.013415034027063122,-0.006216059172806321,-0.017005716480288036,-0.007366100765810901,-0.031578963500472734,-0.006429412469775575,-0.01827224209529843
2023-09-27,-0.008897388579565568,-0.0073078842161973245,0.021988335040459495,0.0,0.0011850784525155866,0.00929607238141461,0.015322553077564471,-0.0004885327069225065,0.02305660062404491,-0.004080817675215953,0.002082305496687198,0.013289948129981966,-0.0024789786812806636,-0.004830436191770704,0.0011396335868028018
2023-09-28,0.0015256913254819704,0.004118597889138043,0.04782300862649813,0.0,0.002318270864112293,0.012782001337720894,0.013559041009675088,-0.011105826049349732,0.016469103467473323,0.02089063492777421,0.002717617171577258,0.014622931481545365,0.014624367827206664,0.01749247539716836,0.006007307767886161
2023-09-29,0.003046462697692265,0.010363168663871658,0.0005838610095998398,0.009049050319664742,-0.0020666987409592164,-0.0022270938356583336,-0.010959113218418137,-0.009040826799139312,0.010517367194232907,-0.012337218868730626,0.0067273243032690555,0.009515198427174854,-0.0021667572925816447,-0.00036010979127465426,-0.000503010643592372
2023-10-02,0.014835515672727118,0.022023948069722854,0.0043765507642268275,0.01840783446134786,0.004586176266065056,0.011718686097043962,0.025294259366091865,0.0035637592875323865,-0.002531661036934807,0.022018026495219445,0.01916072104512101,0.029495066144381132,0.007458380989448399,0.0003602395170518857,0.0059115981025084086
2023-10-03,-0.007769851811747053,-0.027056600025719746,-0.030889851028438997,-0.03661366636292884,-0.019046735123538716,-0.00648138047376523,-0.012968692524578107,-0.002912004426369519,0.006486039047048919,-0.019164372782916272,-0.026134147891428094,-0.028247982457652587,-0.020522871421459032,-0.008190896616612764,-0.016880266117566878
2023-10-04,0.007308702585861804,0.022464122750688098,0.039868083440936175,0.018280939360016735,0.010208770169489068,-0.0037280802125214674,0.021218691773035925,0.004843880667859457,0.006724723522480991,0.015418359571244489,0.01777323431981448,0.012041035688029611,0.02449284778355687,-0.003085478270779096,0.00457890533647709
2023-10-05,0.007197926609906036,-0.0038192595463534262,-0.011146305718424343,-0.008188983586829512,0.0006933612943686995,-0.007109329330462488,-0.0012568882988047703,0.003189616999762057,-0.0011133545878920792,-0.002585109387100437,0.00125413994704493,0.014691089161149806,0.011860349492365696,-0.0004552594091667972,-0.018104783431261318
2023-10-06,0.014750494889965271,0.019828034594467248,0.042075542197793414,0.015878056641289273,0.026483848160653745,0.007160233790562742,0.018582891144049762,0.0036037267395818695,0.008358926128166022,0.03490902758762027,0.024736969772693573,0.02403334747869601,0.014859409393404022,0.009836167463310064,0.012184892910942047
2023-10-09,0.008451108368412452,0.004955543001173401,-0.0025176860168292237,0.0023444468936362206,-0.0006750041696498288,0.008793400417006714,0.0061054950686429965,0.0011970458438956832,-0.003592138876603035,0.009289058506838588,0.007822469194979087,-0.010685744164994904,0.0032737639163897825,0.008297281289656677,-0.001783603051844107
2023-10-10,-0.0033521142664360015,0.006480365807349564,0.019070775846009136,0.009511938819224852,-0.0016407455635335522,-0.0009274481468370954,-0.0026007141426468428,-0.0006330411979285078,0.010260596146476342,0.010930926935138752,-0.004335598847797439,0.011596371315860221,-0.005529334955978404,0.004561639485328062,0.0059980848395293496
2023-10-11,0.00790392020583286,0.03226836496990626,-0.006421471093651765,0.01814956889912689,-0.0001450382802016259,-0.003898228587765562,0.018035595296183038,0.007881251046577109,0.01235263994480884,0.018580867796516687,0.012271918177466201,0.02200943194609639,0.0030189252306318526,-0.010595684634158609,-0.002093145612509284
2023-10-12,0.005061208368331904,0.017675678225473,0.004431754849536507,0.0037927633547389927,-0.005656412931426713,0.0035408296644656723,-0.011241465889956004,-0.013893468518587748,-0.001084675348276054,-0.011164674225855542,-0.0037904107924161545,0.002969854895006341,-0.004833942097988153,0.0030597275198729346,-0.014809674071345147
2023-10-13,-0.010292647819200695,-0.01942353880661507,-0.03401052069582822,-0.019194502454286222,-0.0052994639782258934,-0.001485587291137569,-0.01158528007231241,-0.01968300586269256,-0.023615568822180966,-0.029214092449767803,-0.01035736471258919,-0.03161151583412947,-0.007882170098635233,-0.02512119166825777,-0.014516121073621213
2023-10-16,-0.0007267591294579656,0.0036080990478799535,0.013036471541754802,0.021265196921155027,0.019257982688756448,0.007253117856437008,0.012667400657902395,0.00541655772481775,0.016402477019872963,0.020528082721996466,0.014981772164517126,0.013946035257937694,0.004249521459624983,0.01702572745173825,0.01014719710932832
2023-10-17,-0.00878477419930479,0.016977224800971413,-0.012399020347321654,-0.008147882355257097,0.006282209312340248,-0.004062113675149415,0.004457314539924706,0.00797374962479891,-0.013676161738042425,0.008874469352707415,-0.001743772061898241,-0.04679452255599792,0.003035732589250051,0.015292721612762072,-0.00025915132842802
2023-10-18,-0.007394901983531099,-0.003963705175657695,-0.028248061993003337,-0.025405007278304192,-0.023875288749547585,-0.0031515773504422473,-0.012596777729911524,-0.0024942050383155445,-0.01164732598196938,-0.021697459202471348,-0.005872545834143428,-0.03964698546192247,-0.007245277306770825,-0.010873290682182013,-0.01581739462875542
2023-10-19,-0.0021609200452553656,-0.0038181026071586466,0.0022511829407421136,0.002107149015711185,0.01703852206047962,-0.008368946954966705,-0.0015221138334940987,-0.014003055000455844,0.0008417560631193144,-0.013124439166481094,0.0036655575370996285,-0.0022510988757186157,0.0008314850431989651,0.002702869093575755,-0.005796431659372048
2023-10-20,-0.014704255745607075,-0.026595113760817357,-0.005761757407162227,-0.02515573116103942,-0.02203351449444102,-0.007314177341295913,-0.015607765461759016,-0.006158845572567406,-0.021026093911638122,-0.013298685582784797,-0.014034548273974101,-0.01695936882941651,-0.05990404508123648,-0.02381374680627002,-0.020736583776950646
2023-10-23,0.0006939383980408831,-0.0010168012529265802,-0.017679947603646218,0.011104892625885654,-0.008491695776788988,-0.013791884568188695,0.006636941090137682,-0.005686763208268553,-0.030641471679185517,0.01736589252410936,0.008112098828909842,0.03836939402088002,0.01777139276702444,0.00027614900315420243,-0.010080589825191444
2023-10-24,0.0025434801850683364,-0.0015728347517194319,0.016598300142556255,0.015802781594350668,0.010990355361662596,0.01551714903691126,0.016923013073813387,0.010338400261536762,0.02186132643048433,-0.004649551285212494,0.003674255110210689,0.01600946582644558,-0.004437686760057957,0.006718167507857586,0.00410063702084229
2023-10-25,-0.013491850099344727,-0.034138896496225035,-0.05517852573410509,-0.055771610960691276,-0.03506039302057529,-0.0115071103783847,-0.09509398536890212,-0.00515260696658415,-0.050881654682268684,-0.04165729293441878,0.03067794626374898,-0.04314868835287389,-0.017151208463144996,-0.04214286178904092,-0.034917054144169346
2023-10-26,-0.02460536394730517,-0.01316342088256317,-0.024880277434846,-0.01499299533713827,-0.0041104708537982315,-0.01965662917297839,-0.026510598191203272,0.04873074933558619,-0.009442776980603251,-0.03732522717627795,-0.037514269360691466,-0.03477832996286678,-0.010154708356375441,0.008016975872521037,0.015656871545523865
2023-10-27,0.007969238164792891,-0.011977976644571453,0.029465166971098578,0.06832816082460003,0.0016308207240944839,0.0036989138989051984,-0.0008995623611173231,-0.008625380173647335,0.09286588285301245,0.029061856309589906,0.0058555791147778535,0.004314917622404435,0.0058764833369309155,0.007952985473855145,-0.006180175156340062
2023-10-30,0.012305440872093065,0.03703850961401023,-0.0025925541761776527,0.03890722509168976,0.013735405499911035,0.0001936776799513762,0.01874432620858335,0.0007717723701761159,0.004220513480892363,0.01998473638200382,0.022740299311024392,0.01632103159148901,0.0065353534684049475,0.012868739690615527,-0.009307406379924665
2023-10-31,0.0028186062675721324,0.009716466947784719,0.024121435719099082,0.002863308000901066,0.007828456958287378,0.010859112145483962,-0.003053029779702787,0.014092304982114667,0.022695575120837752,-0.004592812436204574,0.002371642102922511,-0.009256437640122739,0.017215809155735284,0.010757704971948945,0.010747137671221818
2023-11-01,0.01873873821703298,0.023380826407713995,0.09685280117286643,0.02937864429857373,0.015336498640723395,0.0011509327698302485,0.01910043328756128,0.005254174663049005,0.02164382656248498,0.03511815458654621,0.02354275253035376,0.03788628388673421,0.02272737657909807,0.017432878561943088,0.008168658450789179
2023-11-02,0.0206934027210941,0.026097377360250196,-0.001943716056026723,0.007810272439553012,0.020597305884265893,0.010730108948999506,0.008224548007776722,0.011073105859559451,0.010994902931453998,-0.0031427240976502624,0.006501546927862423,0.02790316747760757,0.010591018555337728,0.05834595946430454,0.028916489265539136
2023-11-03,-0.005181329566253945,0.008859606910930351,0.040990430250297694,0.0038386235328597973,-0.0030753902100388864,0.004928781619607081,0.01262855377874339,0.006053882675672417,0.01167109058947724,0.011998817181215315,0.012861732017819927,0.034454914574043816,0.011041431933263013,0.018404892336302492,0.01982217839960554
2023-11-06,0.014605291413491317,0.003175742731054365,-0.0044543429844098315,0.008225103459209127,-0.00024099318822012883,0.0052819865336137806,0.008907646123583524,0.00723485440067595,-0.0017098340269173784,0.0038141416909065473,0.010572626111743588,0.016575912917161872,0.009810370063084717,0.003430415111551177,-0.01817186220982614
2023-11-07,0.014450568298841615,0.03492793275025852,0.015212500655411132,0.02125376487729147,0.021309427073269216,-0.0030023973023194372,0.0055280457939139716,-0.000939929617945312,0.021607456292925376,0.009563024246708851,0.011219300897848283,0.004458936112111456,-0.0010999081822054002,0.006587177983185422,-0.006169694696452899
2023-11-08,0.005884990952999214,0.0001879448893853386,0.0012340184523080833,-0.004414580990635519,-0.0017466784934028201,-0.0024468808576652012,0.0066427200419378885,-0.005375234128789708,-0.02192430417089153,0.0030110610603362176,0.007405657587599812,0.013469617390313715,0.030645003035303375,-0.005467179075583584,-0.009345880525043482
2023-11-09,-0.0026243372940025766,-0.012933329954715078,-0.0008803457817150306,-0.010416636461610618,-0.006904027303994753,-0.018867775673185316,-0.012135924313941837,0.0017080279220749173,-0.0031645014725060205,0.0024079328158632674,-0.0069108203171267535,0.008073289158804453,-0.0013353333422598812,0.00033303300872322694,-0.01342792721143804
2023-11-10,0.023219771100024822,0.03371755599062376,0.04493786739024341,0.021052569890351647,0.01723744272830685,0.011346140656669057,0.018043614779414963,0.016368772952239263,0.028042294980602955,0.025643502976514965,0.024896928293309806,0.029499436821755154,0.007933702828706979,0.03422170244328493,0.02736110240648304
2023-11-13,-0.008583612463759938,-0.011519949407512775,-0.015178307428517557,-0.006756765374750118,0.007723602076707525,-0.0068455836471765785,-0.0037710240687236496,-0.006173525588226592,-0.016212131627360016,0.0012776053682648225,-0.0080884374961262,0.005896354716198093,0.00955164422653354,-0.0028984556260276406,-0.008968062240830132
2023-11-14,0.01428575365181084,0.023698190192006363,0.02645771310615519,0.02251214528584833,0.027406044248267536,0.017997440396124942,0.011582803696493116,0.015597531670420661,0.03086582917042402,0.02162873312049629,0.009790526549091183,0.021308066495473676,0.017082693978078822,0.028340801237622948,0.02783301209269129
2023-11-15,0.003040856946023407,-0.014925652004985634,-0.015682326463886898,-0.017832688951265996,-0.007957334616440881,0.0020688740618981516,0.007483797145422022,0.014427224525757287,0.030449278831062854,-0.010704418435495078,0.0004060566169044044,-0.01546643240328116,-0.017571041694800837,0.012248778712330655,0.01293938981024434
2023-11-16,0.009042138260298094,0.011338630339960964,0.015508490093683713,-0.0025837648398919777,0.009251692864680638,-0.09834837942463492,0.017159580011734787,0.003145855277518983,0.06747106633360556,0.004448274764474736,0.017583118401996556,0.012109368862049497,0.005348138152134974,-0.001706520817434054,0.00013180919236233102
2023-11-17,-0.00010533870379059174,0.0009965378672731617,0.006592680492829794,0.016453061783939793,-0.0010385433756234796,-0.005828692619620379,-0.011830731300948694,-0.0011108867437652492,0.010611249983168092,0.0025436165008967393,-0.016800855615822452,-0.0036782255166786237,0.0060171997101723385,0.0059829387921424,0.01797336720509679
2023-11-20,0.009278185464786315,0.016659541880827966,0.00754432110755876,0.0065436854591447435,0.017674644711833443,0.010678661911210474,0.006946966325268367,0.009549656072882495,0.021228031922699175,0.014714479121699764,0.020521839104824524,0.022536436813358707,0.013522826702949464,0.00030889030128800066,0.005950164217968679
2023-11-21,-0.004230788978588751,-0.0027909612185195165,-0.019501317707502852,-0.015260459261028925,-0.0035977562478254344,-0.009736960330462008,0.005284495251162591,-0.0028506673167553176,-0.024586456283990366,-0.008794765266463611,-0.011578002430055911,-0.00922462042860206,-0.007184384635263719,-0.01922632326207807,-0.013565734637879912
2023-11-22,0.0035145051653140413,0.014288254485807839,0.02811344722362019,0.019527539517508297,-0.002139917114541423,0.005857786587860847,0.011097411990015349,0.00792670974927212,0.0006873198653245538,0.013383381274576278,0.012812543675809529,-0.024587431723259723,0.0013784182401386236,0.0037790070540404397,0.0032588263908239767
2023-11-24,-0.007004393354005489,-0.00046791783555844013,-0.0016325571312481024,0.0002044767086364363,0.0024124654310722082,0.005823758016779479,-0.012997551218221659,0.0003222095823984805,0.006640708854529276,-0.00954615145161164,-0.0011116134499875585,-0.019295545527091118,8.596903976454406e-05,0.001960742284087935,-0.002208628303215776
2023-11-27,-0.0009474006228491483,-0.00025825863523365467,0.0027798542561681128,0.006746559883569869,0.0018271324218217533,-0.008891762692606386,-0.002048566453964118,0.0025133146592444255,0.0027299703681609166,-0.010436764936911591,0.0031264661749825784,0.009753800355191355,0.0018924433477842673,0.003522467510865601,-0.0064458563087866905
2023-11-28,0.003213874323179322,0.00653993841980971,-0.00521809524407868,-0.00473835354015173,0.0005785391396435635,-0.001669077128212293,0.005791434333311862,0.0005141617336503757,0.003402821603080586,0.012817264054182598,0.010802691046503554,-0.008726747040791683,-0.0019746680500927205,-0.012558365329895071,0.0019659522846571242
2023-11-29,-0.005409619893681383,-0.009513560620711403,0.015080700808743241,-0.0048288883967405605,0.02414180299357893,0.004179626175029982,-0.01610758541730506,0.004882765283753088,0.01605241038310279,-0.02002983110299339,-0.010060233446776534,0.006670611475782184,-0.00025804261029371833,0.01685350161839172,0.0019620948997063348
2023-11-30,0.0030628333090496618,-0.01033383231253826,-0.021719780744073214,-0.001571972217158657,0.0935532340167824,0.006868058507193853,-0.018223846640703867,0.013745935873870296,-0.005340446014080458,-0.015201786786134153,0.00015848835287157748,-0.028458620528412193,0.0,0.008912405048470129,-0.003198332307371987
2023-12-01,0.006791164028944197,0.0023894222912321794,0.0018982809556564728,0.006434406632690459,0.032155560015674434,0.0018601297337328404,-0.005055321398893642,0.012550304120103606,-0.021476478027801837,-0.007122133126157726,-0.011612235365365708,-0.00010680159458786864,0.008174858861558887,0.00480428088727991,0.016370736582810297
2023-12-04,-0.009464428769423328,-0.01291487505167066,-0.02323090624436308,-0.014894936132684111,-0.035922986018397385,-0.008665221335443452,-0.019642118309185608,0.0034258821641455217,-0.03177881690312134,-0.014777396025247524,-0.014338784105399127,-0.026836542109248684,-0.011778834165279917,0.0021594432625506865,0.014238698748720191
2023-12-05,0.021063117992514035,-0.003870628002048626,-0.00160244953947275,0.014084566393959497,0.001436225061520524,-0.0024973207038567757,0.013305702483049187,0.0018001123578543776,-0.010153464904585796,-0.005405800600858268,0.00915650908491461,0.023293752236424714,-0.010796306776851283,0.006156216378742085,-0.0010797792214140012
2023-12-06,-0.00568704846158008,-0.010826539824777548,-0.013177881354856202,-0.016067541747663228,-0.0075291821900072,-0.004798714344484201,-0.007405474838144022,-0.006877799381126315,-0.015505660998874404,-0.0026392464369641155,-0.009986065741140138,-0.022827844414328058,-0.021828415857064742,-0.006042043587711987,-0.007631269976344224
2023-12-07,0.010139284777785251,0.021957389326522136,0.09887001757007385,0.016329923474831087,-0.0011239725735489037,0.011739962150168148,0.053145737391571135,-0.00037428944209549897,0.021322994593799605,0.028791903215479975,0.005829679520310771,0.024020479084330137,0.00749804625253736,0.022929861171990362,0.010445355567995085
2023-12-08,0.007412558216677523,0.0020204021314078613,0.004284514081781543,0.0036764247561378305,0.007876162141712273,0.00248679368658844,-0.0141675576196435,0.010859996357234003,0.013048658562791138,0.018861406106645662,0.008842114126591971,0.01952950946630949,0.006556187787257528,0.0002258569934197041,-0.004122141009801794
2023-12-11,-0.012927425788650138,0.0249012347309554,0.04258459177116647,-0.010378502226973785,0.005143415926300632,0.02087619202558244,-0.01259375409826713,0.009570317770829728,0.04309130037733522,-0.022449184832161517,-0.007829380360824811,-0.018502948521298967,0.01337922089660415,0.023539353356167636,0.018722364697907112
2023-12-12,0.007920251415859836,0.013531607121431977,0.02380772904587225,0.010898597193382598,0.017255092236119873,-0.0012146999359159416,-0.005776855987792873,0.00733901862495423,-0.011225797279489358,0.02748403651414333,0.008295273287038274,0.022090432986648922,-0.12438136842712932,0.004261247243962041,-0.01281455645782148
2023-12-13,0.01669140441849426,-0.014834396643769399,0.004214823257627787,0.009221593773735215,0.003392371923811144,0.007297561961466581,0.0003773016358139536,-0.0066179580009714245,0.012034411469975081,0.0015558587463375684,-2.684090374238668e-05,0.009043662844628209,0.021625105113033838,0.015510699501050995,0.024632444459004033
2023-12-14,0.0007577777848801759,-0.06346713628518763,-0.0013749362330810477,-0.00954043404920335,-0.0004274011104827835,-0.005031092056510866,-0.004752114699169585,-0.004339032411940447,0.013686377901541258,-0.0046900312923199294,-0.02254438819337501,0.0054481963607593276,-0.026022108137051747,0.019452496444037903,0.043075143877735256
2023-12-15,-0.002725965530510188,6.838058692881788e-05,0.00833328910495923,0.01729753821347546,0.01706780792027729,0.008697360958638267,0.005002087897997276,-0.0041740703530157575,0.02169101735907719,0.00525259051258975,0.013117462120374901,0.011168517152628121,0.030007060651102924,0.011519563224841711,-0.0008293445044944558
2023-12-18,-0.008503225487978439,0.024714394862223488,-0.0017966224287869759,0.027338841569267247,0.007606989045052748,0.007419360619280946,0.024132738420094668,0.003143573399354782,-0.01018202697207049,0.028961890681639346,0.005178679636414829,0.024279246034581092,0.01626020411818563,-0.010340217530666052,-0.0072344556655851155
2023-12-19,0.005360103865108989,0.009196684727386994,0.008999280453039882,-0.0018174467759756174,0.002845439258722937,-0.001194230258788731,0.006259320199987206,-0.007250866198528327,0.02123010037678097,0.016656208873806477,0.0016369652260932455,-0.00944567400081231,0.011904652087004086,0.011154099874474799,0.006450896105952397
2023-12-20,-0.010713827609176163,-0.01419028989477733,-0.03339274262999914,-0.01085895208954335,-0.015472797979185882,-0.0075729373120091426,0.012367319598476145,-0.009346361848024176,-0.019288585871005015,-0.0030826867025339766,-0.00707300486894713,-0.030098340433442394,-0.019764665040530205,-0.019479007073484045,-0.019703261123894533
2023-12-21,-0.0007699517174295512,0.0068449771945024995,0.03277480181145598,0.011306871390431628,0.02689713818467454,-0.0020078600576197703,0.015035446250647011,0.004560963853442512,0.028846325242298132,0.013771361413710714,0.00787886520702985,0.018270352800650036,0.016418694981747084,0.014240818813899825,0.009867908883651522
2023-12-22,-0.005547591081811576,-0.0023161505890451073,-0.002215692591520546,-0.0027300973670256745,-0.0034048463358347103,0.007847167549292156,0.007619977063438199,0.008458942549400827,0.019541107812255376,-0.0019769048684303847,0.0027842391244146114,-0.003266158321975743,0.00321171132402176,0.007371510738904297,0.00857272893204164
2023-12-26,-0.002840880332549034,-0.0008183552974947439,0.02729224492847493,-6.514474615582078e-05,-0.0004505182883615122,0.003792944481640692,0.00021215973386690123,0.006599220222056168,0.05208334507834578,0.004074629674155172,0.00021336675885419432,0.009195339690151183,-9.409643839419779e-05,0.013729149373736593,0.015275778390161587
2023-12-27,0.0005179007903841626,-0.0036438883431892943,0.018548243457106706,-0.0004563413242133496,0.0018779861746911486,0.0031822983593863263,-0.008126169758356672,0.0015318943298969767,0.005148539226292881,0.00845481891882538,-0.0015746246534256159,0.0028004835570367703,-0.002354337946272489,0.0017875485165701477,0.002458946502553072
2023-12-28,0.002226563657837577,-0.0009394670892135526,0.018415739356036687,0.0002609139551152939,-0.004274117598993432,0.0007931321372445232,-0.0009975398185192441,0.001774122598918293,-0.00728924721798152,0.0013694903565268923,0.003234722291182157,0.002124598244921394,0.0029261554935808842,0.0009608255976378821,0.0028616538860366525
2023-12-29,-0.005424383947471356,0.0018134672542788888,-0.009074958957897339,-0.009388462612883952,-0.009187299309476704,0.0007923411622736687,-0.0038506644336464557,-0.0012212933105818502,-0.0027783186350572864,-0.012167997511860706,0.0020251515381874974,0.0,-0.00771761346459332,-0.008432672803525776,-0.007337650712167965
2024-01-02,-0.03578654774366363,-0.027706954304656528,-0.05990096744922868,-0.013228970207501023,-0.02663983697843797,-0.00019807046423703234,-0.0108811076605696,-0.012534693847205847,-0.048756228244370314,-0.021668881332911893,-0.013748642162017322,-0.02734129391011242,-0.012994399697110581,-0.03042260394050811,-0.007039780000471674
2024-01-03,-0.007487656621832928,-0.014274189653537883,-0.02352427813365343,-0.00973782115920796,-0.01674935923787446,0.007781385576509869,0.005427985135572078,-0.008668566539115408,-0.015690404485865672,-0.0052559222805196315,-0.0007278723085313299,-0.0124356700454471,-0.015375791683154394,-0.01875496255871556,-0.014888300030885704
2024-01-04,-0.012700153167676365,-0.008289739968384557,0.005098929539399277,-0.026267891590348702,-0.0023823489093623973,-0.008513180043316915,-0.018211947132174333,0.004747048015149247,-0.003825691371990403,0.007692862478934082,-0.0071776648979170465,0.00901845964452197,0.0012688272981480342,-0.010392354019009842,-0.013614064876384502
2024-01-05,-0.004012989919256693,-0.004320628268712268,0.018895724049820428,0.00463442024626004,-0.0004777806068276824,0.00019981118655110208,-0.00483911090564082,-0.010568161783377827,0.00042674593440783504,0.013914614731117103,-0.0005164512292223922,0.022896861496384258,0.0013647037367046089,0.004112372271650289,0.003830651543339947
2024-01-08,0.024174783015152412,0.02825011140051581,0.05484190174850667,0.026576703830634596,0.03882622305520256,0.007386583312781081,0.022913302433997584,0.012440015931743709,0.03326934600020914,0.019065185810314356,0.01887171542876387,0.06428087070878652,0.01878714638709167,0.01682154769615285,0.020835703385612137
2024-01-09,-0.0022634157927327037,0.009732192804863704,0.021069927386615506,0.015224607114340927,0.0018015389126693204,-0.010899600339926319,0.015197285300162067,-0.006578075257830829,-0.008255948444685024,-0.0034295363117553546,0.00293569233791513,0.016975090368190893,-0.009841464679969714,0.006185563435630481,0.0005342304364130968
2024-01-10,0.005671584540450025,0.00823953768212804,-0.004823805756405508,0.015590940651907248,0.010675753276865096,0.006611907970704101,0.009435775673293678,0.007183922498873452,-0.012070748808967524,0.036482839214945884,0.01857416976662507,0.022770082445112916,0.006684066115270504,-0.004146029659395589,-0.008183870204715449
2024-01-11,-0.0032224741234855303,0.010930004597541565,-0.0035006667374100076,0.009432101662268044,0.02744862316113328,0.003980824484965062,-0.0014055713250898938,0.005768373524734027,0.0035811666223382055,-0.0021594023875082247,0.004859327243223577,0.008684352057730438,0.008179492918239495,-0.002009840652303141,-0.009865367925708579
2024-01-12,0.0017779617389419577,-0.001590005226127067,-0.009863577028276227,-0.0036086969005325598,0.0020268036401700495,-0.0019826411441302705,0.004011912219863412,0.022446982181092423,-0.01091516828873107,0.013038584018736366,0.009983708288584081,-0.0020430429678236495,0.017466667914533662,0.008415473097300952,-0.004408219775842159
2024-01-16,-0.012317153377850554,0.0019110448426395976,0.08310595071960769,-0.009442449238027617,-0.010076301505628438,0.004966328340716641,-0.0011214539361069642,0.0069963349416566345,-0.0012732812753815104,-0.018772218917971317,0.0046333824893443065,0.030561279546345688,-0.00028124837189424934,0.006562036876785804,-0.006004647786055917
2024-01-17,-0.005173417297510086,-0.002643583705671859,0.009008395025177363,-0.009467203666572499,0.008358505920094128,-0.005732330026159027,-0.007158483818866412,-0.005270729656918327,-0.021249505070867314,0.0024766023037152696,-0.0020497216737360713,-0.005835104268150593,-0.00131374493121017,-0.01275509332631286,-0.008909072209660418
2024-01-18,0.03257063877393995,-0.0040261088361012165,0.01560841623637299,0.011798781932089941,0.011125797941116566,0.008946191439568985,0.014207787035535713,0.004576023307919064,0.014763428279833901,0.021065594978702418,0.0112971433551321,0.01880352637022642,0.02132860427328298,0.042850797471316815,0.027644470953651856
2024-01-19,0.015533033353019254,0.030065648002232104,0.07106410333015312,0.011986946826648914,0.02339150725649808,0.010246278253990493,0.020211775000756438,0.02781109343395194,0.03016678214125701,0.01946154344798412,0.0121869506715655,0.0417462347832982,0.008923569488413996,0.04590862427199438,0.0403809792675458
2024-01-22,0.012163390330672152,-0.013016042999570376,-0.03472423348513887,-0.003604979862209201,-0.0020651344100313107,0.00585155501301915,-0.0026641522347465862,0.007872669724257264,0.0014539052075321912,-0.004355260546495376,-0.005417945542893321,0.0027399322873018495,0.003920811846093164,0.005988010021398926,0.006795369638050941
2024-01-23,0.00665316147737216,-0.010619847735195309,0.0014270751790717018,0.008011406531487353,-0.012593661369134201,0.0036841991098701676,0.007192275263541825,0.006422352585939928,0.013894544198358005,0.008957957111633386,0.006027520777026174,0.003671255292695852,0.015713050690979058,0.004121330489562425,-0.002802822537098182
2024-01-24,-0.0034839886032317358,0.015573173761730175,0.05860346291707419,0.005447960655367012,0.0003977581516023676,-0.008694003198363331,0.011289594456116658,-5.734087953157552e-05,0.004090823298747326,0.014278287340792284,0.009175302910327199,0.024869186221848638,0.022176485970672566,0.005667687387783449,-0.02449227459017944
2024-01-25,-0.001696593349407971,0.026546690970161935,0.011442081001416193,0.005609771850602074,0.007765085449802145,0.01987933253554286,0.021317761042930483,0.09486558083076102,0.009370497281624868,0.006347564141861106,0.005738243039334456,0.0041557216388299345,0.006036114990049191,0.0006478921592660836,-0.015581929785845272
2024-01-26,-0.009012773652580242,-0.01389383561408819,-0.01707980812832377,0.008684596622424712,0.0032611003137152927,-0.003630925808738139,0.0021073499683896824,-0.015806279903991416,-0.11907162441308106,0.0024417520575197305,-0.002321820486761661,-0.009510373069290812,-0.0031303019655808395,-0.02427658401160704,-0.019890098978624482
2024-01-29,-0.003586009534462753,0.026550238606076526,0.0032722247168106566,0.01344896590822775,0.028291882710511196,0.002876802184918592,0.008673248662967703,-0.001493837209179949,0.00435279641198294,0.017455622041261165,0.014334269634796115,0.023496223417591056,-0.007763393747901026,-0.007165600002388195,0.011883643192699411
2024-01-30,-0.019245725629130073,-0.003601793894992711,-0.03244674246780166,-0.014014601164705653,-0.00045188922048999824,-0.0009561314506103535,-0.013354182362687927,0.0039007276833571414,-0.020985474111351765,-0.002393785094569223,-0.0027581238379683626,0.00494672291689402,0.003604397217027655,-0.02445880865579697,-0.016328554837859555
2024-01-31,-0.01935766545317097,-0.01621121141406756,-0.02539808891778772,-0.023899390262627773,-0.02307694631653845,-0.03943341538294787,-0.07500315840110805,-0.022408985879579513,0.003727980797161079,-0.024796287817284268,-0.02694628651102704,-0.019864940031213973,-0.021548713180348567,0.017331317281385594,-0.011910177870895544
2024-02-01,0.013340725506974183,0.016397331359489842,0.016637803360445957,0.026288672108771616,0.009641028495655624,0.0,0.007566069051450519,0.017641094039312355,0.006499511168202465,0.011893168853249092,0.015594464270749064,0.024379647230504453,0.03428805825796344,-0.04982856818865711,-0.0026852674241728547
2024-02-02,-0.005405074625953521,0.010909265522236034,0.042116424885682235,0.07866649218561839,0.006553695010659277,0.0,0.008642544679229536,-0.005939048660302926,-0.017527724049144378,0.20317640813875038,0.018425689716146776,0.04970891905485009,0.0022506399627209017,0.0041105259573746,-0.0030683805103021156
2024-02-05,0.00984652271287989,-0.00671121321457846,-0.019306584846715547,-0.008730574595861018,0.008576814756320772,-0.013351834968398313,0.009130389513334558,-0.012756174385855856,0.003990653869761829,-0.032800673433931005,-0.013544978508530203,0.04794429237860176,0.005181845243377836,0.01651497132845825,-0.0018845834828178365
2024-02-06,0.008631713134412022,-0.03704993711588023,-0.036446025371295265,-0.00681113075414308,-0.007913699608501301,0.009492999052869155,0.0029233563151889186,-5.446681157106337e-05,0.0022277309159195458,-0.010208805915150165,-0.00039435548608535154,-0.01599550673768868,-0.0093650208152386,0.0004858824104319037,-0.003335470360678938
2024-02-07,0.0005812290883882021,0.014345885178632889,0.018227290145302,0.008158468416245013,0.010530809038324485,-0.0042017442768966795,0.009993125539821346,0.0017992048666597427,0.0009358453103707198,0.032701477182037086,0.02111025479414952,0.027498081783197126,0.017085764024532102,0.012421843540662447,0.0025259476819590176
2024-02-08,-0.005754736057749565,1.6253578017044745e-05,-0.009301487745301928,-0.004046223223746481,0.010767163778046429,0.0036166331287714737,0.0025421296052432485,0.012521914221806707,-0.00654506256020948,0.000873041237873684,0.00014486434483473865,-0.006533675166931707,-0.005031027860290083,0.015696861960380115,0.00906965579250385
2024-02-09,0.004093954875457717,0.01842957310274773,0.018482370895872346,0.02714319777292107,-0.002226410780604926,0.0036037630997070025,0.02117739952008324,0.010739994554090249,0.019058768344871746,-0.004021185189493681,0.015551429122425686,0.03578364248777044,-0.00034287058107895785,0.019030985768864195,0.013669587242194803
2024-02-12,-0.009001870802649692,-0.024505340442180557,-0.0033046850623192903,-0.012095159915523457,-0.013662705313062351,-0.0027926997560921984,-0.009865753187455195,-0.0009659328233655451,0.01662431861163638,0.001687547158097491,-0.01257877035212851,0.0015941144172577637,-0.006858754843951487,0.013907256507280419,-0.008128211381811079
2024-02-13,-0.01127448570437306,-0.016262440785655974,-0.002152349299601064,-0.021469171561243172,-0.02147460704407045,-0.007001423979820176,-0.01620016054598572,-0.013214603658979307,-0.019759267340713427,-0.01872477088253477,-0.021528636423298497,-0.0016608682617278436,-0.018646428481461697,-0.019986974554198622,-0.026260121621318522
2024-02-14,-0.004809704864509157,0.004602100763727801,0.041739558950351086,0.013875689909627953,0.028454575329106113,0.012892577315803067,0.005511814865301057,-0.0007075158535139181,0.023864698507698456,0.028601372638400457,0.00966530158720924,0.024567490291333538,0.005102065460509397,0.025993032724688225,0.006503001846432266
2024-02-15,-0.0015748284548411373,-0.023517301185282835,-0.010856197395281098,-0.006901349311422389,0.009649083815363335,-0.024263983127292055,-0.021721136521692053,0.017976547986187974,-0.0031681124997874344,0.02271392029732322,-0.007155202851828468,-0.01680643414777172,-0.012952775428495267,0.013251872851333335,0.01798945272348096
2024-02-16,-0.00843032724979309,-0.07414814225975419,-0.01634984996300548,-0.0017079419299743659,-0.0076043193231359885,-0.012637647638627625,-0.015759617102548695,0.004120714784688229,-0.012258761939946239,-0.022126836692112573,-0.006149057003544178,-0.0006194687379721397,-0.013034347890318876,-0.021092277438906293,-0.002053320001891845
2024-02-20,-0.0041137982625050196,-0.008689130782114418,-0.047046603240932794,-0.01433539469369316,-0.011493989291793572,-0.0033029495785638074,0.004269855854022175,-0.022383352982697002,0.02321304009571823,-0.0033169352187208956,-0.003143197753934346,-0.043531891101276976,-0.025694077300063678,-0.004780787521267871,0.014715007570933247
2024-02-21,0.004185882307202737,-0.006255566018854464,-0.008449569283871083,0.00903755380828164,-0.009916386553164291,0.0041424321983931645,0.010133462373759894,-0.020388151388645914,-0.02358484766890878,-0.006832993359714212,-0.0015143771775966153,-0.028509101345506216,-0.0026739478364624647,0.0003288720935004097,0.008233975318364228
2024-02-22,0.011243917194983633,-0.0017641167878181818,0.10694508516789725,0.035530017339574504,0.03561966002635386,0.001856475778679867,0.01080307575079531,0.025097518854309664,-0.01127218425714116,0.038672830090167976,0.0235464737850819,0.16400885410159205,0.026349836306666985,0.01802503976352665,0.008227602063211714
2024-02-23,-0.010034041142444217,0.0295217272187136,-0.029363226217797966,0.0023485144793740087,-0.0028946950537083183,0.005970734498413677,-0.0009022353963665797,0.008197082855382343,0.00023263247047067281,-0.0043198857460534645,-0.003182179073008551,0.003552400288481694,0.008467663236995993,0.0010339365235454423,-0.010518037351068044
2024-02-26,-0.007451252617509563,0.012720399675282046,-0.00288924627963294,-0.0014858549486425066,0.02592229577634142,-0.009414570793476407,-0.044387294634951724,-0.008561446417137741,0.0,-0.00473114858233592,-0.006823674728459461,0.0034891096355804674,-0.008753781067395217,0.013685379323250535,0.0037264965629570934
2024-02-27,0.008114357302083652,-0.01425562109763967,0.011306207347712816,-0.006810521779339163,-0.0029628609901648506,-0.0018595441570300464,0.00952224718588135,0.004018965818672227,-0.006047934096221508,0.011022517814096133,-0.00014713533372368026,-0.004943781397505287,0.0036946230672962876,0.008087538455256782,0.00389542902699036
2024-02-28,-0.006625497532569247,-0.001212660721458536,-0.008202284909366253,-0.0021896371944472026,0.0009016167009514575,-0.005174930065611094,-0.018001046816089605,0.0023259623836711096,-0.017318047920145574,-0.006220991332727355,0.000589085188805516,-0.013189127057332328,0.0026935431731058834,-0.01047598426287899,-0.011519237943010685
2024-02-29,-0.003692997966438516,0.015331125838802029,0.09057440863979038,0.02078996747858297,0.030189897008154665,0.006450174603888081,0.015251528827011418,-0.001457031413389931,0.025244102329106344,0.012623496702423465,0.014519674410162997,0.01865749967302688,0.0,0.012447497682322117,0.02631248876446235
2024-03-01,-0.006030443057866486,0.01900828661030718,0.05251130044383867,0.00825982552183624,0.026099388971161153,0.0006203727484050958,-0.009533418720175768,0.017132273797814346,0.017886260972086898,0.024830050376265955,0.004496708097069924,0.0400319042593984,0.018803660739277195,0.033589111218290446,0.022231411675933677
2024-03-04,-0.02538124495540084,-0.005237052305418044,0.013422824856374582,-0.003591063770984282,-0.007069111800402483,0.01508267979088318,-0.027636064110092118,0.02582356182095169,0.04084895858439119,-0.008182376268696556,-0.0013959318876716198,0.035950845203374104,0.0024608536129921976,0.021276693776794087,0.008126288173834206
2024-03-05,-0.028440966701882453,-0.040673267399087054,-0.0011199636095416965,-0.01948421375262155,-0.05050210236308883,-0.0036638279699799936,-0.005099502286545099,-0.005749475880818422,-0.05371640801902622,-0.015997838485295235,-0.02957191378806978,0.00857656957123254,-0.02735396103151655,-0.03067967379221115,-0.010438361114550099
2024-03-06,-0.005878188816647256,-0.0032119519744172598,0.026812264754451975,-0.0035033346396604603,0.016803357138210462,0.00449441432841069,-0.009572488118223643,0.02193285088124841,0.03127896336753011,0.011974149012050406,-0.0013908916992416698,0.03182722988333042,0.011988393429561706,0.03988864113205537,0.007208258373040843
2024-03-07,-0.0007094441921672301,0.023844943805829244,0.0035607462498863374,0.019076784751165476,-0.004444305451310693,-0.0054911886760251605,0.022678871971528736,0.0019371719447829339,0.03684574466933532,0.03245384098716397,0.017533426929998708,0.04474632653463906,0.020219075619748006,0.046637618542676895,0.019782281061271334
2024-03-08,0.01023656356418079,-0.00782313459073547,-0.01887598354147113,-0.008313545751684748,0.009457180194986758,0.012269815150046659,0.007664741011416343,-0.0030019187624479304,-0.046587278400314625,-0.012182953184069145,-0.0071368839341025,-0.05547717509355832,-0.018508853169380557,-0.029308129005373162,-0.016945282821954954
2024-03-11,0.011831634386618939,0.015824068643834455,-0.043396499476769046,-0.019332758891648982,0.002358416213325887,0.01454568792466393,0.01669010284063699,-0.02153606526017937,0.019545499700313496,-0.04419415264422999,-0.004185081396840373,-0.0200391175841399,0.015210851065789566,0.0032245129346075707,0.010969307645527948
2024-03-12,0.0027785031429898854,0.033403576441139116,0.022027295380976364,0.019946455814511488,0.0020261787036657264,-0.002987110931008452,0.006028933558506644,0.03155471648118713,0.008470853200432726,0.03341666136724952,0.02659948372264731,0.07157171307268584,0.11749770092664003,0.011453996635893082,0.003502148220101864
2024-03-13,-0.012122447421752391,-0.009652289108121992,-0.03930756281626557,0.0066708374081581034,-0.005029030656340749,0.0007989982097891257,0.009313925884726793,-0.005460533145821511,-0.044429795570678166,-0.008364062174913367,-0.00043340337628405834,-0.01115187417956598,-0.015838201142589714,-0.022128604460120882,-0.012128378852277355
2024-03-14,0.01092734018984487,-0.0054048917303027855,-0.03968374143421338,0.012403729449981915,-0.004463615625331041,-0.006385989640879108,0.023678647865733593,-0.016624438839821565,-0.011103388660063551,-0.007546965144620499,0.024379710470833427,-0.03239140108567806,7.980580130051429e-05,-0.004726608455335346,-0.008918218378351384
2024-03-15,-0.0021967664531429287,-0.13671666067674393,0.02138351359032309,-0.024223786467438835,-0.02963858249333229,-0.017272573533556712,-0.013417385855402086,-0.012200737384633231,-0.0025731755532544254,-0.015716746532110637,-0.020695052719497342,-0.0012167287559559092,7.961196354089317e-05,-0.00742056512961764,0.008063557887674655
2024-03-18,0.006372497026019275,0.04345529437478479,-0.0021459419415288394,0.00034398325434925603,0.020996691025739977,0.006948843569175134,0.04604031163280098,0.0032449188050189814,0.0016417736941245487,0.026606153484935113,0.0021611585498126917,0.007035710087536895,0.018002181219145763,-0.001674825324276874,-0.019186233977321443
2024-03-19,0.013584902781273556,0.014264619349235508,-0.04841330198285032,0.00813845829732096,0.0031279491860181086,-0.00263868013980606,-0.0044012021738532026,0.008607658763196024,-0.015453151042164937,-0.0014890714076694067,0.00980071461110188,0.01066075568874747,0.010876258953858242,-0.016894259279338186,-0.014479035645488803
2024-03-20,0.014709262459849048,-0.003933283031842483,-0.009315414278818657,0.012791359170393646,0.015359147389435446,0.00834358812284286,0.011630324824475125,0.0032069043696030253,0.003567212662743291,0.018700581662152382,0.009064797217579246,0.010895219525272948,0.00038714703420539287,0.02175506003510752,0.019309117422120714
2024-03-21,-0.04085739096186325,-0.015198240216140246,-0.0058421135966061355,0.0,0.007547148022865935,0.006660028638911131,-0.007664341303817768,-0.010620950560593756,0.005213241831543591,0.004431046844702635,0.009735830725554173,0.011762335983164895,-0.0017796651782204798,0.018965972147196863,0.015354642080518621
2024-03-22,0.0053101929335923614,-0.022943786770323937,0.005428706405105066,0.0040415450203241665,-0.0020104668541909287,-0.0020048184470697894,0.02147715698239927,-0.005523651926604645,0.0035360983521650624,0.003584350739570308,-0.001467205777581082,0.03121357782067724,-0.009456623850421786,-0.004389813573760226,-0.0006371381953408362
2024-03-25,-0.008300371000685591,0.015434861751739026,-0.005677645690651101,0.004696213001679439,-0.005556065416746692,-0.0020090092453157737,-0.004643037756001944,-0.010742032936068346,-0.017383047456481004,-0.012873291631364636,-0.013714742056668783,0.007561865850864047,-0.013381296006242605,-0.015167503775897262,-0.009450290207329348
2024-03-26,-0.006672511470028231,0.0007294424800852184,-0.004254659042995601,-0.007845994154095037,-0.0007516742734009485,-0.0026166583983492364,0.00399823768572638,-0.0015360967204464115,0.0038249094683580065,-0.014174402843488587,-0.002861429204760624,-0.025694351483823152,0.0030931889430378945,-0.0026862450339159016,-0.01720819219212788
2024-03-27,0.02121251088164522,-0.006304200489664069,0.009669990824309194,0.008581036192426339,-0.014550465298786674,0.004439909635475692,0.0013273022528073053,0.012201689075258537,0.04239111596769973,-0.0040936533117816865,-0.0005217126432685015,-0.024967228670066954,-0.009488384798115979,0.01233014187902648,0.029539558247182907
2024-03-28,-0.010558949927911732,0.0003965349116801242,0.005011465970410134,0.0030584610251771505,-0.0006637619024740804,0.0028130640134500506,0.00039763224639366435,0.000838555816744968,0.009138581238212762,-0.01676585226519467,-0.0016848089110585995,0.0011746311843536805,0.002714178482909224,0.0010051497737444404,0.007751757660483527
2024-04-01,-0.008455841809861475,-0.004974256312454517,0.01579029729064141,0.003270852211551434,0.0035858920118703175,0.0026046811398885428,0.030212730801751464,-0.00591749831657673,0.007923998587705539,0.0118827395742378,0.009150965128225108,7.739359353586828e-05,-0.0010350458635729476,0.01429405705232778,-0.005969829381972214
2024-04-02,-0.00699873327940137,-0.0057360331889073635,-0.025308167788424374,-0.0015472110151306673,0.005756747491520331,-0.013589240786158752,-0.005981113253552106,-0.0050044633846771935,-0.01302794677480934,0.012251856285911078,-0.007372084525395284,-0.01008153270421297,-0.009085070788184435,-0.003959957983404538,-0.016227009541768145
2024-04-03,0.004797351251623505,-0.004406926397928612,0.011583700948905484,0.009519072430478781,0.002434304229894213,-0.004493507377528738,0.0023291333900719025,0.010694621051134279,-0.08215728578703207,0.01883919989048466,-0.002349171364837477,-0.005455470203980517,0.015280631100436093,0.016779700403421804,-0.00011735094678611002
2024-04-04,-0.0048923632838192566,-0.019919165046054177,-0.08264646837585021,-0.013212014767422509,-0.03478386764994801,-0.012925563811931218,-0.02833707619539727,-0.015505412615897773,-0.01487738799309235,0.008248869052336794,-0.006112463839703541,-0.03438481322096065,-0.016238856734377527,-0.02386303096439024,-0.010625873517874584
2024-04-05,0.0045016785780862545,-0.004085299612445303,0.027678925931429843,0.028166707356770848,0.026416061319457063,0.009145627078275265,0.013086971963895522,0.006384874462425527,-0.025673242775647087,0.03213800034995229,0.01828274473170044,0.024480689462761163,0.005716913699104431,0.010426707666516766,-0.006111575017936799
2024-04-08,-0.006663410045691154,-0.0017315228115627468,-0.003051310163408316,0.0006483768975988902,-0.0005962548499621745,-0.006385189664225077,0.015410042621954334,0.0035952701389838637,-0.01885821705559898,-0.015341247197571573,-0.002185582830480426,-0.009942288009734401,-0.004403383103562364,0.012184401836766723,0.01170144119533445
2024-04-09,0.007242605746106134,0.01707687501965327,0.005179546288557546,0.002591909504893186,0.002121122223887939,0.036691686107815924,0.011301160993751447,-0.002686835748657579,0.009215353774166601,-0.004525672623311161,0.003980390011520507,-0.02041712598439005,-0.005808723854008546,0.01123151214201723,0.02360448491001077
2024-04-10,-0.011139272746727769,-0.010821209429216272,-0.021313967769448827,0.0015080453603608657,-0.009094793496046027,-0.015997032963903313,-0.0029374600771041592,-0.017273143024448934,-0.02948075521029736,0.005668560272077627,-0.007084488196501981,0.01974151055591533,-0.012010131908977817,-0.02682700191707299,-0.02617323637824842
2024-04-11,0.04327082679231786,-0.006034240043594763,0.02010291146716159,0.016671181255133227,-0.0015685685275489414,0.006502888514649197,0.020942728928707632,-0.0007526190468897243,0.011559113658297093,0.00640580199540608,0.011033290477530544,0.04109628253343023,0.012238205171991812,0.02499118532819411,0.013497567168974323
2024-04-12,0.008626723189674168,-0.021041551307284467,-0.04234604821526755,-0.015445639364236818,-0.016145839271259677,-0.020997331925261986,-0.010538690875400603,-0.01952651330018229,-0.05155468129330543,-0.021523061825780454,-0.014091051253973919,-0.02681656332427007,-0.017283376311781673,-0.021926633327861822,-0.028446253690042056
2024-04-15,-0.02186351559171218,-0.008416102987187424,-0.018128316249433007,-0.013485250630092094,-0.07277800672689017,-0.00515579293021573,-0.01819582789225993,-0.005596081081624349,0.017371875774218726,-0.022797367850962313,-0.019578097432235042,-0.024777129161175693,-0.010156060651645316,-0.00846501771296393,0.00011999766491022079
2024-04-16,-0.01916730179865811,0.01301849614492423,0.019585823641451894,-0.001633742516860992,0.016526293736548237,-0.0066335629748960345,-0.00297046543024182,0.013793133807008306,-0.0013771490286922372,-0.0009395621700535317,0.0022725274768173875,0.016441614030366924,0.00617284312975408,-0.007418762298277204,0.0074543903901755915
2024-04-17,-0.00814740338026887,-0.0037167464809013673,-0.0577511443391211,-0.011128128209780819,-0.003929138921186182,-0.0027126705322797484,0.0069300339457702975,-0.00353750239924544,-0.015995491969832076,-0.011185354275394577,-0.0066091005687949345,-0.038665960707348845,-0.016166470389453402,-0.025269908675184194,-0.011277591185100522
2024-04-18,-0.005714307731204293,-0.0026768247414351576,0.006882207045771915,-0.011363622972558218,-0.015923635489645593,0.006695940669867673,0.003473300401769297,-0.008902275329265463,-0.017937200353472127,0.015440008119965931,-0.018380923096689705,0.00756811265006907,-0.02249929201718237,-0.017526924625837048,-0.012251179062288453
2024-04-19,-0.012212667937331778,-0.0172450310419201,-0.054423538443086006,-0.02561096030926935,-0.00570010780844421,0.004364828768990137,-0.012306986714366919,0.0006061137360087177,-0.023972631370521524,-0.04131128624938474,-0.012738935697732545,-0.1000460879241335,-0.00965518273389987,-0.023600111591569273,-0.024378397700228094
2024-04-22,0.005090952295019768,0.004021387636974572,0.013638843482845608,0.014888568814227066,0.012723226111712727,-0.0037250346443001847,0.014212639322607856,0.0017624490563086237,0.006140358390816392,0.001371982471201072,0.0046100367343338,0.043543353341495505,-0.003046579844710906,0.016177118830935644,0.023484746656637023
2024-04-23,0.0063916771586896015,0.012872366209357278,0.02442145383287242,0.01303389727631088,0.010481655658842737,0.0037389624088066675,0.012669689141372453,0.0015942807126407832,-0.00377798144871877,0.029829961583882625,0.0164855726553077,0.03653257599996618,0.00488951935121551,0.00730432046862628,0.01248255739692894
2024-04-24,0.012702258513773712,0.00892366520441712,-0.0034806512407298262,-0.016430862529557833,-0.0017710126776896429,0.0006208251906563156,0.005497167082596954,0.01048351808634762,0.006417701323670588,-0.005240893587079132,0.003655711671389561,-0.033315675574330794,0.0021721479568921342,0.014130925490006385,0.05644504582770282
2024-04-25,0.005147128753262953,-0.0077129290607017564,0.01331217174473398,-0.016535467634067658,-0.01104311407038061,-0.005170555911741759,-0.01966928384625366,-0.08250945579682534,0.017681155113236535,-0.10561295065832477,-0.02449524866236963,0.03708717108165982,-0.0039014190386401637,-0.002016802748659563,0.002517122049934928
2024-04-26,-0.0034727227385459303,0.008702253920120251,0.023673253900165836,0.034260361668536854,0.004210552364126485,-0.0049896531216367945,0.10224340247286312,-0.010538090827553859,-0.0919965286545188,0.0043274147847520705,0.018244005874439084,0.061755829061549194,0.020193088192167696,0.014451811873554377,0.012724611988366163
2024-04-29,0.024808062005680753,-0.009401939562209916,0.017789092505297477,0.007460258507441919,0.005286196115897646,-0.0016713895969865389,-0.03373083426493184,0.0017947993491880254,-0.016311149126697733,-0.024070110231614428,-0.010016822716751084,0.0002507025857210188,-0.006142746594441695,0.021369043276040278,0.01019830351866613
2024-04-30,-0.018270895972632095,-0.02164588875518192,-0.011360749688513971,-0.03293549122868411,-0.0246608970638984,-0.016743482607902593,-0.020282773253282205,-0.007346252213221605,-0.02838014746614692,-0.0056631558564582685,-0.03211935874918681,-0.015440383968252536,-0.02352142575851357,-0.019798922771539273,-0.01600762653466592
2024-05-01,-0.006047110494223129,0.014173731751383922,-0.0890895326136133,0.02285714285714291,-0.0009296671736180873,-0.0029799342676208873,0.006634742381115721,-0.010649962809778035,-0.003281881537023912,0.020968361940018054,0.014409423716370995,-0.038899739237810205,0.007736208913935005,-0.010491384235921775,-0.0069152972679975555
2024-05-02,0.022031836336230626,0.015296432501144874,0.013100432062641998,0.031955314082140474,0.012802896097026562,-0.0010674308433246127,0.016843688708640725,0.0015813584095509814,0.004609775539176297,0.005669467661585381,0.007342773964088334,0.03342942913315161,0.00287894371155506,0.0974345849759628,0.0034246712740104712
2024-05-03,0.05981636007014823,0.020164897504816537,0.03037768425123044,0.008066292135759712,0.00562233520998956,0.007052640683099298,0.003721024169980547,0.006193539431350814,0.012782664881886285,0.023274843230863818,0.022169743759661742,0.03463182760363437,0.007306880407094152,-0.0025541829539624805,0.01769060493809027
2024-05-06,-0.009106669483794905,0.015241276427948147,0.03439570030442596,0.013371946429286963,0.007198708859483149,-0.00021201209496468643,0.005142256359313757,0.017500431369420033,0.006336330728621942,0.03035672487561647,0.01691838540093693,0.03774120200577613,0.02193442171988913,0.012302544516512137,0.015426720473767475
2024-05-07,0.0037972788613676034,-0.002674299183557882,-0.008666106779396388,0.0003179520909595279,0.005623608875882313,0.003608395712165313,0.01873885107318629,-0.0013639798079998489,-0.009363894765404002,0.005497200384847689,-0.01015642036249087,-0.01721301195609326,-0.0034647488334603738,-0.009348505910392824,0.012751562992357579
2024-05-08,0.0018638695076726997,-0.008470926530604439,-0.005245079304603162,-0.004026247769404412,0.00645794844558667,0.015228573245032129,-0.010919603102981679,0.009026901803601106,-0.022164245323738285,0.009311592863167961,0.0029317390911518526,-0.0015681190757719232,-0.004578816692249688,0.002220311958356369,0.007007166557651656
2024-05-09,0.010014493407544789,-0.011165769594101205,-0.008006742394443989,0.007978723404255428,-0.013621679366949024,-0.004374999527179235,0.003424362780690249,-0.011650518189487036,0.002999969352812659,0.005967020561913339,0.004335739203028988,-0.018415791702627415,-0.006388968337376233,-5.5344978979521287e-05,0.007447723271563289
2024-05-10,-0.006890529263122502,-0.0007458517686000921,-0.003084199898848783,-0.01065965315282813,0.00545126330604595,0.0056496445353886315,-0.007707823152018678,0.0052925290783649714,-0.007976011810378991,0.0016406915303923686,0.005869149227167192,0.012744236619038007,0.00025708400506441187,0.008529974595691492,0.009335194387831258
2024-05-13,0.017645676932749987,0.0017001737380264448,-0.008952084167610064,-0.004853789332504466,0.003072039798341253,0.01290041259929331,0.002905298178029536,0.0024527284530198035,0.022110497702256815,-0.01719865526607911,-0.002459374682254989,0.005796615159055607,-0.0025712516029273713,0.011698203301733878,0.004116714218941331
2024-05-14,0.006173324022300308,-0.014820586122476609,0.01726890373057932,0.002679959159411549,-0.00259429324753091,0.00554660374642113,0.007094716633184062,-0.0011935348974246862,0.01769912339541113,0.008204879585433034,0.006864526701106932,0.010586467650318232,0.03866974512543764,0.025840138881969565,0.01762309208680435
2024-05-15,0.012218013238877168,0.019749960406336697,0.04250453350208727,-0.005773249525686364,0.03880066477149069,0.01470877937300763,0.012739303640042499,0.00537761407379822,0.007085390712776585,0.020536264551025862,0.017483916402641464,0.03583787146355455,0.006287760899737593,0.02984580753299082,0.023020730171510406
2024-05-16,0.0006323665736951423,-0.005089113401960721,0.018475587036212104,-0.012688857146349708,-0.00994665178631604,-0.026776618604257063,0.009680493389089051,0.004219594052361719,0.024304373505552812,-0.017257128325408155,-0.004939856311607205,-0.002863773032883321,0.00435737032402006,-0.00688552037797574,-0.002863863992730864
2024-05-17,0.00015809307644754078,0.00113897404615515,0.011376252361725125,0.005826891232250109,0.003266922464502775,-0.0035169984362681816,0.010793453382754503,0.00035514891015941963,-0.006244109217857563,-0.0027894240252693825,-0.001852880479968566,-0.019924013834575094,0.010969218724077079,0.003052844553926848,0.0002565509989589376
2024-05-20,0.006162142514835711,0.002606395516858262,0.011309056949878826,-0.006280474722663021,0.005111962730980135,-0.02158990948685202,0.004884734910491906,0.0052653452224964425,0.008482537304108417,-0.006505357147861046,0.01220826398412389,0.024881436394149192,0.00825906815597377,0.020117519547141915,0.02143365738237968
2024-05-21,0.006857294778035872,-0.005859407711290565,-0.010040270249269678,-0.0021248741632045043,-0.011530307978903531,-0.004031483444139505,0.00525680604765455,0.020892332257396617,-0.011214958635893058,-0.00897977373200376,0.008698946814254649,0.00639363937264581,0.0008834488073159452,0.01562505937110248,-0.0009538171465639511
2024-05-22,-0.007538492818335962,0.0043166681455200084,0.0052228871081305694,-0.00010914012742568868,0.00021142783279692878,0.010438828781375475,-0.008265462145123359,0.0012681217846759463,-0.010081880125445086,0.006779705665820757,0.003449614438919779,-0.004571008269879329,-0.00024066517445053837,0.010355977626433255,0.017737777127537546
2024-05-23,-0.021058053701177193,-0.0012811669592110997,-0.030751640075486364,-0.011358061353112014,-0.018497608803326737,-0.0174995127776455,-0.016045097582460865,-0.017387392747870267,-0.04264803437705811,-0.004275551275584988,-0.008176252235221448,0.09319671903530202,-0.004093108635841114,-0.0057654854009422385,-0.02592078599722092
2024-05-24,0.016588033111333278,-0.01630424556209842,0.03696321264911151,-0.0016570176564539851,-0.022543740352313546,-0.0038626980668500233,0.008297465522728587,0.0012891157012044907,0.02127658488315909,0.02670781055877347,0.007400560010987656,0.02572273851149509,-0.009509205237321794,0.04262477652500851,0.009579673836011438
2024-05-28,5.2901900109869615e-05,0.006310077290487381,0.031558066727209066,0.007745471073219212,-0.009034721574599502,-0.003016057420170526,0.008057464238800494,-0.007197620725419074,0.011067755520287825,0.003554896593537027,0.0003718999033679449,0.06980433131926378,0.012854929365290202,0.012930291812444095,0.002108761406602433
2024-05-29,0.0015787911056601711,-0.0017348130028881359,-0.037701772610522655,-0.0007136405620595809,0.006633975944454473,-0.004321301828901003,-0.002834380841508888,-0.01538367531104523,-0.02994209211805776,-0.011585282316123435,-0.0026724915327160925,0.008112219982471247,-0.006024463024361215,-0.022620608039843226,-0.02349695535719154
2024-05-30,0.005255204248810097,-0.06643637056288254,0.009749307353167369,-0.014833517662161122,-0.1973713513678258,0.0008680638402551732,-0.02154612876200246,-0.008500412169565763,0.001991435426145438,-0.015410182493643676,-0.03378611746097093,-0.0376659423753799,-0.053741986899993766,-0.012583857452809322,0.003950535866992011
2024-05-31,0.005018538517005622,-0.0024894820546754737,0.0008995136220952826,-0.016060700229647673,0.07536370062699138,0.008239279143340994,0.0022658675800617534,0.007365748936479122,0.021861553055349203,-0.0004710556268364696,0.0011093115944140752,-0.007846146014686473,0.000854432541599337,-0.003662011449646063,-0.003423999129465005
2024-06-03,0.00925875816141608,-0.01290588323122388,-0.02007184522010419,0.01076849847083472,0.009298603470372147,0.0032257941360778197,0.003883862333808441,-0.009409658599956572,-0.01815237853829399,0.022834896309699815,-0.0038783630188405915,0.04895422395814353,0.01783402143338586,0.009115442924657824,-0.0066149447667134265
2024-06-04,0.0016493552974503611,0.021297449632126986,-0.02176702838377287,0.00560726713319748,-0.007437961895710665,0.016505837914612576,0.0035803692715847824,0.003206732450546257,-0.008583652639339356,-0.0010472319649716955,0.006166680346746833,0.012495712669186254,0.006623102188039409,-0.007479177251064617,-0.002168112633614716
2024-06-05,0.007820844239062597,0.016571119291422187,0.03862736710791159,0.010817455564965828,0.0071105922041310166,-0.029523268787459256,0.009321757277515719,0.009468580582214337,0.024975003392430972,0.03788332540531236,0.019083305222027613,0.05155564388861711,0.02132089204909282,0.03684512044400923,0.01438182670155741
2024-06-06,-0.0070964094420253865,0.005111928811420086,0.0036709431129160475,0.020520748266509736,0.026339082565007166,0.004563320821732608,0.007525122355860114,0.004899005865629746,-0.01169591153826488,-0.0026257967541375438,0.0012027940086778433,-0.011777115538610605,0.007094455568043001,-0.011609292483596323,0.0008158686915749058
2024-06-07,0.012391911860603733,0.01593431496554354,0.006535533912151115,-0.003783767287795614,-0.003748550549810825,-0.008436203989231283,-0.012844263490278784,0.01076104307436676,0.010519357715581767,-0.001620234457530123,-0.0015781898744815503,-0.0009091050920559951,0.019595193027203806,-0.013464513986581772,-0.003210200126403273
2024-06-10,-0.019147680121770705,-0.011795523109313977,-0.04485613271174693,0.014975553234585881,-4.140843550082263e-05,0.0002181081712668842,0.004303744815656874,0.002176466170034086,0.005530245981584692,0.019555341286451755,0.009484326365786666,0.007461470280686333,-0.011276977383080089,0.013212566021023386,0.010275506399343826
2024-06-11,0.07264899638337785,0.005979040712707606,-0.008606646223911163,0.0009087895389929823,-0.0035146704752039293,-0.0017446608809912334,0.009199596369433571,-0.006221489413929415,0.00032353040350585616,0.009689501162964076,0.011241778359272425,-0.007143904657240019,-0.004979924047255779,-0.0039644625226558095,-0.0009107715697028729
2024-06-12,0.028578387172127462,-0.006094809287727987,0.008052332191963885,-0.0018159287809064173,-0.021536085936691318,-0.0032775072820516726,0.006624093428037714,-0.0018898628999545197,-0.005174626013351613,0.0026998135322160444,0.01936765394679707,0.03548076582748916,0.13319366071546357,0.03294649856448917,0.007799661975739447
2024-06-13,0.005491181128002509,-0.002457226813687985,-0.002121889572040736,-0.016373254687715777,-0.028710829175878527,-0.002191777041918197,-0.014792489748530757,0.0007099808404391617,-0.009752930340758192,-0.009315328887038454,0.0011790681770151856,0.03522380319706553,-0.003775762864179133,0.011235410167542481,-0.013569097292599697
2024-06-14,-0.008168477066532231,0.14511489894353313,-0.001688486704049863,-0.0009247574783878276,0.012705801191358335,0.0035148831880802422,0.009305750426350512,0.0005321555110555654,-0.00032824704796630133,0.0011120106730575507,0.0022419223617329287,0.01751408731808235,-0.012298784445872069,-0.01138610756271996,-0.012125592983716404
2024-06-17,0.019671524622832948,-0.012506914687999915,-0.007705387137155739,0.002177904217078641,-0.006294850307149713,0.00021896043696689738,0.0025452584862897254,0.0017139595180446499,0.017405516512421615,0.004899221866067505,0.01310528803281863,-0.006824576727784248,0.023021677377254024,0.03199734030871282,0.00515724167463083
2024-06-18,-0.010984364887623665,0.006766414449826952,-0.02380043660945841,-0.006791263808433312,0.005770668104457144,0.006128225504428153,-0.012130422867006163,0.006194720148464006,-0.011297606402356997,-0.014093159029102353,-0.0045275233182314745,0.035119921398215626,0.023565225898154463,0.021915241852192624,0.0069267000713555404
2024-06-20,-0.0215130220262697,0.0013403776103997345,0.04623936927314376,0.017996874289478493,0.043095622632171926,0.016314923979835694,0.006910837956995763,0.01975957897960967,-0.0003264252419143965,0.004424488641081581,-0.0014338819776307243,-0.03540343262971002,-0.011960792878383475,-0.05116913642235277,-0.017783548315735698
2024-06-21,-0.010444395868514422,0.020059259947434738,-0.003399697465124474,0.01601287280926522,0.013482194313548801,0.012200416237709621,0.018888343295024423,-0.008394634012442004,0.015349378088191035,-0.013793131743841558,0.00915414962035932,-0.032191459436149095,-0.009866160880292352,-0.013644600576138366,0.01437008478968016
2024-06-24,0.0031325651176845604,-0.01737781097934854,-0.006078246936104592,-0.0185635417434159,-0.020892791250670784,-0.00021159118705638136,-0.0022826265973506787,0.014785854350574779,-0.016725622761827208,0.008347303770338321,-0.004691065343013778,-0.06684057374240637,-0.011378100331474905,-0.055003905218383164,-0.008284894663375453
2024-06-25,0.004468364918440271,0.005170120497191455,0.0,0.004149318226444709,0.007585084420391075,0.002115250291532922,0.026838597090298233,-0.013770490715893202,0.005560999677705958,0.023431036598744237,0.007326751224408401,0.06756417595126218,-0.005147006381161057,0.006621947413056217,0.002887872717328044
2024-06-26,0.019993163987805262,0.0033783181089110936,-0.01691111833926484,0.03901472799901873,0.0057495797178035435,-0.010975113561057848,-0.0008151528867031965,-0.004229510395732605,-0.0065061423588606004,0.004935385410729909,0.0026832377240293415,0.00245853357215009,-0.006754311999345619,-0.0239401257820423,-0.0070446660973315645
2024-06-27,0.003985917823852159,0.034237577158400256,0.012250907812754175,0.0218997235669518,0.03989303354264129,0.012590513581675955,0.008320656909018398,-0.00593462651899912,0.0016371873637719414,0.012550562660877063,0.0015260025068670746,-0.019066412466374416,0.014106864128523133,-0.011047599036191569,0.001708692403177059
2024-06-28,-0.01625411300435431,0.016058175625321303,0.017181949408603625,-0.023249966952787915,0.016808513077698928,0.0012644161080319627,-0.017582604954331726,0.01229135401086956,0.012422324002958396,-0.029524963548296146,-0.013028605160296913,-0.00362930376967463,0.007276490229683574,0.02065093468043866,0.005686876762885262
2024-07-01,0.029104582806617874,0.008046282743059852,-0.02786513831069659,0.02043982896891161,-0.0034618078992074697,0.00021061143642175928,0.004611498085183241,0.012431475258845248,-0.004197560980749415,0.0009123751249762169,0.021881535623839987,0.0061518038796262164,0.01338518310058201,0.0042673716464927125,0.0003600004838939519
2024-07-02,0.01623993862074924,0.013749776026778182,0.041981070547876476,0.014198798656638534,-7.793314522075434e-05,-0.00505055350700756,0.012295778304918903,0.012564182058405926,0.007457839828036272,0.009550569629434458,0.005583199175978271,-0.013113386419303708,0.0013279752393984268,0.0006500305751584445,0.0196299375917921
2024-07-03,0.0058109339103740165,0.004297973167582736,-0.0024953056308284483,-0.012050018310546862,0.018579911117823977,-0.0040186086044528,0.0031310704957367985,-0.008855056322003008,0.005149643740681054,0.0009028597553626394,0.0032442839152695413,0.04573251736761663,0.007677110588745872,0.018235330991582588,0.0026206914715714014
2024-07-05,0.021620369292949748,0.014364644550919792,0.048810251970190066,0.012196992290986808,0.008583983692735941,-0.0008567283549923976,0.025724059096786434,0.0016502756897152082,0.02529621146552774,0.05873012162701441,0.01473612434231808,-0.019099024499218076,0.003116703908254692,0.009518759626065298,-0.0007540491903087476
2024-07-08,0.006539020126851369,-0.005083518872784132,0.039499760244382065,-0.0035500335693359197,-0.022113258012081638,-0.012647300072162748,-0.00823728704717952,0.00920358349779593,0.0615240645253452,-0.019614537594084602,-0.002823199493501405,0.018834848234648982,0.001381125837289332,0.01040078175345216,0.013481646604201813
2024-07-09,0.003774779527541572,-0.0163017109572845,-0.008898071051356093,0.0002509059834530092,-0.017667527175042386,-0.00564485863447628,-0.00026461181048820226,-0.006530217264573368,0.017652258138256327,0.0012846869540485972,-0.014370238339405983,0.024805348807390493,-0.02999371581600152,-0.003703704554730902,-0.006502246830500047
2024-07-10,0.018803728399608532,-0.0025971373583193458,0.038735179977023027,0.002257434315787954,0.0006339025272770193,0.010262152721669748,0.011641363499632629,0.007706258813795941,0.008094754474355925,0.008849222032464521,0.014601540065147134,0.026868457749827046,0.009880376775584399,0.008111311393252052,0.017286072998344615
2024-07-11,-0.02322101653706432,-0.012257520254688181,-0.01098067079114029,-0.023724863074531144,-0.005819654204566871,0.01058994698153004,-0.02934393453967421,0.0026429114091599537,-0.03928874180642805,-0.041126658206491085,-0.024772086749838218,-0.05566674328839538,0.007693844495115121,-0.0428640573355038,-0.017827177847984155
2024-07-12,0.013050975980972268,0.0025464607315286436,-0.0018137948039269602,-0.0028710461411536325,0.011349142427123926,0.013259280824985398,-0.0026942957096431908,0.025349087275164273,0.029552280436057288,-0.026974861773008674,-0.002529266673547359,0.014442782552675837,0.014079774611750917,0.012909540080803472,0.009400432606387676
2024-07-15,0.016743402309179256,0.011913128208767443,-0.009801215645144468,-0.009100746683474936,-0.0043706739080141555,0.0004220835747430485,0.00788870403518005,0.00027337444061847904,-0.0008699568160381865,-0.005432206119361016,0.0009041160002218884,-0.006190207683691051,-0.011742873552768596,0.028404857214301416,-0.000545007760270555
2024-07-16,0.0017916949584013686,0.0014671050935131102,-0.012678634021473623,0.0015566783408964557,0.012536634712843497,0.0004218210973847558,-0.013992210960249274,0.016021623474436586,-0.0034821887903777604,-0.01283870313382951,-0.00978061004420494,-0.01619426549980052,-0.003215299852679765,0.0070133612965253,0.024088015871841284
2024-07-17,-0.02529599528085469,-0.006089510547671373,-0.10205581562673571,-0.02637038381521739,-0.018786797769722918,0.023196874069640883,-0.015767792973821804,0.008826171588418363,0.003494356800457954,-0.05675907421834325,-0.013347504289419554,-0.06623929452935118,-0.02349046311604075,-0.08605232027130438,-0.011421779922249797
2024-07-18,-0.020534717803217695,-0.011081800372807704,-0.022956711857619605,-0.022242286163404512,-0.015404800764987514,-0.009892823485664892,-0.01839575493947665,-0.011896468930331916,0.01189790540629354,0.03000071221741485,-0.0071022630976761425,0.02627331022542667,-0.008832450510069645,-0.0007306538371210092,0.007882013253700526
2024-07-19,0.0005798559710816775,-0.010505478750864494,-0.026898647534716713,-0.0033741230867346816,0.0011319558669249385,-0.014987420686034758,-0.00016883022031521921,-0.010636059643131857,-0.05420131801738126,0.0019754427104181627,-0.007402946833464985,-0.02609617055812452,0.003839629436104497,-0.027420800571111736,-0.03288482600892073
2024-07-22,-0.0015602987539841129,0.006932862657384353,0.02830184215800635,-0.003167158934036185,0.026046926960293648,-0.010566315986319963,0.022571158461756724,0.004911397412308949,0.011825383531693712,0.022252969645428777,0.013337561694227285,0.04757059506530825,0.011619561658777755,0.04704353335155842,0.03405330380750904
2024-07-23,0.00468827999410637,-0.01587901921757029,-0.011997146184431373,0.021144894800451786,0.007792701635804589,-0.00982489124538255,0.0006604414369235645,-0.00027158995695009125,-0.012586103380080704,0.0026465797147325887,0.00431220172538449,-0.0076898476369217095,0.020974667370520894,-0.008308979947575734,-0.03686614111901887
2024-07-24,-0.02875418111272854,-0.027417137910543343,-0.060844124137581224,-0.029934025650088625,-0.024525447921513233,0.010569475971929032,-0.05038778180282755,-0.0004343817346684764,-0.03793633071686464,-0.05610917571772345,-0.03585486029701557,-0.06803148249596858,-0.03032633921381589,-0.06351176397391645,-5.041836190911031e-05
2024-07-25,-0.004804553596467587,0.0020903254606974286,-0.043628551099797575,-0.005419431054668911,0.026983640877629167,0.008324467131295421,-0.030991068603726468,0.04325597394259173,-0.018927453581447984,-0.017039841263952638,-0.02448127232281594,-0.017243022682364995,-0.006845956923096308,-0.03136916050328964,-0.005699117347696792
2024-07-26,0.0021609201942083267,0.019336611021814276,0.012073438985806817,0.014734466536293178,0.024130893511326024,0.013547804745157155,-0.001673778547948146,-0.001198091284209224,0.008038599299099003,0.02710575339153931,0.016419767107702432,0.00694685496348213,0.008634509433680382,0.02656944789932303,0.024549933122195666
2024-07-29,0.0012847461009395378,-0.010747763925234244,-0.0017144473444269392,0.003835599716395466,-0.015682815427687347,0.0022973427992056816,0.015149479746783934,-0.001303791379253405,-0.01658690905795812,2.144039474605286e-05,0.0034331822141306922,-0.013001960510631738,-0.0050355505064436645,-0.007831135697737523,-0.0005446036232933382
2024-07-30,0.0025659132000028784,0.003913525052497757,-0.009373864462209336,-0.008133134602594794,-0.0025522439652888584,0.003125764310518697,0.0044831416893358345,-0.0024020204250035926,-0.022705208951190103,-0.005411175734373885,-0.008928260767712914,-0.07043637640649503,-0.01908757267036265,-0.06549491221735448,-0.004408483627785564
2024-07-31,0.014990717235230822,0.024020348450215057,0.04362895969096203,0.029002194810164417,0.0033729928691088595,0.006439550980699593,0.007340313065814952,0.005757968350162956,0.020245623110334288,0.025130264763903787,-0.010806062993199417,0.12812097429990854,0.027861720588084893,0.08392253776705916,0.020631882697651704
2024-08-01,-0.016750707816163057,-0.009498868916206438,-0.0826412153549807,-0.015563100170141508,-0.022179249180160565,-0.021878370360266408,-0.004547139733654171,-0.012907145866599357,-0.054977265092394534,0.04824877336396072,-0.0029640527471576084,-0.06674074410272968,-0.013911870760033529,-0.09367226415358332,-0.051420364595769374
2024-08-02,0.006869548429851324,-0.03704176576041618,-0.00030174504420321657,-0.0878470841762542,-0.03592027869245018,-0.015403942707668983,-0.02401016596045702,-0.002847310891937571,-0.2605851455985698,-0.01928722638813729,-0.020665956124016116,-0.01776392490366363,-0.030761295976685976,-0.028597640163360194,-0.03036262687653668
2024-08-05,-0.04816715824280893,-0.03202382525271241,0.017509489239386777,-0.04097671157906757,-0.020330559626015487,-0.041148796868492044,-0.0444616934055293,-0.030721099932258467,-0.06378027431128852,-0.025422952758980544,-0.03265680919372482,-0.06357781558907782,-0.04066633320755486,-0.00853690434795129,-0.033447110307983974
2024-08-06,-0.009748152800612808,0.009581412103660147,-0.03441636549743743,0.005651399696776416,-0.0024684149610452177,0.00938759002945444,-0.006028531534648218,0.019038692097325782,-0.013923395790958693,0.038593327962466395,0.011286850290698203,0.03782968974820444,0.0027373982051195345,0.004875028932221692,0.0317897683357653
2024-08-07,0.012498226804184887,-0.0011279989810856206,-0.0115992824688248,0.0051874985158653075,0.006794745981594241,-0.0008856652885025351,0.004106635555644056,0.0,-0.0362852146844066,-0.010463747165843085,-0.0029528811146544154,-0.051222898494843405,-0.018017361106254404,-0.016381164104074086,-0.015405157771161582
2024-08-08,0.01663320416079861,0.032358543816806584,0.05945449027852545,0.018615215947435537,0.0378269095876369,0.015735868639366046,0.019441227716297194,0.03110281795464731,0.07898894250021771,0.04235865774895742,0.010691900914814978,0.061267717010563105,0.024305008929808913,0.05655920168129791,0.05014396740692484
2024-08-09,0.013736066702906724,0.011428782570539697,-0.015038167118654577,0.00687575011257735,0.013688271044020484,-0.00785506780581402,0.01012152165219482,0.0026709415571233297,-0.03806738386327191,0.01597243631347145,0.008269380323371767,-0.0020958086229988515,0.02403845921302561,-0.0028495009053649545,-0.005638794492355048
2024-08-12,0.007129923557630757,-0.010013043519330633,0.018619199526701324,-0.000838620987187122,-0.004831147946826486,-0.01341558669393117,-0.008431444649396935,-0.010289894431218194,-0.017757406919253427,-0.0035151873037904124,0.0019457792766988113,0.040763762166143414,0.0039376326970175235,-0.009666849599495264,-0.0007806044991174321
2024-08-13,0.01719303512501158,0.008080119952770248,0.03187833935916218,0.020563504874259175,0.013091409702415069,0.011368595801313663,0.01152252659919184,0.00796920995880046,0.05733464194259508,0.024401696948072926,0.017698744180074888,0.06530911773455639,0.012671423728805475,0.04039557449856712,0.027022795170559055
2024-08-14,0.0020337303827382414,0.008538559049310335,-0.0026925874701700936,-0.0007636117446156998,0.002828005160530278,0.001543049040214628,-0.023087240904190454,0.006963735735045162,-0.026868551807997965,-0.003367877424607313,0.006883828883211152,0.01670396080236869,0.009980699489884337,-0.013689831693918464,-0.00831427870503354
2024-08-15,0.013530499890899828,0.026621455940516903,0.046962704158803215,0.04403286281963403,0.02925757737971746,0.06800172766523449,0.005799077988595691,0.008475411566324809,0.03865464130595164,0.020066052427845982,0.01182378346496571,0.04048101694112316,0.009808353632037248,0.037032351628822235,0.03230917812591505
2024-08-16,0.005918521493608608,-0.0012630850400529026,0.008143301732301156,-0.002984395462729106,0.0004563600140983226,0.019163237736553373,0.010291446073148691,-0.0008764967030011617,0.008699869527769355,-0.0184430693462746,-0.006080326718074236,0.013999682901176813,0.0039437019436419085,-0.006691822508201106,-0.006933055445758063
2024-08-19,-0.00070775764125941,0.017453786653100822,0.045234257748642426,0.006551472258579993,0.009394914695837198,0.01051363591547183,0.02276630871646046,0.004902410385452471,0.031145164944523795,0.0035267138790264774,0.007312383790385901,0.043506104742462304,0.0032731115148207923,0.012080448531422538,0.0006483477665693016
2024-08-20,0.0027446309080869646,-0.0015449551156613284,0.0072127455306034705,0.003703308593809629,-0.013339282537627284,0.005202124712521572,0.0030597897079582825,0.006675846862384871,-0.024628284171541504,-0.004817910586377816,0.007757411317865115,-0.021153737628825997,0.009063445133537185,-0.01233784116927783,0.00936895556114492
2024-08-21,-0.00048554008155765604,0.006296092534181952,0.00901536903538891,0.006876093995775934,-0.002864313225130144,0.004179943818318987,-0.007955503775451955,0.006019580575578498,0.020009532199798175,0.016004388036534367,-0.0015536262167613613,0.009823218578879578,0.007401104310963191,0.012259566725148607,0.028784527835629348
2024-08-22,-0.008259820734144996,-0.014758083229134078,-0.03871744949544764,-0.022097583221652117,-0.009575354316032403,-0.004558943452385722,-0.012360493629830605,-0.006338463478583578,-0.06118633700507603,-0.006035412668442097,-0.02025278816700604,-0.03704291361101886,-0.015121355470700815,-0.02996223018656785,-0.02207609569679536
2024-08-23,0.010288243072109626,0.0015427406497490193,0.02162161400976137,0.005166572293719973,0.020921169785966143,0.010354447346059947,0.011111218543880641,0.0007144937587419964,0.02189057341825995,-0.007388331493402678,0.002984016865249961,0.04549868578373739,0.008038663828361825,0.0266272610262821,0.02998481779374207
2024-08-26,0.0014987555551038145,0.0020419392322470475,-0.0321976408048662,-0.00869856159361615,0.004848500767530739,0.0009853725241115718,0.0032603223037073192,0.009586860223605553,-0.019961136148285097,-0.013030154073027211,-0.007917718208844016,-0.022493511384862885,-0.0020834080235184738,-0.023112475648895514,-0.007766390585187466
2024-08-27,0.003741518464658533,0.01497927364193119,0.00340018993371638,-0.013561281383547064,-0.004071139626190767,-0.0015751385512285943,-0.008906882366299551,0.003788222506323713,-0.00298059952527574,-0.0038766202351840917,0.00084647589680098,0.014550197086165673,-0.003023745829761282,0.02619638982902117,0.011716688745649684
2024-08-28,-0.006753396367190079,-0.01282101582010331,-0.027508301592348405,-0.013401063602498708,-0.020060500619957344,-0.0169592556911361,-0.01111253347256913,-0.001358561899657551,-0.022919735499113303,-0.004469224940966909,-0.007829111623794072,-0.020966688049880666,-0.004332770172307487,-0.011958900075242584,-0.014001649125637394
2024-08-29,0.014570202774651042,0.016216554058210875,-0.005944213675590615,0.007728290643119529,-0.007300150270483918,0.010832472250336567,-0.006570467501504806,0.0022170690072291777,0.02651700837482629,0.002786528781289599,0.006137342364368914,-0.06384843628616965,0.011169388882636966,-0.01373298872997275,0.01612582982959121
2024-08-30,-0.0034379735751901563,0.008391356179880516,0.02110105127168982,0.037067191865004956,-0.0159916658230147,0.0029768889196568615,0.009889948835161588,0.01623938787434298,0.09488334994485936,0.0059627218724433995,0.009730982977951275,0.01513739005205239,0.013412542816339856,0.034279451080851064,0.015396387307643478
2024-09-03,-0.027205145729960245,-0.005866881277737712,-0.07821752361435275,-0.012605042016806678,-0.019137985516376355,-0.009497343300563621,-0.03684662226904112,-0.004205286822512089,-0.08802179915931274,-0.0183190756358681,-0.018459148196565245,-0.09525016132832109,-0.012668939333653872,-0.06879631339452785,-0.058365059443623024
2024-09-04,-0.008618830572081126,0.007372552071047256,0.028698646164131647,-0.016567365497562103,-0.0015318066557870047,-0.007191485580268719,-0.00578297383141313,0.014060117777100256,-0.03333333649643222,0.0019148093538221556,-0.0013187735972320924,-0.016574017217923953,0.008960453476726915,0.012803301610959439,0.010751426217344928
2024-09-05,0.006927777412329972,-0.01272491494866368,-0.010151151596134111,0.026308183871355473,-0.006298610297391649,-0.01146877661526402,0.0050496070971659535,-0.007447020021310258,-0.0015440394325426654,0.008035205997760642,-0.0012473422846764892,0.009415358048675104,0.013214898006802311,-0.004742553950487838,-0.012009714320718845
2024-09-06,-0.007014986527561939,-0.007958761800823555,-0.036503128576962585,-0.03653943460735232,-0.008735389212530142,-0.012822982745645861,-0.0401933066700072,-0.009131738865419736,-0.026288672108771616,-0.03209765939756293,-0.016381396086042277,-0.040854417889891304,-0.005609687314688472,-0.033658858091571875,-0.020342518111746255
2024-09-09,0.00040754709835377767,0.011483701117625644,0.02828423982385897,0.023396899008788496,0.007336788619317636,0.004123612189586678,-0.013335998638004831,0.01389856837396719,0.009528867707344624,0.009035322549107327,0.010007472309666143,0.035398153798957166,-0.01353904628354441,0.016309487008558055,0.01884034039748106
2024-09-10,-0.0036214047785367853,0.008071831870787305,0.033948625759046,0.023660258265018275,0.0016276410906221894,0.0018479352059503906,-0.00033622053423543186,0.008794764024088408,-0.004719462717784784,0.0,0.020901089813233575,0.015309419741446284,0.11437553417249213,0.0056602509404848345,-0.006810240336622919
2024-09-11,0.011585090697250333,0.010270200206538682,0.04914592867851231,0.02768031821904482,0.013852867640687716,0.006558827125069611,0.0168169907148783,0.022257897701915663,0.03477343853161896,0.013946363576442522,0.021342406295017158,0.08149874798231838,0.008274952249118117,0.030183121170442417,0.013063158817311349
2024-09-12,0.0004941426455942199,0.010630936383485556,0.006072358590705429,0.013440254011034547,0.015226067417402733,0.010181185761735767,0.02335257785538669,0.00819488434830018,-0.014256557433726447,0.026903366430747644,0.00936083128722398,0.019161726121526446,0.02672104558646171,-0.009486302239501199,-0.031767127367964165
2024-09-13,-0.0012121459717728822,-0.0846986509414378,0.010214188780878652,-0.0027272433520638684,0.004736202940748946,0.003829914539563495,0.017906809739811402,0.01502743136719964,0.015495827872037404,-0.001864389184578763,0.008407441765286627,-0.00033588691623298583,0.0040276447501568224,0.016668899069927967,0.02015500674178461
2024-09-16,-0.02777528275584551,-0.02862889574194316,-0.0015100501032480063,-0.008579580976924128,0.009191902185713197,0.024698770258877456,0.0038103450512179116,0.011034230268232248,0.06358087536631096,0.017477038109359633,0.0017417705670164096,-0.019479325459762165,0.05122502877413204,-0.006677409252475397,-0.007302514384809666
2024-09-17,0.002172654697356613,-0.012406463476749785,-0.008285076878389752,0.010763186217390919,-0.006694748069880463,-0.008230545909346798,0.00797192421488857,-0.013952850955877949,0.026781418939689328,0.005700633570001168,0.008833088077375484,-0.01019014364534454,-0.016790784807141246,0.012544300385493479,0.01471246676984217
2024-09-18,0.017989783884184707,-0.013397324469570204,-0.016775055796457772,-0.0024080275860086653,-0.009262673322570358,-0.0007903704283366286,0.0030755505538140326,0.003782790115048895,-0.03260358071625158,0.0030390979400587437,-0.009973708154255023,-0.019205755334046892,-0.017555309687131038,-0.0023711639718292377,-0.003376499782498321
2024-09-19,0.03706565680700247,0.03603408061450031,0.05698302373462605,0.01845197970580159,0.053717849860766886,0.017203976479450045,0.014579759203502407,-0.004885211727333805,0.017814103212812515,0.03931565022756689,0.018291138326827827,0.03969298318041159,0.018598244462206148,0.03339275646461859,0.0343281603613288
2024-09-20,-0.002927532487892792,-0.007864171850995083,-0.005040248291661165,0.009111555436973395,0.0030451665621049617,0.010303295709214177,0.008942868212950206,0.01781294113981091,0.03311261982733171,0.004024421896965835,-0.0077959758173248295,-0.01586485470608978,0.002446554148562319,-0.02874877255947117,-0.02071289350280081
2024-09-23,-0.007580955560679947,0.010664383408767408,0.005129868979884211,0.011899784481557152,-0.009707627744519609,0.004233087049857254,-0.010636228754811516,0.012861681565897065,0.03296700129689234,0.00545122743108295,-0.004043418499537044,0.0022413426370297973,-0.012202451536189929,-0.017522935693781827,0.002705342808153599
2024-09-24,0.003973931519701379,-0.007198719056053071,0.010015995688795742,0.0004126358007008335,0.023579875901054592,0.0063230952912405325,0.002718455334437264,0.002131446111344859,0.011081560546019054,-0.0019133395943942144,-0.01001136919138279,0.03965248512322783,-0.0009037957447928235,0.005965167886617273,0.005347124055034014
2024-09-25,-0.0043980922578417125,-0.011773203625330075,0.023370368728350854,-0.007372694808574054,0.01349628057689456,0.002475306537887967,-0.004929478379113061,0.0011766915827564617,0.032003571533393727,0.008840006699500913,0.006850556995271484,0.021841569047127862,0.002894988387597719,0.00790652072572473,0.0005855360172315471
2024-09-26,0.005080271301849182,-0.004865841692324846,0.033761270685467304,-0.007115748848874004,0.006093033100645906,0.0037985796185875387,0.007678509416372492,0.009944391026069477,0.016142699489699153,-0.000826859061089924,-0.0018514295125282576,0.004291164149031079,0.01094556692441584,0.02608911273707637,0.020481767790365923
2024-09-27,0.0011866370158315487,0.00019398421551142242,-0.01874738364479067,-0.016687603998192135,0.003191373104165951,0.0032167975617223288,0.007497135540865285,-0.011592006247033049,-0.0004180697679740941,-0.0008453806380375184,-0.0076280694187890186,-0.021283381320518435,0.0038072632909815773,-0.014653187527478018,-0.0005734481339202402
2024-09-30,0.022871940162120463,0.00446195568261154,-0.00164286134733016,-0.008724793206352333,-0.010591667040954156,0.0037720710256685663,0.011588842925278842,0.0010867716527453997,-0.018820609193276883,0.008953793750164252,0.005327025048439404,0.00032950812273724317,0.009837441200661656,-0.00047030259330305135,-0.012288407141544222
2024-10-01,-0.029141532957444927,-0.028931284824268988,-0.026389576930362812,-0.006440170323887107,-0.010375765947165938,-0.009019160811984506,0.006873796270859822,-0.00782513931738138,-0.03282176387315694,0.0070398444817196815,-0.022333330720726408,-0.036561340179978696,-0.019014019028569917,-0.02511019490457378,-0.02405952660757027
2024-10-02,0.002519743152971543,0.005986495303703876,0.00018778578589584427,-0.0019986515757441925,0.031786619648238146,0.005349730029326816,-0.006767005102749302,0.0017323129781092739,-0.013221733686558435,-0.006348836857648976,-0.008462351519773037,0.015811972426736265,0.003290302544578294,0.015321602681015234,0.0090771613906786
2024-10-03,-0.00489463160514958,-0.003973843489307738,0.01921396512500495,-0.015154729791167831,0.005116551538266734,-0.0036108352823680523,0.0,0.013607662474280913,-0.005806126141598034,0.01738794862372428,-0.0014141830131585431,0.033655865225834525,-0.005068226773370266,0.003564587298979127,-0.008651422887070659
2024-10-04,0.005007197808530872,0.006788434915841579,0.04943191581983597,0.02500542770436165,0.024349264696173822,0.006103373590115924,0.0072351096783964675,0.014727053588184047,0.014824794263833319,0.022598868866266608,-0.0011524847653250347,0.016849832251814023,0.02397192485856725,-0.0001185350789749684,0.00515690183872497
2024-10-07,-0.022530716016455288,-0.0392729257123019,0.000409639126500716,-0.03061493551686767,-0.011051167019306307,-0.004549723668129002,-0.024422543507323424,0.004955688550253967,-0.009296192580912077,-0.01872667007690343,-0.015670831405351304,0.02241428140619295,-0.005208711243268382,-0.011604496838658607,-0.007103808836309344
2024-10-08,0.018404049879838347,0.018345993567322694,0.010703642849556827,0.010619458719785868,0.02459850229751548,0.004189534631404479,0.00859018411925394,0.006604440469148987,0.042001812748299505,0.013868449702069796,0.012623847072612104,0.040479232336097404,0.025886697417101034,-0.0035940544190472545,0.004670280369039936
2024-10-09,0.016698314779687973,-0.0043527400141395445,-0.010300918679750914,0.013408477078997505,-0.012518209277736947,0.015740753707619737,-0.0153303768373938,0.024844737431936048,0.006003404437415538,-0.004014250480491421,0.006631167337035393,-0.0018058782642775828,0.022481049218774585,0.023325721098904406,0.013649309053966663
2024-10-10,-0.00217825702468466,0.019207458326315097,-0.03999538899427524,0.007992632403596822,0.007814465015524519,-0.00037344061856825483,0.0013592387200596079,-0.005463050564324501,-0.010230169671106792,-0.011312148048197579,-0.0038804626285248167,0.01628322992644171,-0.013941180987913526,-0.009987087708196118,-0.012196907340336738
2024-10-11,-0.006505274292756158,-0.016184430720547427,0.02259719137150662,0.011626110360002828,-0.007133831262463253,0.013261056429434204,0.007156848087682688,0.0010299657901280401,0.014642556530669149,0.010482451860799324,0.0011542016190519977,-7.402684737223275e-05,0.0020522072803863534,0.00866354247095713,0.013038861578200667
2024-10-14,0.016479864556647295,0.028723063427121165,-0.015605426926632249,-0.006779016992029097,0.012287377790842546,0.0003686908977622583,0.010536742761862783,0.008574057219263631,-0.005093333387304666,0.0007967370511758887,0.006773637217992734,0.02425811501449293,0.0019912628749374495,0.0474174224072994,0.017307816881787952
2024-10-15,0.01102455181353923,-0.0031786424734393526,-0.05221761154301929,0.0007998782160802964,-0.011280949404396612,-0.0035010531763143282,0.0030309055741517543,-0.009776366657264002,-0.03327647904752351,-0.007028931374735481,-0.0009543604150079599,-0.04686013154773638,-0.011526195948069806,-0.022185946513071375,-0.04226978961431249
2024-10-16,-0.008851818843336523,-0.010806429241514204,-0.0032558382841110234,-0.004262363692000948,0.00870460582950372,0.04252965277644716,-0.0018130110433579594,0.003047744033410904,-0.015445736267721055,-0.016169938746662504,-0.006256928733731737,0.031306975985833985,0.0039060220252666866,-0.014992248777261352,0.0042535422988057014
2024-10-17,0.0015963480057223922,-0.01136232314953256,0.0007685589792785219,0.0034244710350397334,0.0008594740758263164,0.000354621140898459,-0.013502200484632909,-0.0033808960222624362,0.00582703143107155,0.00024265466760620136,0.0014420045446974505,0.008915204718201952,0.005206817560452048,-0.002216050155952165,-0.011908902599687243
2024-10-18,0.012276619644776776,-0.0038846139080627173,-0.0017919921875000355,0.007785456851548744,0.006286461508602015,0.00638295910343345,0.0030075012226515874,-0.0029198993985394273,0.014705878603042288,-0.0007974804936483615,0.0034556642384229175,0.007814310159864446,-0.005635162735284416,-0.001051927266478736,0.0008572173644494363
2024-10-21,0.006297767226620898,0.005677909867142672,0.012374127464743978,0.0004233124965837831,-0.005632588402485261,-0.002995149118850793,0.0039777121826281014,-0.0019379368729832702,0.003074207001183993,-0.002272423785951716,0.001482621649783411,0.041376725815984505,-0.005323653477551482,-0.011174849498575723,-0.013604043328526605
2024-10-22,-0.0026217866374042,-0.009242342292681949,-0.02412918116444951,0.003332044214411578,-0.010161795244834182,0.00017693325007228644,0.006521390388846138,0.0021574288568144695,-0.019264471590109133,0.011909902690790508,0.0208463324139867,-0.0008350095735782936,0.008920214236292301,0.024673098457043352,-0.009194526196628527
2024-10-23,-0.021622949868696395,-0.01638576952868842,-0.007657814938185514,-0.026304640562205495,-0.013526109253194862,-0.005653777912297486,-0.014290981401899105,0.0021528531963053155,-0.018750003725290343,-0.03147724146892594,-0.00680695138468812,-0.028065911046121106,-0.012606051483378344,-0.03799511051199678,0.0400579513669721
2024-10-24,-0.000823286853178895,-0.004453340345021095,0.003466083098578876,0.009041189476714617,0.008191800983485598,-0.005685854326383355,-0.0003685720751795962,-0.061697066768336084,0.016378554042268956,0.007255954562210398,0.00030620778347834055,0.006090493844897793,0.0073944399097152225,0.00900356696846849,0.02413983552429122
2024-10-25,0.003643102381711616,0.0017603208153560423,0.018182959083295147,0.007779788122410869,0.012902904538554472,-0.003931316015006403,0.01567126839128008,-0.01703378675820788,0.015219344237493493,0.009633708259246587,0.008052139920783352,0.00804784385484969,-0.004931601257584628,0.012908998472918487,0.001548704509146459
2024-10-28,0.00859930407844467,-0.005540380114566479,0.023619039507890127,0.002981406341556969,0.011395518749416134,-0.008252713505049636,0.00877340831451967,-0.008198695573737869,0.010582000347830522,0.00856538685057262,-0.0036434482358407294,-0.007206504695678739,-0.006339530740223198,0.01145232758617487,-0.005315692955438656
2024-10-29,0.001156940092700065,0.009042919562291196,0.039582303048599554,0.012951868195294036,0.017428801243193348,0.007235995403619633,0.0177542561232229,-0.011648142673607698,-0.0008726203183724301,0.026152039213512834,0.012564567047640862,0.005195029207424984,0.005857847439143082,0.021948742759958506,0.026818192394043816
2024-10-30,-0.015277974691205953,0.0026576113813920887,-0.10616537682095861,0.009956473710913016,-0.008330948000291216,-0.0016164989417996045,0.028170711918682256,-0.026279459184955445,-0.026200890456968273,-0.0024947499641996274,0.001342740708209167,-0.013522180860237487,0.006515522104374227,-0.047613720160645134,-0.01618165642538716
2024-10-31,-0.018209560470220043,-0.01767076155367009,-0.030484512740472258,-0.03284388507953562,-0.016970178044111273,-0.01475080529089845,-0.019202126999420255,0.008882375337652348,-0.034977524931955495,-0.04092593966030067,-0.06052758573969319,-0.047222720955731545,-0.038496814891483155,-0.028934522446513178,-0.016507831780501747
2024-11-01,-0.013279480381118036,0.009872827462501732,-0.015339811213403554,0.06185621865256041,0.011497301129914428,0.01332843706528064,0.0010518875552754103,0.007401397240173413,0.07806692701856766,-0.0007399928726204985,0.009892877291300062,0.01988572788898879,0.012988838144520454,0.01535920112689948,0.008663189216513878
2024-11-04,-0.0040377422381548955,-0.003003276151852141,-0.008106540896211323,-0.01086239567545566,0.011163161023280743,0.0059459573913469566,-0.011967854902579234,-0.009267680407473389,-0.029310357017834243,-0.011425348512581146,-0.004654219073567001,0.004800484348791212,-0.00252953657894206,-0.0005445172831760603,-0.006148770925919367
2024-11-05,0.006486426373974563,0.010532891367884156,0.006751452653783074,0.0190009257528736,-0.0017449139864439411,0.0059108119553124006,0.0029543461871286425,0.006058512556034179,0.03552394408521198,0.02095672345897004,0.0073446280178504075,0.028372002531491525,0.012913800865476777,0.004419312824762933,-0.005892007342749417
2024-11-06,-0.0032669969530915166,0.03784789407573652,0.02428351230041903,0.038045094425516846,0.03163125023896329,0.03044871160446716,0.039884522804357836,0.02905037345167072,0.07418523005471123,-0.0006639111476482995,0.021192831962980385,0.040740430441306597,0.055070313039919716,0.04267391162166967,0.06178982364008134
2024-11-07,0.021372175812722327,-0.007745128555218139,0.03252929718924924,0.01429333510169939,0.012642708089947385,0.003628886280558241,0.024021271429527147,0.0004214277766549923,0.047105802040505296,0.03435026116950879,0.012494535104456528,0.02245741911912802,0.028305145800131326,-0.0004625271509206552,0.011955194827356852
2024-11-08,-0.0011883324460036926,-0.012457120068438576,-0.012481713286328633,-0.008902691496347037,0.035941900531223814,-0.00034444646550690905,-0.013278007875730302,0.0001403170222273875,-0.001143682036614968,-0.003988502075483846,-0.006792958974382479,-0.008396207715243742,0.015453006740121733,-0.011566697256506386,0.01264127900276546
2024-11-11,-0.012028453772363057,0.01981082407949719,-0.004055362332561985,-0.006436720074140534,0.061438021191046355,0.009817405771107346,0.011214019681425436,-0.0007018606074171707,-0.043893186732483325,-0.010469441629779697,-0.010720898913462396,-0.016053544596601355,-0.0006340426301587598,-0.015329960680810939,-0.02006439530810289
2024-11-12,0.0,0.0434902700722124,-0.02524602013310928,0.010007771034946433,-0.0016974121948488685,0.001364454913466373,0.007041652702735934,-0.0049079434129788435,-0.035528918832528955,0.002829473684210493,0.012009200779438567,0.020859013048837527,0.0023794151589551227,-0.028997329282530293,-0.014314204711367573
2024-11-13,0.003969155680726866,0.011549745996024319,-0.030146916966183546,0.024843245179395845,0.0016709437620470169,0.00800563864421533,-0.015086353584456869,0.0002846584869029556,0.03145696331464354,-0.00824194279764201,0.005129693856757767,-0.013621938642532472,0.00026369717223562184,-0.018297490314983733,-0.033179799065122584
2024-11-14,0.013770376041206012,-0.0049389763057511304,-0.003302273537612699,-0.012237320417028852,-0.029468561543238625,-0.021291143318288963,-0.0184481425793096,-0.009150462917712376,0.004414149679566215,-0.004896616979031321,0.003974647541107101,0.0033499129400862415,-0.01360558283454949,0.022129222628860967,0.0013610712897977884
2024-11-15,-0.01410917774135001,-0.05001226762073818,-0.02837800738497276,-0.041942478231440816,-0.019267359271791684,-0.007942029613339341,-0.017598782429396942,-0.019139726445256633,-0.027167410568174177,-0.039988853548065584,-0.027852564077009867,-0.0325701492764231,-0.017695650843000177,-0.021162441176126756,-0.023689363150506848
2024-11-18,0.013422205914992658,-0.007668286526819834,0.029873973029155954,-0.004491405455644082,-0.00925416038105642,-0.002610290815374783,0.016290839605426877,0.015122680748770101,0.020123193570504183,0.0005774355215466542,0.0018312843034957726,-0.012889164636947559,0.010830470425748251,0.024922290562530147,0.030131341192235706
2024-11-19,0.0011403056843550807,0.00020014731233186644,0.0033110684381931765,0.014427385751800914,0.0036618105331005513,-0.005234798727371537,0.01608664150887873,0.010380232040012816,-0.02576487060052457,0.012067328304320224,0.004882560528546298,0.04894760831968448,0.017067705856787407,0.0012765196081925279,-0.02949123850026336
2024-11-20,0.0031539969306280113,-0.0002201424206625946,-0.012841619154679074,-0.00845508881471324,0.007018618202612847,0.008594993438258536,-0.012014321870336797,0.020689657773282466,-0.007851261490395833,0.007895354119202835,-0.005505156260854349,-0.007618445859915002,0.009793566693916622,-0.06338405011395742,-0.014323507343241393
2024-11-21,-0.0020960983788866905,0.009889894777590058,-0.0007994230048856688,-0.022180598835253806,0.030948662752054323,0.0010434865223285517,-0.04744857423212023,0.036346487047419274,0.017909217037762826,-0.004297106598246447,-0.004316785172784554,0.005346459209495391,0.008807283354320905,0.007713870375392284,5.05171827933637e-05
2024-11-22,0.005907584127903487,0.01528431911692385,0.006255004552998766,-0.006351495788949668,0.018583476385704012,0.017199338680630616,-0.017121149967305516,0.002563044878776788,0.0024549699112637047,-0.007014800459309911,0.010003131564683576,-0.03218105255831172,-0.0007274653125909358,0.008555083681023534,-0.0010090802675869481
2024-11-25,0.013050798837767497,0.012847712078536855,0.02009395487280896,0.021966324768223133,-0.008508242147776013,0.003245194777120819,0.01754073981285642,0.014172263994742584,0.015102075070750898,0.010677007139998862,0.004292635591464533,-0.04177525283899508,-0.022361912588340305,0.01294735825395854,0.024899014317604662
2024-11-26,0.009404410213577297,0.012665563147674197,-0.02416214514369841,0.03181932866326265,0.012002124782868773,0.01447053869721282,0.008768209741637056,0.011940141712786678,-0.0329715148573404,0.014917448212251383,0.02196795670499374,0.00661663090008191,0.01265998584203043,-0.011900351907784601,-0.009757084112598124
2024-11-27,-0.0005531422228151062,-0.022120684156130554,-0.010746410938286988,-0.010199148999145757,-0.03837638941363963,-0.00503437497938819,0.000650490069448173,-0.00834688918569737,-0.01663200129810738,-0.007566848090638678,-0.011682504619783818,-0.011539547660000538,-0.04028989468257249,-0.0033773409874821025,-0.00875830515192455
2024-11-29,0.010215949444352113,0.004380158916214905,0.006899494603032297,0.010450052683389277,-6.069088707594261e-05,-0.0013493999783715793,-0.0016545680424093767,0.0021594252658208024,0.01691330338191066,0.008995056957046721,0.0011111081098700293,0.02150148970082344,0.011713260673191339,0.013619054988720958,0.00923731679434292
2024-12-02,0.009522665181572965,0.0005233646717253126,0.035573736283440294,0.01356490130596999,0.003090927210724903,0.003715730024347108,0.015034131918581384,-8.786449732478552e-05,-0.0049895607356131855,0.0322294158338885,0.017758509156504454,0.002748551936289756,-0.01855656166225872,0.028385584377496498,0.003730800945645152
2024-12-03,0.012771751269974096,0.00011622928549970268,-0.0005631552332083789,0.012956175029913197,0.001268884330487774,0.0008412545963210061,-0.0008747648213268677,0.007080199369509765,-0.06101132357718808,0.03511951759097842,0.0005105044256614732,0.01175802401521664,0.008158352716221673,-0.002760091712855295,-0.022549297860018136
2024-12-04,0.0014835436581230876,0.03918564305984917,0.014156992718060257,0.02211394849472459,0.10994789982688613,0.002353706492006058,0.01768403531734375,0.019607042014951448,-0.022696940118673292,0.00021197361843761087,0.014424757422867751,0.034792334496292154,0.028979127922507786,0.004674528545014045,-0.0029407653494720742
2024-12-05,0.00012354028933203587,0.003224627672911984,-0.018265190516555396,0.010955259211262725,-0.01764212439488999,0.006709189117919401,-0.009921340322369132,0.005396415647139996,-0.052823310372190124,-0.007901969926728092,0.011888035122360252,-0.00048225476213414886,-0.010361887224688004,-0.012923933522362985,-0.0186115976563499
2024-12-06,-0.0008229736587772596,0.027386667295669076,-0.019595389505523864,0.029381072944344444,0.0016880784728556808,-0.0021659067075241456,0.01199034624180606,0.014014818635831983,0.0057692713286059405,0.024370851473697996,0.0021463355010171714,-0.018061359129204924,0.029263312248543505,-0.005486640541678356,0.0005699145543194284
2024-12-09,0.016101137954386058,-0.009096551463034563,-0.055703885018376864,-0.004140432746599476,-0.028785331354576282,-0.015695410606466953,0.004928074962148088,-0.0337758434384281,-0.00525815535135743,-0.016352196801479923,0.005523269939541331,-0.025484635385710663,-0.006468809641136719,0.007711403661988081,0.001812550324423956
2024-12-10,0.004133717309796614,-0.0016060535005850696,-0.023916843968819657,-0.004644181824783544,-0.007822163111978475,-0.0039016982698344416,0.055881794717724365,0.007478357937020341,-0.031234965651684043,0.009371273846134232,-0.006031153633207054,-0.02694318315051991,-0.06673668103309183,-0.02662710407474045,-0.01690375273214484
2024-12-11,-0.005165986892405217,0.005264610085143451,0.018866416729433677,0.02319588240507109,0.01728685215507264,-0.002213925289199725,0.05524655935992029,-0.0069049184618062975,-0.001984077801659545,0.021572136648477125,0.012767049084456916,0.0313909878855001,0.00472588658519979,0.021539076079763797,0.007992501349603831
2024-12-12,0.005963586016336508,-0.13692649754668484,0.003457642936112393,-0.0056023335225716675,0.008961544404611388,0.004437675259882479,-0.017604880057177863,0.009299398883052312,0.03280317196235538,-0.0029875225742740374,0.0012695308403010142,-0.014140973589445771,-0.018254837245656685,-0.009947982042619041,5.231100143809897e-05
2024-12-13,0.0006856322543806748,-0.01883572961977731,-0.02825422870563643,-0.006594726378065796,-0.010390200565333352,-0.00390819347783955,-0.011148290724601329,-0.006199808303890886,-0.021174230968162955,-0.016550532311924493,-0.005093939777762402,-0.02249887952900609,-0.011008674883732028,0.0018326830029034014,-0.0006261951101632635
2024-12-16,0.011727783478010068,-0.008932988984733048,-0.0017335215062231901,0.024048121869595374,0.008241379343434163,-0.00460600658910415,0.036034220461345745,-0.006455245324811343,0.0240904507100419,0.007082259637730237,0.00965865422985801,-0.016759991476465563,-0.012457412750147223,-0.004037091580338492,-0.011117370854334507
2024-12-17,0.00971952587123659,-0.013650223841638942,-0.01318182781717303,-0.00764177579215608,-0.01752377890318202,0.0029134650529798467,-0.006305268692253008,-0.0015698410181576028,-0.018722966446321987,-0.007689409824506499,0.006355281292021564,-0.01219690084916969,-0.008876823331224859,0.00018993244273679544,-0.007072764841433932
2024-12-18,-0.02142179102508246,-0.030577978366528313,-0.028875324571185246,-0.045987410359975445,-0.03805229485832429,-0.01691732536884427,-0.035922690312208294,-0.03843299591685778,-0.05577305612578498,-0.03591934517788764,-0.037560993441939416,-0.011350490096976307,-0.02533735666690784,-0.030838353080527292,-0.016584964092195342
2024-12-19,0.007014671328586575,-0.008882606176706442,-0.020838533336450138,0.012561168873593154,-0.002965184419292055,0.0017382143470590083,0.0005838232992960712,0.017032256856324146,-0.01243522179303036,-0.002712854800796749,-0.0008231219684045055,0.013730304267117965,0.02043399643439292,-0.017314689047278176,-0.0028649250942361926
2024-12-20,0.0188159453496215,0.022359904094193306,0.0027759239458191587,0.00729994595290151,0.02206816838095671,0.01544338798757594,0.015383811729164698,-0.002500746094987738,0.0241343654097812,-0.017327912706974646,-0.0009837694642989003,0.0307621928437809,0.005154290883786494,0.016555965956597918,0.013010224949585592
2024-12-23,0.003064859257357,-0.0009616548078952292,0.04521432288435023,0.0006224408269079884,-0.002182544014053711,0.007860532251621644,0.016822655929964014,-0.006402328739161689,0.03483608039083452,0.024946617822174888,-0.003092203904678348,0.03689690650656141,-0.0030648858903181697,0.03499245469752155,0.017498618561695878
2024-12-24,0.011478076862364572,0.002686153541798797,0.013563422649296886,0.017728630305015702,0.004461880083225012,0.014750711852299592,0.0076042271275227336,0.011174731232161506,0.00990093307113904,0.013169960665073921,0.009373849552854141,0.003937958121885465,0.013420891939443402,0.007077882903078203,0.012096459616769195
2024-12-26,0.003175573645010754,0.004956023593792658,-0.009739514989443365,-0.00873171784917226,-0.007867924071668808,0.002172324330649511,-0.002600605295770997,0.002138917112086025,0.0019608292291832807,-0.007239715066033381,-0.0027770069531659614,-0.002068276895827892,0.0015749821202177827,-0.005208335908494677,-0.0036896434179896076
2024-12-27,-0.013242021693490424,-0.008174854820161781,0.0010395401035538931,-0.014534256804240364,-0.009569199459404376,-0.006168848038883068,-0.014519572451417329,-0.009382319911060644,-0.006849378343400603,-0.005867332908595979,-0.017301420478994523,-0.02086760667728471,-0.015843325493312244,-0.00813730465265039,-0.002868467337596603
2024-12-30,-0.013263393440257065,-0.0015230764572351507,-0.021966610323273295,-0.010949707031249978,-0.008007212876926406,-0.0070458532924549955,-0.007885365237647157,-0.01135660542556749,-0.02364529853577635,-0.014287931876544646,-0.013239577765708943,0.0035034647616871695,-0.012133064693992668,-0.016916941334746527,-0.01684278317798027
2024-12-31,-0.007057920935259476,-0.0025123264868899264,-0.013476000432689594,-0.008630834323407832,-0.004199695517247304,0.00016889290499544352,-0.010144223820663156,-0.0019068658330092525,0.011604417042266224,-0.009691437003636505,-0.0078383453304397,-0.02327425915908299,-0.0016177244581033756,-0.0062102259028544715,-0.0023941016344765087
2025-01-02,-0.02623586096466035,-0.00827559759016272,-0.0013246432725939616,0.003783225458606987,-0.010977115964157846,-0.0016891132902977501,0.0006865451731004057,0.0005003507721494937,0.008478807120337217,0.023449547985069374,-0.006927581135704242,0.029934888581843788,-0.003660577064927728,0.0001301753818350182,-0.0029865884162675327
2025-01-03,-0.0020095092420736593,-0.02365077704258789,0.039293754464789776,0.018027432561515733,0.00677432510710263,0.002725748373307413,0.012458484740497822,0.012321465150396893,0.016815042736590735,0.008994890097483443,0.01139567868510638,0.04453778216537496,0.0017467203893222205,0.02727142373023206,0.019042498224135063
2025-01-06,0.006739006166805561,0.0014166926195191554,0.033341311426985154,0.015254909370185477,-0.00711917733785894,-0.0015289986181197257,0.026487305218821255,8.981417511266798e-05,-0.03356024536148294,0.04229028859648998,0.010629483642125681,0.03433240961951434,-0.0037877377544718316,0.012798706969756823,0.008766037174536168
2025-01-07,-0.011387714951863415,-0.01982927765249487,-0.017136249852623964,-0.02416414035082548,-0.016942519214779073,0.0027223673739964482,-0.007009643606654015,0.005793455491956978,0.007045766670125575,-0.019533476024372387,-0.012808269165923702,-0.062169732595383276,-0.022089481599454563,0.004191358030168235,0.00015629097428382366
2025-01-08,0.0020229888322240708,-0.007216757625603476,-0.04311635446647022,9.006470850470016e-05,0.0060628841085546,0.0045816812778254334,-0.007877717042277466,-0.0034828303833209784,-0.00649680492894722,-0.011604156479266159,0.005184983725643244,-0.00021383745322101078,0.006850542368213475,-0.008970822908736187,-0.002861636428325043
2025-01-10,-0.02410378997014162,-0.03255630292599421,-0.04760337817376936,-0.014360970473526025,-0.027684458541074375,-0.007770273533211469,-0.009847792677083245,-0.015368789703103514,-0.03672030045539387,0.008416340918451892,-0.013213730863895767,-0.02997647612121257,-0.05063283050618239,-0.013200769579308935,-0.00787854427717316
2025-01-13,-0.01034410835976085,0.006355898913382729,0.01103066846947609,-0.0021923619356289947,0.003838328444240924,0.00034048654937146594,-0.005363598599025132,-0.010693840738289051,0.0026110258697236155,-0.012226634189259844,-0.004200864938587956,-0.019718868886623886,-0.003754085075248992,0.000955468425472672,0.004943416378471399
2025-01-14,-0.004778134860750183,0.010305976634218172,-0.010484174566426141,-0.003204303696411115,0.014009542826024957,0.009700563745612678,-0.007067702477140836,0.001609886380098624,0.0,-0.023145320289925553,-0.003643466142500218,-0.011033635871778857,0.015527504993015029,0.015274105507062208,0.012611987281212489
2025-01-15,0.019675955411234902,0.011073168614373463,0.03333622937947234,0.025670516796895804,-0.007356051540167607,0.010955636312592665,0.03105563037263659,0.01047067418865999,0.027083256757924667,0.03848536575950434,0.025597155275675076,0.03400139594017548,0.01279516163401695,0.03058955151932774,0.02072346177612272
2025-01-16,-0.04040023803618342,0.023125944029702472,-0.012670862409694283,-0.012043887924316987,-0.003611987869934552,-0.0026675797026216586,-0.013500380501207387,0.011953107218322323,-0.0025354583570744715,-0.00943081734876805,-0.0040581502324681384,-0.01959797027832233,0.007769447246270822,-0.018125398072192378,-0.05133913726177208
2025-01-17,0.007535178800128772,0.007167445743071932,0.025498113650921583,0.023928209424767255,0.014249964881840826,0.006853890544472163,0.016017832116733688,0.009566024112414695,0.09252667451779328,0.0024047089189456194,0.010481088584435527,0.030995050791199574,0.00933957989061529,0.01938931808901434,0.026952043287830074
2025-01-21,-0.03191579433189162,0.0148142869877399,0.0067511913469875395,0.021111818274402117,0.007024925735126919,0.013282340125247982,0.010459284450090145,-0.0023576639740479077,0.013029348051544432,0.006021874338417055,-0.0012353857550320146,0.02265626248404251,0.07166352624780692,0.016468193072329163,0.014603345017086156
2025-01-22,0.005344970004767413,0.0022000687617651504,0.012021599896777202,0.018638063663626525,0.017684403621195166,0.009831319472137778,0.001615555929369128,-0.004459246134886352,0.004134136458219251,0.011419937803501368,0.04130696909127907,0.04430887343960088,0.06750879259407427,0.017755661878852358,0.009322529692916692
2025-01-23,-0.0007594095883745045,-9.14857409947123e-05,-0.005737366339172989,0.0017446222360446573,0.0061332251447194785,0.009735541640316425,-0.001965927936543488,0.012451835474448503,-0.013266281218218157,0.020769824046401597,0.0011430713247577717,0.001019845476005976,0.012213623661760042,0.024201209750390085,0.018066288991360535
2025-01-24,-0.0039347113107776055,-0.0043450281325200235,-0.0016255248386581878,-0.002421170970448472,-0.0023307507342118505,0.0,0.011263849517629376,-0.005485667717913256,-0.03430689761649508,0.017346245182174203,-0.005932455995306007,-0.03124595825000709,-0.015391203849174362,-0.012904331347221909,-0.07522045066008831
2025-01-27,0.03178028898315488,0.007395840839245382,-0.0637414069935539,0.0024270472668348475,0.03959512103556406,-0.05061861799599743,-0.041956023794460395,-0.0029805274230603196,-0.025924100343569956,0.019135494362181316,-0.021393477939779526,-0.16968153408129005,-0.13790852131967835,-0.005403635067803392,0.008139206763016826
2025-01-28,0.03654394871352906,0.009667100263045292,-0.007303747080103173,0.011596277923593856,0.03702104325481348,0.005924022972049858,0.0181950738188279,0.006826440124787947,-0.02414990913538173,0.021897885530045125,0.029086847331126764,0.0892585743856511,0.036138517451181906,0.0021615242243990807,-0.03453981952598484
2025-01-29,0.004616873847964831,-0.0026194645282768825,0.027853204486086636,-0.004534900692607424,-0.016530298657305154,0.0020192668030494243,0.0005632751955106929,0.013161363154184702,-0.002525214090259187,0.0032031448761098424,-0.010889964534714691,-0.04101088014262022,-0.012073012543470818,0.0009326499595587734,-0.0016614472902121147
2025-01-30,-0.007394764006926291,0.00978085354975522,0.012867508784531134,-0.010250170242948609,-0.029463065989621007,0.015449208021986793,0.027941230377413584,0.12964180131029668,0.013164568550979139,0.015536084637202352,-0.06180906066178271,0.007679826612774665,0.051598628836638794,0.0012811643691670316,0.02773621986369945
2025-01-31,-0.0066921551124439205,-0.019170376217418683,-0.024482615237812366,0.012955989149507907,-0.005442893425646855,0.00214978035618385,0.015681881248466034,-0.00995077754168927,-0.028985503102038956,0.003173176927670829,0.00016868857321306052,-0.036742847755514396,-0.0018782309138152264,0.005816339755339461,0.003806061788260262
2025-02-03,-0.033855973855805965,0.002628857845225374,-0.014489006894288226,-0.0010938846972727845,-0.007199297788150094,0.007260791271641809,-0.013675251844178393,0.019671420679123086,-0.0025733990542378127,0.012014252774210865,-0.009974308160568324,-0.0284001001377977,-0.00858531461887413,-0.015555385047744785,-0.01987963840356144
2025-02-04,0.021007815329716406,0.0037163813500444842,0.04576882393083492,0.019543422733693472,0.01444403471213307,0.004914789174866652,0.025592707650813784,0.01430590722560554,-0.004643872504465962,0.009649388179382878,0.0035286251031962923,0.017058031680128094,-0.004211120916357003,0.016447291992866875,-0.002100147608818048
2025-02-05,-0.0014174215408232493,-0.0059060173968839,-0.06267780639137688,-0.024332807771026643,0.011012999288233738,0.020052154565999514,-0.07292374115220157,-0.004386266048611032,0.018662451317622786,0.0009656203108816541,0.002231071424987796,0.05208597095662815,0.022455186419944706,0.01629681289123064,0.00570427008707397
2025-02-06,0.0032262253810400043,-0.005095653774757181,-0.016516368528152192,0.011263088803542765,-0.04920548313754103,-0.004794609900293789,0.0014111120464010973,-0.03744769686735605,-0.01374048157787533,0.010101212265557713,0.006121601480463479,0.030841967502987178,0.004019505565100667,-0.03718849820787984,0.009306807472557299
2025-02-07,-0.023968751732536098,-0.005351370245585185,-0.023602088027253054,-0.04053095448794508,-0.015053920388787834,0.0,-0.03267218254531179,-0.004340279407246683,-0.014447822054797221,0.0035533650876518053,-0.01459774494690158,0.009014445058283194,0.012242584453750371,-0.008032257839348356,-0.017896163745616644
2025-02-10,0.0011872561854502361,0.04163298883406319,0.027147693051491117,0.017412199866636335,0.004204723890176787,0.008671926743518465,0.006096829772656243,-0.00558491609491385,0.035078537325264225,0.004030777611728098,0.006028060611596331,0.028727818962695606,0.025564539762485072,0.020243055904134,0.0017222326318868664
2025-02-11,0.021831898745981793,0.01711372448736248,0.005611831085707397,-0.0016299428832775575,-0.008557380390291969,-0.006050045974272278,-0.0061671470072507395,0.021783547159356376,0.06069796802253391,0.0033453111437753424,-0.00189216424216343,-0.005764828891965945,-0.009669167887869534,0.0036763404222994733,-0.005878771373822866
2025-02-12,0.018270070070558475,0.008587250726889373,0.005580582854161298,-0.01645472556041927,0.005302103910844069,0.0016018715387580151,-0.009227261158622047,0.004358075170890041,0.07200764322010311,0.007752233259955776,-0.005833231074290346,-0.01249994102552976,-0.02804887865889838,-0.009884272701767838,0.004128474712316255
2025-02-13,0.019673266018733315,-0.007649771955694273,0.0008055526038961425,0.006290143220533118,0.011437400971425538,0.020949941122374804,0.013779160022926229,0.013212892803810883,0.07339856103778764,0.004383751193222096,0.0036671419446496767,0.031645476692271135,0.009522708301752614,0.010922497655981411,0.004500139676872017
2025-02-14,0.012710697826132211,0.0020469544856660526,0.011537438008182743,-0.007336035409240549,-0.01003476676224524,0.01613404341531144,-0.0048888857758878634,0.008063492696360974,-0.02196430989349596,0.011131488625709896,-0.005139655862465342,0.02631404760027567,0.0017254737978036339,0.000464653941287807,0.01233403685637513
2025-02-18,-0.0005314234698778897,0.008583930932757777,0.010433247755045505,-0.008877028355405714,0.007411096108734805,-0.004316485100953504,-0.007882061145947472,0.00685114614046034,0.16059317571683374,-0.02755641104804274,0.0029626822700561384,0.003960993622789344,0.03238406511284442,0.008186774401187202,0.01874014565919002
2025-02-19,0.0016360282099101564,-0.015341180629402151,0.0035877114673512622,-8.819331220011328e-05,-0.013466721362816347,0.003870725509199646,0.008162443594930568,0.004751528042506781,-0.06097116150083204,-0.01758858874569036,0.012523110327872233,-0.00121945684839464,0.009566164177672976,0.009099439131862841,0.05287996835711306
2025-02-20,0.003920517943111657,-0.005032906282671834,-0.004533998268302475,-0.016546793977871843,-0.01879641596851067,-0.0026218618101488955,-0.0038322626526801074,0.001588908110213616,0.014385725082087575,-0.01268876066500757,0.005290636980393337,0.0063205125250109795,-0.03040987136133444,-0.008675001411987848,0.0389160922056766
2025-02-21,-0.00113895905768846,-0.022806736593078747,-0.02916704812526183,-0.028266344731418536,-0.02710178390764928,-0.010669526800492601,-0.026549647803162046,-0.012313960959634662,-0.046761184600203176,-0.01624838258564898,-0.019032571139321552,-0.04053975347917382,-0.04653414040448922,-0.04761074002564547,-0.009609729201763617
2025-02-24,0.0063123665336812795,0.00022507675069127764,-0.02463005970531429,-0.017868663239768212,-0.0047772596937623035,-0.011566032876177745,-0.002281990858376548,0.0014913965906391269,-0.02412546687667183,-0.022558640368981142,-0.010313296708191477,-0.030870884116102726,0.012812059305384649,-0.026174188686549638,-0.0062377598948542
2025-02-25,-0.00024284816198016923,-0.002272646899573627,-0.038386842127920096,0.000423094048469963,-0.007913937407658334,0.01628711717433662,-0.021366919815178242,-0.015732925568108014,-0.05274003553782591,-0.01591013955821463,-0.015098974384675445,-0.028016674607738046,-0.008354848749183574,0.0007448852597917721,-0.0037859203181526135
2025-02-26,-0.027040061486804157,-0.004307533989613921,0.007502874049307051,0.007283848822975836,0.004740376906695598,-0.002956304501572471,-0.01533464217346625,-0.007410267283014416,0.023053531619053658,0.02463875167265317,0.004599204235896437,0.03672110394713779,0.023317862010535206,0.005458393422285601,-0.008700878794881017
2025-02-27,-0.01273095830285198,-0.009762168875637078,-0.04993312807148875,-0.02617215045770671,-0.04044505177848634,-0.004213520742045396,-0.024488924949736757,-0.010201771335671461,-0.018282325544506706,-0.022947826539013394,-0.01801222535696867,-0.08478046406972162,-0.0447033676373767,-0.047254710028445945,-0.03500800494887846
2025-02-28,0.019131795737724833,0.003133637799439537,0.003517219039367969,0.016958863624485065,0.010003452679343994,0.004701499579380153,0.01056371170635173,-0.00311965954727611,0.02771760006145807,0.015131349484012624,0.011362228523667195,0.03970030303055361,0.007890150594521472,0.017676583959692405,0.024516405754503534
2025-03-03,-0.01575416902354332,0.004925218155175548,-0.016322824388697255,-0.034200087377916355,-0.01608189847064878,-0.00982694772609749,-0.0192036470796475,-0.0089128752188109,-0.04171933376383308,-0.019679833125633817,-0.02141115598739185,-0.08693568825238485,-0.024328312061595248,-0.022586891613821658,-0.008163620974578234
2025-03-04,-0.008822466288638586,0.012048460573348407,0.025654042114908737,-0.005950644792114046,-0.019518237951102746,-0.003465627572657448,0.02341165229159814,0.012070817663198952,-0.062005270958838565,-0.022975306176204247,0.0003088206817996042,0.01692093873052891,-0.028083117797792823,0.00546798152350747,0.002314931837981815
2025-03-05,-0.0008052330722259082,0.011680809518052504,0.009131495473402529,0.022374865016246748,0.01611334709124579,0.011065481189074688,0.012286586386381249,-0.007345663973466032,-0.024378830737160295,0.025734348061808854,0.03193439701492018,0.011294060111450621,0.025973293775857886,0.026091008173997787,0.0037467204566057344
2025-03-06,-0.0017391694763003729,-0.014316088101417601,-0.027736793012804184,-0.03676331176651382,-0.020276093152466035,-0.008599139672965217,-0.0038725648421679137,-0.010582938427537103,-0.002883203627207065,-0.043474901295971535,-0.01029870731484639,-0.05737425087857684,-0.06573409065865421,-0.010149812670775527,-0.031855739567827834
2025-03-07,0.015892485800142353,0.010387146746407394,0.014769844279308497,-0.007224698407026442,-0.01104697126766463,0.008358253581078223,0.008761406417229445,0.05167085301321617,-0.005301234233810237,-0.003615076281538121,-0.009020163774127177,0.0191734956034193,0.027958046066898445,0.03319653581101045,0.0062323155066053015
2025-03-10,-0.04847952646788245,-0.03186472523076456,-0.036686276490298986,-0.02363867861413893,-0.035314123957995824,-0.029402459618041,-0.04485779961596437,-0.017741227655416858,-0.03439918146648502,-0.04422534183966975,-0.03343416579797065,-0.0506700420206071,-0.04105446322778061,-0.038704901666166136,-0.021152676209912236
2025-03-11,-0.029189322667941164,-0.003263728403927413,0.0013453884560459262,0.010537694677220655,0.015207013863371754,-0.022397751824913992,-0.011032818121805121,-0.0309458663952219,-0.007526322941967978,0.01290997899332047,0.0007629062358160965,0.016638535688298095,-0.03098316833108461,-0.012130504948715704,-0.04906441946000706
2025-03-12,-0.01747869211575459,0.011391418160977773,0.041649428382845244,0.011699491808345508,0.027179145044996966,-0.003461314328417897,0.01871507944209494,0.0027314823046886705,0.04550048469603496,0.022865694198048514,0.007412232220403547,0.06427599970802578,0.046539041236499656,-0.001959504796077427,-0.009247753608438769
2025-03-13,-0.033643703453495544,-0.13853171208411885,-0.026589942264430566,-0.025139524437347016,-0.04511913453746208,-0.013066606993932361,-0.026030856404063885,-0.015342691517966967,0.14603483622811297,-0.04667840484231922,-0.01174111429945024,-0.0013824634742628517,-0.021406378659556746,-0.005628275715346409,-0.011952091355787342
2025-03-14,0.018170561422649945,0.04472791144474608,0.029150959051668757,0.02093969555611075,0.028188784292001,0.013909897288393758,0.016773294136971595,0.010374358255899274,0.014767867630974818,0.02962983655658813,0.025846867436050136,0.05269075080871022,0.010903628831779644,0.03053838931123365,0.016244188608091736
2025-03-17,0.0023888212334428616,0.011653255857822842,0.03585218454414796,-0.01116439246854839,0.004831851501450712,0.006446273795251534,-0.007251316352863579,0.018602789524045482,0.06819132428369734,-0.004443573465359951,0.0003603184031335527,-0.017588588459607313,0.03175436002471388,0.008749526266697227,0.020235928243562684
2025-03-18,-0.006121501054763834,-0.019957933825289875,-0.010325979916579242,-0.014917738259935254,-0.007195000920969807,-0.009689691427002378,-0.022034170640956696,-0.02379737019960171,0.008952881956207692,-0.0372624626533995,-0.013326582538613851,-0.034300941316487976,-0.029608515949163583,-0.010509760445456928,-0.0030002698122498783
2025-03-19,0.011989249068323105,-0.008891791686043815,0.026277665583692267,0.014106347155876442,0.0023679018050681844,0.01359873151485469,0.020041060282139256,0.02162382258487283,-0.06944441480564656,0.002919212905865498,0.011212037204443748,0.0181062037527564,0.02007361829135057,0.012604882314684263,0.012761073926129685
2025-03-20,-0.005296316723403138,0.0044341711262763095,0.008566280748925958,-0.003017266841301769,-0.001288672324949669,-0.008180573129154656,-0.006650717931464434,-0.03555430784902458,-0.006633571691278095,0.0033216010039194277,-0.0025268825449781263,0.008594252057190221,0.0017712020686320162,-0.0019588031354319524,-0.005832427963490483
2025-03-21,0.01947689810001929,-0.006031610262290932,-0.006533479113588814,0.006463245885351521,0.005698297912737349,-0.005278898314158509,0.007309491478816099,0.0022603622976256066,0.012520916355276412,0.017491394854502573,0.01142578814293449,-0.007002478113307897,-0.0032085849541746425,-0.0071540677354552384,-0.009298146548977648
2025-03-24,0.011270430382703811,0.018617960216036122,0.06961664658730116,0.03593082692897376,0.01902939700618167,0.011111342896235277,0.02250124676304055,0.01878045694025965,-0.0016488423392396756,0.03790356398439387,0.004651657731501446,0.031520908262874014,0.017342122512826075,0.020788075214757784,0.036368754920948154
2025-03-25,0.013681841146428786,0.02324641518837267,0.008432139634071856,0.012053587883713357,0.009266898643228716,0.0003280330852928337,0.017175739739313522,0.005836323608790384,-0.0008257040042115582,0.012054747584876457,0.0052915097113976906,-0.005930332935586535,-0.0060696167391256495,0.000437281616214813,-0.008301391825694227
2025-03-26,-0.009921772080253355,-0.014443605386650238,-0.04024035550414207,-0.022264360904062586,-0.026402335235718666,0.01328072473607711,-0.032246801405536485,0.0017606512783350237,-0.0322314323163172,-0.024476721214847896,-0.013133913367909145,-0.057419847461616325,-0.0398232537907498,-0.01098970361232876,0.002826539373137704
2025-03-27,0.010472664818015787,-0.00417285556496072,-0.03212633484974958,0.0011435177345771042,-0.011316990439323549,-0.006472422527358579,-0.017084515355513474,-0.016497562388862685,0.008539742198459432,-0.013748449837731935,0.0015643219223575588,-0.02048169079087525,-0.013667032465043527,-0.0026517830883590054,-0.020217942260160604
2025-03-28,-0.026580387700292918,-0.02635366048783594,-0.0321612776005773,-0.04290822091507418,-0.028220758537556567,-0.008794802561521653,-0.048755011569955764,-0.008976142042761093,-0.03852674523403099,-0.042882365880991036,-0.030160314474539707,-0.015794676608994695,-0.033681043353645856,-0.033233983024621105,-0.024507706420920705
2025-03-31,0.019412558903452393,-0.005651895787187944,-0.004650294044341807,-0.012764667384211892,-0.005963631556461069,0.013966475741349127,0.0020086953457216783,0.019098427721134126,0.0,-0.0006586834809642061,-0.009002006493381343,-0.011762611854777782,-0.007524411200940828,0.005827558818255918,0.019111870835612388
2025-04-01,0.004771978062007687,-0.0008603931200060755,0.00038934121431832835,0.010038913682617334,0.006856484807626906,0.0014583837608779238,0.015714069307794842,0.006756211840897253,-0.029062081638892123,0.016725575061260045,0.0181143596095672,0.016331513496370187,0.015234852322445702,-0.003645598221770907,-0.009515746000063885
2025-04-02,0.0031364045607933377,0.006732741362418748,0.0017513164751277177,0.01998228846583383,0.0049592353890342,0.00032362750703640586,-0.0001912788547224764,-0.0014380754142278018,-0.0031745894442738454,-0.0035325175883380577,-0.00013070900402001318,0.0024510699831183924,0.02761728022058829,0.006729728578298788,0.0011236278285904344
2025-04-03,-0.09245611817424748,-0.04803255440388399,-0.08896655122538999,-0.08979129298487254,-0.060064929712347115,-0.06676427632087978,-0.04024443890086005,-0.02596195928733136,0.020473192552836084,-0.0895825092724234,-0.023630212743205203,-0.07806547074373227,-0.059166321807609834,-0.09514534504908656,-0.078511768698043
2025-04-04,-0.07288738641142001,-0.04950304336495914,-0.08571429268601372,-0.041533565999713695,-0.056693824029073414,-0.048333711532993595,-0.033970251620876635,-0.06575226666085254,-0.1150245157647507,-0.050581249378957804,-0.03556599142691408,-0.07357568117034718,-0.06529179305867527,-0.08578385135902344,-0.07801463083620286
2025-04-07,-0.03673438112745897,-0.023977984191043356,-0.024720180664342672,0.024912248577988017,0.014329591569933964,-0.0023835134728086294,0.00789833694134301,-0.007473211671492508,-0.014105827771514479,0.022824027503158373,-0.005502312663626552,0.0353089301521432,-0.008653708862015441,0.01773106269122504,0.01724020578924046
2025-04-08,-0.049818097008222595,-0.002054629239654604,-0.06492109450980954,-0.026246667744515673,-0.000900934442149115,-0.022422359193156494,-0.013969373345635971,-0.021038241586555873,-0.07358204172269156,-0.011234873358390685,-0.009221489003382377,-0.0137236757742083,-0.020918511607253443,-0.03900711340799745,-0.05188302940951128
2025-04-09,0.1532885256174954,0.07247063131893383,0.23820480081192907,0.11977031526306248,0.08680710120746649,0.09287461058209256,0.09682117355552333,0.06460664187264564,0.18753456609289443,0.1475560968189742,0.10133676255656754,0.18722741037576052,0.12200812243454617,0.15185293758750684,0.1608793858478843
2025-04-10,-0.0423938616432078,-0.040012138737805625,-0.08405617201023685,-0.05170070417193329,-0.03638868417038943,-0.026492349288661843,-0.03711175044219617,-0.024478277009510108,-0.076637318776416,-0.06739861876525399,-0.023406433535439142,-0.059127169778110056,-0.04195705905588143,-0.06400171334333804,-0.07610613043127878
2025-04-11,0.04059450740721626,0.006913336700830497,0.05298765207826617,0.020141230945248445,-0.00047036867637006985,0.013076498711489082,0.02826836879540706,0.025833183155835604,-0.007042223116625057,-0.004978845264179577,0.01861804798107558,0.031235575403224525,-0.00749905478972257,0.03608633477454748,-0.05747131338849343
2025-04-14,0.022054074005721125,-0.00442590164607215,0.011777285397755799,-0.014875318183769082,-0.0017646823816497292,0.0013954116013275009,0.012282221013679484,0.015202957865218636,0.028875364814248572,-0.02224188164668206,-0.0016475570308049914,-0.001983267984299708,0.017302541786635706,-0.0004307674436614395,0.022899716442866147
2025-04-15,-0.001876449715328632,-0.0015103552870131542,0.008359798047908429,-0.013891933050343641,0.0014927352220484025,-0.003657825659063585,-0.017350972609141424,0.006860146001409051,-0.02264889692606953,-0.018740064310224014,-0.0053634167188759685,0.013458518216612925,-0.005198929315306078,-0.00423881264599002,0.0013246425324107136
2025-04-16,-0.03893338032138549,-0.017666540199622882,-0.07345996361365725,-0.029288905919567454,-0.019966211714610438,-0.025174903329110765,-0.019064557105947233,-0.008849147462099083,-0.031234298605463895,-0.036834720250224384,-0.036605948501585495,-0.06871652057100186,-0.031208107549503095,-0.020634932302725173,-0.03062569118566172
2025-04-17,0.013949572360662854,0.013393722417452514,-0.008947795982958362,-0.009866352335440198,-0.010326586837207441,0.0,-0.014152370094330124,0.0010059938347468655,-0.015600584721889077,-0.001652320367271809,-0.010306522834173992,-0.02871097507287479,-0.008785453184574021,0.0067776670927148785,0.012896524313184443
2025-04-21,-0.01939270154435302,-0.015997668484947436,-0.02217145647321428,-0.030647084568839134,-0.04448752452161042,-0.02492831410539842,-0.023088292783342568,-0.010845436939289965,-0.0047543661456403985,-0.03354072592069657,-0.023546575764535782,-0.045127402536006,-0.04509403056726158,-0.003805180537046926,-0.019064898792745977
2025-04-22,0.03406507370041245,0.019491878146997488,0.00818144690989886,0.03502262189247651,0.03017858830803455,0.012323054131280653,0.025733041738950524,0.019812068674386785,0.035562636457936225,0.03222878662890882,0.02144117026668324,0.02043105975814563,0.03598762432948388,0.019098115690041384,0.00789772997187388
2025-04-23,0.024331559837067696,0.005858614419461672,0.04787847381333776,0.042845673527805994,0.029130132894120697,0.010719433466543693,0.02561565831331536,0.019011995381939872,0.055356223015685435,0.03995746937905542,0.020636895884483586,0.03862891293738224,0.03269401424298746,0.012397296897614263,0.03672680370482806
2025-04-24,0.018426188260926013,0.025429061326061486,0.04513775703733369,0.03289029336584037,0.05677109436026462,0.011864175250654307,0.02529758778813851,-0.06578948972746934,0.04371052024577837,0.02475639961911602,0.03448254573776799,0.0362184435452948,0.046499242261248686,0.048056412972921514,0.06559311219490782
2025-04-25,0.0043672089188706575,0.01886896314730424,0.023076111749832817,0.013133978209558528,0.011900279914110135,0.007461210162081899,0.01682590130924555,0.013430505410202631,-0.06700793622124324,0.026484100562546686,0.011748169172553835,0.04303307785020882,0.007126882646780741,0.009170471059763319,0.004502529663124921
2025-04-28,0.004109420560413302,0.002447497806746135,-0.0026901410463077147,-0.006825802991833552,-0.008250907880666625,0.002292516071269901,-0.00833546175370492,0.016135214625006444,0.02294269373192903,0.004513394162888984,-0.001760826875303434,-0.020538693171568978,0.011914093188068575,-0.006327519312370078,-0.0025788609366912407
2025-04-29,0.005091773683894019,0.006402300201838962,-0.0034236106768782415,-0.0016515586767922308,0.00798071705772685,0.008796454321087666,-0.0028017465056151547,0.013677118034842062,-0.008288643315301103,0.008549470526766578,0.00736268047832378,0.0026671088777265872,0.004638214521918815,-0.005012662254546996,-0.010280638323678426
2025-04-30,0.006107731322571031,0.010782252093219702,0.013429116680337971,-0.015849304820837684,0.0035477844593732044,0.006801642477280323,-0.008491607734768092,0.010150839547573565,-0.011799398688186802,-0.009811758370556145,0.0030961718464534993,-0.0009173429822770807,-0.000497171963719456,0.01075697963672595,0.004014718061256195
2025-05-01,0.003858746323233131,-0.0009333993633287019,-0.0071905183278279106,0.031341496782804956,0.0023074630570747434,0.006755489114795621,0.015743132344695043,-0.008932196825713223,-0.005970190893330951,0.04227698760668308,0.07625353781859867,0.024697079525506593,0.03389726566672868,-0.08924958048899556,-0.01118404506245707
2025-05-02,-0.03736166699984034,0.01665640806407631,0.022245230128663973,-0.0011566836184702112,0.02134917374927614,0.020819136481387668,0.016924925302577165,0.024576392121140822,0.03203209768069071,0.0433582463754425,0.023225213810350143,0.02589380833985855,0.03601603164489542,0.03402105607755179,0.03949205373802944
2025-05-05,-0.031458456524213974,0.0004988642944891986,0.018117340393148496,-0.01910722026349243,-0.00890641313067575,-0.00016862084849567083,0.0010974816858326797,0.01478317749718494,-0.01697382964232408,0.003768787223651149,0.0020446324451217635,-0.005938849150802783,-0.009553456209802969,-0.0026463384227934927,-0.012704532030025195
2025-05-06,-0.0019106201806933232,0.00503861187223964,-0.019584388736740954,-0.007190832051464091,0.0026775847421312005,-0.00168576649548835,-0.005968047072614446,-0.00024080554607608384,-0.01628021293801507,-0.0199576800606861,-0.006557043230856041,-0.002460037893000977,-0.010650463514263464,0.0032987993728155196,-0.008188559761138525
2025-05-07,-0.011384824900739332,0.0051960681426947986,0.01764345787173327,0.019998985551532122,0.01781541278858656,0.005910245077430432,-0.0725969397921723,0.017060019161583728,0.018555612937562582,0.016175416559757405,9.231617222149602e-05,0.031002236780898196,0.011306775887771403,0.03145116963382022,0.02296843185212971
2025-05-08,0.006318509038841347,-0.0025456814380876436,0.01335189647012025,0.01785806262143419,0.0054269726245044225,0.0023501288198060077,0.019157025691712626,0.0030390981090877567,0.03397343930090546,0.0020107408597389576,0.011122574106224858,0.002648250050777179,0.006226164219403918,0.005543899934121521,0.0051581043665061
2025-05-09,0.005265995369670984,-0.0018489842785869293,0.011209433862899854,0.0051020185245573835,-0.015442751870042293,0.001004827198521241,-0.009916939930432522,-0.01291298444844502,0.020000003633044994,-0.009230724140860458,0.001278091443462026,-0.006134396258082764,0.00026619586253229244,0.0005513442581017713,0.04002656151717443
2025-05-12,0.0631461813685279,0.03303069218960042,0.0513419544604361,0.08070031092964336,0.04865288946340529,0.031788482583155364,0.03738125218278121,0.01801764462931099,0.03548086956932117,0.07922494403045865,0.024001199192455802,0.05443625040959432,0.045762908015074544,0.047802758613839647,0.08713069471495305
2025-05-13,0.010152368376012744,0.003687405783895814,0.04014054964522118,0.01308471882441209,0.0012118765826167888,0.0017836878626271702,0.0067525417750675665,0.019314921655692707,0.017132513775391045,0.02596076658915214,-0.00026718463672559256,0.056341352608381357,0.032120462851332965,-0.005127534066613482,0.004912483289348346
2025-05-14,-0.0028178115677905957,0.005208876084577874,0.046772205042252324,-0.005298742220089303,0.005429308501617269,-0.007931273581543996,0.03660752940760692,-0.002977612082558312,-0.04609924790772901,0.005075830120129243,0.008460592152937041,0.041637976402931764,0.004190561767254408,0.010836430191085045,-0.004569608234678002
2025-05-15,-0.0041445071103577424,0.01306731720717913,-0.023190650090253895,-0.024161720956264898,6.87018967449049e-05,0.048458222418584995,-0.008526475218347707,0.03436492571340333,0.0013939952908343933,-0.02347718047799019,0.002256121922437071,-0.0037682209900837815,-0.021785803195544684,-0.002418413631721794,0.0026156169958377884
2025-05-16,-0.0008985839062412015,0.030739584290094824,0.01895817328180538,0.002047074000553817,0.0013412911804062677,-0.009959651306138961,0.013600941676971123,0.0003000948637772449,0.005104436855960071,-0.0054979715962563125,0.00251580003751406,0.004227517817044557,0.006838097592524628,-0.0007208946365090396,0.003567007451740656
2025-05-19,-0.011739086232724016,0.008510506919697791,-0.020739099967143515,0.0027725440652370814,-0.012089859204853504,0.004715482534852988,0.0021061437058191856,0.006185355821924032,-0.01292708627045358,0.00014058737385647113,0.010126112895276762,0.0012554793916865759,-0.005296178878248847,0.007868960091860888,-0.0008488299730328164
2025-05-20,-0.009196290225973569,-0.007297726009481975,-0.010719851406999603,-0.010137739138364021,0.0014949908162553704,-0.007822313147333504,-0.015371624278908924,-0.005439536189432825,-0.0051449348606515954,-0.0051997576763647135,-0.0015254305461517292,-0.008777899530244881,0.0041968225593962405,0.0007807421027110628,0.001964649699978116
2025-05-21,-0.02305911477177236,-0.008572559799430612,-0.012774245003506213,-0.014455883280997672,-0.02006514422354111,-0.0034688764337457156,0.027930218506527105,-0.022775875438754034,-0.02726844904671133,-0.0025114111987835086,-0.012222491153521697,-0.019199031383828058,-0.019524672538751564,-0.016317884233599256,-0.01743428638270139
2025-05-22,-0.0036121585814256063,0.0007245556936772424,-0.012047104261404318,0.00984492359983613,0.004038394339128226,0.002531674284146801,0.013704046334823028,-0.009583138197465924,-0.006766616403253156,0.0016837932512880904,0.00505991619664603,0.007814682829794917,0.0008271945598601338,-0.02603927333840783,-0.02809836720199843
2025-05-23,-0.030244403151994836,-0.016025835314966375,-0.003613056898082889,-0.010388973643241206,-0.036306490061212116,-0.003945724663310779,-0.014045558873313935,0.0010062229191087901,-0.024330901146618178,-0.01493949602305622,-0.010288879051247424,-0.011593744090047986,-0.008518164412449236,-0.013503222650018132,-0.021696922726547774
2025-05-27,0.025298341226390075,0.01326989533643741,0.03852778618495134,0.025026113945093353,0.014864753685321919,0.010141014384467795,0.026295430638285433,0.01778600438038147,0.024937656809272957,0.024335744159557304,0.02334624314714917,0.03206625093980797,0.03808416652363289,0.022355108870498297,0.03936487681992307
2025-05-28,0.0010488851004830657,-0.0021060157451788797,-0.014839359152156839,-0.006310081665849121,-0.004184944918371736,-0.006431357156515438,-0.0031231837511505045,-0.011358900619458545,-0.008759046448164054,0.0019618700916277376,-0.007228303770779765,-0.005092076309761939,0.011982106217041766,-0.006929963958155261,0.004965979516722063
2025-05-29,-0.002345136061230768,0.0027411259130083465,0.0015062747477048166,0.004787005283780621,-0.033003608440084764,-0.004578505679888822,-0.0029008803796397586,-0.005955951718341956,-0.005891057157065616,0.0022839700552919062,0.0028861960236381545,0.032490175169429536,-0.005798073783764179,0.005013446605163674,0.004561626003006358
2025-05-30,0.0045011768949494435,0.004185240583596261,-0.02034853974345574,-0.0033544115296213484,-0.005806937907315124,-0.00015854784094126995,-0.0006982902808655433,0.0014301869502730824,-0.03456793891059029,0.0037825833956797172,0.0036626165043416314,-0.02916856493277664,0.01614478134456765,-0.02116760139330942,-0.011568215746379895
2025-06-02,0.004231901231434243,-0.028162573284205017,0.03522075118080603,0.007999607012299847,-0.014131236646988454,0.012848885415858824,-0.015779648898061605,0.01868294661922043,0.009718697773523965,0.03615523453745095,0.0034973016005170887,0.016650443806787596,0.006282899101014872,0.009848599174805406,0.007437738527382054
2025-06-03,0.007783994623881352,0.02253345680571117,0.023379572270694426,-0.004548692041520419,0.010893615055900252,0.007987573250095803,-0.01686099535906138,0.00492610370055524,0.027862267010453134,-0.006036887216898212,0.002164553618331011,0.027951549239128015,0.015428914749619382,0.01575384000986002,0.02100863856236579
2025-06-04,-0.0022138294743113685,0.0034425403315303527,0.010826053182948936,0.007388989179248462,-0.004915490602070083,0.0004661447111837802,0.011253049325783193,0.0012066063111741965,-0.0019714595230369003,0.0316413801089086,0.0019440035549922463,0.004957021939201445,-0.006148618542704765,0.0007385529035610627,0.014036551687945709
2025-06-05,-0.010797774052893838,0.003116640171796803,-0.024371726640432412,0.0032814165352026414,0.015085314550002726,0.003571989330448444,0.000952071153620615,0.0050466925739804935,-0.012839517475646267,-0.004840496729264121,0.008213590216531674,-0.013599266310603042,0.018084324759567227,-0.004049683975323792,-0.001205927970543197
2025-06-06,0.01639831188885066,0.004142584706489538,0.004321894627439704,0.027223334916139486,0.02758850987614969,0.0222839496593783,0.03251878718237222,0.007532144318990852,0.0035017356491096052,0.019120133016159224,0.005773144341763459,0.01235795792544181,0.01682842000617568,0.011385327267578571,0.010131778426042182
2025-06-09,-0.012112648419101646,-0.0015830462459288652,0.047680530158531687,0.015966607137600786,-0.00823297619186647,-0.0024217718247643294,0.015103487150444739,0.011938730325615987,0.02093719279539452,-0.005231539219811898,0.005038495162469125,0.006421187644235493,0.017986437252630605,0.04134275799134812,0.03528741101511912
2025-06-10,0.006056171467545779,-0.0004804982519072132,0.012404456298324096,0.0029035159702168745,-0.014802412397623255,-0.011380869929093929,0.01425421159208251,0.015289699169681814,0.07812502037268176,0.012016389396955596,-0.0038709508659926506,0.00932472952767105,0.0018626690171774651,0.02393662855262102,0.015460947024360072
2025-06-11,-0.019193789486923962,-0.007739271354126442,-0.017039910017220605,-0.020265629565462184,-0.008612451848658664,-0.014735391020383237,-0.006998967993224525,0.019113675377621986,-0.06340578004382924,-0.01175976564749337,0.0036098781441582517,-0.0077805123443444035,-0.006197701663848143,0.0021994475141366987,-0.012852648328492422
2025-06-12,0.0021129385173963566,0.002034677708898869,-0.02179296188665847,0.00018765734284498237,0.0037607241845794004,0.014176621639433895,-0.009303568058905864,-0.0017403411842502603,0.004352038262076974,-0.0011236946033259532,0.013224147997050295,0.015192998415927361,0.13312154425575384,-0.0048910026614072954,-0.00015033572478206914
2025-06-13,-0.01380515619826983,-0.053181203803690735,-0.019746804539161444,-0.0053460859139069505,-0.03188328822405251,-0.01551460777785818,-0.0058623465533337304,-0.013557209414627236,-0.03033226067550443,-0.015129139126405233,-0.008165017019365006,-0.020896660418388446,0.07685383224895848,-0.025078653044402488,-0.02333965591159748
2025-06-16,0.010027937391421604,0.025658748208938764,0.08806814226088067,0.018859028217320217,0.02120729048811354,0.022156404114759054,0.012022749791714249,0.016629255395656628,0.029791479625273176,0.02898092518733031,0.008800750769422105,0.01915899769365792,-0.019143168949375955,0.013896080591104587,0.02164102115450528
2025-06-17,-0.014010672570188287,-0.04741995317645109,0.0056175258161350605,-0.005923177895162723,-0.004244291979813686,-0.002747710729375963,-0.004638826092282278,0.004328853373585018,0.0028929347446733367,-0.00696470612039779,-0.002295768919517105,-0.00393947448259413,-0.013832424646916364,-0.015363085767180928,-0.007679908243469757
2025-06-18,0.004804711122616601,-0.01212497182937522,-0.0024390052109786176,-0.010706651956707725,-0.010840721979648915,0.007806440893837641,-0.014947394640127176,0.0005652569962164566,0.03317310381570615,-0.002093869391767922,0.004602103204535579,0.009436537667433242,0.012921617382928519,-0.005373553345872195,0.0033384537100398237
2025-06-20,0.022484525012509637,-0.0029626364719923526,0.011436269162919066,-0.013316402099383007,0.0043545190721459015,0.007290543960655649,-0.03854149808910856,-0.007909348281636919,-0.019078634331264,-0.019288070960555737,-0.005913730405531559,-0.011204227907487208,-0.027030844743051397,-0.015036003369414797,-0.000756200438187693
2025-06-23,0.0024874465386104383,0.008489816341542333,0.010449128824796095,-0.005818118205440093,0.010666520873995555,0.015983093623548328,-0.008701403040059397,0.029220194768623253,0.00521824529173065,0.023712252425267755,0.018014263364494187,0.002224579264125559,0.009114293006659224,0.012027342094544036,0.016094844391445484
2025-06-24,-0.005955226060399554,0.005840264256603334,0.06829750516800503,0.02062648355436747,0.029459708857763056,0.007568875687454568,0.009564806093433464,0.01594182475908945,0.06418115472989605,0.01956961349756936,0.008456709934241635,0.025872113294978627,0.03975082502198557,0.01678214787726473,0.02194741092500818
2025-06-25,0.006290559304443111,0.013626592836167184,0.035902632981737126,-0.0036659245365152637,-0.012575128051214413,0.004419071788366535,0.023445386085543696,-0.009292490423015165,-0.015520997160207273,-0.004942408214906102,0.004407236456436037,0.04334030552648316,-0.02113615470583008,0.001412752172110121,-0.0020891532953577485
2025-06-26,-0.0027783184602787614,-0.0067087489816317625,0.0019525717657908892,0.024199205109171285,0.011129243262490762,0.011145153652134754,0.016756433756370592,0.002989053292614674,0.013513478682458668,0.02456692175861197,0.010522731565988819,0.004600961838364892,0.009965747216365006,0.014493878800214244,0.004528067809700165
2025-06-27,0.0003979975434207361,0.0022859445053378113,0.0009048224487724355,0.028463559660798277,0.009899115054307295,-0.004350908193712422,0.02875432378277165,-0.007638787112846157,0.008444468180338616,0.010384319593921054,-0.0030355062338011107,0.017610601823775385,-0.012122995824054406,0.0022124183614866677,0.003732332521732884
2025-06-30,0.02034008166750545,0.00272145335274554,-0.013281438665842193,-0.017510092291414314,-0.002670123276806935,0.010633631173756264,-0.012882986510509231,0.017535482096384225,-0.012781000824220068,0.006079364782587193,0.002964052329135214,0.0015215188029467086,0.03990692748216129,0.004541449423257848,0.0026077222506648567
2025-07-01,0.012916258240941003,0.013492558816226019,-0.040803337104838744,0.00487719279454657,-0.0028603313217114845,-0.004035777168551302,-0.002213074811601712,-0.012144663170977621,0.020089320116201792,-0.025566061983370303,-0.010775838078136424,-0.029685420899917325,0.0015093412284723495,0.0008790999800623034,0.013630537154160738
2025-07-02,0.022230709204581922,-0.034761552335232926,0.017706293816048158,-0.002449462616694653,-0.00992974893063725,-0.007380476260552604,0.015923583784937634,-0.012190896160112263,-0.04245081857809285,-0.007855631298048893,-0.001950958527861868,0.025766382486490436,0.05032876186752233,0.018318697142472917,0.024423897983572695
2025-07-03,0.005224968132215846,0.0022194528897436783,-0.00440370048756078,0.015869432167251007,0.010920798857996905,0.017453741776315868,0.004982076482810349,0.015018090670201767,0.02787937082947267,0.007623570328481044,0.015781244910589187,0.013290933350226908,0.03191596313269729,-0.0006777549982391884,0.001994527336440788
2025-07-07,-0.016857856327623377,-0.0062745640719497064,-0.02255094284509862,0.0002685535903059755,-0.008634885625479094,-0.006342717807600318,-0.015262087472188712,0.0017124618447956763,-0.021787451138502223,-0.0009180042269585353,-0.002245249579748032,-0.006903408851184123,-0.02132155561035398,-0.02539909585465905,-0.012082167850415049
2025-07-08,0.0002857369470350424,0.014087490148763981,0.022403592018476193,-0.018391733064396676,0.014269715265014637,-0.004932491744346401,-0.013745081320238994,-0.007009144269715772,0.07227273420854052,0.0032296487672787144,-0.00221012914051566,0.01112225481221052,0.009644461366421275,0.008602579512362762,0.015088266826388974
2025-07-09,0.005380620036911976,-0.023179116727503835,0.0042809193624744335,0.014496684294917905,-0.009976151930366606,0.009913883637891141,0.012961684876858337,-0.0009639889507144783,-0.006358610324714964,0.016803887267475837,0.013873883583607638,0.018000036669871378,0.0055863084791938356,-0.0006270268199802809,-0.0011079106582359
2025-07-10,0.00601512444213137,-0.005222594090552035,0.04154323999612819,-0.0012581953255335065,-0.025653300011359792,-0.007362310107620229,0.005661823098547014,-0.009340568123236137,0.01621156792272571,-0.00756026312132374,-0.00403176290914975,0.007490311018305773,-0.0013173971584831135,-0.0016316641400055953,0.015111606523185772
2025-07-11,-0.005884896283904761,-0.02175372676303655,0.01567698702431386,0.012417933203629827,-0.022351068079066616,-0.011780153779054947,0.01446914297967572,-0.013359658470114888,-0.0163727705560458,-0.013379390807276681,0.0036691184503567786,0.0049968557247874745,-0.018893569704564905,-0.010245808721987215,0.007238535677337232
2025-07-14,-0.012028890521389557,0.01001784524484739,-0.0012292902474535516,0.0029775049161142597,0.006238532985350265,-0.0019132063959358403,0.007603007641392878,0.0007052257781985372,-0.005548487683396108,0.004752553493643674,-0.0005960116601197996,-0.005153967255895786,-0.005551783726892023,-0.020132119725857822,-0.005423737123630645
2025-07-15,0.0023488604461725515,-0.0076568779350062455,0.06407272131582009,0.0029243814744550622,-0.008086785407248165,-0.00943670504394778,0.002423457218403202,-0.0038408270229410846,-0.016308977390959822,-0.014606343498626995,0.005566419101750819,0.04040951035509699,0.024773300182994173,6.482997228962617e-05,-0.007680053492753025
2025-07-16,0.005021289252517214,-0.006617616866874232,0.028725668036568175,-0.013960696164789232,0.0014365777536133884,0.002828051413805488,0.005329663243039073,-0.0027591499665873265,-0.01003488400832142,-0.010529516963484253,-0.0003953569609340679,0.003925040155780657,0.026983256016560375,-0.001490588802772086,-0.007876902885660897
2025-07-17,-0.0006661748290881508,0.012936460556385532,0.0020614806801599883,0.0030915472640284936,0.007482013804817056,0.013804351658183167,0.0033339435750288082,0.00028376132519647435,0.004847893363326472,-0.0021339238220121626,0.012024797669774934,0.009511619418247186,0.030874425438775166,-0.009476163061561071,-0.00023085863838523402
2025-07-18,0.005523257552692451,-0.001801074198727215,-0.021320354659110086,0.010050026580880944,0.009619768558069675,-0.0036601791278120244,0.008061766084918043,0.013723337498277033,0.013157945370521729,0.004091804700725676,-0.003224620227927244,-0.00341042130780711,-0.013266355501996285,0.014350280755487388,0.0001385326084504257
2025-07-21,0.00615594851958301,0.005166855536534509,6.366333197171947e-05,0.014018476542235536,-0.00038109157106147595,0.004261368675450017,0.027234507930688157,-0.004057796475170461,0.006926400206489047,0.012338769390538129,1.9661203686682782e-05,-0.005974105180302058,-0.0077816165149363625,0.02693798568596173,-0.009463603688285582
2025-07-22,0.009036079429770583,0.014115542169254702,-0.014522285218451447,-0.007980819043607368,0.0049946839224943584,-0.0026337365089801335,0.00652284472759046,-0.009658874547199048,-0.0008598648996932523,-0.011445023545626265,-0.00939111595220199,-0.025382243012400996,-0.022296119461321706,-0.006164533595081179,0.0016311596613436397
2025-07-23,-0.0011660263965397322,-0.0010995887775322455,0.025400676349370155,0.003604836070819184,0.013771323110204126,0.006748827095666821,-0.005801189652548389,0.00017738117015619892,0.010757315080127006,0.012443132567029558,0.001187483817070456,0.02245104655925889,0.01591698915083062,0.011962556952171077,-0.13339846955315782
2025-07-24,-0.0018211504107996657,-0.0020673066405435536,0.021872053918686074,0.01725876103762447,0.001796314911268082,-0.004809059589168996,0.010198248007935451,-0.07623845700867637,-0.03661135030784313,0.0017096735272719155,0.009903805365183427,0.017332282040708913,0.003844587117743048,-0.006504924031908832,-0.003006710559431691
2025-07-25,0.00056135978496763,-0.002555926177166934,0.026832014770116652,-0.00340177109187767,0.005266961993926955,0.005857348671950424,0.005255598162415831,-0.00303255714375561,-0.08528495224927657,-0.0029658978713743567,0.005539485520711374,-0.001381311185920775,0.009430454229160112,-0.00277012141412436,-0.0037696165256864145
2025-07-28,0.0007949746770590238,-0.003425551726613074,0.04319097968812935,0.005833005662313484,0.004236300069977883,-0.01120977936989287,-0.00310577382587085,0.013437512577934907,-0.0009662056534548435,0.006945625877912365,-0.002355528870034207,0.01873192540658941,0.0105662899551493,0.016729848930111313,0.023028186690747576
2025-07-29,-0.01298767941428014,0.003329122749517577,0.021766663017303678,-0.007646371539299812,-0.010582686024622978,0.0005889830474465896,0.016460600264393666,-0.003039381576428357,-0.013056114786231254,-0.02456695144053711,0.00013661036550960404,-0.007015770377126529,0.00916392701030877,0.0063956550951198565,0.011254913105199105
2025-07-30,-0.010507952278425825,-0.018073946550855147,0.011665870361522446,-0.003549595623255297,-0.009648952079353568,0.004708632454637707,0.003984700650663253,-0.008193318642622183,-0.0034296764011536585,-0.006842858410050834,0.0013071034048424135,0.021423493604291854,0.0024801721736091853,-0.018632841206923323,-0.009718784195470453
2025-07-31,-0.007079572477626139,-0.01733515812800479,-0.017826288486239794,0.017029402351838252,-0.02447054251349412,-0.0029291602389678317,-0.02355878242029541,-0.02731875295757391,-0.026548717378384046,0.11252713022888616,0.03947465737521205,-0.0078095036466339085,0.012649644422737083,-0.07732916732825734,-0.03773394813232511
2025-08-01,-0.025003627425670194,-0.027649681514533286,-0.02614713104297728,-0.08269617085933034,-0.029380817907073586,-0.014247985011825781,-0.014434497537674118,-0.012245705873964008,-0.02474746414136264,-0.03029322970388526,-0.017600677522182195,-0.023331592131278556,-0.036844372335559816,0.009743693129454778,-0.0011045777294270698
2025-08-04,0.004792984751981866,-0.025733128244905812,0.029586499250702003,-0.01443541840985152,0.006301296185284633,0.020563141535691498,0.031248348950792426,0.007718387773243629,0.009839489348134167,0.03514616769517298,0.021999250613806476,0.03615015641036212,0.03318062899538732,-0.004588747501658497,0.010339429971606418
2025-08-05,-0.002114571362169193,-0.0003246742427592819,-0.013972175799066622,0.009922070229506863,-0.019142343346245427,-0.014162694810817111,-0.0018970198844621144,-0.005198819395817567,0.03538464277218556,-0.016628633752342137,-0.014729997520210203,-0.009666754097136132,0.012434103310315692,-0.005423195687637827,0.01461180854123234
2025-08-06,0.05090670281539755,0.02031057767360811,-0.06419598759758327,0.04004677220394748,0.006788063627674257,0.02502985428892579,0.0072942857353972546,0.00642281342976192,0.010896449110211037,0.011172740751957955,-0.005324582094622388,0.006507379675917635,0.0029725777499363115,-0.005930236015768364,0.002750839309949571
2025-08-07,0.03179364967503995,-0.02126614839232177,0.05689062688255975,0.0036885760119835798,-0.03327041552555576,0.009969658393067293,0.0021930021365812458,-0.008403398875609924,-0.03135714818388824,-0.013160741951829147,-0.007810405975390733,0.007524251609216215,-0.027453880028493027,0.00041141056990778857,0.0
2025-08-08,0.04235786562676558,0.008218283825304207,0.002088170667614575,-0.001971955504762035,-0.0015360466942863082,0.027038556178978546,0.024933698651640857,-0.02499189271560498,0.00910471932260859,0.009805364452043275,0.0023040884044205345,0.010676529865774276,0.0026465611845860604,0.011377642607639737,0.007046423286565906
2025-08-11,-0.00833735937331237,-0.021697681165074423,-0.0027783962884999625,-0.006241858073597895,-0.03255580886124021,-0.015601103444266018,-0.0020851329247548733,-0.024641871902250423,0.03508766059253432,-0.004458635635526287,-0.0005172458291825555,-0.003502989462430328,0.010517814233093059,0.0027786242325682498,-0.0187480304011991
2025-08-12,0.010872419065924621,0.014326386533008328,0.01549801594998712,0.0007681796954406295,-0.004383657202173152,0.01004677933140763,0.011641791135678758,-0.0064748538387146,0.056174327788906186,0.03150662084067646,0.014316576774880296,0.006041988268502108,0.004669999221890819,0.03892677728886129,0.050405608596949314
2025-08-13,0.01602444528652036,0.03734897887891031,0.054129759279188505,0.01395221168040428,0.023180477581313585,-0.013729252130835756,-0.00678663191097173,0.022575329833375513,0.01879870964932162,-0.012557014624206553,-0.016363075417943684,-0.008571851865693314,-0.03813134807146534,0.018603946432942164,0.0016582783352288022
2025-08-14,-0.0023571690519698096,-0.007092661577477233,-0.01881575347118425,0.02858923333961183,-0.015441170503696422,-0.015625072591794242,0.004852401879072543,-0.012329827033172758,0.07380744138958684,0.002627976893459394,0.0036496665226828373,0.002368056413323494,0.00319442698484651,0.009579274476122945,0.0021728769400903847
2025-08-15,-0.005112200001143763,0.017987319332087193,-0.01901079027036512,0.00021648217457226338,0.03886547176125199,-0.04473311283721815,0.004730417834598821,0.011007561154993128,0.02933775514184722,0.003963576590588103,-0.0044210893947667085,-0.008625538025866852,0.013553197277403006,-0.001518125456058561,0.004439689151453541
2025-08-18,-0.003022531587090427,0.0067351954058081365,-0.00771784778087381,0.0019911124801876845,0.006310868792525737,0.011329332678660764,-0.0019616838615760246,-0.0011263733734179215,-0.03664493640475497,-0.022744904150140632,-0.005901999673326719,0.008645040236269441,0.003182016213041372,0.006651847932944488,-0.0012335216011901684
2025-08-19,-0.0014292607707683258,0.01060913853019474,-0.05444530697809358,-0.01503309388634011,0.008320598356480025,-0.0028378835469752284,-0.009483978735265963,0.007642542132133556,0.06973793868011158,-0.02070714816832242,-0.014175142741905788,-0.034997993677144845,-0.058015980440055404,-0.01667710589337168,0.008284919384552447
2025-08-20,-0.019734587754066668,-0.021050899175172444,-0.008105710470002747,-0.01842023178556884,0.0018292878594372564,0.005242594823147595,-0.011162409848264332,0.005263611567833948,-0.06993277707479939,-0.005003411824583859,-0.007944773568311136,-0.0013663688324196954,0.0018753808103111336,-0.005183959878057087,0.024650370712661074
2025-08-21,-0.004911305040181113,0.0,-0.009019311512710404,-0.008310623433453235,-0.0025157043425823034,-0.0013411778739765845,0.0021573874031637352,-0.01298701381929368,-0.0016992741704168202,-0.01152840346242745,-0.0012873996752821304,-0.0023946566664271307,-0.008082966052120333,-0.008427687921753968,-0.0002989352478496299
2025-08-22,0.012716750813830835,0.024502741254485594,0.02473879193009454,0.031043025385826706,0.010006821694867662,0.004476403167934073,0.03173957362494795,0.011236391319662475,0.05531911647066168,0.021228506887613907,0.005929733269805171,0.017202057065716758,0.013767313804128323,0.025173365152535432,0.026655386818863036
2025-08-25,-0.0026343071715032584,0.0030931401820402105,-0.02622790915926676,-0.003932852258726194,-0.0016915017607905813,-0.0026737568921769705,0.011645474165855152,-0.010987681684431982,-0.01008064547140819,-0.0019740258054466997,-0.005855302676245344,0.01022530488477491,-0.004061327322258945,-0.01006262530088975,-0.00043673950900269265
2025-08-26,0.009464701590599311,-0.022851760657017328,0.019955891862486697,0.0033781006590050122,-0.01666189369765081,0.018617663832600106,-0.006475136063216813,0.013365227582162964,-0.00814659314892785,0.0010619629015322651,-0.004402481594713348,0.010900419888796753,-0.005097492318557606,0.01758089043349309,4.8488702892202085e-05
2025-08-27,0.005145918125483151,0.004057373493414396,0.0030609157398324705,0.0017926124405795996,0.026339480805233295,0.0007312546813622589,0.0016412648724624113,0.009108431308208154,0.02053388058180472,-0.0089112200819631,0.009361781469202635,-0.0009352225175625062,0.006831413948169107,0.0037695620054774004,-0.002475919838532903
2025-08-28,0.008980879291928812,-0.0067069302862400315,0.008675862537423473,0.0108240705271474,0.017468776779028694,0.014465236053846198,0.02005025840182051,0.0036350304257704025,0.0032193127757740303,0.004990712058069002,0.005722846222226963,-0.007874547726525405,0.019125597051130372,0.0064467961590908285,-0.006716333366677429
2025-08-29,-0.0018060204541949787,0.007741046497061088,-0.03529479703176819,-0.011226278216735164,0.006757561070363849,-0.004897194471291555,0.006000686594289872,-0.009115672774503314,-0.023265139053593953,-0.016522196670075595,-0.005788444984373142,-0.03324642350288309,-0.05904627280822161,-0.0004353403755186225,-0.007888641519002815
2025-09-02,-0.01042469754672981,-0.031034502229827954,-0.001906152304534059,-0.015982548742835667,-0.013229241823601079,-0.01867109705699521,-0.007326944034592997,-0.008172822797900992,-0.005749539827671235,-0.004859854950414522,-0.0030985420875198066,-0.019519949164359285,-0.0036704623395767966,-0.0121322192632205,-0.013186563922306438
2025-09-03,0.038089829254487784,0.008303663098232938,-0.0011705423412576854,0.0028845707190781056,0.014197662379818565,-0.0019175540211550102,0.09136493852682004,0.010766078703570159,-0.008674064122841774,0.0026390503650361996,0.000455385449735779,-0.0009368946184118432,-0.008211321590139709,-0.009446954663664853,-0.02036924859795275
2025-09-04,0.005493227438596593,-0.0120229625291427,-0.002097154051931671,0.042877945692648245,-0.04850862738419981,0.004728696898826046,0.007110078779147377,0.012617738688692981,0.025416692097981697,0.01573837245722931,0.005184534030341359,0.006095525885075004,-0.0020137451557401542,0.02122888812831647,-0.04316967225799018
2025-09-05,-0.0003752419688486386,0.013534325738875363,-0.06582603583924618,-0.014214150326010255,0.0276627828852285,-0.016031635130801303,0.011622911345493314,0.005461643136384531,-0.0048761006199619095,0.005075900486274598,-0.025533047645079132,-0.027030212069536264,0.04394610734309423,0.0008139462132004116,0.0034173066698828247
2025-09-08,-0.007551387387481734,0.027767436763935116,0.0017864514592516034,0.015107797009308976,0.006021828460823997,-0.00029892335211811893,-0.0031944078165545564,0.030418838337385568,-0.0004083392803306829,-0.00019946503331580434,0.006464665766642286,0.007723626471741962,0.024398586953041423,0.0025026590934600357,-0.011227644105563872
2025-09-09,-0.01483938605882873,-0.012825534089519697,0.029126237074472705,0.010176429751274751,-0.000832499085641758,0.006877991510040982,0.02388481700496592,0.011792630913705304,-0.001633946443083012,0.01781209380194415,0.00042151909861232184,0.014556415107065845,0.012705513231239918,-0.009860249880912608,-0.0042513837678788136
2025-09-10,-0.03225954103271722,-0.011015065026765636,0.023873609209719815,-0.03320182790348514,-0.03764971279026519,0.011731594007077017,-0.0019197097001325547,-0.008606262099200346,0.013502451575080565,-0.017918233534433003,0.003932500081951451,0.03847507015453244,0.35948817945413936,0.0018278024383717728,-0.005512680094842515
2025-09-11,0.014286370691166894,0.001113731227955217,-0.024257209978984506,-0.0016498279850283293,0.01529455618394926,-0.006458271896195855,0.005017376076595914,0.000506050213638698,-0.0064594204463149785,-0.0014362153295323088,0.0012791432262948543,-0.0008459387658548145,-0.06234581044843823,0.016105685986296914,0.0018479162069278132
2025-09-12,0.01756302603182114,-0.0033946726083158296,0.018629210441218902,-0.007827802024989672,-0.014292697928476983,-0.01713693464475019,0.0017890075291984164,-0.013890502528941084,-0.021535988358430846,0.006245843545655827,0.017744081107392784,0.0036687807745676704,-0.05093233361469052,0.0019812525832780814,-0.00949282066854018
2025-09-15,0.01123586030144863,-0.0064689127055368445,0.016333456632785515,0.014376501718361023,-0.0009885905770127268,0.00736493627359569,0.04489198014101614,0.011047966478418436,0.028654507319094025,0.012056751095801177,0.010707963157335909,-0.0003935983940567267,0.0340887531084082,-0.0037693337027294715,-0.024096531176598046
2025-09-16,0.006125890181851501,0.016220123260768382,-0.004343490520823057,0.011320962964584513,-0.013236086218375576,-0.001342746658238636,-0.0017885059236890655,0.004995252005264961,0.02018570814532561,0.0187001593140248,-0.012263246171065223,-0.016146209111664533,0.014926826188663922,0.018111846206948945,-0.0031985178821315463
2025-09-17,0.003527257082143187,0.026479165500473023,-0.008101726270496656,-0.010382430689534927,0.013880585987737781,0.01180334262434779,-0.006489882625132726,0.006057813028152115,-0.014641900772887517,-0.0042105292945979755,0.0019251597321499059,-0.02624673498196539,-0.01708795035284605,0.0068234169279144385,0.015031154109889977
2025-09-18,-0.004644562289381149,0.014886580003388383,-0.0077909365709525336,-0.0016837898189709932,0.008546353197218082,0.01417596103094132,0.010018832488637663,0.022850073865036347,0.22771084992605384,0.005839810411799817,-0.0030782509566056326,0.03494053288969079,-0.015891983257863784,0.01736665929521486,0.007321063579334375
2025-09-19,0.032032924294809195,-0.0042453534939039805,-0.003356121994947503,0.0010811746080494622,0.011503157035814171,-0.006843318019376765,0.010673358575602698,0.005282954146590413,-0.03238468370955794,-0.002396746784514514,0.018644860482010195,0.0024397172760990404,0.04059068620539352,-0.007613244980388956,-0.01238852854009831
2025-09-22,0.04309567263758818,-0.004974056721995024,0.015248706434916048,-0.016632067201427403,0.010522435173134337,-0.006743766334530221,-0.00859764196420909,0.01865626138884413,-0.027721423155483316,-0.016320576091413352,-0.006718996020213086,0.03928241078649575,0.06314388763735734,0.017201163500794037,0.00139381841402475
2025-09-23,-0.006443219116596399,-0.006317259607216075,0.006946621546969567,-0.030400202172415014,-0.020545381547945607,-0.0030996612292231163,-0.003445136451741382,0.003205824739770158,0.020166895656822614,-0.012755341150652688,-0.0101467291585281,-0.02821204789120879,-0.04363869253322372,-0.001119471854648335,0.013472835494458879
2025-09-24,-0.008332448743135101,-0.02352260985775645,-0.00012423253219473462,-0.0022654160880354324,0.005438347504136853,-0.003257344388618688,-0.01796078547157165,-0.017300828642375143,0.06407631734796637,0.006963012852256867,0.001806538348065878,-0.008182508094013552,-0.01711106119264827,0.02371263125631584,0.013184005696097234
2025-09-25,0.018073001216163398,0.00251936104428907,0.002424163213648134,-0.00935476479077324,-0.020090362934192196,0.007872741479959311,-0.0054625634815301805,0.05199411080472105,0.08872525387684504,-0.015447064408543487,-0.006115863505952057,0.004068502370516036,-0.05553411985456458,-0.022299176059530912,-0.013012449487928235
2025-09-26,-0.0054890943685314,0.017534423398647858,-0.011223398714219734,0.007471945580644679,0.01029266521293759,-0.009285165095170633,0.0030514468325337774,0.010197690717914432,0.04442477925765487,-0.006889921329830573,0.008737175342787395,0.0028139530524602385,-0.027013938330621046,-0.0028288304229240335,0.013788356107546473
2025-09-29,-0.0040319034973952395,-0.0026361287075085116,0.01191517506890416,0.01087450815780766,0.006860316185634874,0.0074383193640628065,-0.010099720985634497,-0.015863034219576022,-0.0287324072609485,-0.0004705450638020636,0.0061391684555711645,0.020539853219394555,-0.002469254638332141,-0.023049553179021354,-0.007152635936132246
2025-09-30,0.0007860573749713939,-0.018557712922336878,0.002664803384697434,-0.011702709034319914,-0.033047796603604795,0.01033678199382937,-0.003892668642423547,0.008434629289743034,-0.02697216698151561,-0.012133496198759475,0.006510093016419027,0.02601041239849544,-0.005375684445456441,0.006412547791152301,0.002728740238709282
2025-10-01,0.0032203038937570483,-0.025598862591911797,0.01372149893582697,0.004827606336181178,-0.005527369973545748,0.0048231167240684325,0.007404269877596459,0.01534586480165534,0.07123694318920748,-0.023203234432170317,0.00339796793121816,0.003537466147390589,0.027627633955415565,0.0007815029646731642,-0.018178789679623608
2025-10-02,0.006576637201686664,0.022576544100040064,0.03487593081081841,0.008067800117406154,0.013534646191515565,-0.0064001433555993525,0.0032258481374851655,0.0008028887936626372,0.03784086428264,0.013536123242906317,-0.007638860081398469,0.008812165089625124,-0.000795851405614334,0.014174989008228112,0.010699076877898728
2025-10-03,0.0034612549164674267,-0.013485889961854736,-0.02981204080577704,-0.013039023009411066,0.006195597535599395,0.00029469123711378664,-0.0013837502899796128,0.005754606591092282,-0.012600466906682373,-0.022680753032108925,0.0031215812486466987,-0.006723513824393734,-0.009141838403908475,0.0019543061208593393,-0.010969697266303369
2025-10-06,-0.005154640398047805,0.009805688728791617,0.23708027557556832,0.00633228292302257,0.02254948927695044,0.014576137748593121,0.02070506726162047,0.0036413536689412496,-0.006516472075340229,0.007177468422781885,0.02168761724708901,-0.011086299720476922,0.01904661125045881,-0.003310071171062967,0.00826303005259077
2025-10-07,-0.0008180041021814688,-0.005226529426181736,0.03828966440477655,0.003983725247293846,-0.024574837664722016,0.0011607013678145428,-0.01864795830997934,0.015375430611630492,0.015851271219970098,-0.0036050581460025377,-0.008683890354990176,-0.002694733062913013,-0.02520666029719454,-0.01874025763306353,-0.026181207462544265
2025-10-08,0.006160338232429563,0.0013206381048558313,0.11370622512583206,0.015510877718191152,0.00287809224478508,0.019423050836732125,-0.004638725199731852,-0.015006668878342011,0.006994946167301563,0.006675393613687186,0.0016603249848197166,0.021995180547809134,0.015444757121147124,0.013961081216719906,0.025699087358489026
2025-10-09,-0.015577920734133444,-0.00372734992665269,-0.011334684142544904,0.01118907849570383,0.02038023269424105,-0.005260834436425776,-0.01263178894593786,-0.004249164000288741,0.00988509027165585,0.021829264581308516,-0.004667862840408654,0.0182962524780399,0.030645755656518947,-0.012576716660370524,-0.014537395302385403
2025-10-10,-0.034521987862036085,-0.02866432043079259,-0.07724679265022871,-0.049925397829666096,-0.014877929187012917,-0.028873574328542206,-0.0205357020215029,-0.036117027725131035,-0.03783069666768024,-0.03845894262560201,-0.021899000568715077,-0.04886532988389891,-0.013469848270698526,-0.07286016216064561,-0.04056791210698285
2025-10-13,0.009744352447480287,0.005362796676313897,0.007073077317969245,0.017100394188331425,0.02925356566980608,-0.007065120424123661,0.032041203662295015,-0.002159661177136174,0.02337097370858543,0.014745447527121813,0.006047386409930189,0.028172088682583807,0.051372307241836834,0.053323789925740384,0.019860274154693602
2025-10-14,0.0004441188177246591,-0.009961112842906794,0.0077164688248525515,-0.016721987604375044,-0.0361005495445369,0.01778830668919773,0.005324631507020117,-0.0038598062392743993,-0.04271897099518296,-0.00985044815960856,-0.000933662580628325,-0.04402086350832335,-0.029252284561019137,-0.00024715946171138814,-0.006681556287163715
2025-10-15,0.006336506208048043,-0.015806386616669443,0.09404378976580152,-0.003789417568938358,-0.013304337759314167,0.01252548314969526,0.022733706817676502,0.0166576830816354,0.04266069077174128,0.012559062063729476,-0.0002726225759598355,-0.0011108832013667636,0.015451517003604032,0.007604738282406043,0.007646441449249197
2025-10-16,-0.007580035333075941,-0.004234321978674016,-0.016932139319263628,-0.00510277898660183,0.03981734096029421,-0.006185268103441666,0.001712976285638046,-0.01702588774726943,-0.008344585748538025,-0.007637063504693287,-0.0035448206905602797,0.011010314326866277,0.030893934862618266,0.006810993411831667,0.0011981382102217442
2025-10-17,0.01955948293789933,0.012240678689113382,-0.006309668071894259,-0.006667636156250767,-0.01186982680011417,0.015052834377592195,0.007317281816854759,0.019241241318370683,0.004614499680814177,0.00681110501619453,0.0038506672486968707,0.007755344951000609,-0.06929722502586777,-0.0038395401729298673,0.006268447334257354
2025-10-20,0.039438767662544505,0.030426645363152316,0.032091967001788735,0.016147214372026486,0.046075279543188685,0.007414803381551316,0.012830631273142767,0.008425726943448897,0.029451505053263105,0.02127147797708462,0.006250105019536267,-0.003165554972769824,-0.0485050852233424,0.021963903519917283,0.017046118418591494
2025-10-21,0.002021044160246621,0.04120557410595005,-0.01051712173667041,0.025637486886977978,0.03590535556182761,0.0009908885149623181,-0.023738071519987414,-0.00564076378223477,0.0005249464190204556,0.0015025799945407314,0.0016835437020132904,-0.008103311893813858,-0.007323699794005267,0.010716018733138766,0.006960379885615264
2025-10-22,-0.01644018580608131,-0.009676944688029376,-0.03276899168911074,-0.018375903497213075,-0.02570131009500709,-0.0008484922515976656,0.004911033040772006,0.019358397081691292,-0.03147955919630774,0.00019085797796369874,0.005563620636772848,-0.004857565908958472,-0.009049516348300868,0.0026062337087453535,-0.05601635129240701
2025-10-23,0.004372055505519334,8.472077609411599e-05,0.02067501999721233,0.014406971477930908,-0.0061955304600861405,-0.00551944502322077,0.005522596565561644,-0.008730268231382121,0.03358617930565888,0.0008044209191491181,3.8348738709892416e-05,0.010428159641267865,0.027176792213686074,0.004489791435569046,0.008669595289896526
2025-10-24,0.012481843733494369,-0.001694358160479137,0.07630108624472043,0.01411194729592502,-0.0008625271666545808,0.005123115375845311,0.027027095600908213,0.07880703926809618,0.0031446261101832906,0.005939976622930443,0.005858990605509318,0.022507573914282597,0.011639819311173305,-0.006410557789688243,-0.017771079463211215
2025-10-27,0.022791195406501652,0.012106808419060533,0.026688341403039884,0.012309863182682124,0.002511390835032934,0.010760388042055258,0.03597254584975551,0.018311405315929452,0.03291541735659398,0.016875315144123437,0.015106800881565352,0.02807914078902085,-0.006811838274140003,0.11092682968878265,0.001655543938785975
2025-10-28,0.0007067784700340862,0.005897193798568567,-0.006392743005619872,0.010045375014470892,-0.00473637107269631,0.017229328914700304,-0.006684828852006608,-0.0016607899565400652,0.05032872578887715,0.0008257044038546546,0.019848689894944593,0.049819830896438155,-0.0020256604090914676,-0.035432544391592935,-0.01475708569549361
2025-10-29,0.0026023570250897077,-0.06126536658105197,0.02449508378524401,0.0045801659836763875,-0.011012375101996041,-0.017763799684149872,0.02654509524665838,-0.013948938696896951,-0.004574973086772682,0.0003060346565111338,-0.0009592785898672185,0.029896062599559903,-0.01969164142069124,-0.013036565025361102,-0.03984192430902844
2025-10-30,0.006303249053230431,0.004084546683965851,-0.035902056960837925,-0.03230569840563213,0.020639434940916912,0.0221505999450895,0.025166768008160867,0.006002337873684871,-0.028543790537502334,-0.11334756879053076,-0.02915702043662427,-0.020044438573744605,-0.06687237432578597,-0.007891700898518317,0.0015600224777643223
2025-10-31,-0.0037951562818203666,0.0031541308661149348,0.005022754660535034,0.09584492754129248,0.014650377802032821,0.0027431414033232127,-0.0010303593732721161,-0.008546724893456759,-0.004233022151175825,-0.02718793424146171,-0.015121075262963357,-0.0019715110218919696,0.02226623832130903,0.02053477139776483,0.01489733796102155
2025-11-03,-0.004882115436205092,-0.00834532149588596,0.013782597401978514,0.04004585509136338,0.003571279836219743,0.01832849371824108,0.008997458797758817,-0.008717889026165326,-0.012253104723690122,-0.016410931522392924,-0.0015062143500307323,0.021680040134361755,-0.01812567061226722,-0.000994877285479423,0.0
2025-11-04,0.0036796358788213634,-0.006282025393424595,-0.03697281367375582,-0.018425168014886806,-0.026402385750950108,-0.02860966608921245,-0.021782061481776416,-0.012732757768488034,-0.06253167647349689,-0.016292655974103454,-0.005222145360453734,-0.03958815778988811,-0.03754121103995811,-0.04360345300552071,-0.013006424126085547
2025-11-05,0.00037025250608935245,0.0005367307961989809,0.0251149107932942,0.0035295587926045258,-0.006917122519534136,-0.0030422005653913953,0.024392863859447944,0.019677623755500973,0.036456989827748254,0.013756921162278335,-0.01394052760468567,-0.017514585619835654,0.008623108567722415,0.039805649717919334,0.02641824406199711
2025-11-06,-0.0013696651457605347,-0.024379318408312645,-0.0726797120896786,-0.028617121300727022,-0.05307105187166583,-0.01470172532351488,0.0015476318382823262,0.01841775322928596,-0.029702953567541934,-0.02674739636056278,-0.01983597948702054,-0.03652480537666625,-0.02600771966368698,-0.036278653672108585,-0.013388805895893197
2025-11-07,-0.004818894404181151,-0.001221915042084576,-0.01750106737702306,0.005636975040415049,0.002549390672517138,0.0004223351209571291,-0.020790194478004564,-0.019332888139668603,0.023899015830685544,0.004475497179419419,-0.0005632485423001654,0.0003720458402716176,-0.018621884967591873,-0.01333727496792203,-0.005143041131926651
2025-11-10,0.004548580566314353,0.005811267244367757,0.04470327456340706,0.01632498741700883,0.007628851495144584,0.01435191629357635,0.04041887258044019,0.014538817396414938,0.008392333749285052,0.01616508561199903,0.018477508945690335,0.05793262806792199,0.006561928055167421,0.003979262579021592,0.0001868039848296199
2025-11-11,0.021601262506795837,0.013288718370319641,-0.026477545570138594,0.0028180846386129943,0.011542719775828658,-0.005271124521954995,0.004170991247052891,0.014848144072004077,-0.01482443910309672,-0.007407951990264117,0.005296408286832088,-0.029590603550341266,-0.019432771462949083,0.014046671381969134,-0.005293401398574926
2025-11-12,-0.006466751071293797,0.011493867589685625,0.08997141289818633,-0.01967085120518708,0.0062167885017150315,0.03137638165037471,-0.015790691828124315,0.0040163531820587295,0.00026394723472211723,-0.02881611159562303,0.004836168629564153,0.003313345950255231,-0.03878892061995731,0.01546160324597845,0.021035478464904944
2025-11-13,-0.001901626573266424,-0.010235816093760675,-0.04221873118363728,-0.027108907452568887,-0.022721843392323415,0.046241167767826274,-0.028390987874346796,-0.032129111670169186,-0.052256520826898356,0.0014450164266244236,-0.015357948678139888,-0.035810152058003086,-0.04149960295644739,-0.01228285924191086,-0.005273201577974396
2025-11-14,-0.001978282909578022,-0.007464090846510563,-0.004637881610482841,-0.012164320933474637,0.013434315219274628,0.008012324190224573,-0.007754032031895175,0.002722696316170614,-0.010860467594141276,-0.0007050607549257126,0.013689880844033775,0.01771372748265021,0.024268028866664793,-0.0029799248151607394,-0.017875823138092106
2025-11-17,-0.01817127205638569,-0.01824160639834127,-0.02548516408716195,-0.007754941860691922,-0.02721003047839643,-0.0028203688986945252,0.03114943336156073,-0.027871430532098174,-0.02280409242263881,-0.012223919096258973,-0.005272577953520985,-0.01877255795624766,-0.013417122629642897,-0.041556553781777694,-0.027238966718836077
2025-11-18,-7.47610048428271e-05,-0.0018457750330598266,-0.0425328904232829,-0.04431653833391602,-0.014892697865933613,-0.0052713520209835,-0.002596312508870824,-0.024295859638025274,-0.010947774803830468,-0.00717593237312697,-0.026995583662036693,-0.02808152100624217,0.002865442952788788,-0.01013484888125149,0.015033247268702699
2025-11-19,0.004187958188325291,-0.01960124463036128,-0.029267403842426765,0.0006290693674619874,-0.024068449191669283,0.01318348569148653,0.030005606051610068,-0.004897424291134933,0.02272061572077444,-0.012330821956167193,-0.013507824429130677,0.028451698075282472,0.02285825481231285,0.006361427282889576,-0.0014620942811649495
2025-11-20,-0.008601462569680418,-0.017949739769305473,-0.07841645511066364,-0.02492255148822009,-0.011014580522233142,-0.037632265407968934,-0.011474968674489383,0.0064810625843712,-0.04243809890528727,-0.0019820220647155384,-0.01600133102224366,-0.03152478448099327,-0.06580055429515907,-0.039251187285531564,-0.02393533068503484
2025-11-21,0.019680647235321702,0.037740104914434136,-0.010872757240610764,0.016348913427910006,0.007720671630885523,0.008748533753828225,0.03527380010682246,0.024242530062285272,0.02617492849711711,0.00865657608744197,-0.013188948933371858,-0.00974309888497693,-0.05662360468647365,0.023247088471443966,0.03958784914718594
2025-11-24,0.016317581500066458,-0.016841948900213066,0.055304761703659056,0.02532963104830621,-0.0012768635609937684,0.001839747767295563,0.06313813228539678,0.02245829796164478,0.03739133088485058,0.03163639426724685,0.00398205694787479,0.02051656850567385,0.007647487592907787,0.01077768074708052,0.011668715927310558
2025-11-25,0.0038052736187974556,0.0025726375878543095,-0.0414787167745283,0.0149814363087164,0.032183993985555936,0.0010492088494176155,0.015255244752224506,0.0011837529400664515,0.0011176561750236846,0.03779458393286994,0.006307956259938852,-0.02591075694250211,-0.016227266811259855,-0.01066276091406626,0.003162648515842248
2025-11-26,0.002094178534708613,-0.006352679883724677,0.03934410526484089,-0.0022205534501759105,-0.025499755298353244,-0.0032756707634948867,-0.010790160699995277,-0.004171136200523229,0.027351367350111122,-0.0041022288905216975,0.01784115134584785,0.013721728427074753,0.040247712151480375,0.011267493393505967,0.022130318543117866
2025-11-28,0.0046837961187689015,0.008220004911338785,0.015356577678195427,0.01771686809963624,0.010475569314978506,0.011436943969608038,0.000718774110255449,0.01771057597380188,0.10187448682685907,0.02263220971482216,0.013408861488697132,-0.018084970501686226,-0.014685805365104332,0.017863634363719294,0.017659377576330737
2025-12-01,0.01524119743713337,0.008496551960816001,0.010251439985533128,0.0028299616613276513,0.009933199422119676,-0.011697467886039092,-0.016521840443809,-0.009430337367859587,-0.013560232572378372,-0.010926881437306246,-0.010711242234453744,0.016497144261903296,-0.005001313645835559,-0.00029742069802896065,-0.0006536464787735285
2025-12-02,0.010914832876105063,-0.00012392301119867888,-0.020567842767812206,0.0023088475921804186,0.008074668449249645,0.010915369367784589,0.002921587890349908,-0.012726056210170422,0.08647845649390495,0.009721205697630353,0.006697679538790746,0.008559455044009567,0.000796366110976443,0.015829664329985782,0.04222158927713515
2025-12-03,-0.007128157809805358,0.012298259814529144,0.010964507294748849,-0.008702300580441968,0.017084811929039878,0.011447816194503524,0.01209584892083404,0.0027834731626736886,0.006671200659915444,-0.011590149701411367,-0.025040828559835693,-0.010305367131387855,0.032968618173541575,0.02560048515105251,0.04188076484862102
2025-12-04,-0.012141479874668626,0.005967354839083283,-0.0074449004160684895,-0.014071797072686909,0.03661196753121598,0.00012862888773845782,-0.0062886108470501245,0.017744898955823096,-0.07449722227089395,0.03428714558771495,0.006509974781282901,0.021160534523537944,0.031772057223017125,0.0009759744280364302,-0.013581633911999291
2025-12-05,-0.006840055245008081,0.0533264326147147,0.009213841710018711,0.0018331725713693903,0.052978280053573634,0.0027006601436714295,0.011491755385129698,-0.00016222158444512136,0.02246913203486689,0.01797344629130926,0.004824844083790358,-0.005289605770121497,0.015163517966070073,0.0026382814703227453,0.013435360481595993
2025-12-08,-0.003192433705098474,-0.020620384817959247,0.014405649273126597,-0.011501761877265149,-0.003991184988494267,0.011414676046097139,-0.02286172872336123,0.004026679740206651,-0.02680513437434684,-0.009830443232759278,0.01626792904501806,0.017214022376646154,0.013604168150642248,0.002860235705147929,-0.00876512181557576
2025-12-09,-0.0025549528865235205,0.015333841359706168,0.0023065194040439163,0.004539639393836836,0.00574092729405673,0.008242505742162232,0.01071015338749004,0.00420472725821841,0.004962798181780803,-0.014757017177333132,0.0020365318428314794,-0.003125876875773148,0.004488994973256055,0.003935971510695024,-0.007847852115565601
2025-12-10,0.005772358970110858,-0.0034560943775936437,-0.000902431877306209,0.016935769749744978,0.012183020253912158,0.009306864550063576,0.00987137368128388,0.007053618915576543,0.006913550106095734,-0.010396330527153719,-0.027356560460197188,-0.006433489130266867,0.006680764522140281,0.03528416276666291,0.011976340308490707
2025-12-11,-0.002690246960942222,0.021274699644707296,4.513823014451468e-05,-0.006471654188885845,-0.0070021902194231656,-0.012211871264180663,-0.0242964954388305,-0.006172714377604027,-0.03114272917556893,0.003968430640565401,0.010259910209692302,-0.015507749510496383,-0.10833592736114217,-0.005158916730688579,0.0
2025-12-12,0.0008990946591842519,0.01712182211969293,-0.048096437920576274,-0.017760970816273702,-0.00045729320598142387,-0.018544120625351712,-0.010050273864534609,-0.00482716008847206,-0.04302700633919487,-0.012992182826970233,-0.010217785106327315,-0.03266449001911087,-0.04465677849067995,-0.0164397089644579,-0.012385123299092027
2025-12-15,-0.014984890847580368,-0.014813564761088194,-0.015181691653736284,-0.01613691637948922,-0.02917295512820961,0.005784082158143633,-0.0034595184179638805,-0.001875503518556143,-0.007934489311331672,0.005911272775906307,-0.007752890903315213,0.0072562847968487,-0.02658314231645853,0.005440666494397117,-0.008081581120637837
2025-12-16,0.0018241281266524467,-0.009283722923850823,0.00765967975655335,8.989068511033871e-05,0.0012962095193984613,-0.008945696382281376,-0.005353327337273561,-0.017754251952374678,-0.0053318303703409065,0.014887750740940842,0.0033065371992535564,0.008111693749698334,0.02017080530594484,-0.017516471508971287,-0.00230373667396222
2025-12-17,-0.010087028861802017,0.01946014179370259,-0.05287564017503432,-0.005796159688549518,0.012671247322895374,-0.01998719776478919,-0.0321297701987725,0.00046185499894546567,-0.033771162955047784,-0.011641138735122958,-0.0005668181720785981,-0.03814991485334229,-0.05401529882641054,-0.021462645509980227,-0.017290002595230503
2025-12-18,0.001287574790797219,0.0032425249100827003,0.014890701828043085,0.024811271877659857,0.0004889110731693957,0.012499999999999956,0.019344857270350957,-0.009461974793277927,0.006380015176252307,0.023017737887457423,0.016508469753089283,0.018719953397407174,0.008797528138812849,0.01073469894439949,0.009742755821031901
2025-12-19,0.005437411303821804,0.00014049013043959668,0.06152389966871752,0.0026019210221046585,0.007989099803555666,0.01910331595790349,0.015539306686872534,0.0017639778678506524,0.014884259473445516,-0.008548476966659946,0.004008424988813264,0.039336191946053534,0.06632225232636291,0.006085221415519593,0.0005674647718767467
2025-12-22,-0.009865948891234266,0.004692894667784886,0.0071217932091200975,0.00475032567966549,0.018160138047355057,-0.003953032665426681,0.008529800481200889,0.006013692313397323,-0.012221639507582926,0.004144023952324716,-0.0020579063896725147,0.014917981573424388,0.03339067335807511,-0.005877350060510489,0.014351427076498835
2025-12-23,0.005129713035979311,-0.01429246600008216,-0.0002326264362304542,0.016241329216049705,-0.004534687700811446,-0.0011523244488998996,0.014752296285657662,0.0032696196066490657,-0.0005499163692891385,0.005200339374807461,0.003979983831256417,0.030050626087284815,-0.01532419319416245,0.003042087145157968,-0.009730436894412664
2025-12-24,0.005323781322749355,0.0015890061212673334,0.000651462976382744,0.001033882544133169,0.0069468338182330225,0.0,-0.0008271420003246321,0.0025676007822490465,-0.00522692254978363,0.003925249320044566,0.0024031674865694352,-0.0031711040511148703,0.011006426830204141,0.00011457572582274089,0.0002823063570713824
2025-12-26,-0.0014972809650131147,0.0023230120151829237,-0.00023245812188166237,0.000602458846315379,0.0030912224568933055,0.0017944734147676833,-0.0018464359524886786,0.0017401733046937817,0.0011062200137206268,-0.006381675935284714,-0.0006352171471570855,0.010179749413702144,0.002531855502319713,0.00022877242778962525,-0.0014113086006873887
2025-12-29,0.0013167962364342145,-0.0018088868087634546,0.002883832277529752,-0.0019353042317807878,0.0005638191130874493,-0.004733808328448386,0.0001594582008006551,0.0021305477313526833,0.0132596555834259,-0.006935016176265574,-0.0012506892492577526,-0.012124095818556446,-0.013182494543638512,-0.007894282288396615,-0.006727839046939632
2025-12-30,-0.0024841597541549465,-0.001840508239167038,-0.001252280838999198,0.001982123671998126,-0.0011643314558785756,-0.004884886594130222,0.0009248270553916527,-0.012069076578619553,0.016902915123402584,0.011021872665698318,0.0007800873577012979,-0.00361277804937421,0.009366431327056501,0.0012685035275561418,-0.0015367097085505765
2025-12-31,-0.004467463604312272,-0.007148788577452048,-0.005479672591475859,-0.0073538531116630335,-0.003798235041645115,-0.0049090658375595675,-0.0027083397430479605,-0.019334547240054567,-0.01072379944673596,-0.008799433172501425,-0.007918229377188779,-0.005545450183530032,-0.011662788288683834,-0.01497259836000242,-0.01100216050690317
2026-01-02,-0.00312648029845064,-0.047687085079860636,0.04347215819664707,-0.018715913643268745,-0.04261821517296571,-0.007569801346224758,0.006868949495614229,-0.01590087289311426,0.06720865690200695,-0.014664692045635364,-0.022083474546271464,0.012600536961681508,0.0041045433815039,0.011283242040432517,0.023229009481609886
2026-01-05,-0.013837112595369017,-0.005220492943599497,-0.010694945078055573,0.028962461627345393,0.010409266005821038,-0.0060493796408970235,0.004410665337652553,0.01190391339800656,-0.00025399024782069013,0.012884138454499316,-0.00019023125249939543,-0.0038655016095672234,-0.015942039367202065,0.019250807697222205,-0.0019716834133171046
2026-01-06,-0.01833426835440255,0.013361058958864191,-0.03044144957390582,0.033768107781812384,0.025911184906643125,-0.0046308643471936195,-0.006950159471580952,0.025426384734987373,0.01701808488239398,0.002777881934170612,0.011969929315805317,-0.004677830570294028,0.006023198625965787,0.034824963800490716,0.08426934460513946
2026-01-07,-0.007737496605901173,0.006279996221520534,-0.020200614451877374,0.0026148877348795008,0.012247911410142143,-0.006779347389562318,0.02430498275331261,-0.018977028243681193,0.06468531701715063,-0.01805878497187141,0.010365464492384069,0.009987097761727348,-0.004696852292348397,-0.012386877364558013,-0.03326382202563738
2026-01-08,-0.0049552102640688656,0.002780249702564186,-0.0254262045902639,0.019581038977249277,-0.021005473444664857,-0.01017124641356093,0.01074592343155878,0.020186634233183343,-0.035655651411666156,-0.004054400642158895,-0.011086533967845869,-0.02152181842344114,-0.016542163575220314,0.009323446832829596,0.014754097401923127
2026-01-09,0.0012738888084979916,-0.015012966639942227,-0.0073773429786457845,0.004425724253495522,-0.002264585798604113,-0.0010816264663898734,0.009617794295012638,0.004955148638118079,0.10800288398903568,0.0108348328476493,0.0024471623168931256,-0.0009728361331303725,0.049537439143783946,-0.022488574432594666,0.009870038984188145
2026-01-12,0.003392793467145605,-0.018865153706421167,0.022247400271679707,-0.003678565947722645,-0.002077504144152309,0.0017595722334415864,0.010013033143840833,0.02616520526391586,-0.032711259906174406,-0.016981499870513894,-0.004381590565727067,0.00043280183361860125,0.031029542000768018,-0.047868045099809575,-0.006515661270728446
2026-01-13,0.00307399257312313,-0.05408210453469886,0.06394144457215001,-0.0157016882298876,-0.07070154780911309,0.019727127403588618,0.012384703412038789,-0.028893636516874044,0.07330911124742578,-0.016947783606310107,-0.013642591882396693,0.004704239730442428,-0.011676781990137441,-0.023512857326144943,-0.0028561672574172192
2026-01-14,-0.004175458991876879,-0.017713646191442,0.01190209018547117,-0.024526018373191683,-0.006181015958134473,-0.014045365941296017,-0.00038691182966998916,0.01936278161730498,0.03023895702032542,-0.02467163267504846,-0.02398711208289772,-0.014369602734984221,-0.04290867212332028,-0.004537506159236315,0.026096636799975315
2026-01-15,-0.006731727764257678,-0.0011496718588517307,0.019320178656121012,0.006465239039753046,-0.025211872191836404,0.011288808869711842,-0.009111415232374798,-0.03585407253513195,-0.00821021173761649,0.008578064579704892,-0.005921037090992787,0.021349905289956617,-0.019420373611148234,-0.019144225055884867,-0.022383006252140958
2026-01-16,-0.010379221191344046,-0.02620935024724469,0.017155158360483647,0.0039466053837939885,-0.027491111265805612,-0.0007973643695280419,-0.008353901983038203,0.025910275129607863,-0.02814570817344686,-0.0008859384092072542,0.00700735398951724,-0.004383931622591319,0.0065313868343752635,-0.01220643457982351,0.01300765197984144
2026-01-20,-0.034555586545020445,-0.019417803913323928,0.0003881997031436324,-0.033957825706746436,-0.030998149782466622,-0.024471371918077023,-0.02424240347805051,-0.04684784373263129,0.034071599659536655,-0.026005608590861984,-0.011612141515025765,-0.043816762744832816,-0.05845411164079184,-0.03355916625680411,-0.010387372207826817
2026-01-21,0.0038508468560267684,0.013293439177773259,0.077095571852271,0.001341980773133189,0.006861427568306988,0.004635404349281558,0.019813657405210794,0.02124597958906249,0.1171745977305223,0.014632887860037913,-0.022903313262762626,0.029482885699874783,-0.033570457805832565,0.014928272860255776,0.02542337303105513
2026-01-22,0.002826561879143208,0.018692858629759446,0.01573255655632222,0.01309929882528893,0.02937987742205639,0.008685029323976634,0.006577664193148758,-0.009645782365346856,0.0012903169552851423,0.05656151635110929,0.015829429951262686,0.008291397296120495,0.02472957317585056,0.009144981310038158,0.002983379840071354
2026-01-23,-0.0012482700788880585,0.00447067790602973,0.02345011251500373,0.020568436457892858,-0.00017535804003498967,0.003497839228668864,-0.007896142517177074,-0.007567837529876664,-0.1702871879964567,0.017185812975907266,0.03282791169509047,0.015310543910665775,-0.005724452082182974,-0.012547429651348696,-0.008615897588264865
2026-01-26,0.029713035188522863,0.012123405878001536,-0.032231959924759024,-0.003094185824689788,0.005919775362460689,0.03244413963728121,0.016253525439399175,0.013301888667529571,-0.05724424304031461,0.02064478750789167,0.009292883148952935,-0.006394170442939551,0.029803543623383444,-0.008343080099424971,0.016967561123174546
2026-01-27,0.011197599163490057,-0.02395637885181523,0.002864992350872342,0.026256163723313408,-0.0037925912733296485,0.021685380519450126,0.0038707809267282123,-0.008335393071621233,0.033890293476706246,0.0009072116872437253,0.021901777716768045,0.010993714284356582,-0.041328703739185846,-0.009578061550766126,0.0002035422507622453
2026-01-28,-0.007085580156587334,0.007262366508688389,0.002817151598246692,-0.0068252338521122,-0.002494108160206454,0.0035586875189355105,0.00436406329650052,0.0010209728701500165,0.11040287822510386,-0.006300387586862688,0.0021849328991829786,0.015913472151403374,-0.01200676251226418,-0.0022216799260105224,0.09937444996976685
2026-01-29,0.0071751307281611165,-0.026470368620129303,-0.0022157664208721783,-0.005267268047532414,-0.060887907812948505,-0.0067121377800478665,0.006666568449686716,0.05126459319824206,-0.0024600027652255108,0.10404798845895336,-0.0999315049399564,0.005169124688451321,-0.021932882936475107,-0.003143360283535346,0.012952756120269582
2026-01-30,0.004646276870277299,0.0054860488153603,-0.06126575222843189,-0.010052507834071855,-0.008361393053530342,-0.001402645293996474,-0.0007391569238641704,-0.008213663631508328,-0.045006137147068914,-0.029540456211264776,-0.007404777983234245,-0.007168418675203125,-0.02621155673347597,-0.00413881526033455,-0.009193283280737652
2026-02-02,0.040581019583889155,0.0004433244085677579,0.040299111718405944,0.015294624385431943,-0.006971578654898947,0.029622070158222824,0.01683427075541455,0.026181960411130634,0.05035506974648807,-0.014082413278520778,-0.01608223045683077,-0.02888086354036168,-0.027463817712280236,0.006794680860474411,0.043887712721968786
2026-02-03,-0.0019627958800989553,-0.07311340871917715,-0.016892043651028477,-0.017863069956986388,-0.06845020624631704,0.03063006635795107,-0.011580194628212914,-0.06488109061145708,0.009014517810477907,-0.020823559716553253,-0.028721972051949263,-0.028392949431980563,-0.03367485067356135,-0.03564409591703421,0.0008888831038222911
2026-02-04,0.02601286642781786,0.028610300403945743,-0.17314443047898198,-0.023593955826118118,0.01558196439398829,-0.0234629300786785,-0.019634265844849064,-0.01787237708151357,-0.013198000525460052,-0.03283214438230253,0.007246927253197866,-0.03410221846767858,-0.051723031457694746,0.011618440291781607,-0.01016834765633956
2026-02-05,-0.002097593092373451,-0.036895274112144216,-0.038413518895165866,-0.04420791797466184,-0.04748288415979662,0.014785545787805665,-0.005374777878328518,0.002906167064067544,-0.007407341706934245,0.0018236548683121523,-0.049542462425080536,-0.013261404396442744,-0.06947565460674565,-0.08455900621632406,0.004755145876059075
2026-02-06,0.008009748840153375,-0.0037492472278272126,0.08280520748782472,-0.05554804877440456,0.007264319526077978,0.02986895353632124,-0.025328381436290015,0.03118420213445572,0.04871472620968165,-0.013055542985929924,0.018975304586217767,0.07871772229137908,0.04645373135538211,0.007630179699874784,-0.01134028054214431
2026-02-09,-0.01166048390953256,-0.005514609730238207,0.03626941791424576,-0.00760748406141476,0.014005724372069928,0.023107734488169385,0.004522170418437055,-0.008664192345463118,-0.00691833313037038,0.023825982172041238,0.031061465218646278,0.024971681890920472,0.09641504909284504,0.011577054367129413,-0.012057463723887163
2026-02-10,-0.003422959769044165,-0.00835511622235141,-0.01124996609157991,-0.008432323191560842,-0.002989272322953651,-0.005646456797565258,-0.017698680633528863,-0.009841756918244293,-0.06190287632264413,-0.009598029580667466,-0.0007979095156083194,-0.007893055623999112,0.02107414981546163,0.008349549677485246,0.009827604891318176
2026-02-11,0.006650117732854843,-0.0283749929520275,4.6797333395076635e-05,-0.013915755650289796,-0.04368056934671716,-0.008691640044931392,-0.023918682158958204,-0.06495066351321133,0.024612769385165212,-0.0030265711984009958,-0.021535541632126787,0.00800892626713745,-0.017074288767504497,0.00678131401079507,0.025529595668772442
2026-02-12,-0.04998173910671744,0.020765267778215746,-0.03577113645542429,-0.021952154485218922,0.0023243400214825183,-0.12321718868855025,-0.006302886415383235,-0.04871533813192852,-0.03748190803427842,-0.028234297330113844,-0.006256685100044401,-0.016364060802846025,-0.004326760301194499,-0.01822165136884779,-0.015713193013080717
2026-02-13,-0.022733450234726726,0.00560000465029753,0.006701004498653074,-0.004058180323715632,0.023135409294508413,0.024666719844073093,-0.010614953298754504,0.011020492147486127,0.006669564895527058,-0.015450626815450064,-0.001293985238056461,-0.02209265226893975,0.02338954464828591,0.01610450575080624,0.014170387369451642
2026-02-17,0.03166790148756515,-0.013334806975770053,-0.020451501752714596,0.011871828009746066,-0.02862113651761289,0.0,-0.01210267861158787,-0.015511926861766279,-0.013036986501727799,-0.0007504304557784947,-0.011113376251159934,0.011815519283652876,-0.038528806436291974,0.013717118326098676,-0.0020781683001428464
2026-02-18,0.0017811375828364895,0.010443467434130937,-0.014575569663081156,0.018095945812067304,0.01899182822529455,0.017306337267941396,0.004337534684544453,0.00960087879025906,-0.015591191337052224,0.006147496297633781,0.006904255485954636,0.01627282163254007,0.014288470038262169,0.004276826615400076,-0.010501135025248076
2026-02-19,-0.014261551090285374,-0.015047390548329598,0.016240256242745055,0.00034184934085601526,-0.013312699642514692,0.004860647965589049,-0.0015824155632001569,-0.017293614822168846,-0.018477786394738405,0.0024253425770248693,-0.0005769390090856197,-0.0004255371370144312,0.002369198219244417,-0.013753117075493981,-0.023598472486591082
2026-02-20,0.015350449692731916,-0.0023147491350448135,-0.015833216787204396,0.025627257563010764,-0.0007016403087349854,0.008146637315525007,0.04005291957693391,0.0034337852415669,-0.011429814740958388,0.016873923983892203,-0.0030868435621884682,0.010218296081220712,-0.05404365746826423,0.01139661132639036,0.007704593778765867
2026-02-23,0.006047257970275721,-0.04613121438278278,-0.01773663702835171,-0.023035535309270605,-0.037805101078321135,-0.018434402303452058,-0.011080198311034462,-0.13147460819881285,-0.010881875665258667,-0.028078545546783795,-0.03212252071132937,0.009113883503194087,-0.045718563156961434,-0.017287193588649608,0.0005917453661110628
2026-02-24,0.02239103564464129,0.03441708182764036,0.08769069022967191,0.016027637831418806,0.04074992190178639,0.00514536762904938,-0.0018940250460213193,0.026729392566171573,0.05707077246874559,0.0032169100450167853,0.01178251519260276,0.006786738276500337,0.03418021641540703,0.031123124374489608,-0.029609804529619144
2026-02-25,0.007679860855135612,0.01034604149622842,-0.013935633083487109,0.00997315810991184,0.03413865450648079,0.012541678568729342,0.00643295557210255,0.03584503777185377,0.016478797784729382,0.022509095569472448,0.0298200264733548,0.014052276035389388,0.011974754728967252,0.007183374056579428,0.0025779311177960285
2026-02-26,-0.0046676776162442035,0.004770998013948535,-0.03405106664984914,-0.012913032798065993,0.04026071374755369,-0.01289187593250507,-0.017641494020525283,0.018817910191241127,-0.030290144012141917,0.005078857546080728,0.0027958182358562844,-0.05456124072866231,0.016363596882710718,-0.0015773919346997456,-0.005937272903112967
2026-02-27,-0.03213044438249635,0.013009554532203094,-0.01703645957724287,0.01000385652833935,-0.023462120310459134,0.01741353124322842,0.014249536789151085,-0.007437650560627951,0.0032996376792744364,-0.013439662140185216,-0.022353901512221608,-0.041646346652961186,-0.03266591354533788,-0.022185603289563538,-0.002445655306216543
2026-03-02,0.0020440108677830526,-0.005830565748045857,-0.007941718911942619,-0.007666669573102691,-0.009446089398824298,-0.0005033796688100889,-0.016807887343381123,-0.003497001993807536,-0.002411765158507717,0.008300071918611929,0.014793453501622311,0.029854947906472917,0.026478709158173075,-0.009342498700475876,-0.010796204159355116
2026-03-03,-0.003664168116717992,0.03875339298657221,-0.03861644525980357,0.0016315386481426941,0.016066333506952857,-0.005792024020830899,-0.009591575706884403,0.02468981528423675,-0.05274728628305292,0.002325785911687417,0.013498946894749508,-0.013316571281988043,-0.001607982859164192,-0.02056288754325919,-0.03407685101711733
2026-03-04,-0.0046635601744375865,0.00786008693889495,0.05823519535845123,0.03875826073047883,-0.015149234711638315,0.024189536300345038,-0.0014821671387289514,0.019487912215313097,0.05754068317247585,0.0193105662645654,0.0031441531290252733,0.016606504566419655,0.022548738666622326,0.00999047160904376,-0.0013816085802874634
2026-03-05,-0.008494547048829904,0.031561201198355704,-0.012965854807798327,0.009777672934109694,0.043039155482659686,-0.010634393351545257,-0.007422541736676336,0.025953765745905022,0.008117571676635515,-0.010722846200504565,0.013524143668401711,0.00163899863585093,0.015882472647009482,-0.011686555439794022,-0.0217896222361873
2026-03-06,-0.010872595974432131,0.0066728364732622225,-0.03519681313548806,-0.026171534044230005,0.0035752264254222954,-0.017122839472670237,-0.007843764535739872,0.008965203330126181,-0.055059903198841575,-0.02378255285227726,-0.004188164531066962,-0.03010799423668542,-0.011822456383604352,-0.009562128796353653,-0.02399235720267079
2026-03-09,0.009399570490431275,-0.004160470686467965,0.05326612477333437,0.0013132534612816382,-0.016426774552101175,-0.03090033318839791,0.026985254760708344,-0.021325171679992483,0.049746746964495436,0.003923454566710838,0.0011003722075924038,0.027162275767295796,-0.009152710760015337,0.017834827112314322,0.015370329596691601
2026-03-10,0.0036555398041986376,-0.0258815943046532,0.002713652415794243,0.00393459326562029,-0.01951798129061655,0.01955126284926667,0.0022197168869222406,-0.012355427650190931,0.026327268539612092,0.010318237181279333,-0.008915215141642507,0.01160697676597211,-0.01425188044588721,-0.02107016401877604,0.006422065632976537
2026-03-11,-7.670678451010549e-05,-0.005161245238734402,0.00787288361537275,-0.007838417021498345,-0.004001902910341748,0.00514801637075557,0.005406520345286214,-0.005315744509564402,0.02565200500754461,0.0012077925805078493,-0.0021688058128880305,0.006873713447352436,0.09183400399910568,-0.007988230898942517,0.0061277628603002565
2026-03-12,-0.01936274610273292,-0.014358236083706344,-0.03461405201635703,-0.014671973697334195,0.02652855951298827,-0.004609504746142523,-0.016683014417014475,-0.004781610274489534,-0.05689869879705056,-0.02547104743261075,-0.007459038776109095,-0.015535083686109119,-0.02427654168784521,-0.022144387858280767,-0.043388435042306495
2026-03-13,-0.022051876328148423,-0.07583954165488804,-0.021998614254443383,-0.008877013416636048,-0.032366507502176955,0.007589397444687895,-0.004183772956429577,-0.005652451673337944,0.011491722823506523,-0.0383434526266937,-0.015701969810701044,-0.015780314308353027,-0.025446088525511223,-0.010140928556906625,0.003841016813411091
2026-03-16,0.010794859745288043,0.010187683344761611,0.016495177886520107,0.0195984367511175,0.028574455386831454,0.007276960740466576,0.010850879030806393,0.01205945570050515,-0.00021853039393560092,0.023263844608812034,0.011123782896491852,0.01647717218041489,0.005544543274302871,-0.0033123044021547976,0.017559572938232515
2026-03-17,0.005577047742174601,0.009290861320654153,-0.0013735083423845884,0.016340754535353108,-0.015276815094624419,0.004689431871742533,0.01754159974009184,0.02752249051555733,-0.037150284322502336,-0.0076341043414897,-0.0013502086602691366,-0.007040797336696936,-0.008206773856659577,0.017002783571377522,0.0016482835435189802
2026-03-18,-0.01687444479508171,-0.0322580528980565,0.01604609645177768,-0.024767666852414494,-0.00496645670781426,-0.021067226519379978,-0.010388577259506704,-0.01760950937273076,0.022015373939453964,-0.011209928361989974,-0.019078100591435554,-0.008409798772097021,-0.011571642329502141,-0.008511260340401505,-0.01887372948436572
2026-03-19,-0.003920930967820313,-4.062807656890488e-05,0.029128634127283615,-0.005288991452693126,0.003344674275222559,0.011726849565210307,-0.0018200011968599883,-0.004888752935765739,0.025538564447122214,-0.014585490060935902,-0.007070176962847952,-0.010199568445272478,0.017135534374124184,0.006208345399475013,-0.013051713089357375
2026-03-20,-0.0038962445152316283,0.008780797410813168,-0.019194243481266637,-0.01623874055782004,0.0020000519105847214,-0.01095396355955569,-0.01995898201913937,-0.03434911764630044,-0.050021683803066486,-0.021493370888580943,-0.018379451907360234,-0.03281811115811839,-0.03755154634591762,-0.010511897820624672,-0.00584198741695563
2026-03-23,0.014113480475494988,-0.002055186457303293,0.006705363495001615,0.02322639327005427,-0.0010236585939635834,0.015067483801200598,0.003521661147902977,0.027588177794025226,0.0031912330307053427,0.017518463303236143,0.002959136952026542,0.0170237820072745,0.031133111606066466,-0.011932197402933054,0.007692763143646308
2026-03-24,0.0005964238375686381,-0.03541432843674741,0.013272165673053449,-0.013800294588880768,-0.062301370095512065,0.025881793500690975,-0.03846919033715546,-0.0315971744015241,0.001136174816288138,-0.01844190111911148,-0.026788584000617788,-0.00250518750288653,-0.04697423321825078,0.002493081485587023,0.031808280327023875
2026-03-25,0.0038944425565474727,-0.006781911291925735,0.07255202565872021,0.021569200454641724,-0.005791761063397405,0.011996106673786588,0.0016870180877650576,0.003325175326235552,0.07081250192098487,0.00332258125007856,-0.004560720873527657,0.019863034004328428,-0.007274437794609678,0.013056737819952424,0.010995123372196769
2026-03-26,0.0010688333127273353,0.015300336703108597,-0.07490806591890964,-0.019696817795534227,0.02022426623694984,0.004032815778762133,-0.03440681152238945,0.0011598842675564214,-0.06528193749750366,-0.07959464154247431,-0.01366431796733969,-0.04163858095780393,-0.021983229015829275,0.0014574943879710478,-0.01707571714431899
2026-03-27,-0.016173068672430957,-0.02507476097013661,-0.00873533268869564,-0.039510442389467326,-0.034098362172581775,-0.02726400603359469,-0.02342306677223538,-0.02205482024081873,-0.02199540679292944,-0.03985098946866683,-0.02513874928256188,-0.021723974181843797,-0.022057310898909055,-0.026275381479651694,-0.01592476542994592
2026-03-30,-0.008721851736991693,0.026784230297260514,-0.02945696343986992,0.008076656164990315,0.03190005411500252,-0.03603607596040337,-0.003061928559749294,0.0038503828204843327,-0.04498034763185843,0.02027710442953401,0.00613842352061944,-0.014028147487508913,-0.006157802800903611,-0.00031465271358899205,-0.020543216715706136
2026-03-31,0.029031290418426448,0.008086911246030448,0.03769638666974573,0.03642700888472339,0.00886351834499477,0.007139164333800796,0.05140767278298308,0.02166491651082847,0.07137660935729806,0.06665043264096115,0.031229157756083703,0.05588180888236938,0.059870295620288116,0.013457128858993306,0.04141178194406114
2026-04-01,0.007250134515282447,-0.007034748646479239,0.03332848784442355,0.011043371606930696,-0.002303545667640905,0.00438209702990866,0.03418426038221156,0.003094194319182675,0.08837520092424067,0.012409800730328824,-0.0021611901863888283,0.007740860269023653,-0.01277953169256596,-0.011647800621002014,0.011126017261385623
2026-04-02,0.0011344553655323608,0.006421689038048184,0.034679573061694224,-0.0037992260242744047,0.005047253980748678,0.019481250210566126,-0.005447446206045203,0.02064653799850724,0.048927802384856944,-0.008235037389847877,0.011072868751592857,0.009331356375359201,0.007918398482403166,-0.0037711504523701977,-0.007284711058850535
2026-04-06,0.011487876222620041,0.005927887585462477,0.012321805405890895,0.014396667550949482,-0.011486346700204986,0.017970177852709712,0.014267800370968198,-0.005722102574298837,0.00793961299526047,-0.002506689716882615,-0.0015530146410365209,0.0014093304479019242,-0.005738546734479377,-0.008438488581066772,0.02334889451681854
2026-04-07,-0.0207060792616357,-0.0172696071785996,0.006131375004192696,0.00460553135602737,-0.01118723287332879,0.002983586655770587,0.018233945467744705,-0.006768227351139022,0.04194566993537707,0.003542556468156155,-0.0015822508381434508,0.00258955293576979,-0.016284065418779803,-0.013202903458423898,0.0016047143353399296
2026-04-08,0.021301735790709264,-0.0034563247820615928,0.046449729615055224,0.03499085736091123,-0.03601898579049845,0.03743181608500645,0.03882673963431005,-0.013587990740338896,0.11415613178881467,0.06498563938087054,0.005479578543501118,0.0223470271240227,0.003422512188339777,0.027726253761743536,0.045859501288891824
2026-04-09,0.006141348347641795,-0.039154215088290645,0.020791958904084362,0.056045170153601775,-0.028874964717593765,-0.006332115809950745,0.003687064768298942,-0.018863321197668537,0.04698898086367986,0.026076955903867605,-0.003365977272341003,0.010050504643715596,-0.03702155609321334,0.0018822340752830957,0.02910483296294175
2026-04-10,-3.834482173115106e-05,-0.019961713008419424,0.03549693170279733,0.020244002182271403,-0.0344747431098239,-0.011422358686591694,-0.003924717522926557,-0.027068045057695445,0.010693451626030193,0.002339196864400872,-0.005897032858082851,0.025664741901011645,0.0016683567557842505,0.0024265665701461714,-0.001162817544842376
2026-04-13,-0.004913954203973225,0.06549808789468536,0.0073049648790664,0.006334400855383171,0.047647924675424,0.0015810442343111575,0.012829389221314713,0.03059464606849427,0.044886168469332244,0.0074144986406494695,0.03640089840318694,0.003604892099032586,0.12694618201648145,0.02483222074477709,0.009220908334991007
2026-04-14,-0.00142758690909639,-0.018283284238429065,0.03338332225433449,0.038059130876826774,-0.008737449404808029,0.003157282943772044,0.03610221659486279,0.010301902823951936,-0.0210187009124021,0.04406396602363416,0.022738477393367207,0.038032865411783634,0.04742322268810084,0.012191317955561054,0.009967116758801797
2026-04-15,0.02936295529114541,0.03792636346135003,0.011957453661307627,-0.00208820280916866,0.03671713071984728,-0.0030262798560778403,0.012646066883422513,0.01885378742597621,0.017708839426357148,0.013721086462468168,0.046068533854630056,0.01200957407583192,0.041779153362323296,0.0015808588795225287,-0.011787809152587148
2026-04-16,-0.011372633634406881,0.014305566695052008,0.07802578269573357,0.004828961562342915,0.020382831558782843,0.025983518514799187,-0.0032629979618038485,0.025326764451433448,0.05481979403690107,0.007876845757642137,0.02198340217176664,-0.002614769796708716,0.050232613164586715,0.010672717674795829,0.03148557854411149
2026-04-17,0.02593021154924191,-0.014950059071238031,0.0004672064912309981,0.003444135445984209,0.005076710344373403,0.020710049250949547,0.01684431209009718,0.00984062319190615,0.0,0.01725590589309034,0.006020092104702002,0.016788441530004805,-0.018391849693960016,0.012865201088312794,0.03012105798744491
2026-04-20,0.010435475371396441,0.0170996440448119,-0.012356773807962962,-0.009099612075002872,0.022674873622521963,0.016927545537860578,-0.012467774438631563,0.0009468744259792938,-0.04087595695996804,-0.02561904227018652,-0.011163956243767204,0.00188419663120043,0.014395138545522324,0.00969172248861927,0.016882746323565012
2026-04-21,-0.025196703995697067,-0.005832008118709098,0.034697136220384506,0.0065651880571397925,0.0045095399009442705,0.022688392119843526,-0.015203648803314485,0.00776473181285664,0.008523671445973546,-0.003085318344700272,0.014566950244961241,-0.010788787118989118,0.02021619074948333,-0.01425248564873205,-0.002353517278507966
2026-04-22,0.026298995241013978,0.035439801056694975,0.06668073349461201,0.021807838295304194,0.014376651609415037,0.0011148827844904563,0.02115626211004451,-0.014940525684450479,-0.014941223381318536,0.00879127463617535,0.020652560845584977,0.013107830909409257,0.03493958837369249,0.0037622433052155735,0.013553491986000532
2026-04-23,0.0009516944880663125,-0.06626555658391042,0.006162245995661397,-0.001096486445127054,-0.08693366945247061,-0.013474470165518837,-0.0012672556948888358,-0.08250614376873511,0.023134705284083568,-0.023076179224611693,-0.039660934617680055,-0.014123474389033275,-0.05984002644585118,-0.015580321562908006,0.19432115881842105
2026-04-24,-0.008667702544387201,0.027031579334498845,0.1391281985212871,0.03493017225717909,0.02804385287590172,0.004741022325403854,0.016258881347370746,0.0038947243716380697,0.2359988383395475,0.024091631930780233,0.021334937195510273,0.043227788976992976,-0.017018346974289278,0.11123564712299894,-0.018034977157108334
2026-04-27,-0.012727861582674027,-0.024975573752595293,-0.03789423181707385,-0.010871605831113018,0.01133812978303994,-0.008426052054173905,0.017247411505119103,-0.01694106877010837,0.029682540841616367,0.005318273278916763,0.0004710499812119462,0.04004417714781017,-0.0018467384684662802,0.009472548848730167,-0.027567282667073645
2026-04-28,0.011584102768505522,0.01625506426531964,-0.03412728464601866,-0.005438047398549362,0.006327031066207356,-0.015862234897333294,-0.0015984362710370625,0.021881144140482478,-0.005530076862179545,-0.010727646160971882,0.010427908679775388,-0.01588104908680843,-0.04047173602174048,-0.0017303690210435096,-0.01669767747802886
2026-04-29,-0.001994705758897597,0.0015214242624159713,0.04300607736136852,0.012860978748156615,-0.00055153400615926,0.031199608692347836,0.00045745218860759884,-0.025489143967139194,0.12103648560394031,-0.0033068372607277796,-0.011159034047451222,-0.018389075111261644,-0.012834442081706143,0.040000000000000036,0.015924638748775477
2026-04-30,0.004367659937802859,0.010387152371881259,0.051555888695161034,0.0076793983730687465,-0.025880180923968377,0.021547467362290407,0.09961702406520634,0.017084926000132894,-0.0028495687922576174,-0.08550038433407037,-0.03929691983619443,-0.04626045560032954,-0.014893537479181318,0.1511539276382845,0.04405305563943762
2026-05-01,0.03239351812191993,0.018732224689228527,0.017066824105659073,0.012072784412985094,0.04129622566801561,0.0038251178610675396,0.002312960442559797,0.005281858735134204,0.05440303987109485,-0.005164108323973515,0.01633231850252348,-0.00561207563438304,0.06468804250702975,-0.014311193233089825,-0.00021344305139769926
2026-05-04,-0.011815603186417278,0.012963184208714784,-0.05269872843427492,0.014128002271583506,0.009030431224978708,0.008492096193343235,-0.006326388005902461,-0.011714070912376306,-0.0385465153725556,0.0027268735840393354,-0.0019785964451384253,0.0001511106711307164,0.04923467364580847,-0.04875426972118235,-0.00046252210583597186
2026-05-05,0.026550690927708454,0.0065364165988175404,0.04017099278984926,0.005513692583370089,0.008141154921297078,0.018028763183442598,0.013515988851422689,-0.001960906326550327,0.1291501660496559,-0.008928413261531043,-0.005415548178495877,-0.009975799776516192,0.02806593762362497,0.1079106577063027,0.005474686489685521
2026-05-06,0.011717924952267644,-0.02132069889815802,0.1861453669565576,0.005264129064761924,-0.031017759099012276,-0.028207919685717675,0.024740662220501752,-0.01436492209487139,0.044937591694703904,0.0130917616958246,0.0062715193636264654,0.057659075388685865,0.046830293470004225,0.032270175109057275,0.0300355729085251
2026-05-07,-0.00024350711440246364,0.025342813459182878,-0.030684218286820997,-0.01389133038400725,0.028423156935059923,0.005674426914552999,-0.00012565985809642743,0.02467437032582298,-0.0299973393997629,0.006412298567163521,0.016450879458010714,0.01765865404299216,0.0028861576413574674,0.05182527165357054,-0.0145108279867322
2026-05-08,0.020456497888878378,-0.013527801440040399,0.11440535661732598,0.0055683857848436435,-0.024256642152154173,0.04785154440435169,0.007060470320022549,0.0006097003424156977,0.13957302535134564,-0.011640519045443387,-0.013427757958591746,0.017494095947569344,0.0069890571917650135,0.0816588054457652,0.008974816144130537
2026-05-11,-0.0012626705737772692,-0.027228894927519898,0.007908798708686549,-0.013532354923427414,-0.023814814556164965,0.022263681670944502,-0.03033924459227455,-0.027028166798173214,0.036183191952564364,-0.017666424923957313,-0.0059259923965174766,0.01970259096216065,-0.010768087976346208,0.08416634365446174,0.03460750176656968
2026-05-12,0.007243389265544797,-0.02161280600180293,-0.0228862874178567,-0.011784761609137218,-0.03481887668030792,0.005773859894999678,-0.0033193073752800784,-0.019369276546384873,-0.06821694734633343,0.006913139801055568,-0.01185000702966521,0.006106452319395217,-0.036163797243736195,-0.11459602583761341,-0.008698301010229614
2026-05-13,0.013805995565634221,-0.01976495648650589,-0.006223668812021521,0.016213969753363422,-0.03193041300867028,0.02598453527343625,0.039421737678543955,-0.02089226259260757,-0.002653177126314965,0.022603634055911037,-0.006277990380058274,0.022873482047085725,0.01568264336881864,0.013598956085340452,0.037842591719863705
2026-05-14,-0.00220833028705536,0.003981815366008057,0.009427636828353014,-0.010772604336833247,0.01049203307851454,0.13409242640184305,-0.0038497776707889786,0.017377915291398205,-0.036245744261098944,0.0029191031743067697,0.010414344989990054,0.04388258597883499,0.03082846149550922,-0.061406361134859755,0.005973756923364881
2026-05-15,0.0067738157309671365,0.04468170896638801,-0.05692685214277915,-0.011526033074604314,0.03538608302713553,0.02319738735334309,-0.010696401675080014,0.004258863192588391,-0.0617614391724427,-0.006791382967951565,0.030505840389261074,-0.04420122720632225,-0.013598534581422128,0.007047202540134245,-0.01765260645935096
2026-05-18,-0.007960612067346995,0.03247170067827665,-0.007333213450559373,0.0027257161474880665,0.03440726482862888,0.005667883324693479,0.00040326534105239453,0.015731860010179455,-0.005516213042554563,-0.004916738493843331,0.00383963141857957,-0.013314388358780072,-0.03285819569377235,0.010670436127844019,-0.007035942174363541
2026-05-19,0.003793999787491842,-0.0025426142154446607,-0.01648495831823127,-0.020841158796957915,-0.00033429590438083245,-0.029441440269161512,-0.023378884460741545,-0.0018855136652988769,0.02431362602692122,-0.014070457436796246,-0.014449655975185882,-0.007691677106092865,-0.027597639964441645,-0.03943229266942627,0.005688536140985301
2026-05-20,0.0109709963070026,-0.0063532308760234635,0.08098055734290321,0.021863243262898013,0.003790010725431836,-0.008927024144533613,0.00322451056536055,0.012009167215202066,0.07364617155202668,0.004065685187175205,0.008720179231968883,0.012964070657941695,0.0369227438107409,0.03527424102882448,0.008501230565427065
2026-05-21,0.009065310949131433,-0.03658676714811615,0.004490839237514699,0.01301830709151064,-0.021043861920966078,0.033668532385869865,-0.0032141465159613025,0.12431111653645832,-0.003866838332320599,0.0038342613642559087,-0.0025229027109182622,-0.017720537361840427,0.00855653451034688,0.05382452521418024,-0.021286962806772225
2026-05-22,0.012557845216167651,0.002703762338459148,0.039858567970152414,-0.007971333528174807,0.021326072305832833,0.01869722049310374,-0.012098216184623256,0.0034391236628428246,0.011307985973760593,0.004741755236997713,-0.001240757398686787,-0.01904237298751621,0.012172604519249841,0.11597393274611756,0.03626119557718743
2026-05-26,-0.001586751960143129,-0.017445616561135413,0.0778165261125654,-0.003867523096163561,-0.00549789443063986,-0.01727433337452422,0.015431995898472772,-0.012409367877122768,0.030707613631762554,0.0034083667209183766,-0.00606830040489359,-0.0021826918622399605,0.005101991603819078,0.04475989314379669,0.050709879788662926
2026-05-27,0.008173125031610828,-0.009355898160449572,-0.016571088651838872,0.024727646527565872,-0.008767062014660154,0.011324205464101844,-0.00012861975688982508,0.017990324555882786,-0.014167746499029965,0.037430228740286786,-0.008076305462157207,-0.010518481304186755,-0.010877331707976667,-0.06197260704998975,-0.022900054901142552
2026-05-28,0.005340207912225559,0.013431820325969568,0.045505948907660576,0.007908750591183455,-0.0075488563773883355,-0.008607003066374075,0.0033434443979794004,0.03534484475048916,-0.007226716577790726,4.712234875481336e-05,0.034700793226276616,0.007761016341909066,0.06671545575433258,0.04237361427114528,-0.004725093589242002
2026-05-29,-0.001439992937726231,0.07360002002147259,-0.003841130240645252,-0.01226272026117703,0.0847477217082162,0.01500339682134988,-0.02509425962392897,0.12709100907245952,-0.05136900583857895,-0.004375921306693065,0.05445092515456418,-0.014515703746992292,0.10839468794483453,0.0317728405258102,-0.0325052289678216
2026-06-01,-0.018425943872925732,0.05717375029035909,-0.011567469454628831,-0.03465860321873382,0.09680796568022143,0.007556885706610839,-0.010438005061361832,0.07595710732698602,-0.046651538715418384,-0.05065539518815376,0.022832265019252507,0.0626124588791841,0.09907877151541089,-0.08776191542441847,-0.040826961181468335
2026-06-02,0.029022933365852488,-0.04349893617791356,0.022366794807830104,-0.0181429249589532,-0.04179393246499663,0.054974044880313544,-0.03857903067859958,0.02749515382746437,-0.012805282195479162,-0.004729580557107038,-0.04171369737114239,-0.006863972045151545,-0.014386435660481034,0.0517489289797628,0.050886752996269324
2026-06-03,-0.015672595971098935,-0.022395160219913834,0.04022710125359996,-0.02533909644314114,-0.05093604185014344,-0.011718735744199127,-0.007903866515702074,-0.07168242661965485,0.04428795298602117,0.04241756940938335,-0.03165575513355168,-0.03621758578863232,-0.05826318730250157,0.03807509382149177,0.0015253291548220638
2026-06-04,0.0031264139436979477,0.008507739917432033,-0.035611602574429746,0.01507874949703436,-0.00975813222496702,0.027667970311666457,0.03676987830078726,-0.012629701951615169,-0.008251267081270885,0.007367820180195883,0.0016614205577816232,0.01939395646671027,0.02609300775252965,-0.026175234290932825,-0.010434509993522134
2026-06-05,-0.012498841728371679,-0.027010334430928484,-0.10860092889626116,-0.03057644001781823,-0.016370866900155212,-0.06430769256144642,-0.009833745219524848,-0.05610230736037247,-0.11281088520361571,-0.055085447812264654,-0.026585620113925623,-0.062014073591381225,-0.09587886813673785,-0.10978275994038644,-0.06650948551297631
2026-06-08,-0.01887156849768501,-0.02565223069366318,0.05135293417107589,-0.0032922715222234444,-0.0167510279875126,0.020634686999187135,-0.013575520711203493,-0.014113147961507422,0.11192899746969043,-0.012833073513225268,-0.011831960627074034,0.017259839984335112,-0.008704508475776196,0.00847458465483375,0.020486881681183178
2026-06-09,-0.03644631040831148,-0.029021594558680697,-0.03022449618111711,-0.004200304926880172,-0.03944120738143664,-0.030527621584608533,0.002614880442088685,-0.011858190310489847,-0.021311313554563838,-0.0013666036710554552,-0.020231181740505533,-0.0021568105327770537,-0.02837315719161071,-0.056711235988515796,-0.0078033213780258626
2026-06-10,0.003544996808021894,-0.01891710067105823,-0.04860048241788084,-0.025349123139844942,-0.025263835639982135,-0.012961100981616847,-0.021632912402002935,-0.01848717093715546,-0.008154162975803292,-0.023281298234914316,-0.014997194555478321,-0.03732169739825886,-0.02210784257926912,-0.06922403537852262,-0.022935922165011502
2026-06-11,0.013889904990249002,-0.06247322618051954,0.07968616002854234,0.01474787607914263,-0.02363912998764739,0.025505051498006415,0.003900286525099661,0.009142388331160323,0.09267561737759955,-0.004466057810845303,-0.017666572560045224,0.022203357892913722,-0.08526278093801698,0.06150632820777946,0.05350870600079549
2026-06-12,-0.015221729613622226,-0.06755026770178163,0.04733339039694395,-0.012256186172015071,-0.003364359079969681,-0.005991959136053104,0.005338635773713296,-0.009496146302276687,0.06506498520793724,-0.0025509071761044,0.0010247320290952544,0.0015620019126554308,0.00016293297316738453,0.0431611855393057,0.013530762258614049
2026-06-15,0.018170605764429082,0.011469445588118132,0.06976562724637403,0.031314194613874635,-0.008077619765029964,-0.007679625862727191,0.02688504677670811,-0.01296649612813261,0.026410860749677356,0.04770904398522635,0.023084454513702557,0.03538181402824003,0.04621736091915474,0.04293404631343711,0.040581808580502976
2026-06-16,0.009513449426140408,0.004652096874528944,-0.07303658317336414,-8.13115686266741e-05,-0.017259169159646426,-0.004992920694831038,0.010559073594251789,0.007815139631183632,-0.08454557724848444,0.011339963815781395,-0.014833957996038927,-0.023723197733726886,-0.022373346784212433,-0.030523936003334695,-0.02435052317022579
2026-06-17,-0.010994446379867018,-0.05325105226171867,0.010230778916215488,-0.03455284552845528,-0.04137036771783498,-0.018733794854676633,-0.0253449201743553,-0.031239583218295675,0.034600558024525885,-0.05436431197128366,-0.03788432424867805,-0.013307023368657411,-0.025487159953510696,-0.005138534432101105,-0.01252819953612494
2026-06-18,0.006960626705947437,-0.005706109252868186,0.04856777941973722,0.029010523745888195,-0.020900563823166185,0.01883579402639235,0.011655048612615904,-0.0505050493300615,0.1064410171879362,0.016984307627157635,0.0012931572923366996,0.029513846689763534,0.004140955336433549,0.06169882760169276,0.06949774701588574
2026-06-22,-0.0033555919842641613,-0.0013322902272290271,0.026536669138951918,-0.047465142323687703,-0.010936906545395253,0.01664713745738222,-0.04986008250517615,0.012525070416461448,0.05186951760067471,-0.02316273829005122,-0.03178702623248908,-0.00968251232276296,-0.050029757164422595,-0.01861928575694516,0.02917681337206557
2026-06-23,-0.00912434558954689,0.01298101004887986,-0.05761113249020289,0.005670378290686617,0.02198243511253617,-0.003126817129276649,-0.01015210440209613,0.050432166993658045,-0.061444611267902016,-0.002926245367292357,0.01796702283800511,-0.04126528091164561,-0.056606001376118154,-0.08008107031296952,-0.08402559771181428
2026-06-24,-0.004145434153267291,-0.004355900235354593,-0.00021157133159144248,0.0006834550497296643,-0.0043019402293472675,-0.011720971745598496,-0.0024268232341632112,-0.007473431599918645,-0.004762661692064518,-0.00805768267256246,-0.022677464114465473,-0.00519892681982459,-0.046197619224208286,-0.03292020310566768,-0.004106943597880552
2026-06-25,-0.06117781321571136,-0.01607571625562043,0.024685452978244093,-0.03098992458796157,-0.016823724521112582,-0.006347650191285248,-0.0045759131476235115,-0.017835422093887,0.009267005524226546,-0.026538971518130117,-0.03455919985256439,-0.016381881943899224,-0.03218428991803535,0.03794129018504555,0.02870251342049701
2026-06-26,0.03136472859984596,0.048187745664447945,-0.020635766346647655,0.025020959746330673,0.05446429551109788,-0.04370855223494963,-0.018387527170465212,0.051728874578739426,-0.034243907279109864,0.013594423985837434,0.05708135763656941,-0.016399339040476746,-0.025777296507304093,-0.07569543664638467,-0.08460285107939791
2026-06-29,-0.007188697419469814,0.018250860880078212,0.0343379204680041,0.03201683299701785,-0.0027783194732099448,0.03454343803981064,0.04819342168436691,0.023450999531276606,0.026496210274472576,0.022444299111199495,-0.011797179081651343,0.012673362368860186,-0.005184161545269461,-0.0035376639268416277,0.00017527596561373038
2026-06-30,0.02704619642688466,-0.0068303466228128995,0.07677618428501676,-0.00749564027789118,-0.008041468198374924,-0.0020390799364228274,0.010518878226792872,0.011546731852799086,0.06005165190407036,0.001226453024082641,0.012073640288203347,0.026260425117358155,-0.008188889005181,-0.02082454381702903,0.044101095556796865
2026-07-01,0.017348699838890536,0.029070292317219915,-0.06890907388804501,0.014097510539473834,0.0419379031778917,-0.003831054174908255,0.010745155973800768,0.01792257991561086,-0.0903101611314081,0.08808961112881497,0.030186076074363744,-0.012544327816355838,-0.027635658704144306,-0.015531117600851574,0.0011406338565320695
2026-07-02,0.0484068203126522,0.04142575443242946,-0.0426342208076077,0.004013244654325954,0.017643845850610518,-0.03691994050881653,-0.0035989807140492935,0.011423542405840648,-0.05251140249742248,-0.04896306153496388,0.01616006941502235,-0.013918412665829716,-0.015649057438653413,-0.03116753642268455,-0.01786135728388627
2026-07-06,0.01305770247720095,-0.0075095297984593135,0.06610401294772261,0.006140048231783268,-0.0027692897006619255,0.015231130483639888,0.018198960090917593,0.03453992946762563,0.01537181967242729,0.02983350983860711,-0.009603319147180267,0.0036955356666652506,0.02488051073779607,0.058042528950576155,0.03555351258707207
2026-07-07,-0.006396724801939757,0.01591225682289732,-0.06510280452154371,0.007454095831143315,0.02336257481781101,-0.019213918028657684,0.0015554421697043797,0.02206869695377467,-0.09664482695196686,0.025471088344246162,0.0054300205733650575,0.007056965494693257,-0.015025042625291918,-0.018822364796513114,-0.03360800644564799
2026-07-08,0.008787777487112347,-0.002708273282068907,0.0025188193018261806,-0.009594278605344897,-0.017343100326265515,0.01815903714707745,-0.013922527773091553,-0.013327726863642808,-0.0013588325637129417,-0.02024110859147288,-0.014144635458798516,0.03651044893523969,-0.007838900918874625,0.019620682701752212,0.0273441585225358
2026-07-09,0.009030238488741738,0.007739619064825565,0.056647531125973094,0.01403824906613349,-0.02449274694565451,0.039448232962644214,-0.008372012231652626,-0.022347294397596862,0.02086359847902086,0.04702212757189739,0.0026607946559606965,-0.006564748040099211,0.0265498434753646,0.02438895321237755,0.023927968419760415
2026-07-10,-0.0028461004775477416,0.004446465395477883,0.020431015042210676,-0.006881464517662805,0.005046198918269296,0.025357113193364977,-0.004764752160439367,-0.026210601267621536,-0.023991510180130016,0.05974859484207107,0.0019253324491523838,0.04033932332484791,-0.021430571979504043,-0.010203531693864454,0.009496629238952448
2026-07-13,0.0063110179758711915,0.031166165443236693,-0.04212299805152253,0.008029678202122303,0.04837125607520654,-0.01698126782665832,-0.013074592658932294,0.009285065552938399,-0.06117984172756619,-0.018648916026568707,0.015294687191659273,-0.03521998340020871,-0.06470425300773586,-0.027384266410901525,-0.041385642527446476
2026-07-14,-0.0077211944971221635,-0.0426260864881739,0.025711539994650146,0.0007278635572653958,-0.021376028711690198,-0.01811323825668243,0.01985759214228877,-0.25207594284781154,0.044996113906738966,0.00656281529208913,-0.015499111767442342,0.040632851776453593,-0.027368032754081617,-0.03195993999658131,0.023378045667091785
2026-07-15,0.040144874663333496,0.017121110608735668,-0.03464504782662825,0.030183041960898382,-0.003342071895160559,-0.045435134180652925,0.03173765222711844,-0.027042014916455193,-0.04426507217799314,0.030663833058537815,0.027797294081066015,0.0033049902651376417,0.0355635685863116,-0.000673837012149292,-0.014269379576479335
2026-07-16,0.017587816078244334,0.04787139346666147,-0.05329404585999309,-0.019885500434225545,0.03401193219030696,-0.018877990912849585,-0.044376203431425565,0.037168590042353955,-0.05835512798811482,-0.02461437464787497,0.013826052506617614,-0.02400002872242646,-0.06249532844285843,-0.04140912065460356,-0.033101951407249475
2026-07-17,0.0014402582208634662,0.008244453960878362,-0.01034054507632809,-0.010644698341695902,-0.011060855248624213,0.020791525653438114,-0.021694980045105727,-0.029125792257145067,-0.020004149043654884,-0.02788390296205223,-0.018150083940457584,-0.022131130535045007,0.01771197644193312,0.006857734978956032,-0.024723704343556197
2026-07-20,-0.021423845225929217,-0.010579534275388602,0.01575358521209891,0.011163733419575328,0.017684540247791647,-0.011077411703766304,0.01505320929169951,0.0015517084398173342,0.021254173228194784,-0.0002477270897792705,0.021507290292974046,0.0023174460152899368,-0.039791205307900146,-0.00849919353506301,0.0001761461215776805
2026-07-21,0.0035212159263280363,-0.03229105245665265,0.08114062544883693,-0.009760399967161826,-0.02146266109463446,0.013369497721174906,-0.013750380613573365,-0.011737089201877882,0.08644137235407934,-0.0031585942625343977,-0.011285412136739392,0.019726458731385677,0.04671285159532479,0.018670693629832202,0.025451385375795166
2026-07-22,-0.0056446440503478135,-0.03873922746033864,0.014510634095001196,-0.010906875035172847,-0.04151474573649361,0.00026741646652927997,-0.014575824996564957,-0.022470288491872048,-0.02683730946952234,-0.025846157579935802,-0.018629801790344125,0.02301126164771805,-0.009523862139336203,0.012276685203530313,0.009921136766120942
2026-07-23,-0.012979872951588756,-0.028347693827185383,-0.02288489536570204,-0.0457014586990675,-0.037239308737538335,0.004901551165184204,-0.0713262420932762,0.004276569012742204,-0.023289800484126766,-0.033595369514419327,-0.022441998892785864,-0.01556164807012217,-0.04609023832764447,-0.025735945719963182,-0.031272417054811874
2026-07-24,0.035316748188238156,0.060988841745205136,-0.032870703837618365,-0.006633583101364859,0.04288543491002628,0.012504398776184589,0.0064527929025617325,0.036486855880087044,-0.07891852137269417,-0.01800028639497009,0.0003145490827332065,-0.009197155678610791,-0.0420693353319076,-0.024194958651633458,-0.018983033115663406
2026-07-27,0.011681024493330971,0.05615032364344996,-0.05172909161517647,-0.0031019827616639573,0.06073568507262328,0.0035035607628459697,0.021329854045531116,0.009757674560288532,-0.007040744454371417,-0.002217791493143717,0.01938693649417722,-0.049941993879074276,0.04269939780263621,0.018386488848207705,-0.0006080347924924956
2026-07-28,0.009408990162653286,0.04807567897279186,-0.08148301059738983,-0.002290499938177426,0.04550687568394274,0.00881558993559195,0.021894885931953434,0.05210839807689016,-0.05857963591633053,-0.0007746173008209567,0.010922641823010837,0.002544399847217882,0.0005003966457899356,-0.04210767281831118,-0.008374841421756818
2026-07-29,-0.005557469435084728,0.05718757692774035,-0.055122955056418066,-0.0182361894773313,0.03790636299070238,-0.026821235724259762,0.008989841709321045,-0.004878051397340988,-0.05121675135618453,-0.0131443490099028,-0.007143758777149345,-0.03553119230079016,-0.018506179040063686,-0.044204395820171105,-0.020825037161866344
2026-07-30,-0.014074957069287408,-0.05895303955920672,0.12997024259045054,0.0390470167299346,-0.040715564126440396,0.009601655133606224,-0.009058204004545156,-0.02075603646691515,0.11297020408258351,-0.07954091839250976,0.15506733300956488,0.026472285272951313,0.08340410967381184,-0.026207520325123523,0.0274972291231117
2026-07-31,-0.07353864245054431,0.010125090066251063,-0.019036281079341077,0.15320588778032107,0.01831662572972359,0.021398382858558662,0.0673440057965653,0.008613639199080758,-0.0102052050170659,0.03279964327561391,0.030192850660396786,0.029276081370092744,0.018109106324909252,-0.02631929638867958,-0.005769114172650025
2026-08-03,-0.01777213482662099,0.0037138798857099253,0.01783055940519218,0.04580603526208682,0.010487950391109058,-0.0011207626158477035,0.04880241665829743,0.011893600423439121,0.008869213734196357,0.060228785073615176,0.049341523101114504,0.029339972053043173,0.092246180309147,0.02682749608761581,-0.024298186431929047
2026-08-04,0.019642710405777475,0.02446882305280451,0.0700313664071397,-0.023237715094833633,0.027104106628862867,0.05075088229278513,0.011083997811617285,0.039061448602604854,0.1083516550588084,-0.0038966993613147594,0.010581367223813976,0.025648485614655492,0.027423329025517917,0.0732334255350593,0.05422983896261102
2026-08-05,0.005236263144417164,0.007107138759755438,-0.0704424160072219,-0.017194215631067156,0.010419342254253339,-0.0019713969770074335,-0.040301870691609176,0.0032745238887819106,0.001982916389370537,0.001411737739220209,-0.010856123313284671,0.0343493379986608,-0.009263112753065905,-0.03159770976520304,-0.02083701851132147
2026-08-06,0.004533773833149013,0.0035476742409852324,0.014998467315454622,-0.001430347110176089,-0.03217945690000823,-0.0051029032640496075,-0.012912818393503778,-0.010554448594819577,-0.012368890067261828,0.0019192636264193652,0.02543797258000624,-0.0010491548501886383,-0.006371619730135336,0.018155276026875944,0.002448482906497018
2026-08-07,0.0029447933784836344,0.019097761324949003,-0.012099438854038969,0.00815397466052481,0.03196445405652004,0.004549992258890967,-0.009643639991701591,0.016493193781070836,0.01843506674975104,0.003729362740847675,0.0002600825963716691,0.022695105237842794,0.024743869948789854,0.04657398372173849,0.02758618119308176
