,AAPL,ADBE,AMD,AMZN,CRM,CSCO,GOOGL,IBM,INTC,META,MSFT,NVDA,ORCL,QCOM,TXN
2024-10-28,,,,,,,,,,,,,,,
2024-10-29,,,,,,,,,,,,,,,
2024-10-30,,,,,,,,,,,,,,,
2024-10-31,,,,,,,,,,,,,,,
2024-11-01,,,,,,,,,,,,,,,
2024-11-04,,,,,,,,,,,,,,,
2024-11-05,,,,,,,,,,,,,,,
2024-11-06,,,,,,,,,,,,,,,
2024-11-07,,,,,,,,,,,,,,,
2024-11-08,,,,,,,,,,,,,,,
2024-11-11,,,,,,,,,,,,,,,
2024-11-12,,,,,,,,,,,,,,,
2024-11-13,,,,,,,,,,,,,,,
2024-11-14,,,,,,,,,,,,,,,
2024-11-15,,,,,,,,,,,,,,,
2024-11-18,,,,,,,,,,,,,,,
2024-11-19,,,,,,,,,,,,,,,
2024-11-20,,,,,,,,,,,,,,,
2024-11-21,,,,,,,,,,,,,,,
2024-11-22,1.5939716460190154,1.637841053616805,-0.32260022795494586,-1.7038563097993855,1.2109076060340076,-0.5762499890257475,-2.323779935495848,2.314138292403963,0.1874514423686521,-0.8233912261216454,0.510304073322877,-0.2264494544049706,0.6721110228116338,-0.9850780429249091,-1.4390916907505784
2024-11-25,1.9431610161082176,1.7619843344927464,-0.0901804615003835,-0.9511820020538687,0.8676905061873008,-0.019857101963879673,-1.81312940714936,2.4856673777308504,0.14125265028747802,-0.6645887303856045,0.554030140066651,-2.6872161826946326,-0.9407829751739925,-0.9926385464868513,-0.8306589684301655
2024-11-26,2.1386200705372462,1.3755464689517074,-0.3021925811848566,-0.5726251490678349,0.7053725926473926,0.4634865220521201,-1.8396584327495935,2.368714089811098,-1.3510738064815406,-0.5682036971533612,1.445582319008364,-2.443752043538382,-1.4635305982675884,-0.8631005141664165,-0.6128249948020189
2024-11-27,1.7734640593200188,1.2519816884310713,-0.14140153047774381,-0.225155530231865,0.11538374255096841,1.6163477587030002,-1.3493141868839298,2.115971375241278,-1.3730349040876784,-0.4580913174055915,1.9048038089705688,-1.9196530313002351,-2.0616475476841276,-0.788764641125003,-0.768451377417503
2024-11-29,1.7190610228099736,1.2649276871592392,-0.37833589196767187,-0.04191242162894109,-0.092064190436818,1.212307469078227,-1.454171875260837,1.8576657125524563,-1.2036449828794267,-0.31542132087928093,1.3755233259565651,-1.499661162627871,-1.5294413636030237,-0.6863367149244801,-0.6805123625646367
2024-12-02,1.318969616119564,1.0641207347163841,0.8771715401219246,-0.0037731067904150572,-0.22363651049081454,1.717143754998113,-1.285758696896172,1.7734176100045336,-1.8545216719470305,0.5850149823818542,1.661452199326436,-1.8712316342197612,-2.2565125409253834,-0.3332247865640896,-0.94158248020216
2024-12-03,1.3932486211284196,0.7088432802868138,2.0272792764289154,0.08689058773633403,-0.34042563695556044,1.5923956315516605,-1.5897234154371906,1.8883475206310352,-2.9318443930549662,1.7980264291853965,1.0563916194424368,-1.426075007327764,-1.746816259528568,-0.0519294375547116,-1.3001754236411274
2024-12-04,1.2679331694960274,0.9905277694959692,2.6532008874941306,-0.5068342560261335,1.7493809879213758,-0.6888835235111694,-1.3030915136271999,1.7279435460233072,-3.0121035967425347,1.0920681405494521,0.7676696789531254,-1.1264698584347252,-1.9784495619721008,0.6455995934073624,-1.1907938664594304
2024-12-05,1.2242111849523742,0.9647423432041351,2.427811404770357,0.38167849057024533,1.1539710824385787,-0.04516784548049037,-1.5378938391556902,1.7194757356858146,-2.7912040222432037,0.6568732022359556,1.6128542553027845,-0.8412304370115326,-1.9440715333214762,1.2584260997067278,-1.1324396689019447
2024-12-06,0.9182389345340984,1.265125969821128,1.606619253664595,1.4055384485545075,0.790263764254785,-1.1265345544857666,-1.3918567235136547,1.763977481510702,-2.1874839227336453,1.3908386777382684,0.9872994581300004,-1.5541137883525105,-1.3617535691001552,1.4478539187052901,-0.5639475589542855
2024-12-09,1.0608995045042928,1.2654712094426226,-0.5067624289221986,1.4707267302963234,0.3495161322384502,-1.0345053133920734,-1.3069645636233775,1.3779987596875536,-1.582769143192948,0.30643664071138593,1.472689541316849,-1.6319239030964776,-0.6015199575380433,1.947093656289356,0.31796560440341126
2024-12-10,0.8059540219014589,1.1179267736996943,0.27836841119496375,0.5949954352085222,0.6644780555480949,-0.2867456324319846,0.3003184278734593,1.6902155300524895,-1.3336008442581868,0.6392015689083771,0.8653192620237069,-1.7084524789612974,-2.046676807611116,0.9590869266778657,0.8500350408467635
2024-12-11,-0.299738221559746,0.42346963054465603,0.8450759465615545,0.4860221552263752,0.9004861283144197,-0.6687551405628801,1.5719706997415501,1.484814818090812,-1.3065599927067255,0.5602237137212915,0.35960499258830814,-1.1760646673340536,-1.8794136435951676,1.134024326507347,1.1999783501901733
2024-12-12,0.3112629500193146,-3.0717877487409884,-0.13704488614979357,2.2655595247226414,1.6333385459481458,0.323532345221225,1.5828397349414838,1.4622052894657622,-0.993054159334929,1.3344939027025353,2.143780284169963,-1.080219519255545,-1.689760365407843,-0.2992088226600743,-0.10234375226451979
2024-12-13,0.3812272777163098,-2.4750179565196473,-1.0559279089599722,2.241086232946894,1.5146187558171142,0.48909291879226713,1.3144961915299325,1.339859639021642,-0.9934510452191281,0.7831691134907084,2.152927280078711,-1.1717405169027246,-1.4211592481313369,0.38101021353267683,0.5292349173390632
2024-12-16,0.18981305599631704,-2.383437714772362,-0.616783930379802,2.31906399650924,1.588034890116338,0.3715239351487547,1.8082368079255422,1.3353761738032837,-0.4861736524730329,0.34424892161680615,1.8504018243354725,-1.501886910949777,-1.4971093133378222,-0.28320109886294836,-0.06988453501566598
2024-12-17,0.7739951931174409,-2.03843617175623,-0.9331506108807531,1.8020583709004747,1.1725761529231262,1.0062048936378667,1.5259608471530441,1.3215484821588581,-0.5860548044555048,-0.18094144467278245,2.1743459741333133,-1.4182655511872926,-1.3306567500534479,0.021727066256351995,-0.2555192749906158
2024-12-18,-0.017297895852233573,-1.5888071048059347,-0.13877414684244324,1.453048561524842,0.8681969963167334,0.4480058610833608,1.3229313331092363,0.7108768121715019,-0.7471970784549946,-0.4474625621985532,1.6190466507287846,-0.5236590675152141,-0.8868922972393176,0.3409084091693337,0.28632920368272696
2024-12-19,1.052043277933253,-1.6027445812965704,-0.8925639731090319,1.5491472119304153,0.33468634600058456,-0.0465234372009898,1.2332542072504973,0.9243492415740804,-0.7524167453674985,-0.747007965439845,1.4092657224400706,-0.2195772272528024,-0.4086557144313217,-0.5394306408838014,0.5161773201443346
2024-12-20,2.726860790331162,-1.2453504239673865,-1.5252661592192207,1.2536099192424917,0.44214267019641834,0.8297656979008833,1.312874907111782,0.5763025771233065,-0.560622562297448,-2.271000097115022,0.7754572939643012,0.43765567829172164,-0.5704196802987775,-0.11787603077301484,0.7447999705808753
2024-12-23,1.4329766955889536,-1.0350607937042955,-0.6295723361671262,0.8251414445504537,0.2801411778209332,1.4206531154005857,1.3454141586088166,0.24580969474509476,-0.4966152904312658,-1.3466616147705524,-0.24325599512561297,1.659131765589496,-0.8631433906851826,0.38671704039775145,0.06570186184320423
2024-12-24,1.74950065559946,-0.9962220229035464,-0.5075698515086793,0.8649751214499416,-0.05816925919257414,1.965322941914654,1.1695337643991024,0.2895157788651396,-0.5346617905198445,-1.1329988869625016,-0.30544241347068185,1.0260380626393266,-0.7720287151210533,-0.18279007890857749,0.39035682397823207
2024-12-26,1.8672292415283975,-0.7764734669937992,-0.6703637644503251,0.47665943845344255,-0.3632599257613612,1.7701652468754387,1.0455528826793477,0.27162296938537833,-0.29731022570037907,-1.287961147237648,-0.2747003457142697,0.9229602773568912,-0.5553194770360648,-0.34602313245633326,0.23945689955655589
2024-12-27,0.8760517352492764,-0.5183491532031361,0.0320862156980583,0.5228198872942208,-0.4008423509721015,1.4213904439149294,0.9122679968351779,0.04094018298528664,-0.08668943972317224,-0.8003393528218786,-0.6084928509953573,0.5543851411638643,-0.5520652003331887,-0.4141300106984211,0.28014617864537295
2024-12-30,0.1048281184133678,-0.31918945515411246,0.23413527964333097,0.49844906209295936,-0.6007275100558109,0.952059908546682,0.8336451027421504,-0.39110927160839176,0.1687413361737187,-0.8640794625777227,-0.7700278384174638,1.2871989630461576,-0.47510269090744156,-0.14062983742544943,0.036067370878635645
2024-12-31,-0.2825133190494416,-0.1167970307777329,-0.07623502474008141,0.46009723161014565,-0.9018582653295875,0.9428028577461478,0.7256085314216039,-0.6506057916080862,1.4195467287344745,-0.7844213658898739,-0.7010652528339167,0.4315895197965787,-0.19511769663996834,-0.09371981566382373,-0.014529441956979089
2025-01-02,-2.4675066358980398,-0.09913985190802019,0.10906392545776143,0.6358678299489641,-1.8503215034410283,0.5399021803882036,0.7049616124335968,-0.8393229551267496,1.9325250251564992,1.001685729193259,-1.083853878806526,1.5781958466705999,-0.3327302741847171,0.059111618473404015,-0.6904136958066608
2025-01-03,-2.541692884707045,-0.28456308457171153,0.9972320066104752,1.0474688251983229,-1.7378928568535337,0.032296266518096486,0.7506720465444203,-0.5743267057807422,0.9156149737551953,1.0132799226067855,-0.8562265186390479,2.306803683009914,-0.7891696215089123,0.33008749690149797,-1.3543680131502438
2025-01-06,-2.430064974889837,-0.2885739030250208,2.7467091024599424,0.5995398886910468,-1.7661920394030057,-0.1205866352206699,0.7320330775513845,-0.2817540864604465,-1.6478040248571557,2.055779403784494,-1.1552604838162053,2.542420566342114,-0.9661586974394214,-0.2111107325630558,-0.8453571005384168
2025-01-07,-2.2047421990011453,-0.051014587393648725,1.9941345786923326,0.38059254725025193,-1.6308010276624723,0.5232393620487541,0.9977765415403592,0.5791445864217063,-1.0066649783156523,1.8601268908067,-0.8441311227086256,1.0522391927223522,-1.2617542959299952,1.4014154926151217,-0.864824186531196
2025-01-08,-1.7146070908168176,-0.09787009053910428,0.183518058359331,0.2542967442250041,-1.4945826315968251,0.6227936692089359,1.0332831083168679,0.11299794623363826,-0.5908390833143324,1.3662927238164468,-0.19864691147902422,0.9500890052952475,-1.0977819207841772,2.11381282329031,0.17427091992758545
2025-01-10,-2.179020342494455,-0.09615416082243719,-0.915416185329086,0.9476236113000206,-1.334077781957985,1.1003299090854386,1.2716879613292937,0.2683060905575014,-0.900093751519796,2.1090309451946694,0.051178881495250315,0.8578377165311634,-2.656493690917691,2.5018626430836264,2.06647855184471
2025-01-13,-2.0800070756647773,0.9605674494826371,0.05691809586573394,1.8255426627190634,-1.0913842957957212,0.8685755431846658,1.2736617339536114,-0.5685522214376284,-0.9077191278002903,1.6959390496699283,0.15274585138618466,0.4061798129026547,-2.169342675993708,2.3797915854138703,2.3648087797520927
2025-01-14,-1.7587284040551603,1.437178978208319,-0.5137772654555163,1.5186445188648596,-1.0275093207554948,0.8780809644905938,1.3750402585493373,-1.0783602287595686,-1.362842292291286,1.1636358388481998,0.2759124378549749,-3.667646194146e-05,-1.4215413078015267,2.9774680619780205,2.4996966489019536
2025-01-15,-1.472890010024005,1.258322199244413,-0.6362213000085417,0.4260141751156944,-1.5273892964980365,1.5737063783421745,1.2781165194045885,-0.36166118537390085,-1.409376054846132,1.2460148113790273,0.47064695314030003,-0.0054908510886309955,-1.2855638623136305,2.1084700788336757,2.2223777493849886
2025-01-16,-1.9856997020322105,1.8498522945402278,1.129231265758111,-0.07724268774900318,-1.9201464450876455,0.20403694288998742,1.3135372724516357,0.3460901839026562,0.22958769444394211,1.4968710395664526,1.1523064026673207,-0.3322958469759952,-0.8373684921832754,2.4926852053894746,-1.7103396287728017
2025-01-17,-1.7462949761172528,1.9474885289778958,0.34793245548094537,1.0369772826949284,-1.8520304009208488,-0.5538249525035235,1.667812086448989,0.42476632071329995,2.464083187734355,1.1177774022769746,1.18444781578475,-0.013824335007861593,-1.2851206244637317,1.5403964968714476,-1.9027815296296489
2025-01-21,-2.01957960228565,1.5509073537100984,0.4108947422100797,1.6936708663834572,-2.3453078218842296,-0.711992455800644,2.171538399357389,-1.9891841669718011,1.7941803605308864,1.2115099142545855,0.4510131113511518,0.3396842253374482,1.4351611884151287,1.8786921326215138,-1.1078463458217418
2025-01-22,-1.7833766913436815,0.5970157973397532,0.06743028919702981,0.06628472573419388,-2.2384726056111024,-1.437040471757887,0.6919951325077287,-3.0242565759319633,0.9383992893117826,0.885557206093872,2.5158960902137015,0.9591296364290364,2.957128447505335,1.7587477593721612,-1.0973642061723925
2025-01-23,-1.6243833960587273,0.4337652811221224,-0.9529035299156555,-0.9013072476719434,-2.052930518988491,-0.623721156050817,0.07594309370863545,-2.0208036077352105,-0.32023530539756034,1.3192679645008594,1.9333897009101244,0.6419353520359461,2.486892830955528,2.0810887874358412,-0.17345217808837174
2025-01-24,-1.4463945638049616,-0.22677851522244477,1.4154757016957276,-1.516179893821698,-1.6926474272446128,0.6876485028147903,0.1860403854697761,-1.4734588020549804,0.25138545820767916,1.53981671645916,1.375242716099243,-0.6014332404504897,2.0071165424374566,2.1925475610026357,-3.052955356341362
2025-01-27,-0.838849674498119,2.400919967421574,-0.9740089990310244,2.6972285102474656,0.9285531417645507,-3.3211782115719,-2.6151774297189965,0.7139881007208252,0.9349584099107728,2.059360245953837,1.3822167067224633,-3.4745279911408993,-0.06431614869634115,2.1890983853278945,-0.924337781002651
2025-01-28,-0.2622186932321783,1.1706408224160418,-1.4907132926380915,-0.21349741712119483,1.3503210841444255,-2.7035723516621446,-2.880842273483867,0.8717781199593307,0.40170056854456077,1.5742563458333874,1.509011032035431,-1.7198933361058435,0.35026402214976693,1.9142622389348019,-2.0953574610960524
2025-01-29,-0.09366082551318519,1.5955603934265343,0.22293612313488445,-0.252545276513259,1.0949567940898193,-2.0052662606706866,-2.2305766989358515,1.8547672138361935,0.042878414621870475,1.601280309633615,0.958125550394819,-2.116827006037561,0.22842941931689384,1.568058711120002,-2.014101564495652
2025-01-30,0.09637636490681682,1.3317790929413704,0.21822256205086063,-1.9443273984387546,-0.739024488265127,-1.9595458649733417,0.27301805083334,3.8899566857279506,-1.3448676436753704,2.3490352060290727,-2.6168555314270527,-1.8481429718522262,0.4272210851574047,1.0116863698789123,-1.6795388429109055
2025-01-31,0.05036850379409721,0.7140309342307675,-0.6896422789963883,-0.5399423634612199,-0.6293028471516908,-1.3968903586086832,0.7239172065289039,2.7121646731916127,-1.695450447988133,2.0937146956706276,-2.133609769778536,-2.040204735010081,0.6094481011579518,1.2130098522182777,-1.027826763567203
2025-02-03,-0.35670197126668374,0.9346310297168594,-0.7428835041283984,0.6911176513021616,-0.6414787260895782,-1.124907008579441,0.3693985997515295,2.309429019239535,-1.1028978741666797,2.3001423239418988,-1.8253633758740262,-1.9872893019877815,0.16831436144623557,1.0371241259030803,-1.1821535574813464
2025-02-04,-0.03598850577188252,0.7044341162899255,1.4171887251554918,0.6509235945540637,-0.5260863353420752,-1.0114420508871051,0.7077118699348192,2.0062950531817645,-1.6229380078189815,1.8205456771196262,-1.9515308295747489,-1.7036402863711309,-0.10260079088816375,0.9491196026067094,-1.5337903642955317
2025-02-05,0.3628016344767684,0.5950822376787847,-2.127757649035077,-1.1789862059788268,-0.06649740861870988,-0.08494966109145467,-2.1123388247216734,1.602238966410962,-0.7255695715161923,1.796191944437168,-1.3268191330840178,-1.1161404877874082,0.060038552793575395,1.639695740696675,-0.9826569768148633
2025-02-06,0.46937381906861775,0.3144077264522135,-1.9755518631101654,-0.06169037192078621,-1.3719756547612862,-0.16742509088204655,-1.7378964551451095,1.1319573748112464,-0.5097862116092969,1.7147249743684592,-1.0842492395982306,-0.6274796626392242,0.33812113631516616,0.5045761403389113,-0.1041470762456477
2025-02-07,0.4177428942487937,0.5603054179103245,-1.8604603073747483,-2.087585880631289,-1.303112271037884,-0.2795746673024595,-2.0024422568496285,0.9297679854217887,-0.30569067411945494,1.911725411004938,-0.8197158171772142,-0.3501766307361047,0.46844692124295095,0.8375818505733453,-0.13058265890523135
2025-02-10,0.3879201580276686,2.1759175119896015,-1.2439546153782615,-1.588572268883396,-1.2947995588093033,-0.378130007933368,-1.9095072539718765,0.6529328865462999,0.5617528849896788,1.5169779330710214,-0.8553922989200553,-0.3062560583208317,0.3640518648643855,1.0130647409710911,-0.32382829201372737
2025-02-11,0.9206524819033735,2.786506907392038,-1.222682522824509,-1.8155156417379477,-1.2682977935795006,-0.7011010224211199,-1.8677360963382406,0.7189169702272578,2.030226049537377,1.3025554588931447,-0.793816353852842,-0.20979058895643105,0.2628061024330905,0.47934210919930753,-1.1232590482166467
2025-02-12,1.3512895374637832,2.7868827430897976,-1.0987897991624787,-2.4749558184167273,-0.8585855383821659,-0.4076295432259769,-1.7961843105607675,0.6138954206285511,2.856959920029197,1.2691820202059856,-0.7226168081975164,-0.12661474944630807,-0.2213247801890515,-0.7350706285727804,-1.552679228491618
2025-02-13,1.7580366186308938,2.126566654257022,-1.892880554172593,-2.1949558809761722,-0.5790576637739777,0.5081843889464698,-1.5245461008655974,0.4785880710678335,2.8854312665826285,1.0554498243968873,-0.6299964879543528,0.012390874418727427,-0.706519502466349,-1.3721332706393825,-2.1470646809261456
2025-02-14,1.8749653682722756,1.8738237744677917,-1.369329621915644,-2.28135530617052,-0.7810556433990817,1.3779235663071865,-1.496388080975923,0.39890639845846504,1.9684989444963756,1.0914071465859616,-0.7312273897991552,0.22689568565556012,-1.0857372883341545,-1.5645949095599225,-1.4505878688510707
2025-02-18,1.600152502193784,1.956731156766495,-1.6074416532519777,-1.9394108789812567,-0.350490779697329,0.08042459284200291,-1.415452136239544,0.06621407785309633,2.6864062428701496,0.4325150752034419,0.03679951177118212,0.3467029611836288,-0.5997215321655274,-2.169381319603467,-1.8686671441518399
2025-02-19,1.432467160148016,1.4370394521141587,-1.3944326201571429,-1.718549762267455,-0.6434395680358078,0.18667794830787499,-1.1596644509284908,-0.06365104510755015,1.5852832230056617,-0.18572558947306075,0.6375576492745255,0.45085919207444053,-0.2617246676219077,-1.844991587045742,0.4030885236019215
2025-02-20,1.3629379316851549,1.3922616297983241,-1.3198183679627193,-1.8399097772576722,-0.8926289931409401,0.08206850876120346,-1.0030372906115879,-0.28665035312558673,1.3747597243515333,-0.6495394853027968,1.3466709367514338,1.035008201731449,-0.6149676774612854,-2.168562244939729,1.6884923167149506
2025-02-21,1.5601198995960108,1.2149192633409518,-0.603780666127462,-1.7162146678077088,-1.0173167333499142,0.3628913448552565,-0.8815176532536435,-0.40931608850730195,1.112268916072434,-0.8868462852241537,1.3975318094298494,1.4311675057066056,-0.7513250409506464,-2.4283219810429957,2.1435613995019214
2025-02-24,1.8791087488106921,1.369838772553476,-0.5011642662873792,-1.6696412873490984,-0.8328003594291774,-0.3069707110299234,-0.5339354121062627,-0.4924996799422067,0.955431685571416,-1.5405715213001954,1.3907008788999695,1.414335884223581,1.2768905769621566,-2.290766355150139,2.0412375962726994
2025-02-25,1.9028129339434856,1.365993674735576,-1.1390516660652694,-1.163549442780215,-0.6815366092437833,1.5012295429129174,-0.701543491980484,-0.7980555360146443,0.6221427870362178,-1.7431060793706141,1.0765116953628786,0.9054490798176283,0.7344655662244818,-1.6413423383842902,2.0350881250911232
2025-02-26,1.1257612306468772,1.1154342531352686,-0.6315643301103102,-0.8966656174483771,-0.4875413585394681,0.04993900416528613,-1.0121671421115388,-1.1223296038539463,0.7881049433851549,-1.1374728596037527,1.1066972723340815,1.000932838037468,0.6933290186977931,-1.3273836934433403,1.7166430800574441
2025-02-27,1.0854131783095964,1.3140242980681232,-0.49623774330552584,-0.6104202923230082,-1.0033633728310518,1.1164940253876705,-0.7584789317299608,-1.1324923716954534,0.8881322217970474,-1.2534825492290191,1.2861196438055278,0.3930357733986723,0.36090788132314494,-1.5480503711093432,1.1891032015130816
2025-02-28,1.1643751143875483,1.0825638612833506,-1.0401092630471211,-0.5854682838575983,-1.0143784667181395,0.9272542898180473,-0.8603497107418175,-1.3235926565913092,0.8713516732801547,-1.1658282269822877,1.2073565672455708,0.7411320510009751,0.3523488854026932,-1.333798842154721,1.4114961651258577
2025-03-03,0.8982747418754584,1.50898675481346,0.016049199647165936,-0.8520144814346683,-0.5572726155701312,0.969615737437591,-0.6761854641842671,-1.2531021195399925,0.6163337299043689,-1.19223178159864,1.0982214024563253,-0.01344300617148052,1.22952531297304,-1.2124086859508219,1.29361386738614
2025-03-04,0.6036152678736962,1.6355289415512406,1.5703121755008436,-0.9293741999332128,-1.2787137253619476,0.24440402790545623,0.09510715150160962,-1.0895990641443762,0.008447040374037434,-1.6469870624856635,1.229373894099599,0.34192679351792543,-0.5112569075082758,-0.9336829774886244,1.1923368887873185
2025-03-05,0.16309054663224906,1.6115807203032597,2.150389652433217,-0.8767759359662931,-1.4266432578054755,0.7508435673267997,0.3458979908628576,-0.9543337730399754,-0.4134476678975854,-1.2090197638428557,1.386078111156179,-0.6200409422784253,-0.3146250059415294,-0.6318418016495877,1.0687590635068278
2025-03-06,0.303965303445449,1.522787924503667,2.3524821170383228,-1.467598020797268,-1.7705938144546927,1.0739610237186494,1.638083853365671,-0.8854065409619492,-0.24581679401856316,-1.6946661562712766,1.5033734838681316,-0.9253077621150048,-2.003536972917403,-0.1525202136486296,0.5860170513173777
2025-03-07,0.8222705308785262,1.5340442383359318,1.777937038633607,-1.935493748333345,-2.1095543069761042,0.7176838084860203,1.5758239405000147,-0.33821081130089453,-0.7994191443513088,-1.721568671696399,1.4488031543844013,-0.8155237748548384,-1.336749209837226,0.5532358398416717,0.31533467002616367
2025-03-10,-0.1872200479159952,1.389963496026666,2.3151663615932185,-0.7400588820897873,-1.5195095146911983,-1.9873067953980836,1.5479459858620157,-0.2762424698005695,-0.905350043604683,-1.7844149829126736,1.2147594274260944,-0.13231542024466528,-1.227303402256677,0.7010615326141948,0.34803727428473685
2025-03-11,-1.5549428968910477,1.5964167731817749,2.6362604506158465,0.02216870556311804,-0.3677414302048221,-2.9194352787770006,1.5848904803506376,0.0604261558900285,-0.8957271639665035,-1.3650345626210665,0.7101777035795368,0.84963875015507,-1.5222954782461642,0.8118480389021829,-0.47373853911443253
2025-03-12,-2.451399690028718,1.6585217874116807,2.656596426030852,-0.00811373370410573,1.4218941180197449,-3.0827883738951454,1.7916145072060832,0.25699060185117095,-0.5128012886856027,-1.0553602286496275,0.33405038810920634,1.3915472809912257,-0.5997137913018254,0.2870044823991069,-0.9160776379721467
2025-03-13,-2.3087478632264244,-1.8604224056565717,2.2747948276314918,0.5719834314473121,0.11795785965900168,-2.8274582674443756,1.8315658782216517,0.24576858173491684,2.193131938070736,-1.357234331673782,0.5911716463425134,1.7022652048083096,-1.6231398144112719,1.1837119576097375,-0.7952068442165571
2025-03-14,-2.0598830831953427,-0.917822644579141,1.9336977316467592,-0.11324220928461168,0.7428637406008792,-2.188227846557525,1.0546007701407816,0.5413606491216163,1.7219172748441458,-1.204046638990976,0.6274967676496402,1.718843705758806,-2.0129882952128155,1.2046043753836506,-0.9572864681839988
2025-03-17,-1.755080089551315,-0.7528333995347667,1.994269703284651,-1.302464303720119,1.546065761107018,-1.9532894754419754,-0.0181261969709688,0.1515161685991609,2.0244261977004814,-1.3751713003959296,1.061951247927151,0.5891172635490517,-1.2488464635367487,1.1007072872302524,-0.8577533029250456
2025-03-18,-1.3410236735618724,-0.7780719375225721,1.9102032559676436,-1.034559612521684,2.1272699776373765,-1.7468262626292161,-0.25234011732523237,-0.7299706210552033,2.0316210267237476,-1.7679323444855284,0.9242867951543251,0.28234731289859655,-1.4543096777563393,1.2584388310930494,-0.7701415565408057
2025-03-19,-1.1560773598311542,-1.3634771629403974,1.7912202887057467,-0.46769291034096333,1.619229396216111,-1.381271158608986,0.20168728028268348,-0.28321766006952453,1.092830263589379,-1.7888150006045112,1.4866399987341357,0.2656806256369835,-1.0962594349741084,1.107083428624028,-0.7881188391473821
2025-03-20,-1.058468701874153,-1.0576220105410066,1.7910318604614015,-0.8292549887677173,1.2378727595705965,-1.3817260866782761,0.2556159976646277,-1.6514118569046357,0.9682536798938552,-1.5738086780208207,0.5097277801282477,0.4447357448498302,-0.6090189001338843,1.0545378870801652,-0.5665428581494102
2025-03-21,-0.6192617506769555,-1.3806941532349544,1.5183240228999397,-0.7769336363695268,0.9204669752435617,-1.3509431834701975,0.6563622225383956,-0.8511131247243048,1.0893298239398927,-1.281793583237491,0.9058276767202044,0.35017193861622953,-0.3201483274169713,0.5749025549683042,-0.7187589785880726
2025-03-24,-0.8263840211304436,-1.5330245251658954,1.745934998110196,0.4563191851230595,0.7595403515776198,-1.3036312544603896,0.3682236680520193,-1.377181009054673,0.8590891839936612,-0.9383058091095463,-0.04443410052829315,0.21313680384345443,-0.7531475523334247,0.1711514250168887,-0.13676359877447472
2025-03-25,-0.698209796006892,-1.2655618735436367,1.5631296094715506,0.6476581661652266,0.5850118147101682,-1.176616068094784,0.9653605274898285,-1.1780366898183179,0.9240057339362695,-0.9410751716110005,-0.11068177552371775,0.14398906466615125,-0.6395191252621878,-0.17550466476104426,-0.47959876340651125
2025-03-26,-0.5223199487484268,-1.1451612412139798,1.2348114006943918,0.6976681415032621,0.28879178714845083,-0.5056840168539165,-0.18222074862859863,-1.4175061815374435,0.611022508907138,-0.9859756350197423,0.8218160153591584,-0.29706597386534395,-1.2790628001822895,0.048063741874287975,-0.03904258254290852
2025-03-27,0.07000466868809858,-0.973569494405288,0.9534856024103646,1.3849843446668364,-0.38044365070974767,-0.4110872853730389,-0.5773265850282399,-1.2036232623153482,0.6811274207746192,-1.151277949388076,0.9486833924102352,-0.43128690969369,-0.8665453143936318,0.2554303317854596,-0.28537446734756655
2025-03-28,0.20117624858254324,-0.7221488202751888,1.0197493491478764,0.6810869698193606,-0.02610564668124819,-0.21866495673208758,-2.0035469683508964,-1.0647132678749882,0.26769159094704276,-1.2839822969920798,0.5636685234382612,0.915382429633264,-0.6416643185154802,-0.005183519863047473,-0.41221319100603493
2025-03-31,0.9432080138633412,-0.8699709914061537,0.7998406099067676,-0.23063940813651262,0.10796258272724472,0.18327664222516435,-2.22218786495944,-1.4664924072142425,0.2523351909640186,-1.298647201720265,0.8581896795103572,0.7600335618942397,-1.3320491383085502,0.020881498748674367,0.0634441467224298
2025-04-01,0.9681161586810617,-0.9618773847817078,0.625757754713923,-0.23938220540228708,-0.15037225169062113,0.2821262573577591,-1.2456105528070953,-0.693895438753908,-0.08149974696871447,-1.0985735852770624,1.8830777594096948,0.8485901270127806,-0.29600569434200646,-1.0589623062364129,-0.2870287077146463
2025-04-02,1.005914797780641,-0.8113807268707828,0.48578072870414846,1.1510807023430754,-0.1666508230382588,0.3092294543089653,-1.3672253812512463,-0.7881249679410139,-0.257533915660064,-1.4714510072669775,0.8762069900788613,0.4657314054362294,1.83515195531231,-1.3047055543383759,-0.2141728775473253
2025-04-03,-0.12664520940103408,0.06130106020664557,0.6741434357592478,-0.8778567519678117,-0.13439152894517017,-1.1828691981563466,1.7167787979937819,1.5099852234827251,-0.12646054868693088,-1.7171911793231247,2.6537170830765313,1.4022304020690985,2.9772085964618187,-2.8864753621071157,-1.3784737689248383
2025-04-04,-1.3989986663004415,0.40165204562962004,0.8309580096095377,0.2237014475293549,-1.7303742381123393,-1.8418372109483452,3.0080041761406577,1.4950398373483633,-1.2156006368305066,-1.358445840677022,1.6878303557752046,2.6228934786210893,3.2836027470825426,-3.072651503937306,-2.2311392511345067
2025-04-07,-2.4827914358555647,-0.00026912039854713163,0.12937718360874417,2.2267018745194487,-0.9112479257036927,-1.975799915069171,2.608549863820913,1.5269789742966047,-1.7044861923894967,-0.5908077311180386,0.02863602493460501,2.577041302012722,2.0799537482727484,-1.9785591334865873,-0.8377603633082145
2025-04-08,-2.54758827769906,0.644631083225218,-0.5972916058896575,1.3192863552450669,0.12572158205556846,-1.7603885548643046,2.3702241157950317,2.147377700361057,-2.1204741727385445,-0.28297289117177715,-0.4890315135725255,2.648881574396272,2.3234261506225944,-1.8934949840212871,-1.5678306613849302
2025-04-09,-1.2999094738226358,-0.4528073032521169,0.8980843571639292,0.40562624150889526,-1.5712343797200568,-1.5353834549088685,1.6728875854247134,0.8663246516785992,-1.272735988126762,0.36534136838518394,1.5224436204627714,1.2742731833432364,0.250970487824074,-1.7875441665858782,0.49835518501266923
2025-04-10,-1.0906438672726169,-0.31695910546804923,0.40339453066873326,0.08113666371306975,-1.0933101103507832,-1.0885063191986948,1.6603971685014456,1.4676231983508403,-1.5901988920000163,-0.34637866718882415,1.6434852234893782,1.5466385368129671,0.883200887179424,-1.7071454593112745,-1.0045117344586614
2025-04-11,-0.43176127366062483,-0.7838991351498101,1.6406283940279518,0.22081146968067963,-2.0753343899455663,-0.8727044910994852,1.7933288896195043,2.0270299597300276,-1.501724214180758,-1.546919542787971,2.010854513214027,1.5682494158774625,0.1077638982793239,-1.0874342418836576,-3.2333031898326072
2025-04-14,0.09490222188250452,-0.8723055811744855,1.722363069977063,-0.8147591907129152,-1.4689752387624275,-1.0368562575805276,1.7662158672065091,1.5528835600238888,-1.2974293802064922,-2.336013687302524,2.113645864762326,1.245106884873136,0.1979074760696584,-1.158434918380312,-2.2556880291184576
2025-04-15,0.11572755380855655,-0.6688951513927905,1.9176008708195524,-1.3523195364820826,-0.8686975218622146,-1.0020989673988736,1.364966022947489,1.4705248817106273,-1.3717239877759717,-2.3121942275542637,1.8106540985717448,1.4807005797359967,0.17081332215185469,-1.0360657380819978,-1.8038468189956463
2025-04-16,-0.05191005822986952,-0.5362486789867014,1.1761809577892908,-0.9802755327055087,-0.19630837856877975,-1.0406948968072678,1.3235276422687907,1.2305326981183444,-1.1502960460242329,-2.0073742425707004,1.1444508785527512,1.1867550760736996,0.38547204695429715,-0.5845389172220893,-1.5405417218599309
2025-04-17,0.15710332678514413,-0.02721968488779863,0.9703660515822041,-1.3242810734389843,-0.5932740387550984,-0.9235071054483968,1.0035106665011022,0.7955559522195693,-1.0049793493900483,-1.7537295307594538,0.9457223877964802,0.9399630419642445,0.41867997390395184,-0.2662628212631983,-1.093127420286426
2025-04-21,0.29765381199537816,0.33192429461436923,1.3168953727578105,-1.3078811972561815,-1.8328310870922668,-1.1047052918054459,0.8946798141911193,0.4447733561860794,-0.8133987513923392,-1.5877406520780295,0.8496270944518138,0.7994402546889309,-0.12953754883558075,0.4567481387929635,-0.8999756380019964
2025-04-22,0.3906302148328461,0.13671744453602838,0.5121661189175888,-0.6635021411717145,-1.0438012167113833,-1.1137977112408777,0.9105029654448756,0.6489515098222713,-0.5325668723339729,-1.4202553625719128,0.8748106912620366,0.46607867103625095,0.2148413302353705,0.24662608391000496,-1.0687162754643766
2025-04-23,0.26447107451633056,-0.43562719247302745,0.5627070419069943,0.4193074256433695,-0.2587812175810602,-1.2312585639329718,0.9044113212410565,0.773358848792382,-0.3211553211204233,-1.0844982402452452,0.6408976157730638,0.1522608829428058,0.19309522266062215,-0.2674190277674157,-0.7961556853088178
2025-04-24,0.0513394362459878,0.1832993923324186,0.582980140317828,-0.40777759328651925,1.1894233712110496,-1.1420521321301427,0.9165233753042485,-0.39589061493822697,-0.12995480944757232,-1.4515146846152998,-0.48971885225147294,-0.7340210474910787,0.8029403753119136,0.1991885752688699,0.42626342957764474
2025-04-25,-0.2079261880840489,-0.17973416779669615,0.6914403661613554,-0.6226412977285871,0.7331029843257434,-1.0105553793518611,0.9282753961476463,-0.2453309040069347,-0.632783849470523,-1.2088807210454906,-0.35630212071068906,-0.023384618305784508,0.9921610082499245,0.14645515468365816,0.3913583955657966
2025-04-28,-0.11486245197547568,0.13912202916162153,0.5270581522807548,-0.63073248752923,0.6689058854865808,-0.9249418613480151,0.7411271728523515,-0.25098296401674564,-0.35540221748172723,-0.896566702958316,-0.09961634072264715,-0.5367380935131499,1.2432397562125344,0.010400036783399784,0.29406699900326316
2025-04-29,-0.08079455645735767,0.10313395996566314,0.2605009851125146,-0.9385811960072169,1.162008022984327,-0.6872346882113132,0.5960257038533181,-0.025067656473147504,-0.33073125513972884,-0.7425404408893304,0.30868339489562663,-0.5726877338971832,1.3962139950600256,-0.21885191556529845,0.06184428083077781
2025-04-30,-0.0391302892641413,0.35983306752339045,0.4084966273715146,-1.6575388571846683,1.6387106814709615,-0.584732696615068,0.31114868847916394,-0.2838292114226717,-0.350729753402412,-0.8960191421062512,0.5678304535895673,-0.631747475645458,1.3680408605281584,0.20401552103723294,0.1978973863182928
2025-05-01,0.25306778211102837,-0.637284684118629,-0.2963470855516976,-1.1206450484990162,0.038437125774360724,-0.20408468089025403,0.392186567882838,1.0689700423548731,-0.1508031676390436,-0.40235841035248604,3.4117951582253134,-1.3076245806332918,1.7851703007970388,-3.0933394877601468,-0.2137310774053999
2025-05-02,-1.1618043056087857,-0.31646072004082676,-0.7345516794505726,-2.116392684544621,0.5022160842488725,0.4021475078344486,0.47605295543986814,2.0031402316581124,0.030559863728863178,0.15676824405563763,2.751972981886539,-1.6594770455447698,1.9644725215496126,-2.2464932086189138,0.25216565468523755
2025-05-05,-1.7200504301570358,-0.37200461188465167,-0.0546472313157652,-2.242553017195186,0.32769879006659974,0.4174298969872352,0.7827891413963534,2.1967556858411545,0.11226305400763562,0.4441198688279668,2.3728521277558907,-1.3427462800979795,1.7580341464322407,-1.9077100226787465,0.04527166382987127
2025-05-06,-1.6426900115061789,0.1121135002273832,-0.5382935847014794,-2.071491392248538,1.0702528646442704,0.45387407016459586,0.6090196429592752,1.8382651057908126,0.18142347546778828,0.13442988159468733,1.9428108847493883,-1.002514950411649,1.5011125163730183,-1.450875232528913,0.08290321377919685
2025-05-07,-2.1303320353304938,1.6051765655354415,-0.827958195854795,-1.0205216107071717,2.303618784704259,0.5038642690508718,-3.571620494431267,2.033255422286907,-0.6259055882074928,0.709470064753169,1.6351065688490516,-0.027214428533823717,1.587358539934216,-0.8524555904526083,0.4476582102382771
2025-05-08,-1.8915446797008342,1.1119767717663644,-0.9272227947236871,-0.4085990404874737,1.8765941764460972,0.3117121182879941,-2.3870144294613493,1.8583753981424278,-0.21717699577983798,0.7941345314972191,1.4676093569105777,-0.5636931424932224,1.3009156898210017,-0.8566001705919097,0.43272294865348754
2025-05-09,-1.60690485858999,1.821275190884792,-0.6637388225135359,0.10255762631598016,0.8772642954469229,0.48829743230556083,-2.2704452172972105,1.0222972047827248,-0.7378929589270186,0.8620204587219541,1.289351322166605,-0.8429103454628535,1.154508650334638,-0.8275948658643812,1.6757582629097594
2025-05-12,-1.2081673997123434,0.620902601830976,-1.961785847452539,1.701203694475048,1.1128136065431664,0.42466028255704885,-2.0206542596708648,0.757220279077838,-1.0095368145818746,1.7805219985151235,0.7432209808450635,-1.5473630643134408,0.7946426728886098,-0.8743961751402243,2.4369341420638406
2025-05-13,-1.1529764828065407,-0.026154046232677707,-1.0167679425072083,1.6310961111769195,0.44444157716627164,-0.3515659052324587,-1.8170254087307147,1.2186760728422756,-1.3183027913437069,2.038711492305363,0.3823988242769389,-0.04179454323318957,1.2208686934061541,-1.2188643648916089,1.823575264263553
2025-05-14,-1.1454299876655019,-1.6489200532798816,1.1588863440878465,0.6923533029738065,-0.0080647808197651,-1.478758241205129,-0.8921899326759211,1.1208789742232357,-2.2506403973488904,1.3708968288036285,0.26230431871871546,1.301428529752775,1.0250230579396957,-0.9096252295541605,1.459055179226844
2025-05-15,-1.3648587066111026,-1.115346104265006,-0.7449966263043548,0.07289738666191152,0.8194484586587313,2.304928859084813,-0.9409952277497394,1.1101288823595798,-1.2107399888910317,0.7452000898479095,0.5457553243964586,1.808457309352964,0.5023079557571682,-1.1809138360810134,1.0961321279511882
2025-05-16,-1.2907295295325931,2.2381584700362254,0.06888475865665371,-0.11710548793428557,0.5103479985221007,1.0443919824269017,-0.6027242404186675,0.9597336738871547,-0.011554419251504633,0.12447184991540253,0.3867573765843556,1.7107090960077014,0.5401531334005366,-1.1026786683542018,1.01017553227392
2025-05-19,-1.3568940312006676,2.2800725528565056,-1.192002497062721,0.05008521292980913,-0.5041603361274566,1.2633108163081987,-0.4759430207583201,0.9837536039882855,0.24521595531159612,0.07105116806743704,0.5640405769996617,1.7942548360079753,0.35509838712164693,-0.8429630309375381,0.8938780444603036
2025-05-20,-1.2580287629792368,1.9669199480164525,-1.2974170126656919,-0.15509242969804277,-0.0038722594511020588,0.8862729254448362,-0.6728532238768369,0.863821252036637,-0.05827389136922199,0.08133518957811524,0.46991815191340175,1.528819211372725,0.657812501407896,-0.5826135130031478,1.023407479344369
2025-05-21,-1.2231470184982942,1.2889288314420877,-0.7533304270070357,-0.39520736251175514,-1.5794913729903741,1.4108951873426017,0.3488422245296013,0.4187568881162397,0.1916292899786159,0.33689035665091005,0.11826690182393582,1.1524637484689302,0.1737177214510096,-0.433505069407357,1.0183514332094759
2025-05-22,-1.0320490143466878,0.9496989827393305,-1.1999679501742402,-0.07084770583760536,-1.413287617109939,1.8651504591770822,0.7175604605437267,0.46415420308122285,1.326564188294403,0.07381835455584593,-0.03662820970312555,1.1456816656875517,0.049589211286773766,-0.7766686991229483,0.232019374065408
2025-05-23,-1.1961075040705036,0.44940653694866295,0.02146562899954736,0.3775769800723351,-2.679096921448854,1.8879276735978694,0.7906825075282101,0.5114592333173055,0.3219598550730784,0.3252888138169813,-0.13331227222461153,1.43156046341821,0.7133633794350845,-0.7150269715636063,0.002268127391517276
2025-05-27,-1.0914928137417224,0.2060146506776008,-0.1526257545344128,0.3623373022314715,-2.438430477509768,1.234754383794727,1.059593244422366,0.7268389648858806,0.0029635084429598963,-0.079951406612024,-0.15666982805377883,1.0922240315115317,1.6829031272091726,-0.8511394334227094,0.32791692991202503
2025-05-28,-0.8279413363305972,0.3597775573014921,-0.8126624553542897,0.13361961522621374,-2.121910564674811,0.9671631600305957,1.0566241607746059,0.2977871743502722,-0.2107977785104317,0.10328368746849888,-0.8062908675612712,0.8687825659706269,2.6873889780159965,-0.8210293603846885,0.6741630107324232
2025-05-29,-0.7275789926292906,0.9543900585227137,-0.6403191168894594,0.42975268674759526,-2.818306612334245,0.6131576619831767,0.9741190869427095,-0.4642369684332819,-0.6340520225126527,0.3276234728671237,-1.1637744221609232,1.7918269463268355,2.091484711092891,-0.5244898856736839,0.8443200371133995
2025-05-30,-0.3216224698100024,0.5773619498012589,-1.5618934732130942,0.4139855614464791,-2.3550851324878765,0.776925752881803,0.927759971660622,-0.47915987685668976,-0.7465407827491517,0.8752230593457816,-0.8144825406146089,0.7865593730128386,2.948387141671926,-1.4453053900196953,0.7656804766523346
2025-06-02,-0.38594426277341215,-1.6233196996110768,-0.14091108785961018,0.7280635312857293,-2.2575071044749087,1.103259363189304,0.5285875492156491,0.43508305317436813,-2.4065373152054867,3.0659102216104843,-0.6421043330133738,0.9989771547054015,2.3508504884669805,-1.63797155337488,0.3694042461602631
2025-06-03,-0.4106250517900562,0.47923227641997174,0.2490985607624696,0.04783371917800786,-1.735900017121359,0.9189508404178209,-0.06382410744812521,-1.2196195500744489,-1.465721872243084,1.8665301377463022,-0.8532412890287256,1.42102556606431,2.223455808159816,-1.4255610796652984,0.60973069727526
2025-06-04,-0.5068674638116584,0.3015956589640899,0.386097001005595,0.005498638763851454,-1.725518683308298,0.6961470146004417,0.18827898974005816,-1.1054679816818591,-1.2663426438606684,2.6144342281509467,-1.202846090938528,1.1288148914884297,1.4456846646639625,-1.3738180327078187,1.1233862830791361
2025-06-05,-0.8954348191413403,-0.06614776437650817,-1.5085371027121093,0.03954334764980961,-1.21647535129818,0.8701166909052167,0.06818003192925542,-0.09894172794932134,-1.002482972958011,1.828640936579978,-0.7002031155488139,0.3669241351462315,1.9465541093449377,-1.3449294091461355,1.1638121318756174
2025-06-06,-0.7263766698309977,-1.4174218742865985,-2.48223210974089,0.7421937894872557,-0.7859071132800993,1.659052633553296,0.6424070778366029,0.13801866991039388,-0.8235089821061866,1.4283197121844176,-1.6726702095654418,-0.2689222699455698,1.6421678667318014,-1.3892845713652255,0.8350094606626686
2025-06-09,-1.7323881723426933,-1.0976453447895482,-0.8621344238001845,1.3509987200861884,-1.0037304141860075,0.6019754642946674,1.0329052089685566,0.39230992451112817,-1.5744985807152139,0.6874377919138319,-2.0486398715007654,-0.8687377823862238,1.661292283992618,0.45248032226444074,1.93692417024693
2025-06-10,-1.6660277935845278,0.5304262086105688,-1.2418198611317257,1.5404936802337243,-1.2169393795021697,-0.9457209195087023,1.606717446743622,1.9739654234546027,0.14703705861243405,1.0571164828639747,-2.502997389935021,-1.5378411750399186,1.257083003316244,1.303675515345632,1.6776296704948268
2025-06-11,-2.0780387750716907,-0.9850462493879711,-1.1470512858099389,1.1518391397562928,-1.0797625843092358,-2.0032440494251245,1.6223434891564634,3.2750639911427974,-1.239577754586608,0.980218749011934,-1.0043436744115577,-1.2084419711982135,1.3674812203729303,2.0336240243817287,1.7060579015785393
2025-06-12,-2.280129269120996,-1.7963485802075048,-2.8724077865969155,-0.8769414207822419,-1.1990653385448344,-1.5601584958870502,0.4457201826393611,2.745509701745171,-1.2091972076141886,0.046143232870631684,-1.2500064058102447,-1.470764806288793,3.405523605771989,1.3103443203496237,0.6865503813485581
2025-06-13,-1.6198870710211823,-3.786983194996733,-2.0840263136513126,-0.35558708236985465,-1.6696542180414775,-1.49435697303982,0.2760270249309241,2.6019087975455517,-1.205480532689468,-0.13701917224973176,-1.6948669487312586,-1.6133518209063162,3.313995723969423,1.2672468388693363,0.44183742521324043
2025-06-16,-2.002078250884859,-2.2889843722026573,0.4154997241754742,-0.23446576088102486,-1.287101627356443,-0.9912196668164124,0.26468418450556724,1.8537719192746294,-0.8398513583695413,0.13496725008087668,-1.7676326029003748,-1.8262537162423211,2.21523748648855,0.1727242483916592,-0.10659190805760912
2025-06-17,-1.7811025785052668,-3.104585082267783,1.294927426721925,0.4640733605028866,-0.9850129632924381,-0.6901040623973418,0.47001649577666105,1.9586491911098498,0.27480801334319027,0.3283478065307884,-1.2454102059016225,-1.1684716061290845,1.8533256526079187,-0.257199197170866,0.02012435429556961
2025-06-18,-1.3075965414423523,-2.6664978816954816,0.9162798317342279,-0.4890044875498348,-1.1498010821444484,0.02176290500467072,-0.11349495212641798,1.6607922025307698,1.490308850944052,0.35091753647091484,-0.34733874003215304,-0.4734227619493199,1.7487618649925472,-1.1386672884974993,-0.5167496161885127
2025-06-20,0.2977801593213677,-2.147157285420599,1.6232194401401776,-0.7269581776433935,-0.5500003671001844,0.776364692655971,-1.890169147399533,0.3274516298552285,0.7670085847258168,-0.13605565088199767,-0.12401122496465904,-0.5018414320396861,1.4297933599696944,-1.736804037083174,-0.02381071615770313
2025-06-23,-0.11320369364756663,-1.8522448466317922,0.9984472143561499,-2.0297992221476924,-0.19008413129890722,1.0345774697127865,-2.167244903825164,1.0042393507792349,0.37602459541650884,0.5638087126685974,1.4824521640913804,-1.0555491494698175,1.3534860375259015,-1.9142212741623086,0.007991680763508745
2025-06-24,-1.3047275299228418,-1.5984544686123432,1.9996324185378562,-1.6532548981353883,0.8418891716519442,0.5354180572230962,-1.7203013987929896,1.2450651070987278,1.6601798900819906,0.3469768012449817,0.7570593370332918,-1.0999397727798255,1.2359692642717224,-2.049181394477463,-1.4155200758554576
2025-06-25,-0.9913967098306358,-1.341865639313439,2.468308719386511,-2.2810635766970875,0.0033803031512266257,0.45424516098962375,-1.0527903865825818,0.08832959206132344,2.051243990690293,-0.6630129761029077,0.41569431127213813,0.7421839571430965,0.9870119075532989,-1.6744777087814722,-1.222955799760478
2025-06-26,-1.3004519732675694,-1.4082170690663056,1.797701532005667,-1.0694536779532902,0.41307324869819345,0.8807748685053501,-0.6526862652893102,0.15934483721029882,2.2140051952012043,-0.0859072362351245,0.21465678399441612,0.1302009110448501,0.8234784715642299,-1.119261932535102,-1.6982863224279057
2025-06-27,-1.254692476336413,-1.347215516671232,1.409642878382467,0.6492177204380494,0.6629288861730447,0.1579176484008204,0.056118757381289595,-0.1735074724875911,2.780614827410645,-0.34515632315944267,-1.4378189417299871,0.4160885925108673,0.6055631996421593,-0.8575662246387867,-1.240766417945525
2025-06-30,-0.21864534619406362,-1.1182096931788272,0.7283829882421652,-0.9014348964256674,0.6237035441958159,0.7626691275170718,-0.23767405490591992,0.3513034353184701,1.1928467423063784,-0.05746917366971287,-1.1721910703075444,0.2713063979645846,0.7776126030868311,-0.9003298001943724,-1.6242929625299272
2025-07-01,0.9706220086019963,-0.6609931742290679,-0.21801701075628563,0.11051277601386966,0.7905336416670488,0.6329549884110119,-0.07840549969633145,-0.8725908441818541,1.9208875032351314,-1.7636822757120174,-2.064445548743043,-1.228065541229698,0.6897876970109565,-0.5767766444469001,-0.1384625250534369
2025-07-02,2.2767073692578506,-1.0566910236193974,0.32832150308149904,-0.8513660887217553,0.03625668285562362,0.3152930943775902,0.5524671824379563,-1.0284930410929605,-0.16226414630187125,-2.424986439767278,-2.677559457569049,0.17637552439449078,0.763022178510749,0.7497650360950677,1.432218222243485
2025-07-03,2.0136034060383063,-0.938604522607992,-0.2703524958693197,-0.40037635482691014,0.34212398534090455,1.1245828468395658,0.5497796958081942,-0.38610938957751195,-0.024611121389800195,-2.451320438311549,-1.9030629777415398,0.07831941800588343,0.7340823704940262,0.2409897161479929,0.17786591738211827
2025-07-07,1.669589521529247,-0.8491283376080255,-0.46136425804299963,0.8473463577487605,0.501689987516743,1.003386959556004,0.10511773183989653,-0.13114119006997574,-0.22712068443888858,-1.4332666440426802,-1.3844371456273488,0.7392595142077426,0.475519434618997,-0.4945241867805982,0.24978789847454155
2025-07-08,1.4050829554680806,-0.6728586029705044,-0.31083733703415645,-1.3149098771320848,1.3588432123310537,0.17247044356499472,-0.9414417630380632,-1.4816957220140876,2.2760806950002745,-1.34813332141047,-1.516275831572456,1.0144033675475084,0.6082323195325189,-0.6685508346473096,0.664161800613132
2025-07-09,1.4154305647752514,-1.030211940138671,-0.2686664967016853,-0.41886901192123493,0.4920585499427945,0.8844567749223723,-0.4057207693948322,-1.6707863014339654,1.8141055417271585,-0.6494385006098837,-1.1594337195174098,1.6415860809871756,0.1570989084389819,-0.3277832554957864,0.4599051716567583
2025-07-10,1.6069449278743626,-1.20605611106523,0.8440760984204692,-0.4544217821127231,-1.4958328053760968,0.18179374489276284,-0.1581928013522789,-2.085234739062404,2.158754020801327,-1.0044434289492177,-1.3741276608645794,1.9356489526930882,0.0018130727873465304,-0.33036487511033313,1.791073727735285
2025-07-11,1.5287028791542336,-1.769243206442686,1.4766534608245374,1.4724530339783857,-2.3945560393581236,-0.4789468627090273,0.6720002468521675,-1.7113014077153106,1.8976680609672432,-1.4371153268499504,-1.0266453890452605,2.259342223335673,-1.442286781377729,-0.14943965204897774,2.603880440048622
2025-07-14,0.8756719620885007,-1.2564776295031435,1.4755649296206652,1.8737343764279129,-1.3664241629999454,-1.1415997821561545,1.3052664037555128,-1.6800999470491444,1.746831876364399,-0.9320169226059967,-1.3212767663223282,1.430268472579003,-2.3093007475181833,-1.2150951924222475,1.9701717572079418
2025-07-15,0.7864056755595434,-1.3177060795809499,3.0349501419047495,0.9335232425723412,-1.6957742146698178,-2.122644598576288,0.4858654070180806,-0.7381750138494562,0.9908869268229414,-2.282930141562976,-1.0938888871942976,3.0959997932673398,-1.5503692492635737,-1.3127689559287432,0.056674343181887396
2025-07-16,1.1182475610892786,-1.5838457214463577,2.8690528107095212,-1.2813473970472606,-1.2240047550736457,-1.390254823557471,0.7437089869038015,-0.7568498766294568,0.6336007206226921,-2.509218102784178,-1.2102107209530781,2.503874173601567,-0.21533545089076778,-1.1916420191971757,-1.0484174785228313
2025-07-17,0.8679723112069184,-0.693971249531029,2.258205977559746,-1.598969659615741,-0.9030364766797426,-0.2948297128178461,0.768603003780388,-1.6137557109027034,0.8134253787093729,-2.6529266995987064,-1.0775361197961055,2.0465755093556988,0.6983841832919669,-1.5673885096335358,-1.2481483828116218
2025-07-18,1.201109638965572,-0.8959188965592749,1.3678530826284927,0.03405732429012151,-0.21544216052028872,-1.5922997811346002,1.6793294405171297,-0.6271345275367392,1.0334895303602962,-2.0606836991776354,-1.1771984455485796,1.5016049661809425,-0.29440707515646836,-0.5637773784476957,-1.7639821240021059
2025-07-21,1.3437960993504114,-0.45552312748099294,0.8581526494919226,1.272788227938777,-0.28328723424197555,-0.734027329116095,2.7378033323210396,-0.9980773631288647,0.9711206075454404,-1.4200687243146217,-1.3074803863956594,0.36896476933608563,-1.3955279493828194,1.676306989134136,-2.7382212899714786
2025-07-22,2.022508946471103,0.9273907178828051,0.3559504336753475,1.1636868214086016,0.7183571529912556,-0.8346666038820607,2.790304286438881,-2.199318975651053,0.9414181566891638,-1.42184370241215,-1.5883630483534792,-1.1037723201222414,-2.2752483629851827,0.6126544183654427,-2.088996498045387
2025-07-23,2.046469124632134,1.217353700271474,1.2238696117158112,1.8597182830514576,2.014275846935962,-0.28406356728882814,2.15572851855874,-2.4432503841960234,1.8828238311006307,-0.7471861675283972,-2.1599884956048436,0.3665430758471727,-1.764055374246995,2.984000016057109,-3.892106701398103
2025-07-24,1.4984735156579791,2.224086130189926,1.0656716586316461,1.777489144923935,2.393823299838576,2.4308073233132497,0.8489638699258063,-3.6256021380871744,1.0150541311331869,-0.6288030227142524,-1.8738603957671862,0.10252289821131962,-2.31845616243992,2.5725400324364918,-2.847220631867561
2025-07-25,1.5965865723778505,2.0953532118398255,1.518673789209368,1.066117762385447,2.4064038733659765,2.7240056497828693,0.7832760280820206,-2.7109760141729615,-1.861610595233343,-0.7817769767168826,-1.898418724775419,-0.27063564711269816,-2.0498641407983085,2.4815725134494655,-2.2615517082685708
2025-07-28,1.3048399196082343,1.5373388410827162,1.590582341675184,0.9328560334424906,2.16761621166626,1.1054587062668024,0.10007049548240773,-1.8072761977262475,-1.991005124721206,-0.4957202415822077,-1.545831993463812,-0.0630713066633424,-1.4641340418892597,1.9381773665183042,-1.8445205399138163
2025-07-29,0.5728266153368813,1.7392682640063017,1.621414220968364,0.4332994332494073,1.7791813742408757,1.581665847233944,0.9539030726446597,-1.5708920111137261,-1.9703160265765887,-1.5046160916003049,-0.8914682833346036,-0.661064623244343,-0.9457224077334007,1.7730075737627333,-1.4965302118102657
2025-07-30,-0.06964567183855971,1.197859313954408,1.5898910447258232,-0.09353722519975954,1.5334253822735207,2.1821062459003877,0.790964999769358,-1.3885844040254962,-1.4415760047133643,-1.6129938625012954,-1.07764080978087,0.4928688396979157,-1.057658758848518,1.2155963599161335,-1.3501315758696872
2025-07-31,-0.44776851491896386,1.0896565397916873,1.5968459602037683,-0.30728437457430785,0.5992402918692705,0.9344466420411257,-1.550993924952036,-1.5598874905381437,-0.821576923583527,3.0173164091325075,-1.4152118906836622,-0.6996252647290397,-2.17474967671253,0.6349840503967478,-1.2369722300320054
2025-08-01,-0.556816443047559,0.47940822662510263,1.3846569590690383,-3.473354664009796,0.5696429741758076,1.036666478846668,-0.9079401118998153,-1.5725816425157628,-0.8360294515306375,2.741835818809787,0.006544036326752488,-0.05602625003200928,-2.0099838944895265,1.054581843072647,-0.8911330315756915
2025-08-04,-1.0296456831118685,-0.7455450597374541,1.408687320979693,-3.446403523072589,0.50745735048728,2.030390031513023,0.15883199943171947,-1.117736664481024,-0.5919969757681763,2.2755677897852395,1.0282649645725086,0.9340076993845021,-1.612223262631708,0.9103023962468182,-0.7400388332096032
2025-08-05,-0.6109917781645168,-0.47110454972007276,0.9619865638883803,-2.0800563138131984,0.14870700214907326,1.0642751054838315,-0.05340169436080671,-1.1179472954118481,0.5707387602390416,1.977285123625112,-0.13766341625080414,0.21679413494058497,-0.968981450771158,0.34647093311714583,-0.5397738187467425
2025-08-06,2.5959164979016873,-0.10666933450642062,-0.43756336910053045,-0.9680769979082348,-0.1700751473605166,1.4300668621165327,0.7937059735224148,-1.388076995378359,0.2932688847191341,1.564007059654112,-2.3541039417856666,0.16674613728598148,-1.3492970957753567,-0.14006859630415605,-0.5240638064382857
2025-08-07,3.2274137111008243,-0.7547120275850494,0.17918571104595246,-0.7773264780825301,-1.048539501644356,2.408965494474128,-0.0018675720435738566,-1.1830998506801211,-0.36421905436262403,1.3181813239946156,-2.447880740046942,-0.2989648759996217,-1.9249707754825247,-0.462042324132552,-0.5181522194118161
2025-08-08,3.1569903654344786,-0.6900344154969942,-0.4534706755880588,-1.2040031950039902,-1.3852026772738673,2.8033301967028,0.8908370997027614,-1.8492773045684332,-0.34834171435679595,1.1240629348116402,-2.454948405423878,-0.8635865822812074,-1.946939888038709,-0.38466131806141074,-0.5087990149441103
2025-08-11,2.482960288153072,-0.9022094561407762,-0.8648706766598695,-0.9586607777686643,-1.779812507630964,2.09592389431152,0.546373098643415,-1.8890647918361434,1.4543610787151886,1.094451602475511,-1.8684440106663542,-1.1352508936799572,-1.4660344991609982,0.08481107252225853,-0.5894871858957981
2025-08-12,2.0193680208692486,-0.8515863888742072,-1.1829644218089712,-1.2298384615210367,-2.1145255195570596,1.7693770735751435,0.2234862803484797,-2.0548752810267,2.021672107516454,1.4525454127687867,-0.87790887972825,-2.082633183172367,-1.4595175592104934,0.9853066801209824,-0.03497328459730272
2025-08-13,1.849183524504613,0.12829139311788404,0.02682680422869117,-0.4881160309498663,-1.4825251549034046,0.724828825933079,-0.7801345026778711,-1.6939485412867499,1.5347692711957799,1.4828280711687167,-1.3958964734033532,-2.4431418940851874,-1.9389042643241083,0.3662812549695665,-0.36928978583315425
2025-08-14,1.5545840804006124,-0.15127900122978194,-0.7704985554927082,0.5042749393806679,-1.6850367482691126,-0.09888147976847417,-0.8921685631896499,-1.7555916265086517,2.585739654534118,1.3723362153823115,-1.0774362583733434,-2.3796937293526246,-1.8287990317971523,0.7064108005051375,-0.3009895973236777
2025-08-15,1.2396433385354126,0.5075090650919383,-1.1660285719111971,0.6685550257594584,-0.49196477919423603,-2.1476860988911946,-0.5387331977161671,-1.4974504908905928,2.3803774042411585,1.443405453250591,-1.067830150037172,-2.3294552455834667,-1.4097788402666072,0.010369740524666748,-0.25976323616039526
2025-08-18,1.0433277357837525,0.7493328989135091,-1.3883257868285255,0.7853347664692948,-0.274486703908965,-1.4902106993568978,-0.7457212352888195,-1.419302508933479,1.5422166870487906,1.0177113728100304,-1.2272944042651377,-1.5113366104527581,-1.2402999063489473,0.23675695199031507,-0.24917317444519035
2025-08-19,0.9079346606047738,0.07660712313060214,-1.6448051645517916,0.5062303428545804,-0.33873421328002556,-1.0739550631487536,-0.384058038251235,-1.3474764533960997,1.944790296380886,0.920711240261511,-0.8569277446504808,-1.3408551411819285,-1.8496288906099794,-1.146855870968059,0.5677339843981671
2025-08-20,0.601245652491298,-0.3029941692691521,-1.6228378211130203,0.2678302535573989,0.15222077406950207,-0.5948214605719059,-1.1574169622093218,-0.8768854367362128,1.1454148283428618,0.9035578747310056,-1.09328979254098,-1.0476210898580847,-1.6175120499558788,-0.9045221660627438,2.0568542704361494
2025-08-21,0.4949365381023263,-1.6587749361225655e-05,-1.5601645545874414,0.19421375867539958,0.3076428931761121,-0.44708205193824696,-0.7116384232034592,-1.0463573281469984,1.0730885601690614,0.7019573239385147,-0.8394093080148693,-0.8069152908456119,-1.5972217573895122,-1.172413066268682,2.0048449888823017
2025-08-22,0.31413364612798866,0.3259819165218366,-1.5319079407988065,0.6568605888981711,0.09118798796154588,-0.70452030899015,0.8543993681351207,-1.032421922026059,1.1320822036778773,0.7817725493680129,-0.8480366355515491,-0.9640309005116854,-1.3979296188383192,-1.1146458890307185,1.8434580239219678
2025-08-25,0.21620376577763536,0.7963943914394308,-1.729384477553863,0.6770978652473536,0.2459894521543436,-0.6954767812133108,1.8667188267236523,-1.1775254637940615,0.9361857634632303,0.7242852688619152,-1.156446000990605,-0.24603207674903127,-1.3748322886611326,-1.5839117626323227,1.6853701275939297
2025-08-26,0.33064254896503964,-0.08103244388624178,-1.5476384289270027,0.8447609536154882,5.070114430876287e-05,0.016549623259117373,0.6500761833809636,-0.6039979435569557,0.7612710754958183,0.7785461368043926,-1.4670821654446078,-0.26333798396677444,-1.5181997992025673,-0.6322350315844947,1.2027222864136184
2025-08-27,0.2090809812954165,-0.48847139333901907,-1.303629749745353,0.6077799416894804,0.7209028535444018,-0.10242611385385898,0.5680055967779739,-0.42504095085339316,0.6964783304280793,0.238770282742798,-0.7023479493905804,-0.21276446246447353,-1.3297302572444751,-0.42881791227920196,0.7757778650435568
2025-08-28,0.16098842624248075,-1.3386802296024423,-1.181932572782377,0.616471679554406,1.141288735028317,0.16929525978598073,1.7903852163910017,-0.3387765399521249,0.48132487783777944,-0.33118165087014534,-0.6588696004346125,-1.0012817949070947,-1.0337316287012623,-0.019095798719547984,0.1381099544944802
2025-08-29,0.06133069691750436,-1.108310736001077,-1.179072382809824,0.5227385747891257,1.3114898887261262,0.3100151965044594,2.7253480580297786,-0.7151742008905116,-0.008789214676870591,-0.3573080605545701,-0.0823883834525543,-1.3562160939337378,-1.7289213795763205,0.650883111488001,-0.25568577216528965
2025-09-02,-0.10458447617978668,-1.8340426379641792,-0.8909824474802195,0.5284539141881217,1.3995776526208665,-0.02387741430800671,2.3196560149672494,-0.5108837671967967,0.16618359269636615,0.09078594398322376,0.32996081947281797,-1.7133059688387393,-1.5713690773868674,0.9294998060602988,-0.3730743336307819
2025-09-03,0.979920916435883,-1.879076970761168,-1.394623472333987,-0.28469706423660485,1.3695027718013182,-0.4264404883583435,3.6945495153653742,-0.32590255271153373,-0.4677168563676936,-0.2361520566073689,0.0277449832699564,-2.2344613939583815,-1.7725788308301493,-1.861848623569951,-2.104360750059121
2025-09-04,1.1830720101667647,-1.8219976439419363,-1.5947222851583798,1.7285923580974276,-0.2516224951037505,-0.4084174848211073,2.707978010444875,0.8593707211736823,-0.10526635925982462,0.005731790098188925,-0.39937727547747015,-2.250449103142466,-1.983929593843922,0.27880188877109663,-2.9496665447134776
2025-09-05,0.9804289180626146,-1.7247152120063625,-2.0543091071660746,1.0799865766343908,0.31751955735670273,-0.6757123502697286,2.491618127377351,1.367662394991032,-0.7177951920164971,1.0876230094779686,-2.933157367336666,-2.0584473511079184,-0.4129287967823611,0.5072868431482535,-2.277334599399621
2025-09-08,-0.0388168068620533,-0.7942205631532155,-1.7016378192661918,1.2460354613783524,0.04910958427874691,-0.8201922105579457,1.949183871501608,3.1302977171176534,-1.4802743488188819,0.2434696527858947,-2.054528822637932,-1.4949354549595988,0.1698656565862876,0.5882391241319849,-2.186517102080523
2025-09-09,-1.2820991000202746,-1.0611179366144987,-1.269283980113521,1.326232262101033,0.08536577931154392,-0.7027129995617444,1.8868041616189393,3.020764706788759,-1.5500719968792611,0.7604307660153709,-2.4490028479892536,-1.268639488103329,0.21477282829361513,-0.32544460880864134,-1.8760120105341667
2025-09-10,-2.639732285791833,0.2703496491966439,-1.4899441756080305,-1.4098995733230821,-0.34653956652652873,-0.6451785585653417,1.5779646487492847,2.7314323005386636,-0.20131974106360143,-2.7801498682077064,-3.0666407361419545,-0.9150851273285763,3.850168193070004,1.447241445754427,-1.399695272914437
2025-09-11,-1.8482933403882118,-0.061871296497402445,-1.7845424323449184,-1.614124166160267,-0.1229893148611838,-0.8159082729269123,1.3920391178494373,2.0957817160977226,-0.8219579791735911,-1.7997351658313494,-1.9646427005672493,-0.5996015418168276,2.46877948391468,2.1120083864345625,-1.3570082578632794
2025-09-12,-0.8065556435087945,0.38457256377388804,-1.4871852934595249,-1.8048047164171668,-0.6983884115109739,-1.7517559097504176,1.236442819460619,1.5983171391235318,-1.0508546313323206,-1.1593199761765616,-0.5931477374802262,-0.6699037559093646,1.6546086767582402,2.23691480108785,-1.3321085897716702
2025-09-15,-0.5592024977558616,-0.0715394497374726,-1.3080867655468504,-1.6485400209535774,-1.1278234997326355,-1.9008569153267674,1.4905090784901571,1.6556038206791135,-0.5656157986473482,-1.6312494372076283,-0.5147867306540299,-1.2370173833662206,1.5942337229071784,1.6106408226556823,-1.5677253570981813
2025-09-16,-0.5739068388876141,0.5241973030831867,-1.1510041367123287,-0.9907171225792477,-2.1825728101212523,-1.7442516162948358,1.237921238633456,1.4913421940193838,-0.2889483437935946,0.12865880516512088,-1.0926220126474013,-1.5399524796143467,1.5342250093019938,2.225726491462289,-1.508349665749587
2025-09-17,-0.7560964259451716,1.5050948614780142,-0.8786675299848149,-1.6337751496328923,-1.80602916691794,-0.6980892129364445,0.9834603497352902,1.3785938105961937,-1.1564522390192857,0.2680722697320465,-0.3432618304466958,-1.8689986967676666,1.4015186832879871,2.0139493901822374,-1.177806246000995
2025-09-18,-1.8865412667308763,0.9753511906166751,-1.5122050497067658,-2.378146903968301,-2.106776098120763,-0.34638532234391894,0.6999914646172868,1.2876617883845176,3.3649617807397827,0.9422887702529121,-0.4288226054669452,-0.9262358257047149,1.1667647903949883,1.00415725918513,-1.24941764726321
2025-09-19,-0.5237696059504061,0.7474806441935897,-1.495706282890108,-2.3056626985381623,-1.4189016596343036,-0.8805597022904813,0.6431472028727904,1.350022162152346,2.1261092438333287,-0.4162680301795462,0.6001455005488551,-0.9095825176022057,1.2004338688224656,0.7511432372709604,-1.2100355757106531
2025-09-22,1.352557966226013,0.40779750689318545,-1.6639492918848469,-2.2991762867641072,-0.8683613744310732,-1.365392408098496,0.2948230185115162,1.53726568298399,1.2435048325872449,-0.38493440885530833,0.3868092166550227,0.12928881808500314,1.1605076322346415,0.41803956664316066,-1.306270737048203
2025-09-23,1.2695727467046898,0.3230190297244193,-1.0313618686239858,-2.2098763143355353,-1.398743266930057,-0.8416374919594566,0.27658490700830624,1.6031685918197538,1.4918966235783526,0.26914528386298314,0.47191806933722064,-0.44484668417445317,0.9046895162343555,0.20994450932982373,-1.0588665140792592
2025-09-24,0.8974365150987123,-0.947063440877576,-0.9485056360229016,-1.7507374508660523,-0.8981195879566551,-0.7311137911928017,-0.13747129015064816,1.088404776655931,2.00405545459028,1.4683843781376478,0.857634344749619,-0.7317955647241283,0.7204633458395682,1.6156912121299827,-0.7371569331641566
2025-09-25,1.1703930530376527,-1.2236372954444736,-0.707134546836016,-1.8054557665799535,-1.7557106810635101,-0.18410812383327416,-0.5824875975391322,2.0561987242449615,2.2756984150859125,0.5534251346061039,0.6808465229396565,-0.4304438705501935,0.4597888863570226,-0.6031223425046662,-1.0393462392005484
2025-09-26,0.5464662447346911,-0.6759229305441008,-0.612550463588312,-1.5453090571119215,-1.5258630090787326,-0.5986520047116061,-0.9337206998044185,1.913582369803409,2.10402805392666,-0.17454196338830402,1.5216383104209636,0.310644918601173,0.3638927691043219,-0.9938605853776514,-0.6726099671421693
2025-09-29,0.349676943597931,-0.20320076905899126,-0.2715531651268178,-1.2083135149856652,-0.8508768392016821,0.009726353343711781,-1.5463162215726665,1.5825010111259221,1.6836324931963664,-1.243218566830828,1.3495249223553087,1.6290436321326507,0.2285923592625855,-1.6949096618424266,-0.49248720795008544
2025-09-30,0.5409989888237604,-0.503331230590512,-1.2274594016303249,-1.1466728499682952,-1.439288507829247,0.8581713116676963,-2.0300235252710377,1.73475229485682,1.3321522793667255,-1.5657292809063497,1.6113195250787156,2.1556809991188906,-0.07883894692991586,-1.3696263344315975,-0.1963804112822662
2025-10-01,0.6266413859594343,-1.7946623361331362,-1.4499925137969625,-0.8486054130069085,-1.379800494999113,1.1584228921937267,-1.7320048874940004,1.874089259426022,1.5603156577924695,-2.3199418092974535,1.7060517145178482,1.32825151022571,-0.20161095517525943,-1.7981029594672597,-1.0146692182829338
2025-10-02,0.4421023688178757,-1.0409881062934214,0.34299183032140096,-0.7019797373483045,-1.0076229169444617,0.30659653493005007,-1.7625140482063404,1.5023949545650677,1.4283575156353894,-1.0530043616407505,1.2665815166832468,1.3735094091241553,-0.37803709910603234,-1.5712988459436512,-0.6328825112402348
2025-10-03,0.7461461402175141,-1.7447998162982776,-1.0380172836012376,-0.7592597144462674,-0.5478082124671521,1.0229166492877184,-1.5550913991248123,1.5590374749222786,1.1901794981581528,-1.8411462855219762,1.5654171205898182,1.277295731729108,-0.5509287578001929,-1.2579650569116654,-1.1661046568479754
2025-10-06,-0.0015795320059833785,-0.5031466560094799,3.9418123611872646,-0.8239736900643011,1.2367356939349599,0.5456121273251031,-1.3774424177398068,1.41905206086986,0.9212839523203569,-1.5446680575028384,1.8684121859860001,-2.1534992292498254,-1.2847573639284164,-2.0142123223713364,-0.3186666316287573
2025-10-07,0.10748028557526132,-0.3584421616050515,3.0659195677608784,-0.36347815223928603,0.4656709720497798,0.9776398503161213,-1.5905769664026717,1.6820210779205182,0.9630449354203435,-1.447206746438654,1.2119701215526597,-1.9048626615922482,-1.963494311776501,-2.259660573988061,-1.4632083741875055
2025-10-08,-0.12184657932736412,-0.09527008989615281,2.802590595654914,0.012489767378933534,0.8838300417341873,1.6244985260371425,-1.7784211348006107,1.0698532909411436,0.7749118435749489,-1.1831138894458921,0.8254458759101982,-1.7450344653700176,-2.0714358464464997,-1.801135064770156,0.5180429354168641
2025-10-09,-1.0481279417604155,-0.04315375622455515,2.1829745910229073,0.5327317906652634,2.0570346978618366,1.1444339340887513,-1.824744297950986,1.0167114060445042,0.8019767987352704,-0.4428275178820191,0.1162817650994603,-0.7470736964909124,-1.5730463496822638,-1.7147409726610823,0.2611900504854538
2025-10-10,-0.9098109984193835,0.11562890002584271,1.8504210859713845,0.5360646528692264,2.2316682311006835,1.4862625417982833,-1.2636848731020887,0.9181164846636869,0.9688551232712369,-1.578906255850794,-0.6688989518491517,-0.6448250100861826,-1.0672535977281221,-2.371693876627334,-2.0150229114317306
2025-10-13,-1.323691015597321,-0.4121854199679113,1.4857140526886308,0.7561655156830104,2.497523093795201,-0.6118635544782808,-0.9970123327287206,0.3581762738511599,0.7308668574544792,-0.7300097513916881,-0.3700620936177367,-0.17404743892636845,-0.7163256937955027,-1.2381305530697646,-0.5864224222543559
2025-10-14,-0.9111356771044489,-0.2733996586312895,1.404730131164301,0.8375983759973228,1.349986100362002,1.7793528791243058,-0.7127348659433482,0.37737869793192635,0.3334703843738484,-0.8106603409422956,-0.3362974299914137,-1.6231031965780565,-0.9306413915152236,-0.8955340817583598,-0.2142123017383709
2025-10-15,-0.8345624354802709,-1.0565951517040255,1.5289306662456874,0.6600976102479378,0.9675178779146191,1.789258166119845,-0.3401616597864224,0.6121069966733267,0.5403450896440916,-0.1869848080307035,-0.7911548583697354,-2.13281073064594,-1.0880418584792095,-0.9645568379448364,0.24955473791128918
2025-10-16,-1.516682158245072,-1.351800290712092,1.2957610911948125,0.583184367437738,1.9512059425863042,1.2955386382989966,-0.3037113343305769,-0.007408794733504251,0.21491577963739128,-0.29196786510097045,-0.9681446076507244,-1.4474206282439643,-0.6848718751982243,-0.7338835689261977,0.5515802865981463
2025-10-17,-1.0075314295128055,-0.8659315410882225,1.0965977701964982,-0.4411542999698708,1.2223030478317467,2.167437398360583,-0.3141475904796225,0.4021203953179436,-0.07784881638884776,-0.11869938835924833,-0.7128141924653397,-1.173035784179926,-1.186417084437473,-0.922718943418384,1.0117768591486687
2025-10-20,-0.44161486796302496,-0.8458764771505501,1.0892211983434887,-1.4592566050165996,1.4872939696187393,2.2542381777361817,-0.687953236009665,0.035838672495975145,-0.5130846123503032,0.11451119824004201,-0.4972389130963341,-1.1953848940328444,-1.1366130871798013,-0.7615557014080448,1.5558420156653883
2025-10-21,-1.1263204039791566,1.5486790523884937,0.9790248030233867,-0.39548187106081384,1.6806524123971092,2.187552418624614,-1.764674033286841,-0.9287367963679364,-1.6971145191611285,0.12349041208259892,-0.05040385289017448,-1.0914117028439543,-0.6490590800268983,-0.5665544577606666,1.672070092686344
2025-10-22,-1.4982462377218062,1.8394435723338225,0.792208531299984,-1.0499245183307047,1.2740652238613333,2.0717008691967553,-1.365970440794629,0.8347555594240005,-2.3337901139997412,-0.04945779390115264,0.2309434495383435,-0.87096764291146,-0.7119988665611804,0.36804793074170983,-2.4782672773387224
2025-10-23,-1.4064664755103733,1.6922270079183146,0.7251429700835532,-0.1644719176665706,1.0524120895970674,1.3036488622675964,-1.3249333570616908,-0.25881784618668996,-1.543231917400586,0.006367870707654876,-0.00923992435382598,-0.6978216375743913,-0.47741072126033424,0.42870752718776645,-1.6868848068440265
2025-10-24,-1.5087464974427873,0.750412558898025,0.845501081623512,-0.506596100133019,0.7535223562160591,0.8821441548382953,-0.8903991576408159,3.445859081821592,-1.9809220473067912,-0.9520908776432752,-0.295016086353824,-0.46632632944912256,-0.40880705333071676,-0.32581869220114335,-2.9009073630302513
2025-10-27,-1.4020208446622044,0.18773974196848492,0.5575939510846126,-1.1706423296511825,0.31187387185066795,0.3333212642123515,-0.39448131658991054,2.564088673788306,-2.1742605887540627,0.12488147291866285,0.6425664363594829,-0.5436217543440942,-1.1615407020521233,2.327230220350594,-3.1107213127128346
2025-10-28,-1.513671317616645,1.304404674470208,0.2384867810664953,-0.49217516465680516,0.38175079920160465,0.7748577752064691,-1.1912419232967144,1.879437507824249,-1.1193058655747605,-0.5291037356094679,1.9204736669500642,0.6914583471381259,-1.7476568363213916,0.799966054925524,-2.679926211292859
2025-10-29,-1.2066403030306156,-1.4118324091875358,0.1565631288753133,0.8435378304537264,0.8985202574837721,-0.9870160027185948,-0.31559420518772574,0.99508458989304,-0.74360403452427,0.9117941885646207,1.3032295527584625,1.6344141821934222,-2.324475333678811,0.8336271326253092,-2.4676794784331477
2025-10-30,-0.5735084884101963,-0.7716527629471697,0.2565218497118873,-0.5205338232160425,1.6466511584073373,1.5157443504880193,1.4992471461980552,1.0293257902355888,-0.9249496934921672,-4.090252309213068,0.006097934131174331,2.239299951477616,-1.978848738500979,1.676294214661234,-1.4759354054366136
2025-10-31,-1.4079521442103862,-1.939613320888303,0.30479460395664854,3.6003489043340555,1.3944561484782245,1.6921370756876144,1.2510379335250823,0.6359611752454578,-1.5811008896578123,-3.3561932746561247,-1.2291161439470275,2.1743679220550343,-1.1734051245045267,1.7508804953847883,-1.2974183694098005
2025-11-03,-1.9473233759498292,-2.0295924769650804,0.05216690330085064,3.273197689615222,1.4590959188905819,2.151765247056707,1.224756115197559,0.12573934587359006,-1.8466197769329546,-2.815299154412084,-1.6046708530700613,2.1800411475909796,-1.585994370146659,1.3511536149273429,-1.1245942322621671
2025-11-04,-0.5546563297325403,-1.375210843315233,0.4522748819040093,2.577060015809982,0.6628317331346824,0.9687746891934202,0.6379175914443148,0.011392126146350637,-2.1839707521370406,-2.0985776527672346,-0.4929567517894376,1.583868685697912,-1.6025675904203447,0.8541931584280961,-0.903110708875317
2025-11-05,-1.242062284555367,-1.8021912611887547,0.9675201655391585,2.040384775775542,-0.40325890692176886,0.6399385622769578,1.2798669894583057,0.41903744262814574,-1.6790075184396782,-1.6598722690907626,-1.756587634289029,0.9729200352264175,-1.1685449625368296,1.4306625523491838,-0.39915594215390227
2025-11-06,-0.7025933671262298,-1.6109893332411347,-0.1362941925437718,1.7929537493265886,-1.9459961525407292,0.08971836459528414,1.2162497808655224,0.8373133310196019,-1.4059014876105584,-1.3403614880394392,-1.9778646664970285,0.687054229123132,-0.7723819369099495,1.3489257814276743,0.21172477038865536
2025-11-07,-0.15403482109743502,-1.3823384950185462,-0.5577256124152666,1.6531492226417266,-1.745769154434848,0.35667010451093734,0.5321179463985267,0.5094853780306681,-1.070487176213161,-1.097586870795477,-1.5498046778951053,0.6957799970038863,-1.3363746132642582,0.9762681319530568,0.038120728243329655
2025-11-10,-1.1249412763642603,-0.9282516488251824,-1.4694799376877454,1.424684737111163,-1.024441757287334,0.36800827289090526,1.1968655517080877,0.2927623463313986,-1.4348855728927843,-1.0344665720895163,-1.1684488986741957,1.258752542704032,-1.612613533160695,0.2844150046042073,0.15469662182212782
2025-11-11,-0.3428585337779851,-0.6262696576711404,-1.9144720228205947,1.310112526360036,-0.8975055621943818,-0.166317246953655,0.7691527864297458,0.27413575431700105,-1.706343390502396,-0.9158038753957973,-0.3163108938098215,0.7940933062430152,-0.932127015802419,0.509859243847927,0.03934919914223348
2025-11-12,-0.9663434557102246,-0.4717210519380503,1.140640067417521,0.8443783415703183,-1.2575500969151236,1.9252953949854619,0.05796368020719026,0.45661662718304086,-1.8314894059908664,-1.1657495399246267,0.019784867438076153,0.638515166466916,-1.6622049961257799,0.5048470008543672,0.37380947877300785
2025-11-13,0.06149472399695621,-0.6092120993797536,0.5481457569937391,0.5940929976629888,-1.7885430263473814,3.509767107250467,-0.5790687076805108,-0.3519176013354512,-2.1634830952415207,-0.8413376577404458,-0.4502440351762596,0.12034525597528503,-2.089752360307611,0.5420101893592619,0.38491037850783416
2025-11-14,0.3239454495715445,-0.4987189693391645,-0.44770124623370655,0.35940145137046753,-0.9233566479654196,2.740863379690062,-0.992967774363993,-0.3572740477669149,-2.093457648712882,-0.7748586603317453,0.35834193383456797,0.20470070595736273,-1.893760507923871,0.3841332604362501,0.14078720362140504
2025-11-17,-0.6020885370019438,-0.22105335838392223,-0.5009082271842213,0.4360552385410943,-0.9408528645057687,2.3007352533267613,0.5369521610710567,-1.3562047033021023,-1.8434916687573173,-0.6393714099040294,0.37062432463977446,-0.08290558450339443,-1.9066833044544513,-0.296747233781434,0.10613106820956598
2025-11-18,0.9913560317323624,-0.2145691751272934,-0.4839716891479785,0.029855425169293653,-1.3175150409720515,1.8647371355293891,1.0603644235447263,-1.7791707590091488,-1.463349759756968,-0.30445242820378643,-0.5026747856740497,-0.06832327028938402,-1.3521515182363517,-0.11950050026511679,0.8459494170832689
2025-11-19,1.792633138803939,-0.7056492142926152,-1.8223136482055955,-0.016228910988951132,-1.619128565920353,1.8361929662397383,1.8324837950753015,-1.880802725130242,-1.0773454791518182,-0.374538147172334,-1.494164430693825,0.5114579009467265,-1.1492438899573427,0.33847817640614136,1.2724719931446418
2025-11-20,0.20087651161291323,-0.5869986084931594,-1.8381491216678811,-0.06294370036504524,-1.1387770708069112,1.1730499491535042,1.1737571114169913,-1.522127500245831,-0.9679152437160908,0.09009139686141286,-1.439061371777416,0.6421447102414859,-1.175222078706743,0.11426973007673885,1.4512075418319506
2025-11-21,-0.9496428821367414,0.017424101781097975,-2.21102821029896,-0.11772493537501377,-1.7469329813328165,1.1107317815471178,1.8237007266562155,-1.128077262083527,-0.7841014464627658,0.3930140180597701,-1.868995516647458,0.5707338470352866,-0.9135065855867129,-0.5700900856762487,1.8952868573195343
2025-11-24,-1.4785687999046013,-1.224285381358394,-1.6288860916879164,-0.12225318772165619,-1.6136112247306493,0.9597845957733921,2.422741730808431,-1.262825276917628,-0.6390735726017471,0.8075534191816569,-2.100004361214368,0.1308887128257365,-0.8101791556430957,-1.2183178744492107,2.261312936923054
2025-11-25,-2.2655372699823206,-1.915477496297206,-2.4005722249714925,-0.04330873432309446,-0.8038976234847284,0.8639841253539156,2.180498671671387,-1.5099854594233006,-0.7120920852895035,1.79478728188985,-1.5522131292856327,-1.2497376519927352,-0.544918792207586,-2.3563593206264764,1.9796212676822669
2025-11-26,-1.0827302108902974,-1.925064056342204,-1.9489353184744267,-0.3314376250640196,-1.3052639986820396,0.5253435540069866,1.5890628083290272,-1.4207872243652317,-0.5163451949778222,2.1407040745233705,-0.7321558163455298,-1.3384744629811365,-0.6063330256725251,-1.8913473060613333,2.289985015224036
2025-11-28,-1.7618910337851932,-2.25798115429171,-2.0348463976121414,-0.5958554207528288,-1.322494116172462,0.48418829785164363,1.079205442819098,-1.0557348481145015,1.0196115305615971,2.1452686007569874,-0.060881971547779676,-2.4471883553026927,-0.8177806267347666,-1.9326274797771812,2.058992066348974
2025-12-01,-0.16811113145348772,-1.6354451572527644,-1.5211919051964675,-0.4088053702808044,-1.0851414784845521,0.11626433991539983,0.5261782678862882,-1.2922925699380214,0.793848170929966,1.7938664002293188,-0.34845217035054876,-1.1468737389851882,-0.5591949629810034,-1.7902327959355286,1.7091758771928016
2025-12-02,0.6787302785151951,-2.505692784118923,-2.109510579277129,-0.5973210152384884,-1.3530654444266004,0.026087957880267038,0.5067355574853389,-1.5900394631963612,2.046141336800625,1.7783859103786155,0.10443229540708526,-1.0758834195736642,-0.7184156760132037,-1.8248016768808173,1.9685182811679587
2025-12-03,-0.5448919197511931,-2.34838926136799,-1.7226361817035005,-0.9654508347855143,-1.3011984333188689,-0.0047743516659451155,1.1594020416692632,-0.9055909106105494,1.6573557051175845,1.5019911868174745,-1.17216682568679,-1.0483477035059054,0.22682759967672136,-1.067280953981436,2.0660626135143847
2025-12-04,-2.0065025567690333,-1.4924165707037234,-1.845416371803701,-1.3934499201981667,0.43352965894068307,-0.18596395791531653,0.7065965911379044,-0.23478373330992516,-0.02805103181108884,1.8635086301609953,-0.8077200490228772,-0.3059759444758118,0.6392465442736263,-1.0593238393082114,1.5796685408388296
2025-12-05,-2.862218270197316,0.38317521153140394,-1.7559788530406066,-1.6735084492578913,1.5879619371049543,-0.5748104023691933,1.0775212987995513,0.017985765721869315,-0.1833995535194355,1.846145614518527,-0.4533140235798186,-0.4927734593307943,1.6242907345280624,-2.058044825465128,1.1203932174092714
2025-12-08,-2.054230830941568,-0.2114897602413884,-1.5788551307866792,-1.795258395992232,1.6471345752998132,-0.48863772596152305,0.2505372017367246,0.5152769672042498,-0.7957931566583422,1.5368708450697668,0.45896687086861554,-0.13754055374345253,0.8900828174250685,-1.4680253518334136,0.9791020823040352
2025-12-09,-2.1084271909067276,0.646471265981532,-1.4599942837028186,-1.5942659801693193,1.6530981497812638,-0.504221207791187,0.45742227556394893,0.7657735446938055,-0.8663406184104119,1.2106373557042243,0.6109827801701639,-0.22764711843062627,1.119982170616196,-1.3285642268939215,0.66394568471213
2025-12-10,-1.8440571567351434,-0.29924158357016384,-1.3430532939297173,-0.9217576377887592,1.6821394489817463,-0.7095093138636042,0.5608100994903416,0.9765240945443927,-1.0442846954584661,1.026602862411449,-0.7314445799242304,-0.07139185350493325,2.4051424174761618,-0.09919393972487325,0.5532060491921741
2025-12-11,-1.6981264541302306,0.6427037312746607,-0.9269063268419518,-0.5838081778168775,1.3400984602604733,-1.503166490643434,-0.11781407731537283,1.1711819719556458,-1.4329079322828027,1.21498294006057,0.7346459269616841,0.4370483909249778,-1.6418029454129952,0.047966415939996586,0.3778634032946374
2025-12-12,-1.1424092101039536,1.5286936015248422,-0.9312832326971662,-0.47450293716496167,1.3356123145706333,-1.973153184637602,-0.1824354036093483,1.5640496652439293,-1.7086399177079101,1.2199786797978447,1.0168520578650584,0.23124183787658142,-2.000828802383012,0.19176755895558528,0.06735278723580532
2025-12-15,-1.7587150475887188,1.331315044715436,-0.8928456703543712,-0.676853396953976,0.7943524120514568,-1.464209566929876,-0.6347201858938885,1.3966753649154848,-1.5701875723396477,1.372466361692193,0.8940188896799408,0.9969496093453087,-2.1837786403270107,1.3134938688295463,0.08704447498067952
2025-12-16,-1.133268852576994,1.2377750036724264,-0.7976782356525081,-0.7631408230371257,0.6200909886985396,-1.5216072883231209,-0.838027451898083,0.9223842600190033,-1.3636026470551392,1.4262704000546669,0.9793525219730892,0.933084537069015,-1.9497412043106483,0.778916128837658,0.15928169192162422
2025-12-17,-1.1154941214337497,1.790507681861904,-0.8031531433421775,-0.09837743023508734,0.8055351348061124,-1.8235979072076194,-1.668158259317206,1.878169650426482,-1.331534509595148,1.3965196534430433,1.851400152964995,0.4771768148858861,-2.2454519092744145,0.6912184917385432,-0.4769548154376041
2025-12-18,-1.054651286367659,1.6776617256504962,-1.1942380555501517,0.4014145956567168,0.36979783924352116,-1.471821279560774,-0.9502645588249518,1.120763529152427,-1.4364349993815273,1.4777495018843525,1.9857405756504427,0.35983278722234857,-2.134952161194239,0.6196085602797003,-0.4706170869726991
2025-12-19,-0.70270381957166,1.7255773399009542,-0.8822606034085253,-0.41810840449253434,0.3652538053848453,-0.830565408529652,-0.8393955349771239,0.7817032386064134,-1.4245224410170072,0.9424790814512679,1.3191702682774507,1.1490589834408702,-1.061948106178065,0.3084615338820994,-0.6365374207521518
2025-12-22,-1.0620178477027964,1.6438618330204187,-1.0027075339079268,-0.5830723623644218,0.4349215438566758,-0.9706720063598078,-0.14948628433049327,1.413411465812194,-1.4974687144825956,0.7983580415083915,0.8558082862540279,1.6117997144302485,-0.5568291360573422,-0.19791706868271125,-0.2125156993492731
2025-12-23,-0.6897069110890953,1.3637070494758075,-1.5907318860286421,0.2308087872219647,0.4382396258790901,-1.1305294435466406,0.202692337732782,1.0120465776038274,-1.5004324352784173,0.7924653002098966,0.7308720954399093,2.2835238173380974,-0.9329341349452795,-0.04314456263321813,-0.3802674529739075
2025-12-24,-0.2111238435930676,1.1828199986773638,-1.6307159073955289,0.18616641638698403,0.41024067769511885,-1.154539302424886,0.14968635896994628,1.0782188290067423,-1.4345268438767798,0.7720236057099096,0.7790024242495339,1.7114733923971968,-0.5938292099228725,-0.14119599028748378,-0.4708959986883359
2025-12-26,-0.20982733949304205,1.154624407874258,-1.7050828929210153,0.19916312057148713,0.33359971228068436,-1.043624721978873,-0.06763618047852285,1.104980157420673,-1.2698740107044142,0.5005024242287993,0.6251661610388124,1.8218395917616756,-0.45090482972533535,-0.04756480835745622,-0.43075750639464544
2025-12-29,-0.01920966816992251,1.022143147562157,-1.4057987667630119,0.38122869581796276,0.3078835332362831,-1.2755202096201048,-0.12302632387598895,1.1215153003210168,-0.9110621341302882,0.3698904127183384,0.7044304406591407,1.4074583163520649,-0.4452974933666832,-0.3750599179327792,-0.6084632529071621
2025-12-30,0.17386402557662392,0.8592210853420017,-1.6776649514662196,0.5066156156246158,-0.08669317700019706,-1.4043287959107837,0.09371999892710786,0.5930056353190211,-0.5538142073540913,0.5459065013196261,0.5194135546797007,0.8979657329095219,-0.2921796978665112,-0.017229911571261716,-0.4733839056989843
2025-12-31,0.6600063369377215,0.723181135198496,-1.1631550291352244,0.7861793817620204,-0.2804693129781851,-1.3213551383108164,0.42855310878901426,-0.42488142301629794,-0.3716248379552171,0.38285623655586115,0.16071891533966484,0.955519206903633,-0.27735445452737145,-0.016847283896845325,-0.41916399025706624
2026-01-02,-0.006853463957486897,-0.2989953017149462,0.07849487692197772,-0.21394228692868603,-1.6583132801379659,-1.9468224958917262,-1.062571380030862,-2.705448182270714,1.2660476164612315,0.15530388977037904,-1.3783147441173105,1.0609642931418022,0.021459665157690377,0.9897368158664603,2.1245969413454224
2026-01-05,-2.476981759232147,-0.9350571673982107,-0.551547306692871,1.921083874273753,-1.537718769860544,-2.002789276277942,-0.5549094992806886,-1.512923890368955,1.3175214356219107,0.48895578625081704,-1.6912650628006616,0.4264148390251843,-0.35806944319291967,2.0157737422689026,2.163678169151377
2026-01-06,-3.7255377850794957,-1.9825185918878452,-2.1320971858831577,2.552130644603789,-2.2010471722926654,-2.116532408663743,-0.9443902305843703,0.5622977975675248,1.3355878481353296,-0.20485463216527303,-1.0882189651552532,-0.007662490656067097,-0.07765806817900354,2.3816744746822662,3.5680021071164965
2026-01-07,-2.8638207138073746,-1.362984030877321,-2.47847125838507,2.2241131106696725,-1.2736932112820711,-2.0238618401621893,1.8342503995871962,-0.672594884310623,2.56133613808123,-1.6540349004277703,-0.44770603374764834,-0.047875183485913304,-0.39665695598756334,1.792382324254388,2.1134408085081913
2026-01-08,-2.6209909485326888,-1.192570920172345,-2.4095537688875366,3.0767466035690765,-2.1727658224684783,-2.239726616665358,2.1198865564530562,0.7401856041604491,1.7237338545142564,-1.217085283214613,-0.6545264841771469,-0.7329775119388823,-0.014330894451174143,2.112910428149728,2.141788599209119
2026-01-09,-2.129415555062651,-1.4801385000045535,-2.6376708363527155,2.3086659993026264,-1.8812461601174915,-2.174788840343481,1.5673125448736454,0.8051156416580053,2.6667660350113844,-1.1671870865285736,-1.0957744250912314,-2.2786191101808333,1.9878094763710337,0.23883429622481087,2.067730822969366
2026-01-12,-1.5763324611474123,-1.4573524924834393,-1.8264386300187698,2.0259954700490637,-0.8206762782274204,-1.8472027561120214,1.52830682202797,2.4806766050750677,1.855206607802039,-1.8470726641797137,-1.156798828340236,-2.294377249087921,2.754296237236528,-2.0175432125053554,1.8531633775518037
2026-01-13,-1.3451207084410761,-1.3093474461545194,-0.9314273428799075,1.9086135406968658,-1.8819391547087625,-1.2931362570593292,-0.576752070049243,0.6030063908563011,2.179566129002135,-1.1689376606868467,-0.780823046966634,-2.551671768728253,1.6017018452530147,-2.4182316838242373,1.850002073230193
2026-01-14,-1.5679754502449235,-1.6360905291861678,-0.24142767787404795,1.2679497814517764,-1.0148100742492356,-1.7707930664880092,-1.4806515269262999,1.5816193996805024,2.1397412950765213,-1.037274089087688,-1.2289929164319322,-1.9386675076431947,0.9979714165905733,-2.2352344114741296,1.9056076039754848
2026-01-15,-1.4128047691320402,-0.842246377356273,0.4701891766410213,1.5582122517176216,-1.7500369922005978,-1.0929512490249362,-2.0465540257312136,-0.30520561967631255,1.833852786857553,-0.42953250472431664,-1.7037573162089603,-1.1676989597223262,0.14532534420702398,-1.9853628883566006,1.5929793782991888
2026-01-16,-1.60066192108972,-1.3579038908348586,1.0015532221651746,1.5796154474375754,-2.4432747920520725,-1.0068903659589679,-2.4581456332157026,1.3806859187135512,1.4037303407010366,-0.40441143074494945,-1.0565694126398046,-1.4829252587682304,0.4193997716982334,-1.7313061342105687,1.7376989910003329
2026-01-20,-2.266549945148604,-1.0646429459907418,2.1160421501636,1.3640230571113894,-2.0239055947646363,-1.2745165910269671,-2.337914914973144,-0.144657381861516,1.7788214976361614,-0.6111869870484766,-0.7188540783001635,-1.9143540430449666,-0.49359394988375227,-1.1618630289088825,1.7931539846552424
2026-01-21,-2.116072548111423,-0.36412290804441483,2.530309305526636,0.8289633936821661,-1.4809214725217115,-1.4779165469529476,-2.288219885403359,0.2882822540233225,1.9427531080176388,1.332307766964662,-1.9564829985930172,-1.1559806551595164,-2.351394520979664,-1.5003956141338048,1.5430672518484556
2026-01-22,-1.6811707306980688,-0.2268862335132372,2.162932471421061,0.3243492965001478,-1.1849142837848403,-1.1300691204335283,-1.780910351072791,-0.6977199206989378,1.661961672917488,2.7857577933530666,-2.016757970771936,-1.4709923505570006,-1.8287048360318257,-1.3756934693376535,1.4212707361853547
2026-01-23,-1.2251968478172501,-0.3505223008158912,2.3096479778032135,0.6300742404699612,-1.744165471321777,-0.6280620727096546,-1.319820494730814,-0.8543548907376722,0.6159440462544391,1.844783853283335,-0.9326207017688884,-1.2347585977609006,-1.9949686516807406,-1.076937316443011,1.479110346729327
2026-01-26,-0.19345143907772688,-0.2518485587868082,1.4433585256028458,-0.18038254320568284,-1.9680905371157087,0.49396998994131347,-0.8835860447864904,-0.5317327189360984,0.1728180307640682,2.0184747423700933,-0.5564034479676012,-1.5688098363776977,-1.0931766910624041,-1.533358200582196,1.3773372079819934
2026-01-27,0.2876355239113295,-0.9235805584847215,1.0513203447593007,0.4957605672762982,-1.7253407615476837,1.2409104184546578,-0.983966559897276,-0.7069707561086324,0.23111887080484295,1.510744009696569,0.8693560016878449,-1.6496037028192185,-2.319735300220364,-1.5073374641887312,1.2975122395706218
2026-01-28,-0.10384462072861426,-0.7159713161870083,0.8114807134670255,-0.1702563630899629,-1.83379707133448,1.1516893983675227,-1.458844923828232,-1.3672900734355196,0.5528824702295932,1.514123783594951,2.2247139924034007,-0.950806370514432,-2.078936971150762,-1.8908056874279036,2.0053537270591915
2026-01-29,0.13019464297536307,-1.3271780258899941,0.6118932537869343,0.204447771661766,-2.6405219579032737,0.7499636770999928,-1.7226465766740133,1.1609308809079093,0.0023606043374822137,3.6628347487751407,-2.5960118153289558,-0.13118904117983113,-1.7105759595208225,-1.8917240978780936,1.6518943307419154
2026-01-30,0.6665982850690871,-1.0060453322248708,0.08594483860620068,0.11118307741372542,-2.2956018152529527,1.142607415177048,-1.334235270743611,0.7966426870153851,-0.33524859400025503,2.5101880315961105,-2.114752987191448,0.4776215848320252,-1.4352901599657515,-1.5200419755196046,1.4421832837355826
2026-02-02,2.0833288537599257,-0.8354037474880237,0.40828461861272247,0.34775648987196817,-2.0304958160559785,2.1516222836386922,-1.3856764163703363,0.7777407096634059,-0.37837836626244714,1.568491351024987,-1.702261040044831,-1.0166406079351897,-1.807453977070454,-1.5857128657030548,1.4631461740311267
2026-02-03,2.2005355026243207,-2.400043468268825,-0.08486274847317599,1.9800520920443003,-1.74579340522549,2.725378238834977,-1.3804550233209658,-1.1485737891971763,-0.5664212006826377,1.4898228915859362,-1.7536106305800925,-2.025653529236672,-1.8810947511518887,-1.3258777867040614,1.68049821412141
2026-02-04,2.6292225475129047,-2.1267858655434746,-1.3383602827144363,0.20025349307015589,-1.6733079106755258,2.1891465685615867,-1.1101622516161362,-1.991076624987805,-0.11888606061302667,0.9177107296265752,-1.2893043620597249,-1.2719242188506616,-1.5733815920676557,-0.7035636197108872,1.4429998031236038
2026-02-05,2.265183549706774,-1.4070612867661705,-1.4637053368810253,-1.010032248437586,-1.156328408027944,2.4421065545718994,-0.9122695748529537,-1.3032481636755162,-0.33966480400301713,1.0235282545553415,-1.3881020940373012,-0.5584545490111349,-1.7426992648568467,-1.729069967551306,1.5032566843464361
2026-02-06,2.0395163766615285,0.11500856443765584,-1.1494653271302384,-3.7762238739718788,-0.7082578715749928,2.153012900375345,-2.120613632718041,1.0039702352143764,-0.33921820162631666,0.817405047667025,-1.1985015706324111,1.6036726150446314,-1.4211177258177166,-1.5040177385488287,1.2340639853710935
2026-02-09,1.6275609873255632,-0.19832597049371772,-1.4214717241325954,-2.896554495791454,-0.6633999706322882,1.8996282035700194,-1.7868010430088186,0.8437822309103511,-0.5259820454435037,1.1930017976028424,-1.109358318648167,0.7513762563245286,-0.7097298058008447,-1.33650352508856,1.0425204595965956
2026-02-10,1.4477013685128104,-0.9300587424825705,-1.390084601769418,-2.3291914091498573,-0.7300758372497159,1.5763754446482139,-2.0208975500653428,0.8987965997928762,-1.0666104408483286,1.0613997669207755,-1.2285881553664326,0.4997933494458828,-0.19961492394355257,-0.830813962969265,1.1902340031398275
2026-02-11,1.4515182215992164,-0.8603088758898142,-1.3499445116259017,-1.8493138664955056,-0.9147344927606909,1.1803120364487654,-2.345769462929579,-1.2463076424554917,-0.8133590150809613,1.0291434465077567,-1.2478140301260179,1.0602227921686191,-0.0777339207651257,0.07004500933642241,1.5114856445280072
2026-02-12,0.7692847568788288,-0.5357715523195039,-0.6568503074242515,-1.6346853146562834,-1.0931977123849959,-0.6020211770581462,-1.2754605742559533,-1.8878110741547283,-0.14921114566989965,0.8960810090509304,-1.5823917841860187,2.1316532406304622,0.9957736942179182,0.3664126253531866,1.6194790181959546
2026-02-13,0.3663999368293988,-0.44342480253607114,-0.5992851155651127,-1.5299116722869506,-0.6559583542850932,-0.26282881307593026,-1.4503951965735011,-1.2354243211051417,0.02079810910226331,0.6112909209428036,-1.7031010617080016,0.8002491267690274,1.36515216651812,0.8338848986598839,1.678366111939291
2026-02-17,0.694963902480194,-0.7148766432909146,-0.7232723068442223,-1.0407508640174783,-0.9881141385090438,-0.3436852991362994,-1.7862454989432484,-1.6323071933986963,-0.3337212475961025,0.4552934298055531,-1.41064517993335,1.4634576214294759,1.1176752327278334,1.399214939860692,1.31604613078311
2026-02-18,0.6516644415710964,-0.7566442352032221,-0.8698832609965359,-0.6955094291349542,-0.8806717870522697,-0.21280471718087052,-1.5927231746113097,-1.3278214591874242,-0.4604398420948829,0.3841406966897463,-1.387249966553203,1.5530427507546962,1.1313672596058877,1.2555341081192788,0.9181751076781216
2026-02-19,0.4739850511451595,-0.8509116704305791,-0.707897368796183,-0.3093854059349885,-0.8984322966197716,-0.19710124529401407,-1.2654187303631503,-1.2618084866778796,-0.6066874107989221,0.5144880715669716,-1.29805881994647,1.1232558212716712,1.0028258968959378,1.172164300308127,0.564581429543767
2026-02-20,0.4739808774428724,-1.5470982185173874,-0.7570225568856063,0.06373709919350978,-1.0281673336540575,-0.31457815682232154,-0.4257375876073225,-1.5462902027476915,-1.9160457786372131,0.4620412063958107,-0.9679809723154418,1.5224865985382967,0.25866850138384945,1.1747809908661369,0.0748704803305316
2026-02-23,0.7711954837072279,-1.650474460224325,-0.8252111922082757,0.4774673700774667,-0.3271640661418393,-0.5091523405662712,-0.0440281956656662,-2.9853240856412233,-1.7866558746207155,0.2375942816562595,-1.096214225722552,1.834305563773659,-0.05151852155257865,1.7867319555209942,0.43480848086680485
2026-02-24,1.1240110414678737,0.17296019251268316,0.09206363833002032,0.5050406477150483,0.2205663291966916,-0.7047946881963527,-0.4338845334485967,-2.3075057691405227,-0.32955710362528373,-0.1987991377913526,-1.2469810467295388,1.0998690906241895,-0.22558988227427312,1.8581361727332475,-0.6926466490768319
2026-02-25,1.1529928659061695,-0.8870717173221201,-0.14279519196782084,0.3949838970661738,0.7928887957490645,-0.6201623744852139,-0.4411942488894442,-1.7697951797126907,0.07782976106052544,-0.06124388929385619,-0.8270934606076084,1.1187252473450633,-0.45624312537979184,1.428927303223368,-1.2398404779904215
2026-02-26,1.1715811599858983,-2.3824975148614023,0.1996106121929746,0.0010374485725783496,2.471025779794296,-0.4888746470799867,-0.8794279904841832,-1.2903222521247573,0.37761770762454494,0.2558565501113902,-1.1204661913404272,-0.23225919370534343,0.26941216811412366,1.2494278762572968,-1.269266526650003
2026-02-27,0.2843093670451275,-0.5697457550924862,0.7300933022875644,0.4049681534987759,1.2966084707557783,-0.038949803814575114,0.07543705206969445,-1.1319667057578795,0.59363189112763,-0.20151274961227944,-1.3170228052239694,-0.9949034490216238,0.3568266356018748,0.8004166478730688,-1.5104564717540108
2026-03-02,0.5292100162017019,-0.4506205427197051,0.15008705903775837,0.4867677661015078,0.5751690836777604,-0.10942531101710919,-0.45328695522219115,-0.9306786452320379,0.6648020689884665,1.0244829881022868,-0.9888461987615972,-0.47593299939645356,0.4323708024238902,0.6210165103606091,-1.553954990514299
2026-03-03,0.7050124329367675,1.2681017917809134,0.1749183011406318,0.6013903862598935,-0.2918220057552086,0.1001215691946666,-0.3618314583444693,-0.5179754542285894,0.24516701762243376,1.583352715869524,-1.0634189171978334,-0.5917031385798059,0.3047165455387415,-0.0091749233928249,-1.974149312132161
2026-03-04,0.08587524465442753,1.9065731345781871,1.0727480219212036,1.6017419470449772,-1.6807219904835276,0.1710428438109857,-1.1047391375957152,-0.44064418948068534,1.1841077753572382,1.6651361688134658,-0.9767701937836203,-0.9776048855458528,0.15528349927579352,-0.11152390136975399,-1.9828276129855726
2026-03-05,0.007197145014658932,2.1674051459856374,1.0438420958333265,1.738154192454547,-1.0442908407904417,0.1716258432364628,-1.1730897870796326,-0.14193835304612076,2.2461325581567024,0.8252504900098564,-1.2562473369645835,-1.0238256225260494,0.059628127560618735,-0.6284919982739734,-1.9367005069772312
2026-03-06,0.09159556884860925,1.8606956542168067,1.13644774012478,1.2312948608667649,-0.994512923883639,0.35426894998885394,-0.6627273373845751,0.2685452188361622,1.5548356713420304,-0.0895519089625312,-1.4790243990947858,-1.5027096051767714,0.15653346690787603,-0.7043877615202667,-1.858380671843308
2026-03-09,0.28511845928449575,2.0514262363175386,1.8808239058976222,1.041203046508642,-1.3762649901094708,-0.533633715355927,1.0495319625078001,-0.021172263710173937,1.8940981077396861,-0.8482504856642746,-1.0047456128430603,-0.8277935743803786,-0.44962037991500864,-0.37729572208462103,-1.5923140489124774
2026-03-10,0.3373942651691559,1.5125535913197863,1.2295085189384456,1.1637235241603296,-0.9911629285202814,-0.18840457103843217,0.8932834848529778,0.04432150034687048,1.6403925121815095,-0.05805577729357975,-0.6368355552552241,-0.6566302434575387,-0.7002349725645002,-1.0646400874469535,-1.4698958961662425
2026-03-11,0.39134239880111826,1.45257903241902,0.19868439306948166,0.9068705714647702,-1.104938712096443,-0.1476091616826478,1.2036492924994813,0.1771187305924637,1.5696410504267932,0.09037112605859614,-1.336891477470327,-1.1871611137085196,1.488553300291858,-1.4748102245244776,-1.1717580617958627
2026-03-12,0.22353649981541043,0.18685217633750256,0.10328849670722695,0.9305760202570074,0.4332224973755849,0.7146843557592761,1.1812836266667373,0.6101774627949941,1.0347067402318633,-0.2218777276569588,-2.3210654643498185,-1.061998484988659,1.0096174776319944,-1.527278329463124,-1.3629709491244313
2026-03-13,-0.6390567705093244,-2.158319396890998,-0.7998892769347975,1.2801066547248259,0.9523561975074005,1.1634922621071637,1.2835672949985597,1.1699560698637368,0.9313167533335661,-2.5900837766829574,-1.514250118518153,-1.332410648749081,1.1862989439671927,-0.9264750387277687,-1.2023249797991322
2026-03-16,-0.6470543175440201,-1.9065515916060334,-0.6034199088724126,1.3435828774781533,1.5972766734986716,0.9245030196477759,1.2942920027206508,0.9951575259445099,0.6279659816642919,-1.5604757582257849,-1.0724698800996626,-1.0044193006088495,1.0236266405441763,-1.4392223531365085,-1.0114940657639646
2026-03-17,-0.6858820661918885,-1.6432712284289892,-0.1678869660820308,1.3780071810583998,0.2843951298108574,0.9216381687545974,1.8981574984236167,1.1916480321488834,-0.2194835425297393,-2.569319378788688,-0.8754329167828163,-0.9973864088146154,1.0869886972490839,-0.89082186091155,-1.120791355128793
2026-03-18,-1.1308364290796773,-1.7855268026274387,0.5285248303713578,1.102371129400022,1.036382015561777,0.1470838359403359,1.6859133423683077,1.341274387921945,0.21682675380864116,-1.7913069708199507,-1.6288215856655996,-1.102056799005546,0.9767492709795372,-0.400220868797844,-1.1942648664570388
2026-03-19,-1.2864350897005328,-1.4135639728005056,1.1574075404153645,0.9610526804151189,1.132858078928457,0.5893854195424956,1.514217388827554,1.2951652388955497,0.5543558760058406,-2.0528582166057605,-2.115568124345327,-1.5640390539930615,1.1817494516026272,0.044029914965538125,-1.2863471433251277
2026-03-20,-0.8484213078899395,-0.8776063704819409,2.1310276392991567,0.6619844922126614,1.3860852379491666,0.9299056157529174,0.8459842797631539,0.9282486831307616,0.08539159549063678,-1.9093468921567345,-2.392521149261158,-1.6258531226776451,0.8247389672127113,0.36353082828804756,-1.0936426937180015
2026-03-23,-0.31274820795243913,-1.0142607203385996,1.5459821705457715,1.1592509486379452,0.9386752242476293,1.0160884165482444,0.42606448821081255,1.0991267116576469,-0.5715075670599805,-1.5297507272641067,-2.040698827356013,-1.4636226576662736,1.3643558571256726,-0.32381633229624235,-1.1530505537498519
2026-03-24,0.13549796845162487,-0.7343602852458931,1.5987316672494853,1.3525042546123016,0.011979823572630324,2.0966218877512453,-2.047133383732898,1.050926613888962,-1.42562735453644,-1.6539239656710345,-1.644597474357164,-1.3674605688669181,0.6415816266092189,0.8994242955423257,-0.4146282265377453
2026-03-25,-0.0653867302733046,-0.5509291946116078,2.3060988257019903,1.8865786653160828,0.21175524680442542,1.6099843042575595,-2.095735043338136,0.8595352665953729,-0.6358218809037789,-1.819830767735372,-1.6221078661306325,-1.5379015746661917,-0.4672695744204814,1.4602530227661927,-0.3995661917267906
2026-03-26,1.956526836045239,-0.40144588163380224,1.831310849468072,1.5588701520506607,0.6434935271395682,2.761822199515362,-2.491623929578627,1.3227781014930677,-0.5987842242749076,-2.7555928614525618,-2.132109896747702,-1.6564438609968437,-0.43899871954597,2.24123905455569,-0.0637371640158742
2026-03-27,1.896952297927572,-0.2025286455400326,1.9984947191541322,1.1299913060155848,0.30428893237091054,2.027568306889484,-2.2068235424530873,1.8366053235418862,-0.7960359095133622,-2.3506324911868055,-2.119887336325164,-1.6107930957940515,-0.25581474468343174,2.15834088119804,0.19573785783263428
2026-03-30,1.4665886589251442,-0.15046929575875753,2.016248965852074,1.1382973826613159,0.4967218726479593,1.0450473738807868,-1.838702253089428,1.5950725607617753,-0.8324149160232757,-1.4924589220223283,-2.0569305854250155,-1.254190237434608,-0.5121797888867985,1.8371746434932053,-0.1603310013713324
2026-03-31,1.770762370274662,-0.2747371314347749,0.919328723185587,0.8268672057923077,0.11519855279256393,-0.11953725627467718,-0.9456484824086174,0.6990362781254891,-0.9949871150656451,-1.029384149998335,-1.2836444693358393,-0.6182614357437208,0.26473176816055866,1.1137895674109313,0.5125247572510351
2026-04-01,1.3753074755712589,-0.10117472824992278,0.9069085749807044,0.6806172916125768,0.6629425369779302,-0.5957974198880835,-0.1507942838965166,0.36390611664929573,0.6381176077304154,-1.0458917695636274,-0.9355643222549335,-0.8483759178066773,-0.3612769027595394,0.46061165053160036,-0.07262577748123207
2026-04-02,1.391083566271654,0.2660770328459774,0.9790667074560917,0.32022418316763984,0.651190296164319,-0.08863097585130204,-0.3385765802955749,0.8953360596890708,1.606836399036612,-1.1831818639029217,-0.7164180873350038,-1.0341418040247639,-1.1092697384415562,0.24327252589877432,-0.40771058315865716
2026-04-06,1.47989250114555,0.7244495188955068,1.0039175236077522,0.5260838106610279,0.3542816980004973,0.1908779761923736,-0.10830368499031869,0.2733730705035385,1.149791343113107,-1.3479622408414877,-0.3673350310844819,-0.9954286150884765,-0.9223842812421921,-0.23977078335430219,0.19526575380041705
2026-04-07,0.055471860895143055,0.7187165222250709,0.7756319873475596,0.9878566816016736,0.45792728205304817,0.01028976598398177,0.5257597511341284,0.11510814546784971,1.787696228041401,-1.1551174025447708,-0.0007739207468633327,-1.0003245736279558,-1.5714324500292136,-0.5468615512195919,-0.14817481891358023
2026-04-08,-0.502655722649625,1.2313449110284418,0.37426208945703443,1.1869650290987668,-0.894929314877244,-0.13384811525663295,0.6400719961006929,-1.6061794688275857,2.17830401193202,-0.7041084909760367,0.7159514443763871,-1.6209068145422465,-1.6675872367685642,0.11722244256945781,-0.0932643598632773
2026-04-09,-1.0188564628197037,0.3397743531256643,0.32825227764131837,3.351198913510715,-1.6285869371120036,-1.3213658139557376,0.3000739947210159,-2.4716000433082392,1.9682445644092146,-0.46253110822868504,1.4174173726130963,-1.46405403058139,-2.2011095316624245,0.2600454080930992,0.13706090388707842
2026-04-10,-0.8585980057435266,0.3286594202156867,0.34186261245507826,3.184015199874892,-2.7839986796648755,-1.94149673945228,0.16660585251969898,-2.6491167779898874,1.3006976994334338,-0.4022247112889814,1.2968844188749755,-0.6595205352106043,-2.005134828587979,0.635349343522848,-0.625600540251944
2026-04-13,-1.264227759290995,1.564022416843892,-0.4835478064917218,2.1419486044085514,-2.7382799026186544,-1.7142095455439963,0.37060374705090915,-2.3118507498905823,2.0264105615153896,-0.6103287692837956,0.8652859742949595,-1.8818345427071492,0.5367683813289303,0.7815303636928206,1.8240963878788947
2026-04-14,-1.8336157976399268,0.045048708572435724,-1.2975500976689933,2.2997960847184413,-2.84708329270868,-1.9679971414121329,0.9554733530574884,-2.1804654491723334,0.5226979395794127,-0.03546330953905781,1.289216296904081,-1.3930612626817211,1.1054151267588443,0.827467826380215,1.386382853106858
2026-04-15,-0.595326252464725,0.14889376114493083,-1.3147059758902948,1.5522745486695173,-2.3477102715972267,-1.8899291046889926,1.051463504278717,-2.0620556754218584,0.8604804707657323,0.038144432326224206,2.0159014011643244,-1.1942645123514815,1.0302963542174604,-0.026120407986416766,0.6690950198423544
2026-04-16,-1.1171147929990877,0.4167370367468671,-0.35173502260846484,1.2445077766165749,-1.7467478774509946,-1.1831744403644713,0.729439711108276,-1.5218163040147208,1.0924390617289508,-0.1620079300450013,1.8843371887051026,-2.862686870012841,1.1806022330598656,-0.1537252111472941,2.4449394221265273
2026-04-17,-0.760953659538955,-0.8241465966510001,-0.5729480134275299,0.7150134720192617,-1.1272671153895326,-1.073060865696569,0.8043361610077779,-1.417872170642464,0.5962396211012143,-0.3018888124335575,1.926843518709563,-1.856764475664933,0.8200707133709464,0.26986629451774563,2.5591157786585557
2026-04-20,-0.40369314586622745,-0.4191665571445097,-0.1941866952235136,0.31794392302630403,-0.5732940166279559,-0.5931612348679937,0.4679255822736742,-1.3910044606616938,0.08170003735853831,-1.1550535874005572,1.244683580383082,-1.0786329606505372,1.3411560661322337,0.8588677500347955,2.862227043511807
2026-04-21,-1.1321395249602726,-0.9249459082615727,0.4701388926281878,0.6026738966105125,-0.4371808898356736,0.21145406053938742,0.19189412852310694,-1.002235559171255,0.021878793059814224,-1.0344701872131772,1.3794932103491193,-1.8888165089183553,1.4027425808127774,0.002202132580181846,2.485122635767722
2026-04-22,-0.31136349893526916,0.6671666811704952,2.192851471667812,0.6614412746100107,-0.5084028190128549,-0.022819750460200742,0.37428866752037154,-1.4957392577811108,-1.0833584237568108,-1.4826994471693253,1.3317431943701552,-1.6803931495568658,1.520960302604018,-0.5986749681931505,2.158592016159384
2026-04-23,-0.920908125096587,2.0556334394258724,1.6523545957701196,0.3782324818335725,0.11795122025905265,-0.941000131412818,-0.04597923933635739,-1.7417429679208847,-1.7607722897509361,-2.9558098761214913,1.7312221705966093,-2.3631587806414247,2.227787097340439,-0.011652615523815057,3.694270347875157
2026-04-24,-1.4016717029828136,2.6308094433056315,1.873451280730058,0.5023772283029495,0.5845245919991932,-1.5252830576210938,-0.4258953478103873,-1.8564388005464005,1.378202661669675,-2.789603701950955,1.0174719781464647,-2.498273654105172,-1.3118089071167396,3.5093386613577406,2.299096313247821
2026-04-27,-1.5757682194957359,1.0976776834160664,0.004219421849222121,0.2220149673829372,1.1431755019304148,-1.7427381511092428,0.2638687598858423,-1.8063972304533815,1.5781908527480644,-2.1263853446009096,0.88785972178084,-1.0385955699994351,-1.5802676293458922,2.9033313262728915,1.6147970424425229
2026-04-28,-1.2023328225038363,1.0566153296963268,0.350827225406461,-0.009353749657982803,0.8251418578952203,-1.9090146891642548,0.1147748376173594,-1.4628130065719276,1.9175908356290938,-1.891531668620714,1.1592832742382868,-0.8752797608307817,-2.028105287683711,2.3442384749589134,1.2970845662037103
2026-04-29,-1.1389433378394787,1.8456162136273564,0.17294312829577452,0.07359270183387677,1.3516748483450123,-1.0532082033190984,-0.43273833720788973,-1.4661944822759085,2.608275337739236,-1.9363414685922409,0.6496059868826798,-2.0063482786913274,-2.0754025294194127,2.342798843174096,1.1685008006057802
2026-04-30,-1.5622505114826564,2.3553120038673137,0.9510707841392366,-0.4355080908605618,0.8857950787667205,-0.8130900387948685,3.3882612676446167,-1.0860240416187799,1.6416645511309025,-3.138934858951843,-1.248816534443441,-2.93906684754633,-1.9482184592776188,3.1314027037788086,1.184531262760035
2026-05-01,-0.33313174631962483,1.826620673227366,1.291307693928788,-0.6011229475255225,1.517680044087938,-0.8323094486926418,2.4166439016601795,-1.2730295649967571,2.02522558643541,-2.599894518192785,-1.37723679656698,-2.505192705240949,-1.0250799586738013,2.2890004798058987,1.1101756365344855
2026-05-04,-1.2178442334448696,1.7596207363452068,0.5449261143250096,0.036332570535649984,1.4194225994826126,-0.3838281320398584,1.9713518646322725,-1.4230803125799374,1.6076452814945275,-2.005657195974068,-1.5479325538944415,-1.887512858807622,-0.03232334541005437,1.6418407223121536,1.0609567882409965
2026-05-05,0.6297441369458959,1.6914374295780397,-0.18578953442236357,-0.7295280703049852,1.5092509681728827,-0.10911193212837374,1.6748223029546285,-1.4740967502651754,2.0167780662869403,-2.0279330919919136,-2.268569109929108,-2.232280201124634,-0.06807029291931282,2.0512106393412797,0.9249633734817904
2026-05-06,0.2518880931220279,1.3270600432176463,2.956568135546202,-2.298767367905911,1.0774289214621489,-1.8757643732608198,1.4747902965377284,-1.4210433521474568,1.3792851066114287,-1.9102364944859997,-1.961651985974778,-1.5480083831563851,0.6524892473041983,1.8009832408118385,0.7434924306978465
2026-05-07,0.3925883950783545,1.2476239757677003,1.7751390611728608,-2.49460670054801,1.0098223871726473,-1.5090694228843455,1.2649120160901208,-1.2199184083511574,0.9598644253666787,-1.5817370411304883,-1.5670164939454678,-0.9874771683572543,0.14583879071374187,1.764393413440515,0.7156476051339942
2026-05-08,0.8410507834972316,0.7890564477103206,2.1940643083619524,-2.6783156025997163,0.7362785979560567,-0.7337698264547236,0.3817789151938913,-1.101637029234188,1.2177472551073385,-1.475213966657925,-1.5527009307395365,-0.6635513648330319,0.37919917265903935,1.582108059176445,0.27550664200466035
2026-05-11,0.5488902481992469,0.3797307375536694,1.6678640126121664,-2.5969724542112345,0.6857604750673612,-0.10667961907727895,-0.6756597476221676,-1.1208093205268086,1.1426218127885006,-1.3477925174423284,-1.0873773908130797,-0.11263553327121684,0.5850865868280664,1.6447721568625002,0.27573029575604285
2026-05-12,1.6964504549693844,0.6830808279176119,1.7118268807728996,-2.2889627526809724,0.1592324896470625,0.8278898295426492,-0.08665252276573748,-0.6159530456460736,0.7871706444698305,-1.2466993111305085,-1.2318205097716517,-0.17498828272604416,0.14342945608859042,1.2475513892859833,0.01500570246397494
2026-05-13,1.8954393365910274,0.5867227182385455,0.800778204815631,-1.9627493822841142,-0.27521159856258853,1.5539977293658291,0.5298461024043541,-0.6031678414467111,0.21519160217804154,-1.0732050864287483,-1.2323757945070963,-0.09487306619231398,0.5321096449843954,1.1288241094833351,-0.012926688303799248
2026-05-14,1.0852723437220442,0.1521505498965184,0.36380838706909185,-2.1446498180009588,-0.48324750495414753,3.6519057161430606,0.0830398070272131,-0.4178849119192469,-0.5291269238125128,-0.9772089529404582,-1.0310153476729225,0.7702456174027145,0.7736236626227028,0.6998096913529765,-0.05198411431503638
2026-05-15,1.8571439371133958,0.6381250550103568,-0.17114395702789167,-1.8662930471321104,-0.8224640841570289,2.904577785851433,-3.916445098496025e-05,-0.9512678323206004,-0.8452793524097214,-0.7603482842288484,-0.2216450589776775,0.3686374693192828,0.1195176476265213,0.6352679204802361,0.18400305272930836
2026-05-18,1.3401053989714238,1.231170541842381,-0.24622907897035698,-1.5238333280333116,-0.16334784879271688,2.326336391545111,0.00048691311660331604,-0.8947626590892725,-0.8967820056675753,-0.5843030409205144,-0.18407897943745066,0.4594256376570526,-0.7360278193413975,0.553027049695691,0.3131580013302837
2026-05-19,1.7711777528278143,1.7571173694714064,-0.03668877892639571,-1.5492529436184173,0.14617166424643005,1.7419930308308398,-0.2971873530236133,-0.3777214278466603,-0.3512724879922237,-0.5357493047579442,-0.3695288097131626,0.5401187922407669,-0.9058246185208885,0.43887323558320906,0.4821565246330611
2026-05-20,1.6506762240548247,0.8882347932792487,0.47002915031919623,-1.3058930227700902,0.06811274401196377,1.3772332660657642,-0.7650174425319737,0.13320311887523759,-0.36425145564123346,-0.5463301293062595,-0.2824134087676768,0.5389875953008681,-0.4867083156433109,0.3487860030603997,0.2584324336467061
2026-05-21,1.6900268456713146,-2.818917351234472,0.14572434491924863,-1.0272043302504663,-3.019960649729547,1.4270079111183587,-1.1419941604330215,3.9210659867265725,-1.0193703409110997,-0.314844670894908,-0.7395801067014037,0.2815981074226061,-0.7012293618853641,0.363207859686107,0.32439712111947333
2026-05-22,1.8703614140689349,-2.581662690526808,0.12835830296419973,-1.166944520380583,-1.841021853435579,1.3486327731965195,-1.861437117008685,2.7547946493553876,-1.515093260167365,0.1568465099392852,-0.5678728588910755,0.08350086527114255,-0.4522837641210891,0.6565861666265803,2.0610668566149246
2026-05-26,1.4113069384758343,-2.348353035580586,0.7147063810017469,-1.2791504796095456,-0.9644456623326951,1.022172256985136,-1.683046451127073,2.1971299452523434,-1.6403269976147126,0.522023706169239,-0.3067411819777571,0.01931119344528679,-0.16370402352568714,0.6621682181159015,2.5636477917765284
2026-05-27,1.5921118778973897,-2.132618360432527,0.5196986725333866,-0.7735726007873946,-1.3496808421144972,0.9654194828006459,-1.420804678074053,2.191789562645152,-1.4607132856203837,1.2534786560890536,-1.3196104102852915,-0.6010591417622896,-0.7619346110131481,0.42160763702733034,1.3137329983224666
2026-05-28,1.313939686623315,-2.0604251981629056,0.8273947164669662,-0.7861612397530039,-2.4734786130764,0.7191541165406183,-1.5181936594343495,2.010534681216379,-1.6698788732492884,1.6257577311225615,0.10262426371012999,-0.5712357550481292,0.028905891715658067,0.5925061803629422,1.3440454714776606
2026-05-29,0.8877316850268447,-2.1144686350251742,1.2227852252375437,-0.9647061481111802,-2.4850624447637735,0.6594243542322025,-1.825353475011536,2.2526817246434,-1.705412100029655,1.4454672284076047,0.8979194665787996,-0.5706418977297323,1.0028602951865548,0.5735341873813097,2.5437296918333403
2026-06-01,-0.2326899262565324,-1.86668934530357,1.8886362711909055,-1.5421460310677666,-1.3893756855334936,0.589668915702083,-1.5426527813770834,2.119100339070655,-1.3921876673875213,-0.5608254388905969,-0.6195076280258286,1.5396503993329145,2.2254891598169095,-0.24924896420464607,2.617752699734133
2026-06-02,1.566065763804628,-1.89753466676559,1.6184440852482926,-1.800698927576944,-1.5738182599445265,0.9285281155640533,-2.105118298770906,2.178515696777826,-1.5881799893347623,0.13349687806088117,-2.3389857529242377,1.4384866028986327,2.1412660854556336,-0.10164141043423108,2.3713482667307053
2026-06-03,0.7291689108340084,-1.3163265518890734,2.0604099664790456,-2.118477823427046,-1.5925029176994887,0.7459817173075287,-1.904644905724832,1.5799503201399094,-1.1585941423476442,2.0653400012541314,-2.1479700041324556,0.5446635896384202,1.5388476115934244,0.5630684605653876,1.403481569257985
2026-06-04,0.6734603051985971,-1.011339474666551,1.0408109088139657,-1.8299933528331604,-1.7018544559143394,0.8604458106061486,-1.1795275155864529,1.316122368121987,-1.1995251817539367,1.543052270082087,-2.2126740389046544,0.5104040128305705,1.566089370987676,0.47842815735047217,1.0293433023436496
2026-06-05,1.3732146255005155,-0.8091522634079832,0.8831974845205943,-1.4227649442715624,-1.4303875429831536,0.2530052243000884,-0.33950880048260806,1.0345934047409597,-1.0094268171335403,1.092352958011451,-1.5607502122885617,-0.5734295132435188,0.8823937697770557,0.16793461789843367,0.01202459022337835
2026-06-08,-0.3815233505489728,-0.8420564697884169,1.3188123833738958,-1.4732343705284627,-1.1550444238974495,0.3036799072807699,-0.6356753921018973,0.9420371789504807,-0.06961224202510541,0.7097294644234853,-1.3963513980174385,0.1691117892325273,0.9311068541880687,-0.018773796045745417,-0.12656956642128064
2026-06-09,-2.462685053651151,-0.7206465616036375,1.335540657786889,-1.1917248131740492,-1.3996037241616144,-0.2196848544290527,-0.14817570659885013,0.9661924865656965,0.33661942346980434,0.63321982937282,-1.4189385650114963,0.15815832496762694,0.9629419006283778,0.3455674571130163,-0.48036635992615656
2026-06-10,-1.3250948557190003,-0.6422687759009527,1.1729614985069337,-1.214117118774998,-1.5586714761230032,-0.7445111635533397,-0.046257301779611605,0.8573176002846357,1.1576245768097724,0.5611436022814538,-1.137907949075634,-0.6385306075367242,1.0231705815755658,-0.3237439882560847,-0.9777106078849448
2026-06-11,-1.0635609559257568,-1.0919711983170188,1.1624201105096812,-1.047653054163115,-0.8290517610574633,-1.3953814499645145,-0.2098129419411757,1.0206659469771462,1.3721317613204584,0.28138796412345896,-0.804979755153836,0.16316044884219882,0.036332539550589966,-0.41411860143833606,-1.1088836247437603
2026-06-12,-2.0772883342735353,-1.7979119776818917,1.358936550626718,-1.3516248157977409,-0.1808877438707704,-1.6076896610148235,-0.10793612248710817,0.9827488884951369,1.7171917833195387,0.16322453454094546,-0.10132812303180927,0.3677990354090431,0.3331898161979192,0.232064452915802,-1.333805860823314
2026-06-15,-1.4589886677887518,-1.416115127322751,1.2895038144635609,-1.2426906334411747,-0.23893566508802716,-2.0102579298687724,-0.05582620789811419,0.7768123868324817,0.951025501244459,0.28621995892824664,0.23016502478584783,0.2200405056645629,0.4679753337780322,0.8215156885372406,-0.9581224671800057
2026-06-16,-0.47426412228785414,-1.1626374077984438,0.5460804504596832,-0.9167769768489589,-0.5831074946023768,-1.6720272961352245,0.6333691611417505,0.8569830089712198,0.23576317036788613,0.8928554263719176,-0.2728594603805173,-0.44458503008777417,0.2367457608086574,1.163937409558455,-1.1364403863711596
2026-06-17,-0.7365420803486968,-1.6189531065919327,1.0013821958063693,-1.1646976592234526,-0.6520243232988013,-1.8230149399472522,0.5134169425225309,0.8491571906405585,0.9872449826972098,0.11067473419407979,-0.3487582973765182,0.4909308822765636,0.7289458906228315,0.9813854620900174,-1.5635504522517323
2026-06-18,-0.9350667020366237,-1.2729157115126593,0.3900135868668169,-0.9280819286390501,-0.26816617285848,-1.5226864486804559,0.1955363301456554,0.4197247492208776,1.2226368880347236,-0.302213994629973,0.024905827624782797,0.7627954891762806,0.7477299625781929,1.340062909036989,-1.0871510301195304
2026-06-22,-0.8539569162722604,-0.7544536592346542,0.8411309921106304,-1.42636791920568,-0.09254755950356794,-1.3036396873384404,-0.7947890035841644,0.5382866048528275,1.688293396091187,0.7548290961940409,-0.3195432021854214,1.452878584928503,0.32724077979157695,-0.7585378155623149,-0.7292366992441432
2026-06-23,-0.777793750024175,-0.9040489423576834,1.1119135849719164,-0.7108863544807901,-0.15124678081689838,-0.9028072465525584,-0.616216299637743,1.0916920998584623,1.6920357048917816,1.0607428450307412,0.24272757043827986,0.2608197366037666,-1.165377663579276,-0.9348550872263377,-1.3016593742139126
2026-06-24,-0.7511604456231028,-0.503590115450323,1.4061964079910487,-0.43322480476036385,0.7242743367713987,-0.9439128360844994,-0.5082880305593644,1.2638343505716179,1.5692558159832357,0.9361930685631356,-0.4875683034400856,0.32938718760419866,-1.707544613326618,-1.1530571346962664,-1.2646034576901641
2026-06-25,-2.8857983321652037,-0.055086497701538235,2.2285890896284593,-0.6784736943106615,1.773730539088514,-1.066598624725443,0.10590951804188059,1.2758929317371885,1.5255144055209824,1.3832311196804639,-0.8183548403458611,0.7130096680481587,-1.638820601847116,0.14053858010546633,-0.9038889389462809
2026-06-26,-1.6623320321237378,0.15626753409210245,2.832875518780882,0.05567946156644915,2.15124386935381,-1.7773441379769357,-0.9137576470367506,1.6571434167647776,1.7535797741893422,0.9477662540501889,0.5813808573959152,-0.3874814404994822,-2.7025432021319715,0.4713732932234835,-1.1734852572061334
2026-06-29,-1.962247966936843,0.7720920092897,2.4336977172604217,1.2158790559125365,1.8495801077821725,-1.03811890612022,0.27891337671919997,2.042845585463138,1.5187277806195958,0.8894512345281104,-1.216405906169826,-0.896822596704714,-2.468279682381943,-0.006926397485729964,-1.242847850661973
2026-06-30,-1.1492803619560719,0.7173472242835597,2.4455575549034454,-0.1568173833645646,1.6484013113318017,-1.241030923978868,0.1818527891840014,2.009090853076898,1.438726557104972,0.42755950944118226,-0.21752398251243596,0.004795528667553406,-2.240281855153352,-2.034084417919249,-0.883499588593295
2026-07-01,-0.868582403136411,0.9283570474784464,1.7728200751670642,-1.0583375997586804,2.514633729891855,-1.0217299809705342,-0.40798439582343526,1.9404816628194967,1.0601827750807002,2.8731435942092998,-0.1559538786129629,-1.70594679793582,-2.387898031414741,0.3300811041701585,-0.27629422250325236
2026-07-02,0.9009720381135763,1.619042543773288,1.5221097903452103,-0.37641223717208927,2.0567804163114434,-1.694429752363457,-0.7573993798686481,1.5562983775211672,0.9273533823566953,0.24751055089400806,0.26677808394306796,-1.9366312747896217,-2.2019368265668664,1.0151070075390998,0.10207869962477502
2026-07-06,1.1187358428785286,1.364159254704109,1.5242907915170125,-0.9215377044864158,1.778207524750264,-1.7350473532750361,-0.5295858996008506,1.8929335316836013,0.46003914495824516,1.1676571202089638,-1.3151301430114755,-2.26459039439717,-1.8295524690322185,1.6158767745524258,0.643657172898925
2026-07-07,0.7211476217587217,1.2727988151471108,1.1618746899994212,-0.7092061981480176,1.7693783899389686,-1.6974631181510562,-0.40931526308244837,1.8126708813294536,-0.12224834627871013,1.6787570064536246,-2.0622761542930275,-1.0939988526698161,-1.6506406109528806,2.3120476995458565,0.7210381637642552
2026-07-08,1.132808318531331,1.4319311220840447,0.7152820647264319,-0.8730925126480323,1.331208707797456,-1.4287464453731082,-1.1160351851233448,1.45698924881988,-0.6892369906731285,1.155111600636667,-2.08868788354373,0.9760545775146241,-1.4845977183611663,1.9091516119005776,1.179203009130172
2026-07-09,1.0285703017777825,1.640681193865945,0.8489332811562109,-0.9842032945098338,0.7244932825624171,-0.5070541874369802,-2.2054243366836337,1.0050335315115866,-1.0903534093800598,2.1357245482318126,-1.923798071073977,-0.13160295938170455,-1.1772287441410962,1.6080414472019953,1.2834024908564639
2026-07-10,0.592372541504915,1.6355459224287017,0.8231335191007967,-2.353609555439565,1.0123353349971718,0.2654016172884384,-2.4904341461456285,0.4514748783595407,-1.5775168737606706,2.8496826827764576,-1.8654761246852716,1.654258012135291,-1.2202317258636748,1.120413244502541,1.2193989914699146
2026-07-13,0.6153328001983858,1.659823793664547,1.0737573875504052,-1.192164953210473,1.8384656847908523,0.3763446935189347,-2.3137508517606964,0.23805272314026554,-1.2678476333392528,1.8902717803589484,-1.4667705995773839,0.7855904504507525,-1.4737347633562181,1.767091758429128,1.138691228101048
2026-07-14,0.09677724762200417,1.6777424661961329,0.9877057376744258,-1.8813695881863386,2.6836272222168738,0.21724096297385628,-2.009236169061023,-2.7932009870319257,-1.063675744678377,1.5373791882417238,-0.028666306676810346,2.6651154834689477,-0.9811686170014149,0.448386695987272,-0.09379241773080214
2026-07-15,0.515280433165603,1.4042449277297817,0.644441831495916,-2.028651561017493,2.0054062829872685,-0.7842225743122886,-1.758982224677632,-2.5401701297381174,-1.149309866875694,1.017650260103539,0.34110511761309914,2.363948220963677,-0.47267285624262234,0.8558868793978351,-0.10151140842309622
2026-07-16,1.2059408609568514,1.7364848628169542,0.8798139335241486,-1.8167981820742738,1.8219956881987758,-0.9891567896166498,-2.2349205505666316,-2.0582279476860115,-0.8968733686500484,0.695312597444898,0.6578429444854108,1.9113642581128005,-0.8876919933894994,1.3645167036442802,0.5014002329326508
2026-07-17,1.3501474504261015,1.853566504457808,0.7674800316867344,-1.237444058826866,1.426794319891576,-0.2971450319129435,-2.131110642047894,-2.063469134205593,-1.0470329424550768,0.34475831200188,0.028674918001991234,1.3032839386077122,-0.5250257145213806,1.5786324434215047,-0.3775856525248219
2026-07-20,0.39690940594619717,1.44999475180223,0.9803308522002468,-0.7049779682237092,1.6593249695197676,-0.5757310224681351,-1.5991996349754163,-1.7640981382781544,-0.7101916093347787,0.09741332134156895,1.517800078909929,1.2628633497145056,-0.799482862694205,1.3335966876255514,-0.36509265062520835
2026-07-21,0.5430972703743064,1.01569172488165,1.2808116714539046,-0.9623607885105843,1.3521651156513046,-1.023176236239266,-1.737362652956244,-1.6273122211113114,-0.46477310368982006,0.21783857328231124,1.533747011508269,1.2991347408402414,-0.25427971756283774,0.5134307645369838,-0.6650573778776739
2026-07-22,0.5215635307562901,0.6326098017312061,1.294169016855669,-0.7274324477662558,0.8668177395887501,-1.1823371171917312,-1.6945758323363889,-1.4439613829087834,-1.0326391037837683,-0.1636568067975733,1.696376757453531,1.747940538876669,0.12505101077800365,0.4922423309381062,-1.0953869537373588
2026-07-23,0.729051467640254,0.34774507560836115,1.850036129574368,-0.6882003788945041,0.1277480774203125,-1.1713318287401093,-2.0720832804168645,-1.306931347762606,-0.9368050003119117,0.3741646070824587,1.9732658698908727,1.7592582239333399,0.2632001102347452,0.4599672759044771,-1.8009700397979522
2026-07-24,1.556035797806384,1.0621564900694944,2.0297320619822616,-0.9556523534761594,0.3395896067600274,-0.24220154157655407,-1.5548343949207275,-1.1585617827954733,-1.1525284668137914,-0.28905117959064924,0.7699573535954414,1.568947479439193,-0.5406158669186772,0.6390095905890553,-1.064724176404026
