Date,APA,COP,CVX,DVN,EOG,FANG,HAL,KMI,MPC,OXY,PSX,SLB,VLO,WMB,XOM
2017-01-03,49.65028381347656,37.36405563354492,78.07002258300781,32.82231903076172,75.1046142578125,78.50103759765625,46.25706481933594,13.048951148986816,39.590232849121094,55.88527297973633,60.19784927368164,64.76033020019531,48.45568084716797,19.169919967651367,59.529239654541016
2017-01-04,49.50236511230469,37.71104431152344,78.0501480102539,33.115108489990234,75.16263580322266,78.74435424804688,46.431522369384766,13.115374565124512,38.326168060302734,55.274391174316406,60.523860931396484,65.24143981933594,46.71479797363281,19.108991622924805,58.87427520751953
2017-01-05,49.237693786621094,37.60029220581055,77.71232604980469,34.16782760620117,75.56881713867188,78.82036590576172,46.69735336303711,13.097258567810059,38.18404769897461,54.60935974121094,60.16316604614258,65.14217376708984,46.57029724121094,19.340538024902344,57.99662780761719
2017-01-06,49.13649368286133,37.460025787353516,77.40093231201172,33.9307975769043,76.31596374511719,78.81278991699219,47.07120895385742,13.169716835021973,37.6754264831543,54.96507263183594,59.23373031616211,66.04331970214844,45.86843490600586,19.754892349243164,57.96388626098633
2017-01-09,48.544864654541016,36.662689208984375,76.73851013183594,32.473731994628906,74.7274169921875,77.1173095703125,46.581050872802734,13.06706428527832,36.9947624206543,54.501094818115234,58.27656936645508,65.50108337402344,45.66888427734375,19.45630645751953,57.007633209228516
2017-01-10,48.9418830871582,36.662689208984375,76.1555404663086,32.55738830566406,75.00306701660156,78.09049224853516,45.39305877685547,13.024795532226562,36.62826156616211,53.62728500366211,58.09624099731445,64.60755920410156,45.77898406982422,17.36626625061035,56.280643463134766
2017-01-11,49.64250183105469,37.814388275146484,76.79814147949219,33.04540252685547,76.1056137084961,79.00286865234375,46.01612854003906,13.248218536376953,37.14436721801758,53.62728500366211,58.880008697509766,65.41707611083984,46.15745162963867,17.536884307861328,56.857017517089844
2017-01-12,49.05864334106445,37.02444839477539,76.95047760009766,32.39006423950195,76.55461120605469,78.74435424804688,45.8416748046875,13.399174690246582,36.83770751953125,53.37983322143555,58.498531341552734,65.16505432128906,45.7721061706543,17.488134384155273,56.549171447753906
2017-01-13,48.87181854248047,37.34928894042969,77.09620666503906,32.3552131652832,76.56912231445312,77.06409454345703,45.30997848510742,13.538061141967773,36.186954498291016,53.41849899291992,57.77024841308594,64.77558898925781,45.68266296386719,17.402828216552734,56.55571746826172
2017-01-17,49.12092208862305,37.02444839477539,77.02996826171875,32.40401077270508,76.634521484375,76.36459350585938,45.700443267822266,13.616554260253906,36.44874572753906,53.921142578125,57.95751953125,66.00511169433594,45.5450325012207,17.329702377319336,57.21723175048828
2017-01-18,49.167816162109375,37.113037109375,76.80474853515625,32.32037353515625,76.57640075683594,76.42539978027344,45.800140380859375,13.55013656616211,36.575904846191406,53.60408401489258,58.35286331176758,66.8070068359375,45.93036651611328,17.26877212524414,56.5098876953125
2017-01-19,48.62855911254883,36.81034469604492,76.56625366210938,32.13211441040039,76.423828125,77.74835968017578,45.974605560302734,13.568248748779297,36.179481506347656,53.14786148071289,57.56215286254883,66.59317779541016,45.462467193603516,17.335800170898438,55.49469757080078
2017-01-20,48.30811309814453,37.4526481628418,76.57950592041016,32.250648498535156,76.62726593017578,78.39459991455078,46.89674377441406,13.580327987670898,36.47118377685547,53.03958511352539,57.59682846069336,66.05094146728516,45.57943344116211,17.18955421447754,56.25445556640625
2017-01-23,47.49528884887695,36.86940383911133,76.44039154052734,31.811426162719727,75.16692352294922,77.69511413574219,45.525978088378906,13.368983268737793,36.44126892089844,52.575618743896484,57.01419448852539,64.35556030273438,45.586334228515625,17.18955421447754,55.65189743041992
2017-01-24,47.64377975463867,37.113037109375,77.08961486816406,32.4807014465332,75.32675170898438,78.87358856201172,47.03798294067383,13.65882682800293,37.465999603271484,52.48283767700195,58.394474029541016,64.59231567382812,46.69416809082031,17.35407829284668,55.7304801940918
2017-01-25,48.01111602783203,37.42311096191406,77.66593170166016,32.39006423950195,75.48660278320312,79.92281341552734,47.694278717041016,13.646751403808594,37.15184020996094,52.683868408203125,58.956302642822266,65.30254364013672,47.01754379272461,17.555160522460938,55.894222259521484
2017-01-26,48.8864631652832,37.378807067871094,77.20884704589844,32.87112045288086,75.84260559082031,81.12408447265625,48.234275817871094,13.538061141967773,36.97981262207031,53.00865173339844,58.42916488647461,64.82141876220703,46.356998443603516,17.652658462524414,56.06449508666992
2017-01-27,48.51913070678711,36.49287796020508,75.38047790527344,32.51555633544922,74.76006317138672,81.1088638305664,48.358890533447266,13.513901710510254,36.710540771484375,53.31796646118164,57.40957260131836,64.53123474121094,46.315704345703125,17.36626625061035,56.00556564331055
2017-01-30,46.85441207885742,35.053253173828125,74.07543182373047,31.4210147857666,73.52497100830078,77.93080139160156,46.92167663574219,13.346920013427734,36.1719970703125,52.49055099487305,57.104373931884766,63.85153579711914,46.948753356933594,17.165185928344727,55.5798454284668
2017-01-31,46.7528190612793,35.99823760986328,73.76408386230469,31.74868392944336,73.80105590820312,79.9608154296875,46.996437072753906,13.565523147583008,35.940128326416016,52.405487060546875,56.61192321777344,63.927921295166016,45.2491569519043,17.573442459106445,54.944522857666016
2017-02-01,45.158424377441406,35.80629348754883,73.5322036743164,31.74868392944336,73.3796615600586,80.40940856933594,46.71397399902344,13.498724937438965,35.68582534790039,52.28177261352539,56.008487701416016,63.51551818847656,44.980796813964844,17.26267433166504,54.32231903076172
2017-02-02,46.1822624206543,35.946571350097656,74.33380126953125,31.825376510620117,72.44242095947266,79.55025482177734,46.76382827758789,13.753765106201172,35.82792663574219,52.970001220703125,56.216583251953125,62.95805358886719,45.015193939208984,17.451570510864258,54.65635299682617
2017-02-03,46.612117767333984,37.23115539550781,75.23471069335938,32.62013244628906,73.33607482910156,79.39059448242188,47.00474548339844,13.929862976074219,36.02241134643555,53.49581527709961,55.45360565185547,63.00386047363281,45.07713317871094,17.603910446166992,54.71529006958008
2017-02-06,45.22876739501953,36.98014831542969,74.8438720703125,31.560457229614258,72.43516540527344,80.16610717773438,46.60598373413086,13.662677764892578,36.179481506347656,52.73027801513672,54.89179229736328,62.385276794433594,44.80189514160156,17.78061866760254,54.564659118652344
2017-02-07,44.57225799560547,36.48550796508789,73.79058837890625,30.77266502380371,70.61158752441406,76.12129974365234,45.59244155883789,13.431928634643555,35.85036849975586,51.67087173461914,54.48255920410156,61.911773681640625,45.028961181640625,17.384544372558594,54.21100616455078
2017-02-08,44.494102478027344,36.61840057373047,73.91645812988281,30.716890335083008,71.30179595947266,76.45584869384766,46.057674407958984,13.608026504516602,36.74045944213867,51.63221740722656,54.69757080078125,61.949981689453125,46.15745162963867,17.24439811706543,53.854068756103516
2017-02-09,44.486289978027344,36.773433685302734,74.36691284179688,31.197921752929688,72.51509857177734,79.01805877685547,47.08782958984375,13.589808464050293,37.346317291259766,52.73027801513672,54.968082427978516,62.01871109008789,46.52901840209961,17.4698543548584,54.09200668334961
2017-02-10,44.845794677734375,37.215049743652344,74.89024353027344,31.658039093017578,73.69933319091797,79.67191314697266,46.63090515136719,13.650535583496094,37.50339126586914,52.946800231933594,55.39116668701172,62.74420928955078,46.42579650878906,17.329702377319336,54.54145812988281
2017-02-13,44.689483642578125,36.88847732543945,75.45997619628906,31.553476333618164,72.90742492675781,79.29934692382812,46.788753509521484,13.693038940429688,37.60811233520508,52.11164093017578,55.418941497802734,62.86714553833008,46.61351776123047,17.695310592651367,54.858699798583984
2017-02-14,43.37647247314453,37.215049743652344,75.25262451171875,32.02754592895508,73.54676818847656,81.86919403076172,46.971519470214844,13.686969757080078,38.3916015625,51.93379211425781,55.47441864013672,63.358890533447266,47.01681900024414,17.603910446166992,54.739742279052734
2017-02-15,43.446815490722656,36.6361083984375,75.28607940673828,30.83539581298828,73.19802856445312,85.03202056884766,46.33181381225586,13.523015975952148,38.150535583496094,51.97246551513672,55.543766021728516,62.81334686279297,47.11415481567383,17.664840698242188,54.96445083618164
2017-02-16,43.18108367919922,35.87904739379883,74.02207946777344,30.751741409301758,72.77664947509766,82.88036346435547,45.118900299072266,13.231544494628906,37.638248443603516,51.37702560424805,54.879638671875,62.336978912353516,46.307586669921875,17.05550193786621,54.396053314208984
2017-02-17,43.32957458496094,35.262996673583984,73.78797912597656,30.793575286865234,71.94839477539062,81.83116149902344,44.620445251464844,13.219401359558105,37.68344497680664,51.24556350708008,54.99147415161133,61.96815490722656,45.535804748535156,17.18346405029297,54.03914260864258
2017-02-21,43.68128967285156,35.72317886352539,74.71759796142578,31.4140567779541,72.26811218261719,81.23049926757812,44.72844314575195,13.35299301147461,37.95465850830078,51.79460144042969,55.25014114379883,61.9912223815918,46.07814407348633,17.59172248840332,54.12504959106445
2017-02-22,42.915348052978516,34.958683013916016,73.82141876220703,30.507726669311523,70.8586196899414,77.57345581054688,44.08046340942383,13.061522483825684,37.52523422241211,50.96719741821289,54.79572677612305,61.23820877075195,45.89736557006836,17.061594009399414,53.49055099487305
2017-02-23,41.40695571899414,35.10714340209961,74.24943542480469,30.668092727661133,70.88765716552734,76.75995635986328,44.18843460083008,13.07973575592041,37.93205261230469,50.45681381225586,54.95653533935547,61.82986831665039,46.6065788269043,17.226116180419922,54.0523567199707
2017-02-24,41.743019104003906,34.91415786743164,73.64753723144531,29.84542465209961,69.96495819091797,76.34180450439453,43.9225959777832,12.897566795349121,37.69097900390625,50.17844772338867,54.55104064941406,61.583980560302734,46.39104461669922,17.043312072753906,53.58969497680664
2017-02-27,41.367862701416016,35.15167236328125,74.7376480102539,30.019729614257812,71.13469696044922,77.2845687866211,44.34775161743164,12.994726181030273,38.240928649902344,50.6269416809082,55.131290435791016,62.2831916809082,46.75260543823242,17.152997970581055,53.89372253417969
2017-02-28,41.10214614868164,35.30754089355469,75.23926544189453,30.2288818359375,70.46627044677734,76.68392944335938,44.564483642578125,12.940074920654297,37.367034912109375,50.68880844116211,54.66291427612305,61.74530792236328,47.24626159667969,17.26877212524414,53.748321533203125
2017-03-01,41.38351058959961,36.406028747558594,76.16220092773438,31.114267349243164,72.68946075439453,80.37139129638672,45.598148345947266,13.219401359558105,38.41421127319336,51.222373962402344,55.48783874511719,63.212894439697266,47.61477279663086,17.542970657348633,54.87193298339844
2017-03-02,40.578495025634766,35.782554626464844,75.814453125,30.30555534362793,71.54153442382812,78.9344253540039,44.90625,13.267980575561523,38.451873779296875,50.650146484375,54.76077651977539,62.19865036010742,46.20329666137695,17.695310592651367,55.05698776245117
2017-03-03,40.711360931396484,35.493099212646484,75.94148254394531,30.221900939941406,71.61418151855469,78.75194549560547,44.90625,13.207260131835938,38.62515640258789,50.15523910522461,54.76777267456055,62.006587982177734,45.946041107177734,18.06700897216797,54.50179672241211
2017-03-06,40.78951644897461,35.86420440673828,75.68736267089844,30.633224487304688,72.70398712158203,79.04086303710938,44.84790802001953,13.21332836151123,38.53474807739258,50.05472183227539,55.033424377441406,62.02193069458008,46.19634246826172,18.176692962646484,54.746341705322266
2017-03-07,40.07829666137695,35.41887664794922,74.77781677246094,30.368303298950195,72.31169128417969,79.51225280761719,44.15602111816406,13.134389877319336,37.7813835144043,50.03150939941406,54.16654586791992,61.43031692504883,45.626190185546875,17.926864624023438,54.54145812988281
2017-03-08,38.616790771484375,34.07545852661133,73.30645751953125,28.388362884521484,68.89696502685547,75.84757995605469,42.755558013916016,12.927927017211914,37.83412170410156,48.56046676635742,54.00574493408203,60.00884246826172,46.495323181152344,17.575960159301758,53.55662536621094
2017-03-09,39.57030487060547,34.49850845336914,73.59403991699219,28.423227310180664,69.529052734375,77.15533447265625,42.42212677001953,12.915785789489746,37.12596130371094,48.90474319458008,53.71910858154297,60.46985626220703,46.22416687011719,17.76064109802246,53.97964096069336
2017-03-10,39.25766372680664,33.89731979370117,73.97522735595703,28.067670822143555,68.8678970336914,77.14009094238281,42.43879318237305,13.055445671081543,37.57044219970703,48.982994079589844,55.131290435791016,60.46219253540039,46.2867431640625,17.803741455078125,53.93999481201172
2017-03-13,39.202964782714844,34.02349090576172,73.13256072998047,28.598304748535156,68.9841537475586,76.988037109375,42.413787841796875,13.061522483825684,38.41421127319336,49.202091217041016,55.236167907714844,60.38532638549805,47.04462432861328,17.76064109802246,53.81440353393555
2017-03-14,39.33582305908203,33.35548400878906,71.80167388916016,27.94200325012207,68.72261047363281,74.77558135986328,41.513484954833984,12.776122093200684,37.67591094970703,49.3272819519043,54.8866081237793,60.22395324707031,46.891658782958984,17.305082321166992,53.53019714355469
2017-03-15,39.91416931152344,34.02349090576172,72.81822204589844,28.71001625061035,70.51714324951172,78.25013732910156,42.963951110839844,13.152606010437012,38.843624114990234,50.90788650512695,56.03314971923828,61.66079330444336,47.78860092163086,17.75448989868164,54.197750091552734
2017-03-16,39.9219856262207,34.02349090576172,72.13607025146484,28.43073272705078,69.62351989746094,78.64549255371094,42.447120666503906,13.091879844665527,38.55735778808594,49.937618255615234,55.711544036865234,61.19980239868164,47.663448333740234,17.62520980834961,54.24401092529297
2017-03-17,40.031402587890625,33.91215133666992,72.01567077636719,28.30506706237793,70.05941009521484,79.59589385986328,42.33041000366211,12.921855926513672,38.26353073120117,50.14888381958008,55.886356353759766,61.12297058105469,47.90681838989258,17.588272094726562,54.197750091552734
2017-03-20,39.80474853515625,34.0383415222168,72.00230407714844,28.30506706237793,69.90686798095703,78.85079956054688,42.21369934082031,12.867205619812012,38.04505920410156,49.81243133544922,55.51582717895508,60.638912200927734,47.64955139160156,17.69292640686035,54.197750091552734
2017-03-21,39.3123779296875,33.533634185791016,72.2564468383789,27.788389205932617,68.67899322509766,77.64189147949219,41.80525207519531,12.715399742126465,37.11088180541992,49.57768249511719,54.949527740478516,60.46219253540039,46.69001770019531,17.458995819091797,54.08539581298828
2017-03-22,39.49994659423828,33.14024353027344,72.49054718017578,27.467226028442383,68.76617431640625,76.91962432861328,41.53849792480469,12.739686012268066,37.34443283081055,49.695045471191406,55.110347747802734,60.22395324707031,46.982051849365234,17.508237838745117,54.03914260864258
2017-03-23,39.14824676513672,33.014068603515625,72.14275360107422,27.292678833007812,68.8824234008789,75.72593688964844,41.4384651184082,12.842920303344727,37.141021728515625,49.3272819519043,54.865638732910156,59.678466796875,46.65525817871094,17.48361587524414,54.105224609375
2017-03-24,39.2654914855957,32.73202133178711,72.22300720214844,27.090194702148438,68.91876983642578,75.82479858398438,41.188385009765625,12.842920303344727,36.81707000732422,49.1629638671875,54.01972198486328,59.132911682128906,45.73745346069336,17.662147521972656,53.688819885253906
2017-03-27,38.85907745361328,32.873050689697266,71.0793685913086,27.14604949951172,67.84349822998047,75.22416687011719,39.82960891723633,12.770051002502441,36.78693389892578,49.19426345825195,54.00574493408203,59.179019927978516,46.050323486328125,17.6436710357666,53.70204544067383
2017-03-28,40.031402587890625,33.68208312988281,71.67460632324219,27.6627197265625,69.231201171875,76.96524810791016,40.02967834472656,13.006868362426758,36.937618255615234,49.60898971557617,54.474151611328125,60.17018127441406,46.092037200927734,17.6005802154541,54.09200668334961
2017-03-29,41.563262939453125,34.10514831542969,72.27651977539062,28.77983856201172,70.47355651855469,78.43260955810547,41.03000259399414,13.000799179077148,38.08272933959961,49.90631866455078,54.753787994384766,60.446800231933594,46.68305969238281,18.06229591369629,54.210968017578125
2017-03-30,40.711360931396484,37.111141204833984,72.08255767822266,28.940427780151367,70.59705352783203,78.06005859375,40.863277435302734,13.01294231414795,37.77384948730469,50.289730072021484,54.94255065917969,59.8090705871582,46.050323486328125,17.889921188354492,55.32136535644531
2017-03-31,40.16426086425781,37.014652252197266,71.80838012695312,29.128948211669922,70.87313079833984,78.8583984375,41.02165603637695,13.201183319091797,38.0751953125,49.57768249511719,55.38298034667969,60.00884246826172,46.092037200927734,18.216203689575195,54.204376220703125
2017-04-03,39.89072036743164,36.702911376953125,72.0959243774414,29.345382690429688,70.4444580078125,79.132080078125,41.080013275146484,13.110097885131836,37.62317657470703,49.87501525878906,54.732810974121094,59.70147705078125,46.050323486328125,18.37010955810547,54.24401092529297
2017-04-04,40.5550537109375,36.91073226928711,72.67109680175781,29.666561126708984,71.3817367553711,81.17729949951172,41.30510330200195,13.140457153320312,37.894386291503906,50.08629608154297,54.8306999206543,60.093360900878906,45.75830078125,18.41935920715332,54.442317962646484
2017-04-05,40.40656280517578,36.450565338134766,72.65773010253906,28.98931312561035,70.89492797851562,78.26537322998047,41.55517578125,13.037230491638184,37.24649429321289,49.63245391845703,54.229469299316406,60.16252517700195,45.2576789855957,18.25929832458496,54.54805374145508
2017-04-06,41.39130783081055,36.97011184692383,73.09244537353516,29.93885040283203,71.23639678955078,79.5806655883789,41.80525207519531,13.207260131835938,37.54783248901367,49.515079498291016,53.747066497802734,60.40838623046875,45.243770599365234,18.622514724731445,54.86530303955078
2017-04-07,41.141204833984375,36.76971435546875,72.80487060546875,29.701465606689453,70.73509216308594,79.36017608642578,41.41345977783203,13.091879844665527,37.68344497680664,49.28816223144531,53.93584442138672,60.18558120727539,45.5914306640625,18.684078216552734,54.700077056884766
2017-04-10,42.196319580078125,37.222476959228516,73.18605041503906,30.064533233642578,71.61418151855469,79.54264831542969,41.65520477294922,13.207260131835938,37.77384948730469,50.18800735473633,54.565025329589844,60.4775390625,45.43845748901367,18.788728713989258,54.94462585449219
2017-04-11,42.10251998901367,37.222476959228516,72.87841033935547,29.6875057220459,71.23430633544922,80.56147003173828,41.68854522705078,13.122241973876953,37.99232482910156,50.84528350830078,54.44618225097656,61.19980239868164,45.633140563964844,18.690237045288086,54.75295639038086
2017-04-12,42.05563735961914,36.695491790771484,72.87841033935547,29.23366355895996,70.95045471191406,80.83515930175781,41.121700286865234,13.152606010437012,37.62317657470703,50.90788650512695,54.096614837646484,61.13833236694336,45.28548812866211,18.702545166015625,54.83888244628906
2017-04-13,40.93021011352539,36.08686828613281,70.95896911621094,28.38185691833496,69.6041030883789,79.86199188232422,40.329776763916016,12.988653182983398,37.095821380615234,50.14888381958008,53.60025405883789,60.047279357910156,44.972599029541016,18.50554847717285,53.99286651611328
2017-04-17,41.031795501708984,36.33181381225586,71.00582122802734,28.633228302001953,69.67687225341797,79.9380111694336,40.71322250366211,12.9765043258667,37.59303665161133,50.10194396972656,53.837974548339844,60.116416931152344,45.327205657958984,18.579418182373047,53.920166015625
2017-04-18,39.42960739135742,36.13882827758789,70.67809295654297,28.29807472229004,69.01459503173828,78.43260955810547,40.454811096191406,12.848989486694336,36.86980438232422,49.06124496459961,53.08292770385742,59.878211975097656,44.60408020019531,18.727169036865234,53.569854736328125
2017-04-19,38.63630676269531,35.62668991088867,69.7083511352539,27.404382705688477,67.89383697509766,76.4482192993164,39.537845611572266,12.739686012268066,36.30478286743164,48.48220443725586,52.66345977783203,58.76410675048828,44.14518356323242,18.610200881958008,53.19972229003906
2017-04-20,38.502777099609375,35.589599609375,70.14305877685547,27.718576431274414,67.90109252929688,76.23534393310547,39.75458908081055,12.581809043884277,36.568458557128906,48.458736419677734,52.95708465576172,58.78718185424805,44.5693244934082,18.628665924072266,53.54341506958008
2017-04-21,38.502777099609375,35.433719635009766,70.1497573852539,27.739519119262695,68.10488891601562,76.99565887451172,39.22941589355469,12.308557510375977,36.58352279663086,48.40396499633789,53.376548767089844,57.50397491455078,45.35502243041992,18.47476577758789,53.331912994384766
2017-04-24,38.28284454345703,35.559898376464844,70.84529876708984,27.802356719970703,68.22130584716797,77.36821746826172,38.97099304199219,12.527154922485352,37.8115234375,48.56828308105469,54.18752670288086,56.93540954589844,46.4605598449707,18.456296920776367,53.6095085144043
2017-04-25,39.4688835144043,36.213043212890625,71.38033294677734,28.33997344970703,69.3348159790039,79.0484619140625,39.19607925415039,12.691108703613281,37.69097900390625,48.90474319458008,54.58601379394531,56.92772674560547,45.7722053527832,18.96725845336914,54.0192985534668
2017-04-26,39.28036880493164,35.87904739379883,70.94561767578125,28.33997344970703,68.63614654541016,78.47061157226562,39.17106628417969,12.703253746032715,37.367034912109375,48.8499755859375,54.60697937011719,56.94309616088867,45.125579833984375,18.948793411254883,53.80119323730469
2017-04-27,37.952964782714844,35.522796630859375,70.53765869140625,27.474199295043945,67.68276977539062,76.37220001220703,38.67924118041992,12.596348762512207,38.436798095703125,48.1379280090332,54.565025329589844,55.96725845336914,45.417606353759766,18.930328369140625,53.70865249633789
2017-04-28,38.204307556152344,35.559898376464844,71.36027526855469,27.57195281982422,67.31887817382812,75.90840911865234,38.245758056640625,12.602457046508789,38.37653350830078,48.15357208251953,55.62067413330078,55.77517318725586,44.923927307128906,18.8564453125,53.9664192199707
2017-05-01,38.32211685180664,35.24073791503906,70.83860778808594,27.44628143310547,66.9768295288086,75.2393569946289,38.15406036376953,12.547479629516602,38.31627655029297,47.590187072753906,55.62067413330078,55.552364349365234,44.75010299682617,18.961105346679688,54.237422943115234
2017-05-02,38.07078170776367,34.661808013916016,70.46407318115234,27.125104904174805,66.86039733886719,74.79837799072266,37.762264251708984,12.492501258850098,38.738162994384766,46.979854583740234,55.41094970703125,54.89925765991211,44.84048843383789,18.6717586517334,54.23081588745117
2017-05-03,38.32997131347656,34.94385528564453,71.3736343383789,26.65033531188965,66.78033447265625,76.24295043945312,37.7205810546875,12.388651847839355,38.60256576538086,47.081581115722656,55.641658782958984,54.96072006225586,45.125579833984375,18.90570068359375,54.660438537597656
2017-05-04,37.62307357788086,34.08287048339844,70.09623718261719,25.81947135925293,64.48056030273438,72.38823699951172,37.17875289916992,12.070995330810547,37.33689498901367,45.39926528930664,54.697845458984375,54.50741195678711,44.75706481933594,18.179264068603516,53.959815979003906
2017-05-05,38.714839935302734,34.71376419067383,70.75167846679688,26.54559898376465,66.1399154663086,75.76396942138672,37.995689392089844,12.33366870880127,38.16560745239258,47.26154708862305,55.473873138427734,55.29881286621094,45.431495666503906,18.622514724731445,54.210968017578125
2017-05-08,39.4688835144043,34.98096466064453,71.3469009399414,26.64334487915039,66.72938537597656,76.50146484375,37.81229019165039,12.309235572814941,38.67790222167969,47.418052673339844,55.676597595214844,55.49089813232422,45.96689224243164,18.8564453125,54.78599166870117
2017-05-09,39.6259651184082,34.3426513671875,70.27681732177734,26.454833984375,66.69300079345703,75.74116516113281,37.53718948364258,12.156516075134277,38.76829528808594,46.85466384887695,55.64863204956055,55.536991119384766,46.328460693359375,18.50554847717285,54.40264892578125
2017-05-10,40.2229118347168,35.33722686767578,71.22647857666016,26.908662796020508,68.80352783203125,77.83958435058594,38.18739318847656,12.33366870880127,39.43125915527344,47.9892578125,55.75349044799805,55.8366584777832,46.36322021484375,18.936479568481445,54.64950942993164
2017-05-11,40.112945556640625,35.39320755004883,71.03255462646484,26.49672508239746,68.61431121826172,77.07928466796875,38.02068328857422,12.284802436828613,39.559329986572266,47.78580856323242,55.59270477294922,55.15279769897461,46.13377380371094,18.634824752807617,55.11655044555664
2017-05-12,40.411415100097656,35.05734634399414,70.86534881591797,26.43388557434082,68.91999053955078,77.4746322631836,37.62889862060547,12.16262435913086,39.679866790771484,47.62930679321289,55.7814826965332,54.56885528564453,46.182437896728516,18.665605545043945,55.07650375366211
2017-05-15,40.034400939941406,35.408138275146484,71.46058654785156,26.64334487915039,68.94184112548828,78.52384185791016,38.77092361450195,12.156516075134277,40.195682525634766,47.973602294921875,56.012168884277344,55.321876525878906,46.06297302246094,18.948793411254883,55.24332046508789
2017-05-16,40.034400939941406,35.1767578125,71.72810363769531,26.475780487060547,68.2868423461914,79.04086303710938,38.996002197265625,12.095425605773926,39.80881881713867,47.36326217651367,55.391536712646484,54.8377799987793,45.353233337402344,18.85029411315918,55.07650375366211
2017-05-17,39.4217529296875,34.639373779296875,70.7349853515625,26.077800750732422,67.6463851928711,77.39100646972656,38.62921905517578,11.9121675491333,39.482643127441406,47.159820556640625,54.777950286865234,54.545806884765625,44.833221435546875,18.524005889892578,54.702884674072266
2017-05-18,39.20968246459961,34.64683151245117,71.0525131225586,25.763614654541016,66.72938537597656,77.26175689697266,38.82929611206055,11.881616592407227,39.399208068847656,47.17546844482422,54.693336486816406,54.883880615234375,44.65052032470703,18.407041549682617,54.542755126953125
2017-05-19,40.183631896972656,35.43798065185547,71.96455383300781,26.803926467895508,68.27227020263672,78.40219116210938,39.82960891723633,11.924383163452148,40.036380767822266,47.449344635009766,55.187015533447266,55.12976837158203,44.882415771484375,18.591732025146484,54.662872314453125
2017-05-22,39.288230895996094,35.02747344970703,71.69432067871094,26.587488174438477,67.76284790039062,77.74075317382812,39.2794303894043,11.91827392578125,40.18808364868164,47.410221099853516,55.39860534667969,55.23733901977539,44.861328125,18.616357803344727,54.903038024902344
2017-05-23,39.272525787353516,34.90060806274414,71.79564666748047,26.405956268310547,67.34071350097656,76.52425384521484,39.6795539855957,11.924383163452148,40.263954162597656,48.169219970703125,55.109458923339844,55.39101028442383,45.05809783935547,18.770263671875,55.09653091430664
2017-05-24,39.170406341552734,34.83342361450195,71.76188659667969,25.92420196533203,67.44259643554688,75.55107879638672,39.77125930786133,11.832748413085938,40.301876068115234,47.856231689453125,55.20817947387695,54.83010482788086,44.84025573730469,18.6409854888916,54.903038024902344
2017-05-25,37.473838806152344,33.62430191040039,71.01197052001953,24.946720123291016,66.2417984008789,75.74874877929688,37.85396957397461,11.86329460144043,39.78606414794922,47.50409698486328,54.60163497924805,53.31643295288086,44.40456008911133,18.382423400878906,54.542755126953125
2017-05-26,37.850852966308594,33.848201751708984,70.74846649169922,25.00955581665039,66.38733673095703,74.82120513916016,38.14573669433594,11.759448051452637,40.06672286987305,47.731040954589844,54.615760803222656,53.85428237915039,43.88456726074219,18.277767181396484,54.409332275390625
2017-05-30,37.35601806640625,33.43022918701172,70.30258178710938,24.080951690673828,65.22289276123047,71.68115234375,37.637237548828125,11.252412796020508,39.763309478759766,47.04246520996094,54.30542755126953,53.196475982666016,43.63157653808594,17.662147521972656,54.109066009521484
2017-05-31,36.72766876220703,33.3556022644043,69.91072082519531,23.72486686706543,65.72506713867188,70.5254898071289,37.67058181762695,11.460113525390625,39.47505569458008,46.111324310302734,53.67775344848633,53.85427474975586,43.19589614868164,17.606735229492188,53.70878219604492
2017-06-01,37.151790618896484,33.48247528076172,70.44447326660156,23.927356719970703,65.7905502319336,71.44544219970703,37.92064666748047,11.600619316101074,40.301876068115234,47.34762191772461,54.03744125366211,54.001319885253906,43.65266036987305,17.73602294921875,53.84220504760742
2017-06-02,36.90830993652344,33.03465270996094,69.66077423095703,23.13139533996582,65.2665786743164,69.82601928710938,37.762264251708984,11.576179504394531,39.9757080078125,47.49628829956055,53.86111831665039,53.36673355102539,43.63862228393555,17.779115676879883,53.041568756103516
2017-06-05,36.7040901184082,32.85551834106445,69.71480560302734,23.075542449951172,64.91724395751953,68.9212417602539,37.92965316772461,11.582284927368164,40.051544189453125,46.995506286621094,54.20670700073242,53.606658935546875,43.849422454833984,17.846830368041992,53.45526123046875
2017-06-06,37.733036041259766,33.19886016845703,70.37686920166016,23.669017791748047,66.103515625,70.5254898071289,38.498756408691406,11.484548568725586,40.27153396606445,48.23965072631836,54.33363723754883,54.14834976196289,43.772125244140625,18.006898880004883,54.1824836730957
2017-06-07,36.74335861206055,32.51219177246094,70.1066665649414,22.286577224731445,64.15308380126953,67.36263275146484,37.15967559814453,11.411247253417969,40.180511474609375,47.63753890991211,54.27722930908203,53.14230728149414,43.77915954589844,17.870054244995117,53.98231887817383
2017-06-08,36.916160583496094,32.14646530151367,70.26205444335938,21.986345291137695,64.12397003173828,66.76960754394531,36.9337043762207,11.460113525390625,40.52944564819336,46.43333053588867,54.58753967285156,52.86371994018555,44.397544860839844,17.99445152282715,53.78886032104492
2017-06-09,37.96866989135742,33.45261764526367,71.88348388671875,22.747386932373047,65.55768585205078,68.54110717773438,37.536285400390625,11.655592918395996,41.50038146972656,48.3347053527832,56.11795425415039,53.92394256591797,45.85919952392578,18.280574798583984,54.79629898071289
2017-06-12,38.03151321411133,34.12437438964844,72.99144744873047,22.845138549804688,65.41211700439453,68.9288558959961,37.594871520996094,11.686139106750488,41.31833267211914,48.20795440673828,56.56935119628906,53.63758850097656,46.32298278808594,18.330333709716797,55.33005142211914
2017-06-13,38.65985870361328,34.65428924560547,73.0522689819336,23.42570686340332,65.90701293945312,70.28219604492188,38.36485290527344,11.747227668762207,41.743125915527344,48.3267936706543,56.86555099487305,53.66857147216797,46.751625061035156,18.38009262084961,55.35004806518555
2017-06-14,37.481685638427734,33.900447845458984,72.01858520507812,22.516380310058594,64.72076416015625,67.97088623046875,37.51956558227539,11.582284927368164,40.46876525878906,47.62962341308594,55.560787200927734,52.76312255859375,45.500816345214844,17.907371520996094,54.756256103515625
2017-06-15,37.544532775878906,33.878074645996094,71.83618927001953,22.026735305786133,63.34526443481445,65.28702545166016,36.891868591308594,11.490656852722168,40.195682525634766,47.059200286865234,55.77239227294922,52.10531997680664,45.45863723754883,17.602590560913086,54.883033752441406
2017-06-16,38.91121292114258,34.72892379760742,73.20089721679688,22.215595245361328,64.42235565185547,64.5267105102539,37.050880432128906,11.722792625427246,40.787353515625,48.9843635559082,57.08418273925781,53.07267379760742,46.2386474609375,18.112628936767578,55.70368576049805
2017-06-19,39.13113784790039,34.60205078125,72.5996322631836,21.907821655273438,64.0948715209961,65.30223083496094,36.79979705810547,11.643377304077148,41.181785583496094,49.14279556274414,57.29573440551758,52.701202392578125,46.807861328125,17.957134246826172,55.216617584228516
2017-06-20,37.481685638427734,34.19900894165039,71.93753814697266,21.795909881591797,63.93476867675781,66.17657470703125,36.32274627685547,11.313501358032227,40.08948516845703,48.14458084106445,56.103858947753906,51.65645217895508,46.13325500488281,17.683452606201172,54.916385650634766
2017-06-21,35.86366653442383,33.549652099609375,70.59307861328125,21.089426040649414,63.40348815917969,65.95608520507812,35.34354019165039,11.307394981384277,39.23989486694336,47.439483642578125,55.63840103149414,50.66590881347656,45.45162582397461,17.32269287109375,54.3359260559082
2017-06-22,35.84009552001953,33.44516372680664,70.56607818603516,20.991504669189453,63.81829833984375,65.37063598632812,35.06735610961914,11.350152015686035,38.81511688232422,47.700923919677734,55.652488708496094,50.5885124206543,45.54999542236328,17.5217342376709,54.09575653076172
2017-06-23,36.19355773925781,33.4600944519043,70.93762969970703,21.320261001586914,63.891075134277344,67.2105712890625,34.732582092285156,11.478437423706055,39.0654411315918,47.62962341308594,56.611656188964844,51.02188491821289,46.36516189575195,17.882492065429688,54.44935607910156
2017-06-26,36.295654296875,33.01226806640625,70.35664367675781,21.48813819885254,63.5999755859375,66.37422943115234,34.899967193603516,11.533416748046875,38.93648910522461,47.54246139526367,56.59048843383789,50.99092483520508,46.40730667114258,18.019330978393555,54.202510833740234
2017-06-27,36.295654296875,32.818214416503906,70.30934143066406,21.229328155517578,64.0439224243164,66.89884185791016,34.757686614990234,11.551740646362305,39.330928802490234,47.24142837524414,56.80207824707031,50.580772399902344,46.94839859008789,18.14373016357422,54.115760803222656
2017-06-28,37.0261344909668,32.81074523925781,70.45122528076172,21.36922264099121,64.7862319946289,65.84202575683594,35.15941619873047,11.618942260742188,39.91502380371094,47.19389343261719,57.68365478515625,50.49563980102539,47.41218948364258,18.504491806030273,54.39598083496094
2017-06-29,37.269622802734375,32.90031051635742,70.34313201904297,22.25057029724121,65.49946594238281,66.36663818359375,35.5025520324707,11.631163597106934,39.30060577392578,47.376094818115234,57.74009704589844,50.59625244140625,47.1451416015625,18.535593032836914,53.84220504760742
2017-06-30,37.64664840698242,32.81074523925781,70.4850082397461,22.362489700317383,65.87792205810547,67.52229309082031,35.745269775390625,11.704465866088867,39.695037841796875,47.43156051635742,58.31838607788086,50.95222854614258,47.40517044067383,18.83415412902832,53.86222839355469
2017-07-03,38.74626922607422,34.0795783996582,71.8159408569336,22.929065704345703,67.22427368164062,68.6931381225586,36.59056091308594,11.924383163452148,40.27911376953125,48.53276824951172,58.77682113647461,51.826717376708984,47.79868698120117,19.17624855041504,54.77627182006836
2017-07-05,37.42669677734375,32.96002960205078,70.68093872070312,21.753938674926758,65.71778869628906,67.27903747558594,35.87082290649414,11.796100616455078,40.12741470336914,47.33649826049805,58.06449890136719,50.87484359741211,47.13111114501953,18.877696990966797,53.94229507446289
2017-07-06,35.95006561279297,32.32559585571289,70.14044952392578,21.110410690307617,64.50239562988281,65.35543060302734,35.167789459228516,11.686139106750488,40.08948516845703,46.63931655883789,57.75417709350586,50.40278625488281,46.70243453979492,18.952327728271484,53.45526123046875
2017-07-07,35.43166732788086,32.09421920776367,69.9175033569336,20.662744522094727,64.3641357421875,65.45427703857422,34.96693801879883,11.710577011108398,41.014915466308594,46.488792419433594,58.25490951538086,50.36408615112305,47.91111373901367,18.915006637573242,53.52195358276367
2017-07-10,37.00255584716797,32.273353576660156,69.61347961425781,20.79564666748047,65.22289276123047,66.92926025390625,35.41886901855469,11.655592918395996,41.022499084472656,46.56010055541992,58.15616989135742,50.573036193847656,47.84787368774414,18.933670043945312,53.48194122314453
2017-07-11,37.07325744628906,32.355445861816406,69.66753387451172,21.355234146118164,65.95793914794922,67.37785339355469,35.745269775390625,11.74111557006836,41.11353302001953,46.69477844238281,58.08565902709961,50.91354751586914,47.735435485839844,18.927452087402344,53.77549743652344
2017-07-12,37.371726989746094,32.273353576660156,70.18775939941406,21.55108642578125,65.91427612304688,66.99007415771484,35.80384063720703,11.857187271118164,40.77976989746094,46.86906051635742,58.00101852416992,50.751041412353516,47.80570602416992,19.1513729095459,54.01569366455078
2017-07-13,37.89011001586914,32.28081130981445,70.34988403320312,21.823883056640625,66.94090270996094,67.986083984375,36.63241195678711,11.808318138122559,40.84044647216797,47.138427734375,57.63428497314453,51.455265045166016,47.63002395629883,19.381513595581055,54.022335052490234
2017-07-14,38.14147186279297,32.430084228515625,70.5593032836914,22.13865089416504,66.98462677001953,68.7919921875,37.009037017822266,11.936602592468262,40.817691802978516,47.39194107055664,57.972801208496094,51.73384475708008,47.8127326965332,19.549449920654297,54.22916793823242
2017-07-17,38.2357177734375,32.23603439331055,70.4039306640625,21.928810119628906,67.00652313232422,68.78440856933594,36.91697311401367,11.942706108093262,41.196983337402344,47.56623840332031,57.6977424621582,51.7183723449707,47.384090423583984,19.555667877197266,53.94895935058594
2017-07-18,37.48954772949219,32.14646530151367,70.0728988647461,21.935806274414062,66.86067962646484,68.7387924194336,36.82490921020508,11.9121675491333,41.59141540527344,47.72468948364258,57.80354690551758,51.21535873413086,47.44029998779297,19.375289916992188,53.77549743652344
2017-07-19,39.36876678466797,32.58684539794922,70.57283020019531,22.73322105407715,68.7636947631836,71.4150390625,38.14726638793945,12.016016006469727,42.137577056884766,48.2396354675293,58.480594635009766,52.19044876098633,47.80570602416992,19.437488555908203,53.94229507446289
2017-07-20,38.9660758972168,32.46292495727539,70.68768310546875,22.376476287841797,68.289794921875,70.236572265625,37.97987365722656,12.559698104858398,42.0237922668457,47.94651412963867,58.08565902709961,51.86540222167969,47.447322845458984,19.549449920654297,53.94895935058594
2017-07-21,38.22386169433594,32.02737808227539,69.75536346435547,22.355499267578125,67.742919921875,69.94007110595703,37.142948150634766,12.63910961151123,41.97827911376953,47.558311462402344,58.43125534057617,51.48621368408203,47.63002395629883,19.561891555786133,53.45526123046875
2017-07-24,37.8685417175293,31.997339248657227,69.7215576171875,22.201602935791016,68.03459167480469,70.86761474609375,35.577880859375,12.419198989868164,42.145172119140625,47.0671272277832,58.2901725769043,51.40107727050781,47.55976867675781,19.698732376098633,53.2884407043457
2017-07-25,38.57917785644531,32.77831268310547,70.52552795410156,23.068967819213867,69.17202758789062,72.77596282958984,35.7285270690918,12.37032413482666,42.49409103393555,48.3347053527832,59.559654235839844,51.85768127441406,48.09381866455078,19.65519142150879,53.55531311035156
2017-07-26,38.57917785644531,32.81587600708008,71.01873779296875,23.075969696044922,69.08448791503906,73.35382080078125,36.255794525146484,12.425305366516113,42.22101593017578,48.79422378540039,59.03071212768555,51.842193603515625,47.77760314941406,19.661415100097656,53.622039794921875
2017-07-27,39.65302276611328,33.536746978759766,71.68758392333984,23.411718368530273,69.98135375976562,73.42223358154297,36.06329345703125,12.582040786743164,42.59270477294922,49.22994613647461,59.60198211669922,52.453556060791016,47.496517181396484,19.891551971435547,53.928951263427734
2017-07-28,39.48719024658203,33.98731231689453,73.04549407958984,23.22985076904297,69.57304382324219,73.48306274414062,35.92938995361328,12.53901481628418,41.705204010009766,49.697364807128906,58.99545669555664,52.97980499267578,46.864078521728516,19.89777374267578,53.10829162597656
2017-07-31,39.068721771240234,34.069915771484375,73.76840209960938,23.299802780151367,69.3688735961914,72.89763641357422,35.5192985534668,12.557456970214844,42.471336364746094,49.063575744628906,59.065982818603516,53.088134765625,48.466270446777344,19.76715087890625,53.4018669128418
2017-08-01,38.421260833740234,33.60434341430664,74.84260559082031,23.068967819213867,68.87308502197266,72.49466705322266,35.52766799926758,12.508280754089355,42.880958557128906,48.74668502807617,60.391876220703125,53.40544128417969,48.36085510253906,19.729829788208008,53.48859786987305
2017-08-02,37.829063415527344,34.250152587890625,74.62641906738281,23.362754821777344,67.31272888183594,72.86723327636719,35.86243438720703,12.495996475219727,42.630638122558594,48.61992263793945,61.12533950805664,53.49831008911133,48.13597869873047,19.680068969726562,53.77549743652344
2017-08-03,34.78916549682617,33.7244873046875,73.9305419921875,22.572336196899414,64.81913757324219,68.1913833618164,35.176151275634766,12.434523582458496,42.39548110961914,48.76253128051758,60.40598678588867,52.7940673828125,48.13597869873047,19.319313049316406,53.70210266113281
2017-08-04,35.705074310302734,34.21260452270508,74.38994598388672,23.544614791870117,65.94926452636719,72.38823699951172,35.142677307128906,12.41608715057373,42.31962966918945,49.19033432006836,60.3707275390625,52.26783752441406,48.15708541870117,19.26955223083496,53.515281677246094
2017-08-07,35.04972457885742,33.91972732543945,74.1670150756836,22.66327476501465,65.3805923461914,73.01927947998047,34.69074249267578,12.385354995727539,41.6445198059082,48.9843635559082,59.99692916870117,51.501686096191406,48.27775955200195,19.2944278717041,53.48194122314453
2017-08-08,34.8365364074707,34.265159606933594,74.55209350585938,22.481401443481445,66.45965576171875,72.2133560180664,34.33921813964844,12.139486312866211,41.29558563232422,48.604068756103516,59.961669921875,50.681373596191406,48.128662109375,18.964773178100586,53.3484992980957
2017-08-09,34.4101676940918,34.28018569946289,74.91691589355469,22.439435958862305,65.87635803222656,71.90922546386719,34.556827545166016,12.139486312866211,40.195682525634766,48.849666595458984,59.587886810302734,50.681373596191406,47.518089294433594,19.051851272583008,53.515281677246094
2017-08-10,33.644264221191406,33.76954650878906,74.38994598388672,22.215595245361328,64.97953033447266,69.9932861328125,33.90401840209961,11.918210983276367,39.604007720947266,48.59614181518555,58.9883918762207,49.83784103393555,46.999820709228516,18.691091537475586,53.198692321777344
2017-08-11,33.47055435180664,33.634376525878906,73.79544067382812,22.110673904418945,64.54935455322266,70.60912322998047,33.493927001953125,11.721521377563477,39.56608200073242,48.42979431152344,58.847347259521484,49.39674377441406,46.96431350708008,18.709753036499023,52.68669891357422
2017-08-14,32.82308578491211,33.44664001464844,73.44412231445312,21.732952117919922,64.1556396484375,68.99726104736328,33.4018669128418,11.69693374633789,39.986515045166016,48.51692581176758,59.15767288208008,49.489601135253906,47.418697357177734,18.728410720825195,52.700164794921875
2017-08-15,32.79940414428711,33.4166145324707,73.34953308105469,21.62803077697754,63.4483757019043,66.92163848876953,33.1005744934082,11.586297988891602,39.66545867919922,48.02573776245117,59.01658630371094,49.09492111206055,47.67428970336914,18.641334533691406,52.57217788696289
2017-08-16,32.08089065551758,32.8083610534668,72.90596771240234,21.4461669921875,61.960960388183594,66.95206451416016,32.90806198120117,11.50024127960205,39.03099822998047,47.296871185302734,59.052162170410156,49.30387878417969,46.850730895996094,18.42363166809082,52.18818283081055
2017-08-17,31.49658966064453,32.29021072387695,72.27818298339844,21.110410690307617,60.794376373291016,65.46188354492188,32.38080978393555,11.309697151184082,37.991390228271484,46.678924560546875,57.53015899658203,48.77763366699219,45.82837677001953,18.087751388549805,51.37305450439453
2017-08-18,31.828216552734375,32.37281799316406,72.66031646728516,21.264297485351562,61.31203842163086,66.34382629394531,32.63188552856445,11.401898384094238,38.30479431152344,46.861141204833984,58.00666427612305,49.0020637512207,45.97037124633789,18.081525802612305,51.62905502319336
2017-08-21,31.204437255859375,31.914737701416016,72.18266296386719,21.222333908081055,61.02042007446289,66.20698547363281,32.42266082763672,11.401898384094238,37.80028533935547,46.61555480957031,58.24848937988281,48.754417419433594,45.934871673583984,18.044208526611328,51.453895568847656
2017-08-22,31.49658966064453,32.43288803100586,72.57841491699219,21.264297485351562,61.42142868041992,66.47306060791016,32.35569763183594,11.549419403076172,37.96846008300781,46.86906051635742,58.48320007324219,49.0252799987793,46.55964279174805,18.348995208740234,51.6964111328125
2017-08-23,31.77294158935547,32.8083610534668,72.7490234375,21.669998168945312,62.055747985839844,67.56033325195312,32.665367126464844,11.68464183807373,38.35065841674805,47.217647552490234,58.575653076171875,48.90145492553711,46.65194320678711,18.3427677154541,51.60884094238281
2017-08-24,31.607128143310547,32.51548767089844,73.3154067993164,21.76793098449707,61.69849395751953,67.75799560546875,32.46451950073242,11.70922565460205,39.084495544433594,46.845298767089844,59.64960479736328,48.66155242919922,47.88018035888672,18.330333709716797,51.42021942138672
2017-08-25,31.630813598632812,32.72574996948242,73.85449981689453,21.795909881591797,61.618282318115234,67.46907043457031,32.648624420166016,11.782990455627441,39.535499572753906,46.91660690307617,59.32954788208008,49.43543243408203,48.04347610473633,18.280574798583984,51.682926177978516
2017-08-28,31.070201873779297,32.3277587890625,73.53376007080078,21.635026931762695,60.8089485168457,66.92926025390625,32.46451950073242,11.68464183807373,40.14704513549805,46.845298767089844,59.49312210083008,49.102664947509766,48.57594680786133,18.14373016357422,51.5145263671875
2017-08-29,30.691207885742188,32.177555084228516,73.60201263427734,21.676992416381836,60.62666702270508,67.03571319580078,32.40591812133789,11.690789222717285,39.31382751464844,46.805686950683594,59.38643264770508,49.1413688659668,48.22096252441406,18.14373016357422,51.50105285644531
2017-08-30,30.29641342163086,32.59810256958008,73.51329803466797,21.656007766723633,61.00583267211914,67.2638168334961,32.36407470703125,11.721521377563477,40.001800537109375,46.876991271972656,59.45755386352539,49.05624008178711,48.568843841552734,18.118852615356445,51.26527404785156
2017-08-31,30.667518615722656,32.78584289550781,73.43824005126953,21.96377944946289,61.968284606933594,69.02770233154297,32.61516189575195,11.881332397460938,40.093528747558594,47.296871185302734,59.60691452026367,49.14908981323242,48.3487434387207,18.492050170898438,51.42021942138672
2017-09-01,31.172853469848633,33.221370697021484,74.2161636352539,22.460418701171875,62.44948959350586,69.88683319091797,32.70764923095703,11.899771690368652,41.49240493774414,47.33649826049805,60.047874450683594,49.414302825927734,49.12971115112305,18.697315216064453,51.58190155029297
2017-09-05,31.125476837158203,33.334014892578125,74.68018341064453,22.474411010742188,62.60990905761719,69.74998474121094,33.489601135253906,11.89362621307373,39.58900833129883,48.10496520996094,59.201515197753906,50.779335021972656,48.2138671875,18.753292083740234,51.992820739746094
2017-09-06,31.68608283996582,33.83713150024414,76.28378295898438,22.859127044677734,64.05357360839844,70.44947052001953,34.48175811767578,11.881332397460938,40.03237533569336,48.817989349365234,59.286861419677734,51.26296615600586,48.355857849121094,18.728410720825195,53.070674896240234
2017-09-07,32.15983200073242,33.874691009521484,76.29060363769531,22.65627098083496,64.60038757324219,69.65874481201172,34.73400115966797,11.764546394348145,40.23112487792969,49.00811767578125,59.7705078125,51.37995147705078,48.88833236694336,18.728408813476562,53.239070892333984
2017-09-08,31.030729293823242,33.39407730102539,75.59456634521484,22.01275062561035,63.27342224121094,67.59073638916016,33.87638473510742,11.764546394348145,40.83501434326172,48.326229095458984,60.23988342285156,50.592140197753906,49.3711051940918,18.65302085876465,53.09761047363281
2017-09-11,31.393939971923828,33.739505767822266,76.78193664550781,22.25057029724121,64.11189270019531,68.00891876220703,34.1622428894043,11.948945045471191,41.08727264404297,48.46260452270508,60.588401794433594,51.30195999145508,49.562808990478516,19.004844665527344,53.387298583984375
2017-09-12,31.994028091430664,33.739505767822266,76.76144409179688,22.50238609313965,64.50562286376953,68.7387924194336,34.69196319580078,11.899771690368652,41.102569580078125,48.75943374633789,60.97245407104492,51.816768646240234,49.84678268432617,18.97971534729004,53.55569076538086
2017-09-13,33.43108367919922,34.21260452270508,77.9146957397461,23.439695358276367,66.42318725585938,71.08050537109375,35.145992279052734,11.948945045471191,40.67448806762695,49.377140045166016,61.41339111328125,52.198978424072266,50.40767288208008,19.111648559570312,53.73759841918945
2017-09-14,33.33632278442383,34.41535568237305,78.09893798828125,23.75503158569336,66.91902923583984,71.3238296508789,35.46550750732422,11.887478828430176,40.00944137573242,49.40121841430664,61.33515167236328,52.80739212036133,49.655113220214844,19.105365753173828,53.953147888183594
2017-09-15,33.57320022583008,34.925987243652344,78.22176361083984,23.579843521118164,67.96897888183594,71.44544219970703,35.57481002807617,11.899771690368652,40.48337936401367,49.2166862487793,62.352203369140625,52.448577880859375,50.49997329711914,19.0362548828125,53.9396858215332
2017-09-18,33.39949035644531,35.36153030395508,78.60389709472656,23.804086685180664,67.8449935913086,72.34260559082031,35.83546447753906,11.918210983276367,40.95732116699219,49.57769775390625,62.807373046875,52.93999481201172,51.25962448120117,19.212173461914062,53.953147888183594
2017-09-19,32.96521759033203,35.70695877075195,79.38863372802734,23.6639347076416,67.90336608886719,71.68115234375,35.995216369628906,12.02270221710205,41.43125534057617,49.62582778930664,63.36212921142578,52.955589294433594,51.621707916259766,19.161909103393555,54.040733337402344
2017-09-20,33.99168395996094,36.29269027709961,79.40911102294922,24.44875717163086,68.66890716552734,73.99243927001953,36.667877197265625,12.15178108215332,41.60707092285156,50.1312370300293,63.347904205322266,52.7449836730957,51.95537567138672,19.09280014038086,54.26305389404297
2017-09-21,34.236454010009766,36.56302261352539,79.47735595703125,24.771093368530273,68.45746612548828,74.02287292480469,36.55856704711914,11.875189781188965,41.56121826171875,50.339813232421875,63.397705078125,53.11159896850586,52.08320236206055,18.84149932861328,53.818424224853516
2017-09-22,34.40225601196289,36.855899810791016,80.0368881225586,25.072418212890625,68.93869018554688,72.79119873046875,37.20598602294922,11.844452857971191,41.83639144897461,50.492244720458984,63.93108367919922,53.66541290283203,52.74345779418945,18.8477783203125,53.838645935058594
2017-09-25,35.5787353515625,37.531742095947266,80.51457214355469,25.696073532104492,70.20738220214844,73.5818862915039,37.57595443725586,12.10261058807373,42.44792175292969,51.807899475097656,64.7276611328125,54.32843780517578,53.33272933959961,19.218454360961914,54.55271911621094
2017-09-26,36.28937530517578,37.29894256591797,80.19385528564453,25.878263473510742,70.6302719116211,73.86320495605469,37.533912658691406,11.998116493225098,42.33327102661133,51.69559097290039,64.96947479248047,53.6810302734375,53.219139099121094,18.992279052734375,54.492088317871094
2017-09-27,36.5262565612793,37.71195983886719,80.14608001708984,26.04644012451172,70.95835876464844,73.65792846679688,38.32427215576172,11.881332397460938,42.22624969482422,52.29724884033203,65.28954315185547,53.883819580078125,53.581214904785156,18.835216522216797,54.85586929321289
2017-09-28,36.163047790527344,37.546749114990234,80.26207733154297,25.640012741088867,70.59381103515625,73.85559844970703,38.534488677978516,11.869038581848145,42.40205764770508,52.12077331542969,65.28239440917969,53.94623565673828,54.48287582397461,18.8477783203125,55.36784744262695
2017-09-29,36.163047790527344,37.584293365478516,80.18018341064453,25.72410774230957,70.5354995727539,74.4790267944336,38.702640533447266,11.789137840270996,42.86836242675781,51.511070251464844,65.15438079833984,54.41423797607422,54.617774963378906,18.85406494140625,55.22637939453125
2017-10-02,36.099876403808594,37.77954864501953,80.13241577148438,25.647016525268555,70.85628509521484,76.0300521850586,38.28223419189453,11.739959716796875,42.723114013671875,51.43085861206055,65.70203399658203,54.07102584838867,54.702980041503906,18.879194259643555,54.9905891418457
2017-10-03,35.878787994384766,36.976036071777344,80.3985595703125,25.597963333129883,70.36050415039062,76.09088897705078,37.77774429321289,11.586297988891602,42.91421127319336,51.326560974121094,66.5910415649414,53.868221282958984,55.0721435546875,19.029977798461914,55.07816696166992
2017-10-04,35.64191436767578,37.02861022949219,80.23480987548828,25.12848472595215,70.23653411865234,76.60028839111328,37.987937927246094,11.567858695983887,43.044158935546875,51.65547180175781,66.44879913330078,53.6810302734375,55.157352447509766,18.872915267944336,55.09836959838867
2017-10-05,36.178829193115234,37.321475982666016,80.91717529296875,25.471839904785156,70.39695739746094,75.8399887084961,37.91227340698242,11.739959716796875,42.9983024597168,51.62337875366211,66.37767791748047,53.72002410888672,54.85915756225586,19.06138801574707,55.25331497192383
2017-10-06,35.66560363769531,36.69070816040039,79.8594741821289,25.072418212890625,70.13443756103516,75.33819580078125,37.626407623291016,11.690789222717285,42.82249450683594,51.27040481567383,66.01496887207031,53.30662155151367,54.83074951171875,18.916889190673828,55.04448318481445
2017-10-09,36.20252227783203,36.72823715209961,80.32350158691406,25.14949607849121,70.36050415039062,75.98443603515625,37.77774429321289,11.69693374633789,42.91421127319336,51.34261703491211,66.3705825805664,53.2988166809082,54.759761810302734,18.885473251342773,55.26005172729492
2017-10-10,33.525821685791016,36.9384880065918,81.0672836303711,25.22658348083496,70.56465911865234,76.60790252685547,37.861820220947266,11.647762298583984,42.9983024597168,51.74372100830078,66.47724151611328,53.2988166809082,54.930152893066406,18.866628646850586,55.41501235961914
2017-10-11,33.13102722167969,37.24637222290039,81.42894744873047,25.282638549804688,70.67401123046875,77.18570709228516,38.265411376953125,11.70922565460205,42.975372314453125,51.65547180175781,66.62659454345703,52.83857727050781,55.32063293457031,18.948299407958984,55.64402389526367
2017-10-12,32.696754455566406,37.404083251953125,81.29930877685547,24.953283309936523,70.46985626220703,76.88159942626953,37.63481903076172,11.604735374450684,43.227622985839844,51.519100189208984,67.09600067138672,52.487586975097656,55.31354522705078,18.954587936401367,55.529510498046875
2017-10-13,32.84677505493164,37.29460906982422,81.31295013427734,25.135478973388672,70.44799041748047,77.07169342041016,37.6011848449707,11.530974388122559,43.09004211425781,51.92824935913086,67.1600341796875,52.39398956298828,55.434242248535156,18.766111373901367,55.516048431396484
2017-10-16,33.739017486572266,37.53618621826172,81.97489166259766,25.12147331237793,71.00161743164062,78.00686645507812,37.508697509765625,11.561710357666016,42.59316635131836,51.96031188964844,64.62809753417969,52.105369567871094,54.96565628051758,18.810083389282227,55.7855110168457
2017-10-17,33.7626953125,37.53618621826172,82.03628540039062,25.037382125854492,71.17692565917969,78.01445770263672,37.38256072998047,11.481805801391602,43.19704818725586,51.85602951049805,64.45738983154297,51.87136459350586,55.1076545715332,18.797517776489258,55.88655090332031
2017-10-18,33.67584228515625,37.52864074707031,80.6237564086914,24.68000602722168,70.59991455078125,77.69511413574219,36.802398681640625,11.420337677001953,43.38051223754883,51.84801483154297,64.18000030517578,51.411155700683594,55.1076545715332,18.65302085876465,55.751834869384766
2017-10-19,33.28105545043945,37.52864074707031,80.6578598022461,24.490800857543945,69.94256591796875,77.23894500732422,36.508121490478516,11.46336555480957,43.648048400878906,52.0164794921875,64.28670501708984,50.31132888793945,55.1147575378418,18.596479415893555,55.73835372924805
2017-10-20,32.987159729003906,37.93631362915039,80.9581069946289,24.476787567138672,70.73135375976562,77.95361328125,36.43244934082031,11.321993827819824,43.94618225097656,52.52188491821289,64.57829284667969,49.258296966552734,55.05086898803711,18.426847457885742,55.98759841918945
2017-10-23,32.01018142700195,37.94386672973633,81.156005859375,24.280580520629883,70.82632446289062,76.29617309570312,35.515953063964844,11.13759708404541,43.06709671020508,52.18495559692383,64.8912353515625,48.29108810424805,54.95145034790039,18.11900520324707,56.07518768310547
2017-10-24,31.883085250854492,38.4949836730957,81.3607406616211,24.41371726989746,70.46844482421875,75.7791748046875,34.78445053100586,11.229796409606934,43.563968658447266,52.80265426635742,65.31086730957031,48.7044792175293,55.157352447509766,18.07501792907715,56.2301139831543
2017-10-25,31.382671356201172,37.717369079589844,80.82164001464844,24.070356369018555,70.22740173339844,76.70674133300781,34.86012649536133,11.0392484664917,43.14354705810547,52.42561721801758,65.22550201416016,49.48450469970703,55.150230407714844,17.80487060546875,56.02800750732422
2017-10-26,31.446226119995117,38.849815368652344,80.82164001464844,24.462778091430664,70.78981018066406,76.6991195678711,34.675140380859375,11.063838005065918,43.77801513671875,51.83998107910156,64.84857940673828,49.429893493652344,54.16339111328125,17.84885025024414,56.2301139831543
2017-10-27,32.35967254638672,38.66107940673828,77.47796630859375,25.142488479614258,71.92192840576172,79.50463104248047,35.67570877075195,11.082276344299316,44.695308685302734,52.18495559692383,65.4246597290039,49.570308685302734,55.199947357177734,17.980789184570312,56.391807556152344
2017-10-30,32.4152717590332,38.79695510864258,78.05797576904297,25.22658348083496,72.6961441040039,80.74391174316406,36.09611129760742,11.202969551086426,45.14632034301758,52.11275100708008,64.73478698730469,50.00712966918945,55.66142654418945,17.930524826049805,56.277278900146484
2017-10-31,32.860069274902344,38.61577606201172,79.08155059814453,25.85723876953125,72.94447326660156,81.47382354736328,35.93635940551758,11.209163665771484,45.66611862182617,51.79988098144531,64.77745056152344,49.92131805419922,56.00932312011719,17.905391693115234,56.14928436279297
2017-11-01,33.54316711425781,39.332984924316406,79.08837127685547,27.384857177734375,74.71202850341797,83.4657974243164,36.197017669677734,11.22154426574707,46.54519271850586,52.513858795166016,65.6451187133789,50.139713287353516,57.30145263671875,18.087587356567383,56.49958801269531
2017-11-02,33.106300354003906,39.61985778808594,78.69943237304688,27.209667205810547,75.1940689086914,82.84998321533203,35.894325256347656,11.017288208007812,47.52363967895508,54.47129821777344,66.47014617919922,49.336299896240234,57.92622756958008,17.660369873046875,56.270538330078125
2017-11-03,33.956207275390625,39.98221969604492,78.4674072265625,27.51799201965332,76.32621002197266,84.50740051269531,36.34837341308594,10.98015022277832,47.546573638916016,54.76009750366211,66.55548858642578,49.593711853027344,57.42214584350586,17.754610061645508,56.03477096557617
2017-11-06,36.33115005493164,40.51825714111328,79.86630249023438,28.632164001464844,78.12297821044922,86.4385757446289,37.90386199951172,11.190590858459473,47.66123580932617,55.209354400634766,67.1600341796875,52.32379150390625,57.82682800292969,18.087587356567383,56.41874694824219
2017-11-07,35.894290924072266,40.37480926513672,80.00276947021484,28.912452697753906,77.48750305175781,85.00163269042969,38.06362533569336,11.165838241577148,48.24217987060547,55.15319061279297,67.25958251953125,51.816768646240234,58.09661102294922,18.07501792907715,56.30423355102539
2017-11-08,35.354148864746094,40.40501403808594,79.61380767822266,28.211713790893555,76.20203399658203,83.66348266601562,37.937477111816406,11.141077995300293,48.326263427734375,54.68789291381836,67.24534606933594,52.30818176269531,57.98301315307617,17.830001831054688,56.2301139831543
2017-11-09,35.93400573730469,40.41254806518555,80.00276947021484,28.59712791442871,76.53070068359375,84.41618347167969,37.84500503540039,11.085371971130371,47.1337890625,55.11307907104492,67.15290069580078,52.17557907104492,57.70612335205078,18.01219367980957,56.56694412231445
2017-11-10,35.052345275878906,40.004878997802734,79.96184539794922,28.316823959350586,76.38462829589844,85.0472412109375,37.48346710205078,10.936823844909668,47.179656982421875,54.68789291381836,66.61238861083984,51.2785530090332,57.77001190185547,17.980789184570312,56.39017868041992
2017-11-13,34.54399108886719,39.68779754638672,79.99594116210938,27.78428077697754,76.29698944091797,84.37057495117188,37.17235565185547,10.806843757629395,47.546573638916016,54.495361328125,66.3705825805664,50.732547760009766,57.27305221557617,17.735761642456055,56.35618591308594
2017-11-14,33.265159606933594,38.67617416381836,79.78440856933594,26.789230346679688,74.843505859375,82.31774139404297,36.10451889038086,10.788277626037598,48.0587272644043,54.006004333496094,66.02206420898438,48.96969223022461,57.77001190185547,17.415348052978516,55.91425323486328
2017-11-15,32.59001541137695,38.117496490478516,79.46370697021484,26.56498908996582,74.03275299072266,81.06324005126953,35.053504943847656,10.540699005126953,47.312496185302734,53.48454666137695,65.837158203125,48.0102653503418,57.848114013671875,17.277130126953125,55.213966369628906
2017-11-16,32.161094665527344,37.913665771484375,78.91268920898438,26.740171432495117,74.0838851928711,80.99482727050781,34.90216827392578,10.416909217834473,47.70484161376953,53.88566589355469,66.25995635986328,47.82306671142578,58.30250930786133,16.975566864013672,54.772037506103516
2017-11-17,32.70915603637695,37.84572982788086,79.00910949707031,27.104549407958984,74.23727416992188,81.76270294189453,35.12077331542969,10.528316497802734,47.90486145019531,54.87240982055664,66.3961410522461,48.330081939697266,58.84207534790039,17.12635612487793,54.55449295043945
2017-11-20,32.62178421020508,37.8079719543457,79.01599884033203,26.214609146118164,74.0911865234375,82.08966064453125,34.95261764526367,10.55926513671875,47.650997161865234,54.399085998535156,66.37464904785156,48.14284896850586,58.777626037597656,17.164047241210938,54.76524353027344
2017-11-21,32.915679931640625,37.755126953125,79.3259506225586,26.312719345092773,74.25188446044922,82.98680877685547,34.61629104614258,10.441666603088379,47.920257568359375,54.455257415771484,67.09127807617188,48.267669677734375,60.002037048339844,17.113784790039062,54.982810974121094
2017-11-22,32.9951057434082,37.913665771484375,79.83561706542969,26.62104606628418,74.20075988769531,83.06285858154297,34.834903717041016,10.584023475646973,47.70484161376953,54.736026763916016,66.85478210449219,48.47048568725586,58.96378707885742,17.434200286865234,55.13916778564453
2017-11-24,32.67737579345703,38.1024055480957,80.2489013671875,26.649072647094727,74.25188446044922,83.8611831665039,34.961021423339844,10.639728546142578,47.72023010253906,54.888450622558594,67.10560607910156,48.30667495727539,58.892208099365234,17.635238647460938,55.35673904418945
2017-11-27,31.66068458557129,37.11341857910156,79.61521911621094,25.780162811279297,72.90795135498047,81.54985046386719,34.53221130371094,10.497369766235352,47.60483932495117,54.61570358276367,66.51081085205078,47.862056732177734,58.79912567138672,17.57869529724121,55.14596939086914
2017-11-28,31.986351013183594,37.84572982788086,80.20757293701172,26.04644012451172,72.92255401611328,82.28733825683594,34.49015808105469,10.540699005126953,47.866397857666016,55.32164764404297,67.3994140625,48.58748245239258,59.60105514526367,17.817440032958984,55.52671432495117
2017-11-29,32.35967254638672,38.29868698120117,80.71037292480469,25.997390747070312,73.40461730957031,82.22651672363281,34.7255859375,10.373579978942871,47.23556900024414,56.075767517089844,68.0157470703125,48.47827911376953,59.672637939453125,17.792306900024414,55.93465042114258
2017-11-30,33.22544860839844,38.41193771362305,81.95704650878906,26.99944305419922,74.73393249511719,83.10848236083984,35.12917709350586,10.6644868850708,48.18182373046875,56.557098388671875,69.91480255126953,49.02429962158203,61.305152893066406,18.250932693481445,56.62813186645508
2017-12-01,35.12381362915039,39.061195373535156,82.31521606445312,27.2166805267334,75.16486358642578,84.324951171875,36.2054328918457,10.775898933410645,48.34336853027344,56.348514556884766,69.92196655273438,50.49073028564453,60.26694107055664,18.401714324951172,56.743709564208984
2017-12-04,34.32158660888672,38.721473693847656,83.23128509521484,27.07652473449707,73.80632781982422,82.8879623413086,36.903297424316406,10.676868438720703,48.69725799560547,56.204097747802734,69.89332580566406,50.38933181762695,59.880287170410156,18.250932693481445,56.818519592285156
2017-12-05,33.47962951660156,38.67617416381836,82.92134094238281,26.894338607788086,73.69678497314453,82.91839599609375,36.6846809387207,10.608781814575195,49.65120315551758,56.15597152709961,70.42361450195312,49.87836456298828,61.419715881347656,18.263500213623047,56.35618591308594
2017-12-06,32.22464370727539,38.03446960449219,82.38410186767578,25.843229293823242,72.20677185058594,80.8427734375,36.62559127807617,10.590214729309082,48.820343017578125,55.570350646972656,69.93627166748047,48.793540954589844,60.839752197265625,18.024761199951172,55.94145965576172
2017-12-07,32.27228927612305,38.155250549316406,82.39785766601562,26.032434463500977,72.83488464355469,82.83474731445312,36.69313430786133,10.744951248168945,49.23576736450195,55.68266677856445,70.12979888916016,48.793540954589844,61.283695220947266,18.075551986694336,56.1250114440918
2017-12-08,32.327903747558594,38.932857513427734,82.59760284423828,26.663089752197266,73.32428741455078,84.21849060058594,37.14060592651367,11.01109790802002,49.812747955322266,55.86924362182617,71.34091186523438,49.949119567871094,62.72288131713867,18.126346588134766,56.19981002807617
2017-12-11,31.92279624938965,39.0234375,82.9419937133789,26.971420288085938,73.92317962646484,84.6214599609375,38.12843322753906,11.116317749023438,49.58965301513672,56.38031768798828,71.46273040771484,50.75094223022461,62.436466217041016,18.348560333251953,56.45137023925781
2017-12-12,31.549488067626953,39.22727966308594,82.43231201171875,26.915359497070312,73.24394226074219,84.79633331298828,38.19598388671875,10.986337661743164,49.61273193359375,56.81027603149414,70.99693298339844,50.452213287353516,62.25030517578125,18.462839126586914,56.26780319213867
2017-12-13,31.61302375793457,39.015899658203125,82.6044921875,26.712146759033203,72.99559783935547,84.84194946289062,37.79072570800781,11.048235893249512,49.35116195678711,56.761600494384766,71.65623474121094,49.76043701171875,62.6154670715332,18.450145721435547,56.51256561279297
2017-12-14,31.311199188232422,39.49150466918945,82.32897186279297,26.670028686523438,72.77648162841797,84.41618347167969,37.495216369628906,11.042048454284668,49.743507385253906,57.23212432861328,71.34091186523438,49.02936553955078,62.636959075927734,18.84378433227539,56.362979888916016
2017-12-15,31.350914001464844,39.38582229614258,82.46674346923828,26.44544219970703,71.98036193847656,83.26811218261719,37.664085388183594,11.097752571105957,50.582069396972656,57.288883209228516,71.60606384277344,48.80924987792969,63.145328521728516,18.875524520874023,56.45137023925781
2017-12-18,31.708351135253906,39.51416778564453,82.44608306884766,26.71215057373047,72.97367858886719,83.36695098876953,38.39860153198242,11.141077995300293,50.782081604003906,57.572811126708984,71.6490707397461,49.996280670166016,63.675193786621094,19.135835647583008,56.39017868041992
2017-12-19,31.970458984375,39.770843505859375,82.54248809814453,27.16132354736328,74.0838851928711,85.00921630859375,38.7278938293457,11.091564178466797,49.812747955322266,57.51603698730469,71.04708862304688,50.617313385009766,63.05940628051758,19.085039138793945,56.05024337768555
2017-12-20,32.77268981933594,40.95611572265625,83.26571655273438,27.961421966552734,75.625,89.13764953613281,40.036537170410156,10.99252986907959,50.51283645629883,58.311038970947266,72.17936706542969,51.316932678222656,64.5558853149414,19.078689575195312,56.34258270263672
2017-12-21,34.4010124206543,42.239532470703125,85.97260284423828,28.71941375732422,77.67741394042969,93.59300994873047,40.66977310180664,11.184403419494629,51.02825927734375,58.87890625,71.7207260131836,53.3450813293457,64.95684051513672,19.25011444091797,57.00887680053711
2017-12-22,34.08329391479492,41.899803161621094,86.08280181884766,29.17560386657715,78.2325210571289,94.55860900878906,40.534664154052734,11.172025680541992,51.051326751708984,59.21149826049805,72.30120849609375,53.014930725097656,65.25039672851562,19.24376678466797,57.090457916259766
2017-12-26,34.44072341918945,42.450923919677734,86.7715835571289,29.884471893310547,79.91242980957031,95.77508544921875,41.17634201049805,11.209163665771484,51.42060089111328,59.65767288208008,72.83868408203125,53.14855194091797,65.77310180664062,19.358043670654297,57.097251892089844
2017-12-27,34.067405700683594,41.967750549316406,86.47541046142578,29.3651123046875,79.14549255371094,93.66144561767578,41.21855926513672,11.215351104736328,51.09749221801758,59.479209899902344,73.13966369628906,53.39223861694336,65.97358703613281,19.294557571411133,57.04288864135742
2017-12-28,34.051509857177734,41.65822219848633,86.4960708618164,29.3089656829834,79.21125793457031,95.43294525146484,41.00748062133789,11.332953453063965,51.08210754394531,59.78745651245117,73.0679702758789,53.030635833740234,66.08815002441406,19.370744705200195,57.12445068359375
2017-12-29,33.53522491455078,41.43928909301758,86.22743225097656,29.05629539489746,78.81683349609375,95.98795318603516,41.260765075683594,11.184403419494629,50.759002685546875,59.755035400390625,72.48751831054688,52.975616455078125,65.80889892578125,19.358043670654297,56.86609649658203
2018-01-02,35.18736267089844,41.763919830322266,87.87361145019531,29.638830184936523,79.83209228515625,97.22724151611328,41.88555908203125,11.636238098144531,51.682167053222656,60.014610290527344,72.91749572753906,54.650020599365234,66.44615173339844,19.770732879638672,57.811153411865234
2018-01-03,36.005489349365234,42.53396224975586,88.51415252685547,29.982730865478516,81.02262115478516,98.20801544189453,42.63698196411133,11.735267639160156,52.78227996826172,60.842063903808594,73.40482330322266,56.07286071777344,66.79696655273438,20.31674575805664,58.946563720703125
2018-01-04,37.20488357543945,43.02469253540039,88.23867797851562,30.340673446655273,81.0372314453125,98.93791961669922,43.59103012084961,11.766218185424805,52.83613204956055,60.80962371826172,73.20414733886719,57.46427536010742,67.01180267333984,20.665939331054688,59.02815628051758
2018-01-05,36.847442626953125,42.941646575927734,88.09400177001953,30.256444931030273,81.9283218383789,98.82388305664062,43.75144958496094,11.729079246520996,53.3438835144043,60.47701644897461,73.2113265991211,57.85732650756836,67.32686614990234,20.60879898071289,58.98055648803711
2018-01-08,36.47413635253906,43.3795166015625,88.52794647216797,30.354705810546875,82.3227310180664,99.59178161621094,44.14826583862305,11.673373222351074,53.38233947753906,60.99619674682617,73.13966369628906,58.80066680908203,67.462890625,20.684988021850586,59.24570846557617
2018-01-09,35.38594055175781,43.734344482421875,88.05270385742188,29.856393814086914,81.59233093261719,96.93072509765625,43.996299743652344,11.722888946533203,53.08232498168945,60.75283432006836,72.8960189819336,58.8792610168457,67.3769760131836,20.78022003173828,58.994178771972656
2018-01-10,34.941139221191406,43.52295684814453,88.61747741699219,29.603736877441406,81.81146240234375,96.77867126464844,44.30023956298828,11.685749053955078,53.47467041015625,60.233665466308594,73.15400695800781,59.429534912109375,67.41277313232422,20.792919158935547,58.52503204345703
2018-01-11,36.53766632080078,44.678043365478516,91.31060028076172,30.228368759155273,84.09757995605469,98.76306915283203,45.02634811401367,11.88381576538086,54.043949127197266,61.507259368896484,73.36182403564453,60.56938171386719,67.6991958618164,21.01512908935547,59.10295486450195
2018-01-12,37.45905303955078,45.334842681884766,92.02001953125,30.909160614013672,84.506591796875,98.94554138183594,44.86592102050781,12.08188247680664,54.94404602050781,62.083221435546875,75.22506713867188,61.29262161254883,69.2744140625,21.084970474243164,59.50407791137695
2018-01-16,36.75212860107422,44.42136001586914,90.92487335205078,30.361730575561523,82.9398193359375,97.33368682861328,44.01318359375,12.00141716003418,54.451690673828125,61.06110763549805,74.17161560058594,60.66373825073242,68.84477996826172,20.691333770751953,59.130149841308594
2018-01-17,36.958648681640625,45.19139862060547,91.16594696044922,30.48805809020996,83.04224395751953,96.89271545410156,44.6210823059082,12.112824440002441,55.374847412109375,61.539730072021484,76.07785034179688,60.695167541503906,69.85437774658203,20.646892547607422,59.83042526245117
2018-01-18,37.09367752075195,45.11591339111328,90.63558197021484,30.319612503051758,83.56155395507812,96.7330551147461,44.20737075805664,11.766218185424805,54.99788284301758,61.1584587097168,75.45439910888672,60.034847259521484,69.0667495727539,20.494516372680664,59.44289016723633
2018-01-19,36.77424621582031,45.10835266113281,90.43585205078125,30.07396697998047,83.6566390991211,96.99156951904297,44.756160736083984,11.766218185424805,55.30561828613281,61.28824996948242,75.69803619384766,60.074153900146484,69.63957977294922,20.50721549987793,59.25251007080078
2018-01-22,38.05995178222656,45.80290222167969,91.30369567871094,31.4495906829834,85.44873046875,100.51934814453125,47.61833190917969,12.149965286254883,56.28263854980469,62.975582122802734,76.4361801147461,62.723323822021484,70.84962463378906,20.85640525817871,60.000404357910156
2018-01-23,38.147796630859375,45.65192413330078,90.24298858642578,31.246044158935547,86.1948013305664,100.59539031982422,47.981388092041016,12.038553237915039,56.25187301635742,62.80523681640625,76.60816955566406,62.2673454284668,70.66346740722656,21.046876907348633,60.034385681152344
2018-01-24,38.42729568481445,45.66701889038086,90.4978256225586,31.246044158935547,86.6556167602539,99.11280059814453,46.72338104248047,11.846678733825684,55.074832916259766,62.918792724609375,74.98141479492188,61.45769119262695,69.92598724365234,21.01512908935547,60.190765380859375
2018-01-25,37.89225387573242,44.90451431274414,89.9881362915039,30.81791877746582,85.90953063964844,96.44415283203125,46.60517501831055,11.648615837097168,54.68246078491211,62.25360870361328,74.65174865722656,60.78949737548828,69.5822982788086,20.570703506469727,60.08197784423828
2018-01-26,38.395355224609375,45.591529846191406,90.36009216308594,30.782835006713867,86.13629150390625,98.90750885009766,46.951332092285156,11.617669105529785,55.19021987915039,62.61054611206055,76.38602447509766,61.009605407714844,70.66346740722656,20.653242111206055,60.51031494140625
2018-01-29,37.253379821777344,45.04041290283203,88.49349212646484,30.410856246948242,85.2731704711914,98.11679077148438,46.267452239990234,11.580530166625977,53.967018127441406,61.84798812866211,74.70909118652344,60.04269790649414,69.01663208007812,20.304044723510742,59.83723068237305
2018-01-30,35.59235382080078,44.13447189331055,86.25501251220703,29.140514373779297,84.24181365966797,96.003173828125,45.71022415161133,11.359325408935547,53.18233871459961,60.64739990234375,73.29731750488281,58.596275329589844,67.54881286621094,20.005645751953125,59.000972747802734
2018-01-31,35.83194351196289,44.3986930847168,86.337646484375,29.035236358642578,84.11746978759766,95.41773986816406,45.33873748779297,11.203547477722168,53.29002380371094,60.81772994995117,73.38330841064453,57.841590881347656,68.71590423583984,19.929452896118164,59.35450744628906
2018-02-01,35.68819808959961,44.806358337402344,86.48916625976562,29.631807327270508,85.22930145263672,96.28446960449219,46.02259826660156,11.253396987915039,52.843833923339844,61.734405517578125,72.27970123291016,59.358787536621094,67.79940032958984,20.113576889038086,60.55790328979492
2018-02-02,34.19486618041992,43.5758056640625,81.67465209960938,28.09476089477539,82.53018951416016,93.1064224243164,44.06382751464844,10.904455184936523,51.859107971191406,59.69013214111328,69.52066802978516,57.928077697753906,66.72541809082031,19.491378784179688,57.471214294433594
2018-02-05,32.6855583190918,42.23198318481445,77.569580078125,27.126237869262695,80.13835906982422,91.44136810302734,42.24861145019531,10.474507331848145,49.681968688964844,57.524147033691406,68.2307357788086,56.08858871459961,64.276611328125,18.716798782348633,54.20094299316406
2018-02-06,32.83729553222656,42.23198318481445,80.71037292480469,26.936744689941406,79.19477844238281,92.68064880371094,42.746734619140625,10.798524856567383,50.535911560058594,57.77561950683594,69.42750549316406,56.239017486572266,64.77067565917969,19.154878616333008,53.26947784423828
2018-02-07,31.583520889282227,41.997955322265625,79.40859985351562,25.799745559692383,77.37344360351562,90.09561920166016,41.95310974121094,10.773603439331055,50.07430648803711,56.68046951293945,68.51737213134766,55.21778106689453,64.3267593383789,19.04694938659668,52.310829162597656
2018-02-08,30.130128860473633,40.193626403808594,77.34915924072266,24.522388458251953,73.90634155273438,84.644287109375,40.028099060058594,10.468276977539062,48.304901123046875,55.54475402832031,66.2456283569336,53.35740280151367,62.128570556640625,18.1326904296875,51.71932601928711
2018-02-09,29.730850219726562,39.48393630981445,78.17569732666016,24.339916229248047,73.19682312011719,84.02082061767578,39.428653717041016,10.742444038391113,49.1126708984375,55.30950164794922,66.36030578613281,51.60783004760742,63.16679763793945,18.164440155029297,52.04900360107422
2018-02-12,30.433582305908203,40.53895950317383,78.50628662109375,25.111934661865234,75.44242095947266,88.20247650146484,40.45869445800781,10.77983283996582,49.82813262939453,56.68046951293945,67.06977081298828,52.914066314697266,64.19284057617188,18.6787052154541,52.48858642578125
2018-02-13,30.10617446899414,40.470664978027344,78.03106689453125,24.262710571289062,74.95233917236328,87.45738220214844,40.01120376586914,10.83591365814209,50.835933685302734,56.55879211425781,67.19160461425781,52.185726165771484,64.6552963256836,18.900920867919922,52.406166076660156
2018-02-14,30.505456924438477,42.132904052734375,78.26522827148438,24.957536697387695,78.09025573730469,93.38773345947266,40.4164924621582,10.873300552368164,52.436100006103516,56.664249420166016,66.8834457397461,52.146156311035156,66.93138122558594,19.034250259399414,52.516056060791016
2018-02-15,30.42560386657715,41.39665603637695,78.27915954589844,24.38202476501465,78.77053833007812,95.1516342163086,39.58905029296875,10.786063194274902,52.159149169921875,56.32352828979492,66.48212432861328,52.415321350097656,67.19873809814453,19.034250259399414,52.344356536865234
2018-02-16,30.433582305908203,41.480140686035156,78.00784301757812,23.939863204956055,78.7339859008789,94.18606567382812,40.104087829589844,10.630284309387207,52.25914764404297,55.293251037597656,66.42436981201172,52.47074890136719,67.39381408691406,18.354907989501953,52.571014404296875
2018-02-20,30.5853214263916,41.624351501464844,77.20093536376953,24.318859100341797,78.968017578125,93.37251281738281,39.81703186035156,10.592901229858398,51.3141975402832,55.155364990234375,65.70226287841797,51.94033432006836,66.17267608642578,18.46919059753418,52.02840805053711
2018-02-21,29.70688819885254,40.797035217285156,75.86531066894531,21.455341339111328,77.39537811279297,91.98118591308594,39.30201721191406,10.437122344970703,51.3297004699707,54.52260208129883,64.68412017822266,50.98243713378906,65.6307601928711,18.17078971862793,51.437721252441406
2018-02-22,27.83023452758789,41.677494049072266,76.44269561767578,21.343042373657227,78.33164978027344,93.75269317626953,39.79171371459961,10.381040573120117,51.47685623168945,55.098567962646484,65.08129119873047,51.425750732421875,66.51229095458984,18.1326904296875,52.10396194458008
2018-02-23,28.8524112701416,43.301788330078125,78.32086944580078,22.058923721313477,79.6043930053711,97.26526641845703,40.90617370605469,10.599127769470215,51.74794387817383,55.42306900024414,66.30882263183594,52.64490509033203,66.80852508544922,18.246973037719727,53.250999450683594
2018-02-26,28.732635498046875,42.952640533447266,79.7190933227539,22.185256958007812,80.08714294433594,97.10559844970703,40.720420837402344,10.543048858642578,51.34518814086914,54.57127380371094,66.80705261230469,52.82698440551758,67.42272186279297,18.037460327148438,54.150753021240234
2018-02-27,27.790313720703125,42.37579345703125,79.03044891357422,22.360721588134766,78.22193145751953,95.92713165283203,40.20540237426758,10.36857795715332,50.81074142456055,54.14944839477539,66.51823425292969,52.96946716308594,67.03251647949219,18.005718231201172,53.23038101196289
2018-02-28,27.2712459564209,41.22209930419922,77.85482788085938,21.52552032470703,74.18429565429688,94.76386260986328,39.19225311279297,10.094409942626953,49.6179313659668,53.216522216796875,65.25457763671875,51.96409606933594,65.33448791503906,17.62477684020996,52.02153778076172
2018-03-01,27.367067337036133,40.89570617675781,77.93829345703125,21.43428611755371,74.00875091552734,96.10961151123047,38.862972259521484,10.100641250610352,50.183349609375,53.24087905883789,65.61563110351562,51.631587982177734,65.62352752685547,17.38351058959961,51.65065383911133
2018-03-02,27.77433967590332,41.032344818115234,77.6600341796875,22.009798049926758,74.20623779296875,98.13959503173828,38.862972259521484,10.032098770141602,50.493167877197266,53.24897766113281,65.9766845703125,51.829498291015625,66.62067413330078,17.21209144592285,51.89103317260742
2018-03-05,28.11772918701172,40.97920608520508,78.71043395996094,22.45897674560547,74.46956634521484,99.0291748046875,39.05714797973633,10.100641250610352,51.24449157714844,53.47611618041992,67.19697570800781,52.3757438659668,66.1582260131836,17.29463005065918,52.385555267333984
2018-03-06,28.237520217895508,41.032344818115234,79.05824279785156,21.988739013671875,73.88439178466797,96.62663269042969,38.92154312133789,10.038328170776367,52.19719314575195,53.26520538330078,67.82518768310547,52.74782180786133,66.27383422851562,17.542240142822266,52.32374954223633
2018-03-07,27.670528411865234,41.0399284362793,79.19042205810547,21.7220401763916,73.7820053100586,96.003173828125,38.84526824951172,10.000943183898926,52.42180252075195,52.883934020996094,68.03460693359375,52.43115234375,66.50508117675781,17.434309005737305,51.0050048828125
2018-03-08,27.92607879638672,40.66042709350586,78.84956359863281,22.73269271850586,73.57720947265625,95.18965148925781,38.997833251953125,9.976018905639648,53.467464447021484,51.68536376953125,68.73501586914062,52.834903717041016,67.42272186279297,17.45359230041504,50.90886688232422
2018-03-09,28.2055721282959,41.79133987426758,81.54164123535156,22.964309692382812,75.1937026977539,98.0331802368164,39.82846450805664,10.175413131713867,54.38917541503906,52.26823043823242,69.25491333007812,54.44987106323242,68.15251922607422,18.000019073486328,51.21106719970703
2018-03-12,28.277442932128906,41.548458099365234,81.2425308227539,23.034486770629883,73.62110137939453,96.86988067626953,39.769134521484375,10.312496185302734,53.65334701538086,52.448829650878906,68.5905990600586,53.90363311767578,66.97473907470703,18.16716766357422,51.678123474121094
2018-03-13,28.317371368408203,40.956424713134766,81.01297760009766,23.013431549072266,73.18219757080078,96.67224884033203,39.07410430908203,10.281342506408691,53.63011932373047,52.70331573486328,68.27287292480469,53.151554107666016,67.55278015136719,18.012880325317383,51.19045639038086
2018-03-14,28.46910285949707,40.956424713134766,80.0877685546875,22.93608856201172,73.06517791748047,95.65342712402344,39.19277572631836,10.231494903564453,53.72305679321289,52.571964263916016,68.02738952636719,52.5894889831543,66.95305633544922,18.09001922607422,50.55168151855469
2018-03-15,28.22154426574707,41.00957107543945,80.40081787109375,22.296236038208008,72.15817260742188,94.73346710205078,38.387569427490234,10.162952423095703,53.15762710571289,52.465248107910156,68.20791625976562,51.73450469970703,66.714599609375,17.15787696838379,51.114898681640625
2018-03-16,28.860401153564453,41.692657470703125,80.27560424804688,22.472017288208008,73.47478485107422,95.42533874511719,38.913063049316406,10.225260734558105,53.97092056274414,52.908546447753906,69.16828155517578,52.3282356262207,67.7695541381836,17.492162704467773,51.59571075439453
2018-03-19,28.405208587646484,40.66042709350586,79.2252197265625,21.909513473510742,72.0265121459961,93.23566436767578,37.87053298950195,9.96978759765625,53.60687255859375,52.25181579589844,68.16456604003906,51.219932556152344,67.15538024902344,16.842870712280273,50.92946243286133
2018-03-20,28.964208602905273,41.518096923828125,79.6495361328125,22.18373680114746,74.11846160888672,95.44815826416016,38.557071685791016,9.726774215698242,55.34962463378906,52.465248107910156,68.67003631591797,51.90074920654297,68.26090240478516,16.842870712280273,50.81955337524414
2018-03-21,30.42560386657715,43.29420471191406,81.41641998291016,23.14702796936035,76.6419906616211,98.9759292602539,39.93019485473633,9.913705825805664,56.7050895690918,54.21381759643555,69.42822265625,53.626529693603516,68.9690170288086,17.357162475585938,51.54074478149414
2018-03-22,29.770774841308594,42.88432693481445,79.093017578125,22.70405387878418,76.2835693359375,97.15120697021484,39.311431884765625,9.57099723815918,56.51920700073242,53.50782775878906,68.38118743896484,51.869083404541016,67.2276382446289,17.022876739501953,50.4830207824707
2018-03-23,29.555160522460938,43.825496673583984,78.59217071533203,22.661865234375,77.43194580078125,97.28805541992188,39.36229705810547,9.352907180786133,55.210208892822266,53.7623176574707,67.43526458740234,50.77659606933594,65.91255187988281,16.482877731323242,50.06403350830078
2018-03-26,29.770774841308594,44.84257888793945,80.24080657958984,22.83061981201172,78.68273162841797,101.29484558105469,40.01493453979492,9.427679061889648,57.06911849975586,55.16609573364258,69.31991577148438,51.02993392944336,68.10194396972656,16.360734939575195,50.82643127441406
2018-03-27,29.93048667907715,44.88813018798828,79.76081085205078,22.296236038208008,77.77574157714844,98.21565246582031,39.7352294921875,9.402756690979004,56.449485778808594,54.03321075439453,69.1104965209961,51.04576873779297,66.67124938964844,16.16787338256836,50.6203727722168
2018-03-28,29.82667350769043,44.576934814453125,77.98001098632812,21.937641143798828,75.93980407714844,94.78668212890625,39.0317268371582,9.22828197479248,55.62846374511719,51.84135055541992,68.114013671875,50.040367126464844,65.23334503173828,15.930015563964844,50.00907516479492
2018-03-29,30.72905921936035,45.00198745727539,79.32955169677734,22.35248565673828,77.00038146972656,96.19322204589844,39.78608703613281,9.384063720703125,56.62763214111328,53.32721710205078,69.26215362548828,51.283260345458984,67.03251647949219,15.981447219848633,51.24540710449219
2018-04-02,30.265897750854492,44.09115982055664,78.0774154663086,21.339981079101562,75.2887954711914,92.9543685913086,39.06563186645508,9.284363746643066,55.612979888916016,53.089149475097656,68.56173706054688,50.25410461425781,66.1582260131836,15.769304275512695,50.29068374633789
2018-04-03,30.345748901367188,45.56364059448242,79.87911224365234,22.057172775268555,76.85408782958984,93.85151672363281,39.66743087768555,9.352907180786133,56.23261642456055,54.698177337646484,69.44989013671875,51.29117965698242,66.98196411132812,15.717873573303223,51.527000427246094
2018-04-04,30.497474670410156,45.206905364990234,79.63562774658203,22.022016525268555,76.19578552246094,93.19764709472656,39.65047073364258,9.446371078491211,56.20936584472656,54.68994140625,69.31270599365234,51.30701446533203,67.45162200927734,15.7243013381958,51.42399215698242
2018-04-05,30.94466781616211,45.890018463134766,81.5903549194336,22.70405387878418,76.34939575195312,94.5889892578125,40.413307189941406,9.658230781555176,56.8599967956543,55.63401412963867,70.59799194335938,52.06699752807617,69.26527404785156,15.942874908447266,52.213863372802734
2018-04-06,30.617259979248047,44.97920608520508,79.83039855957031,22.11342430114746,74.55733489990234,88.66626739501953,39.836952209472656,9.452603340148926,56.116424560546875,55.436988830566406,70.02034759521484,50.95076370239258,68.77392578125,15.67287540435791,51.42399215698242
2018-04-09,30.705106735229492,46.0114631652832,80.67906951904297,22.12748908996582,75.61795043945312,86.13448333740234,39.46400833129883,9.40898609161377,55.512298583984375,56.586299896240234,70.57633972167969,50.87160110473633,69.3736572265625,15.67287540435791,51.42399215698242
2018-04-10,31.367910385131836,47.31697463989258,82.67554473876953,23.625154495239258,78.74858093261719,89.24408721923828,41.379573822021484,9.726774215698242,57.08462142944336,57.883358001708984,72.38874816894531,52.81114196777344,71.45464324951172,16.11644744873047,52.93503189086914
2018-04-11,31.6554012298584,47.992496490478516,82.95376586914062,23.723596572875977,80.02130126953125,88.6054458618164,42.0322151184082,9.564764022827148,57.33247375488281,58.84381866455078,74.049560546875,53.47614288330078,72.48067474365234,16.29644775390625,53.18230438232422
2018-04-12,31.447763442993164,48.00006866455078,82.93986511230469,23.0837459564209,80.4455795288086,88.45340728759766,42.55772399902344,9.558533668518066,57.510623931884766,58.92593002319336,74.10731506347656,53.48404312133789,72.63965606689453,16.12287712097168,53.03807067871094
2018-04-13,32.43799591064453,49.26005554199219,83.41983795166016,23.625154495239258,81.34310150146484,90.24768829345703,43.04085922241211,9.552305221557617,57.773990631103516,60.44462585449219,74.90882110595703,53.79280471801758,73.5789794921875,16.16787338256836,53.463897705078125
2018-04-16,32.573760986328125,49.89002990722656,83.96243286132812,23.639217376708984,81.34310150146484,90.50621032714844,43.02391052246094,9.770389556884766,60.043418884277344,61.49541473388672,77.13282775878906,54.24403762817383,76.22358703613281,16.45073127746582,53.94471740722656
2018-04-17,33.020965576171875,50.4820671081543,84.49111938476562,23.68842887878418,81.43833923339844,92.98477935791016,43.13409423828125,9.98224925994873,60.84122085571289,61.74991226196289,77.88382720947266,54.35487365722656,77.09066009521484,16.540733337402344,53.80047607421875
2018-04-18,34.21084213256836,50.413753509521484,86.13279724121094,25.382978439331055,82.68392944335938,96.63422393798828,44.15121078491211,10.075716018676758,61.019351959228516,62.324527740478516,78.62755584716797,55.684852600097656,77.7048568725586,16.566448211669922,54.4117546081543
2018-04-19,33.563987731933594,50.330257415771484,86.05628204345703,25.09469223022461,83.55583190917969,97.98754119873047,44.083404541015625,10.306266784667969,61.49958038330078,62.38201141357422,79.89118194580078,55.637367248535156,78.18175506591797,16.42502212524414,54.54912185668945
2018-04-20,33.298885345458984,49.93557357788086,85.08240509033203,24.890785217285156,83.5045394897461,97.62260437011719,44.041011810302734,10.262651443481445,61.77842330932617,62.776058197021484,80.14390563964844,54.80613708496094,78.43463134765625,16.399309158325195,54.26065444946289
2018-04-23,33.36315155029297,49.700286865234375,85.96585083007812,24.911884307861328,84.14195251464844,97.50094604492188,44.11730194091797,10.243955612182617,61.848140716552734,63.40816116333008,80.47610473632812,54.552791595458984,78.94767761230469,16.617876052856445,54.65214920043945
2018-04-24,32.64815902709961,49.57123565673828,85.24240112304688,24.2439022064209,83.95880889892578,95.59259796142578,43.54093551635742,10.13802719116211,61.793922424316406,63.49025344848633,78.87305450439453,54.054046630859375,78.24675750732422,16.42502212524414,53.81419372558594
2018-04-25,32.937381744384766,49.38148880004883,85.36760711669922,24.750154495239258,84.5522689819336,95.60780334472656,43.863033294677734,10.131797790527344,62.14247131347656,63.506690979003906,79.27742767333984,54.70319366455078,78.52857208251953,16.470014572143555,54.604061126708984
2018-04-26,32.84097671508789,50.83121871948242,86.41104888916016,25.157976150512695,86.1788558959961,96.45934295654297,44.58348083496094,10.10687255859375,64.2337646484375,63.70370864868164,81.24871063232422,54.9961051940918,80.59510803222656,16.444305419921875,55.53817367553711
2018-04-27,32.27862548828125,49.29800033569336,88.0805892944336,25.136878967285156,85.5707015991211,95.68385314941406,44.7784309387207,10.062708854675293,63.07193374633789,63.24397659301758,80.3966293334961,54.68736267089844,79.32340240478516,16.43144989013672,53.429561614990234
2018-04-30,32.897216796875,49.71544647216797,87.0301513671875,25.54470443725586,86.58183288574219,97.6606216430664,44.91404724121094,9.980694770812988,58.0218391418457,63.42460632324219,80.37496948242188,54.275699615478516,80.15435028076172,16.540733337402344,53.40211486816406
2018-05-01,32.49555206298828,49.874847412109375,86.85625457763672,25.45328712463379,86.13489532470703,97.39453125,44.44786071777344,10.10687255859375,56.4649772644043,62.8663444519043,80.76490783691406,54.149051666259766,80.00260925292969,16.68859100341797,52.85261917114258
2018-05-02,32.9855842590332,49.67750930786133,87.29450988769531,26.880638122558594,85.4681396484375,98.0179672241211,44.61737060546875,10.195199012756348,58.74216842651367,63.071590423583984,82.69288635253906,54.35487365722656,81.1081314086914,16.81073570251465,52.74958419799805
2018-05-03,30.961132049560547,50.08736801147461,87.65621948242188,26.15642547607422,84.99922180175781,96.18563842773438,44.33767318725586,9.980694770812988,59.99696350097656,63.44920349121094,83.46550750732422,53.6107292175293,81.91741943359375,16.778593063354492,52.571014404296875
2018-05-04,31.72433090209961,50.747703552246094,87.32231140136719,26.627513885498047,84.01008605957031,96.78627014160156,44.23596954345703,10.163650512695312,59.59419250488281,63.79400634765625,83.47994232177734,54.45778274536133,81.93184661865234,16.836442947387695,52.818275451660156
2018-05-07,31.708251953125,50.67940139770508,86.91192626953125,26.641582489013672,83.44593048095703,99.02156066894531,44.1003532409668,10.226741790771484,59.25336837768555,63.44101333618164,83.33553314208984,54.79026794433594,82.13419342041016,16.887880325317383,53.39522171020508
2018-05-08,32.230430603027344,51.4156379699707,88.0457992553711,27.43610954284668,84.4716796875,102.42770385742188,43.96473693847656,10.138415336608887,58.331668853759766,64.19623565673828,83.94205474853516,55.05152893066406,81.787353515625,16.791446685791016,53.63561248779297
2018-05-09,33.13821029663086,52.14430618286133,89.5414047241211,28.279878616333008,86.30341339111328,103.79627227783203,44.668251037597656,10.378157615661621,59.725868225097656,67.64413452148438,84.84469604492188,56.11234664916992,82.96514892578125,17.048585891723633,54.8994140625
2018-05-10,33.45152282714844,52.63006591796875,89.61095428466797,28.750967025756836,87.15333557128906,98.67941284179688,44.67670822143555,10.409699440002441,60.05891036987305,68.84269714355469,85.17684936523438,56.302345275878906,82.7267074584961,17.15787696838379,56.12886428833008
2018-05-11,33.266746520996094,52.92350387573242,90.32046508789062,28.79315948486328,86.02497100830078,94.14042663574219,44.31224060058594,10.416010856628418,59.89626693725586,69.75392150878906,85.03243255615234,56.27067947387695,82.82785034179688,17.44716453552246,56.39250946044922
2018-05-14,33.989768981933594,53.03782272338867,90.70310974121094,29.053302764892578,86.95547485351562,94.4597396850586,44.498722076416016,10.498022079467773,60.67856216430664,69.6882553100586,85.4151382446289,56.682334899902344,83.72383117675781,17.517879486083984,56.77410125732422
2018-05-15,34.158470153808594,53.41889190673828,90.25094604492188,29.025184631347656,88.09117889404297,97.72144317626953,44.685184478759766,10.371847152709961,60.21885299682617,69.17926788330078,85.43680572509766,56.682334899902344,83.74549865722656,17.52430534362793,56.7463493347168
2018-05-16,34.270938873291016,53.23597717285156,90.12569427490234,29.109561920166016,89.02167510986328,100.45854187011719,44.8970832824707,10.346611022949219,59.782554626464844,69.17105102539062,85.32125854492188,57.87773132324219,83.66547393798828,17.595022201538086,56.90591049194336
2018-05-17,35.3554573059082,53.85332489013672,90.84144592285156,29.784570693969727,92.4286880493164,103.59857177734375,46.08372497558594,10.283519744873047,62.88351058959961,70.73081970214844,88.00018310546875,58.92270278930664,87.09970092773438,18.006450653076172,56.80878448486328
2018-05-18,35.27512741088867,53.00734329223633,89.71871948242188,29.503311157226562,92.16492462158203,102.41519927978516,46.04134750366211,10.138415336608887,61.96413040161133,70.12332916259766,87.46231842041016,58.811893463134766,87.71813201904297,17.871448516845703,56.4063835144043
2018-05-21,35.57236862182617,53.85332489013672,90.7782974243164,29.763479232788086,93.38117980957031,104.07418060302734,46.10914993286133,10.081636428833008,61.43431091308594,70.42708587646484,88.2691421508789,59.397701263427734,88.80950927734375,17.7557315826416,57.0863151550293
2018-05-22,34.648502349853516,53.44935607910156,89.97834777832031,29.390804290771484,90.67755889892578,100.62687683105469,45.125946044921875,10.05639934539795,61.153804779052734,69.73748779296875,86.31389617919922,58.36856460571289,87.4198226928711,17.826452255249023,56.64227294921875
2018-05-23,34.198631286621094,52.67961120605469,90.30815124511719,29.665040969848633,90.1060562133789,98.65586853027344,44.85470199584961,10.214120864868164,61.44989776611328,70.0494613647461,86.45924377441406,58.14687728881836,88.07466125488281,17.800729751586914,56.996097564697266
2018-05-24,33.146240234375,52.16897201538086,88.84160614013672,29.31346321105957,87.90802001953125,95.11726379394531,44.303775787353516,10.018548965454102,61.63689041137695,68.84269714355469,86.36476135253906,56.381507873535156,88.67855834960938,17.47930145263672,55.69175720214844
2018-05-25,31.555614471435547,49.89778518676758,85.74010467529297,28.53300666809082,86.28142547607422,91.58619689941406,42.54077911376953,10.024857521057129,59.992919921875,67.64413452148438,84.02427673339844,54.3073616027832,86.38664245605469,17.350736618041992,54.60942840576172
2018-05-29,31.330671310424805,50.0806884765625,85.17876434326172,28.750967025756836,85.14574432373047,92.08084869384766,42.176300048828125,10.119490623474121,60.46818923950195,67.17621612548828,84.9037857055664,53.88780975341797,86.92507934570312,17.138587951660156,54.40821838378906
2018-05-30,32.70439910888672,51.86410903930664,87.82415008544922,29.482219696044922,87.74681854248047,93.45065307617188,42.72724533081055,10.447550773620605,61.979698181152344,69.01508331298828,86.62642669677734,55.0040283203125,88.91867065429688,17.47930145263672,56.54514694213867
2018-05-31,32.134029388427734,51.36109924316406,87.22071838378906,29.229095458984375,86.31805419921875,91.8982162475586,42.159358978271484,10.523260116577148,61.574546813964844,69.12178802490234,84.67121124267578,54.362789154052734,88.1838150024414,17.26716423034668,56.36476135253906
2018-06-01,31.30657196044922,52.04703903198242,86.9049301147461,29.109561920166016,86.71369934082031,87.89533996582031,41.599945068359375,10.662055969238281,63.82623291015625,69.8606185913086,86.49560546875,54.59235763549805,90.06096649169922,17.15144920349121,56.77410125732422
2018-06-04,31.47528839111328,51.749813079833984,85.78924560546875,28.18846893310547,86.94817352294922,85.0035629272461,40.642173767089844,10.687292098999023,63.83403015136719,70.07410430908203,86.64097595214844,54.67945098876953,90.54121398925781,17.061450958251953,56.177433013916016
2018-06-05,31.53150749206543,51.49065017700195,86.11902618408203,27.647052764892578,85.4168701171875,84.88941955566406,40.72724151611328,10.6242036819458,62.587425231933594,70.19720458984375,86.37203979492188,54.59173583984375,89.73355102539062,17.035734176635742,55.976226806640625
2018-06-06,31.79661750793457,51.73455047607422,86.57515716552734,29.186904907226562,85.094482421875,85.39929962158203,41.093082427978516,10.548493385314941,61.36417007446289,70.97708892822266,84.78751373291016,54.93461608886719,88.1838150024414,16.836442947387695,56.93368911743164
2018-06-07,33.539886474609375,52.95399475097656,89.08720397949219,29.496280670166016,86.40599822998047,86.84516906738281,41.62908172607422,10.7629976272583,61.66804885864258,70.99349975585938,85.36172485351562,55.50078582763672,88.3947982788086,17.201183319091797,57.50259017944336
2018-06-08,33.93351745605469,52.915870666503906,88.72232818603516,29.643938064575195,86.21549224853516,86.7234115600586,40.92292785644531,10.630512237548828,61.54336929321289,70.7947006225586,84.92559051513672,55.365230560302734,87.10696411132812,17.012304306030273,58.00212860107422
2018-06-11,35.82943344116211,53.72374725341797,89.50819396972656,29.721281051635742,86.46460723876953,86.62449645996094,40.71873474121094,10.819777488708496,60.592857360839844,71.35796356201172,85.05641174316406,55.716102600097656,87.72541809082031,17.422630310058594,57.65523910522461
2018-06-12,34.35126495361328,52.915870666503906,89.17141723632812,29.482219696044922,86.80164337158203,90.46753692626953,40.71873474121094,10.680983543395996,58.79304504394531,70.34742736816406,83.98795318603516,54.70336151123047,85.87005615234375,17.409605026245117,57.183448791503906
2018-06-13,34.80113983154297,53.06068801879883,89.16439819335938,29.946292877197266,86.64044189453125,90.06422424316406,40.55708694458008,10.561113357543945,58.34117126464844,69.8504409790039,84.13330841064453,54.20100402832031,85.76822662353516,17.33795928955078,56.55207061767578
2018-06-14,34.45570755004883,51.925079345703125,88.77143859863281,29.382726669311523,86.11290740966797,88.23780059814453,40.608131408691406,10.693599700927734,58.58272171020508,69.86701965332031,83.98795318603516,54.488075256347656,84.99697875976562,17.722232818603516,56.815731048583984
2018-06-15,33.42742156982422,49.813934326171875,87.0382308959961,28.35422134399414,83.6584243774414,87.95623779296875,39.64674758911133,10.58004093170166,57.312705993652344,69.02216339111328,83.07937622070312,53.29191589355469,83.80371856689453,17.370525360107422,55.96235275268555
2018-06-18,34.41554260253906,50.758995056152344,88.39251708984375,28.953006744384766,85.4461669921875,93.2832260131836,39.66375732421875,10.82608699798584,58.27105712890625,69.40319061279297,83.5445785522461,53.459388732910156,84.79324340820312,17.644079208374023,56.073368072509766
2018-06-19,34.75294494628906,50.4998664855957,88.0907974243164,29.312284469604492,85.783203125,97.0882339477539,39.2298469543457,10.945959091186523,58.06067657470703,68.40091705322266,83.28291320800781,52.390846252441406,84.85145568847656,17.715723037719727,55.9901008605957
2018-06-20,36.69706344604492,51.42207336425781,87.91535949707031,30.01673698425293,87.50502014160156,98.59501647949219,38.8895378112793,11.034281730651855,57.51530838012695,68.94760131835938,83.29016876220703,52.27123260498047,84.20387268066406,18.047883987426758,55.816654205322266
2018-06-21,35.63663101196289,49.6234016418457,86.02079772949219,28.98823356628418,85.4314956665039,94.15837860107422,38.21741485595703,10.82608699798584,56.47126388549805,67.99507141113281,81.00785827636719,51.66518783569336,80.92243194580078,18.034860610961914,55.28937530517578
2018-06-22,35.95796585083008,51.65833282470703,87.78205108642578,30.48870277404785,86.8309326171875,95.5510025024414,39.323448181152344,10.97119426727295,56.5803337097168,69.02216339111328,81.42214965820312,53.09257888793945,81.66460418701172,18.002300262451172,56.46189880371094
2018-06-25,34.656551361083984,50.40841293334961,86.03485107421875,29.509525299072266,85.60002136230469,92.53743743896484,38.48966598510742,10.832398414611816,54.515647888183594,67.38212585449219,80.28099822998047,52.175537109375,79.49638366699219,17.526840209960938,55.32404327392578
2018-06-26,35.48399353027344,51.3229866027832,87.12245178222656,30.002641677856445,87.68819427490234,96.29676818847656,38.57475662231445,11.072134017944336,54.95974349975586,68.4837646484375,80.54266357421875,52.64601516723633,80.2166976928711,17.696186065673828,55.94847869873047
2018-06-27,36.86577224731445,52.3900032043457,88.41358184814453,30.6225643157959,90.80213928222656,99.02876281738281,39.000144958496094,11.128912925720215,53.91571044921875,69.3866195678711,80.4699935913086,53.27597427368164,79.6855697631836,17.62453269958496,56.690826416015625
2018-06-28,36.90593719482422,52.13848876953125,88.17501831054688,30.70004653930664,90.48706817626953,99.56904602050781,38.82147216796875,11.027975082397461,54.14165496826172,69.08013153076172,81.21864318847656,53.43546676635742,79.38726043701172,17.696186065673828,56.87124252319336
2018-06-29,37.556644439697266,53.06068801879883,88.71532440185547,30.96773910522461,91.16844940185547,100.12462615966797,38.33652877807617,11.147842407226562,54.6636848449707,69.31204223632812,81.63294219970703,53.451412200927734,80.6386947631836,17.657102584838867,57.39853286743164
2018-07-02,35.893707275390625,52.275657653808594,87.18561553955078,30.66482162475586,89.68111419677734,98.39712524414062,37.83456039428711,10.996431350708008,54.749385833740234,68.35123443603516,80.39729309082031,52.00010299682617,79.47457122802734,17.390064239501953,56.72554397583008
2018-07-03,36.77738952636719,53.01494598388672,87.52243041992188,30.99592399597168,89.70309448242188,98.9678955078125,37.88559341430664,11.160462379455566,55.17790603637695,69.46116638183594,80.32461547851562,52.502471923828125,78.70330810546875,17.611515045166016,57.058555603027344
2018-07-05,37.219242095947266,52.53480529785156,86.99613952636719,30.988874435424805,90.28190612792969,100.45183563232422,37.81755065917969,11.09106159210205,54.227378845214844,69.73450469970703,80.06294250488281,52.97296142578125,78.23766326904297,17.859010696411133,57.107120513916016
2018-07-06,37.685176849365234,53.08353805541992,87.10843658447266,31.35519027709961,91.10983276367188,102.7120132446289,38.225921630859375,11.311873435974121,54.69483184814453,69.78419494628906,80.81161499023438,53.451412200927734,78.45594787597656,17.963218688964844,57.121002197265625
2018-07-09,38.88217544555664,54.112449645996094,88.40656280517578,31.911714553833008,92.41403198242188,104.0057144165039,38.991641998291016,11.419124603271484,55.957035064697266,70.61248016357422,81.83647155761719,54.49605941772461,79.503662109375,17.956708908081055,57.5164794921875
2018-07-10,39.050872802734375,54.67643737792969,89.52924346923828,32.13009262084961,93.02948760986328,101.94340515136719,39.357460021972656,11.494830131530762,55.99598693847656,70.98522186279297,82.2725830078125,55.41309356689453,79.0307388305664,17.917631149291992,58.04376220703125
2018-07-11,38.30376052856445,53.38842010498047,86.67335510253906,31.080446243286133,91.33699798583984,99.5081787109375,38.37055206298828,11.26771354675293,54.50785827636719,69.51913452148438,80.43364715576172,54.49605941772461,77.38636016845703,17.90460777282715,57.301395416259766
2018-07-12,37.81370544433594,54.45541763305664,87.19264221191406,30.946609497070312,90.95598602294922,99.1429214477539,38.21741485595703,11.374959945678711,54.936378479003906,70.04096984863281,80.78253936767578,53.80228805541992,77.69926452636719,17.696186065673828,57.37077713012695
2018-07-13,38.118988037109375,54.874576568603516,87.0382308959961,31.503129959106445,92.28948211669922,99.94954681396484,38.583251953125,11.2992582321167,55.89470672607422,69.2789535522461,81.26951599121094,54.288719177246094,78.09941864013672,17.793882369995117,57.80093002319336
2018-07-16,36.95412063598633,53.79235076904297,86.2944564819336,31.143856048583984,91.43462371826172,98.9222183227539,38.25145721435547,11.229856491088867,55.6453857421875,68.35951232910156,80.91338348388672,53.76241683959961,77.34272766113281,17.748287200927734,57.232017517089844
2018-07-17,36.359642028808594,53.56370162963867,85.54364776611328,31.05228042602539,91.22185516357422,99.42447662353516,38.33652877807617,11.160462379455566,55.86354064941406,68.4920425415039,80.72437286376953,53.22016525268555,77.18994903564453,17.565916061401367,57.107120513916016
2018-07-18,35.71696853637695,53.61705017089844,85.2770004272461,30.819805145263672,90.67886352539062,99.37881469726562,38.11532974243164,11.217239379882812,56.533592224121094,68.7156982421875,80.60808563232422,53.475341796875,77.59737396240234,18.08045768737793,57.044681549072266
2018-07-19,35.789268493652344,53.114036560058594,85.375244140625,31.094539642333984,89.80567932128906,100.52031707763672,38.25145721435547,11.349727630615234,56.767330169677734,68.73226928710938,80.60808563232422,53.36369705200195,77.85204315185547,18.68618392944336,56.89899444580078
2018-07-20,35.853904724121094,53.57703399658203,85.7962417602539,31.094539642333984,89.77629852294922,99.80498504638672,38.45563507080078,11.160462379455566,56.502418518066406,68.8150863647461,80.21558380126953,52.70182800292969,77.27725219726562,18.757822036743164,56.47576904296875
2018-07-23,35.82966232299805,53.5540657043457,85.13666534423828,31.143856048583984,90.15055084228516,99.8202133178711,35.34175491333008,11.166769027709961,56.87640380859375,68.29325866699219,80.27373504638672,52.4227294921875,77.32815551757812,18.757822036743164,56.47576904296875
2018-07-24,36.39518737792969,54.219844818115234,86.9049301147461,31.390417098999023,92.17574310302734,101.55525207519531,34.329315185546875,11.135225296020508,57.452972412109375,69.12982940673828,80.84066009521484,52.2473030090332,78.0484848022461,19.005327224731445,57.5927848815918
2018-07-25,36.920310974121094,54.724945068359375,87.64171600341797,31.89057731628418,94.20095825195312,102.49130249023438,33.878395080566406,11.292946815490723,58.21650695800781,69.8504409790039,81.6620101928711,52.45463562011719,79.54731750488281,19.174665451049805,57.99519729614258
2018-07-26,36.93646240234375,54.946876525878906,86.97511291503906,31.80603790283203,94.55315399169922,102.39242553710938,35.14607620239258,11.374959945678711,62.4549674987793,69.70964050292969,84.3150405883789,53.315853118896484,85.00423431396484,19.18768882751465,58.44617462158203
2018-07-27,36.36286163330078,54.67903137207031,88.39251708984375,31.383365631103516,94.76591491699219,100.7105712890625,35.56296157836914,11.292946815490723,63.10166931152344,69.13810729980469,86.34293365478516,53.459388732910156,84.65499114990234,18.953218460083008,56.83654022216797
2018-07-30,37.211151123046875,55.30655288696289,89.69768524169922,31.742643356323242,95.31625366210938,101.7531509399414,35.97984313964844,11.324846267700195,63.498985290527344,69.00559997558594,88.78519439697266,53.89000701904297,85.31709289550781,19.25933074951172,56.7116584777832
2018-07-31,37.16267013549805,55.23002624511719,88.60302734375,31.70742416381836,94.61184692382812,100.4137954711914,36.09043884277344,11.343988418579102,62.97697067260742,69.51913452148438,89.65013122558594,53.84215545654297,86.11017608642578,19.376564025878906,56.55207061767578
2018-08-01,36.30630874633789,54.954532623291016,87.98555755615234,30.6225643157959,92.13905334472656,101.12151336669922,35.78416061401367,11.184483528137207,62.92244338989258,68.45062255859375,89.4102783203125,53.15636444091797,84.96785736083984,19.584991455078125,55.775020599365234
2018-08-02,35.87813186645508,54.76320266723633,86.8417739868164,30.953657150268555,92.40320587158203,102.34674072265625,35.65654373168945,11.280187606811523,62.119930267333984,68.11932373046875,88.71249389648438,52.582218170166016,83.91285705566406,20.177684783935547,55.4420051574707
2018-08-03,36.47597122192383,54.55659866333008,87.0452651977539,30.32670021057129,89.82035064697266,99.53864288330078,35.775638580322266,11.241907119750977,61.62131118774414,68.16072082519531,88.42903137207031,52.54234313964844,83.94922637939453,20.28189468383789,55.64320755004883
2018-08-06,36.87184143066406,54.89329528808594,87.22071838378906,30.749364852905273,90.91365051269531,101.6846694946289,35.69908142089844,11.452452659606934,62.20563507080078,68.16902160644531,89.06865692138672,52.4227294921875,84.17636108398438,20.412158966064453,55.62931442260742
2018-08-07,37.46966552734375,55.78866958618164,87.83818817138672,30.60847282409668,91.30255889892578,102.53699493408203,35.75863265991211,11.47159194946289,63.31980514526367,67.87081146240234,89.19949340820312,53.172332763671875,85.50984191894531,20.56195640563965,56.385562896728516
2018-08-08,37.26770782470703,54.633113861083984,86.92596435546875,30.059005737304688,90.08448028564453,101.81402587890625,35.75863265991211,11.433311462402344,63.64702224731445,67.25787353515625,89.38847351074219,52.957008361816406,84.91637420654297,20.548934936523438,56.010929107666016
2018-08-09,34.97330856323242,54.90859603881836,85.97869110107422,29.63632583618164,89.74698638916016,99.80498504638672,35.31623840332031,11.44607162475586,62.91463851928711,64.43338012695312,88.80699157714844,52.15162658691406,84.35953521728516,20.70525550842285,55.72645568847656
2018-08-10,35.68423843383789,55.054019927978516,86.54705810546875,30.17875099182129,90.08448028564453,102.58260345458984,35.682064056396484,11.592816352844238,63.05492401123047,65.25341033935547,89.10498046875,52.661964416503906,84.52804565429688,20.70525550842285,55.67039108276367
2018-08-13,35.29646682739258,54.388206481933594,85.91552734375,29.63632583618164,89.15260314941406,100.35291290283203,34.75469970703125,11.382268905639648,62.40040588378906,64.72328186035156,88.36359405517578,51.808719635009766,84.10309600830078,19.988807678222656,55.06755065917969
2018-08-14,35.46612548828125,55.214725494384766,86.01378631591797,29.875837326049805,90.30464172363281,101.78359985351562,34.601566314697266,11.452452659606934,62.41600799560547,65.98229217529297,87.90567779541016,51.67315673828125,84.29360961914062,19.741302490234375,54.892311096191406
2018-08-15,33.914981842041016,51.90106201171875,82.75791931152344,28.516244888305664,84.70600128173828,89.56957244873047,33.776309967041016,11.312085151672363,60.48045349121094,63.721046447753906,83.8643798828125,49.67162322998047,81.70726013183594,19.539403915405273,53.932003021240234
2018-08-16,34.06847381591797,53.11787033081055,83.35298919677734,28.65714454650879,85.05084991455078,91.66991424560547,33.83585739135742,11.36950969696045,60.096473693847656,64.6239013671875,83.5445785522461,49.83110427856445,81.56072235107422,19.54591178894043,54.67500305175781
2018-08-17,33.93113327026367,53.39337158203125,83.45217895507812,28.600784301757812,84.2143783569336,91.55182647705078,34.006011962890625,11.452452659606934,60.425601959228516,65.06288146972656,83.90800476074219,50.102237701416016,81.32627868652344,19.84551429748535,54.85725784301758
2018-08-20,33.95537185668945,53.96731948852539,83.416748046875,28.910737991333008,84.2143783569336,92.16887664794922,34.371856689453125,11.426933288574219,61.718570709228516,65.44389343261719,84.96194458007812,50.636505126953125,83.0846939086914,19.812950134277344,55.242794036865234
2018-08-21,34.47241973876953,54.25046920776367,83.55135345458984,29.481346130371094,84.74269104003906,93.38773345947266,34.805755615234375,11.458831787109375,61.91449737548828,65.34449005126953,85.27668762207031,51.64125061035156,83.62684631347656,19.878082275390625,55.25680923461914
2018-08-22,34.96521759033203,55.09990692138672,84.24559020996094,30.08716583251953,86.08550262451172,94.63709259033203,35.0524787902832,11.663000106811523,62.8548469543457,65.70895385742188,85.64997100830078,51.90439987182617,84.75518035888672,19.858539581298828,56.04890441894531
2018-08-23,34.62590789794922,55.138179779052734,83.66468048095703,29.95332908630371,85.41040802001953,92.63359832763672,34.73768615722656,11.47159194946289,63.95976257324219,65.41908264160156,86.63806915283203,51.55353927612305,86.49891662597656,19.598020553588867,55.43206024169922
2018-08-24,35.134883880615234,55.5667610168457,84.30937194824219,30.051952362060547,86.18821716308594,92.74784851074219,34.72068786621094,11.46521282196045,65.68374633789062,65.71722412109375,87.28213500976562,52.0319938659668,88.32325744628906,19.591503143310547,55.81057357788086
2018-08-27,35.36109161376953,55.74276351928711,85.2586441040039,30.206932067871094,87.06138610839844,93.494384765625,34.89083480834961,11.46521282196045,65.57401275634766,66.43785095214844,87.85307312011719,51.71302032470703,88.80683898925781,19.747817993164062,56.35732650756836
2018-08-28,34.54512405395508,55.138179779052734,84.91151428222656,29.94629669189453,86.56243896484375,92.26793670654297,34.601566314697266,11.363128662109375,65.75426483154297,66.35504913330078,87.64813232421875,51.09103012084961,88.20604705810547,19.591503143310547,56.27320861816406
2018-08-29,35.32877731323242,56.27842330932617,85.16653442382812,30.263286590576172,87.15680694580078,92.86973571777344,34.644100189208984,11.407791137695312,65.60540008544922,66.45443725585938,88.15316009521484,51.42595672607422,88.36724090576172,19.48078155517578,56.67976379394531
2018-08-30,35.853904724121094,56.29376983642578,84.87610626220703,30.3830509185791,87.25216674804688,92.5726318359375,34.21870803833008,11.343988418579102,65.13519287109375,66.37157440185547,87.50176239013672,51.30633544921875,87.22425842285156,19.330978393554688,56.43442153930664
2018-08-31,35.40956497192383,56.194271087646484,83.91970825195312,30.242155075073242,86.75321197509766,92.23747253417969,33.93793869018555,11.292947769165039,64.48480224609375,66.15624237060547,86.74054718017578,50.36537551879883,86.36705780029297,19.272363662719727,56.19610595703125
2018-09-04,34.88444519042969,55.94939041137695,84.21017456054688,29.833572387695312,86.34961700439453,91.6584701538086,33.74138259887695,11.241907119750977,66.0442123413086,65.65923309326172,87.06991577148438,49.77057647705078,88.09614562988281,19.018346786499023,56.28022384643555
2018-09-05,35.48226547241211,55.86519241333008,84.24559020996094,29.382726669311523,86.50373840332031,89.4797592163086,31.732961654663086,11.350369453430176,65.77778625488281,65.55157470703125,86.3599624633789,49.04717254638672,85.6563720703125,19.19420623779297,57.030250549316406
2018-09-06,34.46433639526367,53.982627868652344,81.63151550292969,28.621910095214844,84.75003051757812,87.2172622680664,31.502220153808594,11.273807525634766,64.88444519042969,64.25118255615234,85.41575622558594,48.39611053466797,85.04090118408203,18.779085159301758,56.39937973022461
2018-09-07,34.634002685546875,53.73773193359375,81.18521881103516,28.509201049804688,83.99425506591797,85.81556701660156,31.45093536376953,11.36950969696045,64.65719604492188,64.1340103149414,83.65913391113281,47.98615646362305,84.31556701660156,18.831798553466797,57.35972213745117
2018-09-10,34.98946762084961,54.44944763183594,81.1002197265625,28.537376403808594,83.8841781616211,85.40420532226562,31.35692024230957,11.286568641662598,64.59449768066406,64.32646179199219,83.4029541015625,48.21122741699219,84.44012451171875,18.792261123657227,57.27558135986328
2018-09-11,35.61961364746094,54.69432830810547,81.4827651977539,29.22774314880371,85.27832794189453,88.67227935791016,31.920984268188477,11.49073314666748,65.44864654541016,64.52727508544922,82.3782730102539,48.48451232910156,84.33020782470703,18.825206756591797,58.08171081542969
2018-09-12,36.459815979003906,55.07697677612305,82.0282211303711,29.551786422729492,85.80663299560547,91.80323791503906,32.596153259277344,11.586435317993164,65.98151397705078,63.372596740722656,82.09282684326172,48.88640594482422,85.21675872802734,18.70660400390625,58.270957946777344
2018-09-13,35.9831657409668,55.52082824707031,82.38954162597656,28.85305404663086,85.57184600830078,90.5081787109375,32.843994140625,11.67575740814209,65.89533233642578,64.1256332397461,82.7222900390625,49.04717254638672,85.59774017333984,18.5748233795166,57.703182220458984
2018-09-14,36.726409912109375,56.24784851074219,83.1546401977539,27.999032974243164,86.45235443115234,92.73262023925781,33.01494216918945,11.52263355255127,66.09123229980469,64.91213989257812,83.14678955078125,49.21596145629883,85.81754302978516,18.508934020996094,58.12374496459961
2018-09-17,36.98493957519531,56.81415939331055,83.2467041015625,27.39204978942871,86.24689483642578,93.46393585205078,33.08331298828125,11.592816352844238,65.68374633789062,64.92890930175781,82.56856536865234,49.00698471069336,84.59400177001953,18.60776710510254,58.46721649169922
2018-09-18,37.37272262573242,57.42637252807617,83.68595123291016,27.759069442749023,87.64842224121094,95.03324127197266,33.46790313720703,11.560914993286133,65.8012924194336,65.99988555908203,82.92721557617188,49.02305603027344,84.49872589111328,18.508934020996094,58.621437072753906
2018-09-19,37.80897903442383,57.801368713378906,84.66356658935547,28.14019012451172,88.17671203613281,97.95085144042969,34.237083435058594,11.650240898132324,63.11344528198242,66.4182357788086,80.04341888427734,49.21596145629883,80.37381744384766,18.5748233795166,59.32239532470703
2018-09-20,36.89606857299805,57.67124557495117,84.59981536865234,28.309587478637695,87.47229766845703,96.53394317626953,34.519107818603516,11.509873390197754,64.20268249511719,66.29273986816406,80.75338745117188,49.4892578125,80.94529724121094,18.61435890197754,59.45555877685547
2018-09-21,37.1303596496582,58.375301361083984,85.81119537353516,28.620132446289062,87.65575408935547,97.92802429199219,34.79259490966797,11.52263355255127,65.33110809326172,66.60232543945312,81.72683715820312,49.13559341430664,82.23477935791016,18.370559692382812,59.7009162902832
2018-09-24,38.358341217041016,58.97222137451172,86.86676788330078,29.325942993164062,90.97968292236328,101.21133422851562,35.09171676635742,11.414169311523438,67.22747802734375,67.56453704833984,83.04432678222656,49.513362884521484,84.22765350341797,18.15970802307129,60.70328140258789
2018-09-25,38.600704193115234,59.7757682800293,87.39806365966797,29.22713279724121,92.1904067993164,102.46825408935547,35.348114013671875,11.407791137695312,66.6476058959961,68.03309631347656,84.08364868164062,50.26089096069336,85.54644775390625,17.9620361328125,60.633201599121094
2018-09-26,38.1563720703125,59.14058303833008,86.39210510253906,28.006093978881836,91.94825744628906,100.04580688476562,35.10881042480469,11.235525131225586,66.24015045166016,67.78208923339844,83.35905456542969,48.93464279174805,85.37060546875,17.85660743713379,60.128501892089844
2018-09-27,38.31794357299805,59.32426071166992,86.76050567626953,27.794361114501953,93.1883544921875,102.12548065185547,34.690040588378906,11.203624725341797,65.07251739501953,67.91595458984375,82.61978149414062,49.16773223876953,84.46941375732422,17.9620361328125,60.12147903442383
2018-09-28,38.511844635009766,59.23244094848633,86.62589263916016,28.18960189819336,93.60657501220703,102.98628234863281,34.63875961303711,11.312085151672363,62.66679000854492,68.75267028808594,82.50270080566406,48.96677780151367,83.34111785888672,17.915904998779297,59.59576416015625
2018-10-01,39.06929016113281,61.13795852661133,88.12066650390625,28.37311363220215,95.01542663574219,104.21278381347656,35.08317947387695,11.599194526672363,64.59449768066406,69.55593872070312,83.79087829589844,49.50532150268555,83.43635559082031,18.225595474243164,60.14952087402344
2018-10-02,39.222774505615234,59.90586853027344,88.36860656738281,28.13313865661621,95.3896255493164,104.40322875976562,35.647239685058594,11.535391807556152,65.26057434082031,69.3383560180664,83.944580078125,49.746456146240234,84.63795471191406,18.219009399414062,60.60515213012695
2018-10-03,39.489376068115234,60.12778091430664,88.77241516113281,28.69070816040039,95.66848754882812,106.58955383300781,35.724159240722656,11.63747787475586,67.69766235351562,68.9869155883789,86.71128845214844,50.333221435546875,87.9129638671875,18.436450958251953,60.38785934448242
2018-10-04,39.16622543334961,59.90586853027344,88.5173568725586,28.330759048461914,95.5583724975586,103.03201293945312,35.80107879638672,11.656617164611816,66.82000732421875,68.76101684570312,86.1476821899414,50.51810836791992,85.88348388671875,18.298076629638672,59.98828887939453
2018-10-05,38.76227569580078,59.99004364013672,88.78658294677734,28.26017951965332,96.16008758544922,103.86998748779297,35.89509582519531,11.52263355255127,66.22447204589844,68.10840606689453,86.63806915283203,50.638675689697266,85.80288696289062,18.19923973083496,59.8200798034668
2018-10-08,38.778438568115234,59.90586853027344,88.43946838378906,27.37087631225586,95.2649154663086,101.22657775878906,35.903621673583984,11.61833667755127,65.71510314941406,68.40122985839844,86.46973419189453,50.59043502807617,85.12151336669922,18.245363235473633,60.37383270263672
2018-10-09,39.828697204589844,60.76298904418945,89.84213256835938,27.8861083984375,97.11397552490234,102.94059753417969,36.01473617553711,11.848024368286133,65.63671875,68.80287170410156,86.1330337524414,50.727088928222656,84.74052429199219,18.20583152770996,60.64021301269531
2018-10-10,37.4858283996582,57.46463394165039,86.85259246826172,26.32628631591797,92.79944610595703,98.48410034179688,34.73276138305664,11.484353065490723,63.19963836669922,65.19661712646484,82.74425506591797,48.88640594482422,81.20904541015625,17.922496795654297,59.245269775390625
2018-10-11,36.05586624145508,55.704505920410156,83.89846801757812,25.436986923217773,89.24067687988281,94.94181823730469,33.972137451171875,11.114301681518555,61.695072174072266,64.03359985351562,80.11663055419922,47.51996612548828,78.31501007080078,17.520557403564453,57.198490142822266
2018-10-12,36.459815979003906,56.7381477355957,83.430908203125,25.853412628173828,89.65159606933594,96.07686614990234,33.84394454956055,11.171724319458008,62.75298309326172,64.3934097290039,80.11663055419922,47.68877029418945,79.31143188476562,17.579858779907227,57.044273376464844
2018-10-15,36.00740432739258,56.30775451660156,82.84292602539062,25.486400604248047,89.93775177001953,97.45571899414062,34.014862060546875,11.190863609313965,60.958465576171875,60.44411087036133,78.46978759765625,47.8655891418457,76.04373931884766,17.639162063598633,56.65171432495117
2018-10-16,35.958919525146484,56.71509552001953,83.2467041015625,26.171024322509766,89.87159729003906,99.65728759765625,34.2541618347168,11.433311462402344,62.74512481689453,61.1804313659668,80.4094009399414,47.970096588134766,77.59699249267578,17.75118064880371,56.91807556152344
2018-10-17,34.96521759033203,55.70065689086914,83.09089660644531,25.40875816345215,88.31320190429688,98.65931701660156,33.80976486206055,11.452452659606934,62.02419662475586,61.01308822631836,79.61891174316406,47.616424560546875,76.0071029663086,17.711645126342773,57.128379821777344
2018-10-18,34.19774627685547,55.78519058227539,83.2183837890625,24.773534774780273,87.1444320678711,96.7167739868164,32.47650909423828,11.44607162475586,61.76560974121094,60.15961456298828,79.8677749633789,46.96535110473633,75.75067138671875,17.560087203979492,57.37372589111328
2018-10-19,34.21400451660156,55.70832824707031,83.69303894042969,24.660606384277344,86.49755859375,96.82342529296875,32.0833740234375,11.47159194946289,57.92582702636719,60.39391326904297,75.22003936767578,46.99750900268555,67.96240234375,17.619396209716797,57.457820892333984
2018-10-22,33.55572509765625,55.37019348144531,83.03418731689453,24.6112060546875,85.45372772216797,94.88845825195312,31.109079360961914,11.12706184387207,58.09037399291992,60.4859504699707,75.4981460571289,45.663211822509766,68.02833557128906,17.316295623779297,56.88303756713867
2018-10-23,32.32856750488281,53.19534683227539,80.33511352539062,23.80659294128418,81.6827392578125,90.7367172241211,30.42535972595215,10.871855735778809,56.49177169799805,59.10537338256836,73.04621124267578,44.28070831298828,67.15647888183594,17.06590461730957,55.964786529541016
2018-10-24,30.85761070251465,50.482566833496094,78.07524871826172,22.67731285095215,78.02201843261719,86.00599670410156,29.25450325012207,10.533705711364746,53.3337516784668,57.088890075683594,69.75254821777344,42.60882568359375,63.51510238647461,16.644201278686523,54.40864944458008
2018-10-25,31.003889083862305,52.27315902709961,79.04578399658203,23.18549156188965,78.74239349365234,87.02680969238281,29.690366744995117,10.578364372253418,54.822662353515625,57.44033432006836,72.0873794555664,42.841922760009766,64.02063751220703,16.486061096191406,54.892311096191406
2018-10-26,30.386245727539062,52.626670837402344,79.01034545898438,22.853769302368164,78.33076477050781,86.6611328125,30.03221893310547,10.584745407104492,53.96064758300781,56.821136474609375,72.79003143310547,42.52040481567383,62.85567855834961,16.024822235107422,54.345558166503906
2018-10-29,29.40291404724121,51.75826644897461,77.16844940185547,21.865646362304688,75.00816345214844,82.40275573730469,29.4168758392334,10.501802444458008,52.68334197998047,55.60790252685547,72.10934448242188,41.35490417480469,64.02063751220703,15.833736419677734,54.00909423828125
2018-10-30,30.435014724731445,53.42589569091797,78.52863311767578,22.811418533325195,77.55890655517578,83.70540618896484,29.963857650756836,10.824737548828125,53.91365051269531,56.51993179321289,74.70037078857422,42.054203033447266,66.01348876953125,15.945749282836914,55.221763610839844
2018-10-31,30.74382972717285,53.717933654785156,79.09537506103516,22.867881774902344,77.43395233154297,85.59465789794922,29.639083862304688,10.99266242980957,55.20662307739258,56.118309020996094,75.25662994384766,41.24238967895508,66.73883819580078,16.031408309936523,55.852622985839844
2018-11-01,29.573551177978516,53.472023010253906,78.75530242919922,23.192550659179688,78.57331085205078,87.94857788085938,29.71600914001465,11.083084106445312,55.7003173828125,57.18929672241211,75.02242279052734,41.523712158203125,67.77923583984375,16.96706771850586,56.54658126831055
2018-11-02,29.207862854003906,52.13482666015625,81.27730560302734,22.783185958862305,75.23603820800781,87.08777618408203,29.827106475830078,10.889323234558105,54.45433807373047,57.15582275390625,72.46798706054688,41.314727783203125,67.28101348876953,16.85504913330078,57.443790435791016
2018-11-05,30.540666580200195,53.0493278503418,84.25975799560547,23.361936569213867,78.1763687133789,88.35993957519531,30.553558349609375,11.147669792175293,54.665931701660156,58.52802276611328,73.57321166992188,41.76483917236328,66.78279876708984,16.94730567932129,57.22651290893555
2018-11-06,30.345613479614258,53.41053009033203,84.23143005371094,23.241952896118164,78.89677429199219,86.36405181884766,30.570646286010742,11.270384788513184,53.57669448852539,61.36448287963867,73.83668518066406,41.86130905151367,66.87804412841797,16.96047592163086,57.47186279296875
2018-11-07,30.727582931518555,53.81782913208008,85.62701416015625,23.898347854614258,80.234619140625,88.2685317993164,31.117624282836914,11.302677154541016,54.71295928955078,61.68242645263672,75.47621154785156,42.054203033447266,67.83782958984375,17.448076248168945,58.20085525512695
2018-11-08,29.272871017456055,51.420127868652344,84.55728149414062,23.093738555908203,77.07376098632812,84.2919921875,30.228790283203125,11.341428756713867,53.0516471862793,60.770450592041016,72.21912384033203,41.45941162109375,64.98775482177734,16.83528709411621,57.27558135986328
2018-11-09,30.134323120117188,51.28179931640625,84.66356658935547,23.298418045043945,77.55890655517578,86.7297134399414,29.895477294921875,11.322052955627441,52.6441650390625,61.54020690917969,73.00230407714844,40.510929107666016,64.16715240478516,16.690326690673828,57.26142501831055
2018-11-12,29.29725456237793,50.05989074707031,83.1617202758789,22.267953872680664,74.42742156982422,83.97203063964844,29.19467544555664,11.28330135345459,51.64112854003906,60.37717056274414,71.4872055053711,39.747337341308594,62.98758316040039,16.360872268676758,56.52503204345703
2018-11-13,28.638988494873047,48.968624114990234,81.71651458740234,21.80918312072754,72.42062377929688,82.15898895263672,27.579387664794922,11.096003532409668,50.28544235229492,59.22251510620117,69.38660430908203,38.05133819580078,61.229164123535156,16.024822235107422,55.2292594909668
2018-11-14,29.354137420654297,49.276023864746094,81.97864532470703,21.555097579956055,72.0898666381836,82.8140869140625,27.56230354309082,10.94099235534668,50.02684783935547,59.36474609375,69.97213745117188,38.42912292480469,60.327980041503906,16.308156967163086,54.79735565185547
2018-11-15,30.061172485351562,50.11367416381836,83.6596908569336,21.611560821533203,74.67737579345703,85.50321197509766,27.733230590820312,11.089542388916016,51.21796417236328,60.736961364746094,70.43323516845703,38.64614486694336,61.00935745239258,16.472883224487305,55.363800048828125
2018-11-16,30.418758392333984,50.813011169433594,85.16909790039062,20.863412857055664,77.33102416992188,87.17723083496094,27.741769790649414,11.160587310791016,51.2806510925293,61.3979377746582,71.30416107177734,38.7586784362793,61.507591247558594,16.55853843688965,55.90900421142578
2018-11-19,29.687347412109375,51.05892562866211,85.42662048339844,20.9057559967041,77.70592498779297,86.7958984375,28.194730758666992,11.251008033752441,49.68988800048828,61.381221771240234,70.04206848144531,38.831016540527344,59.68785095214844,16.690326690673828,56.0931282043457
2018-11-20,28.175745010375977,49.17612075805664,83.0516586303711,19.367116928100586,75.24337005615234,82.92169952392578,26.870038986206055,10.953907012939453,48.85316848754883,58.82088088989258,68.30025482177734,37.69768142700195,58.14924240112305,16.242263793945312,54.49993896484375
2018-11-21,29.281003952026367,50.321189880371094,84.10321044921875,20.13643455505371,77.91909790039062,83.30301666259766,27.2888126373291,11.089542388916016,50.30557632446289,60.31024169921875,69.11949157714844,38.292484283447266,58.5856819152832,16.49264907836914,54.91770553588867
2018-11-23,28.330162048339844,49.03009796142578,81.2633056640625,18.993043899536133,74.02312469482422,79.98554229736328,26.23760223388672,10.727856636047363,48.72687911987305,58.42763137817383,65.68751525878906,37.27165985107422,56.98050308227539,16.169780731201172,53.4520149230957
2018-11-26,28.744626998901367,49.72175598144531,82.25047302246094,19.148319244384766,75.37570190429688,83.36402893066406,27.177711486816406,10.79889965057373,50.66080093383789,59.10537338256836,67.953369140625,37.48065948486328,58.27501678466797,16.347688674926758,54.50702667236328
2018-11-27,28.508949279785156,50.16748809814453,82.4150161743164,18.781301498413086,74.94200897216797,83.76822662353516,27.246082305908203,10.805360794067383,50.313480377197266,58.05111312866211,67.35551452636719,37.13501739501953,57.27639389038086,16.466291427612305,54.55659866333008
2018-11-28,28.655235290527344,50.989768981933594,84.510986328125,18.96480941772461,76.27986907958984,83.73773193359375,27.493927001953125,10.889323234558105,51.529083251953125,59.1639289855957,68.36664581298828,37.30381393432617,58.74843215942383,16.69691276550293,55.54790115356445
2018-11-29,28.88278579711914,51.389381408691406,85.01886749267578,18.993043899536133,77.52952575683594,85.41551971435547,27.254629135131836,10.895780563354492,51.2291259765625,59.331275939941406,68.40359497070312,36.89388656616211,58.78541564941406,16.84187889099121,55.97981643676758
2018-11-30,28.549577713012695,50.8591194152832,85.08324432373047,19.077739715576172,75.94170379638672,84.1800308227539,26.861488342285156,11.024954795837402,51.43436813354492,58.7957763671875,69.02354431152344,36.25086212158203,59.1035041809082,16.683734893798828,56.29136657714844
2018-12-03,29.654836654663086,53.110809326171875,86.32080841064453,20.30583381652832,79.47012329101562,85.54517364501953,27.91270637512207,11.173504829406738,51.03968048095703,59.674312591552734,67.96812438964844,37.215396881103516,60.13910675048828,16.934127807617188,57.50926971435547
2018-12-04,28.4764461517334,51.427818298339844,83.8671646118164,19.882349014282227,76.5003890991211,80.13807678222656,26.870038986206055,10.773066520690918,49.99773406982422,58.29375076293945,67.45884704589844,35.850284576416016,58.81500244140625,16.50582504272461,56.2418098449707
2018-12-06,27.54998779296875,51.18960189819336,82.91576385498047,19.58591651916504,75.07432556152344,77.65185546875,25.606473922729492,10.630976676940918,50.16349792480469,56.49482345581055,68.34451293945312,34.387672424316406,58.31938934326172,16.163190841674805,55.50541305541992
2018-12-07,26.826692581176758,50.65163040161133,82.61530303955078,19.197723388671875,76.16223907470703,78.32299041748047,25.511920928955078,10.559931755065918,48.592689514160156,56.32553482055664,66.68389892578125,34.972721099853516,56.21120071411133,16.130247116088867,54.974361419677734
2018-12-10,25.404499053955078,50.105995178222656,82.22187805175781,18.541332244873047,74.76556396484375,76.74433135986328,25.168094635009766,10.35971450805664,48.13485336303711,54.54790496826172,65.56938934326172,34.10328674316406,54.28052520751953,15.866679191589355,54.19549560546875
2018-12-11,24.843748092651367,50.290428161621094,82.60099792480469,18.88011932373047,75.03021240234375,76.29438018798828,24.7554988861084,10.411382675170898,48.41901779174805,54.767974853515625,65.25940704345703,33.51011657714844,54.199153900146484,15.767841339111328,54.29461669921875
2018-12-12,25.461389541625977,50.15978240966797,82.70830535888672,19.254192352294922,76.3974838256836,75.11228942871094,25.45175552368164,10.482426643371582,48.97157287597656,55.36900329589844,65.87202453613281,33.67261505126953,54.47285079956055,15.939163208007812,53.8272819519043
2018-12-13,25.43700408935547,50.820701599121094,82.93721771240234,19.02058982849121,75.58887481689453,73.45735168457031,25.709625244140625,10.59868049621582,49.03471755981445,56.44403076171875,65.56201171875,33.33134078979492,54.33970260620117,15.945846557617188,54.50702667236328
2018-12-14,24.5755672454834,49.60647201538086,81.42782592773438,18.291475296020508,73.56739044189453,70.70423126220703,24.927419662475586,10.443673133850098,47.2586669921875,55.106571197509766,64.08592224121094,31.771228790283203,54.221351623535156,15.671835899353027,53.51573944091797
2018-12-17,24.518672943115234,48.50752639770508,80.4406509399414,18.057878494262695,70.72261810302734,67.52403259277344,25.004783630371094,10.230539321899414,46.445640563964844,54.268550872802734,63.36997604370117,31.730609893798828,53.68874740600586,15.357731819152832,52.425315856933594
2018-12-18,23.76287841796875,47.577632904052734,78.5020523071289,17.279220581054688,69.10541534423828,67.05883026123047,24.91022300720215,10.030320167541504,46.54036331176758,53.44746398925781,62.53599166870117,30.747404098510742,52.564369201660156,14.983481407165527,50.98086166381836
2018-12-19,23.364662170410156,47.09349060058594,77.13574981689453,16.882808685302734,68.3482666015625,69.09507751464844,23.758405685424805,10.056153297424316,46.279876708984375,52.68561553955078,62.85334014892578,30.706771850585938,52.50520706176758,14.916650772094727,50.11701202392578
2018-12-20,21.942462921142578,46.109825134277344,75.0970230102539,15.934258460998535,65.96659088134766,67.89771270751953,23.32862091064453,10.043233871459961,45.32475280761719,51.3227653503418,61.096771240234375,29.414793014526367,52.23151779174805,14.595861434936523,48.59466552734375
2018-12-21,21.576759338378906,45.95611572265625,74.54619598388672,15.509533882141113,64.14360809326172,67.69942474365234,22.219783782958984,10.056153297424316,44.787986755371094,50.772552490234375,60.801544189453125,29.008516311645508,52.99341583251953,14.555765151977539,48.23356246948242
2018-12-24,20.642173767089844,43.81201171875,72.24278259277344,14.85120964050293,60.90920639038086,65.33526611328125,21.6094913482666,9.50070571899414,42.87774658203125,48.34311294555664,57.9378662109375,28.594099044799805,50.996177673339844,13.753789901733398,46.385498046875
2018-12-26,21.974973678588867,47.26255416870117,76.82099151611328,16.075830459594727,65.415283203125,70.15511322021484,22.71833038330078,10.101364135742188,46.05885696411133,51.29737091064453,62.14480209350586,29.747943878173828,54.22874450683594,14.482246398925781,48.60175704956055
2018-12-27,21.731164932250977,47.82356643676758,78.20161437988281,16.210323333740234,65.2682876586914,70.83387756347656,22.658159255981445,10.017402648925781,46.6508674621582,51.43280792236328,63.3404541015625,29.520429611206055,55.205177307128906,14.341904640197754,48.814178466796875
2018-12-28,21.406095504760742,47.39320373535156,77.72234344482422,15.898865699768066,64.33470153808594,70.07886505126953,22.744115829467773,9.875311851501465,45.97201919555664,51.18732833862305,62.705726623535156,29.739824295043945,54.354488372802734,14.355266571044922,48.26895523071289
2018-12-31,21.332958221435547,47.915771484375,77.82250213623047,15.955493927001953,64.10682678222656,70.69660186767578,22.84726905822754,9.933441162109375,46.579830169677734,51.957637786865234,63.584022521972656,29.317291259765625,55.45668411254883,14.7362060546875,48.283119201660156
2019-01-02,22.031862258911133,48.707332611083984,79.18165588378906,16.429773330688477,66.60612487792969,72.61846160888672,23.466157913208008,10.204702377319336,47.07712936401367,52.482460021972656,65.0379867553711,30.22735023498535,55.89311981201172,14.983481407165527,49.34522247314453
2019-01-03,22.0887508392334,47.785133361816406,77.66510009765625,16.649211883544922,66.13566589355469,73.33533477783203,23.32002830505371,10.146575927734375,46.39038848876953,51.8391227722168,64.1375503540039,30.552370071411133,54.88709259033203,15.110455513000488,48.58760452270508
2019-01-04,23.015209197998047,48.991676330566406,79.27464294433594,17.392475128173828,69.03925323486328,76.21050262451172,24.428871154785156,10.488886833190918,48.66372299194336,53.50670623779297,67.04552459716797,31.763097763061523,56.965702056884766,15.738663673400879,50.37900161743164
2019-01-07,23.51094627380371,48.7765007019043,80.30471801757812,17.94462013244629,69.47295379638672,78.26960754394531,24.772701263427734,10.714937210083008,49.145240783691406,54.58176040649414,67.51051330566406,32.64066696166992,57.024879455566406,16.1396541595459,50.64097595214844
2019-01-08,23.860397338867188,49.42972183227539,79.95420837402344,18.08619499206543,70.21540832519531,80.03893280029297,25.09933090209961,11.070167541503906,49.62672805786133,55.013458251953125,67.45145416259766,33.04695510864258,57.22460174560547,16.62083625793457,51.00917053222656
2019-01-09,25.079421997070312,51.06662368774414,81.0272216796875,18.284399032592773,72.91314697265625,81.44217681884766,25.786983489990234,11.147669792175293,50.69236755371094,55.68218994140625,67.8943099975586,33.51011657714844,57.17283630371094,16.807958602905273,51.278255462646484
2019-01-10,25.160694122314453,52.211669921875,81.1559829711914,18.610027313232422,72.86170959472656,80.93882751464844,26.534812927246094,11.21225643157959,50.22665023803711,56.02925109863281,68.59547424316406,33.84326934814453,57.26899337768555,16.807958602905273,51.01626968383789
2019-01-11,25.27446746826172,51.02051544189453,80.50505065917969,18.659574508666992,71.20777130126953,79.39067840576172,26.3886775970459,11.050790786743164,51.2054557800293,56.054664611816406,68.41094970703125,33.91638946533203,58.045684814453125,16.73444366455078,50.78261184692383
2019-01-14,25.65643310546875,50.42108917236328,79.91844940185547,18.52507972717285,72.41329193115234,79.7033462524414,26.105022430419922,11.1282958984375,51.213348388671875,55.51289367675781,68.51427459716797,33.57512283325195,58.40076446533203,16.91489028930664,50.718875885009766
2019-01-15,25.802717208862305,50.74384689331055,80.20458984375,18.68789291381836,72.47212219238281,80.08468627929688,26.087833404541016,11.186421394348145,50.779197692871094,55.462100982666016,68.23380279541016,33.900142669677734,58.26762008666992,17.00845718383789,50.747196197509766
2019-01-16,25.36386489868164,50.45949935913086,79.68952941894531,18.326873779296875,72.69313049316406,80.56515502929688,26.096435546875,11.28330135345459,50.787086486816406,55.14044189453125,68.63236236572266,33.51823043823242,58.43773651123047,17.28245735168457,50.72595977783203
2019-01-17,25.75395393371582,51.5353889465332,80.09014129638672,18.680810928344727,72.97309875488281,80.57276916503906,26.560598373413086,11.444769859313965,51.93164825439453,55.72451400756836,68.9497299194336,33.61573791503906,59.539913177490234,17.482952117919922,51.072914123535156
2019-01-18,26.286394119262695,52.18095397949219,81.8141098022461,19.21171760559082,74.44654846191406,81.5184326171875,27.721010208129883,11.632072448730469,52.16844940185547,56.74030685424805,70.3373031616211,36.3459587097168,61.09333038330078,17.643352508544922,51.68184280395508
2019-01-22,25.819480895996094,50.528656005859375,80.36196899414062,18.85070037841797,71.35964965820312,77.3773193359375,26.870040893554688,11.386640548706055,51.16598129272461,55.1235237121582,68.63975524902344,35.72028350830078,60.664302825927734,17.482952117919922,50.90297317504883
2019-01-23,25.368953704833984,50.61320114135742,79.68238830566406,18.631254196166992,71.14600372314453,77.27816009521484,26.689529418945312,11.134754180908203,51.189666748046875,54.65794372558594,68.36664581298828,35.19213104248047,59.01472854614258,17.25572967529297,50.48521423339844
2019-01-24,26.081613540649414,50.813011169433594,81.19891357421875,18.829463958740234,71.63961791992188,77.45359802246094,26.827051162719727,11.289761543273926,49.81617736816406,55.005008697509766,67.40718078613281,35.395263671875,58.40076446533203,17.710176467895508,50.556007385253906
2019-01-25,26.261821746826172,51.48160171508789,80.99147033691406,19.289587020874023,73.00993347167969,77.94927978515625,27.59207534790039,11.457686424255371,50.581851959228516,56.31706619262695,68.65450286865234,36.565345764160156,60.79745101928711,17.82379150390625,50.78261184692383
2019-01-28,26.45022964477539,50.221256256103516,80.24034881591797,18.758678436279297,72.27320098876953,76.49266052246094,26.84425163269043,11.554566383361816,50.29767990112305,55.93614959716797,68.27071380615234,35.94779968261719,59.93937683105469,17.763643264770508,50.44272994995117
2019-01-29,27.097352981567383,50.1828498840332,79.99713897705078,19.006431579589844,72.84046936035156,76.38591003417969,26.517616271972656,11.657904624938965,50.629215240478516,56.27474594116211,68.89808654785156,35.75279235839844,60.020755767822266,17.83047103881836,50.633914947509766
2019-01-30,27.359481811523438,50.482566833496094,80.84124755859375,19.586889266967773,73.26777648925781,77.9874267578125,27.13650131225586,11.814647674560547,51.56855010986328,56.68951416015625,69.76896667480469,36.565345764160156,61.60373306274414,18.057697296142578,51.18619918823242
2019-01-31,26.884380340576172,52.019561767578125,82.01441955566406,18.86486053466797,73.08360290527344,78.64329528808594,26.955995559692383,11.821181297302246,52.302650451660156,56.5286865234375,70.4184799194336,35.92342758178711,64.96206665039062,17.997549057006836,51.88719177246094
2019-02-01,26.745126724243164,52.78037643432617,84.67548370361328,19.11969566345215,72.82576751708984,78.46788024902344,27.609264373779297,11.984455108642578,51.67905807495117,57.595272064208984,69.5328140258789,36.207820892333984,63.0683708190918,18.33170509338379,53.75647735595703
2019-02-04,27.1383056640625,53.740989685058594,85.65552520751953,19.225873947143555,73.21621704101562,79.73389434814453,27.721010208129883,11.990987777709961,52.0263786315918,57.34132766723633,69.9387435913086,36.24032211303711,62.72071838378906,18.291606903076172,52.97760772705078
2019-02-05,26.892562866210938,53.22610855102539,85.46953582763672,19.01350975036621,72.45738220214844,77.6976318359375,27.76398468017578,12.06282901763916,53.02885437011719,56.9688720703125,70.24134826660156,36.67911148071289,63.58620071411133,18.278242111206055,53.522823333740234
2019-02-06,26.089805603027344,53.110809326171875,85.04032135009766,18.95687484741211,70.8586654663086,77.52220916748047,27.531904220581055,11.79505729675293,52.78415298461914,56.40171813964844,69.68779754638672,36.622222900390625,63.556602478027344,18.084430694580078,53.28916549682617
2019-02-07,25.008529663085938,51.85817337036133,84.5753402709961,17.909229278564453,68.5085220336914,74.70809173583984,26.216766357421875,11.72974681854248,50.28189468383789,54.9542121887207,67.70980072021484,35.314002990722656,62.06975173950195,17.83047103881836,52.878482818603516
2019-02-08,24.467893600463867,51.15180206298828,84.11038970947266,17.640233993530273,68.14751434326172,73.67089080810547,25.529115676879883,11.76893138885498,49.50834274291992,54.988075256347656,69.02354431152344,34.761451721191406,62.23989486694336,17.96413803100586,52.96439743041992
2019-02-11,24.861083984375,51.52235794067383,83.6596908569336,18.008333206176758,69.4073257446289,74.63182067871094,25.95889663696289,11.932207107543945,48.7189826965332,54.88648986816406,69.54755401611328,35.50088882446289,61.64812088012695,17.85720443725586,53.05031204223633
2019-02-12,25.459062576293945,52.070472717285156,84.92587280273438,18.376426696777344,70.4534683227539,75.2571792602539,26.509017944335938,12.069358825683594,48.83738327026367,55.656803131103516,69.3778076171875,36.21601104736328,61.56586837768555,17.8638858795166,53.98101806640625
2019-02-13,26.442031860351562,52.325225830078125,85.53392028808594,19.048906326293945,71.27857971191406,77.04177856445312,26.990373611450195,12.239168167114258,50.24243927001953,55.741458892822266,70.94252014160156,36.51191329956055,62.41088104248047,18.064382553100586,54.58956527709961
2019-02-14,26.761503219604492,53.34424591064453,85.37495422363281,19.346214294433594,71.43333435058594,79.18477630615234,27.16228675842285,12.330606460571289,50.550289154052734,56.350914001464844,70.59562683105469,36.28175735473633,62.523033142089844,17.950767517089844,54.60387420654297
2019-02-15,27.277565002441406,54.17799758911133,86.23477172851562,20.117795944213867,73.857177734375,80.4583740234375,27.37718391418457,12.278351783752441,51.42647171020508,56.87574768066406,71.44409942626953,36.94756317138672,63.11381912231445,18.224777221679688,55.63481521606445
2019-02-19,27.28575325012207,53.645320892333984,86.20586395263672,20.039932250976562,73.4593276977539,79.92454528808594,27.24824333190918,12.506938934326172,51.736854553222656,57.24820327758789,72.00975036621094,37.432518005371094,63.40542984008789,18.32501983642578,56.00709533691406
2019-02-20,27.687143325805664,54.54081726074219,86.90674591064453,21.427371978759766,72.77418518066406,81.27984619140625,27.75539207458496,12.520002365112305,51.816429138183594,57.77302932739258,72.53074645996094,37.728431701660156,63.88402557373047,18.278242111206055,56.22187042236328
2019-02-21,27.33489990234375,54.22431182861328,86.08305358886719,21.130056381225586,70.24717712402344,77.98893737792969,26.973180770874023,12.533065795898438,51.45829391479492,56.37633514404297,72.0544204711914,36.758514404296875,63.173614501953125,18.084430694580078,55.713565826416016
2019-02-22,27.41682243347168,54.01589584350586,86.26365661621094,20.988483428955078,70.37979888916016,79.43204498291016,26.921613693237305,12.61796760559082,51.74479675292969,55.80916213989258,72.46377563476562,36.46259307861328,63.8017578125,18.117849349975586,56.14311981201172
2019-02-25,27.40863037109375,53.46003723144531,86.42984771728516,20.87522315979004,69.80516815185547,80.39413452148438,27.291221618652344,12.604905128479004,51.529930114746094,56.063114166259766,72.41165924072266,36.8160400390625,63.547508239746094,18.278242111206055,56.20039749145508
2019-02-26,27.10554313659668,53.20529556274414,86.66109466552734,20.946008682250977,69.1863021850586,80.56209564208984,27.110715866088867,12.552655220031738,51.402584075927734,55.902286529541016,72.821044921875,36.4214973449707,63.121273040771484,18.024282455444336,56.314945220947266
2019-02-27,27.490543365478516,53.43687438964844,86.7622299194336,21.151294708251953,70.018798828125,80.54682159423828,26.86144256591797,12.591842651367188,50.45555877685547,56.41865158081055,72.67216491699219,36.454376220703125,62.134193420410156,18.104476928710938,56.89483642578125
2019-02-28,27.179258346557617,52.379268646240234,86.40095520019531,20.889381408691406,69.25260162353516,78.5921401977539,26.380088806152344,12.513471603393555,49.34934997558594,55.99540710449219,71.719482421875,36.21601104736328,60.990055084228516,17.837156295776367,56.579833984375
2019-03-01,27.842771530151367,53.213008880615234,88.17118835449219,21.34241485595703,71.03548431396484,80.0123291015625,26.586380004882812,12.892271041870117,49.88254928588867,57.18048858642578,72.5531005859375,37.14482498168945,61.98463821411133,18.33170509338379,57.27427291870117
2019-03-04,27.580652236938477,53.96183395385742,88.23619079589844,20.839826583862305,71.32281494140625,79.92070770263672,26.629358291625977,12.964113235473633,49.34934997558594,57.0958251953125,72.40422058105469,37.18593215942383,61.715423583984375,18.311655044555664,57.49623107910156
2019-03-05,27.62979507446289,53.274776458740234,89.08158111572266,20.719491958618164,70.35770416259766,78.35545349121094,26.188419342041016,13.042485237121582,48.39436340332031,57.1635627746582,72.53819274902344,36.8160400390625,60.68345642089844,18.338390350341797,57.41032409667969
2019-03-06,26.81064796447754,52.71894454956055,89.25498962402344,20.330156326293945,67.73490142822266,76.39311981201172,24.934762954711914,13.062077522277832,47.694034576416016,56.02925109863281,72.64239501953125,35.64884567260742,60.83303451538086,18.278242111206055,56.75882339477539
2019-03-07,27.25299835205078,52.45646286010742,88.10614776611328,19.862964630126953,67.3002700805664,74.64458465576172,24.14798927307129,12.9575834274292,46.826576232910156,55.64833450317383,71.78648376464844,34.92551803588867,60.26469802856445,18.257909774780273,57.38883972167969
2019-03-08,26.17171287536621,50.51104736328125,87.87492370605469,18.907323837280273,63.68292236328125,72.91896057128906,23.750276565551758,12.885744094848633,45.76016616821289,53.720863342285156,70.19368743896484,33.93915557861328,59.63654708862305,18.251131057739258,56.56550979614258
2019-03-11,26.827035903930664,50.85074234008789,89.32000732421875,19.678918838500977,63.550323486328125,74.50714874267578,24.113405227661133,12.996767044067383,47.11307144165039,54.72313690185547,71.9502182006836,34.5885124206543,62.42582702636719,18.54255485534668,57.11677932739258
2019-03-12,27.588844299316406,50.66545867919922,89.52232360839844,20.35847282409668,64.08074951171875,76.7367172241211,24.286319732666016,12.970643997192383,46.842491149902344,54.997283935546875,72.486083984375,35.007713317871094,62.70252227783203,18.65776824951172,57.27427291870117
2019-03-13,28.11309242248535,51.99327087402344,90.07865142822266,20.761962890625,65.25215911865234,78.9662857055664,24.64080047607422,13.049017906188965,47.40752410888672,55.73399353027344,72.99966430664062,35.46802520751953,62.97919845581055,18.77298355102539,57.78260040283203
2019-03-14,28.072128295898438,51.73850631713867,90.0280990600586,20.939416885375977,66.07730102539062,79.5694808959961,24.614866256713867,13.049017906188965,47.50302505493164,55.862510681152344,73.28992462158203,35.418697357177734,63.517616271972656,18.793312072753906,57.58928680419922
2019-03-15,28.219585418701172,52.17853546142578,90.54109191894531,21.038787841796875,65.45841979980469,78.17982482910156,24.182571411132812,12.977176666259766,48.10786437988281,56.08522415161133,73.32715606689453,34.84331130981445,63.62228775024414,18.678104400634766,57.38167953491211
2019-03-18,28.678302764892578,52.1939811706543,90.95292663574219,21.656322479248047,67.72022247314453,79.82144165039062,24.96070098876953,13.055551528930664,49.40507125854492,57.40447998046875,73.47600555419922,35.640625,64.87110900878906,18.83397674560547,58.0474853515625
2019-03-19,28.252347946166992,51.99327087402344,90.51941680908203,21.464672088623047,68.42745971679688,78.78302001953125,25.29789161682129,13.09472942352295,49.36527633666992,56.684879302978516,73.60252380371094,35.55021286010742,64.6318130493164,19.064403533935547,57.89714431762695
2019-03-20,28.907665252685547,52.139949798583984,90.0931167602539,22.181581497192383,70.64502716064453,80.31011962890625,26.024150848388672,13.120857238769531,49.49259567260742,57.618656158447266,73.07408905029297,36.405052185058594,64.63929748535156,19.213504791259766,58.21930694580078
2019-03-21,29.55480194091797,52.6031379699707,90.9384765625,22.465511322021484,71.36700439453125,80.86751556396484,25.972274780273438,13.336384773254395,49.970096588134766,57.60152053833008,73.34947204589844,36.34751892089844,64.59442901611328,19.60658073425293,58.555789947509766
2019-03-22,28.522661209106445,51.005130767822266,88.93704986572266,21.535661697387695,69.016845703125,77.40100860595703,24.83966064453125,12.996767044067383,48.78431701660156,55.88820266723633,71.43666076660156,34.9090690612793,63.285797119140625,19.29482650756836,57.617923736572266
2019-03-25,28.604578018188477,51.77711868286133,88.79254913330078,21.876361846923828,68.35380554199219,77.10321807861328,24.41600799560547,13.146981239318848,48.68085479736328,55.79396438598633,71.34734344482422,34.9090690612793,63.921417236328125,19.450706481933594,57.21701431274414
2019-03-26,29.210744857788086,52.9273567199707,89.68850708007812,22.430017471313477,69.81989288330078,78.34781646728516,24.614866256713867,13.120857238769531,49.30956268310547,57.46445083618164,72.95500183105469,35.38581466674805,65.0580825805664,19.389707565307617,57.96156311035156
2019-03-27,28.68649673461914,52.42558288574219,88.7203140258789,22.238372802734375,69.6872787475586,78.1492919921875,24.69267463684082,13.049017906188965,49.49259567260742,56.8390998840332,72.39678955078125,35.081687927246094,64.3252182006836,19.308385848999023,57.517704010009766
2019-03-28,28.74383544921875,52.01641082763672,88.886474609375,22.628761291503906,70.1661605834961,78.29435729980469,25.237369537353516,13.02942180633545,48.50577926635742,57.027549743652344,71.20592498779297,35.85434341430664,63.43534851074219,19.423595428466797,57.804080963134766
2019-03-29,28.391603469848633,51.52235794067383,89.00208282470703,22.401626586914062,70.12195587158203,77.52317810058594,25.33247184753418,13.068607330322266,47.6303596496582,56.71057891845703,70.83380126953125,35.8132438659668,63.43534851074219,19.464256286621094,57.84701919555664
2019-04-01,28.645544052124023,52.25575256347656,90.27377319335938,22.38743019104004,71.41858673095703,79.1724624633789,26.058732986450195,13.088202476501465,48.58535385131836,57.55010223388672,70.75935363769531,36.791385650634766,64.6318130493164,19.837007522583008,58.51285171508789
2019-04-02,28.0803279876709,51.221282958984375,90.26653289794922,22.153194427490234,70.76289367675781,78.25617980957031,25.885812759399414,13.09472942352295,47.686065673828125,57.07895278930664,70.3499984741211,36.5694580078125,63.151187896728516,19.891225814819336,58.262271881103516
2019-04-03,27.08097267150879,50.57282638549805,89.51509094238281,21.79828453063965,69.20103454589844,76.32441711425781,25.877166748046875,12.990238189697266,48.052154541015625,56.590660095214844,70.7370376586914,35.82967758178711,63.00912094116211,19.5930233001709,57.91862869262695
2019-04-04,27.33489990234375,50.302616119384766,90.1725845336914,22.011228561401367,69.00946807861328,76.2327880859375,26.300813674926758,13.009832382202148,48.8241081237793,56.916194915771484,72.09162139892578,36.24888610839844,63.0764045715332,19.532033920288086,58.741943359375
2019-04-05,29.13702392578125,51.043724060058594,91.3431167602539,22.855907440185547,72.66365814208984,78.22564697265625,26.776336669921875,13.09472942352295,50.51126480102539,58.28683853149414,72.78382110595703,36.988651275634766,64.82624053955078,19.72857666015625,59.056941986083984
2019-04-08,29.128829956054688,51.37568664550781,91.53093719482422,22.73523712158203,73.28987884521484,79.67636108398438,27.053010940551758,13.022892951965332,50.423709869384766,58.569541931152344,73.16342163085938,37.95035934448242,64.45983123779297,19.654024124145508,59.42205810546875
2019-04-09,28.571815490722656,50.719482421875,90.70728302001953,22.046722412109375,72.61946868896484,78.5234375,26.63800621032715,12.990238189697266,49.468727111816406,57.635780334472656,72.47120666503906,37.46538543701172,63.64470672607422,19.457483291625977,58.656036376953125
2019-04-10,29.259902954101562,51.699913024902344,90.67113494873047,22.288057327270508,72.73733520507812,79.30987548828125,26.836856842041016,12.9575834274292,50.61472702026367,57.55010223388672,73.39412689208984,37.44074630737305,66.1274185180664,19.423595428466797,58.39113235473633
2019-04-11,29.19437026977539,51.236717224121094,91.03241729736328,22.131893157958984,72.73733520507812,76.29383850097656,26.97519302368164,13.009832382202148,50.224761962890625,57.55010223388672,73.31971740722656,37.24346923828125,66.58356475830078,19.491365432739258,58.67034149169922
2019-04-12,29.898836135864258,52.00871658325195,86.5310287475586,23.76446533203125,77.58499908447266,81.15003967285156,27.087589263916016,12.944519996643066,49.01510238647461,55.965293884277344,72.32234954833984,37.52294158935547,66.11245727539062,19.613359451293945,57.932926177978516
2019-04-15,29.448299407958984,51.21355438232422,86.80558776855469,23.118532180786133,75.39234924316406,80.90569305419922,27.053010940551758,12.9249267578125,48.179481506347656,54.27769470214844,71.63017272949219,38.13942337036133,65.54412078857422,19.335493087768555,57.73963928222656
2019-04-16,29.947973251342773,50.82755661010742,87.54979705810547,23.303089141845703,75.5621566772461,81.60052490234375,27.50259017944336,12.93798828125,47.765655517578125,54.543251037597656,71.43666076660156,38.91205978393555,66.04513549804688,19.403263092041016,58.13340377807617
2019-04-17,30.177345275878906,50.78124237060547,86.89949798583984,23.57280731201172,75.18560791015625,82.64659118652344,27.3123836517334,12.859617233276367,47.94072341918945,53.66946792602539,71.79390716552734,38.969608306884766,66.86775207519531,19.240612030029297,58.29804992675781
2019-04-18,29.583518981933594,50.873897552490234,86.6032485961914,23.814151763916016,76.6843490600586,81.91358184814453,26.9146728515625,12.663684844970703,47.59852600097656,52.95843505859375,71.01985168457031,37.44896697998047,65.83574676513672,19.19317054748535,58.08326721191406
2019-04-22,30.589710235595703,51.69219207763672,88.0772476196289,24.956947326660156,79.04680633544922,84.90668487548828,26.880090713500977,13.081673622131348,48.649024963378906,54.01211929321289,72.3000259399414,37.68733215332031,68.16140747070312,19.491365432739258,59.350467681884766
2019-04-23,30.045385360717773,51.298484802246094,88.16394805908203,24.5594482421875,78.69984436035156,85.37244415283203,26.931964874267578,13.114323616027832,48.59331512451172,53.4210319519043,72.4935531616211,37.72021484375,67.51082611083984,19.532033920288086,59.6941032409668
2019-04-24,29.26188087463379,49.947509765625,85.46166229248047,24.48137092590332,76.73601531982422,84.78453826904297,26.032794952392578,13.114323616027832,47.35183334350586,53.11263656616211,70.17137145996094,36.363956451416016,65.60395050048828,19.437152862548828,58.53432083129883
2019-04-25,28.090742111206055,49.38395690917969,85.18710327148438,23.807050704956055,75.36283874511719,83.69266510009766,25.2633113861084,13.042485237121582,48.267024993896484,52.9755744934082,70.87100219726562,35.59130096435547,67.92211151123047,19.29482650756836,58.86363983154297
2019-04-26,27.266000747680664,48.465293884277344,84.60907745361328,23.203712463378906,72.2620620727539,81.8601303100586,24.94340705871582,13.212291717529297,48.06010437011719,52.52154541015625,70.64771270751953,35.59130096435547,67.36125946044922,19.308385848999023,57.62508773803711
2019-04-29,27.3979549407959,48.36494064331055,85.05703735351562,23.225004196166992,71.61239624023438,81.62342071533203,24.874242782592773,13.13293743133545,48.53761291503906,51.51069259643555,70.9751968383789,35.698158264160156,67.00230407714844,19.172836303710938,57.25279235839844
2019-04-30,27.142290115356445,48.7277717590332,86.74777221679688,22.813316345214844,70.91102600097656,81.23400115966797,24.493824005126953,13.139552116394043,48.442108154296875,50.43987274169922,70.16392517089844,35.081687927246094,67.79496765136719,19.199949264526367,57.474754333496094
2019-05-01,26.15259552001953,48.38037872314453,85.12207794189453,22.600370407104492,67.83984375,77.40100860595703,23.854026794433594,12.95439338684082,47.70994186401367,49.24054718017578,68.35530853271484,34.00490188598633,67.12944793701172,18.96274185180664,56.322113037109375
2019-05-02,24.560842514038086,47.31503677368164,84.08883666992188,21.947345733642578,65.83172607421875,75.68299865722656,23.983713150024414,12.802302360534668,46.70720291137695,49.129188537597656,66.31595611572266,33.79941177368164,65.99280548095703,18.61032485961914,55.33412551879883
2019-05-03,25.2288818359375,47.87086868286133,84.7319107055664,22.18868064880371,67.10895538330078,76.71380615234375,24.009653091430664,12.914718627929688,47.7178955078125,49.64318084716797,66.65835571289062,33.93092727661133,66.13488006591797,18.698429107666016,55.46297073364258
2019-05-06,25.385589599609375,47.7704963684082,85.5483627319336,22.35193634033203,67.35994720458984,76.8894271850586,23.88861083984375,12.855204582214355,47.34387969970703,50.345645904541016,64.77529907226562,33.8980598449707,64.60192108154297,18.556106567382812,55.219573974609375
2019-05-07,25.162906646728516,47.09116744995117,85.45442199707031,22.039621353149414,67.75862884521484,75.00346374511719,23.292051315307617,12.934557914733887,47.296104431152344,51.133758544921875,64.41802978515625,33.37199020385742,63.08387756347656,18.650991439819336,54.92603302001953
2019-05-08,25.245380401611328,47.42311096191406,84.89808654785156,22.380327224731445,69.41972351074219,80.82170104980469,22.9116268157959,13.007296562194824,43.95363235473633,51.579219818115234,63.934226989746094,33.100746154785156,61.61820983886719,18.359567642211914,55.01195526123047
2019-05-09,25.616518020629883,47.508033752441406,87.56424713134766,22.181581497192383,69.57476806640625,82.64659118652344,22.47068977355957,13.046975135803223,42.1470947265625,48.25539779663086,63.82261276245117,33.100746154785156,61.124671936035156,18.27146339416504,54.961814880371094
2019-05-10,25.74846839904785,48.03948211669922,88.14228820800781,22.224170684814453,70.13584899902344,82.37934112548828,21.925992965698242,13.02713394165039,42.29831314086914,47.09034729003906,64.49244689941406,32.51714324951172,62.612770080566406,18.671321868896484,55.43976593017578
2019-05-13,24.857746124267578,47.47311782836914,87.02233123779297,21.23753547668457,69.02845001220703,81.85249328613281,21.312135696411133,13.007296562194824,40.36444854736328,46.4050178527832,63.85237121582031,31.366390228271484,60.87790298461914,18.461227416992188,54.82426071166992
2019-05-14,25.575275421142578,48.349815368652344,87.88939666748047,21.833778381347656,69.6485824584961,83.31085968017578,21.986513137817383,13.179228782653809,40.833988189697266,46.73055648803711,64.69341278076172,32.05683898925781,62.730464935302734,18.623876571655273,54.896663665771484
2019-05-15,25.70723533630371,48.132572174072266,88.2506332397461,21.954439163208008,69.66336059570312,83.27271270751953,22.124847412109375,13.318097114562988,41.16367721557617,46.47356414794922,64.97626495361328,32.32808303833008,63.04050064086914,18.779752731323242,55.30216979980469
2019-05-16,25.756717681884766,48.54376983642578,88.14122009277344,22.217071533203125,70.26875305175781,84.47148132324219,22.375577926635742,13.503252983093262,42.50658416748047,46.045230865478516,65.72053527832031,32.763736724853516,64.6283950805664,18.725540161132812,55.29494094848633
2019-05-17,25.080432891845703,48.17913055419922,87.93689727783203,21.727306365966797,68.67407989501953,84.76924896240234,21.770360946655273,13.364384651184082,41.77482604980469,45.1971435546875,63.77297592163086,32.07328796386719,63.29758834838867,18.637439727783203,54.969078063964844
2019-05-20,24.684551239013672,48.45065689086914,88.17037963867188,21.315616607666016,69.16131591796875,83.73081970214844,21.68390655517578,13.417284965515137,41.91152572631836,45.79679870605469,63.55488204956055,32.15546798706055,62.0650634765625,18.61032485961914,54.96184539794922
2019-05-21,25.426822662353516,49.35837936401367,88.53520965576172,22.089313507080078,70.60096740722656,86.8919448852539,22.124847412109375,13.45035457611084,42.844329833984375,45.83962631225586,64.78812408447266,32.46782684326172,62.359962463378906,18.901744842529297,55.215293884277344
2019-05-22,24.32166862487793,48.91615676879883,87.97339630126953,20.804553985595703,68.59288787841797,83.13523864746094,21.38994598388672,13.45035457611084,41.75068664550781,45.214271545410156,64.36702728271484,31.51433563232422,60.75691604614258,18.725540161132812,54.71562957763672
2019-05-23,22.81238555908203,46.161956787109375,86.00334930419922,19.285554885864258,65.59546661376953,79.43204498291016,20.326501846313477,13.199064254760742,40.319332122802734,45.32563781738281,61.86301803588867,30.815664291381836,57.021514892578125,18.305349349975586,53.43391036987305
2019-05-24,22.540224075317383,46.456783294677734,86.61624145507812,19.157791137695312,64.3478012084961,79.63703918457031,19.859619140625,13.265192985534668,40.43995666503906,45.805355072021484,62.366851806640625,30.41288948059082,57.634002685546875,18.291793823242188,53.65840530395508
2019-05-28,22.193830490112305,46.588661193847656,86.32440948486328,18.880962371826172,64.31087493896484,79.18574523925781,19.876916885375977,13.14616584777832,39.402626037597656,44.78594970703125,62.051021575927734,30.00191307067871,56.77955627441406,17.878385543823242,52.57943344116211
2019-05-29,21.987648010253906,46.65848922729492,85.20069122314453,19.058414459228516,63.80887222290039,77.49520111083984,19.89420509338379,13.16600227355957,39.394588470458984,44.546085357666016,62.22397232055664,29.7388858795166,56.60562515258789,17.82415771484375,52.253570556640625
2019-05-30,21.59177017211914,45.73525619506836,84.1865234375,18.298919677734375,61.98534393310547,76.76089477539062,19.167951583862305,13.265192985534668,37.8828125,44.46898651123047,61.70510482788086,28.91691017150879,55.100887298583984,18.04781150817871,52.11599349975586
2019-05-31,21.501049041748047,45.74301528930664,83.07015991210938,17.85883903503418,60.44971466064453,75.00920104980469,18.407108306884766,13.192451477050781,36.982173919677734,42.6357421875,60.757667541503906,28.51413917541504,53.23318099975586,17.878385543823242,51.24702453613281
2019-06-03,22.177339553833008,46.09989547729492,84.6316146850586,18.10727310180664,61.23966979980469,75.09333038330078,18.675132751464844,13.318097114562988,37.89888381958008,42.250240325927734,61.81037902832031,29.17171859741211,54.44303894042969,18.21047019958496,52.050804138183594
2019-06-04,23.373214721679688,45.851627349853516,85.58744812011719,18.447980880737305,62.221580505371094,75.82769775390625,19.145933151245117,13.45035457611084,38.99251937866211,42.567195892333984,63.254146575927734,29.788663864135742,55.841915130615234,18.76620101928711,53.289085388183594
2019-06-05,23.125789642333984,44.28445053100586,85.84281158447266,18.085975646972656,60.560462951660156,73.52522277832031,18.474605560302734,13.53631591796875,38.349212646484375,40.631168365478516,63.788002014160156,29.130027770996094,55.3050422668457,18.874637603759766,52.84737014770508
2019-06-06,23.785585403442383,45.15338134765625,88.05363464355469,18.192447662353516,62.21419143676758,74.64203643798828,18.788471221923828,13.794214248657227,38.67890930175781,42.010372161865234,63.840660095214844,29.221744537353516,56.31071853637695,18.92960548400879,53.81044387817383
2019-06-07,23.87630271911621,45.74301528930664,88.63737487792969,18.235036849975586,62.45782470703125,74.21367645263672,18.858224868774414,13.972758293151855,37.78630828857422,41.644771575927734,64.30686950683594,29.680280685424805,56.507328033447266,19.073894500732422,54.00597381591797
2019-06-10,23.81857681274414,45.97576141357422,89.22837829589844,18.540258407592773,62.900794982910156,74.65731811523438,18.971569061279297,13.807440757751465,38.341163635253906,41.69701385498047,64.59260559082031,29.571914672851562,57.36178207397461,18.881505966186523,54.244937896728516
2019-06-11,23.79383087158203,45.564571380615234,88.41117858886719,18.526058197021484,63.860530853271484,76.3095703125,19.25055503845215,13.741312980651855,38.41352081298828,42.69808578491211,63.697784423828125,30.589040756225586,57.7398681640625,18.984575271606445,54.19425964355469
2019-06-12,23.101049423217773,45.424922943115234,87.69612884521484,18.085975646972656,62.77525329589844,75.12393951416016,18.369985580444336,13.476799011230469,37.770233154296875,42.47175598144531,62.59994125366211,29.663616180419922,57.845726013183594,18.695995330810547,53.607704162597656
2019-06-13,23.38971519470215,45.82059860229492,88.22148895263672,18.605981826782227,63.8531608581543,76.62321472167969,18.88437843322754,13.569379806518555,38.51808166503906,43.290016174316406,64.09632110595703,30.67241096496582,58.420406341552734,18.81279754638672,54.07837677001953
2019-06-14,22.672182083129883,45.6343994140625,88.14850616455078,18.356658935546875,62.87864685058594,75.68997955322266,18.640260696411133,13.5759916305542,38.56631088256836,42.92440414428711,64.35948944091797,29.955413818359375,58.042327880859375,18.544830322265625,53.83942794799805
2019-06-17,22.960844039916992,45.781795501708984,88.57169342041016,18.805423736572266,63.100120544433594,77.7017593383789,19.15464973449707,13.569379806518555,39.1694221496582,43.35966491699219,64.6001205444336,30.564029693603516,58.17086410522461,18.579185485839844,54.37529373168945
2019-06-18,23.620634078979492,46.41798782348633,89.69535827636719,19.161590576171875,65.18943786621094,79.96595764160156,19.37261962890625,13.75454044342041,39.91727066040039,43.82972717285156,65.26935577392578,30.78913688659668,58.8287239074707,18.730348587036133,54.84598159790039
2019-06-19,23.60414695739746,46.27833557128906,89.6661605834961,19.168710708618164,65.44781494140625,79.64469146728516,19.015161514282227,13.847119331359863,39.933349609375,43.78621292114258,65.87091827392578,30.43896484375,59.100929260253906,18.51734733581543,54.54182815551758
2019-06-20,24.338159561157227,47.09296417236328,90.68035888671875,19.995014190673828,67.51498413085938,82.29899597167969,19.948041915893555,13.952924728393555,41.77482604980469,44.656707763671875,68.29971313476562,31.8896427154541,60.3032112121582,18.778446197509766,55.4759635925293
2019-06-21,24.44537925720215,46.80589294433594,91.1546401977539,20.116107940673828,68.1941909790039,83.98184967041016,19.91316795349121,14.138079643249512,42.345760345458984,44.05606460571289,68.11173248291016,32.41487503051758,61.93650436401367,19.03267478942871,56.258033752441406
2019-06-24,23.975278854370117,46.953311920166016,91.14005279541016,19.888164520263672,66.8579330444336,82.3372573852539,19.625450134277344,13.992597579956055,41.493377685546875,43.42930221557617,67.49513244628906,32.22312927246094,61.06694030761719,18.654762268066406,55.72217559814453
2019-06-25,23.274242401123047,46.37144470214844,90.2134017944336,19.888164520263672,66.4740219116211,80.48611450195312,19.616741180419922,13.609058380126953,41.32450866699219,42.9853401184082,67.54778289794922,32.16476058959961,61.72479248046875,18.407411575317383,55.229766845703125
2019-06-26,23.942293167114258,48.683414459228516,90.42499542236328,20.465145111083984,68.72574615478516,82.02363586425781,20.22703742980957,13.648733139038086,43.5921630859375,43.89067840576172,69.75099182128906,32.5316047668457,64.2200927734375,18.89525604248047,55.46872329711914
2019-06-27,23.620634078979492,47.53517150878906,89.82667541503906,20.158843994140625,68.00223541259766,82.22250366210938,19.8172664642334,13.496642112731934,43.720829010009766,43.30742645263672,68.99151611328125,32.60663604736328,63.46393966674805,18.922740936279297,54.90391540527344
2019-06-28,23.892799377441406,47.325706481933594,90.79712677001953,20.315553665161133,68.7774429321289,83.3546142578125,19.825979232788086,13.807440757751465,44.93508529663086,43.768798828125,70.33750915527344,33.13187789916992,64.7342758178711,19.266279220581055,55.49044418334961
2019-07-01,24.082490921020508,48.295509338378906,91.0889892578125,20.58624267578125,68.72574615478516,83.64527130126953,20.009077072143555,13.807440757751465,44.32392501831055,43.33353805541992,70.72853088378906,32.78171157836914,63.70589828491211,19.280027389526367,55.43976593017578
2019-07-02,22.597959518432617,46.627464294433594,89.69535827636719,19.61747932434082,64.64310455322266,79.68292999267578,19.747514724731445,13.880176544189453,43.81732940673828,42.463043212890625,71.97675323486328,32.66498565673828,61.021541595458984,19.376218795776367,54.83150100708008
2019-07-03,22.498985290527344,46.93779373168945,90.00179290771484,19.603229522705078,64.37732696533203,80.47080993652344,19.91316795349121,13.939690589904785,43.680633544921875,42.80253219604492,72.95430755615234,32.92344284057617,61.98943328857422,19.506771087646484,55.35287857055664
2019-07-05,22.41651725769043,46.47229766845703,90.14044189453125,19.87391471862793,65.38874816894531,82.16132354736328,20.07882308959961,13.959535598754883,44.12289047241211,42.89829635620117,72.78887939453125,32.99014663696289,61.88357925415039,19.47928810119629,55.128379821777344
2019-07-08,21.85568618774414,46.46453094482422,90.18421173095703,19.90240478515625,66.55522155761719,81.81710052490234,20.2706298828125,13.926466941833496,43.69670867919922,42.91569900512695,72.90917205810547,33.256919860839844,61.520633697509766,19.541126251220703,55.381832122802734
2019-07-09,22.226823806762695,46.46453094482422,90.00179290771484,20.002134323120117,65.81697845458984,81.82475280761719,20.549617767333984,14.045496940612793,43.93793487548828,43.18556213378906,73.4806900024414,33.51538848876953,62.18604278564453,19.747251510620117,55.34563064575195
2019-07-10,22.655683517456055,47.4886360168457,91.5267562866211,20.54350471496582,66.9317626953125,83.89772033691406,20.575777053833008,14.005824089050293,44.21134567260742,43.733978271484375,73.77392578125,33.86553955078125,63.06318283081055,19.80222511291504,56.12769317626953
2019-07-11,22.053621292114258,47.68259811401367,91.51946258544922,20.415281295776367,67.06462860107422,83.62232208251953,20.79374122619629,14.065336227416992,44.58124923706055,43.908077239990234,74.88683319091797,34.157344818115234,63.842018127441406,19.72664451599121,56.1711540222168
2019-07-12,22.193830490112305,47.91533660888672,91.92076873779297,20.408161163330078,67.10895538330078,84.77738952636719,20.70655632019043,14.07856273651123,44.61342239379883,45.02231216430664,75.4432601928711,34.02395248413086,64.08397674560547,19.82283592224121,56.214576721191406
2019-07-15,21.731977462768555,47.054168701171875,91.73106384277344,19.695831298828125,65.52164459228516,81.3963851928711,20.453716278076172,14.045496940612793,44.090728759765625,44.943973541259766,75.95458221435547,33.74049758911133,63.75883102416992,19.788480758666992,55.81631088256836
2019-07-16,20.816511154174805,46.35591506958008,91.03060150146484,19.090354919433594,64.43877410888672,79.63703918457031,19.948041915893555,13.827282905578613,44.77425003051758,44.482601165771484,76.23279571533203,33.40699768066406,63.6756477355957,19.376218795776367,54.983551025390625
2019-07-17,20.18970489501953,46.37919616699219,90.57820129394531,18.470630645751953,63.0981559753418,77.86241912841797,18.989004135131836,13.615670204162598,43.672584533691406,44.55223846435547,75.78916931152344,32.20644760131836,62.94218826293945,19.046411514282227,54.6577033996582
2019-07-18,19.422691345214844,46.79814529418945,90.97223663330078,18.306793212890625,63.27591323852539,79.23162841796875,18.901819229125977,13.503252983093262,44.51692199707031,44.40425109863281,76.63884735107422,32.331504821777344,63.02536392211914,18.93648338317871,54.19425964355469
2019-07-19,20.031219482421875,47.04377365112305,91.23491668701172,18.762685775756836,64.46842193603516,80.01950073242188,18.962841033935547,13.556154251098633,44.42042922973633,45.55331039428711,76.6689453125,32.27313995361328,63.252220153808594,18.9433536529541,54.30287170410156
2019-07-22,19.88950538635254,47.129547119140625,91.4319076538086,18.81254768371582,64.59432220458984,79.16278839111328,20.697837829589844,13.734700202941895,44.40433883666992,45.71000671386719,77.11259460449219,32.92344284057617,63.781524658203125,18.977703094482422,54.36079788208008
2019-07-23,20.264625549316406,47.004791259765625,91.80402374267578,18.670085906982422,64.87578582763672,79.88948059082031,20.785022735595703,13.615670204162598,44.79835891723633,45.091957092285156,76.93965148925781,33.140201568603516,64.09909057617188,18.76470184326172,54.57804870605469
2019-07-24,20.664749145507812,46.84883117675781,92.32937622070312,18.88378143310547,64.94243621826172,79.89712524414062,20.74142837524414,13.65534782409668,46.334259033203125,45.3095817565918,77.01483917236328,33.623775482177734,65.1577377319336,18.482990264892578,54.5707893371582
2019-07-25,20.1562557220459,46.037864685058594,91.66539001464844,18.214191436767578,63.3055419921875,77.56407928466797,20.24447250366211,13.609058380126953,45.433631896972656,44.51742172241211,76.37567138671875,33.30695724487305,63.10095977783203,18.08447265625,54.25942611694336
2019-07-26,19.947858810424805,45.811729431152344,90.27176666259766,18.192827224731445,62.43153762817383,78.01538848876953,20.07882308959961,13.787601470947266,45.70705032348633,44.90915298461914,76.93965148925781,33.356971740722656,63.75127410888672,17.266822814941406,54.17251968383789
2019-07-29,19.447702407836914,45.375057220458984,90.64390563964844,18.178577423095703,62.157508850097656,76.28662109375,19.337745666503906,13.81405258178711,45.16023635864258,44.31720733642578,77.30810546875,32.68999481201172,63.53955841064453,17.033214569091797,54.556331634521484
2019-07-30,20.089570999145508,46.40436553955078,90.72415161132812,19.147342681884766,63.742549896240234,78.65792846679688,20.22703742980957,13.847516059875488,45.875911712646484,45.6751823425293,77.9096450805664,32.97346496582031,64.11421966552734,17.191242218017578,54.56355667114258
2019-07-31,20.356313705444336,46.069053649902344,89.82667541503906,19.232824325561523,63.587013244628906,79.11689758300781,20.05266571044922,13.800667762756348,45.345184326171875,44.70893478393555,77.12010192871094,33.32362365722656,64.4620590209961,16.93014144897461,53.8466682434082
2019-08-01,20.106239318847656,45.850711822509766,88.09741973876953,17.92214012145996,60.04658508300781,74.50435638427734,18.88437843322754,13.9010591506958,44.51692199707031,46.28453063964844,76.69149780273438,32.10639953613281,63.77394485473633,17.534799575805664,52.47080612182617
2019-08-02,20.164594650268555,44.03385543823242,88.09011840820312,17.829544067382812,61.07612609863281,74.57320404052734,18.3089542388916,13.52625846862793,43.11772537231445,44.55223846435547,74.8342056274414,31.19764518737793,62.057491302490234,17.184371948242188,51.95667266845703
2019-08-05,19.381017684936523,42.63804244995117,86.63813781738281,17.138578414916992,58.51337814331055,69.9530029296875,17.70737648010254,13.278624534606934,40.74552917480469,43.02016830444336,71.91661071777344,30.005441665649414,57.93662643432617,16.3392391204834,50.892189025878906
2019-08-06,19.105928421020508,42.287147521972656,87.10511779785156,17.252548217773438,57.98006057739258,69.65467834472656,17.393508911132812,13.405789375305176,39.87706756591797,41.41844940185547,73.24756622314453,29.563562393188477,58.74705123901367,16.167461395263672,51.384605407714844
2019-08-07,18.3306884765625,41.57756042480469,86.90080261230469,17.209821701049805,57.43939971923828,70.93975830078125,17.13194465637207,13.365632057189941,38.703025817871094,40.04305648803711,73.18742370605469,28.96329116821289,57.959564208984375,16.229297637939453,51.05150604248047
2019-08-08,18.71413803100586,42.942161560058594,89.91423797607422,17.409265518188477,59.520694732666016,72.82148742675781,17.37607192993164,13.63334846496582,39.820770263671875,41.02671432495117,75.72900390625,29.35514259338379,60.214969635009766,16.511016845703125,52.412879943847656
2019-08-09,18.31402015686035,42.115596771240234,89.3232192993164,17.131454467773438,58.787418365478516,73.75471496582031,17.01861000061035,13.63334846496582,38.9120979309082,41.02671432495117,75.52597045898438,28.788211822509766,60.28376388549805,16.483524322509766,51.297698974609375
2019-08-12,17.963905334472656,41.421600341796875,88.68843078613281,16.74680519104004,57.71345138549805,74.10659790039062,16.92270851135254,13.613265037536621,37.27165985107422,39.16384506225586,73.92430114746094,28.57144546508789,58.98405075073242,16.284273147583008,51.0484504699707
2019-08-13,18.27234649658203,42.006431579589844,89.30134582519531,16.825157165527344,58.15785217285156,76.44727325439453,16.983736038208008,13.727046966552734,37.914981842041016,38.9636344909668,74.9996109008789,28.87158203125,60.19967269897461,16.414825439453125,51.67894744873047
2019-08-14,16.738523483276367,40.37670135498047,85.90847778320312,15.692560195922852,55.56548309326172,73.67057037353516,15.981107711791992,13.251850128173828,35.88855743408203,38.0409049987793,73.33779907226562,26.962373733520508,58.104835510253906,15.878887176513672,49.59682846069336
2019-08-15,16.61349105834961,39.698307037353516,85.33206939697266,15.400505065917969,55.50624465942383,73.43144989013672,15.911352157592773,13.30539321899414,36.50774002075195,38.26722717285156,73.29267883300781,26.38710594177246,58.655296325683594,15.748331069946289,49.30358123779297
2019-08-16,17.372058868408203,40.134971618652344,85.3689193725586,16.055845260620117,56.23208999633789,74.54277038574219,16.451902389526367,13.4727144241333,37.16712951660156,38.79823684692383,74.31533813476562,27.27918243408203,59.725669860839844,15.99569034576416,50.07337188720703
2019-08-19,18.255666732788086,42.061004638671875,86.47465515136719,16.575847625732422,57.63196563720703,76.61213684082031,16.852954864501953,13.660116195678711,38.445709228515625,39.677433013916016,74.94518280029297,28.429716110229492,60.93362045288086,16.188079833984375,50.916481018066406
2019-08-20,18.130624771118164,41.101898193359375,85.60482025146484,16.639951705932617,56.80243682861328,76.09095764160156,16.617555618286133,13.479413986206055,37.9903450012207,39.39887619018555,74.88448333740234,28.262969970703125,59.641563415527344,16.167461395263672,50.608558654785156
2019-08-21,18.113950729370117,41.039520263671875,86.89482879638672,16.654199600219727,57.19498062133789,76.71942138671875,16.216503143310547,13.646732330322266,38.405052185058594,39.22477722167969,75.35497283935547,28.087890625,59.93972396850586,16.407947540283203,51.114437103271484
2019-08-22,17.888883590698242,40.751007080078125,86.78424835205078,16.404890060424805,55.92841339111328,76.0526351928711,16.27753257751465,13.519566535949707,38.128570556640625,38.911399841308594,74.717529296875,28.104564666748047,59.19048309326172,16.215559005737305,51.00446701049805
2019-08-23,17.247018814086914,39.316219329833984,84.90452575683594,15.443243026733398,53.14348602294922,72.50407409667969,15.449272155761719,13.09791374206543,37.20970916748047,36.88313293457031,72.22846221923828,26.70392417907715,56.71337890625,15.720849990844727,49.479530334472656
2019-08-26,17.505434036254883,40.05698776245117,85.31730651855469,15.364886283874512,53.51382827758789,71.6609878540039,15.257463455200195,13.332164764404297,37.437400817871094,36.67421340942383,73.08597564697266,26.33709144592285,56.354042053222656,15.755204200744629,49.743446350097656
2019-08-27,17.472087860107422,39.75288009643555,85.3836898803711,15.201050758361816,53.07682800292969,70.79493713378906,15.091808319091797,13.412480354309082,36.86006164550781,36.86572265625,71.72760772705078,26.053619384765625,54.82497024536133,15.748331069946289,49.25959014892578
2019-08-28,18.03059196472168,40.50927734375,86.12081146240234,15.614197731018066,53.721214294433594,74.0599136352539,15.693387031555176,13.559724807739258,37.6732063293457,37.527305603027344,72.97972869873047,26.362096786499023,55.627742767333984,16.030046463012695,49.61881637573242
2019-08-29,18.372371673583984,40.774391174316406,86.62944030761719,16.055845260620117,55.16555404663086,75.5544662475586,16.155479431152344,13.653422355651855,39.48653793334961,37.75362777709961,74.45951080322266,26.895671844482422,57.52378845214844,16.2911434173584,50.16867446899414
2019-08-30,17.9805850982666,40.6886100769043,86.77689361572266,15.664064407348633,54.950740814208984,75.17123413085938,16.425748825073242,13.566417694091797,40.015079498291016,37.84939193725586,74.84651947021484,27.03740882873535,57.554359436035156,16.215559005737305,50.20534896850586
2019-09-03,17.84720802307129,40.57944869995117,85.7080078125,15.735297203063965,54.90628433227539,74.34349822998047,16.513774871826172,13.466025352478027,40.36473846435547,37.152984619140625,75.48400115966797,26.859588623046875,57.01155471801758,16.181201934814453,50.26398849487305
2019-09-04,18.372371673583984,41.56196212768555,86.430419921875,16.26953887939453,55.97285842895508,74.97195434570312,16.513774871826172,13.606573104858398,41.19414520263672,37.93644714355469,75.65094757080078,27.926517486572266,57.17209243774414,16.284273147583008,50.79918670654297
2019-09-05,18.897525787353516,41.6711311340332,86.71790313720703,16.73967933654785,55.99509048461914,74.84168243408203,16.72503662109375,13.727046966552734,42.67407989501953,39.25088882446289,75.7343978881836,28.841041564941406,58.70880889892578,16.538497924804688,51.517662048339844
2019-09-06,18.630783081054688,41.819297790527344,87.1749496459961,16.632827758789062,56.617252349853516,73.27050018310547,16.804262161254883,13.660116195678711,42.665950775146484,39.57297897338867,76.57675170898438,28.959583282470703,59.733306884765625,16.572856903076172,52.00153350830078
2019-09-09,19.714447021484375,42.864173889160156,88.00791931152344,17.544605255126953,59.2540397644043,73.99095916748047,17.56129264831543,13.660116195678711,43.56854248046875,39.8387565612793,77.53289794921875,30.67852783203125,60.68896484375,16.957630157470703,52.41209030151367
2019-09-10,19.756132125854492,43.9168701171875,89.8212890625,17.4947452545166,59.3281364440918,76.22891998291016,17.6317081451416,13.539643287658691,44.30038070678711,41.13214874267578,78.13240051269531,31.720050811767578,62.447410583496094,17.07443618774414,52.8372917175293
2019-09-11,19.99787139892578,44.60308074951172,89.401123046875,17.786802291870117,60.016963958740234,75.66177368164062,17.64931869506836,13.68688678741455,43.99951171875,41.00813293457031,77.76055908203125,31.601512908935547,63.204307556152344,17.15001678466797,52.73466873168945
2019-09-12,19.87283706665039,43.94027328491211,89.50432586669922,17.558027267456055,59.01705551147461,73.70735168457031,17.385236740112305,13.666810035705566,43.25141906738281,40.21968078613281,77.54808807373047,31.245864868164062,63.991783142089844,16.947677612304688,52.77131652832031
2019-09-13,20.28962516784668,44.712249755859375,89.56330871582031,17.92262840270996,58.802242279052734,74.1365737915039,17.842975616455078,13.700273513793945,43.33273696899414,39.945045471191406,77.98822784423828,31.609981536865234,65.3908920288086,17.23374366760254,53.255184173583984
2019-09-16,23.7156982421875,48.75927734375,91.4946060180664,20.103090286254883,63.431453704833984,80.50557708740234,19.79716682434082,13.834132194519043,42.617156982421875,42.345829010009766,78.94438171386719,33.28657531738281,62.99024200439453,17.436084747314453,54.0543098449707
2019-09-17,21.690065383911133,47.737770080566406,91.3250732421875,19.073623657226562,60.15768051147461,76.98767852783203,18.511974334716797,13.880980491638184,43.43030548095703,39.99821472167969,77.5556869506836,32.32126235961914,64.45813751220703,17.44306182861328,53.64375686645508
2019-09-18,21.198246002197266,46.79425048828125,91.53884887695312,18.944942474365234,60.23173522949219,75.3015365600586,18.318317413330078,13.834132194519043,43.714927673339844,39.5286865234375,78.15516662597656,32.20270538330078,63.91532897949219,17.331418991088867,53.38715744018555
2019-09-19,21.473331451416016,46.76305389404297,91.15554809570312,18.558897018432617,60.446529388427734,74.5964126586914,18.415145874023438,13.847516059875488,43.84501266479492,40.56519317626953,78.22347259521484,31.97409439086914,63.877098083496094,17.31049156188965,53.027915954589844
2019-09-20,21.50667381286621,47.42585754394531,91.64204406738281,18.666128158569336,59.99474334716797,74.2055435180664,17.992618560791016,14.001452445983887,44.80452346801758,40.48545455932617,78.36763763427734,31.58457374572754,63.34192657470703,17.240718841552734,52.844635009765625
2019-09-23,21.823442459106445,46.92680740356445,92.06959533691406,18.465959548950195,59.35034942626953,75.33219146728516,18.14226531982422,13.907751083374023,45.35747146606445,40.30827713012695,79.11893463134766,31.609981536865234,64.3281478881836,17.17094612121582,52.881282806396484
2019-09-24,21.156564712524414,46.2406120300293,91.2145004272461,17.67241668701172,58.1874885559082,72.41976928710938,17.15636444091797,13.767204284667969,45.11353302001953,40.281700134277344,78.63325500488281,30.111186981201172,63.5330696105957,16.947677612304688,52.155479431152344
2019-09-25,21.273271560668945,46.380977630615234,91.04493713378906,17.66526222229004,56.861663818359375,71.46172332763672,17.11235809326172,13.727046966552734,48.91094207763672,40.157657623291016,79.72601318359375,29.84021759033203,63.96120071411133,17.024425506591797,52.3094367980957
2019-09-26,21.06487464904785,44.97738265991211,88.57549285888672,17.450796127319336,55.61733627319336,69.07048797607422,16.962709426879883,13.733736038208008,49.472007751464844,40.17538070678711,79.34657287597656,29.24748420715332,63.54833984375,16.836040496826172,52.03086471557617
2019-09-27,21.423316955566406,45.148929595947266,87.42555236816406,17.336408615112305,55.535850524902344,68.9708480834961,16.487367630004883,13.834132194519043,50.75677490234375,39.98934555053711,78.66360473632812,29.06966781616211,64.55752563476562,16.88488006591797,52.404754638671875
2019-09-30,21.33995819091797,44.43153381347656,87.42555236816406,17.20057487487793,54.972957611083984,68.90951538085938,16.59299659729004,13.793972969055176,49.39883041381836,39.39580154418945,77.70744323730469,28.934171676635742,65.16914367675781,16.787195205688477,51.76692199707031
2019-10-01,20.231279373168945,43.00454330444336,85.5163803100586,16.54286766052246,53.01756286621094,65.1463623046875,16.35532569885254,13.579800605773926,49.097957611083984,38.77567672729492,76.66780853271484,27.689424514770508,65.15386199951172,16.6197452545166,50.549903869628906
2019-10-02,19.33933448791504,41.382606506347656,82.77417755126953,15.7493257522583,51.69916534423828,63.70549011230469,15.99441909790039,13.499490737915039,48.138450622558594,38.04037094116211,74.55057525634766,26.893455505371094,63.30369186401367,16.305776596069336,49.230255126953125
2019-10-03,19.481040954589844,41.84267044067383,83.40811157226562,16.206863403320312,52.46945571899414,65.8284912109375,16.408143997192383,13.640032768249512,48.78897476196289,38.27070999145508,75.02867126464844,27.139015197753906,63.869449615478516,16.43834114074707,49.83877182006836
2019-10-04,18.472400665283203,41.71792221069336,83.92414093017578,16.156814575195312,52.528709411621094,65.46826171875,16.328920364379883,13.733736038208008,49.39070510864258,38.155548095703125,76.5387954711914,26.995071411132812,64.61869812011719,16.501136779785156,50.564571380615234
2019-10-07,17.838871002197266,42.57566833496094,83.48919677734375,15.649236679077148,51.66952896118164,63.89707946777344,16.161664962768555,13.58649730682373,49.11422348022461,37.36709976196289,76.918212890625,26.927326202392578,63.77770233154297,16.38252067565918,49.868080139160156
2019-10-08,16.880239486694336,42.02983474731445,82.34662628173828,14.948631286621094,50.90664291381836,61.942691802978516,16.064842224121094,13.392400741577148,48.64258575439453,36.171138763427734,76.5084457397461,26.004348754882812,63.70124053955078,15.984821319580078,48.90034866333008
2019-10-09,17.113649368286133,42.84078598022461,83.4007339477539,15.063020706176758,50.802947998046875,62.502193450927734,16.082448959350586,13.506181716918945,49.24432373046875,36.18000030517578,77.94268798828125,26.165231704711914,65.03919982910156,15.852249145507812,49.442874908447266
2019-10-10,17.03028678894043,43.57379150390625,84.46958923339844,14.891438484191895,51.039947509765625,63.26095962524414,16.223289489746094,13.54633617401123,50.358341217041016,36.34832000732422,80.8946762084961,26.309179306030273,65.5973129272461,15.866212844848633,50.03669738769531
2019-10-11,17.855541229248047,44.002655029296875,85.61956787109375,15.198845863342285,51.29179763793945,64.10401916503906,16.681026458740234,13.539643287658691,51.56993103027344,36.42804718017578,80.8415298461914,27.50313377380371,67.27928924560547,16.11041259765625,50.5719108581543
2019-10-14,18.289005279541016,43.768714904785156,85.64168548583984,14.977230072021484,50.50668716430664,64.34928894042969,16.513774871826172,13.479413986206055,51.34225082397461,35.88764953613281,80.9326171875,27.579341888427734,67.68449401855469,16.13134002685547,50.718536376953125
2019-10-15,18.48907470703125,43.628360748291016,85.73749542236328,14.991528511047363,51.29179763793945,65.02372741699219,16.460954666137695,13.506181716918945,52.082210540771484,36.144561767578125,81.42588806152344,27.782573699951172,68.38786315917969,16.15227699279785,50.89448928833008
2019-10-16,18.13896369934082,42.905555725097656,84.8529281616211,14.762755393981934,50.71017074584961,63.94306564331055,16.10885238647461,13.399094581604004,50.9763298034668,35.737056732177734,80.63666534423828,27.05434226989746,68.11261749267578,15.915048599243164,50.02205276489258
2019-10-17,18.439058303833008,42.84269332885742,85.02983856201172,14.56973648071289,49.661441802978516,64.41059112548828,16.293712615966797,13.432560920715332,52.12287521362305,35.72819137573242,81.35757446289062,27.003541946411133,68.88481140136719,15.90807056427002,49.95607376098633
2019-10-18,18.705806732177734,42.38700866699219,84.5801773071289,14.155088424682617,47.928462982177734,62.82407760620117,16.223289489746094,13.399094581604004,52.96854782104492,35.834503173828125,81.3499984741211,27.35917854309082,69.6187744140625,15.984821319580078,49.56749725341797
2019-10-21,19.194734573364258,43.96620178222656,85.95863342285156,14.469650268554688,50.32340621948242,63.414241790771484,17.261999130249023,13.492796897888184,52.58637237548828,36.162288665771484,82.10884094238281,28.443056106567383,71.26251983642578,16.075529098510742,50.395957946777344
2019-10-22,19.346471786499023,44.42189407348633,86.8358383178711,14.777058601379395,51.74400329589844,65.67520141601562,17.517276763916016,13.599879264831543,53.00107192993164,37.402530670166016,82.5414047241211,29.484567642211914,71.99647521972656,16.194133758544922,50.65254211425781
2019-10-23,19.843835830688477,44.19404602050781,86.96853637695312,15.227448463439941,53.506744384765625,66.80186462402344,17.790159225463867,13.653422355651855,53.562156677246094,38.02265167236328,82.7159194946289,29.91642951965332,71.75183868408203,16.36856460571289,51.136417388916016
2019-10-24,19.582504272460938,44.12333297729492,86.67366027832031,15.341828346252441,53.52904510498047,66.61022186279297,17.52608299255371,13.68019962310791,53.95246124267578,37.46454620361328,83.95286560058594,29.730138778686523,74.09132385253906,16.20111846923828,50.65254211425781
2019-10-25,18.604642868041992,44.27261734008789,87.4771499633789,15.34897518157959,53.90837860107422,67.03178405761719,18.027833938598633,13.666810035705566,55.30228042602539,37.67715835571289,86.8289566040039,29.713212966918945,75.89561462402344,16.215068817138672,50.769859313964844
2019-10-28,18.318029403686523,43.746212005615234,87.33712768554688,15.048714637756348,52.84477615356445,66.3726577758789,17.869388580322266,13.506181716918945,54.952640533447266,37.45568084716797,88.97654724121094,29.653934478759766,76.50725555419922,16.026687622070312,50.322635650634766
2019-10-29,18.587785720825195,44.85401916503906,87.07911682128906,15.298933982849121,53.41004943847656,67.38433074951172,17.939804077148438,13.499490737915039,55.31041717529297,37.49999237060547,90.27418518066406,29.459171295166016,77.08064270019531,16.20111846923828,50.17601776123047
2019-10-30,18.006132125854492,43.243385314941406,85.77436065673828,14.476795196533203,51.781185150146484,64.67118835449219,17.11235809326172,13.553701400756836,53.82235336303711,36.64067077636719,88.36945343017578,28.028133392333984,75.54393005371094,15.970865249633789,49.64814376831055
2019-10-31,18.25902557373047,43.36909484863281,85.61219787597656,14.498244285583496,51.55062484741211,65.72885131835938,16.945104598999023,13.540151596069336,52.000892639160156,35.878780364990234,88.65025329589844,27.680952072143555,74.14482116699219,15.56618595123291,49.538177490234375
2019-11-01,20.071435928344727,44.90114974975586,85.6637954711914,15.134507179260254,52.91915512084961,66.51826477050781,17.684528350830078,13.892547607421875,54.050045013427734,37.46454620361328,89.84922790527344,29.162799835205078,76.34669494628906,15.970865249633789,51.026458740234375
2019-11-04,20.669960021972656,45.56897735595703,89.61490631103516,16.13536834716797,54.808326721191406,69.2544174194336,18.54718589782715,13.933206558227539,55.24538040161133,39.18318557739258,89.95547485351562,30.687000274658203,77.4017562866211,16.277862548828125,52.5440559387207
2019-11-05,20.19788360595703,45.96966552734375,89.88763427734375,16.428478240966797,55.04635238647461,69.15476989746094,18.529579162597656,13.906098365783691,54.02565002441406,37.127899169921875,90.24382781982422,31.093441009521484,77.28707122802734,16.012725830078125,53.58509826660156
2019-11-06,19.911272048950195,45.27827072143555,88.38385772705078,15.78506851196289,53.11996841430664,59.1682243347168,18.13346290588379,13.696015357971191,52.26923370361328,35.0903434753418,89.86441040039062,30.111186981201172,76.72132873535156,15.51734447479248,52.41209030151367
2019-11-07,20.299043655395508,46.77891159057617,89.85077667236328,16.214012145996094,55.58927917480469,57.91127395629883,18.450353622436523,13.580808639526367,53.87113952636719,34.5765266418457,90.73709869384766,30.551515579223633,77.52410125732422,15.440593719482422,53.52645492553711
2019-11-08,20.594087600708008,46.480350494384766,89.14313507080078,16.37843894958496,55.55952835083008,57.811649322509766,18.732044219970703,13.574034690856934,53.854888916015625,35.524436950683594,90.83574676513672,30.771669387817383,77.11123657226562,15.412687301635742,52.50993728637695
2019-11-11,20.105159759521484,46.283935546875,89.05464935302734,16.106781005859375,54.905025482177734,58.84632873535156,18.70564079284668,13.513042449951172,53.432037353515625,34.443641662597656,89.8568344116211,30.83094596862793,76.97362518310547,15.405710220336914,52.190887451171875
2019-11-12,20.063011169433594,45.74968719482422,89.16522979736328,15.992393493652344,54.51081848144531,59.78904724121094,18.511974334716797,13.601142883300781,52.77339172363281,34.05384063720703,89.62156677246094,30.66158676147461,76.82070922851562,15.377799034118652,51.471160888671875
2019-11-13,19.641515731811523,45.2232780456543,90.13825988769531,15.456215858459473,54.00506591796875,59.022605895996094,18.15106773376465,13.790898323059082,52.24484634399414,33.770362854003906,89.87199401855469,29.662395477294922,76.6448745727539,15.377799034118652,51.04825210571289
2019-11-14,19.751100540161133,44.97972106933594,89.90237426757812,15.613492012023926,53.81168746948242,58.613861083984375,17.895793914794922,13.702794075012207,52.407474517822266,33.45143127441406,90.63845825195312,29.391435623168945,77.08064270019531,15.315011978149414,50.825660705566406
2019-11-15,20.155736923217773,45.76539611816406,89.80558776855469,16.128223419189453,54.65214920043945,59.228515625,18.027833938598633,13.851889610290527,52.602638244628906,34.505653381347656,90.50081634521484,29.941831588745117,76.92008972167969,15.60107421875,51.337615966796875
2019-11-18,19.371767044067383,44.5475959777832,88.24980926513672,15.699283599853516,53.00096893310547,58.183631896972656,17.746143341064453,13.648584365844727,52.48065948486328,34.81572341918945,90.72256469726562,29.374496459960938,77.26414489746094,15.559210777282715,50.84048080444336
2019-11-19,18.857542037963867,44.916866302490234,86.68650817871094,15.36327838897705,52.361328125,57.00041961669922,17.517276763916016,13.560478210449219,50.709716796875,33.78807830810547,89.78206634521484,29.052719116210938,75.30475616455078,15.447572708129883,50.32109451293945
2019-11-20,19.279035568237305,46.63749313354492,87.34905242919922,15.69213581085205,53.59599304199219,57.84557342529297,18.07184410095215,13.594367980957031,50.66872024536133,34.089290618896484,88.74215698242188,30.60231590270996,74.97306823730469,15.615026473999023,50.47690200805664
2019-11-21,19.57407569885254,47.30531311035156,88.41352844238281,16.278350830078125,54.533138275146484,58.060691833496094,18.600004196166992,13.662134170532227,51.84934616088867,34.656253814697266,90.50847625732422,31.008764266967773,75.91417694091797,15.901092529296875,51.69375991821289
2019-11-22,19.7342472076416,47.0617561340332,88.309326171875,16.278350830078125,54.28769302368164,57.87629699707031,18.47676658630371,13.526594161987305,51.12784957885742,35.063758850097656,89.17803192138672,31.00029182434082,75.21992492675781,16.117385864257812,51.471160888671875
2019-11-25,19.852258682250977,47.965274810791016,88.12322998046875,16.256908416748047,54.681888580322266,59.25925064086914,18.78486442565918,13.526594161987305,51.185245513916016,35.37383270263672,88.25281524658203,31.39827537536621,75.09649658203125,16.11041259765625,51.1298713684082
2019-11-26,19.295900344848633,47.22675323486328,87.68403625488281,15.913752555847168,53.484413146972656,59.2362060546875,18.335927963256836,13.350398063659668,50.562129974365234,34.169010162353516,87.41937255859375,30.81400489807129,75.16590118408203,15.956914901733398,51.003726959228516
2019-11-27,19.57407569885254,47.40745162963867,87.89247131347656,16.092479705810547,53.81168746948242,60.32718276977539,18.84647560119629,13.37073040008545,50.398162841796875,34.32847595214844,87.69464874267578,31.135778427124023,74.90364074707031,15.8452730178833,50.97403335571289
2019-11-29,18.781673431396484,47.093177795410156,87.1927261352539,15.649236679077148,52.73320388793945,59.42058181762695,18.47676658630371,13.289405822753906,49.7176628112793,34.169010162353516,87.71758270263672,30.65312957763672,73.66165924072266,15.852249145507812,50.55110168457031
2019-12-02,16.471899032592773,47.43101501464844,86.94705963134766,15.606341361999512,52.65140914916992,59.835453033447266,18.740846633911133,13.14709186553955,49.90623474121094,34.26646423339844,87.41937255859375,30.788606643676758,73.74652862548828,15.733641624450684,50.76628875732422
2019-12-03,15.494036674499512,46.268218994140625,86.26964569091797,15.306085586547852,51.15641784667969,59.0902214050293,18.30071258544922,12.977669715881348,49.21752166748047,33.68177795410156,86.2112808227539,30.041643142700195,72.42741394042969,15.489435195922852,50.3656120300293
2019-12-04,15.763792037963867,47.63529586791992,87.0512924194336,16.006689071655273,53.58854293823242,61.8945198059082,19.06435203552246,13.07931900024414,49.21752166748047,34.062713623046875,86.07366943359375,31.071937561035156,71.90287017822266,15.440593719482422,50.936954498291016
2019-12-05,15.662635803222656,47.01459884643555,86.59719848632812,15.777920722961426,52.50264358520508,61.41817092895508,19.01995277404785,13.336849212646484,49.06995391845703,33.64634323120117,86.05069732666016,30.780017852783203,71.73316955566406,15.48245906829834,50.75886535644531
2019-12-06,16.851242065429688,48.68810272216797,87.84780883789062,16.54286766052246,55.00914764404297,63.945892333984375,19.827993392944336,13.384283065795898,49.35691833496094,34.558807373046875,86.83060455322266,31.672948837280273,72.21141815185547,15.622008323669434,51.575042724609375
2019-12-09,17.390748977661133,48.578102111816406,87.31929016113281,16.550018310546875,55.418235778808594,64.36844635009766,20.041099548339844,13.513042449951172,47.905704498291016,33.76310348510742,85.60722351074219,31.904756546020508,71.37057495117188,15.9778413772583,51.68635177612305
2019-12-10,17.64365005493164,48.523109436035156,87.75846862792969,16.743040084838867,55.663665771484375,64.12261199951172,20.236452102661133,13.635027885437012,48.10249328613281,33.97106170654297,85.58428955078125,32.059303283691406,72.95197296142578,16.005752563476562,51.241153717041016
2019-12-11,17.93868637084961,48.46025085449219,86.52275085449219,16.743040084838867,55.537227630615234,64.40687561035156,20.760347366333008,13.689240455627441,46.82347106933594,33.943946838378906,85.79838562011719,32.969398498535156,71.65601348876953,16.18018341064453,51.16696548461914
2019-12-12,18.579357147216797,49.17521667480469,88.4433364868164,17.216693878173828,57.054508209228516,66.28154754638672,21.57726287841797,13.655354499816895,48.3730583190918,34.585933685302734,86.9605941772461,33.544639587402344,72.92111206054688,16.06669044494629,52.190887451171875
2019-12-13,17.997699737548828,49.26163864135742,87.81058502197266,16.85068702697754,56.14710998535156,65.37494659423828,21.3019962310791,13.689240455627441,48.05329895019531,34.09765625,86.3947982788086,33.48453903198242,72.36571502685547,16.10924530029297,51.3672981262207
2019-12-16,18.604642868041992,49.35591125488281,88.8527603149414,17.116226196289062,57.947044372558594,67.3725357055664,21.62166404724121,13.946763038635254,49.8078498840332,34.64923095703125,87.27410888671875,33.82797622680664,73.39167785644531,16.18727684020996,51.93861770629883
2019-12-17,18.94184112548828,49.9058837890625,88.28697967529297,17.345874786376953,58.61642837524414,66.54277038574219,21.92356300354004,13.899323463439941,50.18498611450195,34.64923095703125,86.42538452148438,33.879486083984375,73.80823516845703,16.272401809692383,51.7011833190918
2019-12-18,19.16944694519043,49.65446853637695,88.24980926513672,17.726240158081055,59.94034957885742,66.90386199951172,21.790367126464844,14.041638374328613,49.939022064208984,34.96570587158203,86.43302154541016,34.01686477661133,72.90567016601562,16.371706008911133,51.842166900634766
2019-12-19,19.144153594970703,49.646602630615234,87.93714904785156,18.020479202270508,60.431217193603516,67.21119689941406,21.737092971801758,14.122956275939941,50.11940002441406,34.99282455444336,86.25716400146484,34.008277893066406,72.96739959716797,16.669631958007812,51.48601150512695
2019-12-20,19.068288803100586,50.063011169433594,89.09097290039062,18.27884292602539,61.479942321777344,67.62608337402344,21.745969772338867,14.211054801940918,50.5129508972168,35.27313232421875,86.67005157470703,33.85373306274414,73.49195098876953,16.882436752319336,51.89409637451172
2019-12-23,22.364355087280273,50.75440216064453,89.57484436035156,18.82425880432129,62.01546096801758,68.40205383300781,22.101152420043945,14.366928100585938,49.73405456542969,35.90607452392578,86.15010070800781,35.02138900756836,73.46881103515625,16.981740951538086,52.153785705566406
2019-12-24,22.06087875366211,50.809410095214844,89.582275390625,19.046735763549805,62.335269927978516,69.28561401367188,22.07451629638672,14.319488525390625,49.98821258544922,36.0688362121582,86.55535125732422,34.90119171142578,73.3608169555664,16.910808563232422,51.953460693359375
2019-12-26,22.145177841186523,51.068668365478516,89.77583312988281,18.917551040649414,62.21627426147461,70.1537857055664,21.790367126464844,14.366928100585938,49.578277587890625,36.30392074584961,85.6836929321289,34.40321731567383,72.83626556396484,16.889530181884766,52.03506851196289
2019-12-27,22.01873016357422,51.05297088623047,89.552490234375,18.465431213378906,61.83694076538086,69.73889923095703,21.66605567932129,14.285602569580078,49.504486083984375,36.312965393066406,84.56735229492188,34.34312057495117,71.8951416015625,16.733474731445312,51.85699462890625
2019-12-30,21.496082305908203,50.76226806640625,89.2175064086914,18.32189178466797,61.27912139892578,69.96939849853516,21.808128356933594,14.25171947479248,48.9223747253418,36.80124282836914,84.3914794921875,34.68655014038086,71.64830017089844,16.456830978393555,51.55278778076172
2019-12-31,21.57194709777832,51.092247009277344,89.70883178710938,18.63766860961914,62.29806900024414,71.34465789794922,21.72821044921875,14.34659194946289,49.39789581298828,37.26237869262695,85.18669128417969,34.51484298706055,72.2422866821289,16.825687408447266,51.77537536621094
2020-01-02,21.3780574798584,51.43008041381836,90.3936996459961,18.50848960876465,62.58070373535156,71.18331909179688,21.91468048095703,14.258499145507812,50.75890350341797,38.50116729736328,85.79073333740234,34.48907470703125,73.38395690917969,16.662538528442383,52.60640335083008
2020-01-03,21.656248092651367,51.61864471435547,90.08104705810547,18.73096466064453,63.21290969848633,72.53553771972656,21.985715866088867,14.366928100585938,47.74174118041992,39.432491302490234,82.95397186279297,34.82392501831055,70.59918212890625,16.733474731445312,52.18347930908203
2020-01-06,21.61409568786621,52.231475830078125,89.77583312988281,18.95343780517578,65.77894592285156,72.91200256347656,22.545127868652344,14.421137809753418,47.733543395996094,40.73455047607422,82.43403625488281,35.047149658203125,70.60690307617188,16.953371047973633,52.584144592285156
2020-01-07,27.405391693115234,52.231475830078125,88.62944030761719,19.010848999023438,66.41114044189453,74.07981872558594,21.905803680419922,14.455024719238281,48.48783874511719,40.93346405029297,82.68636322021484,34.86685562133789,71.5325927734375,16.953371047973633,52.153785705566406
2020-01-08,27.590850830078125,51.02154541015625,87.61705017089844,18.336246490478516,64.96076965332031,71.70576477050781,21.355266571044922,14.33981704711914,47.97950744628906,40.67124557495117,79.59729766845703,33.8365592956543,71.8102798461914,16.6909122467041,51.3672981262207
2020-01-09,27.48126792907715,51.909358978271484,87.47559356689453,18.551549911499023,65.6375961303711,72.33576202392578,21.479583740234375,14.604113578796387,48.69281005859375,41.02389144897461,80.75951385498047,34.22292709350586,73.42251586914062,16.79022216796875,51.76054763793945
2020-01-10,27.295812606811523,51.39865493774414,86.67906188964844,18.013301849365234,64.16495513916016,70.88368225097656,21.381906509399414,14.577006340026855,49.37331008911133,41.50313186645508,80.1860580444336,34.19716262817383,74.74163818359375,16.669631958007812,51.30052185058594
2020-01-13,26.983901977539062,51.17082595825195,86.8428726196289,18.19989013671875,63.60709762573242,69.51611328125,21.088886260986328,14.604113578796387,48.88136672973633,42.10893249511719,80.51483154296875,33.6820182800293,74.2479248046875,16.86824607849121,51.79023361206055
2020-01-14,28.31581687927246,51.17866516113281,86.57485961914062,18.82425880432129,64.2095718383789,70.11537170410156,21.257593154907227,14.54312515258789,49.061744689941406,42.714759826660156,81.34062957763672,33.93959045410156,73.59225463867188,16.910808563232422,51.34503173828125
2020-01-15,28.273672103881836,51.068668365478516,86.44831085205078,18.83143424987793,64.51453399658203,70.1537857055664,20.929052352905273,14.509237289428711,47.65975570678711,42.732845306396484,80.20135498046875,32.90929412841797,71.1700210571289,16.889530181884766,51.26340866088867
2020-01-16,27.902753829956055,51.12366485595703,87.01407623291016,18.974964141845703,64.9383773803711,69.71585845947266,21.142162322998047,14.482131958007812,47.16781997680664,42.19935989379883,79.36026763916016,33.295654296875,70.95404052734375,17.05267906188965,51.063087463378906
2020-01-17,27.54027557373047,51.12366485595703,86.03888702392578,18.551549911499023,63.66228103637695,68.79388427734375,21.275360107421875,14.475357055664062,46.64309310913086,41.43982696533203,78.99321746826172,32.94363021850586,70.36778259277344,16.92500114440918,50.87016677856445
2020-01-21,26.96262550354004,50.306575775146484,84.34907531738281,17.934358596801758,62.714569091796875,67.85655975341797,21.106643676757812,14.183951377868652,46.06098556518555,40.07447052001953,78.25154113769531,31.72444725036621,69.61949920654297,16.32205581665039,50.14303207397461
2020-01-22,26.223573684692383,49.505191802978516,84.04387664794922,17.43917465209961,62.00563049316406,65.64385986328125,21.248716354370117,14.204280853271484,45.88881301879883,39.14312744140625,77.88455200195312,31.492631912231445,69.13349914550781,16.059593200683594,49.853660583496094
2020-01-23,25.713884353637695,49.60731887817383,84.19275665283203,17.510934829711914,61.06537628173828,65.07530212402344,20.93793487548828,14.746429443359375,45.36408996582031,38.44690704345703,78.0527572631836,31.27799415588379,69.04866027832031,15.917722702026367,49.54201889038086
2020-01-24,25.467531204223633,49.19877624511719,83.26224517822266,17.187992095947266,59.587791442871094,63.64625930786133,20.511714935302734,14.610891342163086,44.675392150878906,38.175636291503906,76.70700073242188,30.711332321166992,68.85582733154297,15.740386962890625,49.208126068115234
2020-01-27,24.507617950439453,47.9574089050293,82.1754150390625,16.233497619628906,57.19232940673828,60.980228424072266,19.224184036254883,14.427918434143066,43.207801818847656,37.289527893066406,74.1072769165039,29.157304763793945,65.6081771850586,15.328968048095703,48.03579330444336
2020-01-28,24.40567398071289,48.067405700683594,82.71884155273438,16.305265426635742,57.49831771850586,60.78816223144531,19.605998992919922,14.54312515258789,43.3963623046875,37.25334548950195,73.93143463134766,29.157304763793945,66.30242919921875,15.350247383117676,47.969024658203125
2020-01-29,23.862010955810547,47.525299072265625,82.16051483154297,15.924905776977539,56.07298278808594,59.597312927246094,19.206424713134766,14.360152244567871,43.93748092651367,36.593284606933594,73.25091552734375,28.9598388671875,66.69586181640625,15.009759902954102,47.56835174560547
2020-01-30,23.938459396362305,47.839569091796875,82.92724609375,16.14020347595215,56.58041763305664,58.76753234863281,19.490570068359375,14.516014099121094,44.560604095458984,36.701778411865234,73.71733856201172,29.225996017456055,68.03038024902344,15.087789535522461,48.07290267944336
2020-01-31,23.309844970703125,46.69248580932617,79.75605010986328,15.587603569030762,54.408851623535156,57.16179275512695,19.36625862121582,14.310312271118164,44.68357849121094,35.91512680053711,69.86363983154297,28.770944595336914,65.0373306274414,14.676371574401855,46.0918083190918
2020-02-03,23.411781311035156,46.496063232421875,79.11587524414062,15.200067520141602,53.259620666503906,56.14761734008789,19.090991973876953,14.269169807434082,42.683067321777344,36.24063491821289,68.0285415649414,28.7280216217041,61.905433654785156,14.981389999389648,45.060455322265625
2020-02-04,23.904476165771484,44.38261795043945,79.54020690917969,15.688076972961426,54.938682556152344,56.25517272949219,19.241941452026367,14.399452209472656,43.77350997924805,36.620391845703125,67.83738708496094,29.25175666809082,62.66912841796875,15.2367525100708,44.49655532836914
2020-02-05,24.550090789794922,46.18180847167969,82.09349822998047,16.800453186035156,57.49831771850586,59.46669006347656,20.049983978271484,14.59830093383789,45.5362548828125,38.08521270751953,70.83470153808594,30.110334396362305,64.62847900390625,15.357340812683105,46.54442596435547
2020-02-06,24.584070205688477,45.8911018371582,81.50543212890625,16.59950828552246,56.617740631103516,58.56777572631836,19.765832901000977,14.625727653503418,45.47066879272461,38.08521270751953,68.98432159423828,29.629526138305664,64.23509216308594,15.208382606506348,45.913734436035156
2020-02-07,23.878997802734375,45.56112289428711,81.09602355957031,16.484683990478516,55.48342514038086,57.03885269165039,19.35737419128418,14.481731414794922,44.839359283447266,37.87724304199219,69.06842041015625,29.55225372314453,64.82906341552734,14.938825607299805,45.60953140258789
2020-02-10,23.760066986083984,45.466835021972656,81.72876739501953,16.17609214782715,54.998374938964844,55.317848205566406,19.002195358276367,14.618866920471191,45.15090560913086,36.620391845703125,69.01490020751953,29.492151260375977,65.08360290527344,15.201285362243652,45.12784194946289
2020-02-11,23.929964065551758,46.12678909301758,82.78581237792969,16.290912628173828,55.811790466308594,55.709686279296875,19.29521942138672,14.71486759185791,46.53651428222656,37.226226806640625,69.02253723144531,29.87550926208496,65.74703216552734,15.229662895202637,45.55683517456055
2020-02-12,24.193307876586914,46.95175552368164,83.4036865234375,16.69280433654785,56.2520751953125,57.12335968017578,19.84575080871582,14.954856872558594,48.315670013427734,38.41977310180664,69.68777465820312,30.537662506103516,66.37140655517578,15.28640365600586,46.11379623413086
2020-02-13,23.71759605407715,46.540313720703125,83.12081146240234,16.72150993347168,56.475955963134766,57.26934051513672,19.703678131103516,15.043994903564453,48.782989501953125,38.01287078857422,69.07606506347656,30.206592559814453,65.32556915283203,15.336057662963867,45.85789489746094
2020-02-14,23.24188232421875,46.38206100463867,82.90240478515625,16.377037048339844,55.908790588378906,57.59970474243164,19.641525268554688,15.085137367248535,47.823734283447266,37.615020751953125,69.09925079345703,29.988771438598633,64.49827575683594,15.279317855834961,45.64716339111328
2020-02-18,23.878997802734375,46.128868103027344,83.02288818359375,15.903377532958984,55.61775588989258,57.28468704223633,19.410659790039062,15.091997146606445,46.76374816894531,37.578861236572266,67.96393585205078,29.317895889282227,64.40460968017578,15.243852615356445,45.067626953125
2020-02-19,24.184812545776367,46.888458251953125,83.39945220947266,16.305265426635742,57.66992950439453,60.91877746582031,19.783592224121094,15.19484806060791,47.7740364074707,38.4378662109375,68.24199676513672,29.87550926208496,64.95875549316406,15.28640365600586,45.41383743286133
2020-02-20,24.27825355529785,46.58778762817383,82.69906616210938,15.896201133728027,56.70728302001953,60.29644775390625,19.490570068359375,15.249701499938965,49.90229797363281,38.85378646850586,69.65531921386719,29.474729537963867,65.69239807128906,15.641082763671875,45.05257797241211
2020-02-21,24.12534523010254,46.23964309692383,82.0965805053711,15.049359321594238,55.37897491455078,58.698368072509766,18.877885818481445,15.181134223937988,48.96653747558594,38.08521270751953,68.92932891845703,29.091371536254883,64.70118713378906,15.265129089355469,44.5031623840332
2020-02-24,22.72369956970215,44.609718322753906,78.85821533203125,13.764744758605957,52.17009353637695,54.611019134521484,17.608108520507812,14.92742919921875,46.26688003540039,35.698097229003906,66.85179901123047,26.948076248168945,60.954925537109375,14.470658302307129,42.418365478515625
2020-02-25,21.66184425354004,42.592071533203125,75.84574890136719,12.760018348693848,49.99105453491211,51.59925079345703,16.879989624023438,14.433732986450195,43.98954772949219,32.723270416259766,63.95560073852539,25.562772750854492,58.098392486572266,13.65491008758545,40.79267501831055
2020-02-26,20.752897262573242,40.48738098144531,73.83494567871094,11.999297142028809,47.162784576416016,48.510684967041016,16.33833885192871,14.07031536102295,43.28565216064453,30.941987991333008,62.0402717590332,24.726360321044922,55.97550582885742,13.633628845214844,39.897037506103516
2020-02-27,21.296566009521484,37.29079055786133,70.89027404785156,11.245753288269043,44.7747917175293,45.69868087768555,15.441505432128906,13.384632110595703,39.69162368774414,28.762836456298828,57.352298736572266,23.384624481201172,51.65949249267578,13.406639099121094,37.496150970458984
2020-02-28,21.169143676757812,38.311485290527344,70.29533386230469,11.65482234954834,47.20756530761719,47.63481140136719,15.059686660766602,13.14464282989502,39.269287109375,29.6037540435791,57.815673828125,23.602432250976562,51.70631408691406,13.513042449951172,38.71541213989258
2020-03-02,21.678836822509766,38.952392578125,72.74293518066406,11.705058097839355,46.909061431884766,48.03289794921875,15.290549278259277,13.878324508666992,39.526004791259766,29.793636322021484,58.00876998901367,24.212318420410156,52.97068405151367,13.903181076049805,40.55183792114258
2020-03-03,21.228607177734375,38.074127197265625,71.08611297607422,11.33187484741211,46.58817672729492,47.73916244506836,14.312461853027344,13.610907554626465,37.40602111816406,29.829803466796875,56.271034240722656,23.358484268188477,50.29367446899414,13.46338939666748,38.61003875732422
2020-03-04,21.347536087036133,39.11063766479492,74.20398712158203,11.66917610168457,47.819488525390625,47.20580291748047,13.809954643249512,13.871467590332031,37.99399185180664,29.77554702758789,57.638038635253906,23.59372329711914,50.067325592041016,13.775497436523438,39.4529914855957
2020-03-05,20.676441192626953,37.7418098449707,73.1948013305664,11.446701049804688,46.1702880859375,44.99508285522461,13.22668743133545,13.508055686950684,34.12667465209961,28.46444320678711,55.5914192199707,22.504648208618164,48.15516662597656,13.165461540222168,37.714412689208984
2020-03-06,17.584318161010742,35.866580963134766,71.78648376464844,9.595133781433105,41.26744079589844,37.535850524902344,11.728143692016602,13.254348754882812,32.42076110839844,24.287015914916992,53.52159881591797,20.77955436706543,49.24003601074219,12.378089904785156,35.89303207397461
2020-03-09,8.112574577331543,26.957300186157227,60.75341033935547,6.006826877593994,28.058874130249023,20.777666091918945,7.3132643699646,11.039580345153809,28.006898880004883,11.654413223266602,47.95318603515625,15.081513404846191,45.57960891723633,10.633097648620605,31.505184173583984
2020-03-10,9.165931701660156,27.598201751708984,63.99933624267578,6.466128826141357,31.043853759765625,22.942007064819336,7.770903587341309,10.998437881469727,28.586584091186523,13.359251976013184,48.93403244018555,15.848219871520996,47.17957305908203,11.555248260498047,32.67177200317383
2020-03-11,7.008244037628174,25.762537002563477,62.53076171875,6.035531997680664,28.999147415161133,20.25204086303711,7.026117324829102,10.628165245056152,25.96973419189453,10.99296760559082,42.59330749511719,15.142497062683105,42.47332763671875,11.363723754882812,31.595504760742188
2020-03-12,6.591997146606445,22.312768936157227,57.43220520019531,5.273837566375732,24.253015518188477,19.803720474243164,5.76087760925293,9.503637313842773,18.955585479736328,11.076815605163574,35.83552169799805,12.563570976257324,34.30958938598633,9.668622970581055,27.98287010192871
2020-03-13,6.855335712432861,24.82888412475586,62.8244514465332,6.311192989349365,25.969383239746094,21.01729393005371,6.415929794311523,10.134469985961914,20.636667251586914,13.284729957580566,41.983177185058594,14.079561233520508,38.94559097290039,11.50195026397705,28.690345764160156
2020-03-16,4.638184070587158,20.635356903076172,52.49180603027344,5.491464138031006,23.20827293395996,18.157272338867188,5.330156326293945,8.728808403015137,16.802490234375,11.19792652130127,37.27976608276367,12.554855346679688,32.4910888671875,9.814125061035156,25.95828628540039
2020-03-17,3.7887001037597656,20.76986312866211,53.23737716674805,4.68624210357666,23.051555633544922,15.637359619140625,5.509624004364014,8.667097091674805,16.81076431274414,10.564431190490723,36.04405975341797,12.19764232635498,30.454042434692383,8.824710845947266,27.70440101623535
2020-03-18,3.7717092037200928,17.9372501373291,41.45873260498047,3.9245479106903076,22.208297729492188,12.027548789978027,4.1367058753967285,6.843166828155518,13.870953559875488,9.809826850891113,33.18648147583008,10.498684883117676,27.332157135009766,6.729477882385254,24.927183151245117
2020-03-19,4.204945087432861,20.24764633178711,43.22100067138672,4.751530170440674,24.790313720703125,14.44697093963623,4.307199001312256,7.67970609664917,13.846109390258789,10.089309692382812,35.27946090698242,12.084378242492676,29.197490692138672,7.871669769287109,25.91313934326172
2020-03-20,4.10300874710083,21.2366886138916,44.72722625732422,4.410582065582275,26.036542892456055,14.369669914245605,4.531531810760498,8.46824836730957,15.692809104919434,9.53034496307373,37.34156036376953,12.441594123840332,30.17307472229004,8.388202667236328,24.64118766784668
2020-03-23,3.661276340484619,19.42476463317871,40.83365249633789,4.483123779296875,25.775358200073242,15.745576858520508,4.702023506164551,7.56313943862915,13.763297080993652,9.027276992797852,32.5068473815918,11.178266525268555,25.459022521972656,8.111749649047852,23.6702938079834
2020-03-24,4.740121364593506,24.322494506835938,50.11949920654297,5.375395774841309,29.70062255859375,18.644250869750977,5.94931697845459,8.83166217803955,14.492040634155273,9.986836433410645,35.20222854614258,12.763959884643555,27.043378829956055,9.399443626403809,26.673294067382812
2020-03-25,5.003459930419922,24.48074722290039,52.16795349121094,5.194040298461914,29.618528366088867,18.682897567749023,6.074943542480469,9.414498329162598,17.481542587280273,11.179291725158691,39.00202941894531,12.72039794921875,30.93013572692871,9.741373062133789,28.065664291381836
2020-03-26,4.893029689788818,25.390661239624023,57.52256393432617,5.339123725891113,29.49912452697754,20.058799743652344,6.326197624206543,9.928762435913086,19.16261863708496,11.952524185180664,42.00634002685547,13.521954536437988,35.589561462402344,10.367033004760742,29.217191696166992
2020-03-27,4.128493309020996,23.143556594848633,51.798946380615234,4.562920093536377,26.86488151550293,18.451004028320312,5.733956336975098,9.42820930480957,19.170900344848633,10.81596565246582,40.407649993896484,11.988537788391113,35.152496337890625,10.119680404663086,27.809772491455078
2020-03-30,3.491379499435425,23.17520523071289,54.18629837036133,4.606446743011475,26.103708267211914,18.234567642211914,5.7160115242004395,9.099081039428711,20.148075103759766,10.256999969482422,41.828712463378906,11.570332527160645,36.83049774169922,10.05420207977295,28.22371482849121
2020-03-31,3.5508430004119873,24.369972229003906,54.570377349853516,5.012683391571045,26.80517578125,20.25204086303711,6.146729946136475,9.544778823852539,19.56011390686035,10.788016319274902,41.43484115600586,11.753300666809082,35.40224075317383,10.294281959533691,28.57745361328125
2020-04-01,3.4149258136749268,23.436323165893555,51.63326644897461,4.925632476806641,25.82013511657715,19.378578186035156,5.922397136688232,8.728808403015137,17.282793045043945,10.00546646118164,38.2374382019043,10.96916389465332,31.999385833740234,9.697721481323242,28.24629783630371
2020-04-02,3.9840803146362305,26.791147232055664,57.32676696777344,5.651058197021484,28.58125114440918,22.455028533935547,6.747942924499512,9.222504615783691,17.572635650634766,11.89663028717041,39.94425964355469,12.093090057373047,32.38961410522461,10.46160888671875,30.406352996826172
2020-04-03,4.570224285125732,26.039466857910156,56.56612777709961,6.079057693481445,29.76778221130371,24.418399810791016,6.828702926635742,9.195076942443848,16.612018585205078,12.11090087890625,39.86702346801758,12.450304985046387,31.484264373779297,9.93052864074707,29.510717391967773
2020-04-06,4.986471652984619,25.952436447143555,60.542545318603516,6.383734226226807,29.42450714111328,24.812612533569336,7.097902774810791,9.592777252197266,19.121213912963867,12.520807266235352,44.346466064453125,13.652645111083984,35.97978973388672,9.821399688720703,30.459035873413086
2020-04-07,5.53863525390625,26.324317932128906,60.94170379638672,6.318447113037109,30.842376708984375,25.516027450561523,7.214556694030762,9.736770629882812,18.640907287597656,12.893449783325195,45.280967712402344,14.349653244018555,37.47049331665039,11.021795272827148,31.038558959960938
2020-04-08,6.439089775085449,28.231189727783203,64.75244140625,6.826244831085205,33.79751205444336,28.971242904663086,7.8516621589660645,10.168753623962402,20.131515502929688,14.49581527709961,49.19662094116211,15.055373191833496,40.27238845825195,11.160019874572754,33.00293731689453
2020-04-09,6.965770721435547,27.47951316833496,63.494720458984375,7.01485538482666,33.44676208496094,26.94603729248047,7.36710262298584,10.532170295715332,21.224618911743164,14.309494972229004,47.512969970703125,14.349653244018555,39.101680755615234,12.069408416748047,32.46104431152344
2020-04-13,7.11867618560791,27.1392822265625,63.94661331176758,7.0438737869262695,32.30502700805664,25.57013511657715,7.044063091278076,10.25103759765625,20.9761962890625,14.281548500061035,47.54385757446289,13.896597862243652,38.789493560791016,12.44044303894043,32.182559967041016
2020-04-14,6.863831043243408,26.965213775634766,63.720672607421875,6.608614921569824,31.513992309570312,24.464773178100586,6.846651077270508,10.367606163024902,21.779462814331055,13.88095474243164,47.165428161621094,13.539383888244629,39.76508331298828,12.593215942382812,31.934194564819336
2020-04-15,6.7449049949646,25.477699279785156,62.12408447265625,6.289430141448975,30.034482955932617,23.367143630981445,6.236464023590088,9.839624404907227,19.858234405517578,12.679177284240723,43.612770080566406,12.833657264709473,36.44807052612305,12.229461669921875,30.46656608581543
2020-04-16,6.362634658813477,24.583599090576172,60.241310119628906,5.8686842918396,27.49709701538086,21.66659164428711,5.985211372375488,9.675056457519531,18.17715835571289,11.36561393737793,41.3421516418457,12.241201400756836,35.121273040771484,12.069408416748047,29.46556282043457
2020-04-17,7.212118625640869,27.89887046813965,65.64862060546875,6.688415050506592,31.502704620361328,24.364288330078125,6.801784038543701,10.264750480651855,21.0755672454834,12.697813034057617,45.976051330566406,13.31285285949707,40.39727020263672,13.153401374816895,32.528770446777344
2020-04-20,7.203623294830322,27.35291862487793,62.93745040893555,6.644890308380127,30.99823570251465,23.854122161865234,6.846651077270508,10.072755813598633,20.578693389892578,11.72894287109375,44.88709259033203,13.251866340637207,39.265586853027344,13.451681137084961,30.993408203125
2020-04-21,7.301604270935059,26.261018753051758,61.48392868041992,6.565093040466309,30.493770599365234,24.271526336669922,6.694103717803955,9.915051460266113,19.64292335510254,11.496037483215332,43.86761474609375,12.798810005187988,38.59437942504883,13.109752655029297,30.82781410217285
2020-04-22,8.025801658630371,27.677316665649414,63.5926628112793,7.065636157989502,32.489044189453125,26.466787338256836,7.385048866271973,10.059045791625977,20.446197509765625,12.129532814025879,44.933433532714844,13.365128517150879,39.468502044677734,12.847846984863281,31.70840072631836
2020-04-23,8.945958137512207,28.62681007385254,65.37000274658203,7.667736530303955,33.2946891784668,28.67751121520996,8.004209518432617,9.743627548217773,21.48134422302246,12.92140007019043,46.31587600708008,14.393214225769043,40.63921356201172,12.738719940185547,32.70187759399414
2020-04-24,9.107833862304688,28.555593490600586,65.52814483642578,7.631466388702393,32.647159576416016,27.657175064086914,7.950370788574219,10.024759292602539,21.33228302001953,12.865503311157227,46.74837112426758,14.036001205444336,40.97481918334961,13.298900604248047,32.91261291503906
2020-04-27,8.945958137512207,29.394302368164062,67.56153106689453,7.805567264556885,33.535621643066406,27.99728775024414,7.995237350463867,10.29903507232666,21.9036808013916,13.18224811553955,49.0344352722168,13.983724594116211,43.370872497558594,13.47350788116455,33.07066345214844
2020-04-28,9.090795516967773,30.446643829345703,67.712158203125,7.95790958404541,33.866912841796875,29.37318992614746,8.542610168457031,10.415602684020996,23.543350219726562,14.132489204406738,52.00784683227539,14.07085132598877,45.165958404541016,13.757235527038574,33.84588623046875
2020-04-29,11.118544578552246,33.3979377746582,71.25930786132812,9.16211223602295,35.9299430847168,34.157920837402344,9.888607025146484,10.772161483764648,27.360971450805664,15.632376670837402,56.76533889770508,15.856931686401367,51.729732513427734,14.157362937927246,35.71992492675781
2020-04-30,11.144104957580566,33.3109016418457,69.28617095947266,9.046046257019043,35.77183532714844,33.655494689941406,9.421995162963867,10.443029403686523,26.56597900390625,15.464686393737793,56.510467529296875,14.654594421386719,49.44294357299805,14.09189224243164,34.974822998046875
2020-05-01,9.610512733459473,30.968852996826172,67.35821533203125,8.088481903076172,33.55820846557617,31.135583877563477,8.757969856262207,10.159051895141602,24.214128494262695,14.197701454162598,51.250980377197266,13.722345352172852,45.86058044433594,13.495330810546875,32.46855545043945
2020-05-04,10.275071144104004,31.934152603149414,68.86443328857422,8.284346580505371,35.192081451416016,32.8670539855957,9.000249862670898,10.221845626831055,26.110511779785156,14.458551406860352,56.749881744384766,14.140551567077637,49.68489456176758,13.91728687286377,33.77814483642578
2020-05-05,10.036508560180664,32.37724685668945,69.95642852783203,8.110244750976562,34.67255401611328,31.174236297607422,8.847702026367188,10.431169509887695,25.78754997253418,14.27222728729248,58.078269958496094,14.157975196838379,49.185394287109375,13.822709083557129,33.74052429199219
2020-05-06,9.891671180725098,32.03701400756836,67.81761169433594,8.335126876831055,34.51443099975586,30.084341049194336,8.57850456237793,10.270689010620117,24.454286575317383,12.483541488647461,55.537353515625,13.783334732055664,47.53859329223633,13.538983345031738,33.108299255371094
2020-05-07,10.121710777282715,33.564090728759766,69.76815032958984,8.712350845336914,36.374183654785156,31.20514678955078,8.982303619384766,10.424190521240234,25.489429473876953,12.930715560913086,56.618587493896484,14.576180458068848,47.81175994873047,13.975485801696777,33.29645538330078
2020-05-08,10.607348442077637,34.42716979980469,71.89945220947266,9.21289348602295,38.73838806152344,32.52695083618164,9.601463317871094,10.710264205932617,27.35268783569336,13.992746353149414,59.5147819519043,15.726242065429688,51.448768615722656,14.164641380310059,34.756568908691406
2020-05-11,10.249509811401367,33.779869079589844,70.31792449951172,9.038789749145508,37.52616500854492,31.707578659057617,9.493780136108398,10.717239379882812,27.079410552978516,14.002063751220703,59.213584899902344,15.125073432922363,51.175601959228516,14.208292961120605,34.425411224365234
2020-05-12,10.045031547546387,33.22846221923828,68.60838317871094,8.995265007019043,37.43581771850586,31.59163475036621,9.413022994995117,10.459077835083008,26.67363166809082,13.582839012145996,56.78850173950195,14.881124496459961,49.435150146484375,13.880911827087402,33.84998321533203
2020-05-13,9.141913414001465,31.877891540527344,66.80091857910156,8.364144325256348,36.29135513305664,29.481369018554688,8.560555458068848,10.277667045593262,25.713016510009766,12.520807266235352,54.85770034790039,13.809473991394043,46.8111686706543,13.444406509399414,32.16975784301758
2020-05-14,8.826677322387695,31.909860610961914,67.81761169433594,8.458449363708496,35.80947494506836,29.785625457763672,8.928462982177734,10.35441780090332,25.58051872253418,12.818921089172363,55.413761138916016,14.027289390563965,47.09656524658203,13.451681137084961,32.453636169433594
2020-05-15,9.039676666259766,32.66107177734375,67.14733123779297,8.668825149536133,35.89982604980469,30.253700256347656,8.811808586120605,10.35441780090332,25.091930389404297,12.874818801879883,55.47633743286133,13.896597862243652,46.59714126586914,13.648107528686523,32.223472595214844
2020-05-18,10.155790328979492,34.84272766113281,70.72364044189453,9.517571449279785,39.483787536621094,33.889137268066406,10.328303337097168,10.807948112487793,28.94267463684082,14.039329528808594,59.66073226928711,15.639120101928711,51.01268768310547,14.244671821594238,34.78600311279297
2020-05-19,9.678671836853027,34.099517822265625,68.484619140625,8.929976463317871,38.14356231689453,32.640926361083984,10.00526237487793,10.703285217285156,29.052146911621094,13.387202262878418,58.83167266845703,14.907259941101074,50.77487564086914,14.128266334533691,33.71188735961914
2020-05-20,10.181351661682129,35.282264709472656,71.06752014160156,9.009775161743164,39.64189910888672,34.060768127441406,10.723128318786621,10.919585227966309,31.00579071044922,13.964795112609863,61.201515197753906,15.865642547607422,53.382972717285156,14.346519470214844,34.809017181396484
2020-05-21,10.266551971435547,34.938636779785156,70.33390045166016,8.915468215942383,39.39342498779297,33.4600715637207,10.750049591064453,10.717239379882812,30.054229736328125,13.275408744812012,60.294273376464844,15.499717712402344,52.10667037963867,14.164641380310059,34.18757247924805
2020-05-22,10.36878776550293,34.58700180053711,68.98897552490234,8.806652069091797,39.36331558227539,33.499080657958984,10.400089263916016,10.75212574005127,29.953182220458984,13.163616180419922,59.801513671875,15.316750526428223,52.06703567504883,14.295594215393066,34.218257904052734
2020-05-26,10.828866958618164,34.89866638183594,71.29676055908203,8.929976463317871,38.73085021972656,35.02814865112305,10.651341438293457,11.024245262145996,31.01422119140625,13.415148735046387,61.76466369628906,16.03118133544922,54.461097717285156,14.863053321838379,35.22331619262695
2020-05-27,10.71810531616211,35.697818756103516,71.75524139404297,9.017024993896484,39.702144622802734,34.56006622314453,10.938488006591797,11.14285945892334,30.803699493408203,13.433784484863281,63.92333984375,16.59749984741211,55.63435363769531,14.892149925231934,35.476497650146484
2020-05-28,10.113189697265625,34.37123489379883,69.43983459472656,8.458449363708496,38.881439208984375,33.561492919921875,10.86670207977295,10.968424797058105,29.62476348876953,12.707128524780273,61.4439811706543,16.370975494384766,53.21651077270508,14.521122932434082,34.55583953857422
2020-05-29,9.193034172058105,33.70793914794922,70.07406616210938,7.841841220855713,38.376983642578125,33.218223571777344,10.543661117553711,11.024245262145996,29.591089248657227,12.064318656921387,61.2093505859375,16.092164993286133,52.82805633544922,14.863053321838379,34.885746002197266
2020-06-01,9.993911743164062,34.67491149902344,70.90703582763672,8.487465858459473,39.00943374633789,34.11538314819336,10.803885459899902,11.003314018249512,30.7363338470459,12.865503311157227,61.65515899658203,16.05732536315918,52.7805061340332,14.870322227478027,35.50719451904297
2020-06-02,10.419906616210938,35.32221603393555,72.35894012451172,8.82116413116455,41.26823806762695,35.5820426940918,11.429874420166016,11.080063819885254,31.763683319091797,13.741212844848633,63.798179626464844,16.54417610168457,54.05680847167969,14.797578811645508,36.29743957519531
2020-06-03,10.675506591796875,36.05743408203125,74.26171875,9.082318305969238,41.68988800048828,37.11891174316406,11.781147003173828,11.268453598022461,32.496299743652344,14.393336296081543,65.4875717163086,17.20207977294922,55.91973114013672,15.03038215637207,37.77819061279297
2020-06-04,11.075944900512695,35.72978591918945,73.57398223876953,9.227401733398438,41.52424240112305,37.196922302246094,11.880224227905273,11.324270248413086,32.03314208984375,14.486499786376953,65.018310546875,17.833669662475586,55.531307220458984,15.066755294799805,37.67076873779297
2020-06-05,13.691574096679688,38.83046340942383,77.03564453125,10.59119987487793,44.656429290771484,40.73093795776367,13.078154563903809,11.666159629821777,34.997314453125,19.36812400817871,68.35798645019531,19.289838790893555,59.169952392578125,15.379584312438965,40.724327087402344
2020-06-08,15.105884552001953,40.20499801635742,78.8925552368164,11.432693481445312,46.764644622802734,46.66778564453125,14.771470069885254,12.538331985473633,35.5446662902832,22.73122787475586,70.18036651611328,20.74600601196289,59.94685363769531,15.699689865112305,41.9979248046875
2020-06-09,14.083492279052734,38.862430572509766,77.58584594726562,10.554925918579102,44.776912689208984,42.06497573852539,13.897793769836426,12.063874244689941,34.028907775878906,21.594663619995117,67.00492858886719,19.745990753173828,56.49842834472656,14.935802459716797,41.06190872192383
2020-06-10,12.63509750366211,36.688751220703125,74.5674057006836,9.91655445098877,41.885650634765625,39.13945770263672,13.069149017333984,11.8126859664917,33.001556396484375,19.34017562866211,65.95687866210938,18.386310577392578,54.738563537597656,14.652076721191406,38.8599739074707
2020-06-11,10.897025108337402,33.65999221801758,68.29359436035156,8.850177764892578,38.51251220703125,34.60686492919922,11.060587882995605,10.8218994140625,29.75107765197754,16.21929168701172,58.65959930419922,16.237152099609375,48.10334777832031,13.486736297607422,35.43047332763672
2020-06-12,11.731983184814453,34.94660949707031,70.60136413574219,9.369917869567871,39.5816650390625,36.63521957397461,11.51093578338623,10.814923286437988,30.837385177612305,17.244653701782227,60.42721939086914,16.66698455810547,50.56876754760742,13.531269073486328,36.19002914428711
2020-06-15,11.996102333068848,34.64295196533203,69.71492767333984,9.435800552368164,39.310611724853516,37.54018020629883,11.736113548278809,11.059130668640137,31.864728927612305,17.75732421875,59.1288948059082,16.947690963745117,50.410213470458984,14.191875457763672,36.16699981689453
2020-06-16,12.413579940795898,36.0494384765625,71.8545913696289,9.735929489135742,41.11012268066406,38.983436584472656,12.186461448669434,11.14285945892334,32.53839874267578,18.913185119628906,60.25515365600586,17.149452209472656,52.44754409790039,14.37001895904541,36.98027038574219
2020-06-17,11.834223747253418,35.178375244140625,69.9518051147461,9.245473861694336,39.5139045715332,36.31535720825195,11.673065185546875,10.940516471862793,31.266843795776367,17.74800682067871,57.00149917602539,17.39506721496582,49.40343475341797,14.087964057922363,35.775718688964844
2020-06-18,12.115381240844727,35.52199935913086,70.25747680664062,9.479721069335938,39.852725982666016,36.3465690612793,11.880224227905273,11.003314018249512,32.39524841308594,18.335256576538086,59.62945556640625,17.702096939086914,51.234649658203125,14.436821937561035,35.99821472167969
2020-06-19,11.910905838012695,34.922645568847656,69.25643920898438,9.47239875793457,39.37838363647461,36.45579528808594,11.74512004852295,10.828876495361328,32.15945053100586,18.37253761291504,58.42496871948242,17.28980255126953,50.06934356689453,14.266100883483887,35.27702713012695
2020-06-22,12.166502952575684,34.81076431274414,69.99003601074219,9.296713829040527,39.468727111816406,35.95650863647461,11.727104187011719,10.891674041748047,32.51313781738281,18.55896759033203,58.190330505371094,17.38629150390625,49.6729621887207,14.50362491607666,35.6146125793457
2020-06-23,12.038701057434082,35.010555267333984,69.87541961669922,9.062466621398926,39.498844146728516,36.12812805175781,11.709090232849121,10.773058891296387,32.67314529418945,18.44710922241211,58.42496871948242,17.1669921875,49.665042877197266,14.414552688598633,35.82942581176758
2020-06-24,11.135583877563477,32.7569580078125,66.97159576416016,8.235279083251953,36.856048583984375,32.6877326965332,10.682292938232422,10.33348560333252,30.50896644592285,16.77857780456543,54.74114227294922,15.666964530944824,45.994659423828125,13.98404598236084,34.14152526855469
2020-06-25,11.638263702392578,33.6120491027832,68.17131042480469,8.564690589904785,38.1962776184082,34.02956771850586,11.195693016052246,10.438143730163574,30.896324157714844,17.28192901611328,54.80372619628906,16.158205032348633,45.40803527832031,14.177032470703125,34.655574798583984
2020-06-26,11.288944244384766,32.24551010131836,66.06985473632812,8.008352279663086,36.71299743652344,32.0870246887207,10.745343208312988,10.0962553024292,29.784765243530273,16.489614486694336,53.23945236206055,15.298534393310547,44.64699935913086,13.739100456237793,33.46636962890625
2020-06-29,11.35710334777832,33.00469970703125,66.99449920654297,8.140114784240723,37.38309860229492,32.321067810058594,11.186688423156738,10.228822708129883,29.810035705566406,16.6480770111084,53.70092010498047,15.798548698425293,45.146427154541016,13.6351900100708,34.0034294128418
2020-06-30,11.50194263458252,33.58008575439453,68.18660736083984,8.301162719726562,38.14356231689453,32.62531661987305,11.691076278686523,10.584670066833496,31.477359771728516,17.05821990966797,56.235008239746094,16.131885528564453,46.628849029541016,14.117650985717773,34.310325622558594
2020-07-01,11.075944900512695,32.55717468261719,66.95628356933594,8.12547492980957,37.541229248046875,30.893413543701172,11.231721878051758,10.403258323669434,30.045806884765625,16.228614807128906,54.052879333496094,15.544156074523926,44.74213790893555,13.961776733398438,33.535430908203125
2020-07-02,11.297466278076172,33.38827133178711,67.48355102539062,8.227960586547852,38.03815841674805,32.422489166259766,11.321788787841797,10.549781799316406,30.374235153198242,16.573509216308594,53.51320266723633,15.77222728729248,44.66285705566406,14.162187576293945,33.819297790527344
2020-07-06,11.527502059936523,33.26840591430664,67.68224334716797,8.169397354125977,37.95533752441406,33.452274322509766,11.736113548278809,10.59862232208252,30.618438720703125,16.946365356445312,53.255096435546875,16.447681427001953,44.76591873168945,14.332907676696777,34.05714416503906
2020-07-07,10.879985809326172,32.477256774902344,65.9552230834961,7.576455593109131,36.22358703613281,31.299091339111328,11.177680015563965,10.235799789428711,29.21213722229004,15.98625659942627,50.533294677734375,15.947672843933105,42.1102409362793,14.036004066467285,33.1748161315918
2020-07-08,11.135583877563477,32.79691696166992,65.98580932617188,7.583776473999023,35.71912384033203,31.38490867614746,11.231721878051758,10.131143569946289,28.757408142089844,16.107431411743164,50.040557861328125,15.851176261901855,41.999263763427734,14.058273315429688,33.09810256958008
2020-07-09,10.292110443115234,30.647220611572266,63.22715377807617,7.1738433837890625,33.38502883911133,29.2551326751709,10.610238075256348,9.705519676208496,28.083736419677734,15.17529010772705,46.12990951538086,15.026599884033203,39.81130599975586,13.56096363067627,31.73244285583496
2020-07-10,10.828866958618164,31.718063354492188,65.12993621826172,7.459333896636963,34.183143615722656,30.3707275390625,10.862434387207031,9.935775756835938,30.48369789123535,15.57611083984375,47.756744384765625,15.605561256408691,42.5303955078125,13.768793106079102,32.722171783447266
2020-07-13,10.666988372802734,31.694103240966797,65.25984191894531,7.2909674644470215,33.84432601928711,28.94308090209961,10.619247436523438,9.90088939666748,29.73423957824707,15.063431739807129,47.13886260986328,15.24590015411377,42.19744110107422,13.776214599609375,32.72984313964844
2020-07-14,11.510462760925293,33.01268005371094,67.51412963867188,7.635018348693848,35.59865188598633,30.64378547668457,11.240729331970215,10.152073860168457,30.48369789123535,15.548144340515137,48.46065139770508,16.131885528564453,43.12494659423828,14.177032470703125,33.811622619628906
2020-07-15,11.774581909179688,33.26042175292969,67.9267807006836,7.861947059631348,35.73418045043945,31.127466201782227,11.709090232849121,10.438143730163574,31.637367248535156,16.014223098754883,51.19811248779297,16.579259872436523,45.36840057373047,14.904437065124512,34.24127197265625
2020-07-16,11.817181587219238,33.236446380615234,67.52177429199219,7.810704231262207,36.291996002197266,30.823200225830078,11.790154457092285,10.459077835083008,31.48578453063965,15.855751037597656,50.73664093017578,16.50908660888672,44.85312271118164,14.770833969116211,33.972747802734375
2020-07-17,11.32302474975586,32.259605407714844,66.62767791748047,7.532535552978516,35.79109573364258,30.440940856933594,11.781147003173828,10.410236358642578,31.940519332885742,15.17529010772705,49.931060791015625,16.33364486694336,43.97317886352539,14.674345970153809,33.3896484375
2020-07-20,11.58714485168457,31.751018524169922,65.16050720214844,7.5178937911987305,36.200923919677734,30.097681045532227,12.078377723693848,10.117185592651367,30.94684600830078,14.625323295593262,48.75004577636719,16.17574691772461,43.06946563720703,14.31806468963623,32.607078552246094
2020-07-21,12.718116760253906,33.632022857666016,69.83720397949219,8.308483123779297,38.265201568603516,32.8515625,12.898015022277832,10.528850555419922,32.454185485839844,16.228614807128906,51.948944091796875,17.15821647644043,45.64585876464844,14.92670726776123,34.25661849975586
2020-07-22,12.385225296020508,33.010398864746094,69.56974029541016,8.103513717651367,38.09065246582031,32.531707763671875,12.771917343139648,10.389304161071777,32.61418914794922,15.799826622009277,51.03386306762695,16.81610679626465,45.24156188964844,14.436821937561035,33.45869827270508
2020-07-23,12.282798767089844,32.66326141357422,69.54682922363281,7.9644293785095215,37.073692321777344,32.04020690917969,13.28531551361084,10.110209465026855,32.740509033203125,15.678647994995117,50.97911071777344,16.930145263671875,45.71720504760742,14.34032917022705,33.52775955200195
2020-07-24,12.120620727539062,32.517948150634766,68.87433624267578,7.832664966583252,37.217891693115234,31.77498435974121,13.249285697937012,9.942752838134766,32.588924407958984,15.60407543182373,50.8852424621582,17.088043212890625,45.962955474853516,14.25867748260498,33.32060241699219
2020-07-27,11.685302734375,32.106231689453125,69.56974029541016,7.635018348693848,36.853607177734375,31.24448013305664,13.420417785644531,9.907864570617676,32.437355041503906,15.566789627075195,50.51764678955078,17.26348304748535,46.00257873535156,13.97662353515625,33.811622619628906
2020-07-28,11.369483947753906,31.45231056213379,68.09487915039062,7.569137096405029,35.87458038330078,30.33172035217285,13.195243835449219,9.852045059204102,32.10050582885742,15.240540504455566,49.72770690917969,16.798566818237305,45.09886169433594,14.006315231323242,33.41265869140625
2020-07-29,11.651162147521973,32.24346923828125,68.82849884033203,7.935147285461426,36.80807113647461,31.798372268676758,13.573539733886719,10.138117790222168,33.607852935791016,15.874396324157715,51.29195785522461,17.044185638427734,47.31853103637695,14.674345970153809,33.78093338012695
2020-07-30,13.665573120117188,30.386680603027344,65.9246826171875,7.569137096405029,35.350921630859375,30.823200225830078,13.21325969696045,9.991594314575195,32.06682586669922,14.699896812438965,49.34446334838867,16.17574691772461,44.654937744140625,14.355175971984863,32.123722076416016
2020-07-31,13.102221488952637,30.18486213684082,64.14418029785156,7.678940773010254,35.55583953857422,31.096261978149414,12.90701961517334,10.022157669067383,32.16788101196289,14.671929359436035,48.5075798034668,15.912580490112305,44.575660705566406,14.199298858642578,32.284854888916016
2020-08-03,13.41804027557373,29.635896682739258,64.8089828491211,7.759462833404541,35.19155502319336,31.213272094726562,13.087162971496582,9.97240161895752,32.479454040527344,14.21518325805664,47.80366516113281,16.42136573791504,43.49454879760742,14.637229919433594,32.4152717590332
2020-08-04,13.554611206054688,30.386680603027344,66.09278106689453,8.118154525756836,36.7776985168457,32.04020690917969,13.609566688537598,10.306474685668945,31.738407135009766,14.671929359436035,48.374629974365234,16.868741989135742,42.7765007019043,15.839678764343262,33.35128402709961
2020-08-05,13.861895561218262,30.693471908569336,66.63533020019531,8.813576698303223,38.51565933227539,32.477088928222656,13.798713684082031,10.263827323913574,30.67738914489746,14.858359336853027,48.46065139770508,17.105587005615234,41.64698028564453,15.80256462097168,33.64283752441406
2020-08-06,13.315611839294434,30.717683792114258,66.84168243408203,8.61593246459961,38.621917724609375,31.77498435974121,13.348363876342773,10.16431713104248,30.087915420532227,14.401609420776367,47.68634796142578,16.947690963745117,41.53401565551758,15.453703880310059,33.48172378540039
2020-08-07,13.264396667480469,30.91950035095215,66.3296890258789,8.864822387695312,37.04332733154297,32.7735481262207,13.411413192749023,10.178532600402832,30.879487991333008,14.401609420776367,49.172393798828125,17.21962547302246,42.486053466796875,15.475976943969727,33.32826614379883
2020-08-10,13.896035194396973,32.00128173828125,68.56868743896484,9.252793312072754,38.29555892944336,34.848716735839844,14.059917449951172,10.334906578063965,31.266843795776367,15.36171817779541,50.73664093017578,17.7371768951416,43.2041015625,15.98813533782959,34.149208068847656
2020-08-11,13.307077407836914,32.05779266357422,68.484619140625,9.04782772064209,37.50628662109375,34.67708969116211,14.537284851074219,10.249608993530273,31.11526870727539,14.131288528442383,50.142242431640625,17.807357788085938,43.2847785949707,15.899062156677246,34.502132415771484
2020-08-12,13.443647384643555,33.632022857666016,69.32520294189453,9.157629013061523,37.25583267211914,35.0665283203125,15.05068588256836,10.29936695098877,32.10892868041992,13.907575607299805,50.37687683105469,17.859989166259766,44.470767974853516,16.040084838867188,34.49430465698242
2020-08-13,13.161970138549805,32.80049514770508,68.63744354248047,8.851130485534668,35.988426208496094,35.07440185546875,14.996642112731934,10.142992973327637,31.376312255859375,13.609291076660156,48.98468780517578,17.430158615112305,42.91365051269531,16.010398864746094,33.649349212646484
2020-08-14,13.332684516906738,32.95389175415039,69.04246520996094,9.060446739196777,36.40583419799805,35.80610275268555,14.978631019592285,10.157206535339355,32.294193267822266,13.646574020385742,49.7902717590332,17.605600357055664,43.938289642333984,16.426055908203125,33.798004150390625
2020-08-17,13.093683242797852,32.857017517089844,69.36341094970703,8.776372909545898,35.32056427001953,35.4677848815918,14.996642112731934,10.263827323913574,32.54682540893555,12.966109275817871,49.47293472290039,17.55296516418457,44.858036041259766,16.581932067871094,33.359886169433594
2020-08-18,13.016864776611328,32.55832290649414,67.9293212890625,8.477350234985352,35.176368713378906,35.00359344482422,14.81650447845459,10.22118091583252,31.837242126464844,13.003396034240723,48.639930725097656,17.342435836791992,44.164188385009766,16.181114196777344,33.19558334350586
2020-08-19,13.093683242797852,32.00934982299805,66.96810150146484,8.290457725524902,34.61476516723633,34.06734085083008,14.852532386779785,10.03637409210205,31.785940170288086,12.882218360900879,48.72719192504883,17.298572540283203,43.77692794799805,16.069780349731445,32.827877044677734
2020-08-20,12.581544876098633,31.298933029174805,65.74331665039062,7.991434097290039,33.468780517578125,31.966636657714844,14.420196533203125,9.993725776672363,30.452272415161133,12.490716934204102,48.37018585205078,16.465225219726562,42.51831817626953,15.884215354919434,32.32716369628906
2020-08-21,12.171835899353027,30.806488037109375,65.95262908935547,7.804543972015381,32.92994689941406,30.849422454833984,14.17700481414795,10.029263496398926,30.264192581176758,12.267001152038574,48.37018585205078,16.298561096191406,42.453773498535156,15.891633987426758,32.084632873535156
2020-08-24,12.342546463012695,31.379661560058594,67.59597778320312,8.058714866638184,33.64333724975586,31.51031494140625,14.672393798828125,10.121667861938477,31.469623565673828,12.695788383483887,50.49635696411133,17.149452209472656,44.36589050292969,16.092041015625,33.03129196166992
2020-08-25,12.504725456237793,31.363510131835938,66.76654052734375,8.208226203918457,33.6812744140625,32.304954528808594,14.546294212341309,9.922647476196289,31.161853790283203,12.593253135681152,48.893795013427734,16.895057678222656,43.76886749267578,15.876789093017578,31.98291778564453
2020-08-26,12.018193244934082,30.322099685668945,65.72005462646484,7.998908519744873,32.83128356933594,30.991039276123047,14.240056991577148,9.759166717529297,30.20433807373047,12.080574035644531,47.624446868896484,16.377506256103516,43.32512283325195,15.62442684173584,31.30227279663086
2020-08-27,12.46204662322998,30.79840660095215,65.82083892822266,8.043763160705566,34.113868713378906,31.29001808166504,14.42920207977295,9.851567268371582,29.90511703491211,12.155146598815918,47.806907653808594,16.403823852539062,43.1153564453125,15.557622909545898,31.091033935546875
2020-08-28,12.846150398254395,30.984088897705078,66.37896728515625,8.297934532165527,35.07012176513672,31.581125259399414,14.654378890991211,10.079019546508789,31.708999633789062,12.239036560058594,49.020729064941406,17.03541374206543,44.28520965576172,15.639269828796387,31.83427619934082
2020-08-31,12.632760047912598,30.588504791259766,65.06114959716797,8.125990867614746,34.40985107421875,30.652721405029297,14.573315620422363,9.823136329650879,30.31548500061035,11.875502586364746,46.3868293762207,16.675756454467773,42.429569244384766,15.409171104431152,31.247512817382812
2020-09-01,12.752259254455566,29.999189376831055,64.4022445678711,8.15589714050293,34.31119155883789,30.275087356567383,14.65911865234375,9.858675003051758,29.896568298339844,11.633146286010742,46.64070129394531,16.450584411621094,42.332767486572266,15.557622909545898,30.848499298095703
2020-09-02,12.308405876159668,29.369495391845703,64.48751068115234,7.969005584716797,33.16520690917969,28.575653076171875,14.67718505859375,9.837352752685547,29.930763244628906,11.558572769165039,47.640316009521484,16.574207305908203,42.687747955322266,15.795147895812988,30.660737991333008
2020-09-03,12.282798767089844,29.054645538330078,63.782081604003906,7.826968193054199,32.73261642456055,28.142911911010742,14.559764862060547,9.695194244384766,29.289575576782227,11.735684394836426,47.354705810546875,16.883268356323242,42.219810485839844,15.513086318969727,30.59814453125
2020-09-04,12.46204662322998,28.9497013092041,63.51078796386719,7.886775970458984,32.74020767211914,27.95409393310547,14.442349433898926,9.60990047454834,28.759525299072266,11.418754577636719,46.79143524169922,17.05103874206543,41.32426071166992,15.357216835021973,30.574678421020508
2020-09-08,11.130483627319336,27.496559143066406,61.216243743896484,7.191544055938721,30.987083435058594,25.168912887573242,13.376561164855957,9.417984962463379,27.639583587646484,10.309504508972168,45.98222732543945,16.229833602905273,39.31532287597656,15.201339721679688,29.870548248291016
2020-09-09,11.224376678466797,27.81948471069336,62.037933349609375,7.161640644073486,31.768779754638672,25.326263427734375,13.602361679077148,9.396662712097168,27.16082191467285,10.31882095336914,45.910831451416016,16.43292808532715,38.524662017822266,15.602160453796387,29.69060707092285
2020-09-10,10.251312255859375,26.576242446899414,60.5805778503418,6.630870819091797,28.839313507080078,23.666170120239258,12.897856712341309,9.176316261291504,25.878446578979492,9.498538970947266,43.919532775878906,15.638209342956543,36.814247131347656,15.269235610961914,28.947364807128906
2020-09-11,10.148887634277344,26.729631423950195,60.22400665283203,6.78983211517334,29.63619613647461,23.304256439208984,12.88882827758789,9.112346649169922,26.716270446777344,9.52650260925293,45.27614974975586,15.779495239257812,37.42741775512695,15.307063102722168,28.869131088256836
2020-09-14,10.183029174804688,27.06061553955078,59.91392517089844,6.903373718261719,29.72726058959961,24.437211990356445,12.943017959594727,9.28293514251709,27.374555587768555,9.489178657531738,46.3074951171875,15.920774459838867,38.33102798461914,15.7761869430542,28.681360244750977
2020-09-15,10.19156551361084,27.28666877746582,59.18524932861328,6.986635684967041,29.287092208862305,23.996618270874023,13.042373657226562,9.176316261291504,26.57948112487793,9.993030548095703,46.053627014160156,16.070890426635742,37.564579010009766,15.791318893432617,28.376245498657227
2020-09-16,10.669564247131348,28.320009231567383,60.898406982421875,7.387820243835449,31.00984764099121,25.892745971679688,13.611397743225098,9.489066123962402,27.66522789001465,10.860772132873535,48.0052490234375,16.93624496459961,39.613834381103516,16.20747947692871,29.581079483032227
2020-09-17,10.601275444030762,29.135374069213867,61.07670974731445,7.531642436981201,31.260297775268555,26.58510971069336,13.38559341430664,9.446414947509766,27.460044860839844,11.06604290008545,47.87831497192383,16.847944259643555,39.53315734863281,16.124248504638672,29.57325553894043
2020-09-18,10.797595024108887,28.95777130126953,60.627105712890625,7.402959823608398,30.89600944519043,26.569374084472656,13.05140209197998,9.297152519226074,27.596830368041992,10.87010383605957,47.45785140991211,16.53888702392578,39.29918670654297,15.692955017089844,29.096017837524414
2020-09-21,10.336670875549316,27.73874282836914,59.14649963378906,7.016916751861572,29.454044342041016,25.239723205566406,11.940454483032227,9.140774726867676,26.716270446777344,10.534204483032227,44.363807678222656,15.249687194824219,38.21001052856445,15.63999080657959,28.501420974731445
2020-09-22,10.44763469696045,27.690309524536133,58.54960250854492,6.963929653167725,29.18082618713379,24.869943618774414,12.03980827331543,9.098130226135254,26.536733627319336,10.338260650634766,43.919532775878906,15.302665710449219,38.25841522216797,15.745923042297363,27.797298431396484
2020-09-23,9.474570274353027,26.576242446899414,55.774444580078125,6.570316791534424,27.60984230041504,23.524559020996094,11.42562484741211,8.692976951599121,24.561866760253906,9.713113784790039,41.75370788574219,14.666894912719727,35.9106330871582,15.064933776855469,26.905405044555664
2020-09-24,9.303858757019043,27.12519645690918,55.658172607421875,6.782261848449707,27.81475830078125,23.595359802246094,11.308207511901855,8.728517532348633,24.46782112121582,9.927718162536621,41.9282341003418,14.675722122192383,35.96711349487305,15.080072402954102,26.850637435913086
2020-09-25,8.407615661621094,27.205936431884766,55.681434631347656,6.67628812789917,28.421899795532227,23.524559020996094,11.172723770141602,8.792489051818848,24.476369857788086,9.535833358764648,41.95204544067383,14.057612419128418,35.43463134765625,15.117900848388672,27.100988388061523
2020-09-28,8.766109466552734,27.213998794555664,57.3093147277832,7.4180989265441895,28.4143123626709,24.775529861450195,11.524975776672363,8.963079452514648,25.604869842529297,9.647799491882324,42.82471466064453,14.525611877441406,36.160743713378906,15.435691833496094,27.62516975402832
2020-09-29,8.1430082321167,26.20488166809082,55.73568344116211,7.24399995803833,27.46565055847168,24.547361373901367,10.901762962341309,8.849352836608887,25.160306930541992,9.32122802734375,41.40462112426758,13.775049209594727,35.02315902709961,15.329766273498535,26.819339752197266
2020-09-30,8.083257675170898,26.51165771484375,55.81321334838867,7.160736560821533,27.27591323852539,23.69764518737793,10.883695602416992,8.764055252075195,25.0833683013916,9.339889526367188,41.12696838378906,13.739727020263672,34.95055389404297,14.868205070495605,26.85846519470215
2020-10-01,7.9466872215271,26.1806640625,54.588409423828125,6.8882341384887695,26.456270217895508,22.887264251708984,10.088871955871582,8.700085639953613,23.689847946166992,9.031980514526367,39.88934326171875,13.254068374633789,32.49786376953125,14.209915161132812,25.919626235961914
2020-10-02,8.313720703125,26.69733428955078,55.18531036376953,7.266708850860596,26.418331146240234,23.9730167388916,10.21532154083252,8.749839782714844,24.16860580444336,9.209259986877441,40.50815200805664,13.748558044433594,32.86093521118164,14.444478988647461,25.802274703979492
2020-10-05,8.399078369140625,27.674161911010742,56.3558464050293,7.683030605316162,27.670564651489258,24.287731170654297,10.775311470031738,8.955971717834473,24.997875213623047,9.806416511535645,41.69023132324219,14.1900634765625,34.748844146728516,14.78497314453125,26.396873474121094
2020-10-06,8.040580749511719,26.88301658630371,56.04576110839844,7.365109443664551,27.313865661621094,22.981679916381836,10.70305347442627,8.721409797668457,24.64735984802246,9.451857566833496,40.50815200805664,13.836860656738281,34.15180969238281,14.626080513000488,26.1230411529541
2020-10-07,8.168615341186523,27.714529037475586,57.19304275512695,7.4710845947265625,27.860286712646484,23.186241149902344,10.775311470031738,8.948863983154297,24.97222328186035,9.591815948486328,41.19835662841797,14.0841064453125,34.167945861816406,14.671475410461426,26.20909881591797
2020-10-08,8.655147552490234,28.683286666870117,58.30929946899414,7.811711311340332,28.5888614654541,24.48441505432129,11.570137023925781,9.332691192626953,26.605131149291992,10.43156623840332,42.55497741699219,14.507952690124512,35.789615631103516,15.125468254089355,27.586057662963867
2020-10-09,8.253973007202148,28.36035919189453,57.36357498168945,7.622474670410156,28.505380630493164,24.146106719970703,11.36240005493164,9.112346649169922,25.750205993652344,10.095666885375977,42.0789680480957,14.33134937286377,35.208717346191406,14.694177627563477,27.17923355102539
2020-10-12,7.9466872215271,28.731733322143555,57.7589225769043,7.463515758514404,28.998682022094727,24.547361373901367,11.497879981994629,9.083911895751953,26.066526412963867,10.086337089538574,42.412174224853516,14.234216690063477,34.764984130859375,14.716876029968262,27.093168258666992
2020-10-13,7.801580429077148,28.158538818359375,56.89845657348633,7.191014766693115,29.325023651123047,23.925806045532227,11.32627010345459,8.963079452514648,25.117563247680664,9.815751075744629,40.674747467041016,13.889841079711914,33.425697326660156,14.694177627563477,26.77240562438965
2020-10-14,7.852798938751221,27.875986099243164,56.54963684082031,7.054764747619629,28.550920486450195,23.988746643066406,11.488850593566895,9.211857795715332,25.570669174194336,9.750435829162598,41.3173713684082,14.0841064453125,33.65159225463867,14.890905380249023,26.717632293701172
2020-10-15,8.330794334411621,28.578340530395508,56.98372268676758,7.130457878112793,29.191003799438477,24.09889793395996,11.804973602294922,9.233177185058594,26.109270095825195,9.899724006652832,41.65849685668945,14.49912166595459,33.53057861328125,14.913602828979492,26.952342987060547
2020-10-16,7.997901439666748,27.597667694091797,56.50312042236328,6.774693965911865,28.685068130493164,23.04462432861328,11.064338684082031,9.140774726867676,25.109012603759766,9.414534568786621,40.127349853515625,13.218749046325684,32.449462890625,14.580682754516602,26.678516387939453
2020-10-19,7.733297824859619,26.72323989868164,55.255062103271484,6.706567287445068,27.7421875,22.0611572265625,10.992081642150879,9.034159660339355,24.151504516601562,9.162609100341797,38.83419418334961,13.254068374633789,31.69913673400879,14.59581470489502,26.146514892578125
2020-10-20,8.2027587890625,26.625173568725586,55.56514358520508,6.78983211517334,27.81117820739746,22.383731842041016,11.506914138793945,9.012834548950195,24.997875213623047,9.395875930786133,39.34192657470703,13.677918434143066,32.836727142333984,14.89847183227539,26.365575790405273
2020-10-21,7.787703514099121,25.039758682250977,54.9372444152832,6.532465934753418,26.921951293945312,21.8015193939209,11.443687438964844,8.906214714050293,24.638809204101562,9.013321876525879,38.65172576904297,13.254068374633789,32.70763397216797,14.603379249572754,25.943099975585938
2020-10-22,8.078668594360352,26.0776309967041,56.89845657348633,7.069902420043945,28.309446334838867,22.950212478637695,11.777875900268555,9.211857795715332,25.228700637817383,9.489178657531738,39.67512893676758,13.510144233703613,33.30466842651367,15.367592811584473,27.273109436035156
2020-10-23,7.941742420196533,26.592485427856445,56.25505828857422,7.0850419998168945,28.754051208496094,22.840057373046875,12.021744728088379,9.083911895751953,25.553571701049805,9.349222183227539,40.048011779785156,13.598443984985352,33.86136245727539,15.102767944335938,26.72545623779297
2020-10-26,7.325573921203613,24.778249740600586,54.99151611328125,6.6687188148498535,26.776308059692383,21.65989875793457,11.552075386047363,8.79959487915039,24.450721740722656,8.82671070098877,38.191585540771484,13.39535140991211,31.900840759277344,14.527711868286133,26.091745376586914
2020-10-27,7.145856857299805,24.729211807250977,53.88300704956055,6.577885627746582,26.508007049560547,20.90459632873535,11.299175262451172,8.650331497192383,24.100208282470703,8.649431228637695,37.34270477294922,13.324708938598633,30.868139266967773,14.694177627563477,25.67709732055664
2020-10-28,6.6666131019592285,23.527891159057617,51.844268798828125,6.131284713745117,24.921201705932617,19.35464859008789,10.31467342376709,8.408660888671875,23.510316848754883,8.285538673400879,35.08168029785156,12.521166801452637,29.198057174682617,14.2704496383667,24.699142456054688
2020-10-29,7.008930206298828,23.830265045166016,53.3326301574707,6.396218299865723,26.0403995513916,20.094219207763672,10.495315551757812,8.5721435546875,24.64735984802246,8.518800735473633,36.47795867919922,12.759578704833984,30.279178619384766,14.452045440673828,25.794448852539062
2020-10-30,7.103067398071289,23.388965606689453,53.875247955322266,6.759553909301758,26.247373580932617,20.42466163635254,10.892727851867676,8.646986961364746,25.220157623291016,8.518800735473633,37.017433166503906,13.192255973815918,31.1505184173584,14.520142555236816,25.52062225341797
2020-11-02,7.607982158660889,24.704694747924805,55.92949295043945,7.138028144836426,26.94495964050293,21.8015193939209,11.561103820800781,8.639721870422363,26.759010314941406,9.003989219665527,38.04878234863281,13.7573881149292,32.1912956237793,14.202352523803711,26.592458724975586
2020-11-03,7.471057891845703,23.952848434448242,55.611663818359375,7.296987056732178,26.84529685974121,22.124095916748047,11.732715606689453,8.712386131286621,27.280515670776367,9.041313171386719,37.69971466064453,13.91633129119873,31.852434158325195,14.361251831054688,26.138681411743164
2020-11-04,7.693563461303711,24.82728385925293,55.634910583496094,7.425667762756348,27.627199172973633,21.337326049804688,11.479817390441895,8.596118927001953,27.100976943969727,9.153281211853027,38.017051696777344,14.101763725280762,31.440961837768555,14.444478988647461,25.997861862182617
2020-11-05,7.676445484161377,24.614803314208984,55.92173385620117,7.607335090637207,27.28990936279297,20.61348533630371,11.35336685180664,8.646986961364746,27.212116241455078,9.769099235534668,38.23125076293945,13.704407691955566,31.892776489257812,14.459613800048828,25.9509220123291
2020-11-06,7.308454990386963,23.854782104492188,55.15431213378906,7.395389556884766,26.508007049560547,19.464799880981445,11.09143352508545,8.341797828674316,26.998388290405273,9.339889526367188,37.033302307128906,13.439504623413086,30.7955265045166,13.816462516784668,25.64579963684082
2020-11-09,8.343964576721191,27.278949737548828,61.549564361572266,8.576231956481934,30.90045928955078,25.491491317749023,12.988178253173828,8.937643051147461,31.178958892822266,11.411277770996094,45.24441909790039,16.11504364013672,40.40450668334961,14.641212463378906,28.89259910583496
2020-11-10,8.549354553222656,29.035982131958008,64.39449310302734,8.901716232299805,32.34160614013672,26.848649978637695,12.988178253173828,9.366357803344727,32.1792106628418,11.551233291625977,46.12501907348633,16.168018341064453,40.30768585205078,15.125468254089355,29.533592224121094
2020-11-11,8.515120506286621,28.83167839050293,63.92161560058594,8.826024055480957,32.12697219848633,26.148178100585938,12.807537078857422,9.468086242675781,31.79448890686035,11.10336685180664,46.79143524169922,15.638209342956543,40.1705436706543,15.148167610168457,29.229116439819336
2020-11-12,8.30117416381836,27.793798446655273,62.53403854370117,8.492965698242188,31.038429260253906,25.200958251953125,12.572701454162598,9.235564231872559,29.665742874145508,10.552867889404297,43.51491928100586,15.276175498962402,38.14546203613281,14.633642196655273,28.227571487426758
2020-11-13,8.831765174865723,28.89706039428711,64.36346435546875,8.916857719421387,32.709556579589844,26.74517250061035,12.943017959594727,9.540751457214355,32.110816955566406,11.010058403015137,46.616905212402344,15.894286155700684,41.08221435546875,15.163302421569824,28.908626556396484
2020-11-16,9.533513069152832,31.11991310119629,68.96031951904297,9.484569549560547,34.76396560668945,28.599821090698242,13.963647842407227,9.933134078979492,34.82091522216797,11.849812507629395,50.45195770263672,17.695642471313477,44.914520263671875,15.307063102722168,30.57518768310547
2020-11-17,9.79024887084961,31.749164581298828,68.46479034423828,9.92359733581543,35.00926971435547,29.698284149169922,14.27977180480957,10.194725036621094,35.219871520996094,12.120397567749023,51.83774185180664,17.739782333374023,44.47104263305664,15.761054992675781,30.98383140563965
2020-11-18,9.447935104370117,32.01884841918945,66.29377746582031,9.658666610717773,34.442020416259766,30.040565490722656,13.900423049926758,9.998533248901367,33.42461013793945,12.008432388305664,48.94533157348633,17.63382911682129,42.089393615722656,15.13302993774414,29.81401824951172
2020-11-19,9.713228225708008,32.255855560302734,67.43434143066406,10.264226913452148,34.84829330444336,31.39373207092285,14.45138168334961,10.463579177856445,33.892940521240234,12.465630531311035,49.50931167602539,18.066505432128906,42.056541442871094,15.254097938537598,29.96626091003418
2020-11-20,9.79024887084961,32.4029426574707,67.48153686523438,9.961445808410645,34.79463195800781,31.712129592895508,14.36106014251709,10.35458755493164,33.181758880615234,12.586923599243164,49.622100830078125,17.845754623413086,41.73625183105469,15.390296936035156,29.59769058227539
2020-11-23,11.005474090576172,34.903656005859375,71.60326385498047,10.960616111755371,38.61982345581055,35.41347122192383,15.643620491027832,10.623441696166992,35.7488899230957,14.704964637756348,53.046260833740234,19.08197021484375,46.06427001953125,16.10154914855957,31.536680221557617
2020-11-24,12.01530933380127,36.292945861816406,75.21370697021484,11.581316947937012,41.716766357421875,37.52284622192383,16.176517486572266,10.877763748168945,36.815635681152344,15.656681060791016,54.56094741821289,19.62944221496582,48.0352897644043,16.61606788635254,33.63592529296875
2020-11-25,12.083772659301758,35.6555061340332,72.47637939453125,11.44506549835205,40.62824249267578,36.12985610961914,16.131357192993164,10.790567398071289,35.97438049316406,15.600695610046387,53.38465118408203,19.514652252197266,46.34349822998047,16.358806610107422,32.698482513427734
2020-11-27,11.912612915039062,34.96086120605469,71.82350158691406,11.187705039978027,39.42472457885742,34.641361236572266,15.860390663146973,10.717903137207031,35.92234420776367,15.451411247253418,52.5547981262207,19.320383071899414,46.499542236328125,16.237749099731445,32.20170593261719
2020-11-30,11.031145095825195,32.32939529418945,68.57488250732422,10.58971118927002,35.936824798583984,31.807641983032227,14.984278678894043,10.449048042297363,33.71949005126953,14.704964637756348,48.80836486816406,18.35789680480957,44.15896224975586,15.874553680419922,30.551162719726562
2020-12-01,10.586136817932129,32.0924072265625,68.78726959228516,10.597286224365234,35.66852951049805,31.72008514404297,15.426848411560059,10.245589256286621,34.21382141113281,14.11713695526123,49.85574722290039,18.717681884765625,44.67634963989258,15.814019203186035,30.84761619567871
2020-12-02,11.219419479370117,32.66446304321289,70.69082641601562,11.202842712402344,36.65739822387695,32.25340270996094,15.9475679397583,10.419981002807617,35.193843841552734,14.826264381408691,51.910247802734375,19.224044799804688,47.69035720825195,16.381507873535156,32.00139617919922
2020-12-03,11.75857162475586,33.66964340209961,70.63575744628906,11.588889122009277,36.925689697265625,33.359825134277344,16.31886863708496,10.52897834777832,35.5494270324707,15.292789459228516,52.385597229003906,19.606042861938477,47.558963775634766,16.31341552734375,32.217735290527344
2020-12-04,12.990909576416016,36.178524017333984,73.37309265136719,12.656183242797852,40.62824249267578,37.58651351928711,17.595754623413086,10.848695755004883,37.214576721191406,17.345516204833984,55.850040435791016,20.83197784423828,50.31837844848633,17.0170955657959,33.39554977416992
2020-12-07,12.5031099319458,34.99354934692383,71.39088439941406,12.073331832885742,39.53203582763672,36.328853607177734,17.179183959960938,10.754234313964844,36.60749816894531,16.9722900390625,54.021148681640625,20.28119659423828,48.8319091796875,16.343677520751953,32.77058792114258
2020-12-08,12.631478309631348,34.87914276123047,72.00442504882812,12.088473320007324,39.976646423339844,36.72685623168945,17.89459800720215,10.725171089172363,36.815635681152344,17.8493595123291,54.29507064819336,20.636537551879883,48.43770217895508,16.72200584411621,33.8442497253418
2020-12-09,12.853984832763672,34.89548873901367,71.1391830444336,11.891666412353516,40.597564697265625,37.67407989501953,17.66820526123047,10.616174697875977,36.980411529541016,18.101415634155273,55.406925201416016,20.76091194152832,48.289878845214844,16.948999404907227,34.29293441772461
2020-12-10,14.120553970336914,35.957881927490234,73.42813873291016,12.631082534790039,41.916072845458984,39.75160598754883,18.102888107299805,10.746971130371094,38.01247787475586,19.89382553100586,57.090789794921875,20.769786834716797,49.16862487792969,16.948999404907227,35.26243209838867
2020-12-11,13.778237342834473,35.53293228149414,72.72023010253906,12.318547248840332,41.08817672729492,39.886924743652344,17.95799446105957,10.717903137207031,37.214576721191406,19.501739501953125,56.00312423706055,20.378917694091797,48.47877502441406,16.89506721496582,35.094173431396484
2020-12-14,13.102164268493652,34.584938049316406,70.35258483886719,11.716341972351074,39.922996520996094,37.3715934753418,17.170122146606445,10.398181915283203,35.349945068359375,17.896041870117188,54.13393783569336,19.70376205444336,46.31064987182617,16.571500778198242,33.828224182128906
2020-12-15,13.598522186279297,34.977203369140625,70.29753112792969,12.03650188446045,40.75088882446289,38.33474349975586,18.175338745117188,10.732437133789062,36.64218521118164,18.521514892578125,54.98795700073242,20.405561447143555,47.2058219909668,17.20323371887207,34.485233306884766
2020-12-16,13.521499633789062,34.584938049316406,69.76263427734375,12.127973556518555,40.398258209228516,37.92878723144531,18.238731384277344,10.608908653259277,36.121826171875,18.157434463500977,54.214500427246094,20.290081024169922,46.74592208862305,16.756391525268555,35.0140495300293
2020-12-17,13.478711128234863,34.29890823364258,69.54239654541016,12.272808074951172,39.976646423339844,37.721832275390625,18.184391021728516,10.390915870666504,35.193843841552734,17.90537452697754,54.11782455444336,20.370031356811523,46.269588470458984,16.7949161529541,34.83777618408203
2020-12-18,13.119278907775879,33.48985290527344,68.58274841308594,11.914533615112305,39.68534851074219,36.488059997558594,17.82215690612793,10.325520515441895,34.99436950683594,17.289234161376953,53.86000061035156,19.819252014160156,44.980220794677734,16.317262649536133,34.236854553222656
2020-12-21,12.708499908447266,32.885108947753906,67.7175064086914,11.662981033325195,38.38985061645508,35.8353385925293,17.52330780029297,10.165658950805664,34.4740104675293,16.30901527404785,53.5699577331543,19.348419189453125,44.388916015625,15.947464942932129,33.61188888549805
2020-12-22,12.083772659301758,31.896272659301758,66.3567123413086,11.304705619812012,37.44697189331055,35.06324005126953,17.315017700195312,10.01306438446045,34.40462875366211,15.795561790466309,54.39176559448242,18.975309371948242,44.10147476196289,15.878124237060547,33.043006896972656
2020-12-23,12.648592948913574,32.754356384277344,67.4028549194336,11.937402725219727,38.38985061645508,38.048187255859375,17.641035079956055,10.049396514892578,35.82695770263672,16.701101303100586,55.882266998291016,19.47278594970703,45.817893981933594,15.985987663269043,33.46765899658203
2020-12-24,12.349065780639648,32.272193908691406,67.11969757080078,11.685847282409668,38.02190017700195,38.40637969970703,17.396520614624023,10.049396514892578,35.74021530151367,16.495723724365234,55.37469482421875,19.224044799804688,45.72756576538086,15.978283882141113,33.33144760131836
2020-12-28,12.160794258117676,32.116920471191406,66.78146362304688,11.701096534729004,37.515953063964844,37.912864685058594,17.106731414794922,9.911334991455078,35.36729049682617,16.243661880493164,55.85810089111328,19.16185760498047,45.24300765991211,15.516036987304688,33.443626403808594
2020-12-29,12.109444618225098,31.928964614868164,66.55335998535156,11.670604705810547,37.30899429321289,37.41138458251953,16.880334854125977,9.860469818115234,35.32392883300781,16.094301223754883,55.092689514160156,18.993074417114258,45.538673400878906,15.469815254211426,33.067047119140625
2020-12-30,12.468876838684082,32.6971435546875,67.11969757080078,12.303300857543945,38.75779724121094,39.21828842163086,17.315017700195312,9.860469818115234,36.052433013916016,16.719772338867188,56.881309509277344,19.437253952026367,46.5816764831543,15.361957550048828,33.33144760131836
2020-12-31,12.143674850463867,32.6807975769043,66.42749786376953,12.051748275756836,38.22886657714844,38.525779724121094,17.115787506103516,9.933134078979492,35.87031173706055,16.159650802612305,56.34955978393555,19.39283561706543,46.45848083496094,15.446698188781738,33.0269775390625
2021-01-04,12.640034675598145,32.337581634521484,66.63202667236328,12.29567813873291,38.2212028503418,38.95561599731445,17.05239486694336,9.853204727172852,35.34126663208008,16.29034423828125,56.30122375488281,19.499433517456055,45.76862335205078,15.485223770141602,33.25132369995117
2021-01-05,13.846702575683594,34.19267272949219,68.43330383300781,13.233292579650879,41.333473205566406,42.72063446044922,18.483232498168945,10.100263595581055,36.50341796875,17.933374404907227,57.80784225463867,20.547700881958008,47.07442092895508,15.955170631408691,34.85380554199219
2021-01-06,14.411523818969727,35.557437896728516,70.63575744628906,13.965085983276367,42.20737838745117,44.82999801635742,18.854536056518555,10.434514999389648,37.249271392822266,18.670879364013672,57.38084030151367,21.684795379638672,48.1256217956543,16.56379508972168,35.743167877197266
2021-01-07,14.642587661743164,36.529937744140625,70.96611785888672,14.155656814575195,44.93635940551758,45.2041130065918,18.428903579711914,10.608908653259277,38.30733871459961,19.2030029296875,57.896484375,22.102325439453125,49.004371643066406,16.59461212158203,36.02360153198242
2021-01-08,14.189017295837402,36.529937744140625,71.64259338378906,13.805004119873047,45.12800598144531,45.180233001708984,18.220617294311523,10.52897834777832,37.44874572753906,18.745563507080078,56.96994400024414,22.066789627075195,47.394718170166016,16.40970802307129,36.42422866821289
2021-01-11,14.257478713989258,37.069297790527344,72.05162811279297,13.972707748413086,45.695274353027344,46.40605163574219,18.62813377380371,10.710638046264648,37.80431365966797,18.745563507080078,58.226802825927734,22.20004653930664,48.15848159790039,16.571500778198242,37.52993392944336
2021-01-12,15.857808113098145,38.75279235839844,73.42028045654297,15.02466106414795,47.86465835571289,50.04371643066406,20.04086685180664,11.052159309387207,39.53019714355469,21.116771697998047,59.411163330078125,23.221656799316406,48.87296676635742,17.280275344848633,38.363216400146484
2021-01-13,15.233083724975586,38.43406677246094,73.34949493408203,14.582536697387695,46.354515075683594,48.98506164550781,19.533733367919922,11.124820709228516,38.43743133544922,20.846038818359375,57.8239860534668,22.617576599121094,47.38649368286133,17.133893966674805,38.79588317871094
2021-01-14,15.703766822814941,39.12053680419922,75.1114501953125,15.459166526794434,48.009071350097656,49.29548263549805,19.705795288085938,11.364611625671387,39.4781608581543,22.629106521606445,59.733428955078125,23.06174659729004,49.497127532958984,17.480579376220703,40.31023025512695
2021-01-15,14.779513359069824,36.873172760009766,72.43704986572266,14.91794490814209,45.65644836425781,47.15428161621094,18.78209114074707,11.255616188049316,38.142555236816406,20.902048110961914,57.79978561401367,22.12897300720215,47.879241943359375,17.334199905395508,38.37123107910156
2021-01-19,15.250201225280762,37.59233093261719,74.34059143066406,15.245721817016602,46.651493072509766,47.775150299072266,18.60096549987793,11.299215316772461,39.972503662109375,21.536861419677734,60.249080657958984,22.582040786743164,49.71886444091797,17.295686721801758,39.13240051269531
2021-01-20,14.950668334960938,37.069297790527344,75.02491760253906,15.222857475280762,46.43552017211914,48.25274658203125,18.184391021728516,11.328275680541992,40.0418815612793,21.49018669128418,60.74054718017578,22.519853591918945,49.743507385253906,17.280275344848633,39.68525314331055
2021-01-21,14.260771751403809,35.295921325683594,72.37411499023438,14.01844596862793,42.44761276245117,48.38010025024414,17.577640533447266,11.08849048614502,39.36540603637695,20.10854148864746,58.94386672973633,21.489362716674805,48.33916091918945,16.694761276245117,38.54750061035156
2021-01-22,14.037948608398438,34.8873176574707,72.15387725830078,13.568697929382324,42.316471099853516,50.73622512817383,17.423694610595703,11.132089614868164,39.67762756347656,20.061857223510742,58.45241165161133,21.684795379638672,48.823699951171875,16.64083480834961,38.002662658691406
2021-01-25,13.480887413024902,34.79742431640625,71.50100708007812,13.24091625213623,42.5787353515625,48.81789779663086,16.871274948120117,11.08849048614502,40.09392166137695,20.080530166625977,58.07373809814453,21.089599609375,48.79084396362305,16.687061309814453,37.57801055908203
2021-01-26,13.112370491027832,34.06191635131836,70.2896499633789,12.844526290893555,41.25972366333008,47.44879150390625,16.481874465942383,11.059423446655273,39.16593933105469,19.0256290435791,57.45334243774414,20.201244354248047,47.75605773925781,16.5175724029541,36.75273132324219
2021-01-27,12.512457847595215,33.22017288208008,69.37721252441406,13.118945121765137,42.43217468261719,45.044918060302734,15.648723602294922,10.768769264221191,38.107872009277344,19.212337493896484,57.3647346496582,19.37506866455078,48.232383728027344,16.340373992919922,36.33608627319336
2021-01-28,12.803842544555664,33.596099853515625,70.02220153808594,13.111324310302734,41.437129974365234,48.0059928894043,16.545263290405273,10.674306869506836,38.82770919799805,19.55775260925293,57.5661506652832,20.112403869628906,47.903892517089844,16.532976150512695,36.904964447021484
2021-01-29,12.23820972442627,32.71349334716797,67.01744079589844,12.547233581542969,39.308197021484375,45.12451171875,15.965677261352539,10.417567253112793,37.431396484375,18.726896286010742,54.62540817260742,19.73041343688965,46.34349822998047,16.35578155517578,35.927467346191406
2021-02-01,12.95810604095459,33.269195556640625,67.96920776367188,12.775918960571289,39.593605041503906,46.15134811401367,16.173967361450195,10.373174667358398,37.68290710449219,19.03496742248535,54.28702163696289,19.685993194580078,46.18746566772461,16.40200424194336,35.991554260253906
2021-02-02,13.335193634033203,33.481693267822266,68.48050689697266,12.92837142944336,39.539608001708984,46.50157165527344,16.31886863708496,10.217799186706543,39.15726089477539,19.352367401123047,55.31829071044922,19.996919631958008,47.44398880004883,16.502161026000977,36.5604362487793
2021-02-03,14.080801010131836,35.312259674072266,69.97503662109375,13.873610496520996,43.103267669677734,50.60886764526367,17.034286499023438,10.5359468460083,41.02190017700195,20.556638717651367,57.4372444152832,21.480480194091797,49.357505798339844,16.887367248535156,37.99464416503906
2021-02-04,13.986528396606445,35.966041564941406,70.0064926147461,13.835495948791504,44.32971954345703,52.01776123046875,17.305967330932617,10.380571365356445,41.04792022705078,20.818029403686523,57.952884674072266,22.04013442993164,50.14591979980469,16.96440887451172,38.72377014160156
2021-02-05,13.900824546813965,36.301109313964844,70.21099090576172,13.644928932189941,43.66634750366211,51.30137252807617,17.1882381439209,10.469358444213867,41.325439453125,21.060752868652344,58.04150390625,22.217811584472656,50.68794631958008,17.01833152770996,40.02177047729492
2021-02-08,15.28919506072998,38.22976303100586,71.95722198486328,14.292868614196777,45.826141357421875,54.867393493652344,18.148170471191406,10.898490905761719,42.91254806518555,23.758695602416992,61.06281280517578,23.088403701782227,53.20920944213867,17.334199905395508,41.74443817138672
2021-02-09,14.766414642333984,38.31148147583008,71.54821014404297,14.384343147277832,44.90822219848633,53.3072509765625,17.92177391052246,10.780107498168945,42.383506774902344,23.011863708496094,60.04764938354492,23.097288131713867,53.044952392578125,17.149309158325195,41.25553894042969
2021-02-10,15.092082977294922,38.61385726928711,72.77526092529297,15.039911270141602,46.4432258605957,54.82760238647461,18.34740447998047,10.942883491516113,43.1987419128418,23.898727416992188,61.812103271484375,23.648067474365234,54.29581069946289,17.573030471801758,41.654808044433594
2021-02-11,14.552155494689941,38.30045700073242,72.38199615478516,14.712125778198242,46.00355529785156,53.944053649902344,17.595754623413086,10.868896484375,43.155372619628906,23.319929122924805,62.2310791015625,23.425979614257812,53.828826904296875,17.164709091186523,40.61180877685547
2021-02-12,14.98066520690918,38.894264221191406,72.79888916015625,15.230484008789062,47.068016052246094,55.01863098144531,18.26589584350586,10.979878425598145,43.76247787475586,23.70268440246582,62.223018646240234,23.78132438659668,53.98725891113281,17.596141815185547,41.165897369384766
2021-02-16,15.923388481140137,40.288055419921875,74.29059600830078,15.908914566040039,48.67243576049805,54.899234771728516,18.655303955078125,11.12785530090332,45.148681640625,24.70157814025879,63.96327590942383,23.9285888671875,55.83855056762695,17.65007209777832,42.40446853637695
2021-02-17,16.01766014099121,40.70867156982422,76.5162124633789,16.56447982788086,49.01183319091797,54.79575729370117,18.610023498535156,11.194442749023438,45.52595520019531,24.953638076782227,64.97039031982422,23.982141494750977,56.80589294433594,17.788742065429688,43.064483642578125
2021-02-18,15.109219551086426,39.33137512207031,75.78231048583984,15.657358169555664,46.720916748046875,51.850616455078125,17.72254180908203,10.9354829788208,44.9381217956543,23.599992752075195,64.4950180053711,22.830778121948242,56.56404495239258,17.149309158325195,42.38816452026367
2021-02-19,15.443458557128906,39.93342971801758,76.42047882080078,15.878419876098633,48.21733474731445,52.19288635253906,18.293067932128906,11.06866455078125,46.499820709228516,23.730693817138672,67.0699462890625,23.312742233276367,59.64950942993164,17.44205665588379,42.673362731933594
2021-02-22,16.35189437866211,41.96226501464844,78.48654174804688,16.198579788208008,50.986507415771484,54.445518493652344,19.135269165039062,11.224039077758789,48.12291717529297,24.710905075073242,68.4144515991211,24.58013153076172,61.91775131225586,17.65007209777832,44.24601364135742
2021-02-23,16.926097869873047,42.96843338012695,79.4757080078125,16.457763671875,52.33635711669922,56.52305221557617,18.96320915222168,11.312824249267578,48.93009948730469,24.32815933227539,69.6937484741211,24.758634567260742,63.21865463256836,18.36655044555664,44.85713577270508
2021-02-24,17.83453369140625,45.087974548339844,82.41126251220703,16.976118087768555,55.822879791259766,58.74386215209961,20.167654037475586,11.630974769592285,49.70215606689453,26.28860092163086,71.09529876708984,26.24915313720703,65.17833709716797,18.42047882080078,46.201629638671875
2021-02-25,17.251766204833984,43.735416412353516,81.64547729492188,16.274810791015625,54.44987487792969,54.97087097167969,19.95030975341797,11.312824249267578,48.315940856933594,24.97230339050293,68.96853637695312,25.445878982543945,65.16999053955078,18.066089630126953,45.43568420410156
2021-02-26,16.908958435058594,42.89419937133789,79.77085876464844,16.419645309448242,49.79861068725586,55.145992279052734,19.769187927246094,10.876294136047363,47.92112731933594,24.841604232788086,67.67294311523438,24.91036033630371,64.1943130493164,17.596141815185547,44.30304718017578
2021-03-01,16.728984832763672,43.38904571533203,81.4061508178711,17.075210571289062,50.12259292602539,58.63242721557617,20.837797164916992,11.12785530090332,49.2196159362793,25.80315589904785,69.01744079589844,25.633312225341797,64.87812805175781,18.173946380615234,45.957191467285156
2021-03-02,16.711843490600586,43.116878509521484,81.7172622680664,17.136198043823242,49.729190826416016,56.52305221557617,20.21624183654785,11.164848327636719,49.15821075439453,25.971195220947266,67.037353515625,25.115642547607422,63.90244674682617,18.274099349975586,45.688270568847656
2021-03-03,17.063222885131836,44.255008697509766,82.63462829589844,17.296276092529297,51.67299270629883,59.58895492553711,20.21624183654785,11.224039077758789,49.193294525146484,26.755374908447266,68.31664276123047,25.320924758911133,64.6529769897461,18.289512634277344,46.05495834350586
2021-03-04,17.980226516723633,45.87148666381836,83.36054229736328,18.005199432373047,55.09781265258789,65.04833221435547,20.034765243530273,11.60877799987793,49.5793342590332,27.9129638671875,68.7811279296875,25.508350372314453,63.68561935424805,18.574562072753906,47.83946990966797
2021-03-05,19.9256591796875,48.114749908447266,86.95023345947266,19.52215003967285,57.527591705322266,68.25833892822266,21.631746292114258,11.741958618164062,50.28999328613281,29.154579162597656,71.17676544189453,25.94569206237793,65.9038314819336,18.690122604370117,49.6484260559082
2021-03-08,19.857097625732422,48.477622985839844,87.54850006103516,18.7293758392334,57.53529739379883,67.37777709960938,22.10357666015625,12.000916481018066,50.149627685546875,27.791608810424805,72.08939361572266,26.516910552978516,67.17970275878906,18.582263946533203,49.59952926635742
2021-03-09,18.51158332824707,47.751869201660156,87.3490982055664,18.165283203125,56.77937698364258,64.86421966552734,21.296016693115234,11.59398078918457,49.017822265625,26.755023956298828,69.58782196044922,26.195602416992188,63.860748291015625,18.150835037231445,48.83357620239258
2021-03-10,18.53728675842285,49.00544738769531,88.84081268310547,18.21864128112793,57.9363899230957,64.79216766357422,21.903953552246094,12.015716552734375,51.044517517089844,27.418062210083008,72.06494903564453,26.731117248535156,67.85517120361328,18.797977447509766,50.3328857421875
2021-03-11,18.760114669799805,49.34360122680664,88.69721984863281,18.782733917236328,58.09066390991211,67.27372741699219,21.631746292114258,11.986120223999023,50.886592864990234,28.930912017822266,71.48641204833984,26.24022674560547,68.78081512451172,18.727458953857422,49.95805740356445
2021-03-12,18.19448471069336,48.81577682495117,88.99237823486328,18.71328353881836,57.85155487060547,65.64871215820312,21.795072555541992,12.097103118896484,50.66725158691406,28.604061126708984,72.24421691894531,25.89213752746582,68.73078918457031,18.750967025756836,50.49585723876953
2021-03-15,18.451589584350586,47.9662971496582,87.94735717773438,18.991086959838867,57.35788345336914,67.47383880615234,21.74970054626465,12.082304954528809,50.763763427734375,27.362031936645508,71.57604217529297,25.99032211303711,68.23877716064453,18.54723358154297,49.208404541015625
2021-03-16,17.78311538696289,46.6632194519043,85.8653335571289,18.142240524291992,54.49616622924805,65.71275329589844,20.751598358154297,11.778952598571777,49.31613540649414,26.306774139404297,69.20484924316406,25.04424476623535,66.1456527709961,18.194629669189453,48.1654052734375
2021-03-17,17.988800048828125,46.869407653808594,86.17646789550781,18.273420333862305,56.45539855957031,65.16841125488281,21.1871337890625,12.000916481018066,49.31613540649414,27.119232177734375,69.63672637939453,25.267375946044922,65.99554443359375,18.31999969482422,48.37726974487305
2021-03-18,16.489017486572266,44.02408218383789,83.05742645263672,17.254804611206055,53.146297454833984,60.17332077026367,20.116432189941406,11.660572052001953,46.36821365356445,24.859294891357422,66.30398559570312,24.321298599243164,61.459083557128906,17.834182739257812,46.29126739501953
2021-03-19,16.694704055786133,43.38079071044922,82.46709442138672,17.517179489135742,54.05647277832031,60.68562316894531,19.77163314819336,11.778952598571777,47.16660690307617,26.241403579711914,67.02920532226562,24.142791748046875,61.459083557128906,17.983062744140625,46.030521392822266
2021-03-22,16.163352966308594,43.083900451660156,81.79703521728516,17.23165512084961,52.629486083984375,60.28536605834961,19.544788360595703,11.67536735534668,46.806884765625,25.643733978271484,65.66027069091797,24.678306579589844,60.27495193481445,18.014402389526367,45.55791473388672
2021-03-23,15.657715797424316,42.64679718017578,81.34235382080078,16.7763614654541,53.72480773925781,57.739803314208984,18.88240623474121,11.601380348205566,46.00849533081055,24.831279754638672,64.35652160644531,23.803634643554688,58.44034194946289,18.030075073242188,44.995670318603516
2021-03-24,15.923388481140137,43.88388442993164,83.52005004882812,17.239368438720703,55.954002380371094,59.548919677734375,19.32701873779297,11.978720664978027,46.64897918701172,25.270193099975586,66.84180450439453,24.47303581237793,59.85798645019531,18.406192779541016,45.908294677734375
2021-03-25,15.717702865600586,44.18077850341797,83.81523895263672,17.247087478637695,56.339698791503906,59.07664108276367,19.236284255981445,12.104501724243164,47.27190399169922,24.934001922607422,67.17586517333984,24.455177307128906,60.391700744628906,18.758798599243164,45.777915954589844
2021-03-26,16.103361129760742,45.393131256103516,85.73772430419922,17.54804229736328,57.75899124145508,60.669620513916016,19.77163314819336,12.430049896240234,48.27207946777344,25.92389678955078,68.69963073730469,25.267375946044922,60.967098236083984,19.244619369506836,47.024620056152344
2021-03-29,15.392029762268066,44.40346908569336,85.29100036621094,16.86124610900879,56.8025016784668,59.42885971069336,19.2725772857666,12.393054962158203,46.96481704711914,25.214157104492188,67.24922180175781,24.722936630249023,59.9246940612793,18.837154388427734,46.77202606201172
2021-03-30,15.280622482299805,44.0653190612793,84.50127410888672,16.97699737548828,56.50939178466797,59.6209716796875,19.50848960876465,12.296870231628418,47.02622985839844,25.52233123779297,67.0699462890625,24.294523239135742,59.85798645019531,18.55507469177246,46.1934814453125
2021-03-31,15.340617179870605,43.685943603515625,83.59188842773438,16.86124610900879,55.946319580078125,58.828487396240234,19.472198486328125,12.31906795501709,46.92972183227539,24.859294891357422,66.44251251220703,24.267744064331055,59.7078742980957,18.562904357910156,45.49272155761719
2021-04-01,16.154781341552734,44.551910400390625,84.35767364501953,18.134521484375,58.113807678222656,65.01631927490234,19.88959312438965,12.459644317626953,48.95640563964844,25.56902313232422,67.7625732421875,25.079944610595703,62.793338775634766,18.727458953857422,46.76387405395508
2021-04-05,15.032088279724121,43.05915451049805,83.36852264404297,17.33197593688965,55.37550735473633,60.357452392578125,19.34516716003418,12.32646656036377,47.34207534790039,23.635940551757812,66.86622619628906,24.589054107666016,62.22629165649414,18.609922409057617,46.03867721557617
2021-04-06,15.306336402893066,43.36429214477539,82.62665557861328,17.57891082763672,55.76889419555664,60.40545654296875,19.290729522705078,12.356062889099121,47.0964241027832,23.673290252685547,65.88026428222656,24.490877151489258,61.85936737060547,18.625591278076172,45.908294677734375
2021-04-07,15.443458557128906,43.19935607910156,83.11324310302734,17.378273010253906,56.540252685546875,61.08587646484375,19.435903549194336,12.52623462677002,47.368408203125,23.62659454345703,65.18765258789062,24.41054916381836,62.05116653442383,18.899843215942383,46.112003326416016
2021-04-08,15.04066276550293,42.25916290283203,82.17994689941406,17.239368438720703,55.68404769897461,60.197322845458984,19.372390747070312,12.452247619628906,46.815670013427734,23.09430503845215,63.90020751953125,24.15171241760254,60.775272369384766,18.55507469177246,45.63123321533203
2021-04-09,14.792122840881348,42.250911712646484,82.10017395019531,17.00786781311035,55.36007308959961,59.87712097167969,19.118322372436523,12.230284690856934,46.35066223144531,22.963565826416016,64.39725494384766,23.88396453857422,59.2826042175293,18.49238395690918,45.52531814575195
2021-04-12,14.783554077148438,41.945762634277344,81.19078063964844,16.8843994140625,54.071929931640625,59.14067459106445,19.072959899902344,12.208086013793945,45.80671310424805,22.62737274169922,63.248329162597656,23.687604904174805,58.623809814453125,18.374847412109375,45.223819732666016
2021-04-13,14.809264183044434,41.888038635253906,81.55773162841797,16.737775802612305,54.30332565307617,60.645599365234375,18.764450073242188,12.20068645477295,46.12255859375,22.68340301513672,63.248329162597656,23.241344451904297,58.60712432861328,18.57074546813965,45.39493179321289
2021-04-14,15.54630184173584,43.45502471923828,83.17706298828125,17.355121612548828,57.172760009765625,64.3118667602539,19.653671264648438,12.31906795501709,47.263118743896484,23.860069274902344,64.69058227539062,24.37485122680664,60.27495193481445,18.53156280517578,46.706844329833984
2021-04-15,15.486310005187988,42.80348205566406,82.4990234375,17.262521743774414,56.492488861083984,63.303253173828125,19.127397537231445,12.370855331420898,47.263118743896484,23.2157039642334,64.38909912109375,23.79471206665039,59.53276824951172,18.680442810058594,46.429779052734375
2021-04-16,15.254911422729492,42.135459899902344,82.13206481933594,16.8843994140625,54.69292068481445,62.07050704956055,18.773521423339844,12.23768138885498,47.60529327392578,22.7674503326416,64.12022399902344,23.464475631713867,60.458396911621094,18.508056640625,46.16903305053711
2021-04-19,15.486310005187988,41.97050857543945,82.37139129638672,17.00014877319336,55.297943115234375,62.17455291748047,18.755374908447266,12.296870231628418,46.87709045410156,22.916868209838867,63.509071350097656,23.67867660522461,59.08245849609375,18.562904357910156,46.02236557006836
2021-04-20,14.569297790527344,40.123104095458984,80.8318099975586,16.182165145874023,53.1881103515625,59.4528694152832,17.975034713745117,12.245078086853027,45.66633224487305,21.66550064086914,61.45566177368164,22.5362491607666,57.27286911010742,18.374847412109375,45.05270767211914
2021-04-21,14.71091365814209,41.26948928833008,81.9486083984375,16.336503982543945,53.490623474121094,60.245361328125,17.330801010131836,12.348663330078125,46.77180099487305,22.832822799682617,62.759422302246094,22.96466064453125,58.623809814453125,18.461040496826172,45.63123321533203
2021-04-22,15.114306449890137,40.7911491394043,80.52867126464844,16.20531463623047,53.017459869384766,60.26136779785156,17.439687728881836,12.104501724243164,45.67510986328125,22.50597381591797,61.07268524169922,22.5362491607666,57.1060905456543,18.21030044555664,45.03641128540039
2021-04-23,15.603524208068848,41.005577087402344,81.00730895996094,16.544857025146484,53.56818771362305,60.941776275634766,17.294506072998047,12.415251731872559,46.499820709228516,23.019596099853516,62.32755661010742,22.946809768676758,58.52373504638672,18.50022315979004,45.28086471557617
2021-04-26,16.006916046142578,41.44268035888672,80.98336791992188,16.876680374145508,54.165462493896484,62.006465911865234,17.630233764648438,12.51143741607666,46.73671340942383,23.25305938720703,62.33570861816406,23.53588104248047,58.80727005004883,18.782306671142578,45.3704948425293
2021-04-27,16.333065032958984,42.308650970458984,81.9246597290039,17.085033416748047,55.600467681884766,63.4953727722168,17.53041648864746,12.57802677154541,47.28065872192383,23.430492401123047,63.639461517333984,23.36629867553711,59.891353607177734,18.758798599243164,45.96532440185547
2021-04-28,17.586153030395508,43.743682861328125,83.93488311767578,18.54351043701172,58.16019058227539,66.98554229736328,18.274471282958984,12.903575897216797,48.64056396484375,24.373682022094727,65.26913452148438,24.419475555419922,61.80935287475586,19.14275360107422,47.350563049316406
2021-04-29,17.749223709106445,43.81790542602539,85.2750473022461,18.574377059936523,58.8970832824707,67.51387023925781,18.47408676147461,12.993760108947754,49.16697311401367,24.224266052246094,66.10028076171875,24.830036163330078,62.42643737792969,19.26029396057129,48.026893615722656
2021-04-30,17.16559600830078,42.17668914794922,82.21980285644531,18.041919708251953,57.12078094482422,65.42456817626953,17.74818992614746,12.813393592834473,48.824806213378906,23.682634353637695,65.92919158935547,24.142791748046875,61.67591857910156,19.08790397644043,46.64164352416992
2021-05-03,17.56040382385254,43.49625778198242,84.18218231201172,18.227121353149414,58.928096771240234,67.17765808105469,18.746305465698242,12.971212387084961,50.149627685546875,24.411043167114258,68.39815521240234,25.18704605102539,65.16999053955078,19.409168243408203,47.92910385131836
2021-05-04,17.320083618164062,43.35606002807617,84.64485168457031,18.09593963623047,58.18347930908203,63.399314880371094,19.01850700378418,12.903575897216797,50.2724494934082,24.149559020996094,67.6566390991211,25.338775634765625,65.17833709716797,19.26029396057129,48.23059844970703
2021-05-05,17.99812126159668,45.723018646240234,86.91831970214844,19.469528198242188,59.50210189819336,66.53726959228516,19.962181091308594,13.159095764160156,52.08856964111328,25.26085090637207,69.25374603271484,27.079198837280273,66.76276397705078,19.526704788208008,49.6810188293457
2021-05-06,18.392932891845703,45.93745803833008,86.9661865234375,19.500398635864258,59.711544036865234,65.84083557128906,20.116432189941406,13.264307022094727,52.16753005981445,24.887311935424805,69.7589340209961,27.427288055419922,67.09632110595703,19.56588363647461,50.15362548828125
2021-05-07,18.530258178710938,47.09207534790039,87.7638931274414,20.233491897583008,64.45867919921875,67.4097900390625,20.824182510375977,13.407092094421387,52.64130783081055,25.578369140625,70.10931396484375,28.462610244750977,67.12133026123047,19.824460983276367,50.87068176269531
2021-05-10,18.78774642944336,47.00960922241211,87.40492248535156,20.071441650390625,65.58341217041016,66.24909973144531,20.63363265991211,13.715217590332031,52.474605560302734,24.86863136291504,69.74264526367188,28.230558395385742,66.41251373291016,20.012523651123047,50.992923736572266
2021-05-11,18.058204650878906,45.95396041870117,85.11549377441406,19.863086700439453,63.71406173706055,63.879615783691406,20.51567840576172,13.504790306091309,51.448097229003906,22.907529830932617,68.14553833007812,27.900325775146484,64.78638458251953,20.09871482849121,49.37137985229492
2021-05-12,18.13545036315918,45.92921447753906,85.64996337890625,19.739620208740234,63.10900115966797,63.9439697265625,20.533823013305664,13.602487564086914,51.737640380859375,23.45850944519043,69.5389175415039,28.650043487548828,66.68770599365234,19.808795928955078,49.63592529296875
2021-05-13,17.50890350341797,45.08142852783203,85.09954071044922,19.099123001098633,61.72829818725586,61.305110931396484,20.29790687561035,13.542366981506348,51.570926666259766,22.141767501831055,68.73222351074219,28.346588134765625,65.46186065673828,19.887149810791016,49.02415084838867
2021-05-14,18.50450897216797,46.97645568847656,87.32515716552734,20.356964111328125,64.07083892822266,63.31644821166992,20.923992156982422,13.797881126403809,52.711490631103516,23.439830780029297,71.46195983886719,29.28373908996582,68.57789611816406,20.278934478759766,50.23944091796875
2021-05-17,19.019479751586914,48.45588684082031,88.39408111572266,20.982025146484375,66.01004028320312,64.6519546508789,21.577306747436523,14.12855052947998,53.974891662597656,24.644506454467773,72.27681732177734,30.390464782714844,68.92410278320312,20.788259506225586,51.41336441040039
2021-05-18,18.59892463684082,47.6164436340332,85.73749542236328,20.248931884765625,64.35783386230469,64.36231994628906,21.132688522338867,14.060914993286133,53.434608459472656,24.15890121459961,70.69602966308594,29.51579475402832,67.20143127441406,20.631542205810547,49.958343505859375
2021-05-19,17.869386672973633,46.195186614990234,83.33124542236328,19.508115768432617,62.47293472290039,62.68889617919922,20.452163696289062,13.880547523498535,52.74375915527344,23.411813735961914,69.85673522949219,28.560791015625,65.25918579101562,20.39647674560547,48.75960922241211
2021-05-20,17.706310272216797,46.037254333496094,83.62191009521484,19.4926815032959,62.45741271972656,61.57060241699219,20.306989669799805,14.053400039672852,52.85003662109375,23.299753189086914,69.34336853027344,28.355506896972656,65.0143051147461,20.639381408691406,48.643863677978516
2021-05-21,17.929466247558594,46.25334548950195,84.0740966796875,19.562129974365234,62.1083869934082,61.39360427856445,20.379573822021484,14.068428993225098,52.7791748046875,23.45850944519043,69.41748809814453,28.516164779663086,65.19163513183594,20.67856216430664,48.71000671386719
2021-05-24,17.920879364013672,46.627384185791016,85.2691421508789,20.025142669677734,62.16268539428711,62.19009780883789,20.42494010925293,14.15109634399414,53.78888702392578,23.757335662841797,70.42222595214844,28.293031692504883,66.12899017333984,20.77259063720703,49.280433654785156
2021-05-25,17.11409568786621,45.613372802734375,83.87223815917969,19.909385681152344,61.03019332885742,60.72587203979492,19.907739639282227,13.933156967163086,53.151187896728516,22.991575241088867,68.54452514648438,27.882471084594727,65.30140686035156,20.32595443725586,48.16437530517578
2021-05-26,17.577566146850586,46.062191009521484,84.0740966796875,20.38011360168457,61.74381637573242,62.98658752441406,20.21624183654785,13.790369987487793,53.850894927978516,23.617263793945312,68.65982055664062,28.159156799316406,66.78764343261719,20.38863754272461,48.72654724121094
2021-05-27,17.877965927124023,46.153621673583984,83.17781829833984,20.56532096862793,62.31005859375,63.831336975097656,20.43401336669922,13.72273063659668,54.38230514526367,24.345670700073242,69.51630401611328,27.97172737121582,68.22320556640625,20.608034133911133,48.41238784790039
2021-05-28,17.852216720581055,46.328163146972656,83.8076400756836,20.495872497558594,62.31781005859375,64.41865539550781,20.37049674987793,13.782853126525879,54.73658752441406,24.24294662475586,69.3598403930664,27.962800979614258,67.89388275146484,20.639381408691406,48.25532150268555
2021-06-01,19.791933059692383,48.43096160888672,86.11700439453125,23.30478858947754,65.61443328857422,69.6802749633789,21.220592498779297,13.910611152648926,55.35658645629883,26.586929321289062,71.52578735351562,29.508573532104492,69.3969955444336,21.07035255432129,49.98313903808594
2021-06-02,20.186738967895508,49.029396057128906,87.27169036865234,23.767797470092773,66.14189910888672,69.54350280761719,22.138883590698242,14.10600757598877,55.78173065185547,27.296663284301758,73.80705261230469,31.77570915222168,71.26322174072266,21.38378143310547,50.379966735839844
2021-06-03,19.963584899902344,49.42835235595703,86.87603759765625,24.053321838378906,67.3364486694336,69.60786437988281,22.45709991455078,14.10600757598877,56.029727935791016,27.343355178833008,73.46939849853516,32.72556686401367,70.35968017578125,21.642353057861328,50.57838439941406
2021-06-04,20.100914001464844,49.744171142578125,87.5704574584961,24.431442260742188,67.84065246582031,69.04468536376953,22.475276947021484,14.113519668579102,56.392860412597656,27.212615966796875,75.33885955810547,32.63596725463867,70.29210662841797,21.90093994140625,50.80158996582031
2021-06-07,20.100914001464844,49.71092987060547,87.0052261352539,23.860401153564453,67.50709533691406,70.14688873291016,22.093421936035156,14.10600757598877,56.1005859375,27.231294631958008,76.10476684570312,32.10725784301758,69.82768249511719,22.120338439941406,50.47091293334961
2021-06-08,19.86058807373047,50.25948715209961,87.79655456542969,23.80638313293457,67.78633880615234,72.11799621582031,22.193429946899414,14.12855052947998,56.764854431152344,27.25930404663086,76.22828674316406,32.16999053955078,70.30902099609375,22.073328018188477,51.3637580871582
2021-06-09,19.60310935974121,49.60288619995117,87.0294418334961,23.096435546875,66.56077575683594,71.02381134033203,22.057052612304688,14.15109634399414,56.339717864990234,26.48394012451172,76.1377182006836,32.04452896118164,69.18589782714844,22.041982650756836,51.79365158081055
2021-06-10,19.465782165527344,50.01014709472656,87.53816986083984,22.679725646972656,66.84001159667969,69.9859848022461,21.73883628845215,14.27885627746582,56.18914794921875,26.46525764465332,75.47061920166016,31.309730529785156,69.19432830810547,22.034027099609375,51.87632369995117
2021-06-11,19.422868728637695,49.84391784667969,87.1344223022461,22.867101669311523,66.27375793457031,70.21125030517578,21.84793472290039,14.384063720703125,55.95886993408203,26.46525764465332,74.9188461303711,31.264930725097656,68.64543151855469,22.09764289855957,51.39681625366211
2021-06-14,19.242633819580078,50.12650680541992,87.1828842163086,22.625078201293945,65.82389831542969,69.54350280761719,21.456981658935547,14.158615112304688,55.79058837890625,26.418550491333008,75.30591583251953,30.512210845947266,69.2027816772461,21.882949829101562,51.31415939331055
2021-06-15,19.62027359008789,50.841278076171875,89.06427764892578,23.10912322998047,66.39787292480469,73.09146118164062,21.993408203125,14.301398277282715,56.392860412597656,27.277990341186523,75.84944915771484,30.63765525817871,69.49834442138672,22.065834045410156,53.18253707885742
2021-06-16,19.37137222290039,50.80805969238281,88.5555648803711,22.687532424926758,65.70750427246094,72.7052993774414,21.911579132080078,14.166125297546387,56.04743957519531,28.5297908782959,74.72942352294922,30.50324058532715,68.78900909423828,21.843191146850586,52.99238204956055
2021-06-17,18.13545036315918,49.046016693115234,86.45616912841797,21.539886474609375,63.163299560546875,69.90553283691406,20.656888961791992,13.760308265686035,53.99260711669922,26.36250114440918,71.36932373046875,29.096370697021484,66.3569564819336,21.413803100585938,51.24801254272461
2021-06-18,17.723472595214844,47.815921783447266,83.1939468383789,20.884082794189453,61.518882751464844,69.3343276977539,19.993179321289062,13.271818161010742,52.1414794921875,26.147640228271484,69.31864929199219,28.038965225219727,64.19515228271484,20.722003936767578,49.93354415893555
2021-06-21,19.019479751586914,50.24286651611328,85.63253784179688,22.328405380249023,65.92472076416016,73.61442565917969,21.229686737060547,13.745277404785156,54.072330474853516,27.558242797851562,71.93756866455078,29.67882537841797,67.53921508789062,21.270671844482422,51.744041442871094
2021-06-22,18.839242935180664,50.525455474853516,85.91513061523438,22.281564712524414,65.8936996459961,73.47763061523438,21.356975555419922,13.677641868591309,54.32917022705078,28.0346736907959,72.44818115234375,29.589218139648438,68.38365936279297,21.25476837158203,52.736106872558594
2021-06-23,18.796329498291016,50.500526428222656,85.8101577758789,22.718761444091797,66.4754409790039,73.94426727294922,21.37515640258789,13.594974517822266,54.51516342163086,28.92214584350586,72.68700408935547,29.46377182006836,68.27388763427734,21.25476837158203,53.12466049194336
2021-06-24,19.105308532714844,51.02415084838867,86.51266479492188,23.21841812133789,66.7779541015625,75.82686614990234,21.638824462890625,13.707701683044434,55.21487045288086,29.650806427001953,73.86470031738281,29.804285049438477,69.01699829101562,21.286577224731445,53.339599609375
2021-06-25,19.053808212280273,50.9576416015625,86.6418685913086,23.234033584594727,67.9880142211914,77.48418426513672,21.766109466552734,13.745277404785156,55.40087127685547,30.743799209594727,74.15293884277344,29.884939193725586,69.32099914550781,21.294527053833008,53.455345153808594
2021-06-28,18.049625396728516,49.528079986572266,83.9691390991211,22.180070877075195,64.35783386230469,74.39482116699219,20.647804260253906,13.504790306091309,53.58517837524414,29.1837158203125,70.34809112548828,28.69312286376953,65.63072967529297,20.86513900756836,52.09126281738281
2021-06-29,18.049625396728516,49.079261779785156,83.78341674804688,21.875593185424805,63.845890045166016,74.5154800415039,20.611433029174805,13.414609909057617,53.21318817138672,29.239765167236328,70.09280395507812,28.56766700744629,64.95519256591797,20.78562355041504,51.76884460449219
2021-06-30,18.564590454101562,50.616886138916016,84.57472229003906,22.78902816772461,64.72244262695312,75.53723907470703,21.020572662353516,13.700186729431152,53.514312744140625,29.211746215820312,70.67752838134766,28.684158325195312,65.93474578857422,21.111637115478516,52.149139404296875
2021-07-01,18.813491821289062,52.262550354003906,85.76172637939453,23.39017677307129,66.70037078857422,80.131103515625,21.638824462890625,13.850489616394043,54.267173767089844,30.697086334228516,71.72343444824219,29.63402557373047,65.70674133300781,21.310428619384766,52.29793930053711
2021-07-02,18.427265167236328,52.15450668334961,85.64866638183594,22.820253372192383,66.52973175048828,78.89212036132812,21.620641708374023,13.95570182800293,54.090030670166016,30.435518264770508,72.3905258178711,29.38311767578125,65.92633056640625,21.421756744384766,52.223533630371094
2021-07-06,17.629064559936523,50.101558685302734,83.9691390991211,21.735063552856445,64.93959045410156,73.3488998413086,20.211389541625977,13.858004570007324,52.23005294799805,28.50176429748535,69.54927062988281,27.931438446044922,63.08049774169922,21.00826644897461,50.735450744628906
2021-07-07,17.208511352539062,49.046016693115234,83.11321258544922,21.493045806884766,62.89957046508789,70.79051208496094,19.656782150268555,13.752792358398438,51.32663345336914,27.539554595947266,67.97627258300781,27.492347717285156,61.06226348876953,20.896944046020508,49.94180679321289
2021-07-08,17.191347122192383,49.21223831176758,82.84674072265625,21.672609329223633,61.96875762939453,70.951416015625,19.647686004638672,13.655094146728516,50.88378143310547,27.707712173461914,66.53502655029297,27.357933044433594,59.33113479614258,20.86513900756836,49.718597412109375
2021-07-09,17.65481185913086,49.97690200805664,84.03372955322266,22.36743927001953,64.0630874633789,71.94098663330078,20.3477725982666,14.030855178833008,51.97319412231445,28.24953842163086,68.10804748535156,27.949359893798828,61.0538330078125,21.230913162231445,50.61971664428711
2021-07-12,17.517488479614258,49.702632904052734,84.20330047607422,22.406476974487305,64.61383056640625,72.27085876464844,20.38413429260254,13.918126106262207,51.6632080078125,28.0159912109375,67.86097717285156,27.976238250732422,60.5302734375,21.07187843322754,50.57010269165039
2021-07-13,17.311498641967773,49.42001724243164,83.92069244384766,22.617267608642578,64.17169189453125,72.43981170654297,20.0841007232666,13.737761497497559,50.83949279785156,28.10007095336914,67.24329376220703,27.429622650146484,59.508460998535156,20.833332061767578,50.330360412597656
2021-07-14,16.34164810180664,47.93227005004883,82.33802032470703,21.313474655151367,61.79035949707031,68.04707336425781,19.502216339111328,13.474732398986816,48.8200798034668,25.998167037963867,64.68203735351562,26.479751586914062,57.14401626586914,20.356233596801758,49.21430969238281
2021-07-15,15.852426528930664,47.44190216064453,81.79702758789062,20.806015014648438,60.165985107421875,65.76219940185547,18.811229705810547,13.422124862670898,48.04951477050781,25.437658309936523,63.55377960205078,25.744951248168945,56.40934371948242,20.324424743652344,48.73480224609375
2021-07-16,15.431870460510254,46.128684997558594,79.63301086425781,20.126792907714844,58.36549758911133,63.042911529541016,18.23843765258789,13.25678825378418,47.17266845703125,24.232572555541992,61.33841323852539,24.97431182861328,54.787986755371094,20.101778030395508,47.38726043701172
2021-07-19,14.770994186401367,44.63262176513672,77.48512268066406,19.463186264038086,55.54631423950195,58.88348388671875,17.60199737548828,12.911090850830078,45.064693450927734,23.18629264831543,58.10184097290039,23.881059646606445,52.28841781616211,19.656484603881836,45.758636474609375
2021-07-20,15.071393013000488,45.27260971069336,77.94535827636719,19.775474548339844,56.46236038208008,60.27531814575195,18.247528076171875,13.12903118133545,46.1629638671875,23.70009422302246,58.57948684692383,24.409765243530273,52.837310791015625,19.902990341186523,46.2629280090332
2021-07-21,15.832053184509277,47.392032623291016,80.60197448730469,20.563989639282227,58.58662033081055,63.831336975097656,18.88396644592285,13.414609909057617,47.89895248413086,25.39095687866211,60.745460510253906,25.476123809814453,54.813323974609375,20.101778030395508,47.751014709472656
2021-07-22,15.685933113098145,47.10111999511719,79.79448699951172,20.29074478149414,58.19966125488281,63.29228973388672,18.683942794799805,13.12903118133545,47.28781509399414,25.23214340209961,59.551300048828125,25.072877883911133,53.60576248168945,20.08587646484375,47.213653564453125
2021-07-23,15.651556968688965,46.34736633300781,79.82679748535156,20.00188446044922,57.25994110107422,62.94633483886719,18.283897399902344,13.053881645202637,47.32324981689453,24.8304443359375,59.43600082397461,25.458202362060547,53.79998779296875,19.998403549194336,47.155784606933594
2021-07-26,16.193044662475586,47.62875747680664,81.51439666748047,20.806015014648438,58.570823669433594,64.56346130371094,18.811229705810547,13.399580001831055,48.41265869140625,25.334901809692383,61.20663833618164,26.399105072021484,55.3453369140625,20.34827995300293,48.346248626708984
2021-07-27,15.952384948730469,47.17650604248047,81.2398681640625,20.251710891723633,57.43367385864258,63.19575500488281,18.76576805114746,13.339457511901855,48.129234313964844,24.531509399414062,61.38783264160156,26.14820098876953,55.37910842895508,20.093826293945312,47.808895111083984
2021-07-28,16.364946365356445,47.50312805175781,81.70013427734375,20.657678604125977,57.88379669189453,64.0244369506836,19.17490577697754,13.35448932647705,48.9617919921875,25.129383087158203,61.94784164428711,26.273651123046875,56.831573486328125,20.1176815032959,48.13129806518555
2021-07-29,16.39932632446289,47.804630279541016,82.82251739501953,20.7903995513916,58.20756530761719,63.99224853515625,19.320375442504883,13.45218563079834,49.53750228881836,25.017282485961914,61.585472106933594,26.56040382385254,57.11867904663086,20.236955642700195,48.7182731628418
2021-07-30,16.115692138671875,46.95038604736328,82.20884704589844,20.173633575439453,57.53631591796875,62.05332565307617,18.802139282226562,13.26142692565918,48.90864944458008,24.382041931152344,60.47368621826172,25.83456039428711,56.55289077758789,19.91888999938965,47.59394454956055
2021-08-02,15.711716651916504,46.380882263183594,82.0634994506836,19.900386810302734,56.55712890625,61.747615814208984,18.329355239868164,13.215644836425781,48.235511779785156,24.09244728088379,60.514854431152344,25.538850784301758,56.071563720703125,19.831424713134766,47.602210998535156
2021-08-03,16.1414737701416,47.43613052368164,82.84674072265625,20.46250343322754,58.18385314941406,64.78873443603516,18.520288467407227,13.33773136138916,49.54636001586914,24.690319061279297,62.64786148071289,25.897289276123047,58.27556610107422,19.97455406188965,48.11477279663086
2021-08-04,15.256186485290527,46.004005432128906,80.98956298828125,19.744245529174805,55.86219787597656,61.482112884521484,17.456531524658203,13.078298568725586,48.16465759277344,23.9990291595459,58.99951171875,24.75924301147461,54.977603912353516,19.791664123535156,46.990440368652344
2021-08-05,15.522629737854004,46.85824966430664,81.74049377441406,20.7903995513916,55.86219787597656,64.22557067871094,17.711103439331055,12.986736297607422,50.03349685668945,24.46611785888672,60.42426681518555,25.01911163330078,56.288230895996094,19.942750930786133,47.28805923461914
2021-08-06,15.754697799682617,47.31888198852539,82.3218765258789,21.087072372436523,56.012245178222656,64.40255737304688,18.183887481689453,13.063040733337402,50.84835433959961,24.6529541015625,60.91016387939453,25.467164993286133,56.9649658203125,19.92683982849121,47.83368682861328
2021-08-09,15.393706321716309,46.439510345458984,80.94917297363281,20.798208236694336,54.78823471069336,62.1337890625,17.902040481567383,13.001996040344238,50.6800651550293,23.924293518066406,60.127777099609375,25.08184051513672,56.53664779663086,19.688291549682617,47.28805923461914
2021-08-10,16.382137298583984,47.30213165283203,82.42684936523438,21.58673095703125,54.27493667602539,62.849822998046875,18.374814987182617,13.116454124450684,51.79605484008789,24.531509399414062,61.13251495361328,25.467164993286133,57.3076057434082,19.863231658935547,48.09823989868164
2021-08-11,16.52825164794922,47.896759033203125,83.04861450195312,21.85997772216797,54.85140609741211,63.93412399291992,18.756675720214844,13.154603958129883,52.3806266784668,25.07332992553711,61.28075408935547,25.968978881835938,57.25620651245117,19.863231658935547,48.23877716064453
2021-08-12,16.261802673339844,47.77113342285156,82.87903594970703,22.22690773010254,55.11202621459961,64.22543334960938,18.58393096923828,13.200386047363281,52.73489761352539,25.10135841369629,61.305477142333984,25.583656311035156,57.60742950439453,19.879131317138672,48.12967300415039
2021-08-13,15.367918014526367,46.8750114440918,82.32996368408203,21.86778450012207,53.69846725463867,61.2071533203125,18.30207633972168,13.131711959838867,52.389469146728516,24.09244728088379,60.852516174316406,25.404434204101562,56.75080108642578,19.743953704833984,47.64292526245117
2021-08-16,14.723289489746094,45.903507232666016,81.49018096923828,21.211984634399414,52.05592727661133,58.69866180419922,17.865665435791016,12.971475601196289,51.707481384277344,23.15827178955078,59.172454833984375,24.893661499023438,55.28599548339844,19.569021224975586,46.94636917114258
2021-08-17,14.499826431274414,45.66062927246094,81.33677673339844,21.009000778198242,52.09541702270508,58.164588928222656,17.42925262451172,12.780721664428711,51.081260681152344,22.495004653930664,58.35513687133789,24.364957809448242,54.40367889404297,19.46564483642578,46.6274528503418
2021-08-18,14.267759323120117,44.83149719238281,79.1353759765625,20.407852172851562,51.613712310791016,56.48957824707031,17.18376922607422,12.429728507995605,50.347694396972656,21.90647315979004,56.837257385253906,24.02444076538086,53.31577682495117,19.11577606201172,45.64556884765625
2021-08-19,13.752056121826172,43.918609619140625,77.16313171386719,19.783281326293945,50.745059967041016,54.927833557128906,16.501874923706055,12.124513626098633,48.51377868652344,20.635988235473633,55.26932144165039,23.692886352539062,51.602542877197266,18.996505737304688,44.25244903564453
2021-08-20,13.812219619750977,44.19499588012695,77.17132568359375,20.06433868408203,50.910884857177734,55.17059326171875,16.556425094604492,12.162667274475098,48.99686813354492,20.505203247070312,55.0024528503418,23.710805892944336,51.56828308105469,19.11577606201172,44.260841369628906
2021-08-23,14.86081314086914,45.88676071166992,79.1599349975586,21.282255172729492,53.414180755615234,58.423545837402344,17.46561622619629,12.422097206115723,50.830787658691406,21.92514991760254,57.37934875488281,24.6337890625,54.061031341552734,19.481548309326172,46.08196258544922
2021-08-24,15.385108947753906,46.406002044677734,80.06831359863281,22.273754119873047,54.053829193115234,60.04192352294922,18.229341506958008,12.574702262878418,51.85062789916992,22.775257110595703,59.15576934814453,25.287940979003906,55.87705993652344,19.592872619628906,46.459617614746094
2021-08-25,15.582796096801758,46.91687774658203,80.61660766601562,22.828062057495117,54.27493667602539,60.69736862182617,18.338449478149414,12.567071914672852,52.45000076293945,23.00879669189453,60.19828414916992,25.494047164916992,56.8278923034668,19.553115844726562,46.54353332519531
2021-08-26,15.204615592956543,46.1715087890625,79.56092834472656,22.710956573486328,53.248355865478516,59.1356315612793,17.97477149963379,12.31527328491211,51.966915130615234,22.420265197753906,58.94727325439453,25.20728874206543,56.07406997680664,19.203245162963867,45.91412353515625
2021-08-27,16.107091903686523,47.51987838745117,80.72300720214844,23.70246124267578,54.98564910888672,62.02444839477539,18.683942794799805,12.658636093139648,53.693477630615234,23.970998764038086,60.55691146850586,26.058591842651367,57.48749542236328,19.569021224975586,46.80369567871094
2021-08-30,16.038331985473633,47.0676383972168,80.51839447021484,23.249650955200195,53.216766357421875,61.72504806518555,18.329355239868164,12.467879295349121,52.71836853027344,23.587995529174805,59.689552307128906,25.341707229614258,56.55377960205078,19.529258728027344,46.2917594909668
2021-08-31,16.743127822875977,46.50650405883789,79.1926498413086,23.070083618164062,53.319419860839844,62.42093276977539,18.20633888244629,12.414466857910156,53.02253341674805,23.9990291595459,59.289222717285156,25.238203048706055,56.802188873291016,19.63262939453125,45.75467300415039
2021-09-01,16.3735408782959,45.769493103027344,78.32521057128906,22.047348022460938,52.403385162353516,60.009559631347656,17.942089080810547,12.33053207397461,51.21546173095703,23.429180145263672,57.72128677368164,25.184194564819336,54.78058624267578,19.6008243560791,45.125240325927734
2021-09-02,17.061140060424805,47.40264129638672,79.96192932128906,22.890518188476562,53.98275375366211,61.95970916748047,18.64373016357422,12.52892017364502,51.79694366455078,24.8304443359375,58.313438415527344,25.75124168395996,55.851356506347656,19.966602325439453,46.22463607788086
2021-09-03,16.906431198120117,47.10112762451172,79.78189086914062,22.773412704467773,53.69057083129883,61.142425537109375,18.379472732543945,12.467879295349121,52.101104736328125,24.213884353637695,58.063232421875,25.283205032348633,55.423038482666016,19.85527801513672,46.04839324951172
2021-09-07,16.786100387573242,46.88337707519531,79.42997741699219,22.687532424926758,53.43787384033203,60.63264846801758,18.142555236816406,12.33053207397461,52.39632034301758,23.970998764038086,57.32931137084961,25.049184799194336,56.12546920776367,19.57697296142578,45.77983856201172
2021-09-08,16.364946365356445,46.29712677001953,78.88168334960938,22.039539337158203,53.050926208496094,60.44651412963867,17.63226890563965,12.277121543884277,51.09021759033203,23.270368576049805,55.86981201171875,23.996091842651367,54.56643295288086,19.680334091186523,45.360225677490234
2021-09-09,16.27039909362793,46.54838180541992,78.56251525878906,22.211299896240234,53.18517303466797,61.22334289550781,17.60492706298828,12.193190574645996,51.21546173095703,23.42923927307129,55.66130065917969,23.9600830078125,54.42937088012695,19.518627166748047,45.393798828125
2021-09-10,16.064119338989258,46.674015045166016,78.61981201171875,22.298683166503906,53.01933670043945,60.72166061401367,17.79629135131836,12.185559272766113,50.875511169433594,23.345130920410156,55.3610725402832,24.104101181030273,54.318016052246094,19.631826400756836,45.30147933959961
2021-09-13,17.31899070739746,48.23175048828125,80.17469787597656,22.973920822143555,55.34891128540039,62.955013275146484,18.625505447387695,12.31527328491211,52.43210983276367,24.905839920043945,56.09499740600586,25.301206588745117,56.69083786010742,20.06036376953125,46.468017578125
2021-09-14,16.631391525268555,47.68737030029297,78.72620391845703,22.45755958557129,54.89878463745117,61.239532470703125,18.28835105895996,12.216078758239746,51.49278259277344,24.5600528717041,54.410308837890625,24.90517234802246,55.423038482666016,20.011850357055664,45.80501937866211
2021-09-15,17.722959518432617,49.680633544921875,80.39564514160156,24.094018936157227,59.47106170654297,66.01376342773438,18.95354461669922,12.498397827148438,53.29091262817383,26.055335998535156,55.06916427612305,26.318294525146484,56.9735221862793,20.86083984375,47.34919738769531
2021-09-16,17.61122703552246,49.605262756347656,79.64277648925781,24.078128814697266,58.41289138793945,64.79186248779297,18.762187957763672,12.33053207397461,52.870452880859375,25.541337966918945,54.84398651123047,25.976268768310547,56.07406997680664,20.545499801635742,46.84565734863281
2021-09-17,17.310401916503906,49.34563446044922,79.18448638916016,23.665042877197266,58.63399124145508,66.85530853271484,18.470596313476562,12.177928924560547,52.65575408935547,25.176856994628906,55.06082534790039,25.481218338012695,56.194000244140625,20.440385818481445,46.2917594909668
2021-09-20,16.25320816040039,47.79625701904297,77.56413269042969,22.38606071472168,56.48604965209961,64.01506042480469,17.860071182250977,11.964280128479004,51.10810470581055,23.812408447265625,53.601318359375,24.527137756347656,53.94110870361328,20.189739227294922,45.05810546875
2021-09-21,16.132883071899414,49.68901824951172,77.62140655517578,22.63232421875,57.02304458618164,64.76759338378906,17.7507266998291,12.040582656860352,51.74326705932617,23.76568031311035,53.65970230102539,24.23911476135254,54.24091720581055,19.97950553894043,45.01613998413086
2021-09-22,17.293214797973633,52.14289093017578,79.9046401977539,24.1814022064209,58.91038131713867,68.27947235107422,17.99675941467285,12.307641983032227,53.59507369995117,24.999292373657227,55.886497497558594,24.4371337890625,55.95415115356445,20.238250732421875,46.33373260498047
2021-09-23,18.51370620727539,53.35726547241211,81.88505554199219,26.056171417236328,60.702964782714844,71.09547424316406,18.96265983581543,12.582334518432617,55.285858154296875,26.130098342895508,57.22089385986328,25.9942684173584,57.53889465332031,20.594013214111328,47.90308380126953
2021-09-24,18.83171844482422,54.454383850097656,82.32698059082031,26.28654670715332,61.674285888671875,71.79137420654297,19.135791778564453,12.61285400390625,55.366363525390625,26.260940551757812,56.745506286621094,26.11127281188965,57.93292999267578,20.537412643432617,48.33110046386719
2021-09-27,19.99205207824707,55.8697624206543,84.2664794921875,27.80384063720703,64.60400390625,77.2614974975586,20.174592971801758,12.956217765808105,56.43988037109375,28.214155197143555,59.32255172729492,27.173364639282227,60.631290435791016,21.054893493652344,49.76616668701172
2021-09-28,18.642629623413086,56.782649993896484,84.58563995361328,27.907115936279297,64.54082489013672,76.85688781738281,20.402400970458984,12.887542724609375,55.92101287841797,27.94313621520996,59.13909912109375,27.821422576904297,60.9653434753418,21.087234497070312,50.28648376464844
2021-09-29,18.28163719177246,56.983646392822266,84.56110382080078,28.399641036987305,65.20417022705078,77.72273254394531,20.192819595336914,12.910433769226074,55.40214920043945,28.064624786376953,58.3468017578125,27.299379348754883,60.228660583496094,21.240861892700195,50.252933502197266
2021-09-30,18.419157028198242,56.75753402709961,83.02257537841797,28.20897674560547,63.38786697387695,76.60604095458984,19.700756072998047,12.765460968017578,55.29479217529297,27.644079208374023,58.40517807006836,26.678325653076172,60.45138168334961,20.974035263061523,49.36333465576172
2021-10-01,18.737171173095703,58.708919525146484,85.37945556640625,29.241695404052734,66.2623291015625,79.9965591430664,20.30216407775879,12.902803421020508,56.86033248901367,29.11132049560547,60.5235481262207,27.326379776000977,63.06405258178711,21.345975875854492,51.13411331176758
2021-10-04,18.960643768310547,59.87303161621094,85.69860076904297,30.790767669677734,68.2286376953125,83.65409088134766,20.976476669311523,12.925695419311523,56.377254486083984,29.72812843322754,63.14231491088867,27.794418334960938,64.2633285522461,22.106021881103516,51.79710006713867
2021-10-05,19.089570999145508,60.07402420043945,86.63155364990234,31.839378356933594,68.78141021728516,84.2852783203125,21.331851959228516,12.910433769226074,56.58301544189453,30.625301361083984,64.51007843017578,27.533403396606445,63.64655685424805,22.057512283325195,51.71316909790039
2021-10-06,18.99502944946289,60.14104080200195,85.87047576904297,30.727218627929688,68.3628921508789,84.24480438232422,20.949138641357422,12.773089408874512,56.234130859375,29.90569496154785,65.37742614746094,26.948347091674805,64.56314086914062,21.879621505737305,50.76485824584961
2021-10-07,19.5966796875,59.88978958129883,86.48423767089844,30.50478172302246,67.74694061279297,85.06208801269531,21.304521560668945,12.925695419311523,56.80665969848633,30.354280471801758,66.1363754272461,27.92043113708496,65.01715087890625,22.348588943481445,50.90752029418945
2021-10-08,20.93750762939453,62.745697021484375,88.42375183105469,31.664609909057617,71.49004364013672,88.93002319335938,21.814802169799805,13.330099105834961,58.29169464111328,31.429018020629883,68.49659729003906,28.496488571166992,67.33000946044922,22.898408889770508,52.183135986328125
2021-10-11,20.98907470703125,61.950050354003906,87.67084503173828,31.338897705078125,71.1978530883789,89.60164642333984,22.489110946655273,13.536115646362305,57.754920959472656,31.204721450805664,68.42155456542969,29.2165470123291,66.64470672607422,23.149063110351562,51.66282272338867
2021-10-12,21.26411247253418,61.481040954589844,87.6872329711914,31.180021286010742,71.1662826538086,89.01094055175781,22.315975189208984,13.688721656799316,57.915958404541016,30.849592208862305,68.91360473632812,29.59458351135254,67.60411071777344,23.391632080078125,51.3942756652832
2021-10-13,21.15237808227539,61.330299377441406,88.21099090576172,30.973487854003906,71.39527893066406,87.54631042480469,22.315975189208984,13.711615562438965,58.38114929199219,30.16737174987793,68.2797622680664,29.48656463623047,66.93596649169922,23.391632080078125,51.25160598754883
2021-10-14,22.536182403564453,61.84954071044922,89.04570007324219,31.601049423217773,71.84984588623047,88.06419372558594,22.598459243774414,14.024454116821289,59.65147018432617,29.896350860595703,68.5216293334961,30.170631408691406,67.81826782226562,23.747398376464844,52.03208541870117
2021-10-15,22.66510772705078,62.0924186706543,89.70039367675781,31.855253219604492,71.09619903564453,87.61912536621094,23.70104217529297,14.085498809814453,59.758827209472656,29.58794403076172,67.73766326904297,30.602672576904297,67.38139343261719,23.892934799194336,52.527225494384766
2021-10-18,23.14642333984375,62.39390563964844,89.65947723388672,32.188907623291016,70.85026550292969,88.41213989257812,23.70104217529297,14.09312629699707,59.400978088378906,30.77482795715332,67.44576263427734,30.746681213378906,66.92740631103516,23.68271255493164,52.50204849243164
2021-10-19,23.08626365661621,63.0806884765625,91.41075897216797,32.01413345336914,71.52459716796875,89.77156829833984,23.78306007385254,14.077869415283203,59.78565216064453,30.784170150756836,69.03871154785156,31.088712692260742,68.65776062011719,23.448225021362305,53.29092788696289
2021-10-20,23.593368530273438,63.666927337646484,92.60557556152344,32.498722076416016,73.85689544677734,89.9415054321289,24.111099243164062,14.230470657348633,60.1255989074707,31.176687240600586,69.48905944824219,31.268728256225586,69.4201431274414,23.577598571777344,53.58465576171875
2021-10-21,23.268592834472656,62.469295501708984,91.44351196289062,31.537498474121094,72.11162567138672,88.14509582519531,23.099639892578125,13.375885009765625,59.964569091796875,30.65334129333496,68.99701690673828,30.872682571411133,70.24250030517578,23.06011962890625,52.611148834228516
2021-10-22,23.84578514099121,63.415672302246094,92.31097412109375,32.12535095214844,72.98428344726562,88.46878051757812,23.591697692871094,13.482705116271973,60.40291976928711,31.709388732910156,69.13043975830078,30.52165412902832,69.3773193359375,23.16523551940918,52.972015380859375
2021-10-25,24.310983657836914,64.08566284179688,93.17024993896484,32.30012512207031,74.60262298583984,88.53351593017578,23.892404556274414,13.620052337646484,61.011253356933594,32.91496658325195,69.83100128173828,30.92669105529785,70.83357238769531,23.286518096923828,54.004268646240234
2021-10-26,24.25067901611328,64.5127944946289,93.37483978271484,32.97535705566406,75.36419677734375,90.37847137451172,23.837732315063477,13.444554328918457,61.25278854370117,33.04578399658203,68.57167053222656,30.836687088012695,70.13970184326172,23.116722106933594,55.25471496582031
2021-10-27,23.173826217651367,62.70977783203125,91.71356964111328,31.46600914001465,73.809326171875,87.05270385742188,22.890050888061523,13.200386047363281,59.177330017089844,31.120616912841797,64.51007843017578,29.288555145263672,67.38997650146484,22.88223648071289,53.81962966918945
2021-10-28,23.328895568847656,63.31639099121094,92.57286071777344,32.17301940917969,74.42015838623047,88.20983123779297,23.3365535736084,13.238534927368164,59.64251708984375,31.615922927856445,64.0096664428711,29.97260856628418,67.21009063720703,22.979265213012695,53.9706916809082
2021-10-29,22.579404830932617,62.76032257080078,93.69398498535156,31.839378356933594,73.34918975830078,86.73713684082031,22.771595001220703,12.982758522033691,58.98051452636719,31.335559844970703,62.366695404052734,29.036529541015625,66.24211120605469,22.712440490722656,54.1049690246582
2021-11-01,23.40643310546875,62.844581604003906,93.72673034667969,33.356666564941406,74.14250183105469,90.31375122070312,23.309221267700195,13.215285301208496,60.17034149169922,32.53179168701172,65.1689224243164,29.97260856628418,66.8331527709961,23.0762939453125,55.0784912109375
2021-11-02,23.50980567932129,61.53023147583008,93.15388488769531,33.34872817993164,73.63478088378906,92.6118392944336,23.126968383789062,13.145524978637695,57.82650375366211,32.111244201660156,64.67686462402344,29.88260841369629,64.98289489746094,22.955005645751953,54.39869689941406
2021-11-03,23.802705764770508,61.285884857177734,92.48283386230469,33.340782165527344,72.15130615234375,90.47557067871094,22.525556564331055,13.060267448425293,56.96769332885742,31.634614944458008,65.83615112304688,29.684585571289062,65.00000762939453,22.88223648071289,53.651790618896484
2021-11-04,25.051856994628906,61.76612854003906,92.89201354980469,33.650596618652344,72.11162567138672,91.24431610107422,22.343313217163086,12.982758522033691,56.8692741394043,31.54115867614746,64.11808776855469,29.837602615356445,65.40263366699219,22.866069793701172,54.05461883544922
2021-11-05,25.75827407836914,63.56917190551758,93.89857482910156,34.619754791259766,75.45939636230469,92.07778930664062,22.49822425842285,13.137775421142578,58.87316131591797,31.232757568359375,64.86035919189453,30.16162872314453,66.74752044677734,23.092466354370117,54.56654739379883
2021-11-08,26.412996292114258,63.97356414794922,94.23411560058594,35.048728942871094,76.94286346435547,93.63142395019531,22.890050888061523,13.052515029907227,58.747920989990234,32.04582595825195,65.0438232421875,30.872682571411133,66.6275863647461,23.02777862548828,55.15400695800781
2021-11-09,25.85303497314453,63.821929931640625,94.92969512939453,34.945457458496094,77.03807067871094,91.82720947265625,22.85360336303711,13.037013053894043,60.05403518676758,31.531814575195312,66.0279769897461,30.728679656982422,67.03019714355469,23.068208694458008,55.69110870361328
2021-11-10,24.75033187866211,61.50496292114258,93.415771484375,33.62675857543945,74.80094146728516,87.08916473388672,21.714569091796875,12.94400405883789,58.61373519897461,29.737478256225586,64.66019439697266,29.45956802368164,65.83949279785156,22.760955810546875,54.593963623046875
2021-11-11,25.336143493652344,60.78038787841797,93.4239501953125,33.93658447265625,75.30071258544922,88.39761352539062,21.614334106445312,13.013758659362793,59.04315185546875,30.017839431762695,64.94374084472656,29.50457191467285,66.14787292480469,23.359289169311523,54.69601821899414
2021-11-12,25.370601654052734,60.96573257446289,93.4812240600586,33.82535934448242,75.23724365234375,89.35660552978516,21.477645874023438,12.928500175476074,58.864219665527344,29.9804630279541,64.61013793945312,29.48656463623047,65.59965515136719,23.157146453857422,54.279273986816406
2021-11-15,25.508440017700195,61.269046783447266,95.60076141357422,34.30199432373047,73.93623352050781,90.34809875488281,21.32274055480957,13.068016052246094,59.150508880615234,29.887004852294922,65.81110382080078,29.450563430786133,66.2592544555664,23.13289451599121,54.7470588684082
2021-11-16,25.517061233520508,61.201656341552734,95.97722625732422,34.50059127807617,72.90493774414062,89.54352569580078,21.51409912109375,12.913000106811523,58.51872634887695,29.756162643432617,64.96726989746094,29.603578567504883,66.76463317871094,22.817550659179688,55.29988098144531
2021-11-17,23.828550338745117,60.63715362548828,95.5467529296875,33.59498596191406,71.46112060546875,87.1541748046875,20.930910110473633,12.796734809875488,57.3815803527832,28.746854782104492,63.01800537109375,28.85651397705078,63.71963882446289,22.809465408325195,54.69601821899414
2021-11-18,23.759634017944336,61.269046783447266,94.74375915527344,34.413211822509766,71.09619903564453,87.73931884765625,20.739561080932617,12.618464469909668,56.58738327026367,28.63470458984375,62.1994743347168,28.676498413085938,63.2945556640625,22.61540985107422,54.10066604614258
2021-11-19,22.398494720458984,58.648773193359375,92.64111328125,32.2524528503418,67.97059631347656,83.03378295898438,20.08346939086914,12.525450706481934,54.403297424316406,27.214181900024414,58.76504135131836,27.0473575592041,59.91987991333008,22.17070960998535,51.60018539428711
2021-11-22,22.855079650878906,60.569732666015625,94.2967529296875,32.681434631347656,68.78766632080078,85.71570587158203,20.311279296875,12.486701011657715,55.67583465576172,28.045940399169922,60.91684341430664,27.308378219604492,61.29056930541992,22.316247940063477,52.31460189819336
2021-11-23,24.52635383605957,62.162139892578125,96.27523803710938,34.50853729248047,72.79388427734375,89.55166625976562,20.930910110473633,12.657219886779785,57.62525939941406,29.830930709838867,62.300750732421875,28.0644474029541,62.93886184692383,22.704355239868164,53.69243240356445
2021-11-24,24.646957397460938,63.04680633544922,97.0119857788086,35.819297790527344,73.81723022460938,92.81058502197266,21.158721923828125,12.804487228393555,58.25701904296875,29.9150390625,62.334495544433594,28.271461486816406,63.285884857177734,23.084379196166992,53.99009704589844
2021-11-26,22.60525131225586,60.22430419921875,94.79344940185547,33.92068099975586,69.35092163085938,87.3492202758789,19.728092193603516,12.6029634475708,55.36898422241211,27.756227493286133,58.43596267700195,26.732332229614258,59.00031280517578,22.833724975585938,52.09347915649414
2021-11-29,23.113523483276367,60.7888069152832,95.07487487792969,34.88984680175781,70.12042999267578,89.34036254882812,20.274831771850586,12.40919017791748,55.75705337524414,28.09266471862793,58.95070266723633,26.687328338623047,59.13911056518555,22.647750854492188,52.38265609741211
2021-11-30,22.20035743713379,59.08687210083008,93.43582153320312,33.41227722167969,69.01773834228516,86.73970031738281,19.673419952392578,11.982892036437988,54.917728424072266,27.70949363708496,58.36844253540039,25.923540115356445,58.072052001953125,21.66131591796875,50.89426803588867
2021-12-01,21.752384185791016,58.3033332824707,92.79839324951172,32.44310760498047,67.70877075195312,83.70833587646484,19.272480010986328,11.835625648498535,54.97188186645508,27.055313110351562,57.9465217590332,25.65237045288086,58.393035888671875,21.540029525756836,50.85173797607422
2021-12-02,22.553558349609375,60.03894805908203,95.31497955322266,33.038909912109375,68.6686782836914,86.49589538574219,20.065250396728516,12.192163467407227,57.15595245361328,27.70949363708496,60.23333740234375,26.502029418945312,61.74167251586914,22.033248901367188,52.118995666503906
2021-12-03,22.03667640686035,59.91256332397461,94.7106704711914,33.18190002441406,68.21648406982422,86.14642333984375,20.04702377319336,12.083654403686523,55.657779693603516,27.25156021118164,59.068817138671875,26.429716110229492,60.4751091003418,21.920045852661133,51.78730010986328
2021-12-06,22.269271850585938,61.34486389160156,96.19245147705078,33.650596618652344,69.46990966796875,87.95875549316406,20.57553482055664,12.230920791625977,56.731773376464844,27.88706398010254,59.97174072265625,27.125709533691406,61.08237075805664,22.089853286743164,52.3741455078125
2021-12-07,23.16521453857422,62.82772445678711,97.6163101196289,35.8431282043457,71.84192657470703,93.94022369384766,21.32274055480957,12.579710960388184,57.96820831298828,29.083288192749023,61.161563873291016,27.803627014160156,62.140750885009766,22.445613861083984,52.96099090576172
2021-12-08,22.941226959228516,62.44017028808594,98.05503845214844,35.67630386352539,71.46112060546875,92.34733581542969,21.719890594482422,12.5874605178833,57.814781188964844,28.756196975708008,60.62993240356445,28.074796676635742,61.351295471191406,22.348588943481445,53.11408615112305
2021-12-09,22.42433738708496,61.12582015991211,97.79843139648438,34.259605407714844,70.50914001464844,89.66542053222656,21.44599151611328,12.40919017791748,57.164974212646484,28.270071029663086,61.00967025756836,27.67708396911621,60.99560546875,21.84794044494629,53.25016784667969
2021-12-10,22.975685119628906,61.91778564453125,97.9639663696289,35.15010070800781,71.143798828125,90.35623931884766,21.84770965576172,12.525450706481934,57.48085021972656,28.765544891357422,61.19532775878906,28.01152229309082,61.464073181152344,21.86435317993164,53.590362548828125
2021-12-13,21.778230667114258,59.83671951293945,95.92755889892578,33.23959732055664,69.8348388671875,86.64218139648438,20.733867645263672,12.347184181213379,55.78414535522461,27.32585906982422,58.76504135131836,26.9630126953125,59.1824836730957,21.536062240600586,52.41667175292969
2021-12-14,21.49394416809082,59.55027770996094,96.2090072631836,32.656734466552734,69.24227142333984,84.57791137695312,20.52387809753418,12.261922836303711,56.36174392700195,26.867782592773438,59.684837341308594,26.81838607788086,59.15646743774414,21.240596771240234,52.34012222290039
2021-12-15,21.6231632232666,59.5755500793457,95.66263580322266,32.365299224853516,68.84451293945312,84.31784057617188,20.332157135009766,12.300678253173828,56.388816833496094,26.662111282348633,59.50762939453125,26.49299430847168,59.199825286865234,21.32266616821289,52.1104850769043
2021-12-16,21.356109619140625,60.40964889526367,96.55668640136719,32.67292022705078,69.96472930908203,85.5775375366211,20.596920013427734,12.292925834655762,56.650543212890625,26.531232833862305,59.87892532348633,26.84550666809082,59.642276763916016,21.45398712158203,52.19554138183594
2021-12-17,21.002897262573242,57.80622863769531,94.04013061523438,31.733858108520508,68.18698120117188,83.24508666992188,20.18607521057129,12.09140396118164,56.36174392700195,26.2133846282959,60.587745666503906,26.185667037963867,59.590213775634766,21.166730880737305,51.05585479736328
2021-12-20,20.62384605407715,57.79780960083008,94.08152770996094,30.972883224487305,67.84605407714844,80.55503845214844,19.90304946899414,11.812370300292969,54.97188186645508,25.222434997558594,58.587852478027344,25.733726501464844,59.590213775634766,20.80560874938965,50.315921783447266
2021-12-21,21.829910278320312,59.55027770996094,95.58814239501953,33.441978454589844,70.0946044921875,85.2524642944336,20.68821907043457,12.137907981872559,57.237178802490234,26.736907958984375,60.87464904785156,26.619531631469727,61.871803283691406,21.060035705566406,51.455596923828125
2021-12-22,22.252044677734375,59.88728713989258,96.1344985961914,34.235321044921875,70.80082702636719,85.89450073242188,20.752126693725586,12.06814956665039,56.94837188720703,27.03605842590332,60.435855865478516,26.66472625732422,61.854454040527344,21.07645034790039,51.87235641479492
2021-12-23,22.45879554748535,59.9799690246582,96.3663101196289,34.041038513183594,70.76836395263672,86.09767150878906,20.733867645263672,12.122407913208008,56.894229888916016,26.97061538696289,60.67212677001953,26.727998733520508,62.22749710083008,21.215978622436523,51.89786911010742
2021-12-27,24.095613479614258,61.6818962097168,98.33651733398438,36.11344909667969,73.69065856933594,90.32371520996094,21.15383529663086,12.261922836303711,57.83283233642578,27.709152221679688,61.42314147949219,26.9720516204834,63.44202423095703,21.55247688293457,52.63780212402344
2021-12-28,24.061153411865234,61.6060791015625,98.1461181640625,36.0244026184082,73.23606872558594,89.52727508544922,21.044275283813477,12.292925834655762,58.094566345214844,27.55957794189453,62.38511276245117,27.216096878051758,64.63053131103516,21.470401763916016,52.46769332885742
2021-12-29,24.043922424316406,61.43754577636719,97.64112854003906,35.78153991699219,72.93571472167969,88.34883880615234,20.943851470947266,12.269673347473145,57.715511322021484,27.35390853881836,61.47376251220703,26.80031394958496,64.76066589355469,21.371915817260742,52.0084342956543
2021-12-30,23.311668395996094,60.898319244384766,97.21066284179688,35.35248565673828,72.39186096191406,87.21106719970703,20.779516220092773,12.246420860290527,57.24620056152344,27.082796096801758,61.13625717163086,26.953975677490234,64.43968963623047,21.27342414855957,51.70225143432617
2021-12-31,23.16521453857422,60.982818603515625,97.14443969726562,35.66011428833008,72.10774230957031,87.64994049072266,20.87994384765625,12.292925834655762,57.75161361694336,27.101499557495117,61.144676208496094,27.07147979736328,65.15973663330078,21.371915817260742,52.042449951171875
