,APA,COP,CVX,DVN,EOG,FANG,HAL,KMI,MPC,OXY,PSX,SLB,VLO,WMB,XOM
2017-03-31,-0.35215080863301773,0.1371976758738015,-0.6430011109618152,0.6171299625638096,0.5859423944245141,0.5827040495849746,0.053124073050491216,1.0111670891544327,0.08763596949799524,-1.1605922010461942,0.6273069155193314,0.38586562014696923,-0.272992605669367,0.1850043974364085,-2.2637267984321268
2017-04-03,-0.19033844035825415,-0.41718166686788977,0.4904092443395813,0.5612558131999568,-0.296866540873953,0.17982229042735084,0.18535175695606187,-0.6576475329204226,-0.4040829235327542,0.7295380580796373,-0.615915551159147,-0.2992001128233045,0.6569476680868982,-0.021521804405350453,0.29759756445229424
2017-04-04,0.5237906788495373,-0.5560738000546737,0.4202825008495015,-0.23211359635816198,0.08799488142329592,0.49001408459574247,-0.15723803833424388,-0.4546050502495005,0.35760563005244506,-0.2293977966012699,0.005016895273442623,0.07307842630611983,-0.2575175364146036,-0.059808145934158646,-0.05417201586267584
2017-04-05,0.3548917759912725,-0.23423703885030267,0.5010117744184948,-0.5373992384977022,0.13276812877487826,-1.3456307283239726,0.9985560772406434,-0.2741041182987525,-0.4352350560616707,-0.2776519070762546,-0.1928731532757727,0.7636261645306192,-0.032139389032603494,-0.5121608855975763,0.8265164088721968
2017-04-06,1.073454405634742,-0.10319001887124657,-0.016645824555243216,0.9012884240803497,-0.5251015304547075,-0.002728039128075066,-0.3005551919235898,0.324967074902463,0.4558564932727561,-0.9374864332766764,-0.9808738571161344,-0.21517462381570862,0.46669670558147647,0.31097061338472853,0.1530649678541508
2017-04-07,0.21826348103479062,0.14422607729788134,-0.08422668478929146,0.03983285041296092,-0.06956087757687579,0.17775819048961244,-0.3646540683242774,-0.5707180671743803,0.0016221208622928251,0.09982972487809089,0.24479039810343445,-0.1084207937016409,0.12503299842262627,0.4008307784904317,0.02056285034375166
2017-04-10,1.0037570784010432,-0.41531966614906546,-0.049759545580510434,-0.23866912604017254,-0.038923188593760316,-0.6408759478761361,-0.23377538271066284,0.08822671350001621,-0.152445521029941,0.8645571056109305,0.9089928373848963,-0.23344537652374742,-0.26317247566782975,-0.020842900009049703,-0.4945891315982448
2017-04-11,0.059973095727595994,-0.2234211802095517,-0.32417404573392616,-0.6422970719184325,-0.4561874360265383,0.6779738035340107,0.12306171974957467,-0.5276147627340749,0.2649468155144088,1.208273165123656,-0.39991158342794414,1.0895137985293586,-0.016801269129158414,-0.09262754404589685,-0.7728102544854691
2017-04-12,0.09603095635955704,-0.6946180703542774,0.26665354222353105,-0.5897156813344524,-0.0723829452255848,0.2719478021672652,-0.5542658733613164,0.4267093582032723,-0.20761637979029346,0.3456345836289426,0.041773462410797935,0.32782958261052797,-0.005778200009221912,0.07429009100080272,0.3711613694668374
2017-04-13,-0.35397303429959437,0.5178325109613025,-1.5102550738772185,0.07033726123354955,0.25741600109709495,0.7137297302256155,0.19837778811751172,0.22911589166850166,-0.0139639850497284,0.14621068112618585,0.29804387378061903,-0.2765341162254382,-0.08045300688173013,0.13369292499611152,-0.3930982753869463
2017-04-17,0.2789722507288209,0.29026367445685636,-0.1259785979139137,0.30583601211757333,-0.0708854452733215,-0.23962247233308878,0.36938255933229747,-0.43200930722838665,0.2822083805806326,-0.15269648460229823,-0.06484228972313055,-0.08337177819565533,-0.021059749801611072,-0.08852488707376277,-0.23236533685851457
2017-04-18,-1.789870127501102,0.5562148378775574,0.2916693468737806,0.24206799818391767,0.3173597253619487,-0.4220637853910999,0.48538387686890644,-0.16504899532427542,-0.5295522901262918,-0.9153428082476055,-0.12876950936416764,0.8165938950019891,-0.22291949606449601,0.5280315052142595,0.42288995056899115
2017-04-19,-0.20440938177765566,0.26561417250202046,-0.17579055974527336,-0.34234788144133943,0.16919203687098072,-0.22056782632689798,-0.20627500287243206,0.4577032436515249,-0.08268481884564371,0.10261025225772591,0.42788302110494114,-0.569721544544814,-0.1643498030653947,0.31853154896164615,0.28244440222691214
2017-04-20,-0.008378112987179068,-0.2736589874127346,0.6779454605472567,0.5525207528918985,-0.1265062284851634,-0.21511655591183168,0.2954854272172347,-1.1499383335168403,0.0291250884332227,-0.2455889270916485,0.04933936131469119,-0.20050233326298908,0.025566319201068,0.246176025182342,0.38000668081346056
2017-04-21,0.6826496446483458,0.06496958208062453,0.5607414648240667,0.5801768698437648,0.6959936521206158,0.9238800334349005,-0.4621865346891822,-1.4555922937118635,-0.16213687051883038,0.2365009372672338,0.6093196217302543,-2.036914164460646,0.7382043941976654,0.012701788189586893,-0.4010943217383451
2017-04-24,-0.11244985873310079,0.4126757558720989,0.6892345105281537,-0.08056971335265584,-0.19933300764532577,-0.13582244665223342,-0.9535770005572315,1.2139569555871397,0.7297982389009974,0.12137098851301309,0.055782493270800426,-1.60961564620073,-0.0952881911655159,-0.4506839950979229,0.6244208937359714
2017-04-25,1.000479155678345,-0.20759257146931542,-0.23191649620291221,-0.1780692147144307,0.1349380350069711,-0.09262992546071946,-0.5026324624945725,0.034031708968430996,-0.40711736824383715,-0.2011151257306817,1.091169367140417,-0.650257523705011,-0.17836821743536868,0.570194244702465,0.18240876457586197
2017-04-26,0.018082657937512153,-0.388468771540786,-0.3537757054495525,0.2494257835510864,-0.43160170990607327,-0.21892400058297298,0.3347107761816398,0.27240891723634963,-0.24687457430953724,0.2575097969497246,0.7014798422251085,0.5000669895716152,-0.5601529013159348,-0.24764339024898288,-0.21940364414023705
2017-04-27,-0.7052320330642989,0.8162742472495625,0.1800778256815072,-0.4601150741315069,0.1220173490135883,-0.5139851504467419,-0.19470486433640743,-0.15053680665543712,1.5886800388476656,-0.022884447380377315,-0.3223775892489193,-1.0015092293065349,-0.5250913133489441,0.025170508540294845,1.0898421065800843
2017-04-28,0.33580024439732387,-0.18776403538915248,1.2445613599035017,0.05544033967235715,-0.6052595663544229,-0.4637726786227315,-0.7606984567885033,0.13635120904189232,-0.26383431353105624,-0.26028819155662586,2.0263977410761598,-0.4329787832853411,-1.149227503717397,-0.20523809062594667,0.3126297483913347
2017-05-01,0.42793168978296864,-0.25300885044930416,-0.6196187938629255,0.07409592415661174,-0.04123264861937945,-0.2165559314253653,0.2148158914053741,-0.14633960528369516,0.053897822823870345,-0.7009561352592673,0.31335349544581315,0.01185033466077795,-0.044418954702533986,0.2552864973685247,0.906758467203337
2017-05-02,0.3794984941147539,-0.49725980709356815,0.07837965498929,0.09946705765500807,0.5429687256752652,0.24717755427708965,-0.0011278585995398993,0.22575164886488625,0.6212419278315875,-0.5607333330794477,-0.40093357252553646,-0.5415419062763808,-0.21610596332656404,-0.6199195589400438,0.4661988051232878
2017-05-03,0.21464053657717647,0.10149471027030743,1.0673074315935638,-1.204861466577913,-0.41775000901992665,0.6220031097665276,-0.21434967757669557,-0.9818184824951515,-0.5125351756762025,-0.07437514999242273,0.24289706334163394,-0.025235715583226126,0.5172955986309756,0.512141229652578,0.6779871713824139
2017-05-04,0.5184606241680014,-0.04479685228608132,0.23152355976378813,0.5292169284788799,-0.3957014255616489,-0.518052108514439,1.3813587139906192,-0.04229505844111525,-0.5684015329770487,-1.4029877980766408,-0.15375573599370784,1.1880837811349765,0.39780602561270206,-0.9981029683674882,-0.2025121833912109
2017-05-05,0.4619690139605501,-0.530517512763395,-0.8704239080924587,-0.4300113995803927,-0.06515953009782205,0.48007221099633535,-0.059809704221477134,0.09667040928765758,-0.18348756584260806,2.018764824743048,-0.12425191839373007,-0.0778038215650001,0.21684259727790023,0.1552614773994847,-1.0193212618585323
2017-05-08,0.9581702113795547,-0.142605934682632,0.36898070812027084,-0.31313160793517464,0.057528403562309816,-0.16164451040589606,-0.7389961263708718,-0.6571157889723365,0.2092079762979967,-0.23372477518138268,-0.31722844843629905,-0.018835474525388585,0.5552602256011372,0.3027368734771874,0.7095895038962844
2017-05-09,0.8356092416094211,-0.13331585658805511,-1.0375630076325806,0.3482646405798709,0.6922491118976816,0.014580517790359848,0.09474791915410519,-0.5098906870671858,0.052649865551032494,-0.2716069134736673,0.08206587317440765,0.7967452770274135,0.43739992477558803,-1.1223507464590536,-0.08228511229296209
2017-05-10,-0.3803401713440566,0.5446458776960448,0.11831331476793627,-0.4994559884690777,0.7561700582426754,-0.1474013546972639,0.13339419721156154,0.08021293393317253,0.41773061312523574,0.6143571465396087,-0.6862489767917126,-0.657523895746268,-0.08096260846957878,0.21384805436772103,-0.6115385342293113
2017-05-11,0.57388993189153,-0.41483060938398214,0.11140272273240542,-0.39788771047261545,0.15639826154958134,-0.06887548926292691,0.41248057617183953,0.12459396480977919,0.5275536603319562,0.024237195002765027,-0.1617691351324985,-0.7428921524828869,-0.20158275770443274,-0.5373026730363474,0.6051201468388672
2017-05-12,0.6056712242624851,-0.1514947776646171,-0.08135102187814995,0.12596002289522457,0.5513910355960515,0.32032848469635655,-0.5106514942725281,-0.6513493506379805,0.10869505865302517,-0.021995004363812076,0.37505554576025785,-0.7927081032631703,0.023619173370009475,-0.006419996007414691,0.21422293009583318
2017-05-15,-1.1764578108813142,-0.038241620273464894,0.22821073006484505,-0.24943302864322825,-0.7543942327282612,-0.08148237224516797,1.8744058697182937,-0.6343213725048739,0.2824728122564423,-0.09112978118712167,-0.1582715862623128,0.9315528558183834,-0.5180455836179385,0.2592524505655198,-0.24091781085216657
2017-05-16,-0.13854234020982503,-0.14037239635840149,0.7852274931502545,-0.07241397439190192,-0.45028416051942854,0.5976691052132203,0.9685016646676737,0.0887917298412364,0.291382914091158,-0.7041623934269393,-0.31176072083364426,-0.5603854458635307,-0.2646684529442669,-0.2241930233385265,-0.11518696073806534
2017-05-17,-0.41294537805018344,-0.017860356252002108,-0.48132282390118497,0.12003119100735582,0.24839017328107416,-0.13124417744880446,0.35262739847802255,-0.26877352241925057,0.39412264016517484,0.5756607573341574,-0.2009223410685479,0.37895544239733653,-0.19443529777233937,-0.5209944406346909,-0.025082027072735102
2017-05-18,-0.3163306499659991,0.1209214979834867,0.6333468283571794,-0.4904787963585098,-0.8635079372227914,0.017953589967862435,0.7165651163819377,0.0019855485671295137,-0.021522975751290918,0.17295325920098203,-0.015840597230654258,0.888708698956491,-0.1568653030721352,-0.4697901231034045,-0.2835638592248055
2017-05-19,0.23171633941968062,0.553480419959598,0.2787538657684816,0.9440501588603853,0.3014085385500276,-0.5912700574911205,0.972820352032467,-0.6904087218824477,0.19855334652493928,-0.7023712174008703,0.07699471872587649,-0.5764673863545386,-0.00603614500296118,-0.5893127538245888,-0.4327582087869068
2017-05-22,-0.9164276857731255,-0.6685065393148389,-0.0416489992215634,0.03511194922757249,-0.16071096775198845,-0.1180507155321201,-0.46245271610856437,0.3175348905931752,0.05343024107253863,0.21407525781576894,0.20453665125361076,0.7956276083229714,-0.33616514848010076,0.4600266749502328,0.4818316446618582
2017-05-23,-0.18832614973179312,-0.2451619800509805,0.043044828050049416,-0.4265885773405235,-0.5693873184643304,-1.0233758960584856,0.6710607140630094,0.03536753178804897,-0.024889192439512202,1.2304531005463517,-0.6225280504759462,0.284292740519151,0.43881238612760803,0.3084809379372029,0.43545169854727295
2017-05-24,0.19563172105881532,0.13055795071439785,0.3409471637484055,-0.4789375955993661,0.5158806281507105,-0.3155800333926185,0.657621527984817,-0.24355373216789017,0.1817083121422202,-0.1206082902405467,0.36766117274127097,-0.5016960585233032,-0.3505600834461968,-0.27365454373706977,-0.25517146240361693
2017-05-25,-1.1670866984749189,-1.060566044101999,0.40172981319711076,-0.27692120260117337,0.40333379447885664,1.732389479633082,-1.8319443246269884,1.738743845791082,-0.007078001176066828,0.8639122887030487,-0.2989698767314726,-1.1124684782642038,-0.48518229997281526,0.4248211846234511,-0.08411181591982442
2017-05-26,0.39423353742674516,0.3406351346156986,-0.49701498936143285,0.06240337220794409,0.034106100477875045,-0.8201341049454998,0.46295383015666536,-0.7391723456698518,0.6927349013902813,0.38413423606420716,0.30311269092868115,1.0026420970775887,-0.5894959474979589,-0.776297122695508,-0.32026597978827015
2017-05-30,0.773092180226648,0.23365817606641304,0.8332115556231363,-0.23265685269673542,0.3604077683339937,-0.7412227372262918,0.8482636922120814,-2.6040028471034407,0.5411578044123347,0.251025963631911,0.3732891369058088,0.47240556490716457,0.08303765762582493,-1.0379576298171664,-0.057625190891933964
2017-05-31,-1.0546496107847176,0.548298692614043,-0.2964344523452575,-0.5776790195104672,0.7898539324259232,-0.7032529148102792,-0.014058156128594318,2.2393329383702,0.16473323027714837,-1.1312395842736258,-0.378912962015858,1.2133745364502557,-0.0038041469151873786,-0.43528721411353466,-0.14199148338786738
2017-06-01,0.08022285361418502,-0.2672099399242952,0.18907279098937635,-0.1912324457590986,-0.672458890000313,-0.10570099850288839,-0.06764254967777816,0.48424430544899166,0.1396749475874799,1.3850755922918803,-0.45302201023437505,-0.07318128794774126,-0.05579942263984883,-0.2854832426037851,-0.16725593637385533
2017-06-02,0.20789358608421998,0.5172358221755272,-0.3656972112114999,-0.9333428238922227,0.2511809853083814,-0.5755024507804644,0.26540620017223776,0.5799251096450445,-0.4213351295134492,1.1483755516588003,0.16382454746984787,-0.610672177626398,0.010189865902013283,0.47030453702525343,-0.7347887013054029
2017-06-05,-0.23031492140886628,-0.41312861704139275,0.13847231498875523,0.0030888214253957345,-0.36364612569380755,-0.733933245919126,0.5445959680736113,0.11195620557744872,-0.25272431038247356,-0.901907258809001,0.36272038082751595,0.7911182530554558,0.16277523446099185,0.2500953655691701,0.9067478085681573
2017-06-06,0.6182588613226352,-0.9853755195350264,-0.19659867012436338,0.31047743719030385,0.3116233508448165,0.2627503466058523,0.04690597008768038,-1.481659445458599,-0.15983709613870267,1.016040824619305,-0.4134918569511138,0.2679150718433795,0.02020652327317661,-0.33672921875756057,0.4428358156139083
2017-06-07,-0.000384524977833145,-0.05252678544284395,1.101072172137927,-1.426970513642737,-0.6733296541132705,-0.8768407026833618,-0.524414082072072,1.101727799533209,0.21095605040257592,0.22870251873262926,0.20184388876364956,0.04398878470611156,-0.2219443564986864,1.1166682917497721,0.11586478001374356
2017-06-08,0.5468076470262678,0.1594423170876076,0.6774048606455341,-0.39058912265133683,0.19291377997480874,-0.4137878443878769,-0.0853558553017148,0.5146665933023296,-0.16054685037076133,-1.914143394850034,0.18134715193973072,-0.15626537134279728,0.4838458020979106,0.5236855991106797,0.17342226964727492
2017-06-09,-0.04319127834048553,0.043570667308356015,0.40787336005159425,-0.16001760331007997,-0.3164222434112993,-0.7171027294689754,-0.15551584621041092,-0.013081417795749006,-1.1407543190714426,0.7933231910563889,0.1956588649247082,1.2347889544951118,0.9158166374091632,-0.4161443390052664,-0.11476411434297606
2017-06-12,-0.14525471324666564,0.005287958258284764,1.1774175373496774,-0.014024415630632281,-0.4814295472708628,0.06658356163261558,0.20738696573636684,0.29732503831298773,-0.8546228323389459,-0.7560519999911461,0.1123946113505726,-0.2135955715657291,0.7381745548724039,0.21019664294996557,-0.1058139134457774
2017-06-13,0.21468908609653647,0.4287226584836846,-0.6019503067065457,0.6463962372584735,-0.20021989553370656,0.32159397485703767,0.8665072509457581,-0.12405793085830663,-0.03959331616080075,-0.45127747201829255,-0.018456245472345367,-0.430234677687139,0.41944916783568453,-0.7120155212337724,-0.300605991192232
2017-06-14,-0.09550716819894944,-0.06249108935562653,0.1480196431378844,-0.11924430898415661,0.46736708964678697,0.15211891024081625,-0.28581218634687966,0.3830555144414216,0.014132114908514293,0.7340379781238284,-0.32707420341072124,-0.41644581659611335,-0.10562688483331684,-0.46576952651070624,-0.19107855272779806
2017-06-15,1.0406355398056208,0.01163855976472658,0.1676504716647086,0.06314637244690158,-0.5216113918059473,-0.9732184155441965,0.07434955092682727,0.5651577383201211,-0.10036571711784914,-0.32537999394411443,0.43062046874406334,0.025887138965707157,-0.09118979682088801,-0.07530608543184769,-0.1428746154628625
2017-06-16,0.5692403716406829,-0.31864806971403814,0.2460817625925189,-1.0427934626580524,-0.2382308416670238,-2.090026490058388,-0.7277812944288458,0.874106562884702,-0.7365618940956427,1.2113370517314326,0.6138535948317503,1.0388332545132997,-0.01739239652799207,1.044978083278552,0.04364337097484228
2017-06-19,0.6490188524392368,0.4734866199208386,-0.6600772332165687,-0.17356302373183607,-0.09025479858319974,0.8647545196677259,0.1449138903555785,-0.4803340294178788,-0.07406736593015562,0.48850171511552404,-0.03315995083228657,-0.04746952139960736,0.2125356987721163,-0.7430842925993225,-0.6607505907395962
2017-06-20,-1.2314952628584859,0.10632837546291685,0.23815825259041346,0.9170481576689665,0.9371791959122849,1.8012402899962954,-0.14333697892620567,-1.3977151229090496,-0.391216098195466,-0.18237100210748114,-0.5258567544451163,-1.0475671424835122,0.5435991348195337,-0.16120892433822653,0.26332614752842365
2017-06-21,-1.0495097245381764,0.22942250205475645,-0.5375823209533686,-0.08825934763461007,0.787356122178939,1.0871975415612662,-0.6851434596034864,1.1120080316338925,-0.4866795044557366,0.38110333031048926,0.4840349866133805,-0.5944822423544505,-0.24503187831003137,-0.4105143307620369,-0.0031767277773135927
2017-06-22,-0.07185392223272008,-0.028904339812430152,0.05416936970899861,-0.13470768096178876,0.48871536093862333,-0.4757151970307495,-0.5665939695189708,0.36107657882884425,-0.9216398676170483,0.44892972434622364,0.1643044646118919,-0.06100846779876669,0.34147286595382514,0.6509108959254623,-0.2773801223072753
2017-06-23,-0.15774053793325826,-0.27052425274624065,-0.15124716532028948,0.2807534695374705,-0.5334812603083912,0.7878440502903172,-0.9484678184189903,0.43816250307965854,-1.001670235170287,-0.8018844451446012,0.5851813774505996,0.5938717889307285,0.19364765021301933,0.700862309684183,0.4600786946340164
2017-06-26,0.1738576014662976,-0.24067059432025528,-0.5700711383276806,0.506584862636078,-0.34809177210799314,-0.7395398640225439,0.2767148810566826,0.39871758269126456,-0.41506576198133033,0.1170805675275347,0.2717127817595406,0.037681641611783154,0.2218639855332677,0.27727965934754284,0.16648883111355728
2017-06-27,0.23707917633968806,-0.18645819910015166,0.0007118755599294022,-0.3120280744539687,0.58985363487714,0.19803843338850552,0.29024467936012543,-0.3519205590510063,0.08152921698723947,-0.4687668392227441,-0.21565036228953188,-0.2816693805323238,0.3152656073774357,0.11897020937514025,0.021854456356012186
2017-06-28,0.5149371733140755,-0.5466137241989615,-0.51330513240824,0.05056228898957238,0.5108982398154146,-1.1495730930185692,0.69151100718101,0.07194008921054895,0.11921082449907217,-0.6922266007564524,0.5216186735054926,-0.3347766798003114,-0.12020717993144969,0.8183716248851599,0.0217139329657543
2017-06-29,0.20650257055487034,-0.07187074260847842,-0.10770728782862171,1.4880402339212786,0.185794766352819,-0.29509184186012494,-0.05006344348594838,-0.3257959276759902,-0.6916336021020142,0.10220448319728576,0.7138736256084574,-0.28380112783135847,0.4982850678516456,-0.5891156688605993,-0.9742306149830937
2017-06-30,0.22971277866887202,-0.5706559541197769,-0.16196081584027866,-0.15651228277211088,-0.15622923288177437,0.17336731635734015,0.2752229841476704,-0.26311539805262274,0.052484306609575704,-0.41177632970130196,0.4076120093569956,0.4747903168990514,-0.006540162548463291,0.28033739162653637,-0.04995551471240281
2017-07-03,-0.34620801766584997,0.8036760018882649,0.06493359704360224,-0.4345723736739662,-0.03858362603069776,-0.2886903338752922,-0.14644731893768093,0.8108550814422394,-0.05682692638627662,-0.11234621762240393,-0.5051050478356514,-0.01432803282319961,-0.005179544139526593,-0.16509882932090547,0.4898109946351439
2017-07-05,0.04263674468454082,-0.26850944153037615,0.14521663239714577,-0.6270155046994301,-0.1569767000042952,0.036268935273514935,0.5982246049344595,0.07859134305984439,0.8064536507374352,-0.10648962598470413,-0.009090176518831372,0.24639168900272823,-0.4184265832560836,0.10808310696407086,-0.41804980659817104
2017-07-06,-0.872704616635541,0.017379851221428932,0.33166109980283753,-0.07934935576486746,-0.3188343788272132,-0.6608506354893083,0.050102452200178504,-0.08538222645953442,0.47714356661572965,0.026380999739800237,0.07786812506658647,0.5441778664852737,-0.4735069800661041,1.07767187592046,-0.22438126141340953
2017-07-07,-0.6028296577134299,-0.10084516215053102,-0.5256956652721283,-0.24847528865765034,0.2095646599434401,0.3157338658701927,0.6534667502791163,-0.13411483618412895,0.4499185148226794,-0.24996820212084608,-0.31544692416252496,0.77767012120092,0.7187924942932105,-0.37189989225894005,-0.2274266585398834
2017-07-10,1.8006716778789813,-0.26491208295104873,-0.8041198164651011,-0.3635685963644757,0.36379379464972994,0.7536447907648943,0.007856542713326808,-0.4446615884609554,0.1845449616538468,-0.36490094881707036,-0.17608541917358989,-0.23873355469231494,0.35213110128836267,-0.38041440752013267,-0.3249433525550429
2017-07-11,-0.3393176265015403,-0.3577842983640548,-0.23619923243552282,0.7334013657521871,0.2082881607043221,-0.16718702710558375,-0.051137634329963655,0.38262919466061895,0.21017633580035475,-0.2784853779731159,-0.21448765986109808,0.15191055560197608,0.09381920373780067,-0.5623377238360157,0.5566054227495371
2017-07-12,0.2622223279252209,-0.31107079754185785,0.6543977425045198,0.2626514522647164,-0.4114288201692251,-0.5853518069766875,-0.07784012949802363,0.5228913605763619,-0.7648653143684198,0.02727047975862351,-0.33515820379352446,-0.3570218751339269,0.11864250418431527,0.3977308164211762,0.5320252730442578
2017-07-13,-0.009939985059271628,-0.7169982227847234,-0.09545320566097898,-0.3575463921238484,0.25306761628645325,0.08000203903965009,0.47721666099673055,-0.4524218556746604,0.4756927070182159,-0.10538584654913241,-0.46824947147489276,0.5881644677369982,0.3650659003076486,0.3209886530453713,-0.1651862681759154
2017-07-14,-0.07205632437391679,-0.12931619291333663,-0.0861088069066217,0.21838690363015634,-0.6059977822232236,0.05380119646340953,0.24058699770269398,0.3716160831039197,-0.4025472471001934,-0.1324907595862453,0.1910693324733131,0.18314714994705394,0.16480612092303562,-0.09471863572960926,0.21388413831138575
2017-07-17,0.36870050707392366,-0.1430980199220149,0.032468774898913505,-0.27276635591062287,-0.029328462511100162,-0.0690832138952405,-0.03474228105478962,-0.0800740496481476,0.8457580427055371,0.35895270813852037,-0.28216587586004216,0.23631024875151277,-0.4382193956584991,-0.15450346170015253,-0.34532358195038043
2017-07-18,-0.6225458368830252,0.19872112335886755,-0.28892496010875324,0.5041694899047975,0.10484014115837352,0.23100200405398785,0.2811628076589039,-0.12262939540934589,0.543468838788067,0.44291913602680044,0.08513030804939059,-0.4059168522125295,-0.03890763883581485,-0.6202775963597723,-0.24991105199128133
2017-07-19,0.9104559109675683,-0.6267798612886823,-0.47342520473318517,-0.05164269645776187,0.3337214245497495,0.48830285337084756,0.6126877976022151,-0.1928520549528261,0.4872216885575103,-0.692116281225495,0.5033005016323772,0.31913037554902357,0.5373482979611782,-1.1913771006700102,-0.584407465057639
2017-07-20,0.10768796391496127,0.4435126856088739,0.694915994991654,-0.43565823862886277,-0.7558501289678764,-1.4715198178320166,0.2221318572836989,2.981391403342883,-0.6905410918310901,-0.34689064161513994,-0.7085867875483154,0.0387476477198338,-0.8845907248611802,-0.09809251475271247,0.7407520598939064
2017-07-21,0.05018616557745181,0.19598462678927286,-0.6228787875917992,0.8120728646868935,-0.24617921846678864,-0.24575325839218995,-0.47578932496183624,0.07331834266082982,-0.44266653351731633,-0.07096769263407587,0.7444200037856148,0.36839982854343767,0.14545841568854836,0.01041314426251868,-0.34640597825253283
2017-07-24,0.05647156846634216,0.5549314164575909,0.3751217152411248,0.282687233868902,0.6634286830191534,0.9128777824649079,-2.2965197504380397,-1.4693599218183648,0.17251007741929178,-0.3443169537648605,-0.18366942196264893,0.5001395068962565,-0.16489799103278865,0.6200100136963438,-0.0016492124816632758
2017-07-25,-0.34726172266672084,0.33110060504989436,-0.08080634231116135,0.86483687524861,0.27739827855365484,0.8065309892979154,-0.82412164198166,-0.8512473984863631,-0.27671525200101504,0.6989196095142174,1.076577082045403,-0.1813572535880077,0.1902703068379713,-1.1158236865021196,-0.6559121492606936
2017-07-26,-0.1372038182061816,0.003974871609125741,0.8110977365136086,-0.33863899142406306,-0.5868593872348791,0.017630268134512073,0.39596264285943217,0.06835977632038759,-0.2688122818507951,0.5016906278010699,-0.48594500396776963,-0.21994834385174444,0.0014265220948419532,-0.16760561133368881,0.4390411710337228
2017-07-27,0.6310620251894309,0.7170063444106142,0.27884993219048737,-0.0652131394863037,0.03303428953719412,-0.6899152381491691,-1.048508350375649,0.1934586309708265,0.0120576632938455,-0.20810287243970182,0.33758217033910076,0.41188235012457075,-1.0783381281883928,-0.057645341231735814,0.18878413366868452
2017-07-28,-0.17562374949589987,0.9973033856030136,2.3944066713640524,-0.6585311592446007,-0.8389404988821308,-0.26285286953206893,-0.7609904382503702,-0.28799261549556376,-1.0241677023276827,0.7407098667472836,-0.12474500082181739,0.8810581224633327,-0.10434175092639753,0.13563326804935355,-1.4228386116002327
2017-07-31,-0.7101197011604776,0.09570420018659676,0.5896963883763882,0.7267436161447506,0.1637020505151806,0.011641438800518766,0.039656214365482945,0.35866128088319965,0.26545509715555315,-1.0491494320379087,-1.4013921054935614,0.45419129806243225,1.4742777990724318,-0.6816441781151834,-0.08284937742361198
2017-08-01,-0.8824492041027509,-0.8441570515949798,1.3560240423662333,-0.03095484439226559,-0.300637107825015,-0.010995069829031284,0.473192732259956,-0.14030165422051175,0.0903606526761862,-0.5065284344048417,1.4944564677050147,0.7907800839904062,-1.1975060718262447,-0.24012097853281733,-0.18302322797275367
2017-08-02,-0.7926433242827426,1.2709672354290455,-0.41597888020866897,0.6404939028345772,-1.9030164934222333,0.2723291777006158,0.6014199624797706,-0.06355856521320827,-0.6700373423921568,-0.24676243232972467,1.1006353676067686,0.19149878612335094,-0.49251239379893824,-0.2745788232909808,0.7445042511045374
2017-08-03,-1.9949174509109944,0.8796967318914558,0.14181100633986832,0.7536362540246275,-0.8470861193634254,-1.5225571353552971,0.910191564544943,-0.5671120625890916,0.09198637748350758,1.687951082492925,-0.6328607717082606,0.5148706699614163,0.2567124818642909,-0.7989568530291211,0.8345498099845071
2017-08-04,0.1904889299427388,0.04610372395745588,0.26333758366562526,0.6887703547614863,-0.003561824351077769,2.056351823368991,-1.3224048422462373,0.8405018772870538,-0.21512078398221157,-0.07212601994777978,-0.021863398649615146,-1.7033839592985158,0.3700373154997086,-0.07904064496251562,-0.5202058997996074
2017-08-07,-0.15446239041323118,0.17448530937771933,0.14034033935074508,-0.8596214094333028,0.006682540674331827,1.1927982264063623,-0.08721942790508741,-0.17522403036802575,-0.9520437930068462,0.25393686610800076,-0.18776097576703665,-0.6876262545030879,0.6440234944134764,0.42291677975736275,0.5203388310395045
2017-08-08,-0.21530370698661638,1.0147668815496955,1.0778659561195119,-0.2614408894508929,1.3125079169464142,-0.7683902449274251,-0.5025012176067807,-0.14275058539502572,-0.5849136175257247,-0.16453548147170716,0.2099948480029708,-1.0637058562474933,-0.05262107056043108,-0.42671200115492813,0.19095235404721872
2017-08-09,-0.40598235962164364,0.23165076831914155,0.7197590777670557,-0.03555045053379116,-0.6791867911605874,-0.23264535256904084,0.1664215264040898,-0.5326834804974155,-1.405895628256697,0.4205946016792602,0.18638455529999354,0.0042848416728891725,-0.028003280886797155,0.18528151373900278,1.097315319741056
2017-08-10,0.0604189476406386,-0.00352969381361401,0.213560100816248,0.5563884235909665,-0.15854432826820442,-0.7128257342469567,-0.1623786389206543,-0.10188657927120137,-0.30747785150892937,0.6297651558706946,-0.06763745637120322,-0.2052453575934876,-0.14405301113304403,-0.20252662441033298,0.36393484371248896
2017-08-11,0.1422814680113126,0.03422825355233072,-0.5401167523453079,0.12117159571642612,-0.2732015743612546,0.45890741087505793,-0.30117493806669793,-0.28092388507478394,0.264852499981312,0.16603509068823186,0.03641720104328572,-0.1164412868838468,0.1999121427051747,0.9221635733839443,-0.7750145697328309
2017-08-14,-0.29769585763347595,-0.02583666973554888,-0.5561086202021556,-0.058972892633929797,0.17230396503957957,-0.40635909505285406,0.47677976890097273,-0.3149415717496251,0.2960511612898922,0.26806184688722834,-0.07931518833315238,0.5259499416870851,0.05837041753970962,0.029280951424288375,-0.18387673980275532
2017-08-15,0.5694150630110371,0.4273533500898158,0.1813419182493528,0.4304892705460497,-0.2680064508029635,-0.9808555031351761,0.0995364509106969,-0.21068644867746522,-0.617578518441097,-0.3161294059236515,-0.18801117556509347,-0.05521385909926646,0.42017668861571383,0.15428574649238314,0.02362115745921456
2017-08-16,-0.14974535005094003,-0.5000185676335664,0.018641193890539087,0.34086201245453973,-1.1242571355041018,0.5542402993217064,0.2553882613465034,-0.16066213298694515,-0.20751938620570098,-0.5296639353934767,1.0483806726463254,1.2385215913804326,-0.5045780097730137,-0.34187388718842426,-0.044764691579997296
2017-08-17,0.41800999839240205,0.1435521635886492,0.3925102273797467,0.2786186008736773,-0.5276087391018411,-0.45153532658989665,-0.1570127031434766,-0.26903605902564154,0.05223922150322702,0.13507353474799477,-0.5063655405443246,0.4480732893190611,0.2834376781717487,-0.17505384613977637,-0.288905106295543
2017-08-18,-0.0011802526780839706,-0.3569932919198653,0.011396118356211016,-0.11428360532267362,0.15408746151817065,0.26482475870251077,0.18477971794858827,0.3856146571368532,0.21036423517797842,-0.24477954119288214,0.17302354251954344,0.036580019586438195,-0.27222622841903266,-0.5194676639560468,0.2583598002002534
2017-08-21,-0.3407535697159267,-0.5352281064294284,-0.4231591973521679,0.41611680167065873,0.0794857318788541,0.30840199287137887,0.06505685285488272,0.1984865644117131,-0.6742094536280556,-0.08884602484527837,0.7365202078181625,0.053926586746120164,0.24352440627457922,0.11869299085924626,-0.013603623803230103
2017-08-22,0.05178319373750179,0.5854609992063731,-0.16410705155190508,-0.18741965940129077,0.21150642390733532,0.18534310684523048,-0.48776656132241486,0.08681966039902156,-0.2801997768623428,-0.30086422248734795,-0.4348563590924753,-0.11577910618262632,0.4963223506905985,0.5052201633687373,-0.09083252207999182
2017-08-23,-0.1564510541091697,0.22930922361119666,-0.26942001969998464,0.2388143831137941,0.1421425135547325,0.13740236999627387,0.22881907638830923,0.7649302642063256,0.6897241574291791,0.03957391494134144,-0.22851714306034504,-0.6307554375564747,-0.03365210173528896,-0.39134979062379915,-0.45234257506471975
2017-08-24,-0.12494269120225096,-0.6672423340110741,0.6069031148785033,0.5931174389895999,-0.25939602747279583,0.3721084845623431,0.3129918164986485,0.5364092707973386,0.013146638184799775,-0.5579618301459299,0.34823396634692827,-0.11652241065916469,0.41140832709062347,-0.09419938133908343,-1.0559832383919123
2017-08-25,-0.13789071348756735,0.13199913499695087,0.33000625415969725,-0.0868021892159152,-0.2511760343222183,-0.18348371998906873,0.17177032567944284,-0.21412914890050871,0.7235333426979156,-0.28772487656357415,-0.9439826127242357,1.1511381582223852,-0.0015397331025484573,-0.8457390602343768,0.34141135952734414
2017-08-28,-0.24561264907553143,-0.4090850966274313,-0.21700655821404596,0.35730406477239185,-0.4272616403528844,0.09991723340061676,0.571148638702101,0.038998709662897646,0.6398104347155397,0.34346646888060944,-0.27577206053661046,0.12510267164758826,0.05996134979981249,-0.1660093159743941,-0.3117487123451731
2017-08-29,-0.3365884718388053,-0.17684698351136488,0.19270688687589826,0.14261976476221422,-0.09142227149355808,0.16915342155475363,-0.17215474686909643,-0.15673038962334496,-0.7704518650859496,-0.00822244113236538,0.3883604376502877,0.14617059807233526,0.18198839981937565,0.003486091167180884,0.43584747621958375
2017-08-30,-0.62689374153153,0.9191192557542022,-0.2296931622617177,-0.14252135648676423,0.32021789847937354,-0.12532458401185792,0.11426124130389491,0.29801528364048824,0.7833681465509632,0.20645820979822782,-0.46596600173249747,-0.020231029211529597,-0.11385629721746726,-0.23167567605427836,-0.5878198713961937
2017-08-31,-0.15939791139800252,-0.40430449025675547,-0.874538116903465,-0.1927426977398521,0.4003094305267685,0.5182633207529787,-0.13274639426775414,0.8221000783020997,0.15193797297665074,-0.07536410843808838,-0.13607950533832314,-0.4325083105435155,-0.48010023376462346,1.291834806964082,0.0019314341541668556
2017-09-01,-0.026365133986399725,0.33240725651908953,0.5049309432374288,0.370932237849254,-0.25713833670376995,-0.2661248259821184,-0.068773254541667,-0.26555072184071804,1.0896884467608325,-0.3511288735072704,-0.8407411629850413,0.07001911643641656,-0.38613835205229674,0.2148662721102641,-0.19994192132545452
2017-09-05,-0.30545262990920496,-0.8633831993978287,-0.3533344957250313,-0.5882924495458575,0.0656579035030131,0.17704586237498643,0.5483869112043744,-0.9277206179654315,-1.0222187659114925,-0.19110300067594999,0.09770405896218182,1.7565758343494013,0.9143603482210179,-0.13135117889320963,0.6728709249120571
2017-09-06,-0.3224920052328123,-0.3582571682785749,1.021251234054454,-0.4153363836165641,0.6119596372349649,-0.3356093169897161,0.9047371519720113,-1.1296485425178102,0.6005081035557185,-0.26951550114125133,-0.6186669803679343,-0.3311473333112729,-0.07790984515331247,-1.2680907740238154,1.7697834282164462
2017-09-07,0.6062710088829938,-0.09060814417417601,-0.2731160333095701,-0.6228154501769088,0.5020560981807962,-0.7187412539447374,0.5526307856233982,-1.1405661303238497,-0.14579666034592514,0.20840897405413217,0.2665683300154682,0.1678496171121183,0.36554743672268286,-0.30789600765423086,0.3032531467234434
2017-09-08,-0.06557135078563547,0.21746248652936973,-0.2428996218583105,0.09883281711571934,-0.033545131344991264,-0.014260350494016638,-0.02480278190565377,0.07732733537332148,0.07876039321725214,-0.027111812157928128,0.18771488445928175,-0.22140902733152013,-0.3105402834052269,0.06583850828800503,0.18242409956377914
2017-09-11,-0.13063697832867638,-0.18765800277994749,0.6300048860389675,-0.10791442012283281,0.372672496470589,0.11643349067925801,-0.2589383566282796,0.32924578099761725,0.0009274779228180541,-0.9037903550396018,-0.20400617164697715,0.2700777240293146,-0.20850848036827369,0.6345114120488717,-0.33366720650053217
2017-09-12,0.358113673134156,-0.5405669997793634,-0.5205814073510902,-0.0963696707143269,-0.1792207514779698,-0.16052504982018023,0.6528595300635226,-0.5479670782145861,-0.09950632786734069,0.08728120959070274,0.31644478111049024,0.626406752815925,0.32022912913494644,-0.4882237023918141,0.26958088460973323
2017-09-13,0.3844720958384671,-0.4063565352954781,0.654181604874265,0.22886697923812038,0.39356853178304196,-0.3102959123038773,-0.4340681617045521,0.0809949621045239,-0.996730035110854,-0.028951120328426283,0.10385017942095731,-0.29406607303191157,0.7217316407869124,-0.2364266961090027,-0.025574404581846455
2017-09-14,-0.34477237230649127,0.0786733356795849,-0.1916292069261566,0.23645064886051081,0.19147128519886236,-0.2013086439741303,0.0025496357034983097,-0.5193243495423275,-0.0362564356335795,-0.6120815446995246,0.5295622599352281,0.6204597051800151,-0.3974054861940455,-0.14243252170534584,0.5677951732441211
2017-09-15,0.01285652667716497,1.0087225219862164,-0.034901696923136785,-0.8116948605306968,0.6783904104767251,-0.5176482127098977,0.5124299602166491,0.11223292625646716,-0.43987756464117866,-0.1943262006372244,0.5499929081249568,-0.4373215192326255,0.14468079090443853,-0.6942831874507387,-0.08346428941277947
2017-09-18,-0.6231359287672025,0.5128487492287268,-0.08076169108429204,0.009036089290282712,-0.6380381828577029,0.28709389314300443,0.2098095547606056,-0.44040850069233944,0.04403999453230012,0.3587637584787189,-0.12712171421902851,0.49331619048012826,0.46994051142765836,0.20867604192212041,-0.5199999921188106
2017-09-19,-0.441633114482079,0.6874273375970289,0.7648074334096473,-0.23179724026219037,0.13494254540317865,-0.2074886562548212,0.2662893351917536,0.08203004476032472,0.16507775396573188,-0.030966521150870077,0.26141604863485046,-0.25138442115961623,-0.10720188407719822,-0.8693020880503575,-0.243326568010011
2017-09-20,0.27512198359361517,0.3375371239259283,-0.8013971451653107,0.3928283502764953,-0.47344036878442963,0.25678716181957895,0.5769044638783701,1.0449269691771292,0.17776351814004115,0.24074462783295014,-0.5412592105306809,-0.9693984464871797,0.30119853128772833,-0.824117720653478,0.3428376307437474
2017-09-21,-0.033174790959635825,0.5830962230130254,0.3758275131687555,0.12428923390185348,-0.6617703132290722,-0.8390100727586314,-0.02164504278913637,-1.1540018319714884,0.26645996483200685,0.5512689009455386,0.18588864780911962,1.2329948351370383,0.43158322824314993,-0.7981718835743422,-0.2943512022491134
2017-09-22,-0.04346845811738792,0.11367463360688224,0.2230416679004643,0.24384065838450258,0.08287701082363058,-1.1699261106950893,0.8873999491192843,-0.7898373451769829,-0.08044569337307178,-0.08054219340882585,0.25896769339681525,0.6884299953525531,0.5169749461827163,-0.5135826970101015,-0.45683713669813364
2017-09-25,0.4574178696156148,-0.1745577635419595,-1.1319534352276,0.10651163756716664,0.05030607387044328,-0.23743023399475405,-0.8212553200777808,0.3548102569921401,-0.0022517568090909545,1.2905871633300674,0.0316616764525246,-0.35442998452740926,-0.12350779325940864,0.43799700646318374,0.14021717147331625
2017-09-26,0.720024051133567,-0.3940562331699934,-0.17341860128794095,-0.006516312853729028,0.15342883364046506,-0.47659542568434893,0.2819199787530401,0.1507958812985386,-0.1336292010721099,0.044033727223585506,0.3308753453595134,-0.5994293972763454,-0.2651590450139789,-0.6606685375997476,0.779648253270853
2017-09-27,-0.13148016415810904,0.3810609052861844,-0.5975562094461537,-0.25956264019683584,-0.19969790326991235,-0.7283936973115632,1.0746320923984918,-1.0458114642869616,-0.14515372781248237,0.7748994498082552,0.3211212624341944,0.03722119383800704,0.5471438566334896,-1.158536701523838,0.8905012576032929
2017-09-28,-0.030038537668450327,-0.3488942174114457,-0.06662054283560633,-0.5900564009481418,-0.1662304842728891,0.5196493895989629,0.5553445323732689,-0.6288988401519252,-0.29996584665868625,-0.2897489604706033,-0.5790415941990591,0.09639447473996533,0.8661208865036519,-0.22749145183270533,1.2240693706988448
2017-09-29,0.0309039467841587,0.00768132035333266,-0.21708067304022186,0.055597291084918274,-0.12989560527336108,0.3169260418251375,0.4140293444907873,-0.31092769566249023,0.6380896422360078,-1.221584263707017,-0.502394053369907,1.0709325663703715,-0.05955359287596688,0.33421657691129936,-0.18685574376552966
2017-10-02,-0.1826803030925769,0.32007172522812555,-0.0802335555233277,-0.40892463577617244,0.15652760967143253,0.7902822675518887,-0.616004077398927,0.22717322837115322,-0.5317792134348596,-0.0842534054149921,0.5851119535652831,-0.3257327735704462,-0.26722775534182613,0.6762876697869322,-0.29189888001879616
2017-10-03,0.17277554574508308,-1.5907992037580838,0.5219956336397841,0.18668283847597242,-0.25516013045776836,0.33419583431439653,-0.4448675629398121,-1.1159364683734023,-0.4349723300977122,0.1910195151615598,0.9139141979415178,0.07325709119447604,-0.2217397011107325,1.1441307159855096,0.4664808951890786
2017-10-04,-0.11492904193341189,0.17368403495675,-0.2945914553321238,-0.9532038770680304,-0.03333764190435354,0.3879279029083957,0.5243958815726953,0.11379845351242243,0.30973592716974685,0.7419497020600649,-0.27419814590882163,-0.21720798998011479,0.11911287559128697,-0.643762036656564,0.3167059972432289
2017-10-05,0.7091120926713655,0.28441041357684416,0.4205895300625516,0.6486984259438157,0.016017081971534064,-0.5322879474947645,-0.7530703972519125,0.7091447006372121,0.05032114082137734,-0.7276246862414992,-0.24481779973798592,-0.6646389713382713,-0.5751488520574115,0.5791105300774522,-0.24914786870494204
2017-10-06,0.32256184074974104,-0.7446630766270665,-1.2135592755596287,-0.17687144255581122,0.627844078237189,0.271136419376749,0.341696416357562,0.4022589397954203,0.09201200032578605,-0.019553974798081852,-0.3046449286370281,0.02706144878830552,0.15287994945822847,0.048217526384522036,0.28318118553373284
2017-10-09,0.5104693254731996,-0.33827497318754013,0.3171519388510403,-0.246057601703363,-0.08874750786469843,0.10092330971912403,0.029054863552821636,0.02031471677075434,0.04461703812694088,-0.23133323496304792,0.26373046500968433,-0.26772307848358257,-0.411361748636615,-0.29933542718098366,0.4767702111396929
2017-10-10,-3.256898753274743,0.5517197033843042,0.9836449632344286,0.4558725365210995,0.523180499516163,0.8284760917775209,0.13376831626481864,-0.7229477984223747,0.12200318890769743,0.8015987166852377,0.04398732850037829,-0.18161448100713715,0.0895311058680722,-0.28429373781632716,0.16995385849344377
2017-10-11,-0.5290028950068947,0.4955837301746033,0.1424083163884389,0.021552229082945185,0.03871657148302945,0.4093360292898924,0.632186658554623,0.1826425710279742,-0.37273765242295565,-0.44019040574651047,-0.22033382481167813,-1.1655522708122787,0.1788905047518881,0.2383681574066191,0.3206807355678698
2017-10-12,-0.09605027461512405,0.6764929327882158,-0.025834600368883742,-0.4940480382615657,0.1313591084682766,-0.010760969913567675,-0.6232586955643823,-0.37925022821419885,0.083894003705629,0.21694136872565895,0.4062139174957704,-0.10517345795690736,-0.6082302284228858,0.5062573942344255,0.06054139440040801
2017-10-13,0.1477508037877523,-0.42282147203790593,-0.08748860981918916,0.13045141554289538,-0.17145434048670538,-0.24277685690813383,0.016158839256480595,-0.041675186999313496,0.03729075141964783,0.8355178565782833,0.04627366083357051,-0.009232667850905513,0.257578175273382,-0.7191497937325277,0.33310639382249996
2017-10-16,1.1941488005133483,0.20078901174407573,0.6271092944758511,-0.33092200272359695,0.554478584297173,0.43910066574133433,-0.8558060209551138,0.38642983282091525,0.8989625629052627,-0.729829383246611,-3.3124806323279303,-1.2706992680848412,0.7192580655699357,0.5324410662169387,0.8438431032114917
2017-10-17,0.2383541752486884,-0.020730742851698736,-0.007015409622791485,-0.21816123033588802,0.2522462594647874,-0.038494353016261,0.013684683458937252,-0.3942751138442146,0.7610632276965121,-0.06712277831085278,-0.773256308497265,-0.20917930247184052,-0.27605339702036635,0.151781166185169,0.44542600733870186
2017-10-18,0.5735112499707966,0.5775749946105204,-1.801346543458978,-0.37174374855578585,-0.01761962335712408,0.09057564609418062,-0.3090988847690238,0.3670561128851113,0.4758307732177771,0.7157650773461546,-0.47359969108798045,-0.07796228589943999,-0.10951427412114836,-0.0030862178571782195,0.46622544275733435
2017-10-19,-0.06977814429952789,0.2589213826651561,0.23629809354286166,-0.1352860157907309,-0.39187978234335136,-0.08102673947867567,-0.13331323577877574,0.9660949655129865,0.1555457415767093,0.8808854801382819,-0.11049308934934624,-1.8098691896043846,-0.4892860422244427,0.14425076859757635,0.28724074129579724
2017-10-20,-0.8101095160183114,0.7232312068940943,0.46503490927712854,-0.5053848148941964,0.5680274694440632,-0.1438421111795783,0.08473349088558008,-0.8602635785567714,0.3087069561890908,1.353721775587639,0.2787825159655337,-1.7379178260087111,-0.46681327755241414,-0.6892618837804579,1.2150885795634205
2017-10-23,-0.5882891274422032,0.8187986161544072,1.1041029960951951,0.2611341269805735,1.0136640386537372,-0.741990251452051,-1.1276734447159928,-0.5812342625483591,-1.1597960259678222,0.10686582327927108,0.8474225318981861,-1.0370140260355716,-0.04328700059017948,-0.7615655814683913,1.3464516326446363
2017-10-24,0.05784371022458901,1.028028027052716,-0.2559958510843142,0.350491582770129,-0.4619682690588526,-0.23500104645238942,-2.102154529642835,0.6264593564863183,0.33653641246522886,1.2223297017335757,0.08454146355512016,0.6228694405784625,-0.36726720091730747,-0.5889212168146634,-0.1654791682170546
2017-10-25,-0.04490242710019077,-1.4031460978318298,-0.540055684076201,-0.32356425155065016,0.4314639954511572,1.1802078198343682,0.7270536871464742,-1.0340464361345623,0.03726382838259823,-0.5652182358787186,0.4622069859612165,2.329712269058148,0.5240129515008003,-0.9011530155588199,-0.02554037757791605
2017-10-26,-0.29329647732422104,2.343484241206984,-0.4188027220122248,0.47120487226241503,0.15031823180838366,-0.6417121911796373,-0.7622039138650325,0.5204188023354486,1.440255072918832,-1.856550889858971,-0.5503079493993986,-0.12043177598999326,-1.888271043370199,0.46302360284168315,0.5006303820754303
2017-10-27,0.4185730500218998,-1.372979605152213,-6.553831336107549,0.7211021358901197,0.22121890841581693,0.8021252387462467,2.465365371266355,0.38151958871109215,0.41714659682117894,0.6520573479245773,-0.23166493007939593,0.8835088403931395,0.7908142402576082,0.7829390053330489,0.7193838272611568
2017-10-30,-0.23181804929106123,-0.3222853313138738,0.43975063169099504,-0.344824128728149,0.3801332347433489,0.40404830315903134,0.5311202638401005,1.0411697287117745,0.6897618090960769,-0.8021574432563369,-1.437886807748971,0.6385590481927297,0.6159691445554545,-0.5086158469932107,-0.9410370698141527
2017-10-31,0.14931827959833877,-0.9928440987446432,1.5860546851263841,0.9762029785385373,-0.36913494609591324,-0.28213914428554904,-0.3524935159751685,0.3796345597670484,0.3744260549911467,-0.9319764722186442,-0.5446235850732559,0.2519380686597789,0.00596410956414678,-0.005945998552610569,-0.2918371191193146
2017-11-01,-0.7314341217389286,-0.10314705092730292,-1.4542404926776062,1.9001186034193163,0.03337545812776144,-0.5544500937414001,-0.30333910009369003,-0.5690063186201587,-0.22261497106153882,0.668892399530313,-0.2267969846726665,0.29346798525251144,0.6823980481267033,0.17621716570306067,0.3862865412368077
2017-11-02,-0.6035564896108713,0.8982814831123174,0.14210488488143214,-0.5763361954759694,0.6212567809786982,-0.8144977566276707,-0.3849574456184525,-1.5007889170325623,0.5629737633417902,4.966148913683435,0.457171894228521,-1.0649844584040218,-0.0733088648163921,-2.490240865475396,-0.32395880578005165
2017-11-03,0.31958793090329785,0.49507669684173206,0.09089960773186528,-0.46458027474109354,0.4016858134835045,0.008279873825748574,-0.054104386565722695,-0.11262454737352867,0.3017109261762283,-0.09679912314476746,0.39617234692591663,0.004966328590159441,-0.9187405752274809,0.695529642283712,-1.0671427009237346
2017-11-06,1.2977682063690135,-1.2431663258867478,0.5078499350199639,-0.18166958629689578,-0.7830984366283453,-0.9285497842955757,0.7054510722981973,0.37050395663798863,0.04856131393053567,-1.7184525937816515,0.9812641056519086,3.5955499765259717,0.2793257155477318,0.370208845881268,-1.2967247959630142
2017-11-07,-0.07918623209777842,-0.27947444717258657,0.1313163746577622,0.9329144208915605,-0.466692852907177,-0.8026912719788408,0.8855423631268492,0.03251980993331989,0.4222450706280123,0.15551544332178668,-0.3291665643475872,-0.5563844690989725,-0.0935110433968018,0.16721389710093257,-0.2561777387842066
2017-11-08,0.23796968106497218,0.49751793218982954,-0.6478251698915418,-0.7400466360144073,-0.7038126080906537,-0.18837614151971116,0.5906781600541537,0.4215769000811808,0.4581662094456355,-0.4216734454389267,0.21447348620288584,1.57078257117456,0.0878843836806893,-0.859396703010808,0.1664714868585177
2017-11-09,0.31126478908049765,-0.3776812111669538,0.13180142048440924,0.33233355358468875,-0.1287247091272848,0.09272568208529652,-0.9054127873097373,-0.6381773035710452,-1.2132210055729,0.5973066986693184,0.4623542981819819,-0.9525152033809039,0.07565519870458681,1.0389355301445626,0.7104290821086416
2017-11-10,-0.47241220445212284,-0.364258691697095,0.5239808041343933,-0.034950500357688874,0.46713898184757113,0.9122264026591622,-0.1534003603909846,-0.48872732338925007,0.21903674232996134,-0.4579736998868126,-0.8181778210962585,-0.8752270366997552,0.2226723660400063,0.8190171102756646,0.09844067857109806
2017-11-13,0.16979914612146352,-0.18972106117047416,0.3948264811846819,-0.4314508457609163,0.6910113347728888,0.008683494498233801,0.07761435068164957,-0.4365138797433634,0.8197751497087755,0.13012930903994413,-0.20136502382145655,-0.3330001605598397,-0.6525405155956742,-0.5238006038645773,0.5079249406396565
2017-11-14,0.5347227480971923,-1.188495704862935,0.35198956731895586,-0.2095589569851577,0.3325543642055955,0.1924316474973744,0.02304810935235979,1.2279348251024222,0.2169879480992687,0.27254338775554765,-1.0675059297363543,-1.0757967158489918,0.511240241977246,-0.2790237369194728,-0.12912195594828968
2017-11-15,0.43491539711524907,-0.020656744899546275,0.7771808374819619,0.8047328373252707,0.44804656996911363,-0.2073305221031434,-0.9694001834596611,-0.7555119339814833,-0.8326212205233265,-0.14020133899025522,-0.032117019034734184,-0.433424731744658,0.511901477378453,0.9405471398612901,-0.9009968848889496
2017-11-16,-0.3246442201975433,0.04661327608850696,0.48805252956098066,0.4836199703772808,0.09152245105567891,-0.41267146753336786,0.08361628811082572,0.11120291628863077,0.0536837185899508,0.6119260386315756,0.07201527226747773,0.5904543571146189,-0.08553860468370689,-0.8389960218290498,-0.6961316763256971
2017-11-17,0.2334367908795283,-0.8416978883948025,-0.08866185088543557,-0.02753253325567806,-0.6986827629983335,-0.10595251986965681,-0.15386238004142488,0.9795138362552893,-0.267653272564372,1.3562140122659072,-0.38603467050339874,0.49268348466012124,0.24132618641541181,0.690111162843851,-1.3022611836981501
2017-11-20,0.3950312016298172,-0.10330853297440565,-0.6102113572171418,-1.5090351973265863,0.13683215880547928,0.7810083696148659,0.021399042983540673,0.4329634880811343,-0.2766340902777283,-0.6655256721808562,0.32657523664308313,-0.1388225900113342,0.1004974371914148,0.5011602217451221,0.5613176507243
2017-11-21,0.3779996411189422,-0.33140487635928356,0.6922388089750819,-0.15457133627567654,-0.14652939541095084,0.41982151762709624,-0.7190308675934547,-0.9409250627495447,-0.7186301924373271,-0.27062267673579876,0.21638259090910983,0.50097906363632,0.9768078083631295,-0.14136905349834045,0.8432400814789267
2017-11-22,-0.12680402621562775,-0.44541043167742433,-0.7854106202286277,0.3819137805713365,-0.5437594789693552,0.012631422331492809,-0.04110328099819066,0.7238017501851567,0.28584287490086613,0.43512819653581586,0.36494900405203934,-0.4740831186933166,-1.1811260503292191,1.4515987678889126,-0.6258329746598953
2017-11-24,-0.5174186992122437,-0.14435495054872013,-0.2457281295423065,-0.13441910841314048,-0.26827757147949405,0.6501018953721329,0.102464895079507,0.09003458659438701,-0.22189489073048432,0.12402684128068685,0.4018381431974205,-0.4668413080077053,-0.23231070309601942,0.7615591171711311,0.07167409852837248
2017-11-27,0.09681736225069049,-1.3206950578137706,-0.48983835827084565,-0.24705222472029553,-0.3236675385541896,-0.7446604739749925,0.6317355409436345,-0.07945674275413905,0.26920038538285,0.49573153695454875,-0.3755137959843645,0.6038479887128502,0.4006033532459021,1.0359461557868905,0.24237066094519533
2017-11-28,-0.05935916277667358,0.6404190430640274,-0.1336494564699956,-0.30071077555913434,-0.9670769802000687,0.16067184558383382,-0.675659443624675,-0.5332098442665573,-0.8535704331543086,0.6692852524155175,0.5640965791390032,0.691378263109591,0.35292328580247523,0.5034977877347667,0.2676827317535895
2017-11-29,0.1305305801985735,0.7994220893661171,0.6078532130996317,-0.6011106251856837,-0.00884334298774947,-0.7232050396208507,0.043140348518107,-1.438401451557791,-1.001384510371723,0.9877322298632013,1.102136796326347,-0.45024522910885856,-0.03307598755769356,-0.1719462618284519,1.0683606684578408
2017-11-30,0.16372421404980475,-2.100637147272312,0.017543843037456153,0.44192927849357266,0.045852523415821134,-0.04071230204953602,-0.2766889907380963,0.7300127283936177,-1.2080401990004268,-0.42538776856450466,1.033190255078214,-0.07136430466891264,0.5611285698908985,0.7447575904271913,0.4706492614967528
2017-12-01,1.232796829458322,0.2770594059242042,-0.7110304061434352,-0.7947277991955746,-0.8912290644037977,-0.33290501657585303,1.1123190429200451,0.3565077875192161,1.2836642951880766,-0.8928890059720319,0.5454434965269728,1.2106078901345947,-1.221435495842315,-0.24438992889135547,-0.7848083656680985
2017-12-04,-0.33044252662546314,-0.5273368509894879,0.8505825354828574,0.39193478321087494,-1.161625220634626,-0.5257431294396004,2.2131989550115994,-0.7232720423119912,0.7166647012818494,0.22678135497098972,0.10805122319916599,0.34831390986748223,-0.6081047569235059,-0.6911687764221113,0.22547737860157754
2017-12-05,-0.3647977572830916,0.3039768562732005,0.3428913973102887,-0.05325954319779497,0.19013817629872043,0.48644833243938246,0.16579065121196185,-0.009080270490994469,0.13816493863575707,-0.6335477473724205,-0.7139042356320547,0.007121799738712409,0.9006503884460948,0.8043130537124227,-1.3400986469909164
2017-12-06,-0.14194547558458193,-0.3236844530153711,-0.5527929411643824,-0.3747219053108988,-0.3821276362832746,-0.40737727209729413,1.5455999622905945,1.1302101012699486,-0.8573216769805558,0.21703205581227847,0.4423655799992263,-0.31565686166195506,0.08398748116866095,-0.06141223334985879,-0.49682780493072864
2017-12-07,-0.372891735979701,-0.30434439731297674,-0.40251877085351295,-0.22324675389248713,0.16699428231551078,1.2461414573015555,-0.3008391447804958,1.0974137457431494,0.27651251017991607,-0.39198350626288275,-0.3731759061083942,-0.34050414930960793,0.03215420812154118,-0.1423234301539772,0.01135093272383797
2017-12-08,-0.6564242751003029,0.6313235282501226,-0.39102769084329597,0.0026713582984847495,-0.6271976516046381,0.2424970821646545,0.14277746103240285,1.5396822445833651,-0.3755794618722974,-1.0315070017309727,0.3145980313870582,1.1340383367382119,0.7389298387428365,-0.6369044059298121,-0.9048170212465608
2017-12-11,-1.3561177850851522,-0.661746824255434,-0.4361843563984693,-0.059472322915478104,0.13004903436128812,-0.31358499014392144,1.1857115717922582,0.23497190732317652,-0.36091687731133615,0.7391886930421657,0.1853515371594801,0.41916723526482413,-0.23287019846444934,0.43095400361956293,-0.09921819199047877
2017-12-12,-0.3951550612204503,0.667186027915776,-0.3552211274905044,0.10617922272344951,-0.8667970494348771,-0.004986121510947711,0.202266443261726,-0.5117354251210151,0.11258379735842888,0.9917881516941867,-0.47371357921346513,-0.15983246151011551,-0.21043022485509377,1.1356728275525976,-0.32712704349749555
2017-12-13,0.5840767005325623,-0.5530419611089954,-0.3803017944631554,-0.19709965503208088,-0.09341591113395942,0.45188634784586457,-0.45834517678485975,0.6354287161568667,-0.8513834032314377,-0.2355542736350216,0.6561775089463192,-0.689724300093691,0.2022900010835818,0.025929473848973997,0.630916564875431
2017-12-14,-0.17868792123439317,0.9436133192852214,-0.8221523360261541,-0.04535174095696637,-0.27539988416741545,-0.2610057284951698,-0.4607125011154103,0.04786757578202394,0.4575375531481305,0.728317490511328,-0.8660678910466212,-0.9174324913818265,-0.33536496354629985,2.202065298641568,-0.7530360196233381
2017-12-15,0.6207930418536576,-0.3050612731721146,-0.24426203181612183,-0.39342804501672624,-0.9499992149163552,-0.6950228146346386,0.7810811866023777,0.6026370174257981,1.1828751340036054,-0.33335342933889006,-0.27715108824686263,0.13669507510351586,0.08943337984311961,0.274517486078946,0.07396127786521366
2017-12-18,-0.379360859924773,-0.4072810987785301,-0.05565932029273672,-0.30546280071545534,0.467844973258711,-1.0404002543312443,0.5165919508576651,-0.0160030154951063,-0.05647138186307912,0.028834828808410207,-0.20194342443497923,1.0069131391303863,0.5444753864835732,0.7464282739105517,-0.7571965852254873
2017-12-19,-0.6931309063464332,0.35141581584985926,0.658519261706171,0.6941757524935634,1.008950891291552,0.3519841078212761,-0.45882975361534173,-0.3000939608354489,-1.3105100472784148,0.3555134020388613,0.26224259979305486,0.140346591487282,0.11685884830293558,-0.48646657926204806,-1.0990365833126272
2017-12-20,-0.48832159610229176,1.2744894449548692,1.425121107587308,-0.5118389430538832,-0.05117038352134928,1.4640056845090652,0.904237459943011,-1.6756443653913795,-0.48857862051012235,-0.16076037281500732,0.11932467682799275,-0.40764759666784056,0.5240028694561019,-1.0990416842573227,0.015494630628073436
2017-12-21,-0.09361652128793319,0.5163480471923578,1.9959719987746307,-0.7407525842687501,0.5639977957898066,1.87099450144666,-1.1302973630701214,-0.5846864210905804,0.7831183659702045,-0.068901433957539,-1.357281321982898,0.5142563458085418,0.6301939952367848,-1.5661139530140433,-0.13314541631201893
2017-12-22,-0.34093049203593984,-0.8566234669695889,0.1911281830321388,0.6478145891121572,0.43069203585757154,0.2951859687732105,-0.3129466694602473,0.09030436719979594,-0.5824313201306425,0.17610966694609148,0.39683575346108596,-0.3549843405884297,-0.25885514394243203,0.01594352320205826,0.20848322456962426
2017-12-26,-0.3354302389406432,0.14146899017400494,0.5832468342026622,0.24891423158222137,0.847762122727723,-0.45129425740011975,0.23274641213606206,0.02686775205685693,-0.08283445903309028,-0.09870911220800382,0.14142060186419536,-0.5967009066326181,-0.07087174207495428,0.06558551029468124,-0.6030405237763141
2017-12-27,0.2647922585020819,-0.4777747514302174,-0.5626442086007025,-0.26319911398979645,-0.12415903568283115,-0.7579913414074673,0.6928634572842428,0.22734403120199906,-0.6608529339536175,0.04253025957181655,0.546941154709473,0.9245455768373763,0.29783053848625207,-0.12842400096218023,-0.10170579609119632
2017-12-28,-0.017935258644841804,-0.7956890326978799,-0.2977871028432738,-0.17738655220353372,-0.012192892777374939,1.0257542076991877,-0.4501894746611807,0.9024904546840663,-0.24777347948264122,0.49026053269192393,-0.20304462510583754,-0.5066830927069957,-0.023280177071332148,0.21387444609060718,0.02847382500949991
2017-12-29,-0.4425563706397091,-0.22835166253947253,0.10731266214950824,-0.0346510444840209,-0.4195443190613663,0.22575958412153102,0.5558479402441809,-0.3017086022338471,-0.06441672733039039,0.1100115056645819,-0.08270763519415814,0.2368548983432775,0.19039314922959416,0.5655497238717122,-0.2631607437967627
2018-01-02,0.7753267084366064,-1.1140985352334858,-0.6741333544351149,-0.507061754450986,0.17118101244318418,0.039534733654145726,-0.09537771365599179,0.6070677436414225,0.6418659988156674,0.023913403349506618,-0.5829141586730973,0.44207068015565776,0.13241014893923864,-0.5191035864290643,0.6763726030305768
2018-01-03,-0.23778426142163345,-0.04212747842292175,-0.9694375178454441,-0.9892896641133722,0.07345148566547932,-0.5179448285265984,0.07783860531145681,-1.2600922402312915,0.8793828479601096,0.7105792956091722,-0.49559328214973886,0.34240343876887636,-0.5637493818711572,0.8995657829796764,2.084060364565949
2018-01-04,0.5821330488365081,0.1267104451067329,-1.0419359202804612,-0.12695278747527727,-0.9408501957961811,-0.5508680750968569,0.6647617395716118,-0.2282972581796187,0.20937724806180805,-0.4527653186648469,-0.09470549851589766,0.7702459278906776,0.50014146900798,0.9838976763660652,-0.42014073762365034
2018-01-05,-0.29067057008088687,-0.2256407076818111,-0.11107008691089254,-0.22033635021285156,0.8661823490000093,-0.30391702758778255,0.22381769736869783,-0.01749433824202193,0.6581557573835306,-0.9850089860418464,-0.1398483285731098,0.5804394533784054,0.14224095046238155,-0.13701336893267912,-0.09582533481999975
2018-01-08,-0.8493939305167665,0.3470752288288393,0.19466273767275263,-0.31972634392069793,-0.1679467745463512,-0.18578277928941958,0.12576003959738652,-0.589172351740089,-0.0957183973119467,0.6002425044168133,-0.17477739967537587,0.6720281753448103,0.028731351350601564,0.03047803281511846,0.5683644023205467
2018-01-09,-0.7113772217192158,1.2455046204691977,-0.7616141365046709,-0.05958985576591802,0.03570895244101968,-0.9251947228072959,0.2997548951733098,0.38910109136260596,-0.4141251858937977,0.10564263383403005,0.02515477584267145,0.5038491766781381,0.1775212643036439,0.5674129461685251,-0.6274224300407605
2018-01-10,-0.30894864552543433,-0.2691596368875958,0.5895055415648335,-0.1922846374612358,0.46558677375938096,0.06319611160832639,0.6292184020643621,-0.17065938649747073,0.5584819694492755,-0.9747121831368507,0.4768622916004305,0.7330417506988328,-0.008644345116603058,0.10314689676620034,-1.3855695223022515
2018-01-11,0.14575213160480427,0.48714862751620736,1.8755245771951374,-0.6285183889172643,0.6974030256032908,-0.4667677274784965,-0.5995531045306441,-0.10168573669858261,0.10256724414082852,1.4021505836431511,-0.31372812777689973,-0.6785801287851554,-0.2581590315765159,-0.7951046876137883,-0.05519504154530264
2018-01-12,0.6894640891800233,0.5414826205197829,0.17725747874044562,0.2042755815782703,-0.21425359505748892,-0.3182500124949689,-0.6269498246904804,0.11054096817782422,-0.7303102774092922,-0.12134880092417843,0.7038949538238493,0.2153433012582308,0.021334261779008212,-0.6553549481622436,-0.0918138018529655
2018-01-16,0.5263603946781915,-0.47217649237405257,-0.7975914590487188,0.6548397354964834,-0.21901708509616546,0.22475567536871321,-0.19519040713491664,0.5264226840825039,0.12704422306261787,-0.8746520751678288,-0.36236506295286963,0.5336509539137827,0.44875503187163,-0.6700401746180245,-0.010550731213783582
2018-01-17,-0.0426400651476562,0.7708358734721318,-0.4142657125731508,-0.49916128192587456,-0.3155792745521143,-0.4138692011745806,1.0199984345515904,-0.2823369972157004,-0.31204340884813475,-0.2441254116729651,1.1904345181215987,-0.11563076602379548,-0.6245639087497825,-0.7705820803501174,0.9160836983098286
2018-01-18,0.7247731052603725,0.25612826852374976,0.30929579339404056,0.10516665554369975,0.5537973345038691,-0.4063122496008079,-0.778840620105807,-0.7820793681832032,0.32038105632050806,-0.4234447294986685,0.04573460983291833,-0.2939438338204793,-0.29202863256443656,0.21146174426650444,0.14773231607975967
2018-01-19,-0.21514436460343903,-0.07964387788263144,-0.15089752972783532,-0.5252586419920987,-0.0432534566461229,-0.0070773564297123,0.826073693319053,0.24203602015592734,0.14008091675791842,-0.10228498180799604,0.04323101277288165,0.13335023813400473,0.31520754754645375,0.1816146302425266,-0.4407034306263995
2018-01-22,-0.9278925710487151,-1.1071597460452378,-0.6015877648053994,-0.08292963864603031,-0.7681847529023276,-0.21098406219011423,2.1900220577724014,1.013652412982767,0.11028175164902265,1.0720229014423497,-0.4176882449228718,0.45058912877518686,0.3192400277101093,-0.4897324537118193,0.024866291892639003
2018-01-23,0.21531742663286313,-0.30171052490634453,-0.9795000874655665,-0.37696359928490347,0.5362133308126733,-0.2811874140574737,0.29533468383305506,-0.223307315624115,0.04826488479926905,-0.4422308674548985,0.44401995218066526,-0.45331488309831486,-0.22558873284541026,1.0191516875013853,0.41861675552192534
2018-01-24,0.5538679085810684,0.2978583803937387,0.4705726575521061,0.5584785567296551,0.6449524227513322,-0.83819464541308,-1.7063904331875994,-0.4118059413830324,-0.7346376565013983,0.8913522712657027,-0.9073960082838362,-0.7371681992995389,0.49218146720228195,-0.03154433130731232,1.204246199276288
2018-01-25,0.49468299760835477,-0.41048843453701056,0.05579121875897097,0.3786394946854583,0.24396309587745768,-0.7364589773241377,0.6008571470807168,-0.3550718896362288,-0.20724613474273057,-0.36823324319145256,0.18402990649547657,0.27031024861882247,0.005723184691116545,-1.2014037187766597,0.7294650688369171
2018-01-26,0.1875922089474284,0.5970799154998079,0.18888300538879202,-0.8774487671939513,-0.5084990005308174,0.8965610472478455,-0.07677458276950364,-0.6704937565837481,-0.5938049089958712,-0.4770420119990913,1.1931572063948546,-0.11947661909722221,-0.16562509332276698,0.014192857000181774,0.48002676635984926
2018-01-29,-0.23651561142629274,0.04596558007276674,-1.1093803832580624,0.6945442603577703,0.017590338667084815,0.14311609862308527,-0.25868538868145685,1.5634442199901402,-0.23771111493502506,0.0025856901565020074,-0.3039862228080974,-0.055736869855520066,-0.18639090348781906,-0.6421991711618518,0.03980051828123932
2018-01-30,-0.21420348404554135,-0.039599989481600595,-1.1630057926681936,-0.2992210836369007,0.4542576600085908,-0.06539254648166226,0.5036869120547391,0.6812695010889176,0.39036988450203824,-0.4930681441598499,-0.04392465493883835,0.10717879980302825,-0.19574236175530002,0.10404317042196798,0.008474243271520798
2018-01-31,0.6263666214808572,0.38965800290930697,0.18395107452654033,-0.10370376952987165,-0.1780744939563478,-0.3897821968829185,-0.35857409856250777,-0.5582989489553528,-0.4198039199213161,-0.24494338201152344,-0.5259383738253804,-0.3956939468570674,0.7337410662486034,0.06417132124677383,1.0401350093301018
2018-02-01,-1.311473344586069,-0.08531885828431551,-0.5742333516941118,0.2914632784708223,0.05372614009012411,-0.45171187337026164,-0.23730131939811405,-0.21633773332383616,-0.050386371796654505,1.2500181753428274,-0.7998544297760499,0.26477312969267186,-0.363132660825247,-0.30747861586614045,2.363982183845221
2018-02-02,1.346634888583498,0.7182870857548234,-2.7439509524395733,0.39540202909429434,-0.18050307851552638,0.5289936067269281,0.09403244891054197,1.268795109152245,1.2510227367808704,-0.9200298587887006,-0.7036964725475077,1.7369987155220796,1.2907636303525094,0.3145889774805304,-3.9498398242933717
2018-02-05,1.1105127616884785,0.20210427267884556,-1.9702203671490457,1.145604023297988,-0.4846036492158525,0.9279352844963968,0.23103146523415896,1.5134186917230088,0.006168728541637858,-1.4553515381197344,1.8881046040321796,1.4054767232924488,0.1002675489360687,-0.0919086573921466,-4.326587826173175
2018-02-06,-0.15429450710995496,-0.18540520028184893,3.454258799274794,-0.6019849286213562,-0.8503170371881854,0.9428490340029059,-0.030781845695896426,0.6730083423969058,0.1480232010012148,0.29641927059200623,0.5617983786442707,-0.6707548731060079,-0.49414298522151406,0.916993620934129,-3.669167800920273
2018-02-07,-0.11734894771855298,1.1564830986273646,-0.24379495730314293,-0.4571333999413496,-0.145915884160557,0.021585862066654693,-0.08316163657853748,0.3851917643014393,-0.07578711746905631,-0.4655177617370474,-0.16622039765252372,0.09765401996658829,0.3146900631989703,0.2415646945560611,-0.4020723683447236
2018-02-08,0.7264749572377169,-0.25287286088667216,0.5356537840775704,0.48145273360308893,-0.7094638449302071,-0.7344209158106954,-0.49422509328632946,-0.006058012009712455,-0.4277351835856411,0.9058715331584255,-0.1042604282363282,0.2472311262821929,-0.09911738189989139,-1.7402093389371172,1.478747229438392
2018-02-09,0.3070960722365992,-0.5179464512101112,0.30479235761520884,0.5441165472842583,0.35910366207895894,0.6516841250505933,-0.6205552319230274,1.012260469491634,0.020336053715098945,-0.28846302856345485,-0.8484339756161846,-1.3053824852756164,0.17268893156820742,-0.20452560434410882,0.43741295898782695
2018-02-12,-0.7614315900303148,-0.09644933565213565,-0.7530629241932892,-0.39140758085907335,0.23542691881980637,0.627132130735438,0.04291757120704487,-0.28248731328733373,0.3602568709471925,0.566708852237807,-0.22024326982978004,-0.12006651527045831,0.046626675787994065,1.1795125316217305,-0.39225128421154454
2018-02-13,0.2752388007853684,0.5193361691773601,-0.6266923890291446,-0.9468360307480749,0.3748832858222001,0.3563925601091379,-0.4110855655995773,-0.06681460929358862,0.7902688674810308,-0.029000383342179026,-0.41337141957610085,-0.2982203248029387,-0.13115406961212556,0.7299544589279464,-0.054334423554788756
2018-02-14,-0.5815873146726062,0.8968593854937184,0.11496781544522863,-0.30749487214804905,0.971448267740165,1.1515901621569506,-0.49090726844730853,0.7961408900650513,1.1195238979081001,-1.1503168262708856,-2.123744537198709,-1.0342232469219401,0.46079556304752844,0.08389262457486818,0.14556089915913023
2018-02-15,0.18703380830735447,-1.0533540385404243,0.45838277246694104,-0.8120822087239099,0.7477364659424,0.9950506858221083,-0.9753010802730371,-0.06500032459866961,-0.14815844108111764,-0.2927526739887805,-0.2533216542129352,0.4641757326165795,0.36284582316593766,0.2916714487237615,0.20262243500472246
2018-02-16,0.442725653883169,0.3122242299332417,0.44083669531164826,-0.5066561815916363,0.1679482164631258,-0.4634556059123944,1.032968222263461,-0.20020035243860623,0.4119339469567907,-1.2071909541479338,0.08653098705120191,0.4120264260548949,0.16669609743317004,-1.9399421032584507,1.0276691016244106
2018-02-20,0.28228057342990887,0.29263045686145583,-0.19048956192062882,0.8979213839355948,0.1783701538184033,-0.4391317984885907,-0.4841756442500005,0.29622938102682916,-0.355225345077242,0.021456415854933186,0.21246461227383884,-0.86861367773922,-0.25991234860704515,0.7039486726614177,-0.40943014405240247
2018-02-21,0.453761854710665,0.3294015862286066,-0.15450853215734595,-3.6937228270167464,0.46857421356684803,1.006800046110449,0.6793587133086895,-0.37750649028126715,0.6942028832216265,0.4439912627873741,-0.3643095012572968,0.5247919268031191,0.06391686076565861,-0.0980112583251207,0.17686277381935
2018-02-22,-2.774030659625508,0.8302537174113098,0.39453827680072495,-0.32172629237903444,0.32060720013621236,0.28281174338294623,0.40825434295433327,-0.4885150454398127,-0.4903888549287871,0.676298407601281,0.02920079188408331,0.39289612943334484,0.09780890769344697,-0.4192222910838874,1.023992029352594
2018-02-23,0.11338029308009401,0.9800493798335947,0.4206650193295973,-0.017670784216758495,-0.4342097465682718,0.38647023823739945,-0.0338069843306843,0.32171244783295583,-0.4361765681974855,-0.930408602900795,0.7301895883369909,-0.27710902577512186,-0.40604568588280954,-0.8760588488324306,0.5459309574328315
2018-02-26,-0.058264330667371585,-0.42213959086217434,1.0525104406229295,0.44481541109407763,0.5371859215520199,0.0796628875701269,-0.37424021132978885,-0.5681627785067409,-0.717863878525516,-1.3398583982941306,0.4948933532093833,0.16347229238472255,0.5161234995246247,-0.903625252520884,1.2436682220384008
2018-02-27,-0.6436784824428903,-0.20119490004128238,0.14885394538027796,1.083099376913876,-0.8345801016966552,0.04052801354374935,-0.14994341171780212,-0.4471821716076868,-0.12649880407771386,0.06167149577200781,0.3663440206204859,0.7177552327284153,0.14913320164851218,0.501383303119588,-0.6289065858435045
2018-02-28,0.723898433041912,-0.08539170816486097,0.48852308182577553,0.1534417155542569,-1.697032048096803,1.0331857297822686,-0.09650475361861632,-0.39723494960690076,0.010088960193076035,0.09025325864157008,0.18041037653791392,0.12565075417899596,-0.10953494704482725,0.01923069542207978,-0.42435050134959007
2018-03-01,0.5614020517964844,-0.5366020970804866,0.22592208032243566,0.18641720909865211,-0.09883623406275785,0.4994037092445956,-0.34729091584556315,0.18430428652091155,0.368080809303597,0.2144211160502052,0.2389426953112136,-0.04424698557741924,-0.29003143988988567,-0.7909192644166839,-0.30175818987682373
2018-03-02,0.5807321586246244,-0.4698674127084303,-0.10620730356349824,0.8037617692324437,-0.48228496359803946,0.1067115590711104,-0.28371413609705615,-0.19101328577731272,-0.0379446733386562,-0.12947301292781516,0.2512811397741465,0.0505751526393247,0.34717738571004353,-0.7428270558450704,0.4617340206440396
2018-03-05,0.10423195844672595,-0.41368500538244507,0.09629166565028258,0.5751653189571506,0.02923932763535758,0.22599130056090094,-0.39754847043431835,-0.39946510333982205,0.5049344156913488,-0.1520919774709003,0.9570574280154881,-0.0024752919512567306,-0.8681282010053538,-0.27483757191976876,0.0692573908740639
2018-03-06,0.48089915120327537,0.3015407579701367,-0.09062879309208555,-0.31215511381046884,-0.02135985092556475,-0.7160479039797109,-0.22814408849016882,-0.9232841876388507,0.7583126565693918,-0.30764369058914864,0.28277800323307034,0.5911888508645966,-0.34782922537548067,0.8103501194916661,-0.2940763056775573
2018-03-07,-0.13040203878600243,0.1508618722579179,0.5629995087583163,0.0989070014444195,0.15004919573507092,-0.26274926583864316,0.24807759036773036,0.20607416299197448,0.10008800599473888,-0.146862491767763,0.2856451040181215,0.22991902968482825,-0.17303303976076936,-0.024425731028442477,-1.3509394523845573
2018-03-08,0.5319736330350981,-0.8064577522872817,-0.35879826892765176,1.9914819798296308,-0.2604126447186259,-0.6764163010957449,0.13681164889638475,-0.22908731933612192,0.6781970159225849,-1.8142881599193537,0.29295653744857586,0.5766567585992107,0.19951266357535702,0.07770503561593789,-0.05446239640551988
2018-03-09,-0.7012747174072522,0.4884823749186833,0.8480788969759083,-0.6454210543229029,0.2187806238629273,0.3354268679318372,-0.18943831671216893,0.00808665210755577,0.10701506134026717,-0.3644993134501435,-0.4246063571710569,0.3807702476284842,-0.17933395380830341,0.787714984771881,-0.7545297746737524
2018-03-12,0.12744706537376688,0.3300376765345729,-0.5246002957452897,0.3766605149115263,-0.5451684787720371,0.3948538664568302,-0.04346036771166778,0.39506140135522794,-0.21335788593375338,0.23852571667409272,-0.13557570461030466,-0.9899728212361553,-0.06313014189257005,0.26400873814891124,0.4359623814178273
2018-03-13,0.5285363025046612,-0.6329530586570369,0.12712974336197688,0.4931886349345731,-0.02257823060425246,0.0686729659601249,-0.6267335937567795,0.10009576557149177,-0.13880245536398939,0.8406217478268451,-0.30680793760795433,-0.4109709838072043,0.4746250555642111,-0.21989869239476967,-0.2567869233545145
2018-03-14,0.5100798771499593,0.17606908584723652,-0.4609613786895346,0.14507959460080078,0.11312593813284529,-0.3607207156005673,0.3211519435249455,-0.01849890792228079,0.387691245608918,0.08008644344055682,0.07019915128475501,-0.5342450136449842,-0.39693212508910675,0.5206937477139164,-0.5813788006303073
2018-03-15,0.3398515360687729,0.6327649126306761,0.8499420232711028,-0.33452790046899694,-0.13899901884783916,-0.0025839117144579316,-0.5108259354501467,0.20587842994345262,-0.5778055049836665,0.6325398513649113,0.5243553060798527,-0.2745839499861311,-0.16514998500296862,-2.6804806506063756,1.5059471641798714
2018-03-16,0.36488929007832416,0.15348385590999492,-0.8436587001957812,-0.23237245829661862,0.2969370709675214,-0.5098409704932395,-0.06471898667683074,-0.21539699120030026,-0.03682554958931594,0.09309952017501721,0.2244890395853658,-0.0316670351825763,0.05884456541414451,0.621828036255748,0.12455822662247062
2018-03-19,0.5950170993810144,-0.36902408444648405,0.49039195412272585,0.2356317904269296,-0.08122889790658738,-0.16427587138445454,-0.25486714512934094,-0.29194346552658335,0.3253814900557669,0.4092986556057274,-0.18544727744085532,-0.0019067360962941038,-0.0009568691307850763,-1.0949120344188275,0.41634250675950235
2018-03-20,0.4617066496001226,-0.059840102759364466,0.28245578046630015,-0.2964403541643066,0.23359487746129992,-0.6503203503502284,0.2001095631756309,-1.037254219964804,1.074369173071434,0.12129505641672578,-0.26886359063073073,0.30964174593147953,-0.5284311424242343,0.11070185103363844,-0.0818021582537255
2018-03-21,0.2728208587176608,0.49844417032890975,-0.3128554181085912,-0.22545139547767845,-0.028428722877306356,-0.3127471540812117,-0.10651018743202334,-0.17792108053313394,0.552630937733106,0.8124047518394035,-0.13867779507474443,-0.2800555979369592,-0.34100179026278465,0.25479333454019404,-0.5757910492541061
2018-03-22,0.20389424146944068,0.20035216321138216,-0.10737759063966079,0.14010815911551866,0.29527793648152045,-0.4310824601988346,0.23270372349279667,-0.33002222603354925,0.7990766054667271,0.27413649152714303,0.2711583129214492,-0.924573402095638,-0.9393437304637559,0.16841863292812687,0.08576965980889706
2018-03-23,-0.026108238115433474,1.152830411783678,0.7975662449530951,-0.17972296510877656,0.5806006149768391,-0.2612096620056779,0.21392346316900496,-0.11029857665603249,-0.5438698469505612,0.682079436204399,0.3140134906400398,-1.2784152938484703,-0.4329104130295991,-1.3553787623583977,0.28359061702427446
2018-03-26,-0.4245269992131708,0.10618925726688722,0.13597006051011218,-0.22567749587455138,-0.3411086988378119,0.6004914574289204,-0.06375163301871978,-0.22253261397536228,-0.16540349467743187,1.4148643618260168,0.1884668866350876,-0.32425120355731313,-0.09071423482709484,-1.043888101010693,0.3856859825920951
2018-03-27,0.7079864344061055,0.7728150735418126,-0.03935502755215614,-0.27388408882894894,0.22951391118987685,-0.5885504539603519,0.15878209149862188,-0.017121319366400833,0.09412274051168967,-1.143350442243037,0.4778124365632409,0.3888559159990236,-0.5616712140925626,-0.2689302121699822,0.003223553431293158
2018-03-28,0.9756332149790392,0.7477077010070066,-0.17917486558852902,0.498193767502826,-0.1657681093432899,-0.5708972695599068,0.23045431840857267,-0.01512234057024564,0.21733514664326647,-1.9180840581010954,0.16524886668521832,-0.0971286588645599,-0.37419079898773133,0.2944419536115973,0.2819012090761247
2018-03-29,0.30029620777595434,-0.5206131659068477,-0.2687816752555354,-0.0064536343275773955,-0.09988971433191152,-0.3064056660482627,-0.10361963794786733,-0.1819926766027744,-0.34056290477725826,1.0018944054030139,-0.08870305577418724,0.29783229591592253,0.5029071689859297,-0.805045019769131,0.6279569741395346
2018-04-02,0.27768966112428517,-0.004437977414294636,-0.12532586449934258,-0.5516881935435689,0.08596027532662665,-0.24211862119145877,0.13404701959060372,-0.0076147962388793955,-0.2919134655121449,0.8499195478781214,0.12498108799376928,-0.17038428448339904,0.12159050849998287,0.1341408545327789,-0.3944975275056607
2018-04-03,-0.8675051404854974,0.577247347157116,0.5033233667430189,0.30528709394902176,-0.05695787481325154,-0.7456512956040786,-0.34661240750373323,-0.1908402177543359,-0.33459450734751417,1.108349627647419,0.1306666098359921,0.05807380613061652,-0.08870797830559007,-0.9717199782279438,0.850672929067814
2018-04-04,0.203946806843985,-0.2649873333812671,-0.37212948434831095,0.2000804796297066,-0.08662804247734762,0.017387152516213422,0.036040783029036266,0.28674424054397,-0.1606350499336579,0.17599747006071037,-0.23383927386479825,-0.02868341145227355,0.512150563846197,-0.04315217718921652,-0.18882818043375213
2018-04-05,-0.26819630814253925,0.04353760114702088,0.13271542526842972,0.6131238795257706,-0.4558169380099927,-0.02118046546572605,0.033629285437037915,0.009164969760999897,-0.6541870826582565,0.36160233319982726,0.05194466521395036,-0.17177437254838457,0.5764654273364163,-0.2267434405779899,0.012706040474816716
2018-04-06,0.5430459147814841,0.051619915208924505,-0.4263876890976648,0.20875945904038906,0.06471637900146043,-1.4567663020886419,0.360152199922254,-0.6511624814789747,0.06789568266676071,0.8025217146174548,0.2605710416046463,-0.1733465688669974,0.4692869684800006,-0.039819798865358025,-0.10764771819027918
2018-04-09,-0.08881811689896729,0.9121271053040981,0.40762203199739366,-0.18189440088696857,0.603078006236227,-1.3720276803631424,-0.7395220430598773,-0.4009124735519211,-0.7267709274501496,1.0996380996075985,0.49678829567478167,-0.34806982040766604,0.5254050502897072,-0.07296781021241958,-0.17287718217244524
2018-04-10,-0.8389606852413762,-0.4822513063070224,-0.5189322582511489,0.6617394364802056,0.4371718540755247,-0.21482634299571912,0.4838639248100338,0.35733493735161104,0.018142932959559044,-0.46162873777260915,0.055187920892540765,0.1919735676430041,0.1872698487059461,0.003181116555520447,0.14271493042068628
2018-04-11,-0.00866908421539958,0.005289093520901789,-0.2033284124734852,-0.2400818853200038,0.1686054310173315,-1.0466713705828037,0.27160983423019336,-1.1317280024638798,-0.48030354298903366,0.5910952048365904,1.083091736625871,0.2837182288402803,0.17047012370176917,0.46676240442724715,-0.011743674140632487
2018-04-12,-0.14857951840322567,-0.06270840048967956,0.027052714499654455,-0.7409031290333665,0.32175975665996104,-0.12259507166988502,0.7200016362911267,0.1454119648293905,-0.0816556899471736,0.18576319124550875,-0.051044060848459874,0.1550330073518835,-0.10929888878024045,-0.34534046453344336,-0.037929590494875425
2018-04-13,0.739551772794779,0.29688864777775015,-0.14145131192881016,-0.05124343045171709,-0.4781925013284639,-0.03092656670206717,-0.3243694456908398,-0.21961946716763045,-0.2553685127312466,0.8495441724757853,0.25144464737681926,-0.4884413213071939,0.2358322353341667,-0.27011806878405803,-0.06242972513677758
2018-04-16,-0.01616396604148368,0.3521560584416943,-0.9601010291165921,0.29864066280701596,-0.16809486785933178,-0.45764020440051,-0.6324322501008737,0.1604461414797349,0.2925686677724597,0.4638592215321634,0.24922103872446044,0.1587704518725837,0.09868605912521922,0.4080181824415755,-0.14754699878339206
2018-04-17,0.38155215231323775,0.21832750721887256,-0.24838533029192966,-0.03153007995019286,-0.22864703107477835,0.751697794679909,-0.3330380037709034,0.8257498950838915,-0.044282474793356896,-0.17937869376766286,-0.09313224423219923,-0.20063652900994078,-0.15931396769734818,0.03136991648653176,-0.5744639016813083
2018-04-18,0.5606703737293031,-1.3192383153405276,0.3309909401946517,1.1389858674333344,-0.3025251059758113,0.8150703177694868,-0.021023234086213982,-0.08183380649221972,-0.07120283384432011,-0.5064331866093935,0.15365898833143354,0.1276212577679834,0.2169871758230783,-0.7224824958653326,-0.24798103478416333
2018-04-19,-0.7714138610604903,-0.11314084193796256,-0.4471979018298524,-0.04547902047106206,0.6616539893168939,0.5077538823223945,-0.17297163914795127,1.0795456033757567,-0.3114147858709908,-0.053635963210727805,0.4678011938772495,0.03295745852432823,-0.40911424458181617,-0.46273852532472065,0.04033785874740828
2018-04-20,-0.0023969517476366553,-0.34410830665091796,-0.4364181111988782,0.1727303831747405,0.13708213137795514,-0.08120063774117323,0.21767566657730525,-0.016919818115350926,-0.007299668202494114,0.5737023607287942,0.15031304185456598,-0.5058271105240105,-0.057296218029460624,0.24684485808863804,0.006295317808152234
2018-04-23,-0.09063661648036425,-0.4208441674573108,0.20720397468056878,-0.08589728653541209,0.4012549482382441,-0.07497057685260129,-0.06922153756113908,-0.44830917605498094,-0.1771884334692767,0.36573530492762635,-0.07451238449879935,-0.4404191010975979,0.1248716954915404,0.624705905067614,0.17768332420934985
2018-04-24,-0.3484096642115829,0.2055332217964177,0.23919149366008918,-0.273443723300155,0.3054324118216343,-0.3780227026312309,-0.06482335595380062,0.20992117909711422,0.3227663555879836,0.637021195457362,-0.8037405801186145,0.16362665862183357,-0.1487146230416288,0.15460793958956354,-0.2524446282589876
2018-04-25,0.003249159917949773,-0.5893372235352332,-0.3395930562381244,0.2594309155522704,0.1439325798213253,-0.14188551934086582,0.05640523765920702,-0.2889475938059657,0.27847049745969443,-0.3771313531889288,0.0782699611412272,0.3089358259449353,0.1041359095949497,0.019658404955181286,0.5027675764553008
2018-04-26,-0.43545206891266974,0.5130958615676908,0.1588321733582555,0.3506445752888427,-0.022504008284139898,-0.8121162403663518,0.1614417589205972,-0.498108244568308,0.3339679671029645,-0.4780371033166895,0.553849913853419,-0.17811235190736563,-0.046082805745244704,-0.5039705575825895,0.8037347315983769
2018-04-27,-0.6250319440191082,-0.9067820442064234,1.4312786182310282,0.2508058490676418,0.5297716594703059,0.5095699430948474,0.7830995188663489,-0.07561766855782713,-0.22303597008039655,-0.016570274472396007,-0.1955160634987143,0.043558532692724306,-0.06282746222885227,0.3102006910806,-1.9581186574862097
2018-04-30,0.08407375476919854,0.07702162157393169,-0.34522718133877445,-0.5254408403770084,0.36044475090365735,0.8502120487318507,-0.19825436663135723,0.325970281478793,-3.295718855797176,0.13778504556465004,0.8472372524165603,-1.013745419356324,2.049783903925388,0.7133194683171651,-0.034199848630619395
2018-05-01,-0.597086788903886,0.5806774987809556,-0.14668903458605123,-0.028166006904346237,0.3234785118504089,0.41659707324483986,-0.3263730405893771,0.6211951588749212,-1.1924354373380368,-0.4206372162728066,0.4731895189605534,-0.030249267998353216,0.3269229785056583,0.5570773276447087,-0.5451241854107054
2018-05-02,0.4723483934888719,-0.5856466214400033,-0.5374373511495294,1.759102503606841,-0.650990712711437,-0.07997415298751828,-0.21292054908579125,-0.3734651771076911,1.284537963404372,-0.3730723680345622,0.6451250680999102,-0.11906510019896899,-0.24820378137357313,-0.1424776711440532,-0.6509013633965935
2018-05-03,-1.7504681183581186,0.501692998953519,0.6165308767623477,0.3400504754218707,-0.18527000585310394,-0.7526295565589076,0.3005297217729895,-0.841936950171655,0.06292509840247784,0.6701609516112412,0.26472889908958414,0.1614296162866865,-0.5654088478706873,0.5775415178017897,0.3875862896757504
2018-05-04,0.23597726349953863,0.7445259623425575,-0.6377486670538723,-0.16747403661110094,-0.6650798484372777,0.03239177706303903,-0.4964985838631375,0.5693387657872064,-0.027779143243590043,0.3199992046210847,-0.24693310802482,0.5203094994907127,0.025377992385451575,-0.4378922016919365,0.36197608557464694
2018-05-07,-0.29770077651190074,-0.05225448909962346,-0.4801683775672362,-0.21135422862777462,-0.3109433438664733,0.9286940701494162,-0.25543164284002695,0.23175029924545282,-0.20800661487977162,-0.3930229696394239,-0.3102002715217256,0.3048108080704893,0.08545663613012833,0.04565371956298775,0.9037365107909482
2018-05-08,-0.0378887296124899,-0.1421048616150974,0.7559401431039625,0.2765798738834796,-0.24732580053383824,0.6852836427305027,-0.9150605494868808,-0.1834131847804894,-0.30824041227236776,0.3304727674670622,0.4965474794672315,-0.17633855038279067,-0.37206162089039413,-0.3342311723533481,0.1497908482432268
2018-05-09,0.26075007169135755,-0.4880563166488878,-0.1643186951956228,-0.17510655705594136,-0.052062667120556405,-0.6656856183588934,-0.40241663994100074,0.3973353387859375,0.0659021539461051,2.5171066000467066,-0.750531081835884,-0.11524922744790511,-0.5687226953733618,-0.15496473120537324,0.5928343093824626
2018-05-10,0.20948728589582355,0.2563047355734587,-0.29150080176094134,0.2875652278159846,0.3522450728697863,-2.220905216361795,-0.24448658991968358,-0.059190373503924754,-0.0002209352749913962,0.9816041340625984,-0.1701680907398472,-0.006793328653941139,-0.607550671601706,0.20140355944571364,1.5061626800837975
2018-05-11,-0.3473262762604726,0.8820999550129467,0.5397280616804778,0.05915297756415374,-0.07695214525368177,-1.3969038229579813,-0.3308398811140312,-0.4206249390116094,-0.40636610032539483,0.9028386485682047,-0.5731556279839684,-0.1844708818354488,0.033785510900154025,0.754004638334982,0.4686649957058896
2018-05-14,0.5677903499001435,-0.22111731006471907,-0.16256567365018076,-0.170179829636154,0.39954113506905875,-0.08465928805831047,-0.1311285587354893,0.06885728424202053,0.3727990089184766,-0.5110907042545305,-0.2634140425148692,-0.02090250599072002,0.28077080265041865,-0.11281821224819782,0.14371478146417888
2018-05-15,-0.05561593684988145,-0.3256805170184708,-0.3914663386365774,-0.2831351182591408,0.1012990257858074,0.9207050569191452,0.04353480473855584,-0.2282808370211178,0.1292048083328594,-0.6774147616833437,0.21792680882389454,0.12135541984057449,0.012100036952359339,0.5688227734280226,-0.0528589190326335
2018-05-16,-0.4738388300233341,-0.6662022026132822,-0.3179349871760007,-0.4138187239277146,0.24655523640057733,0.8159965584056722,-0.006369968839559537,-0.21701271985419762,-0.011416190975729545,-0.2800877874925317,-0.20322296827228198,1.1728326822707178,-0.10056326193878401,0.21220876180627396,0.06644870293624494
2018-05-17,1.2118176945334365,-0.9248816953747439,-0.9863241494564292,0.007487669136439723,0.7704152574605234,0.2071565325150908,0.3372487932535031,-1.305630684697389,0.7239809741488821,-0.015997284193293382,0.5278108685510083,-0.0939516527673705,0.6719190562961947,0.8906121603817012,-1.5699358225189237
2018-05-18,0.15138697690376013,-0.661017865158674,-0.5365552072218991,-0.07622638303358975,0.3237255855633942,-0.059181442918348814,0.4620576104915205,-0.42666659866334455,-0.2857395406846408,-0.23660852100577867,-0.18314286938420843,0.3903558028679645,0.8938916425871215,0.03788650558208018,-0.024890989033732658
2018-05-21,0.08283469807744687,-0.03429139958213445,0.4112601948956352,-0.09997358935201558,-0.13638155321544243,-0.02535129019935034,-0.5324267693680091,-0.1447839439296799,-0.3993112863819668,-0.4020437893008456,0.247425819540453,0.31589806257052344,0.39617487395654816,-0.20161283761241783,0.39625632523868937
2018-05-22,-0.7526525420248811,0.8413690475133574,0.23562978395699719,0.1664402523816243,-0.25822995511540614,-0.20152505624475237,-0.25521514770496667,0.27572991229516186,0.27533602510032396,0.31157031833193694,-1.1380331172995732,-0.26273726087045723,-0.2505638656912248,0.7262612425672987,0.4954188536770673
2018-05-23,-0.6036221144912689,-0.4172730012696776,0.25749489544348997,0.35627094952698635,0.22550729720935492,-0.24982958963592494,-0.17160319603111363,0.728958980059236,-0.3375779461889567,0.36405326194288007,-0.3434404102327163,-0.3033364501907486,0.18276759554714847,-0.4585082286528802,0.6684225076959911
2018-05-24,0.0543418689767885,0.36482616634506015,-0.31926626107854905,0.9329751397953366,-0.2972397470406771,-0.12727822502757125,0.5205781813107415,-0.09531186651959844,-0.10992105644103017,-0.47676384068160815,0.14481924812174596,-0.6517973069250671,0.7036627197169354,-0.13115031918653908,-0.5641578790117265
2018-05-25,-1.0589514063236485,-0.7695568243713682,-1.030105646206675,0.38838038573952804,1.4284862817391855,0.7040576433293722,-0.5373361003095094,0.6691531977458255,0.039404835226017454,0.5462198628731698,-0.35807758085435903,-0.4945565369075884,0.03519657730224335,0.5295670656565192,0.1878351356872605
2018-05-29,-0.029737256926625655,0.40767928256762276,-0.4688354551382733,0.5211950566001439,-0.5062200532900959,0.7420341792717887,-0.32732142435115846,0.7170764882053339,-0.018207405787415476,-0.5013050398382836,0.5323899927370939,-0.2222456945084249,0.11934604731815024,-0.6921170066565324,-0.08552532667019586
2018-05-30,0.6233075144770306,0.8654589571868045,0.5629007535626678,-0.8369181424628732,0.42763412328309314,-0.6736709566048416,-0.9602535182683075,0.43306235058851517,0.0004496782493141893,0.03811126985644964,-0.2360505939800457,-0.6957565562939392,-0.16324581662588478,-0.3794595351208849,1.2603065856723559
2018-05-31,-0.549354801306602,0.19497470684845786,0.057253106564057354,0.019529595879594464,0.059363767040742754,0.2699944171357813,-0.06481849150933705,0.5268278676355844,0.33375146939417544,0.6787374473052384,-1.1566521929614568,-0.11609966888036904,0.14623268489608332,-0.5589209098526875,0.34294273401659264
2018-06-01,-0.4031408778502661,0.9422750145476524,-0.7376470917159841,0.24746077394483362,0.622659039952392,-1.0191701916520701,-0.8123776006880529,0.6489501534845286,-0.320046598154174,0.23662334456446257,0.18922360073905486,0.4877268450940677,-0.08387069399154812,-0.6132741859256654,0.5355962491718419
2018-06-04,0.9473064437376209,-0.0005441176020366534,-0.5096503731788175,-0.9245406964689716,0.7451139586017432,-0.48712415866664915,-0.8296218437543594,0.22877692755987983,-0.20248822452023515,0.30545324219391556,0.12119348518921896,0.7118179781200344,0.2793055066337692,0.06207444151015873,-0.4793537004311565
2018-06-05,0.06871162621608723,-0.04328471734949768,0.6090491868721783,-0.8475811000852504,-0.7918177743219643,0.17731610103501924,0.44810818575373706,-0.2810472376903409,-0.269815596698594,0.30154762687389636,0.2572435133018175,0.21231579429132932,-0.15303660283785114,0.09553176279871535,0.03378703362466351
2018-06-06,-0.6232276986220038,0.12688011669171875,0.2828084237785401,1.5890770712300455,-0.5942512207619776,-0.4373812950826514,0.1701654795785114,-0.580713215099171,0.34670973363389446,0.6635147651483538,-0.734729190629188,0.02169769087279566,-0.5355629134143526,-1.0925878000789644,1.214166547896399
2018-06-07,1.2152639595488484,0.5960561824828986,1.0726238959971437,-1.0005399196570615,0.035827160868300845,-0.2883552829606484,-0.23612837722779467,0.17181277380322535,0.41952533913855816,-0.9467002048166246,0.05173627508539316,-0.6020502841314226,-0.31882043804649907,0.2981333334893186,-0.2619021193813844
2018-06-08,0.524296968914791,0.046861649085119306,0.03360034981497706,0.21677641953570156,-0.0756449711586997,0.015677380663131072,-0.9138677088589396,-0.3776053681521393,0.5073091210046201,-0.012906768973685367,-0.009097610328113181,0.17180744586302446,-0.6296438045034117,-0.3651298484267646,0.9784916209666443
2018-06-11,1.62278484779705,0.731483577673548,0.005874378754265219,-0.888398032941367,0.07482602283348046,-0.279531171956832,-0.6609472287468535,-0.058296649344822704,-0.2953865213162781,-0.039880894299720415,0.17561874417605758,-0.3560386164960283,0.48278491704814475,0.8065757769464905,-1.1681532571774706
2018-06-12,-1.9322944308375238,-0.6846495402195614,0.34500112251204673,-0.22117887084763388,0.4469967388207625,1.8052844052479686,0.3938822247653948,0.3475356679240805,-0.0998748814550976,-0.38602512878188056,0.09670668312696007,-0.5148348225958259,-0.33643531422629436,0.9496345786770631,0.0160857288187769
2018-06-13,0.5189843563957558,0.05888696852722214,0.1812862171133725,0.5965370168300674,-0.19684967215931098,-0.1935862666777283,-0.15658673840912002,-0.16410097009568791,0.09839118970161465,-0.43890401958514313,0.3626609887323491,-0.3410299894139312,0.17059068793127702,0.23668884312790894,-0.6300046647808648
2018-06-14,-0.3197232236106999,-0.7481772603592383,-0.2678610122528327,-0.782927372116458,0.46431870127608377,0.1013623881359148,0.7234467871935578,-0.4277856459281323,0.2546914447949577,-0.10204456876112641,0.014902720493690458,0.3942007887367641,-0.572466814292896,1.0054058532758847,0.19140548890830145
2018-06-15,-0.19743544510704036,-1.240494024273247,-0.0674841142947964,-0.28930137371066644,-0.30889326836743436,1.3046262474516355,0.05905507744597038,0.08472631721610124,-0.08771789542579711,0.2542015878905739,0.40085636333764074,0.08109508563763512,0.20358105867791698,-0.20960304844607958,0.10332348162454719
2018-06-18,0.12275798419826534,0.33687102717026507,0.08136263423469692,-0.29692248708918967,0.49365474386684993,1.6336170856943775,-0.9102315349873409,0.7174519526334009,0.7770617038767467,-0.5627875976447688,-0.24920839163182915,-0.8557152915889751,0.11357852252462652,0.38259983411200216,-0.8301576414533155
2018-06-19,0.10173039584957883,-0.19203104096512535,-0.2442886084931873,0.24147250140609428,0.342278455737107,1.5429342841435938,-0.6747918931285053,0.7055835564958695,0.5703696385782023,-0.9357520873563744,0.13907653999317998,-1.31616224689014,0.41564493002270086,0.2805605285468408,-0.07242811946461508
2018-06-20,1.3362980457655365,0.8649085659415557,-0.7895882240636519,0.024679454081633523,0.9376556351370069,-0.062150635805065746,-1.1063174212321578,-0.1610452390774229,0.38736786410858937,0.18540468543557784,0.17771443366656764,-0.8668300694077581,-0.33127075150493385,0.7704918088601659,-0.7686013815736343
2018-06-21,-0.3913200121760074,-0.48884936321478945,-0.11420035299912867,-0.25682942799616804,0.24002042851865424,-0.4631001653283744,0.5671412666520808,-0.849898499928532,0.5464393800368319,0.3831608524171206,-0.372251981898986,0.6797802561946603,-0.9595158209160508,0.5760577833943814,0.6873073931621824
2018-06-22,-0.9171922538461091,1.0871180246426486,0.15885724674335933,0.6050403193068983,-0.5234423192055063,-0.850288657100243,0.5183682557725589,0.5233228409404418,-0.04406918954468898,-0.21044889309959847,-0.6392922453004282,0.6280514341696783,-0.32649332767621964,-0.6875412601318693,0.3197661241165699
2018-06-25,-0.10323038035907262,0.060586320349525824,0.05169912893272466,-0.1880356974179509,0.484461140117463,-0.36571201383473184,-0.023973134612852,0.753509922356479,-0.31126940714569207,-0.5047136953413858,0.4363206915767084,0.49474174688200967,-0.3491399417423324,-0.6950116532400683,-0.029604132930186156
2018-06-26,-0.23642923581377262,0.2205084925312799,-0.04782696038640011,-0.40794013426396136,0.6556629221910336,0.7331815315538804,-0.5612090202013564,0.4203436021466259,0.2805991817312393,0.3056446112138784,-0.361850751853523,-0.30600590638947267,-0.0065776736753539455,-0.38713406256655025,-0.024342418717284153
2018-06-27,0.456945818016641,0.29378154587429084,0.12798243757148609,-0.7105894921940166,1.1115313390274777,-0.4831521111900223,-0.3786201028847713,0.3216097560948853,-0.06753102678380962,0.3955184399736831,-0.20316144839410635,-0.09131302949358155,-0.538875776761939,-0.6764542912160093,0.19734611037706595
2018-06-28,0.1287868045310928,-0.26449546843913846,-0.1652135176381522,0.013205183816662192,-0.2188324102853524,0.2934575268554216,-0.19911662783477604,-0.5800915087245133,0.3326837003038029,-0.5270297165110757,0.6336563515919585,0.3307550441381114,-0.3529931558009487,0.4671036858122841,0.2530251731578421
2018-06-29,0.4562217476227127,0.6394210652473976,0.09012021074594032,0.017904503912634,0.15786316148185622,0.2183171274706261,-1.0307176486705643,0.2592822894826804,0.05924764326245341,-0.3996195434865506,-0.1928442366818084,-0.28335746279107143,0.4575329026950156,-0.6531144542899778,0.2986927126487315
2018-07-02,-0.49242032647328005,0.23826601232691125,-0.09841652133413437,0.590930923258526,0.01308092522294002,0.24055795405576663,0.2267801467256889,0.2436106740279369,0.705797274362674,-0.13049715559549413,-0.5075440479136641,-0.6200678083593356,-0.3140363848384633,-0.043846367240954365,0.26647964100741417
2018-07-03,0.08722671562315254,0.42654225598203416,-0.24323233089338792,-0.08105274301963927,-0.35066565399354654,0.037071386552026214,0.18787179454869637,-0.23663038996332142,0.4389920285636383,0.5346780738890916,-0.07467603397798259,0.24975745482365552,-0.7232651602345637,-0.053649544672533245,-0.1535157038267677
2018-07-05,0.024997841079108463,-0.5383902809439411,-0.6058161182655606,-0.4015944440598517,0.22074292136972432,0.20750863981921253,-0.007029135278807275,-0.7327539141128723,-0.09993285224529436,0.21418928013389013,0.15666940406187368,0.6184899678359579,0.017157103762438175,0.9638505734866543,-0.023252527980978994
2018-07-06,-0.13226670109588856,0.06271979184248577,-0.4609496378375497,-0.1388324127695323,-0.009691366726618134,0.48544193549926584,0.4768251957539201,0.7872582051499664,0.2869391308418392,-0.6251230291418604,0.29881953583962795,0.1674839092983098,-0.2231038372631512,-0.12997517773069067,-0.5292693142654685
2018-07-09,0.5449507318837084,0.03501608453210614,0.18976082416562912,-0.3042602106677743,-0.2569619201436749,-0.2530185427615392,0.4442103580795753,0.21683320715283022,0.44053699460622675,-0.14720645140688748,-0.2347048866322491,0.4810234041401765,-0.24082375152214697,-0.5932614724950365,-0.36244410170575203
2018-07-10,-0.32003931225245846,0.181878269243204,0.618250648791197,-0.21627519304672563,-0.008193252326397615,-1.1272999754538273,0.5726279402034553,-0.015560968495520633,-0.10271640083031224,-0.14138590087013586,0.06068933508764707,0.898678618498481,-0.744886028836224,-0.6613599271703094,0.32322194298019274
2018-07-11,0.4062423299421345,0.21613265213430322,-1.0213799177042389,-0.2838579500455298,0.2736561940466622,0.061572345210129775,-0.1392314052080732,-0.7676717975027268,0.14036329060416408,-0.35930355468340736,-0.04694123327563271,0.3625160255501205,0.24187748999397618,0.6855446957644276,0.3151605454847264
2018-07-12,-0.19387729255937164,1.1011219083225494,0.562531907324094,-0.19557765077330996,-0.27426279715566937,0.05689425827413236,-0.08421289997199387,0.6655726098376579,-0.17855064295059853,0.41431321087193274,-0.2002855308514653,-0.7716286504473806,-0.26199380975589953,-0.9229593310660248,0.11574651216779065
2018-07-13,0.12096449720823929,-0.02186117182000652,-0.5276940099140951,0.126696939356089,0.3800030988235493,-0.32511735857721646,0.28126532222381817,-0.40307333623437896,0.606586677521987,-1.1495228625799288,-0.16552242642388165,0.4190325328599669,-0.227866205645258,0.6880109549151399,0.3503503437598206
2018-07-16,-0.359964473978611,-0.4089101103987127,0.136741945289511,0.03585075098553159,0.08219341407430836,0.10421221604738196,0.2593343210798291,0.07145477942500089,0.1654952846095514,-0.4198870723005954,0.1388955767239587,0.2000305231221855,-0.20109373675667763,0.41746852270738205,-0.059872530395225665
2018-07-17,-0.1046379975902223,-0.04180235391285486,-0.3195665005552847,-0.07335166894876938,-0.0501622183955909,0.2031783386192564,0.4662639392665412,0.13982026129465175,0.20408760742269472,0.5609100615628971,-0.2858555948404768,-0.25606565327479225,-0.22161503835149188,-0.3525411614376758,0.21531147852422303
2018-07-18,-0.8617949763309031,-0.0032610195915456566,-0.30879272332864083,-0.3334926615741728,-0.22379782527869596,0.7331552372805452,0.0664465552682218,-0.45577622611541524,0.2977778947090619,-0.353124724002643,-0.08927896946496433,0.2623272593492383,0.41433118576854117,2.0102539097438816,-0.4407290238355482
2018-07-19,-0.49118567982258987,-0.7176075842924462,-0.14076059994344903,0.197212563733441,-0.7258253929160103,0.7530788514675546,0.6034511609098954,-0.023187839507754493,0.36631974955048857,-0.6264441213493529,0.2313997715076048,-0.4566916128791326,0.49980383954141816,2.1676417391550817,-0.6655098738959964
2018-07-20,0.2027304029606933,0.6088202043348324,0.5827178458885515,-0.12141376664313851,-0.08392503635697224,-0.567258551822486,0.6144499186976118,-0.9538223452620985,0.14837667056565834,0.37205230626030655,-0.27131558686657464,-0.6419530123812646,-0.3724309239180144,0.6007256395498249,-0.35764370922332833
2018-07-23,0.5446182656539199,0.6188361926524113,0.05180403213667428,0.789231727448375,1.1730219967076267,1.3109202995583882,-5.1721387225937105,-0.2465027297448062,0.33567895289912236,-0.5549161077499664,0.6390693846680408,0.24279277583900993,0.5892271376419397,-0.08224821348242148,0.2939419839005464
2018-07-24,-0.010189972057148666,0.014569389019465362,1.0012534157133364,-0.3272276854521901,0.8812611621071705,0.42981877201455865,-1.9918348194838367,-0.980276213694284,0.0050794448945690185,0.16730910467772975,-0.05003596531401622,-0.8617201074715313,0.08731026619923954,0.3976373952897681,0.9832627541323893
2018-07-25,0.021379180946250298,-0.24759278736481877,-0.015177799184586505,0.08262860557079421,0.8411197820362954,0.23918297482854756,-1.0110187686664978,0.28762942987947326,-0.21944973432412873,-0.08647046774050593,-0.07073304290121973,-0.35056856512181966,0.536757752113406,0.05359565810265221,-0.12565820135720096
2018-07-26,0.6248337854379891,-1.0763330436945988,-1.4232754037887614,-0.8186247434208702,-0.5865649935658218,0.38230951650496464,1.939393987460858,0.4857552142829411,0.007419972266036634,-1.247035656515051,-0.6131594468757835,0.7646993772901134,1.7840099506369187,0.6290097832230017,0.13635640683880962
2018-07-27,0.14928439346816436,-0.336741921143294,1.5200262890222933,-0.735185975293849,0.0830700832814012,-0.7194460945760603,0.8603277890662564,0.34668093531529953,-0.20788332156063838,-0.3070115226148754,1.2097313215739416,0.7229139847716213,-1.147441713789562,0.0031794771231032914,-1.7806011178253542
2018-07-30,0.40304625343847683,-0.18006627282778986,0.46909261576918426,-0.2914159106642378,-0.43117670630407406,-0.10495626721244988,0.32503363639905947,-0.1797540132766864,-0.38821174155107646,-0.8561519727094481,1.4434208649376277,0.029178941653871138,-0.3670904208267999,1.0345713575590672,-0.740949308363801
2018-07-31,0.1039009093578368,0.029159043275548968,-0.7195704363677928,0.10654927987122392,-0.3556028752401,-0.14783524925914832,0.4865260905187215,-0.08379186402050441,-0.8848922747727207,0.5493472263858972,0.5347999799235896,0.04884229915194886,0.2767590688460776,0.31673393817465056,-0.19053158106395277
2018-08-01,-0.05250524898226083,0.6046114305610751,0.44887267878933756,-1.0378706048806428,-0.9347092526290699,0.869582434723805,0.20476055477582478,-0.4095468206857057,0.25740498749937707,-0.28078370111909834,0.21570065762864887,-0.02504446152790063,-0.4342709034108895,1.4554478546433371,-0.24595088654012387
2018-08-02,-0.619192002213176,-0.1036762572383067,-0.8809914587407751,0.4805134852368222,0.3548582853209695,0.6694986833230353,0.5460690501161977,0.38777894349411063,-0.03178774960317132,-0.5413436903555854,0.08790413921670437,-0.5550601902176961,-0.0588720898922771,2.068463540420485,-0.7233621064610501
2018-08-03,0.9557266741873974,0.11428147877262707,0.5934879336710489,-0.7400804434337536,-1.4004024387185645,-0.42034583468409303,0.9508997025290797,-0.6107107336021644,-0.48308114765426763,0.004185820424508227,0.030419127356694498,0.2915636650952127,0.18557679613044142,0.1214334602079286,0.32769502047037047
2018-08-06,-0.0454260959908806,-0.11807167690048065,-0.2548269454970333,0.2150539999356137,0.30126068991638927,0.5853235782207051,-0.20304417726979912,1.057820143752753,0.21372993583265784,-0.4426987660227214,0.17394798703919712,-0.547122936052904,-0.16495645167505263,0.09186584760493688,-0.4622145781740832
2018-08-07,0.20492109532755443,0.4279590498498729,0.10822161113077666,-0.6821268561893667,-0.23667473208663933,0.11462924964823501,-0.14060748741488044,-0.3961960284548501,0.2733989504736195,-0.8761803549168954,-0.6413873474350344,0.632896427661632,0.26782226549877397,0.097526957420326,0.8240550196812128
2018-08-08,0.43905303389854555,-0.6575782798461969,-0.09658566604533514,-0.32309386596275125,-0.26237883586982613,0.2566962473984722,0.4381757055630989,0.15226622529647588,0.1806272101840649,-0.1811374244279118,0.19694642268414014,0.31092187737575727,-0.42512770878627876,0.23265730360337633,0.09741430567738596
2018-08-09,-1.563280012510788,1.3320686525181948,0.2512372243016454,0.19200121952039773,0.7205037357021411,-0.11576193695505976,0.056378329639663605,0.8646980311608228,-0.21798654399391837,-2.8342253921196274,0.0504662366732771,-0.10055195964280117,0.14129311910627673,1.0964764081635023,0.5792236476840025
2018-08-10,0.10629950368265773,-0.5558449776361223,-0.12995892919967034,0.16261743117105942,-0.5320678097896987,0.42739630141952256,0.2936614718112749,0.6428225948760433,0.03208996488977641,0.7015118770925894,-0.09736843152108546,0.2521911711272504,-0.08481468521007043,-0.4458436827244923,-0.6318993458249585
2018-08-13,0.642727647990629,0.3073435058672894,0.5537549569578248,-0.13191579128167763,0.18172333707522614,-0.5362433431961529,-1.0974447400625496,-0.20165003443428775,-0.02092981737863342,0.6052928447272886,-0.1507803378034307,-0.16264169980165988,0.29356662455163146,-1.7130357051837977,0.2711608010076033
2018-08-14,-0.25714551224526844,0.3659613302034386,-0.4271584168279855,-0.2526268669473834,0.44432059045282807,0.34358543116432366,-0.40500325548944627,0.49128538784070985,0.263518210238335,1.268277786090145,-0.4638590621492803,-0.4841075114041766,0.2690610404047243,-0.5416725812901569,-0.7358951682756556
2018-08-15,1.1175265876157032,-0.4547942257005513,0.3021168698152259,0.5323028603567876,-1.1895314396165597,-3.1771471503315647,0.9684535347483263,1.2012206560182688,-0.13083362818585242,0.043421022202188464,-1.5424503583204028,0.17713912178945002,0.08280185627185821,0.44167471540043224,1.3823224889408847
2018-08-16,-0.5782790574650097,0.6773036293068105,-0.16877865573544948,-0.6628922615106427,-0.41946995342318344,0.40171853329528073,-0.04072837336622148,0.07923054218460085,-0.01605197088795096,0.6150376911930127,-0.29056299935118685,-0.1709756003820721,0.08843764938739576,-0.06146136630193803,0.5491688945240693
2018-08-17,-0.3704920738211276,0.13367869122776613,0.0295411934044304,-0.15751091531773814,-0.8189323749249784,-0.2456072040103804,0.523374427060953,-0.03369896066190303,-0.04625040351146581,0.5769267244161109,0.05619494477039061,0.39960255818063617,-0.48542318257272843,0.3995883974207819,0.19178513204771733
2018-08-20,-0.1846453156601405,-0.02913943178149947,-0.522785741284187,0.25520570435587314,-0.32569289612262997,0.4706407128848164,0.1484244900085614,-0.5063328075370775,0.08122127330774975,0.15397100022867372,-0.14334407786254366,0.2282755826603482,0.2475199805262076,0.23878279042581824,0.17290896164525915
2018-08-21,0.14708519370755618,-0.3345421530544501,-0.3581110335895305,0.4794991316155054,-0.09396706843608843,0.11508781341331847,0.5910053693877385,-0.2557043139490634,-0.21028386252422956,-0.5693238155354484,-0.17206956676011365,1.0994583124250528,0.044011291947902265,0.0929568340505945,-0.4564843776630949
2018-08-22,-0.15713611052014942,-0.11594112171832471,-0.18898444472281417,0.23695563923900465,0.19395186471566184,-0.10906563856929585,0.02195191936871932,0.7529316850420152,0.16739697379399965,-0.3032294013551744,-0.4598723646181761,-0.35847524933427977,0.15681997772918832,-0.3411482284177198,0.5056631986207033
2018-08-23,0.46759731546522254,0.2559299402668381,-0.02124004268652452,0.3752447338241474,0.0668724558996619,0.012390476283928198,-0.5236984512275821,-0.8272712729201898,-0.0322478309378732,0.09940716580814835,0.21038120113467274,-0.3409524150552702,0.5301339215554545,0.3374642770915677,-0.6338527576754174
2018-08-24,0.38180142769079906,-0.2152951081510477,0.15597890291451055,-0.1236595711668512,0.20259985476752496,-0.052466564483888534,-0.4205094162124231,-0.5068831508771295,0.3602267586599637,-0.007180820514383179,-0.47924720078074645,0.11547101000671145,0.2792246875712292,0.11412309481166832,0.15925637689352068
2018-08-27,-0.21624772546158294,-0.3579420390011697,0.41361380740635,-0.24166116791864722,0.1872908383371114,-0.10639870456719575,0.2606766970657525,-0.47947741365972496,-0.23273403773348017,0.47056693516663006,0.25935306316933526,-0.7433848558672742,0.21518746052579443,0.32101147258372453,0.45466950142186574
2018-08-28,-0.4408252774095005,-0.21935159546063715,0.19950821146010622,-0.015891267047248914,0.1205324792732092,-0.02871914494608141,-0.061522628875707364,-0.0664766387199941,0.3099984679660065,0.41805743668331613,0.06875823251392657,-0.41132110880702877,-0.20882716352416292,0.1629793004013942,0.31793995826294835
2018-08-29,0.4397496088247381,0.5090130583582604,-0.33013176792753834,-0.17012937015409235,-0.1792479828598864,-0.25440255875807716,-0.00707991847695294,0.16152871182731945,-0.2575448311953986,-0.4107764602574895,0.2127148783952192,0.1653143337515593,-0.060427714468696825,-0.1697612696382872,0.18250383658576175
2018-08-30,0.663033658928788,0.029197430508650125,-0.1764647789051248,0.051421684014906016,0.09267306594307292,-0.13898640239069,-0.2561547819975292,-0.10819128486790325,0.2681218617365942,-0.05675846520092885,-0.040099201275392016,0.20760203949126166,-0.16935797103962547,-0.07370337797164161,-0.4061027533329057
2018-08-31,-0.16045274401165077,0.36144791924108344,-0.38282708986397607,0.10236832349584374,0.09748840190252889,0.1973687921549734,0.15531637189852693,0.08329997916858611,0.11373972216271278,0.21331457730165856,-0.01283879839226476,-0.7811367258770652,0.12190282144287568,0.045468623341657965,0.003763103092621678
2018-09-04,-0.08644269267849636,-0.10138845513966863,0.6138935517378874,-0.2439776176266064,0.05141879712298292,0.2800694293759176,-0.4392712288454367,0.21155419049958413,0.40081939034896785,-0.18973354743090437,-0.4271284601860517,-0.8887755481134115,0.41078072815388245,-0.08555261089668753,0.5243209340585476
2018-09-05,0.5567662148514694,0.06595998153310531,0.37526694043188474,-0.9141869232223134,0.08299524860484384,-1.2014994577436982,-2.714818466293825,0.7101932568452275,1.2305218938863534,-0.02738155161883704,0.4685810737652286,-0.45221382438351176,-0.39934674423807226,0.16379855554526912,1.6513597999586074
2018-09-06,0.2323583548501711,-0.5405528218901587,-1.1406291585318205,0.09665529490387925,0.18695325007264052,0.3175585942339145,0.4723320069323862,0.7665395414818211,-0.4009269089348355,-0.11774332963885703,-0.0725905910987712,0.4294909066064071,0.21489329179821787,-0.7747350722113877,0.22485335366849046
2018-09-07,0.1549773025764229,-0.038011520577173774,-0.09726526888636822,-0.11243963347140329,-0.35477813819868775,-0.6352142407334287,0.31169418468647747,0.4518399371774132,0.35477063204707254,0.06262216898498837,-1.19720534732328,-0.3379774379874777,0.07125055184366569,-0.6517341715487754,1.9490935621686687
2018-09-10,0.37310427173873073,0.5639748427944888,-0.1622328724935773,-0.07393030766157525,-0.28915604710069825,-0.36338948990962583,0.10718369914944663,-0.608606147797935,-0.09787714926173947,0.26146281978657765,-0.3475084319456071,0.5393747249184547,0.06913148518822161,0.07683414131541683,-0.13457240257734776
2018-09-11,-0.18583826364584155,-0.6503653966622938,-0.33170847568601936,0.40981613841884157,0.16916490745826163,0.629969596945212,1.0327023785345473,0.6334536573759454,0.7355205561309779,-0.502879055145965,-1.379773033043946,-0.1119872565908584,-0.2333203018791422,-0.7627348878659059,0.7612843436313208
2018-09-12,0.6893636707318811,-0.16900545720875143,0.15045941859756562,0.16778554854817795,-0.06562948852577766,1.0118767562971764,0.9827316417642231,0.35730141578294444,-0.1717266999708577,-1.8320282530764316,-0.8589925308160626,0.27551383027424925,0.08855959467810348,-0.6275686708582702,-0.07006927407569585
2018-09-13,-0.4600586963300005,0.3759270715210446,0.40731480361969086,-1.2522244312956334,-0.1497763624660473,-0.38575820297312674,0.3859688929812826,0.9878645062359896,-0.5881256229919107,1.1418946601046038,0.2790069256643036,0.29585257484608296,-0.13367232356257974,0.06697166849515812,-0.8612309445058883
2018-09-14,0.560445667970758,0.1461237601732328,0.30278591006063504,-2.106684550488424,0.11629643422302949,0.7755977782754673,0.3037293398179138,-1.1559070495437074,-0.08433012708470897,0.5977884784681651,0.07010184544554787,0.03341133841437499,-0.11330593780160805,0.5783093516712081,0.4405772971092676
2018-09-17,0.10156285472359378,0.5483793856536745,0.23826756668392735,-1.3683935542029617,-0.2335840415138888,0.21213903345006618,0.659039513593652,0.2204725774979112,-0.00034537146679947117,0.05681972349979199,-0.09906777591232857,-0.03770623933960873,-0.3875988247661357,-0.05097381458392991,0.4111316631188938
2018-09-18,-0.19687732434253968,-0.21887165937036224,-0.23422282570206865,0.1136132814597609,0.2529344126246935,0.22727222161212857,0.7045751739422648,-0.4519677723208914,-0.048548222908116,0.7102364448868838,0.04254102710158386,-0.34228152530741607,-0.2577714570746294,0.24394170956218286,-0.2691863067101108
2018-09-19,-0.6245442536584842,-0.2582170294925571,0.5842491053564005,0.2634451176497099,-0.4890314720351055,0.6014612716352569,2.8963742110876343,-0.1309517015645112,-0.45999891010540006,-0.3843021979304392,-1.1936380680403988,0.8815804318497759,-0.9833245533841439,-0.3941357865209089,0.037324593705274633
2018-09-20,-0.7982357840110834,-0.03822013613482819,0.21808358310504664,0.7367274118802337,-0.2074138506271253,-0.3488310351650262,0.0920554764416528,-0.9948666836305091,0.0790113214823509,0.2864918238585248,0.07702391827012811,0.4439428197896559,-0.43814656805953756,0.31807792919121874,0.5898984664417057
2018-09-21,-0.1336526796916141,0.026865278263382142,0.5991090275208915,0.4703593946198106,-0.5357796092045709,0.16380503843113464,0.0243976363419951,0.28726272225439625,0.2099490984325667,-0.09797684078793112,0.006360883296791631,-1.1340085435489735,0.16437359322106626,-0.27749602689365427,0.3114784683004759
2018-09-24,0.3262713429134827,-1.0752274875233145,-0.5452214089990461,0.6025994155934917,0.9303252209256145,0.16426387317838098,-0.270576628404564,-1.0480435568224822,0.6136633053473572,-0.18357457544493605,-0.2696495816372837,-0.5837476239778406,0.3218768168096997,0.08890277559490012,1.0319995646352993
2018-09-25,-0.23733551081369653,0.05941011485382697,-0.19049154892304854,-0.43902493456660174,0.12672289558831995,0.0327292070034047,0.17633047928463325,0.20917095072049885,-1.168286666229123,-0.02424931449532064,0.23545194182267026,0.8886071037956925,0.43666082813451923,0.09554188707561428,-0.2730103893952628
2018-09-26,0.40690390613166794,0.11852343098215778,-0.06465081209407608,-1.4467850684491073,0.7616528683669497,0.04258838747426852,0.44144797789736423,-0.19004799958382423,0.045538967724224166,0.5237347286241711,-0.06946303537695775,-0.9851735964286006,0.3609353522784524,0.73429778067875,0.06488805774784812
2018-09-27,-0.22670172901985303,-0.14335463312470284,0.14721609796646806,-0.6281616155527018,0.664871927770642,0.5873591795370067,-0.2578352399443976,-0.4659426831158727,-0.43033692109177835,-0.20538418338389222,-0.021920114832762905,0.6711395085616847,0.1782588417345855,0.4935628633343141,-0.5013695485084553
2018-09-28,-0.18251892258061228,-0.41693018860670705,-0.3129678960471954,0.8050874443901955,0.09719239368053412,0.06257504694174348,0.4412587138616839,0.7520332940735895,-1.3788924699887741,0.7149712406623641,0.8131841466243026,0.003767569092074652,0.2735188321626161,-0.3362782238909743,-1.4673490770579343
2018-10-01,-0.3630306083837087,1.0497672784184864,0.5555747609230783,-0.868899447357105,0.016310338936024626,-0.70513687537537,-0.173833121844858,0.9110802342577731,0.7560198182010125,0.21406839813877598,0.27601131315824456,-0.4238669655214302,-0.8497171545172755,-0.1149498136399425,-0.24248440113544378
2018-10-02,0.34090749733731945,-1.5572721635947449,0.32769896299358425,-0.43278332090938443,0.31717407608671877,0.15958873911030433,0.7535139971361626,-0.5131263533874401,-0.12694733048777346,-0.10132016525545612,-0.3835569073681275,0.3561630308088845,0.2554258395541362,0.0008863564505552229,0.8973242506388632
2018-10-03,0.3611603073599696,-0.4008015834648436,-0.021115593734017557,0.797168759050052,-0.16248738968416132,0.6064091953717237,-0.9823378061809628,0.14890621922816605,-0.2516127958702472,-0.34191903174123767,0.6529816330638798,-0.11176001465700347,0.17444029174653197,0.07160732457363028,-0.853146441166722
2018-10-04,-0.15506248367427022,0.08660503035921102,0.18453034275519847,-0.21570070390452745,0.3086023036615517,-1.0795124733059522,0.6568660308208779,0.5105147092675875,-0.16654280520384557,0.022587996592963122,0.15932441377794215,1.0958043236389372,-0.7960499552812262,-0.40695538031721895,-0.45573532701500624
2018-10-05,-0.5589961531748918,0.059229789077115534,0.30535274417642394,0.19001482252880036,0.39095039254307284,0.4689125760109805,0.31196334437128004,-0.6251320933671922,-0.6571527920997935,-0.863230480956994,0.33255596489793876,0.5146733366833756,-0.22748382702749997,0.2324276890012587,-0.1562352122305966
2018-10-08,0.2928023053695892,0.0947555180386479,-0.005535130591273474,-1.651893255717949,-0.31323053395898337,-0.8789112753365649,0.3034596137996297,0.6324202374028011,-0.21307949269062437,0.7358625503068696,0.29714133420533423,0.34874022218961626,-0.09308980284440027,-0.24888077142823445,1.0049341358018082
2018-10-09,0.35339109896847276,-0.14642870072500203,0.39160448042146645,0.26124519405248603,0.25542862087224316,-0.4036927954974162,0.12195381428484003,1.0922753481207244,0.1318850322977767,-0.5353432597986705,-0.2282334249222157,-0.2726431227721557,0.07758172959822479,-0.6691255788627446,-0.6277248858893629
2018-10-10,-0.10721074206662706,-0.5157892061922058,0.3107781930568696,0.07144624684916057,0.4181936547152998,1.7699219101768529,-0.14274035913096217,-0.6806026434445869,0.1411874767449599,-1.8532243815230802,-0.3773865143777715,0.3032332005967535,-0.24082071961977514,0.07579742508995091,0.1619102991648198
2018-10-11,0.11015193968371273,0.27309514607902363,-0.8452893197139004,0.7746573102660272,-0.3292636022516304,1.152285420715851,0.2119110958155206,-0.5269432045416966,0.49182377659481835,0.29446058492367944,-0.5378866302149472,0.3291025039259621,-0.4663948894411052,0.38338715540205515,-1.535625712598419
2018-10-12,0.23909448555178908,0.8156609906150376,-0.9837156094815481,0.70045356743955,-0.11800649842948671,0.0709838296312108,-0.44335216328492644,0.038743828818001924,0.3624383794414096,0.2412839648720223,-0.5296368732823282,-0.0683451551961789,0.23700308788585384,-0.08917284688879584,-0.7341134246085643
2018-10-15,0.11707397219509663,0.341795195278633,0.3950577725122736,-0.007850389269829283,1.3845344254527354,1.576422113428914,1.1083267642386958,-0.22950504831665558,-0.6044834571841413,-4.722614529607924,-0.2026253557016433,1.584290349895081,-1.1760994640588365,-0.5541043132922048,-0.49570979487699224
2018-10-16,-0.5719172416829866,-0.31031831737056736,-0.14837097612385386,0.9297364946344636,-0.6251327775697346,0.2478475130501171,-0.21901184632706516,1.0055358169038795,0.13172208662560259,0.9004035334017426,0.6331724694385599,-0.8382673341001255,-0.13052414677441182,-0.739524552838475,-0.22002019574623044
2018-10-17,-0.7652468477678602,-0.47725651930454716,0.6012448740446392,-0.771753492591774,-0.35007900923210344,0.22010024061841,-0.2703291376575876,0.35006280192436773,0.10321152692798008,0.6446509007786648,0.20816336267695534,0.25698958916739234,-0.20690914461048704,-0.25187794143819187,0.7661478818882398
2018-10-18,-0.5193350213636808,0.7010090132382785,0.8086143629952518,-0.5623571519800267,-0.1819347264344242,-0.19621811543913303,-2.199700094368239,0.4550959926640384,0.18301836528209603,-0.2732227393098884,0.7582559272840926,-0.37438214405814807,0.30850751459616244,-0.3621525838046406,0.9474053924908802
2018-10-19,-0.5536225251359727,-0.03391630078395465,0.48098723086489936,0.08201990827141782,-0.6769020871424689,-0.3555611670925813,0.9667431752641882,-0.323460359061467,0.5842781781169504,0.5413584748345979,-0.4116559507703492,1.4435853101302047,-1.3519611352446095,-0.02416988813899068,-0.39726557083523845
2018-10-22,-0.27145564221590723,0.4916255604279997,0.1288840742549423,1.0169205380311608,-0.07784418996463005,0.007759811100493841,-1.495254736471471,-0.8324225189815428,0.3810081416481359,0.4712919562604454,0.5723385316577345,-1.3919929264776105,0.11628655923636219,0.6660784330044136,0.2710518030612149
2018-10-23,0.24476935706477532,-0.26165843236073005,-0.47507459769524996,0.5176827332353147,-0.5597093411821468,0.3185020306505386,-0.04110976913182074,-0.12515813048735058,-0.12586779748684163,0.3900363457715026,-0.5091268358225625,-0.28691817142711384,0.7095493192083131,0.04886861863675129,0.3995150482282679
2018-10-24,0.05968676182989263,-0.3268267584969977,0.3735588220283912,0.2581893228737,-0.07404001281920891,0.36844008433729947,-0.19863966952330214,0.04900647042741069,-0.15288396538280313,-0.26531140550325705,0.1772020778158021,-0.0037618797434051388,0.03748324773721201,0.028198418084534715,-0.41038421940605607
2018-10-25,-0.6307614157015593,1.0702731189173185,0.1572474303386886,0.4003044650681087,-0.40053619267229956,-0.380753541059477,0.4349838802916869,0.07688449332811054,0.10954386396834925,-0.4890221657787678,0.7776867957202216,-0.2560227440054379,-0.9874224368259042,-0.5387154536438022,0.21862836117390338
2018-10-26,-0.8952556921396972,0.6549270986183102,0.27130835960582095,-0.30309899764321513,-0.12649785127141422,0.06112149509423119,1.3110045323206312,1.0143283198270827,-0.47706670184992983,-0.7861334919341236,1.0301714548350007,0.04891498622483215,-0.6165375901444313,-1.1358490948467292,-0.5669654903002151
2018-10-29,0.2238432001652919,0.6308625037251493,-0.08250724179055435,-0.5653707752767267,-0.7196127102166663,-0.2496755940900306,-0.04864062934805946,0.6762312750353501,-0.9744499373188558,0.1524606306202685,-0.014854326203484647,-0.3933849226176347,1.0477188640605952,-0.3712266644142086,0.8329087929843663
2018-10-30,0.14590393149098935,-0.02580880166875832,-0.30778453663141336,0.6616701538108878,0.32163285768385386,-1.090690051578798,-0.157350518058752,0.8114250360013571,-0.4979788520196886,-0.18570736779628483,0.5349074952121766,-0.3897424641574785,0.016551375527413814,-0.5224000803823744,0.559059080091797
2018-10-31,0.4405166654712245,-0.05926900579326272,0.38093900413768506,0.08403712818496539,-0.13089231094802845,0.9492622432803672,-0.6897368127395674,0.4342369662994935,0.42146437803671966,-0.30499004858160184,-0.07749024597583021,-1.5385197266516175,-0.06753458544546076,-0.22103493059105006,0.32348398688190605
2018-11-01,-1.8752225193768042,-0.7149648697859676,-0.7573149199144786,0.6834184272214783,0.8938754785403703,1.3860009411843024,0.19364874916307112,-1.8349216135377335,-0.3471584960832307,1.77175582342952,-0.31175923553984136,-0.11924656463653627,0.5400534069091831,2.2801915052946895,-0.8615164624255138
2018-11-02,-0.3098686621987986,-0.9934312847068287,2.801540517156178,-0.3377476845579824,-1.9771745365120807,-0.15516430406893478,0.6108789363419218,-1.200733854742843,-0.1106482272195789,0.3877240075823737,-0.8981061370867521,0.10167504315710753,0.7849998169259567,-0.2676201608750595,1.6454144124046326
2018-11-05,0.5447159220147075,-0.6193982996043319,1.2508952096186128,-0.1144303900425565,0.5316356598878675,-1.1379309696997053,0.3336129407976811,0.6969158966447613,-0.04430602666593503,0.24819431941045367,0.4430079188013668,-0.5483409810473969,-0.20051310223419067,0.30369997014682226,-1.5983039761233502
2018-11-06,-0.6319832562853218,-0.04800562088211996,-0.3732748907525907,-0.4277019753771785,0.17595408471954133,-1.2283151684547917,-0.15250655479419672,0.5076758398567673,-0.903088515135705,2.832059001085326,0.2575059252334034,-0.025409378584014264,0.28408330652610153,0.1803562573131875,0.0067706497660096066
2018-11-07,0.05629745900488703,-0.47617503109917014,0.3599379988207684,0.563840869916875,0.07938659984344465,0.1452369357536507,0.7443375553320484,-1.0334343566016442,-0.042870443604431374,-0.6127879166532517,0.40095163241681775,-0.3319642161052553,-0.21253295794604066,0.878549306558871,-0.2888771311665881
2018-11-08,-0.8337536466468083,-0.7337401173549065,0.5080810625128942,0.16090794530496244,-0.3732014629376359,-0.27062931468358453,-0.5271257895037038,1.7300133676036666,0.4904701856487017,0.5455977924919203,-0.4131370563960053,0.7094127961910998,-0.026489607196803044,-1.2833162938436933,0.060442833849737365
2018-11-09,1.1032917467433332,-0.43693660868091694,-0.1900337089085881,0.3558882073325067,0.10211940625056143,0.8569867546419085,-0.9367533867107584,-0.0871872245489115,-0.1777863707119567,0.696310450173705,0.6273973510640242,-1.664317389673092,-0.30143937854069836,0.035331246968075436,0.017767723502563712
2018-11-12,0.08453806971273581,0.10906757000318024,0.08185364484752311,-0.5862873266340762,-0.5856955424346102,0.16369661805186664,-0.24060111312463062,0.9901163573490883,0.11097535791291135,0.04179554005715347,0.016743279937213695,0.22744138633086375,0.0392192409306652,-0.47876126909958516,-0.01751783521306227
2018-11-13,0.5140656730405028,0.46355426666328126,0.3231931750462207,0.7802319571193576,0.336012125652452,0.7546842501832615,-2.0734378815708148,0.3308742776043614,0.11933761157843592,0.2820868419857778,-0.1465497566480649,-1.2514102616646696,-0.06183823210986139,-0.15402329760625877,-0.5918529921475186
2018-11-14,0.9944998399604714,0.19576158245449896,-0.0394765779283654,-0.5684217905335647,-0.3797892984370979,0.1362771773486075,-0.054728113370563686,-1.3032518605521175,-0.09995466833672222,0.019994456849454306,0.5920343724978498,0.7443997817347783,-0.35768536947462726,1.2188466705231276,-0.9993766789767835
2018-11-15,0.11552785223472428,-0.1542900920714636,0.34951962523739155,-0.8223992864299873,0.73665761798418,0.3468076969229952,-0.4464444294954537,-0.042091977413097226,0.41602864778151927,0.5310933683675229,-0.36837921672064133,-0.411529897369887,0.029753154818920047,-0.0038322257864737974,-0.24374734108637097
2018-11-16,-0.0003266206276681949,0.14419295630947593,0.619486733478417,-2.0574463943262304,1.1974582293968425,0.23427487048947404,-0.3808732911695502,-0.15565710201510152,-0.2823284997880406,0.17143194675419593,0.3028063821160938,-0.156529001265309,0.18254433392658365,0.009779532881466046,0.1561498457729389
2018-11-19,-1.1259117711658368,0.3941241522449745,-0.09455522202503178,0.22575685463612294,0.2292368799331304,-0.41851222903848645,1.0172427493104994,0.07176400979552644,-0.4239291995959543,-0.0744483740278682,0.1538934051387011,0.16000545620302892,0.032407288046610194,0.05255820201535033,-0.19771745751990327
2018-11-20,-0.0464785005592141,0.18549929582292046,0.24462585854674113,-1.0326106307574419,0.7666782197289361,0.32114053358468375,-0.5492081572585366,0.17064525722299773,0.4348775234725668,-0.6579873417178914,0.0696401323092648,0.448651391117616,-0.24907125891466475,0.10224037276132192,-0.3759519657840129
2018-11-21,0.532678436287418,-0.07198010657655884,-0.42932137575342044,0.7093289166448531,0.41772310843111904,-1.0448435525725661,-0.12710410170154285,-0.21932306427230241,0.5363602510469887,0.40049387055734953,-0.3494629092685223,0.16897296978663134,-0.28980483630541465,0.35163626052780494,-0.5372230842269237
2018-11-23,0.5741048187963611,0.7172270709914139,-0.3885382162592146,-0.27996943122947493,-0.30829386414638504,0.2918513528333351,-0.1422400053461601,-0.5741878339047903,0.2222569248192443,-0.02100911902990954,-0.7572159631945854,0.38190163353043105,0.3281446047014054,0.372598786435959,-0.3822775220654666
2018-11-26,-0.17848476480568554,-0.4190821199561605,-0.15489045152591685,-0.49085881262972986,-0.22214570057204797,0.7415127583046828,1.1795021773163716,-0.4464448103335109,0.31448715172271013,-0.2544265726015851,0.2865965980720755,-0.3067751242195481,-0.4530939373087901,-0.08775462320936456,0.5025611555397929
2018-11-27,-0.03484331602964405,0.7028092797484071,0.18876569257094267,-0.46064953809562925,-0.09204975038796084,0.2972613061512548,0.39669224289551275,-0.05678558338462951,0.12801869866296564,-0.89344887347634,0.07057007496044587,-0.33924618888363584,-0.17876417274602263,0.25029786355934414,-0.06944173798825846
2018-11-28,-0.2268415285917615,0.057900792809502666,0.9877681279115876,-0.15832308573573162,0.05977004751748438,-0.7922062035830427,-0.01386745793198374,-0.3046144218880653,0.0207647662418462,0.37971530612067494,-0.19472375870158565,-0.21572821286581556,0.1215787513449973,-0.134068644200803,0.415349587079594
2018-11-29,0.2012777324859687,0.16074420868413714,0.03477158849145173,0.028028717263153535,0.47232031274963376,0.5193482097688741,-0.5754709126660021,-0.2996727227788903,-0.31167361154941,-0.0576021025352185,0.005313297757614299,-0.7983545220860206,0.13879730139943203,0.2319509014310961,0.19982779135493262
2018-11-30,-0.042259604676771534,-0.2713916801482922,0.348900374846652,0.6594084162130467,-0.5954810377057169,-0.28708796262210023,-0.3386791707248109,1.0942043439480167,-0.06406525290618342,-0.22581108895565188,0.30442094676120574,-0.6046083163026101,-0.05572930792871866,-0.46596368181736103,0.5665751554093342
2018-12-03,0.03174542907402911,0.7184676014179414,-0.8718588786157353,1.2813401493674883,0.43224894548244763,-0.9397338109798478,0.5839827055995619,-0.6553342151176373,-0.5643270181071888,-0.5287875061334626,-1.147091841894642,0.4174412677353363,1.0391260810008172,-0.032485218470025945,0.22275286293727747
2018-12-04,0.002912908603064146,0.035708340974144104,-0.024883231469012168,1.058186135281531,0.1367677021325946,-0.7971648640152922,-0.1451881623723592,-0.624025635867727,-0.11852017809189686,0.30538255642162593,0.4882058426994695,-0.34076493424816845,-0.473083993847067,0.2972222829430329,0.10623995869260128
2018-12-06,-0.2613635992908867,0.7477097717439843,0.4964270718286129,0.6884258924555036,0.32120881507330545,-0.09135270004493745,-1.1704164762106457,0.42876864081075317,0.1049883875942404,-0.6553054742650491,0.6478188132221221,-1.185658133752122,-0.6912437497447953,0.1378430829772881,0.21705594009908924
2018-12-07,-0.732260693128351,-0.163244397605405,-0.2087171292369086,-0.3006972429468237,0.839120798143515,0.43395959546295404,-0.12580747036990103,-0.4109518901252539,0.012280275846741517,0.10128505399561948,0.19804349876209004,1.1826623393355755,-0.009927419454427433,-0.2698959782827231,-0.6224144412945429
2018-12-10,-0.9762314406324888,0.5398404544190484,0.6758378934857432,-0.11247512588519648,0.3449375851467701,0.2522527920723625,0.47126584949843325,-0.2725200862457222,0.47593569189336293,-0.6501948059036667,0.1021693637605191,-0.21460902835595919,-0.5737790121960418,-0.1904565971367087,-0.09251794397182367
2018-12-11,-0.7837093846153558,0.1562388602081437,0.26920421605413475,0.8913781320652832,0.20094846644905498,-0.13077723298152114,-0.559831372016385,0.4479834595569001,0.1676750194194494,0.28964796317701147,-0.38073002235084136,-0.630817304566216,-0.10368645051815367,-0.0745361748691076,0.2287096399785225
2018-12-12,0.639073721641363,-0.6442156734562074,-0.47574838920431706,0.4715695200716524,0.27734325831443507,-1.0396643696471681,1.0171691269142236,0.046630339309141455,0.18821478935328262,0.19718628916483277,0.07260076743027355,0.12865993727201175,-0.0009312288148471959,0.45109198586075366,-1.1354066893026489
2018-12-13,-0.04848719526969057,0.4803694855102606,-0.07448433395981538,-0.42681338698413995,-0.5919323194430582,-1.0173043840642655,0.3973499185040098,0.5665357305096682,0.07555109772949414,0.9193079224113488,-0.22096456336728149,-0.5525242614970612,-0.008527632494151699,-0.16140706191620785,0.7349208626043948
2018-12-14,0.08654901860824071,0.1272820211843826,0.1267412413626139,-0.041645328112662305,0.29355160942773173,-0.04090379665888122,0.07911705299987393,0.3557240817212991,-0.7518665160285674,0.03548867321997706,-0.23579012798061094,-1.03081303645568,0.7164123068896209,0.3259680707255558,-0.014887870530848835
2018-12-17,0.6904766778982084,-0.3701521866490919,-0.10518391701373697,0.3667986520760734,-0.8045991032563622,-0.8687585432730326,1.1380891943761857,-0.5696370562182361,-0.0412904196165248,-0.06987643536783428,0.09072169644965744,1.1216747265412448,0.3585791234486421,-0.1553164550077052,-0.6540829398934993
2018-12-18,-0.0971439277643914,0.055447720331124994,-0.5153684300733101,-0.5000541798733832,0.180340798067523,0.9417023982190684,1.151900554616965,-0.19766437415189064,0.6303026043099312,0.21928330615086056,-0.10665001941313412,-0.2701019109543683,-0.3050707941216975,-0.21571424058314936,-0.943452025043348
2018-12-19,0.06822800336650642,-0.0004136605472889743,-0.6222361409766407,-0.24753564430375108,0.09089794710347288,1.753196139394756,-1.585973218486079,0.676807561912003,-0.18510433384132452,-0.20523266318044475,0.358452723864031,0.7669588488858812,0.03496476145027011,0.06365986189761166,-0.8725555736925941
2018-12-20,-0.725689208025357,0.45739216531930815,-0.2294615867189489,-0.5584362426254486,0.09879613451921077,0.8052066246398926,0.7020545946093135,1.3264569317392512,-0.09764219434495158,0.07617686664394219,-0.412359141044521,-0.7327505663001472,0.5387828311191102,-0.22011941552259429,-0.9387737657728874
2018-12-21,0.26020981156366246,0.41786788583575507,0.24147782699114606,-0.18714939895618954,-0.5172483526705969,0.19591639076924894,-1.4105717554122181,0.6001801812482349,-0.608423785436669,0.26179635735546686,-0.197299516057668,0.23983701875186897,0.556865669143511,0.09508790495507877,0.06561756443102651
2018-12-24,0.3336538369787221,-0.18060677620933818,0.006464825676075092,0.5548200187026133,0.10674264108835496,0.9100945588597378,0.6365776549993802,-1.646643065873281,0.23798453488368287,-0.7093861816195688,-0.17234084032354313,1.426519187416482,0.3635548687397099,-1.2438065613316236,-0.5921153930994236
2018-12-26,-0.5657141003267667,0.30675396816819056,0.5737516380948926,-0.12945812839837512,-0.39882934839354744,-0.23334473945600553,-0.40906781980091855,0.8061569915454845,-0.01045742720124787,0.15036766583392236,0.03867521335784119,-0.4064174195355381,-0.18473277615835126,0.30376869216600877,0.12503019844383578
2018-12-27,-0.5297201875739341,0.2453581388503152,0.9074163713518621,0.18337277281301068,-0.18380683104455664,0.47789074147658867,-0.0634772608236123,-0.7607087228714179,-0.16963367226749992,-0.11318444811449468,0.113335730758509,0.017646926928123183,0.0357628204697229,-0.42235504322683176,0.193951943138298
2018-12-28,-0.053717704102130254,-0.044241936508986585,-0.12439493353022722,-0.17258585775593518,-0.30298088049633926,-0.20750930243878857,0.5582975071095393,-0.6652390987967053,0.04512758083074114,0.18692843397968253,0.21150208344689386,0.8468549079877652,0.14428411309583378,0.15051373753421235,-0.4330667164230288
2018-12-31,0.06339828998234245,0.10279867462590453,-0.26254882225462806,0.08636343611674363,-0.331056418727369,-0.14051826337721174,0.5316701196805186,-0.298652242566064,-0.09357800495958313,0.4481667975284709,-0.013170629955246427,-0.3913029872642677,0.1145484034595069,0.7853661645836457,-0.4926057762323176
2019-01-02,0.09827445633461807,-0.5077816630570312,-0.40130642067115607,-0.07452978694089718,0.1931908872021597,-0.007871924193321167,0.013499998185480644,0.3310695765442495,-0.09829936756514257,-0.6298111726948069,0.3373593533442927,0.5815301666210957,0.09307615680169168,-0.12350512114402123,0.2708953064571229
2019-01-03,0.3324535703063299,-0.6133571948468678,-0.9945780085376877,0.7266121617819424,-0.1222067206334973,0.6148934300459095,-0.20548413587911524,-0.1418437708446779,0.09885492115622402,-0.3673177427631488,0.0538272781367376,0.7279763191894948,0.14605073430635213,0.6442821636748942,-0.7045116906000353
2019-01-04,-0.0346670521971979,-0.8707433156160591,-0.8238907696886133,-0.17522127330018478,-0.22385269887174286,-0.29863986387304187,0.6389819449424576,-0.09110110370631719,0.3714801182045848,-0.23989360080490263,0.21356405913502519,0.7784253952811495,0.1169150300219699,0.4695728118116076,0.4211201361647019
2019-01-07,0.17919131815395173,-1.0025783789574867,-0.2879566694463791,0.43968199150671494,-0.6491635605329842,0.1971640090328568,-0.08350610838289274,0.2241039175261208,0.23638450123990934,0.15646463813509892,0.07384966670628895,0.7779581002875362,0.11513497667590963,0.4135612534630162,-0.5512889948478669
2019-01-08,0.41401057479101644,0.158724308934325,-0.7428248652279218,-0.055956823734646,-0.2531436733347251,-0.25157583763792557,0.24506102869840984,0.7597955848968276,0.15306409526457354,-0.045912761349921394,-0.19767807268088095,0.06720676276186721,0.0713538569713848,0.06014464094320804,-0.33404355796234764
2019-01-09,0.7187963828393467,0.45767512752324313,-0.37197532204976635,-0.6272045091846807,0.45902586351682584,0.13822237880126065,0.07587393293057598,-0.319921026712414,0.47295468731478674,-0.37397139351399744,-0.26865709024918133,-0.1329706470057601,-0.10721936395272541,0.23439411256835946,-0.37522015244026496
2019-01-10,-0.4175596482662872,0.5209236357415852,-0.45324670576135684,0.12240085657039601,-0.3618495098389688,-0.1692136452075011,0.6735612448249811,0.14788683336628208,-0.3829397379698837,-0.13547077858407325,0.2605265143686573,0.24152937882435588,0.27421160018109847,0.224741595699412,-0.4396741907821131
2019-01-11,0.3918952472042816,-0.9142636732325955,-0.3131476555462762,0.2769512433565208,-0.5044802537651304,-0.2363141160419106,0.10106037640388842,-0.4926136754198257,0.628210722660379,0.1393673605021159,-0.32925863728746096,0.7632419172857254,0.35938129126797563,0.32821941949602307,0.010182666739511056
2019-01-14,0.8608803615782957,-0.4667605630140757,-0.36271386622140034,-0.05789328695173151,0.6354307687075491,-0.07163006619340623,-0.17138226404009194,0.13737607649528322,-0.08596876569790829,-0.3528308981718568,0.0018629721049131243,-0.21524170078129823,0.17540139209068306,0.13543491107409872,-0.16575735119192903
2019-01-15,0.06735877218136865,0.12260268742566138,-0.06362496144572491,0.18368476033392256,-0.16053823217914556,0.04289779846889846,-0.21152060899767464,0.043095152146184784,-0.18262805425916487,-0.2747145066236568,-0.04163338806285332,0.33946114169778935,0.2443977722674059,0.03851441131356015,-0.08965443674745988
2019-01-16,-0.09462976915737098,-0.13976590390307578,-0.26872423193259076,-0.27641313518938515,0.22112147297756585,0.016317481087490926,0.5780054777683696,0.062363000349356545,-0.041013623509733144,-0.27959123148763515,0.25235138848274535,-0.0400609135453702,-0.01947013962719152,0.2805782738469975,-0.1947354214080245
2019-01-17,0.05367642334809253,0.29605545287361834,-0.3060447143751347,0.15734862495235025,-0.3625333716705084,-0.3628516566179715,0.28269494202408063,0.27173845223546383,0.24958544567632845,0.012956922026688966,-0.5344128811192252,-0.050222968415153946,0.20079120041951914,0.1985683257460621,-0.05972559761493457
2019-01-18,-0.8462775936224453,-0.6860831578627145,-0.18183353250600098,-0.4455896184294925,-0.5448297195258084,-0.26573184151813123,0.06268367717166035,0.15128417243449688,-0.2830923233522064,-0.30316499870516567,0.2288519809613696,2.5490894559980815,1.1294834815892596,-0.057815012555997525,-0.0777859240848695
2019-01-22,0.4271728227164215,-0.382561357104234,-0.007180406993008259,0.44318992024712517,-0.366198450200367,-0.7419034857414276,-0.21788896962686155,-0.06540839077117733,-0.006128283450491323,-0.3238829842821448,-0.27012010935448816,0.38291404794237727,0.40136114787446087,0.6406395220082929,0.19892240502688052
2019-01-23,-0.21706669546450647,0.45911445181840377,-0.15866640598194048,0.0394924872506342,0.38000165036932837,0.5482258149105318,0.03763972647791894,-0.7300596389318675,0.4675848959983441,0.03743338262404461,0.20960002842333658,-0.26060696777102266,-0.8389129909617461,-0.09551718376299922,0.026121535924924832
2019-01-24,0.77284712003341,0.10886136942648626,0.7717798272656409,0.12278860191134688,-0.26880349057897224,-0.4390182836527073,-0.3532321118096493,0.26059016750667907,-0.642930939457344,-0.15345609591386816,-0.12188911758972587,-0.5781101434113771,0.06106274258041161,0.4629073917363694,-0.07644920785169779
2019-01-25,-0.546334958052,-0.29665890625210467,-1.0376756937951626,0.037511023315336844,-0.002784070701799868,-0.20712035099593595,0.3325529273329493,0.10184472377644604,-0.11689656781591651,0.41710916546934906,-0.052982185480686894,0.8735575674739748,1.249572759852391,-0.11612684702548454,-0.4265509680392656
2019-01-28,0.9023982292744248,-0.5839391562632734,-0.020034322225148837,-0.2890130159423949,0.11134891974934868,-0.3888708339565504,-0.4220212488798457,0.6604955547191137,0.12146053845101154,0.13794025660832293,0.15236371976427132,-0.05437758451880914,-0.3470687476334,-0.06390457213517542,0.048287671142146216
2019-01-29,0.77641145839747,-0.2788685201716581,-0.39437701474729914,0.3481197795743972,0.15159225983778837,-0.16746483678298396,-0.5330988335831793,0.1872260577349157,-0.02492140921357533,0.13606771177010052,0.07776684930214234,-0.13223646583038123,-0.23377911405236823,-0.021936826685191452,0.053061487424268694
2019-01-30,-0.3526599246610708,-0.3661408119543894,-0.08370612070572059,0.26684825622071195,-0.3172929819006166,0.5372180615584442,0.10649140038463012,0.1676182623956191,-0.013148350914055418,-0.3885618890110704,-0.2504028768766392,0.27939766040644554,0.3718255295776032,0.0876325670123217,0.062300908637131336
2019-01-31,-0.5026903908031296,1.1117139728953411,0.7801026523263054,-1.2414952050718875,-0.07600627779922722,0.11163390737161494,0.23532633186925345,-0.324640286884252,-0.7788789386194815,-0.217998575574494,-0.7826162286945193,0.10522542689499881,1.4471620363453748,-0.4193451486025813,0.5533816893101834
2019-02-01,-0.7960410697043905,0.17605165874802597,1.077197269758277,0.039380083804103405,-0.9943768624063755,-0.846616760724904,0.2592693735872693,-0.01879645792398288,0.13546597248537662,0.26196333128791116,-0.10426645034096743,-0.5266299876093732,-0.7442368889959482,0.02949337692648024,1.8484551148030988
2019-02-04,0.3864129056657756,0.6768795035096997,0.42371349207531195,0.09187827225027692,0.0014793621920028976,0.46329390668961457,0.03445475497739392,-0.2498960466415113,0.2428187183188017,-0.4272986756647763,0.20289159827800582,-0.048629738111618276,-0.31199661111304855,-0.4195633546113856,-1.0212193824434703
2019-02-05,-0.3118078568277154,-0.34528223075420617,-0.037599352745143685,-0.5014541022387466,-0.056978929998201866,-0.43224099503210045,-0.06599448365555383,0.5525258629566704,0.31377585787744267,-0.3154276978584809,-0.2626415740142119,0.5246375610256814,0.021528082521138137,0.22815972066657814,0.7494750265899385
2019-02-06,-0.6642067848797575,0.4059677288646756,0.2190937325583276,0.3239485555011451,-0.27917265444862016,0.5202094737202252,0.006090962802751565,-0.7781770379363007,-0.054015539131184176,-0.00764232717060892,-0.11935324328591693,0.2104382619011504,0.07589412695890896,-0.12330371415994379,0.2904782874339199
2019-02-07,-0.15475842733948686,-0.19036896703812867,0.5664297063472883,-0.28954243576412053,-0.2851641499690143,-0.7219024811714112,-0.2556420933034522,0.4573900017969268,-0.7215081070650793,-0.039654838496747224,0.08299980898107351,0.26466502528441027,0.548759588870021,0.13068634592733452,0.6131244852138302
2019-02-08,-0.3489208245687841,-0.5615183685640239,-0.1832442876751246,0.060472603346099996,0.057126893259727723,-0.44415291222260134,-0.40424058782894035,0.2342844141579158,-0.8112850778486671,0.3667343677567953,0.9036592257095857,0.15336510066340336,0.061438253581920885,0.5539228560560319,0.29933283958304135
2019-02-11,0.14233086568954434,0.1716036392654137,-0.6194789193101228,0.22301199071197653,0.3913645936494938,0.40304197047684304,-0.01099466260004145,0.45463090048724236,-0.4697545733271914,-0.430463874435294,0.6161419889774038,0.1001088651954668,-0.07323119125279398,-0.7725680945011425,-0.0695367432799828
2019-02-12,0.19854120370454864,-0.01514826569467792,0.24635187128826452,-0.0069696851626162015,-0.05194930455696534,-0.10763258170031015,-0.011042415856828636,0.008150605543210676,0.057095276681772236,0.09862481795217293,-0.21673709553205472,-0.048762006280389625,-0.008057358869286407,-0.7327424308497947,0.5584162700928346
2019-02-13,0.6709885899996627,-0.42879564478149595,-0.13494072240823163,0.4388620662800162,-0.16320095288094572,0.4508579575146986,-0.08546133747831697,0.17413982410678397,0.26604728206530504,-0.6502987995868907,0.14035143510864756,-0.47974912357285776,-0.3921232897266842,0.03879944835773591,0.15760368594640062
2019-02-14,0.24288303401612288,0.5909610923718192,-0.44218250669439607,0.35636032222688896,-0.19980021868746323,0.9154324395563453,0.007122532419212291,0.04136873180996392,0.12845520871084243,0.3292732467650532,-0.44951994211213486,-0.5007868796440865,-0.07095922062312957,-0.7558345127039505,-0.24897581780384437
2019-02-15,-0.06579224230477565,0.030799286421785865,-0.08259075702628749,0.5719191412308133,0.6180981300969748,0.06955878132755267,-0.547174959463887,-0.9246436927628349,0.15306532872276424,-0.2548754694444446,-0.050211900975754675,-0.07739782213839097,-0.14016717626141395,0.11346178463467127,0.5403290703210012
2019-02-19,-0.060432310085486454,-0.6578211876719797,-0.17448588878151122,-0.19119904916912994,-0.3226414003778516,-0.33738812245157845,-0.2903171709712548,0.8143598618764207,0.023023169149575196,0.2376145548336333,0.1414610951489601,0.5016408747075874,-0.06631633198152234,0.10762417427086762,0.3018828332016495
2019-02-20,-0.16057359065359655,0.4787107086558927,0.22960810644355695,1.59870403533027,-0.8060150077084045,0.45102000556992156,-0.13593943703585043,-0.19182927673637226,-0.3814395926985512,0.015880353334905895,-0.016670961533642503,-0.6953587007312019,-0.0012131105997080227,-0.5084136998798623,0.05741962017016511
2019-02-21,0.5028557155889783,0.35431562017129425,0.10031151174341724,0.4648411462707094,-0.516764478336727,-0.9403689812526945,-0.15601240574301212,0.5790619140550759,0.15893396858793585,-0.4564062065744462,0.12304267153055842,-0.0624601870178092,-0.2580568588246315,-0.016991650107824108,0.09783587038235053
2019-02-22,0.24171224165085003,-0.4085623313345823,-0.053232744136412255,-0.14630468648289097,0.08641057818288941,0.7009939718210825,0.09905533218190397,0.04914653681401457,-0.017950823854262693,-0.6004804210725553,-0.029924661929153856,-0.060023190158430384,0.1038076079939847,-0.1477524810355303,0.26953557792071403
2019-02-25,-0.16498606806525495,-0.5764492342538005,0.051873258302978155,-0.39699640605772424,-0.4147091504828164,0.4804548669642045,0.33796472713120573,-0.16355820494053921,-0.02250028712613994,0.22688951858826373,0.13669064779337753,0.14887268051284736,0.011966727715374659,0.36081083474912035,0.04743635381197535
2019-02-26,-0.15126188743161584,-0.0950420502237459,0.3616926296168412,0.3018874890143472,-0.07581279051169004,0.31831802268288734,-0.033778292695121614,-0.12339312447953643,-0.08706654882315132,0.1057546619995873,0.3284019540051471,-0.20242275205859434,-0.37806723425132654,-0.6675938462699655,0.3252546727362802
2019-02-27,0.3933301463129065,-0.021169353393339155,-0.2641119389837373,0.23341854652228342,0.24859380258812774,-0.17072901295453255,-0.5294082924032436,-0.26547210264443766,-0.2993877159019416,0.39272864685482334,0.3653145331021318,-0.14615539083217413,-0.1679767991410107,-0.2567492826052148,0.3688495548924551
2019-02-28,0.12841672014909578,-0.3637743407678199,0.2691793610915458,0.07444958093017873,0.14387270145775166,-0.4352532780343027,-0.2641116871854894,0.12169950757947257,-0.09973209491943735,0.26435712155643354,0.17065623859849777,0.12733013548211985,-0.011346317617439317,-0.4004076671176169,0.2232402024311796
2019-03-01,0.066445223120706,-0.3412291893717616,0.10848110458773741,-0.10156736022570734,0.0375508561993656,-0.22492278410329525,-0.40934110311280036,0.3544318672040949,-0.021785898203182552,0.13172031912255555,-0.12133124904086756,0.4781799824459271,0.251317682424525,0.31097220512078505,-0.46443221083587205
2019-03-04,-0.22948216220184478,0.6266486258127638,-0.12656322799840397,-0.6880975024533603,0.19266357897733605,-0.04633580219827447,0.3072736849226618,-0.012374022889577535,-0.15068058531075423,-0.038406040724364716,0.09557059920710687,0.30224013699647373,0.06706005495221695,-0.3321810392150182,0.06447670571286648
2019-03-05,0.4321232147822938,-0.5153547069546294,0.6061263140078491,0.1950869033047669,-0.38111363515066554,-0.6493833763220027,-0.23452495226453135,0.15733888831239484,-0.24722947423127628,0.32386368050451136,0.6306775526591203,0.03232213856811594,-0.24672602898363416,-0.04753277291138577,-0.131124350766159
2019-03-06,0.08984220526120179,-0.01527772124886062,0.6469946111667476,0.6194270147577812,-0.6089132118148479,-0.3371981993846095,-0.46656616341656165,0.19173056140906947,-0.37930480918170545,-0.23709650660163573,0.23872556629668715,0.2988149226796095,0.14399183658411618,0.2061257953445627,-0.34150156060156844
2019-03-07,1.2984286786545491,0.1361128668397435,-0.7883539804765436,-0.1388760878093277,0.2887155472824027,-0.4519245891685313,-0.5672406431432065,-0.579991245965607,-0.05184052982115894,0.051093386377070116,-0.09493157214048453,-0.20021393946637822,0.14740870766985736,-0.03624385178439668,0.8955842912747365
2019-03-08,-0.18546992420376363,-0.8680731364131589,0.6863476125653445,-0.27392134623232867,-0.9851652740924293,0.19844892859461205,0.8841519539584982,0.29321599714849755,0.14790902698871777,-0.7570334821283138,-0.15096511230076493,0.23937539555226262,0.3099958337313983,0.782528365922945,-0.034160341815187345
2019-03-11,0.23324449651042023,-0.694277480041684,0.521223731311961,0.5036724321854871,-0.8022333375444286,-0.02856306477399717,-0.2315162354562572,-0.26675206233392823,-0.2573205545024755,0.27350294582030943,-0.15515134817811504,0.14321599400289176,0.5302852545306735,0.3102058189407715,0.035796278872920806
2019-03-12,0.5328971445115941,-0.43361613248799535,-0.0892222728208542,0.5172829617674441,-0.05845655532579852,0.9295206508554279,-0.5318243488995014,-0.33792227101460404,-0.5493125231254932,-0.08853963468277531,0.15832710448348047,-0.392468324961583,0.1914895348243063,0.11474863723850232,0.030725308279449484
2019-03-13,0.028818095910687846,0.7521189562905135,-0.19448887395850245,-0.10680013690287193,0.16500298420286907,0.6647682284865738,-0.17896203871846983,-0.3145231165335014,0.01331445633373185,0.10509003233086023,-0.2622678965557794,-0.26013449395950927,-0.245524035637628,-0.27617031059592223,0.03707826460592778
2019-03-14,-0.1352853716314676,-0.31606595072461297,-0.05515797384389756,0.1463291660753334,0.6426405206458157,0.1747366601138885,-0.14811210126927865,-0.07937643764787361,-0.10229084914606215,0.13585673713222307,-0.01129420096261452,-0.2165509123363778,0.07004520204156689,0.029826979342284718,-0.19429748030962435
2019-03-15,0.46632485923077727,0.5031997225427773,0.4673229170395029,0.38626049625190506,-0.055019678340412104,-0.6945859996837952,-0.466910838305535,-0.4092209265175245,0.5584027424473278,0.4496756365791789,-0.11284517694085873,-0.4649975942212358,-0.3225072416355176,-0.36480774017421436,-0.12046105215668759
2019-03-18,-0.31877621304473613,-0.7312024491638766,-0.2586604028118169,-0.1682673014410352,0.7528211040823877,-0.05107000210861301,0.22163254740004334,-0.06332809886948285,0.41064788974941746,0.5709250522521262,-0.7659433372301793,-0.2093373502462904,0.2441587650907282,0.054962903156836385,0.28649237958137214
2019-03-19,-0.5711418755145841,-0.06829085234412088,-0.30806213328686377,-0.21737431528169213,0.6826992016034977,-0.46792154185926516,0.7796476865979283,0.053816641122402045,0.18895445586021942,-0.5772226144848777,0.17585311762218184,-0.02619792897304893,-0.12803802545025075,0.656561594988567,-0.14125219572563583
2019-03-20,-0.12479008438347416,-0.22087813616940494,-0.6854482255288149,-0.007880805824618253,0.7591888831651341,0.1929264713323111,0.04620447843856912,-0.03135750310024156,-0.010809863970086597,0.36901618466349506,-0.5973812564421885,-0.30096665280196344,0.3019371133068576,0.21810849745349936,0.06755457465242523
2019-03-21,0.5221821444878447,0.04152272993753703,-0.08370599727368272,0.22271208425731623,0.08411397460229997,0.03348277422685492,-0.2367465703535628,0.04764277599596112,0.4406431116093231,-0.4970012147212014,-0.14777735793349275,-0.2768310216452379,-0.12727302999870932,0.36983597682485214,-0.3661399818813329
2019-03-22,0.07215932814386838,-0.04352747621620856,-0.290916810956815,0.12775219896033763,0.4495824178262777,-0.25897282254087495,-0.10688075274964648,-0.29620365802164783,0.2998254734322847,0.04089684465697796,-0.1429250907406152,-0.29778070643268606,-0.06738388856835043,0.2424742888942999,0.20938831726532703
2019-03-25,0.15696035832146404,0.7397262447303568,-0.3243654887521577,0.6435453062729353,-0.26082384909336587,-0.13233720925796488,-0.5708918896483441,0.46797223088627804,-0.18663808025380452,-0.07012165336834672,-0.28440836414047393,0.13539853543158495,0.2123033421756395,0.27442886706876335,-0.7135601798526797
2019-03-26,0.17721606614599672,0.42046214375170243,0.133237930612903,-0.06542137678548898,0.2614439328253497,-0.14979950116741414,-0.5016392771204898,-0.6576775712619095,-0.4060130408742352,1.032931427915025,0.35551399934090167,-0.22932941827244163,-0.21541998932471085,-0.7633018142092312,0.3704950569703463
2019-03-27,-0.5410792267668372,-0.014816120299890767,-0.3037187493539607,-0.17385229816399017,0.40780097187219255,0.21711917380623807,0.414367683128624,0.17266068029602022,0.546221617292083,-0.14725151982827722,-0.059722206133357436,-0.323591115220243,-0.3983431090421073,0.18368463958340286,-0.07669190211515797
2019-03-28,-0.6412226438055474,-0.5000910156966002,0.028008475641319246,0.09809238735862535,-0.10665081257574033,-0.18001170735630342,0.730296470909028,-0.35953476428850667,-0.28254944856578623,0.041019283849804224,-0.507539971360655,0.6077095073028136,0.5380000660189226,0.22126704284058613,0.34328007214953277
2019-03-29,-0.45068894709583324,-0.27695784012396224,0.07146302304555212,-0.13027635768833556,0.3360676585220856,-0.10307281329798917,0.5981275752502515,-0.03965360338910953,-0.5164317370505974,-0.04945482825231484,-0.016824827670382736,0.2409283935360463,0.41952232993241795,-0.12942550444347534,0.030431332491606428
2019-04-01,-0.4725392063037479,0.10668462890951602,0.459700646610272,-0.9341681379820646,0.14540865409661807,0.259988050805563,0.5693848218271778,-0.9580265387730686,0.40505537646470346,0.12634252979939875,-1.0476118595680575,0.5243924006730954,0.2798132184564861,0.4980119830851719,0.07277313230315852
2019-04-02,-0.6530297004085719,-0.62502738896413,0.13997713284727636,0.08342678062289288,0.1189906817441917,0.08337998384449608,0.3581972373577032,-0.04568397874484831,0.02700257394712735,0.06480150957015263,0.4792157146350666,0.21344064279828678,-0.30098361348348557,0.1207895351898288,-0.18320379514871155
2019-04-03,-0.8796722691363745,-0.15659077270135358,0.14510295413834784,-0.011150131916992656,-0.06763102760853856,-0.41748060523756003,0.9231559730229787,0.17211959064565607,0.35563440585681394,0.30801460449626206,0.46728777472753236,-0.10115917471895797,-0.7139756797393346,-0.502385212408792,0.2510934862611033
2019-04-04,0.03748822436987742,-0.7898287966876134,0.4604928464354782,-0.16830898360898022,-0.4777164715935016,-0.47148677654545584,0.3986416854662861,-0.18880009378758486,0.3000394384888795,-0.01609360117277131,0.9277947345852895,0.17687451080500072,-0.7421982594632389,-0.5843064063787319,1.1208468773419482
2019-04-05,1.6454087848620915,-0.5966134440993782,0.31647539593009666,-0.32765866639278873,1.1614642112464586,-0.305885030453916,-0.8537830094956117,-0.12102555972170448,0.5868258073917358,0.033281336979762655,-0.709632337661662,-0.6366476997698797,0.38098633656872827,0.17238296031433697,-0.6510876962369301
2019-04-08,-0.5440637914434341,0.1165723625675178,0.13105280340767622,-0.9899673945993177,-0.007585341678674695,0.5994322270943961,-0.034583883580316555,-0.32378425568668323,-0.19575618851605933,-0.05715334155738944,0.4124842626319134,0.8321369375575742,-0.20643942631235251,-0.29364987963522704,0.43050701983452677
2019-04-09,-0.12281454041170636,0.12514417981801296,-0.13267988789523077,-0.5372133284896963,0.5070045335186594,0.2921241442541427,0.17337501441357484,0.4809644862655338,-0.2397321186762401,-0.12378719508199776,0.10800364054484202,0.2478941560377973,0.03913884479035512,-0.2570863357223664,-0.6247561736735959
2019-04-10,0.9494523181828393,0.6799905969512469,0.11215858121634142,-0.19074479558487822,-0.06912159404648696,0.0716159720940227,0.04234570985143499,-0.10231925916122603,-0.2302458377713854,-0.4906035500733782,-0.475546409130462,-0.3257678225480009,0.5079259635482054,0.13248268605114188,-0.5045106762248147
2019-04-11,0.1552819353130114,-0.3288915300219978,0.036241470813172694,0.06215157267184379,0.45534036422249574,-1.529511390162607,0.6539435119256084,-0.2051660190779904,-0.07871285907122699,0.2871361413573197,0.03174396872783547,-0.01157011371177502,0.4222952423577279,-0.15979819227712938,0.24645050058859508
2019-04-12,0.09164770334766292,0.768912270243581,-3.7121131883933423,1.4131053598499774,1.9624702674761738,2.090096195283799,-1.1270869990679642,1.8711087322753674,-1.392900056132029,-2.6819378397759737,-0.39180451684297635,-0.7609849934201005,0.8287043255058443,2.3644324593679364,-0.834364505205309
2019-04-15,-0.07018414228412428,-0.24473321414895177,0.7999753274453186,-0.5061237976072844,-0.7251624695712663,0.6594630085467696,0.660507032227589,0.26210560128024346,-0.12858059767518204,-1.3729998335148843,-0.011148060856386532,1.461529737322874,0.24959924009082735,-0.9929992290982187,0.08747338229909896
2019-04-16,0.3188749651141369,-0.6971506701887654,0.3582313649191658,-0.21042360710835592,-0.3606975417804472,0.09985793281604771,0.3496530603700009,-0.30396422752553526,-0.32908605985992445,-0.10683311666052786,-0.12744378829051042,0.44749646511683727,0.6835449949120567,-0.18376435325923676,0.10044673461347864
2019-04-17,0.3419513991595282,-0.14237657141954163,-0.20206909651911198,0.28692161784984815,-0.22216021435512717,0.5990149178533081,-0.2782941481812278,0.04531238774192192,-0.28462950948961907,-0.991113854024942,0.03912539815123145,0.19517714543979856,0.2119276659850889,-0.11874798781591878,0.6581664224367513
2019-04-18,-0.5431201036836668,0.6578997945907943,0.7692086517477914,0.5609582806573901,1.1812658975721035,-0.28471479699196944,-0.15874365191059747,-0.8648789645529714,0.3297517613185986,0.08016321281782457,-0.27652087725343333,-1.721465940267418,-0.36247223730124534,0.4480576893823501,0.4148350643394654
2019-04-22,0.15115270641544187,-0.2370305469504823,-0.31773434315666615,0.6306554161072315,0.4507312684793596,0.7429634455652223,-1.5339340894846594,1.7624717166821982,-0.1877546004799897,-0.4128216844746284,-0.061508770936167245,-1.1891740949191403,0.5224416693963694,-0.0710573258464906,0.34723095471635634
2019-04-23,-0.681625325030718,-0.237925544385374,-0.13034777897479966,-0.41773512647063493,0.09685870415179704,0.6053811601113812,0.3397775834080825,0.04432792676057118,0.28324605090216737,-0.5644486605165293,0.4182229421764827,0.21318639304277348,-0.39520740446089847,0.1090910395512237,0.4087030570288218
2019-04-24,-0.21847029049367128,-0.4183137299446238,-0.9775971300502442,0.6006262846164375,-0.596043631168066,0.39741974115644446,-0.5556375832792038,1.1689184082878703,0.6262234474436481,1.4662606650343621,-0.7727338029042601,-0.9704339295587614,0.2760580057017179,0.5041649397607272,-0.6148416957748337
2019-04-25,-0.9755241960166363,-0.5743574171786174,-0.5564694694769896,-0.043703687933546176,0.5827413503183531,0.42015196242336517,-0.5535061087235638,-0.11547381634552012,0.12027680941595631,0.34246795335150815,-0.360760382190226,-0.1162532914205705,0.6244133669113887,0.41594283988887837,0.8695483991853122
2019-04-26,-0.31836849080460383,-0.3553981522791245,-0.57012784676468,-0.013443215457568547,-0.861514712465409,0.0165931583392549,0.22905356054954962,1.5048104122649297,0.5050687919744431,0.1705799085832248,0.30693157584158987,0.8570430640610467,-0.008389322692710977,0.5201507124434425,-1.9206622471125008
2019-04-29,0.4458638512408886,-0.053712669986152914,0.7799438296163612,0.07199836865143504,-0.23332711841136866,-0.09650287754761017,0.29448291867151377,-0.31522184180994284,0.5192997905744321,-0.8925444917510253,0.2732652538864104,0.6062694066324807,-0.6925053339712743,-0.3404065535630736,-0.40634811280258426
2019-04-30,0.1470254378467294,0.9188243258347071,1.1915262523215606,-0.0771143456716733,0.2926627764891332,0.44671463686262713,-0.28563439717565586,-0.12594796229342542,-0.08998365326932953,-1.2113535731338876,-1.091777692152932,-0.4926268550157266,0.42165714567026336,0.2649219839249987,0.07510315038966653
2019-05-01,-0.08808899209235643,0.8955947984035808,-0.08194633638331883,0.8517284813920851,-0.7017537442084094,-1.038886077175512,0.3247267991102061,-0.03076669083618322,0.40089594839133225,0.22921814389375017,-0.9296965591781492,0.02583753621401419,0.23243020431012285,0.2931039712667025,-0.4498830874251343
2019-05-02,-1.46168714360259,-0.10561424740893077,0.07915072736589024,-0.11319362845115943,-0.31856550899795666,0.061949383984278183,1.5363933163985508,-0.3471276638942784,0.43096709672882483,1.3571469534994725,-0.9466689183083763,0.8960214997643063,0.41187875184806644,-0.9770066418306229,-0.7038163937617377
2019-05-03,0.48839183561191,0.28271968742839304,0.15578501882872453,-0.32580076857649365,0.30185604418778167,0.0032559077146121496,-0.3923078000868496,0.3300383186230891,0.6782636507651398,0.21581613718742876,-0.24199767536489974,-0.31006864298767306,-0.6252102201094837,-0.08480705290991986,-0.48756503554094965
2019-05-06,0.3894559714352171,0.30043441987054287,1.3801216272120345,0.17911835119635014,0.030119548560614606,0.030524091237636844,-0.29695440875029605,-0.5833097982112928,0.4766340528936088,1.3401947050190361,-1.4094527518033888,-0.15365836121843224,-0.6528233113627805,-0.8824457814636666,-0.22216504013633587
2019-05-07,0.15339435881075014,-0.15555948885678883,-0.30269519523339383,0.08495700772508685,0.8387203043018782,-0.511335268400637,-0.9618893347716103,0.1146508372470344,0.771809040228662,1.4266044018079238,0.08989448983199327,-0.6833983705149596,-0.877820292546205,0.3595879005684076,-0.49040836479466765
2019-05-08,-0.18194989805536957,0.7118327213551263,0.9765110777654586,-0.303508814896014,-0.003709925923087054,2.680953694604942,-1.534798006957672,0.6298397458747569,-2.656598385136653,1.0041593714806523,0.9205947766334701,-1.1012732501096765,0.14976816262535864,-1.8500199941652828,0.6230546012482693
2019-05-09,1.0440447780767141,0.8673516368632163,2.7763284340974037,0.0655628717385291,0.4860170145467485,1.4800922996829886,-0.7399262862626373,-0.018586487091310194,-1.64311953343199,-4.022551922366625,0.4617234254020282,0.14690508278248843,0.1550799621082044,-0.5803379290495438,0.04402424005135558
2019-05-10,0.12143127108985252,0.8136827071361089,-0.16921436270229062,0.08191245643959709,0.5993760820635333,0.10168409016854851,-1.3543368138482128,-0.6773812228381078,-0.4807866117449741,-1.583557911058149,0.24100995232681066,-1.0908490586425525,0.7747549944340872,1.870776707827714,0.44297924981083325
2019-05-13,-0.24210711456409473,0.6155194810251298,-0.29062229500372905,-0.7004091276627782,0.32522388818836023,0.46385531624504667,-0.2521954883984874,0.296980284441865,-0.5500415636505342,0.48013652972183374,0.9107479889018171,-0.9137579326989052,0.012720646342231356,-0.246865408535198,0.11073901289968324
2019-05-14,0.10702192736467109,0.36554739676016035,-0.053114590929773886,-0.004516659816921509,-0.5367379234007449,-0.12588701362017585,0.9601730435505134,0.4769720551810056,-0.449250564966699,-0.4371172683612621,-0.07036355917540171,0.34279378985425946,0.6765721384450618,-0.10643583151552638,-1.0587903651123756
2019-05-15,-0.07646793753783737,-0.36151347783028187,-0.493546542457639,0.11766765336144666,-0.03375488881900173,-0.14185362841174276,0.3156328276331347,0.22563131616619314,0.2623174069815291,-0.46596121672786794,-0.035635706875682904,0.19847933355842995,-0.031133364288142396,0.22626593380396998,0.19790993262234813
2019-05-16,-0.419491563323932,0.07307179424940902,-0.5272833005737636,-0.1583710000078009,0.12013226197888427,0.4389977764778982,0.2665305556412769,1.2779799688756537,0.5635231415125486,-1.03589185243234,0.016366896247183682,0.5164802613269011,0.35626305277279613,-0.6474770402255472,-0.6490137877033219
2019-05-17,-0.2141073541493338,0.4233758055959423,0.5866502837700738,-0.2024832719163937,-0.3236618065988187,0.6214303342854969,-0.22264462043801592,-0.5585628051964562,0.5386178178031898,0.07607530694241937,-1.1698877760462587,-0.008925383380395946,-0.04431055198591882,0.31380659305918346,0.395801979768745
2019-05-20,-0.514574895475545,0.687739824597186,0.2509024009359326,-0.7567503865827818,0.4798933006961806,-0.39164669365161753,-0.102242136475628,0.4357568346197259,0.18616741751209007,0.9689716582672069,-0.13320127201432477,0.2726801719708922,-1.1803497407595898,-0.08410153056502966,0.08767106902686927
2019-05-21,0.0898928872777085,0.39901754749210916,-0.19351898856255229,0.24845851522186213,-0.34228211851130663,0.4095999075200014,0.1882420858600209,-0.6497006122736704,0.5704479678970581,-0.6838231132295577,0.8530195012109262,-0.5248135682542889,-0.5547965662824803,0.6049585481679614,-0.4953980209910953
2019-05-22,-0.3932344052162704,0.744785949528224,-0.35482684236374373,-0.8494767252947044,0.42458892676917537,-0.4210282007521182,0.056732939725886666,0.4109241010737215,-0.20176098345508164,0.7526264237697333,0.3924917431640523,0.08977088195162497,-0.6438080739984535,-0.10421139568216153,0.0935264833714291
2019-05-23,0.1421660517433918,-1.398278373981651,0.5064787649368776,-0.9671464251421176,0.3223730777943219,0.20796774211033675,-0.9555999848132086,0.534224426530443,0.12832492566637121,2.001759351486845,-0.41135466509596696,1.0137642133274982,-1.2661628365025526,0.3122228518194845,0.2604303002471613
2019-05-24,-0.31103430288389705,0.47048024985022335,-0.14665238639083833,0.1057579280830088,-0.37416327408349975,0.5355203653530463,-0.7316253343164626,0.04930969051484091,-0.11524836471271083,1.017514271615555,0.23159900909259235,-0.4043126834148548,0.08384466891085851,-0.3883288504715992,0.2357049180471008
2019-05-28,0.025689625066264488,0.8414756518752722,0.6578842818131955,-0.18159443524145458,0.25048137633390155,-0.18252790654444281,0.9487096874820743,-0.295903275003494,-0.06080930480757907,-0.4005708179637898,0.734217617937464,0.08464731726666153,0.18182435337290714,-1.4963213100320543,-1.142061740491556
2019-05-29,-0.06970347994077375,0.46238109038132047,-0.8911566157168759,0.5621899259894885,-0.15958521217326765,-0.7125715219087903,0.3239173152513391,0.22923735114996935,0.24316855763702716,-0.1454932822556722,0.5706959476208926,-0.27164683519471355,0.0882736783264499,-0.14124686660464308,-0.3808913737266958
2019-05-30,0.18336457579843357,-0.5388957945997163,-0.6472554184618855,-0.6207263153695004,-0.34826125705232125,0.28800848739291357,-0.5827039901046156,1.1642035229752166,-1.0036178625233072,1.1123948774013592,0.11407948048446959,-0.3506708535025813,-0.8017748113285565,1.7509209282259888,0.5343161176526245
2019-05-31,0.7785567534532717,0.7373888668216632,-0.21354103729530782,-0.12013596193358922,-0.3129188858807056,-0.6231309616780136,-0.2431647593830839,0.12513361393694267,0.5030910652633922,-0.5036036439654001,0.0430146566931946,0.8856618859368383,-0.7693392593927136,-0.10439057582753253,-0.500918449529528
2019-06-03,0.32972146481775644,-0.44610163483477916,0.03547369030680825,-0.11191772926653298,0.1111953437008334,-0.4334415027051859,0.27278318352902764,-0.32362158719390477,0.05109502336974625,-0.8842513510772739,-0.1319435471822945,0.7047570248886671,-0.2894825740513698,0.5425872082907117,0.2785699342089889
2019-06-04,0.9772318026334728,-1.5148687749057939,-0.6853609128494047,-0.26536708736339576,-0.06832110354817578,-0.26490541234360226,0.29833720983720546,-0.3782736665838913,-0.1677150320671159,-0.40452027875060526,0.06259206504397374,0.12772552652062985,-0.41458604278082456,1.5592150804175138,0.833807966942179
2019-06-05,0.41196773100795775,-1.7808324467101124,-0.24043240731061077,0.6155539977005833,0.2023478610605025,-0.3353946505562243,0.18468375030612405,0.35222275251741475,0.08911886721796025,-0.90360700177445,0.8248626059322034,0.4621160597893861,-0.2229016785794392,0.5345193684377492,-0.4557521604407908
2019-06-06,0.17045122178845484,0.38743027006343,0.8997614537008742,-0.6268949231038374,0.5001313707885631,-0.007898256745489274,0.08487923794899999,0.9649023996345072,-0.7334201640744699,1.3474196825956644,-1.1431440054821758,-0.6778348638461553,-0.380067735471308,-0.830960040235923,0.6513444708906506
2019-06-07,-0.30666995847837425,0.36041648164487783,-0.0006695093428036314,-0.2137934845776684,-0.09430271571473384,-0.7077711907036576,0.460803241879041,0.7169249355478766,-1.0978016612596238,-0.06503739705985204,0.11012698134437449,0.9921739023817358,-0.26434453415878384,0.13027352433993056,-0.04601273333189948
2019-06-10,-0.16172155353899487,0.3762302015024338,0.5109193823237645,0.45923830834887164,0.029321382503326443,0.1773598793275752,-0.12895736798562818,-1.3056671022668007,0.37555407224198795,-0.418508676566065,0.41704135020953137,-0.5546054675577524,0.6429274657537867,-0.9531231032203943,0.27905649645197517
2019-06-11,-0.1180925682057157,-0.5775476105441357,-0.13046061247177643,-0.6628709376135711,-0.09456809654047083,0.5215585931240216,-0.3771238723112864,-0.03416041677064996,-0.36045302585318056,0.04032595844296627,-0.4286278023114318,1.1130663950986228,0.4255235293585171,0.847606968473686,-0.058417112749454686
2019-06-12,0.04044223949469794,0.8857109351629557,0.2314865739757872,0.0671180527140568,0.1741432911785391,0.14660731959701356,-1.1795196752866581,-1.280091802021686,0.23526649241458097,0.5299121224361908,-0.09194745643346347,-0.6366957525344925,1.2010330959862705,-0.47377634964335746,0.14621206786937313
2019-06-13,-0.43758377333802645,-0.11821449661175842,-0.1743805398513949,0.14808984317009122,-0.3026603313608185,0.17146130204163368,0.06864118043975997,0.05109335667666248,-0.21127472659503566,-0.11516185410194213,1.057743024287812,0.7088936485074633,-0.4597932428960244,-0.16546163729178942,-0.19102153575138248
2019-06-14,-0.52152341052873,0.4228576361519707,-0.0003528214524054149,0.26222120377990815,0.06286801702859168,0.25134065055543026,0.05825828804198102,0.17167127646603242,0.36785039352087956,0.034176634667578504,0.6625644729123281,-0.679147249198068,0.03448688883327253,-1.024831359192496,0.0004635461845545752
2019-06-17,-0.013624131160569708,-0.26671425667758625,0.2107334306776256,0.22501155601831735,-0.6652990906268491,0.46130620255865773,0.40844478890962543,-0.2046935672915176,0.05634205293482153,-0.37625693586567477,-0.024048874651044105,0.15748282850547235,-0.44000520496322987,-0.043860788444711946,0.42883144020999353
2019-06-18,0.019208365620704715,-0.03838956117931325,0.2344098044887135,-0.30702384660769166,0.4497694528132965,0.21817731537140794,-0.16005269745230177,0.42190091871260127,0.3289909531441536,0.33374396610977364,-0.12827626399048886,-0.4263152118552951,-0.3302504296492871,-0.19793127345001993,-0.1331311994360791
2019-06-19,0.12053535641151095,-0.04326686435535482,-0.12063395937707223,0.20938929260094047,0.3575872560798753,-0.050743809677769494,-0.5474519386308779,0.5117014112497246,0.21003047696321406,0.33635963006908887,0.6994282406802903,-0.35862409149346947,0.28078810050787417,-1.045493614510824,-0.4509026329817702
2019-06-20,-0.35532270533398913,-0.20027264435938386,-0.3212123650187946,0.1155135237805236,-0.19055549593582888,0.16616023112294487,0.350307628035619,-0.27660691446347063,0.29725858605872,-0.7031706408849139,1.1068926461542203,0.5481456951511641,-0.7012362861375014,0.0830058297181242,-0.13701571500328247
2019-06-21,-0.48274811644911997,-0.9294059683128371,-0.44106643663900147,-0.1517838316469159,0.08608814659782771,0.5228729429630237,-0.1844660052064835,0.38629242326979785,0.29905168245400826,-0.5037001884436465,-0.9468555247859926,0.6298789452152067,0.6880019234714767,0.3858327247062463,0.6000878109407511
2019-06-24,0.08496271835393754,0.9721008947325238,0.620428775615181,0.19586191566941313,-0.31486143097649155,-0.4303910067402749,0.10894555038840426,-0.6047423844341947,-0.1170066723565305,-0.21914695102261672,0.21276521900377654,0.37582642593635385,0.07144565635643296,-1.078560072645641,-0.0508112682820524
2019-06-25,-0.24682553772953353,-0.008272233132818108,-0.0013618116046616446,0.5409219097996223,0.21607996006800811,-0.5569410646903905,0.189764961951979,-2.2086303685362414,0.2095475097257733,-0.8843790936305689,0.9687756875231275,0.08877159714971526,1.3397783983359783,-0.38751567145252364,-0.06008708145886421
2019-06-26,-0.5023345127016563,2.180577521595919,-0.9999143440499646,-0.39905845087803393,-0.02860153731818449,-0.6019207321409985,-0.07825170924756786,-1.022108860427739,1.085287590916156,0.26018434596472595,0.7978622726668714,-0.992949295044722,0.527759995211116,1.0094212041483628,-1.2387993763945215
2019-06-27,0.23983834754066985,-0.9449525922682955,0.020013381283224385,-0.028412376848040544,0.027121147365746057,0.49095662544919116,-0.44382618891820413,-0.7395650669620923,0.664618319366976,-0.5163061055686986,-0.02693167081928527,0.5478951211512793,0.056171919573617,0.7529693021869444,-0.279934063838446
2019-06-28,-0.30051687686813033,-0.7854484707812734,-0.5806219282946661,0.001708989387936788,0.20685052111074315,0.4539580723493025,-0.5565856471714893,1.195282590448169,0.13933013211704837,0.3717056011162377,0.06167683314261807,0.14404858331459047,-0.21319444370032148,0.5538036785124241,-0.29707495950742313
2019-07-01,0.06859946371938613,1.1111636826692086,0.31991537936888653,0.2023987455133116,-0.45066595410202304,-0.4661191059958156,0.6619859998745854,-0.2567003960161637,-0.2602273833943802,-0.10404650105463575,0.41054544162057716,-0.4995664211496148,-0.7388760427130745,-0.02175054577766039,-0.04908354136411298
2019-07-02,-0.7373315651780248,-0.6211481727400434,-1.3852130295132214,0.1875884785087456,-0.6406578208182512,0.09182967064761272,0.7642994854252494,0.8511613438539165,-0.2144428860736004,-0.4913458023717448,1.6882599376794354,0.9305095302908128,-1.4886976656795756,1.1443253189751224,-0.3081628906159565
2019-07-03,-0.4530833727562253,0.2336419489662384,-0.261765402090026,-0.20417471961359657,-0.37649512562764537,0.3025580711100504,0.1635633639118848,-0.07264753429628812,-0.706131581045479,0.30022371117100355,0.3300685590142227,0.06585065451082195,0.2161776991021941,0.15254755457574615,0.3987183127879458
2019-07-05,-0.26461552370301866,-0.8480166856310115,0.38861247366233975,0.14074573649678773,0.3016994242609951,0.4413143716851323,0.2086959614468079,0.26498803002152266,0.3276229585704629,0.06680957052857939,-0.1534304214033244,-0.1327213347786152,-0.19535126794398894,-0.04725767026916641,-0.26465358774978065
2019-07-08,-0.9251128722394613,-0.029787713256245282,0.16761635887583298,-0.06864415988714088,0.6840085581849155,-0.3043833748080487,0.39351772761880116,-0.12355759539409086,-0.5837788446078611,-0.01464036214027814,0.08125858769502169,0.28999738308850814,-0.39876177152449066,0.3551013145498508,0.5191873519376791
2019-07-09,0.6115190970026214,-0.06308167537678189,-0.4820281710353749,0.04786325748932829,-0.6063494851978433,-0.05014868872229623,0.32604702145127973,0.3765573308785169,-0.3474527758030826,0.06488579352152157,-0.016137645363719644,-0.01430386263843797,0.0974049134804495,0.44797210609054106,-0.45850652097253897
2019-07-10,-0.07116142813836013,0.5547762526708111,0.8950840555514498,0.08500473779242967,-0.246355096555806,0.001975485113906661,-0.5092071108723382,-0.9036392338401047,-0.11866449863950984,0.6412638962867905,-0.3407830456650176,-0.02919148544511052,0.02730121400603358,-0.39355882644236384,0.6387953218283695
2019-07-11,-0.8178603303132244,0.4555212916809931,-0.07094638084683542,-0.19029789841961917,0.21012378166300558,0.07632224317905639,0.20798108880629917,0.22239281642681583,-0.22645108665124303,-0.20590098972541354,0.6266320538135273,0.07460785243973928,0.3470852766172451,-0.5794958175881996,-0.08264148552904377
2019-07-12,0.23405122657794933,0.23002109997675874,0.2758040099841296,-0.24633014450470458,-0.16776254302828564,0.39522271017159394,-0.489996585417722,-0.12886703644934233,-0.3644620248395695,1.2105746239446313,0.18392144738110905,-0.5665205576534094,-0.08453710179499133,0.16162316632895277,-0.11960642755304643
2019-07-15,0.33545736690545336,-0.02897476972947366,-0.12949649591275691,-0.15098183168252954,0.21403844653706672,-0.37665977695305775,0.10853696546261044,-0.18000273215446533,-0.5375488924119042,0.12003650775970626,0.5486512516253605,0.001056599789567847,0.13592600940447336,0.05619877355041039,-0.23411813000223924
2019-07-16,-0.30655047325956475,0.14430399116970472,0.4920282182352227,-0.3036031112873886,0.2879342523710112,0.06971328782853026,-0.5601969016505245,-0.7744886574566727,1.0471248963056612,-0.5329564009925732,0.8460373537188361,0.0025288882771613563,0.7367043779561726,-1.1128216462393348,-0.2773113926310875
2019-07-17,-0.05908386986597369,0.7871149091833591,0.20684918648365003,-0.3708180777950357,-0.11444421507868074,-0.4052127138570111,-1.0183586574305197,-0.7029772858251597,0.1593075572501086,0.966673153138464,0.7400578579507064,-0.7605616751894844,0.5509723565978758,-0.3704584246790845,0.5854864271689215
2019-07-18,-1.1985060250149582,0.6003489164311817,0.6237803219498426,-0.40600197692758183,0.11201145549236965,0.6701096676981073,-0.2840423634529268,-0.5967976118326199,0.8111878518100146,-0.5035495707213882,0.8195972212772216,0.15574090340559954,0.1535599894301726,-0.28947169787641874,-0.5740137484885718
2019-07-19,0.8883296609882363,-0.3625158773153309,-0.08798710688454855,0.30029591652457954,0.08209357646327753,-0.4931301544525039,-0.35608395920049524,0.3706521121647409,-0.3141920179870126,0.884611597014055,-0.07288277514469246,-0.505273125839488,-0.12000213970287843,0.10085153494143455,-0.11580151136456462
2019-07-22,-0.28259530213263917,-0.005318560820367274,0.4043993479417816,-0.3813981132298502,-0.2166139441973664,-0.5797597947218405,3.366617526533058,0.995650893173475,-1.268931505233931,-1.0213546484412614,-0.4297156583250186,0.0766517333079515,-0.23426024855385225,-0.4393659105190896,-0.2270110831029034
2019-07-23,0.7554508295853677,-0.47901247013249876,0.11392283065730732,-0.46171528961197467,-0.04757593466710058,-0.01847269797415041,0.24866221929851018,-0.7620772889350839,0.5773665405189679,-0.8367153318741027,-0.07795842694963145,0.4268215685072596,0.26463719892246634,-0.6883703981569774,0.42196854380651083
2019-07-24,0.7638585105203843,-0.4940143397223893,0.4612088236955613,0.14749311377460728,-0.2926581322045251,-0.3005383734410398,-0.5751886567646362,0.20927459372771592,1.0771294721297193,-0.26811554055866993,-0.31358168855013213,0.3284395706978672,0.53872748756435,-1.3615650276948819,-0.12572917363447494
2019-07-25,0.3260241678594932,-0.09394009079512844,0.04040404261403041,-0.21823359239679374,-0.00036859446953796393,-0.27142499049545077,0.117319819374746,0.27436399983417675,0.06326113984542159,-0.16774022480695872,0.20130645662379154,0.5309801172720359,-0.6004637850353678,-0.9654472425428733,0.6344640393154908
2019-07-26,0.30732061581445413,-0.16862474797530763,-0.8131436990291404,0.08633366568383183,-0.581124973230745,0.3169793847337621,-0.47011667780723354,2.0576074399427715,0.2485505204935115,-0.116966380156876,0.8489487183133545,0.034784774675479954,0.8368177118433873,-3.0343111854356657,0.508575455177178
2019-07-29,-0.6109055778057526,-0.2962631177387718,0.13785385363241345,0.6311177157284938,0.32953802982463,-0.6836171421569965,-0.6519477435554453,0.07406179187164835,0.18738015511502026,0.18559312688804053,0.5707334727731248,-0.3927607653040711,0.2847732719139212,-0.9752999937954594,1.0237651660736224
2019-07-30,0.453079951940903,0.152814900768925,-0.4230055669541302,0.8450448569306857,-0.24301834331176408,-0.1698755960904872,0.6750386283198466,0.16281411704018334,-0.3295703121904334,0.19402594743658352,0.01348061510541848,-0.730072974693348,-0.5736690416330581,0.8159507130194078,-0.7001888011703038
2019-07-31,0.9770204839441429,-0.3893892493774559,-0.7713383684197035,0.46102613428855044,-0.06169323124092767,0.11133344424231664,0.06311194871669226,0.13762437093319568,-0.09056097002166125,-1.2919110142523866,-0.2915440197222541,0.9529663356081236,0.6959306728808861,-0.35230575790216345,-0.9101924518641222
2019-08-01,1.3660192008663885,1.5898390663554762,-0.7044626755652683,-0.9729905890517527,-0.8013965370541083,-0.3129619961082799,-1.398043649952918,0.8575470231405549,-0.6104598530846634,3.085464186003805,-0.6618436012031081,-1.2681982072379603,0.41828710538554925,2.904596980724683,-1.5437734443315518
2019-08-02,0.8682362918150821,-2.2580915239503256,0.17300822824674097,0.6734638552865981,1.324868009037413,-0.2282951311619579,0.425007917751935,-1.675494746244371,0.6038286147104437,-1.2844949518711142,-0.00796876162171345,-0.0453067882288436,0.051873536713607615,0.06706996499691797,0.06686828255272848
2019-08-05,0.9105758134001183,-0.19055200030744457,0.1893845646610317,0.8431055406915966,-0.08752464687308903,-1.291126017118976,1.1872701289645264,0.1547768161809322,0.006466626784016771,-0.6886133660308118,-0.47542460035450995,0.2819166008884957,-0.8475887232851882,-1.196694940387423,0.4325572448485122
2019-08-06,-0.7605184680378626,-0.09228533302459507,-0.5127318436866144,0.5136448945653781,-0.33296914837474356,0.1003542726249257,0.2577856806694617,0.49003409144657656,-0.48058119285072415,-0.5886599019684449,1.138570756768197,-0.03785456109053231,0.7070605642311008,-0.981410849925122,0.2690908036694474
2019-08-07,-1.185414158556843,-0.281724032713887,-0.3558015925023123,0.4738608879912129,-0.011808426396293092,1.3575897572623283,0.3960611682037081,0.17061112476362827,-0.5631338167222606,-0.5645254104308173,0.4516024869018198,-0.19384920824845286,-0.05229150284906403,0.8027164788502215,-0.3648076103809416
2019-08-08,-0.9157431258467037,0.6390780583149052,1.3464852647933094,-0.8949397256920035,0.4121060327697723,-0.046726603909516884,-0.3645951303277013,-0.23355284024323364,-0.12908753972617082,1.0320263697265761,0.30888013837861084,-0.4181513618356989,0.014085513294906704,-0.8771307885537947,0.3124154138924835
2019-08-09,-0.03659603008234036,-0.5926456524573125,0.08320204956401556,0.16199551714049376,0.17032696535796527,1.2589359575768064,-0.2422566623863185,0.35905537812951294,-0.5880346752450694,0.14041478472432023,0.13103972640185946,-0.5208971767029205,0.6620234598726353,0.4088767581713254,-1.2143064471926044
2019-08-12,-0.1073027814939102,-0.003418558778754077,-0.6749949590568256,-0.18854866692731176,-0.37443262339487166,0.84571920315381,0.967840892028685,0.8316743979582621,-0.8362327630801492,-0.8714090749726728,-0.514658341787896,0.7340928447657533,-0.12623572154468987,0.29280898292019664,0.07857641629865725
2019-08-13,0.10657714919201233,0.2880655834462653,-0.41053878835569546,-0.45476425075797183,-0.31110426498755006,0.7141880911799937,-0.31115738851156577,-0.05852597737226728,0.24084505750092677,-0.31932777162170317,-0.01460635384707809,0.04155248729707095,0.21987046178377534,0.048526293673942456,0.15071815374319675
2019-08-14,-0.6279060837482202,0.0911149130306419,-0.5442646398445525,-0.0664933604800364,0.4937634413451777,0.7474009903910601,-0.12389606242413098,-0.5698841403483987,-0.1923374081264413,-0.12338142032821942,1.1405199792487455,-1.392345955786329,1.0747640099977422,0.18331570593907864,-0.25068154085319083
2019-08-15,0.1315227521671592,-0.7698347903171552,-0.2600093125789649,-0.2700493113279872,0.38455554550850046,0.2200521965937378,0.08242457941380052,0.43173670033673905,0.8524022997446568,0.06831163255620887,-0.11384858345159035,-0.9774343419538599,0.6568453092075606,-0.4910015284824729,-0.07016236625891337
2019-08-16,0.8883980011758499,-0.40988841140922205,-0.9256988980898818,0.6390865733334747,-0.47499223181810335,-0.3941172898601708,0.24566597754221964,0.3861418995108187,-0.41615246747472945,-0.28228621942386933,-0.30896782044685456,0.7040277867823526,-0.30404068554134756,0.24243018625968216,0.4446571728097124
2019-08-19,0.7069031498971223,1.3455492548303292,-0.004510953217710778,-0.22454114941894532,-0.37566715395071903,-0.26891972961398913,-0.5382395425154411,0.3739779721646276,-0.07570636797346308,-0.12346325777077016,-0.9472431106392496,0.7450137305094506,-0.5921514452513155,-0.1785772693751343,0.22748721403405114
2019-08-20,0.3490665503326682,-0.7582727589888195,-0.38787064212338174,0.6386981673960188,-0.22838497487525805,0.05270534131583737,-0.019285951766336407,-0.5549130810630061,0.02062543531806299,0.1625210221237432,0.3294880957010371,0.2575195523205511,-0.6218149994002858,0.6445034148783582,0.16181572161640828
2019-08-21,-0.24561635698437229,0.011305164607180618,0.5806100146243334,0.017374814084622825,0.39858286060185666,0.3501696669958064,-0.9285089467239898,-0.03327666151515185,0.3872507520670734,0.18320252665041886,-0.47069324982345573,-0.5649596773104317,-0.05935845608790155,0.3502953447623771,0.06204887285802274
2019-08-22,0.03282238604676252,0.06510106685969275,0.2664115887137972,-0.2545200511955656,-0.7134983365693334,-0.1406406586493709,0.5555749989116125,-0.3066823789246531,0.1584284480149566,0.1241871414566138,-0.29396900280984495,0.4582083841703336,-0.25247134280266537,-0.060299103417753686,0.3376770500403862
2019-08-23,0.8728672061179714,0.10890241862036554,0.1361247571411055,-0.3825044975911722,-0.40201126029151024,-0.339464423804406,0.06345722535569709,-0.5691662454795328,1.2066081321580615,-0.7036269851846066,-0.34005925987307295,-0.2120685431343894,0.05395269563963101,0.32464723580937904,-0.03861845203829617
2019-08-26,0.49847424123839046,1.1163140586048959,-0.050425753358569025,-0.04297271984123083,0.5634336857686074,-0.39531571609916016,-0.38294981697943004,0.6049801951418634,0.1512347314224683,-0.1568294876792954,-0.015403561093505935,-0.7811139667962174,-0.6163468948496298,-0.4415498498398406,-0.04086290015120381
2019-08-27,0.4601737952752628,0.08345272395937992,0.4497900900916677,0.10010568655904117,0.1465881127091465,-0.10250297525488528,0.07618692523968862,0.809516013626848,-0.3266722905417588,0.6635542417768974,-1.140222153509788,-0.03528847536414059,-1.0381699209754054,0.4081533706312682,-0.28281939265973577
2019-08-28,0.218201921070039,0.0023983259002524626,-0.0795353203415462,0.020022784362676793,-0.5136033698703661,0.9536830796802744,0.48903765923507914,0.17350567963166408,-0.18995471656930007,-0.12730849548309453,0.12382445877761172,-0.533886065904729,-0.4351879241493086,0.43962744439376467,-0.32783549780609456
2019-08-29,-0.25764751716410716,-0.6597386782254968,-0.397541284073028,0.11414857147006119,0.21599479873171878,-0.1352924324945014,0.1430425741727479,-0.281741548059964,0.9933240522341356,-0.6907640115570827,0.22190207357309744,-0.12551674286403824,0.5458940573704498,0.24547680871125643,-0.09026657748408495
2019-08-30,-0.6024513473866773,-0.08948556976647404,0.3872786841724676,-0.7886619914273792,0.009161069195375626,-0.11458242863039422,0.7104472550552472,-0.41631569651543476,0.4781796894248645,-0.1116181952807018,0.13697559155991199,0.31110350267751397,-0.06120333420491874,-0.2209412695171257,0.3259871352393918
2019-09-03,-0.019130104969158596,0.09721675014545729,-0.8938675436219695,0.36091688860977306,0.1424517341951103,-0.39911706705697086,0.38460373604734754,-0.31232780686072714,0.5213442005053597,-0.7380018286205644,0.628353001732663,-0.12911928829625388,-0.36843703256650767,0.23661719022384012,0.36181460326705384
2019-09-04,0.32906317196710355,0.5581328595487984,0.1308837859128098,0.38013352165366254,-0.005869938573175304,-0.6283365151633686,-0.9201440110164412,0.3388460531571327,-0.09397370955527873,0.38613436171507076,-0.7340786783939355,0.940678265918448,-0.7812350445916217,-0.09796290719262957,0.16550596905686754
2019-09-05,0.36343974646713395,-0.7690475479612,0.09567146463281384,0.4657422416840332,-0.5914680054239951,-0.7743104354814481,-0.5033054658757394,0.09752742537591608,0.36606599528021655,0.39382267742070787,-1.0127075654432092,0.5875214427692192,0.3438266616031034,0.02224701226295589,0.8319039481935795
2019-09-06,-0.4873935374190601,0.039748142730629876,0.23012960590511056,-0.20945293813085536,0.5437286294762519,-0.9695295391704382,0.20168087084464856,-0.8278891813171445,-0.3038415397775213,0.2941880237865924,0.1381007039986682,0.14387131744966186,0.6012315612914239,-0.08802904774155923,0.5775618295939058
2019-09-09,0.7139422558652713,0.20357484347832222,0.08921769979975436,0.2870161835963765,0.44448099101669136,-1.4075641137467063,-0.09160517946251323,-0.24387687089255092,-0.5620950752740596,-0.7572053183243118,0.033813993791510955,1.1244277733241168,-0.5219280633567313,0.9953121332426381,-0.33262863291014855
2019-09-10,-0.5926023997735307,0.6048850107486233,1.4314835931978322,-0.8571419232103139,-0.6490365312439622,0.5241312016277216,-0.6559911124572736,-1.3028231587839376,-0.24648388455729164,0.8532512920959856,-0.42206154569990895,0.776677756042097,0.5808915682370687,-0.19600311303717965,0.10113634776865421
2019-09-11,0.31520228799419026,0.6869953585454665,-0.5186083385717771,0.4513729218656824,0.4025364997347081,-0.474073889935789,-0.15269913480466968,0.8726842923773984,-0.5889283650926574,-0.32117678657904847,-0.6418803807196503,-0.4203098610053544,0.3893577956526068,0.23185795243928095,-0.21597505792960114
2019-09-12,0.4760620719160773,-0.21578785308120063,0.11209088742257663,0.09913990335647016,-0.30696930528625505,-0.7959931687212334,0.14497338007491867,-0.06176163735642884,-0.24193806396641204,-0.18309975554409252,-0.2051281153955876,0.08125884600625699,0.9595169036340279,-0.19126581655726632,0.19980195731584718
2019-09-13,0.27220530771407603,0.43940958274079867,-0.36183317979943086,0.22366869077160034,-0.6712973659132206,-0.24787068149082117,0.4640142818833073,-0.08729038768214192,-0.5608703543095978,-0.7983045396257777,-0.19937576015721023,-0.10379675832037832,0.5188333191359336,0.7287826119383163,0.33995504934136594
2019-09-16,2.382703240805355,2.324740166543018,0.5915882225311877,0.24963877747720264,-0.12486123384242243,0.38546740292663273,0.1853764097559174,1.3698619652386879,-3.3118955735256206,1.3475935572436468,0.5407498018069137,-1.3198587575477818,-3.677385128383323,0.11150969231417773,-0.35012568450532644
2019-09-17,-1.0750917367876691,0.20336118811896897,0.055256528561507784,0.19836072913670422,-0.6314041419727205,-0.46920389047033395,-0.3162516137461653,-0.21888875345410508,2.0669116831643386,-1.5424664335220282,-1.5547700512242826,0.5228840554886023,1.9161757958931793,0.5744074118492735,-0.1731260631957935
2019-09-18,-0.08998232470705159,-0.4927518217156871,0.30964094179167634,0.18371702918266206,0.43273880159040506,-0.5201886506164086,0.09422662558184453,-0.06178496174992465,0.2588335144754441,0.011198515025411748,0.5192466519323582,0.11867138622896659,-0.5609695664283668,-0.0204738022241418,-0.2405367455225389
2019-09-19,0.21896198611511644,-0.21165645447422393,0.0057753446339169345,-0.537329114640419,0.4736925760434942,-0.09000583201302337,0.11711595191961037,-0.16979268037543188,0.2939134555852651,0.672851213053355,-0.1224887904158505,-0.23256529304697676,0.27865048783376456,-0.47582728299623844,-0.13375028264185895
2019-09-20,0.17464274646989048,0.603708427617815,0.48252432398644746,0.32748399036469544,-0.10988121934239353,-0.044741629739458916,-0.6611864695457801,0.7268761107885089,0.7587046944257563,-0.1596672134708906,-0.23461981874311721,-0.541951143674285,-0.6397680297245681,-0.4283726966643542,-0.26401305436373806
2019-09-23,0.5894175985905183,-0.43996118064579554,0.06524223389736394,-0.38233068338655335,-0.5265578421581982,0.49272938896411006,0.3544742187027203,-0.5568040198594257,0.18479276338818584,0.14976700931380416,0.3431032029351376,-0.0998984026954317,0.23891182694217072,-0.04817951054492395,-0.24726167604285498
2019-09-24,0.3114435014463176,0.3657975014202133,0.2686404609787727,-0.09646100727201468,0.579096737281474,-0.23881600165040617,-0.6854587647158747,-0.3515122314763626,0.398851890106879,0.653609316402979,0.0624192029596633,-0.9755610397790728,-0.0007617336049559054,-0.31770501156421627,0.02831943400007053
2019-09-25,0.7496066245306937,0.26796406883462087,-0.6578999645209456,0.4196758755424144,-0.5830376240774577,-0.21051404106093047,0.2970813338513603,-1.0333652263579673,2.8802373297674135,-0.08250094848793568,-0.0003962893862905492,-0.49230386308851803,-0.9643680286452587,-0.19986465486349753,-0.27992683961649373
2019-09-26,0.4426769543839785,-0.7959545818620163,-1.6433977517141023,0.5633884922645245,0.14135298579579625,-0.2961948926058836,0.47598463465424495,0.19710268465726444,0.9848454230066828,0.1860359014199549,-0.13257161019248043,-0.032884327371982325,0.16202309610629928,-0.5722914700687529,0.4699731818504259
2019-09-27,0.7430069047723238,0.24740963431006777,-1.2814838193318359,0.06056410546772101,0.2344846907651623,0.1958674701209659,-0.6829498003242664,0.3504664206699997,0.8548497119697576,-0.21988313080061173,-1.1458118165843312,-0.205181315032554,0.36792799450459357,0.028437412054919176,0.5532910141788528
2019-09-30,0.10713316801898892,-0.4014627708912146,0.3073469876247161,-0.0295794754733133,-0.1699563218215112,0.18674248201646035,0.4743321853671525,0.29497671654093466,-0.781083105359277,-0.18546673938953095,-0.5569094914975339,0.18836486415297626,0.9800467168652177,0.33208147333121574,-0.5672520233109196
2019-10-01,-0.0013307773047108729,-0.14314124713191667,-0.6023343253019273,0.4196466713986735,0.2199538994946093,-0.5026341353522004,0.9642983057448461,-0.697559326874261,0.5829100599932341,0.1404816332168537,-0.2622373622022064,-0.3451977544051783,0.8351698580069542,0.10274294645216342,-0.4796597931779474
2019-10-02,-0.291479924574614,-0.4955645442621588,-0.9728832670834999,-0.188818990043492,0.44701841072026105,0.6458002802806582,0.4482022828674518,0.7170126742958238,0.46823237043575805,-0.25217890095246154,-0.5782559906744087,0.4128029772669044,0.10208325636156523,-0.09654381304840332,-0.19345489911420022
2019-10-03,-0.47853227699728346,-0.18151160082324014,-0.15249349693918135,0.17457342511582263,-0.08267687422483838,0.5508332470762977,0.20765814710424058,0.42100610549547735,-0.030091214733892313,-0.030996491354109257,-0.2908880009747844,-0.36110301477628987,-0.17860916549742717,0.2668652396759793,0.22832367680804555
2019-10-04,-0.9745912380740609,-0.000333795439271381,-0.004048169997454498,0.12042049516246421,0.23055425064415427,-0.11907628837367067,0.15421725913216006,0.16761470090853942,-0.5151014071915915,0.29827166391727,0.6877228561857881,-0.3177991521335981,-0.6635568480921142,0.1492248495274608,0.583450998607597
2019-10-07,-0.503878019676842,1.469204136723321,0.07321579582376209,-0.4701669480675486,-0.0918729037777869,-0.34746961663035114,0.1866371829185535,-0.5304056400380236,0.024096109427412082,-0.5025861021750885,0.7547559519810929,0.49329976775703965,-0.3640345164396621,0.08390410737011994,-0.5281402473422713
2019-10-08,-0.3296806871053821,0.6310750956008502,-0.3581485810425412,-0.33347410145005285,0.4887454936598521,-0.16101441644570635,0.9014452187987059,-0.31474929016392195,0.17320618957897577,-0.15299829694935685,0.3880847518945878,-0.28738326331110975,0.4487063269580104,-0.3606531373853974,-0.6396494863534186
2019-10-09,0.30611323413250247,0.5470670480644311,0.2391725010153095,-0.12366751960502892,-0.4873320547000711,-0.08811670679828576,-0.20823548153830412,0.23966185666401163,-0.3274718006608934,0.2102421448054536,0.445900807633432,-0.21461897836025723,0.05787653900058676,-0.6891891614064443,0.027271514635586858
2019-10-10,-0.12692327538090814,0.42394771020741967,0.16981910226879715,-0.6735684111870848,-0.14876920887459838,0.07731160212880783,0.09385235679248904,-0.41197146407467267,-0.15363677393498587,0.33384529335715635,1.6675475616728745,-0.2677126500730146,-0.8412495848577255,-0.28389780320490243,-0.019466452021916547
2019-10-11,0.6157099376457776,-0.3428149945905975,0.267701240612106,-0.15531649321738084,-0.565337978298156,-0.2456763213875729,0.20954591424834257,-0.7216221865101596,0.237106876479379,-0.32053905400586846,-0.9725849892533633,1.0547631634606627,0.5317506806029912,0.5344272049111308,-0.03561268540854723
2019-10-14,0.8206107632167515,-0.12252187476606302,0.006647010995130043,-0.36193597233924557,-0.5551665932941316,0.22373451608341993,-0.21093329718282455,-0.2957325655061203,-0.28898899035720704,-0.30307334687447207,-0.01902510885681008,0.23480816628429177,0.1892318935313507,0.41049783217480107,0.2503664030019748
2019-10-15,0.11144262175517178,-0.42260939165766537,-0.18436266251082942,-0.18577890941795216,0.49202094404892555,0.2224279817327866,-0.2807559776009976,-0.13539629500263128,0.13260001836421537,0.2115702579215923,-0.010485612733539984,0.07572555527374142,0.09432264699931325,-0.04840838206563913,-0.025153065457101664
2019-10-16,-0.00229226459980858,-0.047504395705691094,0.0160437419997711,0.20721515510240318,0.2618873144716957,0.06492336362190831,-0.11052540451813797,0.006167739858318755,-0.2696421338532917,0.1624738459547843,0.06566358171338538,-0.26771239914720724,0.5215149098183935,-0.1260163194242253,-0.391052102610711
2019-10-17,0.47230565168347044,-0.15759989833245644,0.07768055430591964,-0.3046802238582062,-0.736179923728818,0.4038949158671313,0.5532320024509975,-0.11271100808212528,0.3636940656649009,-0.08718625355513096,0.20493817886549703,-0.08577548938639486,0.044786790862230974,-0.23947320290384957,-0.26736779123779647
2019-10-18,0.6719294192571963,-0.31144550110324465,0.1313970825862204,-0.31510009877595785,-0.8144890968500437,-0.2476402160292014,0.40516559426538024,-0.47014852686419917,0.17338556376818293,-0.19359004178872136,-0.04573865222407532,0.9541176354754464,0.27625620518633814,-0.019608392977651545,-0.1660879146774531
2019-10-21,-0.6112196169213889,0.5050189512573373,0.03362905673855998,-0.720564012157808,0.7734220082797112,-1.0616617728771858,0.9329771729390923,0.04995858712471135,-0.7911609420507261,0.03345824033695999,-0.31086729682575953,0.3183181794295964,0.628597866085264,0.0883303064727271,0.06496178021325538
2019-10-22,-0.8472262927175954,-0.4898280001254375,0.22659484863770907,-0.2230878433557355,0.43150388405519313,0.5898863419586571,-0.3524084119190487,0.09121291301569834,-0.2600453813541249,0.7405520138248011,-0.2925997745383609,0.6343365649578406,0.11376483920069519,-0.11588858179079764,-0.22651880457414014
2019-10-23,-0.19981599154130392,-0.9521318300095952,-0.2369152392107843,0.25513778613189775,0.7603578750684719,0.04513474578158183,-0.21639338035144462,0.013464228186893079,0.2145428314807889,0.11500042422236334,-0.19223912920862568,-0.06450593884302047,-0.27352272178447057,0.35619563810690724,0.3976394281067084
2019-10-24,0.12662036255571768,0.15349020415774736,-0.5540565852722066,0.5803875313780968,0.2677516915481657,0.05473473576671306,-0.19099580901375196,0.08948394262578249,-0.14254053978579365,0.02732249016270205,0.548301245398223,-0.09304733053782134,0.9223155892865978,-0.5816295752479173,-0.9837822324266441
2019-10-25,-1.0999320117099705,-0.006168602961192204,-0.10495509071055953,0.03137120582424846,0.19474177828031547,0.04359308160239628,0.9930431863398466,-0.6586246894704214,0.08353962834559059,0.7080685516362926,1.2935144668673577,-0.2977694484608372,-0.0970004065929162,-0.2497817538119627,-0.7030756772357858
2019-10-28,0.1408476808945503,-0.09862221025736101,-0.06831829702051595,-0.12855485212092943,-0.3846000035974704,-0.024234664266314876,0.14346477126330315,-0.8471416030325647,-0.3401962383446674,0.5204893004311897,1.614794022306909,0.3043685214082767,0.1326977221424768,-0.39338407565145855,-0.5463566404120345
2019-10-29,-0.07939795003788552,0.6802203345912272,-0.43404951061873165,0.22043106184166983,0.19394985690651828,0.32253762111782264,-0.2125669168588077,-0.3664264226910506,-0.10470513004513396,-0.34231112449543755,0.6573380105120556,-0.5964377607805988,0.09247279196803482,0.39493324906539035,-0.41602183055323916
2019-10-30,0.4325027402335623,-0.33560785856685205,0.11605673741158862,-0.371766665518217,0.08582367911886646,-0.3952420506993557,-0.4194978742513822,1.590097294070103,-0.41322111193348476,0.2304048216896739,-0.65144396607922,-0.5181770751012429,-0.4197343581918592,0.22116783603335022,0.6501123352010989
2019-10-31,0.6543121432364353,0.011029569463435362,-0.18377588203041917,0.1838943964344883,-0.356244609853985,0.3131212337825029,-0.41007638360728155,0.3623938369683999,0.3682341415505246,-0.16145952373624806,0.153394282345796,0.07490722344588296,-0.14396517620823412,-1.135740443823521,0.4107093836026411
2019-11-01,0.6132075022613885,0.0953062722563176,-0.9402575133124911,-0.2868075372396617,-0.22709724143913523,-0.6600988528683437,-0.07149458034303113,1.1693887903703348,-0.8461283206293166,0.01772590410161312,-0.03168510380703393,0.0635159942485326,0.24072995612786552,0.03610417884497785,0.7292002488740508
2019-11-04,-0.9522547407658015,-1.1264073684926905,2.1684693594606497,0.4246718889930887,-0.2192445523121629,0.001304659752863424,0.00648948755944212,-1.08346873389548,-0.02616322085466427,0.767092631629883,-1.336892440543385,0.3398786521094781,-0.21678976595735167,0.06880284904884681,0.726350587972658
2019-11-05,-0.028277637777178066,0.17083378922552506,-0.42109360750873215,0.8183040101088833,-0.0036316071682646334,-0.47852261107142346,0.03447172340248585,-0.25885517467674485,0.3146117111804769,-1.5629773803341227,-0.6662166505756384,1.0070269695768856,-0.16616346028590567,-0.7132356846834286,1.5229212633003284
2019-11-06,1.3562742362117308,0.9147820229461499,0.2132260684077627,0.6338846287827817,0.2800455403456008,-4.104453122588547,0.8779949595689593,0.13797415035380411,-0.5588344191101045,-0.8117443192288285,0.5269162267952003,0.6196515829255134,0.3633889997712909,-0.5503263880861962,0.08853363881555265
2019-11-07,0.27996214632428695,0.7019716382874459,0.3384529017440455,0.3233887841593879,1.3462966700185186,-1.5664842620716763,-0.16845743420056336,-0.8523443103441182,0.9835509002108307,-0.8290703309226936,-0.6985109486455348,-0.11075145269065961,-0.21946018223615443,-0.568559638604101,0.8959590522450032
2019-11-08,-0.13034957996408103,-0.40163326572343216,-0.28168558378374575,0.13391508096664242,-0.1278782174191252,-0.06903404263669036,0.39147485952952504,-0.11179597469305304,0.1571089150469056,1.051103110027557,0.5662987870584633,0.241697605225544,0.1780566173848087,-0.05253062658585324,-1.2245104950606498
2019-11-11,-0.35705288760845394,-0.006183607143252501,0.21690098007551672,-0.19680827188380978,-0.21127910337734773,0.9997120600431242,0.13687576702925325,0.04320872876816495,-0.0886723158309507,-1.0123012190807121,-0.7912076088935643,0.40697633506032593,0.1176899143638771,0.5390199220839214,-0.05155933404986579
2019-11-12,-0.06904059476534566,-0.40899934898061774,0.41694376134667543,-0.061469660743552895,-0.12112529221027352,0.8656701100430031,-0.24554870805251186,0.8463761022606531,-0.4294119139068159,-0.3605075686310575,0.009211796335009681,0.00351729742207324,0.13232356963384512,0.19740686107890995,-0.7234220157764606
2019-11-13,-0.2808314076678414,-0.027293131640668933,1.3703522351295734,-0.5889571339384707,0.2117945697998146,0.041864216706023916,-0.17275880435683988,1.4085563718679988,-0.8431510206166846,-0.08695422266032474,0.4830619407463459,-0.9088720418330839,-0.3218209041554948,0.12204367325201457,-0.26678887423610764
2019-11-14,0.3824394503968089,-0.21292167783257682,-0.2065731469772597,0.5623786511357122,0.03649943261585058,0.12780066291876102,-0.4423577101825273,-0.3170151080237324,0.053653290700961684,0.017379381540736427,0.3363145986645921,-0.23433733340684917,0.1264931477747938,0.06992627756885711,-0.21002958646528425
2019-11-15,-0.6284470257239636,0.3091536640919268,-0.24444521648267226,0.23931559213383236,0.07643483432948239,-0.38261314650556777,-0.31833012123413595,-0.04740779046546817,-0.43220343303041203,0.3084030471095829,0.10381610303723288,0.0329201934883846,-0.18293435488651805,0.5015735208317498,0.3521113656466672
2019-11-18,-0.2537602614505058,-0.4457077922841308,-0.7186897459196325,0.08279045877325253,-0.310378813394534,0.31754349321813635,0.28151995864941715,-1.1068976196073828,-0.1984308957243364,1.2225014360260489,0.4392929346363261,0.03414632285268737,0.1698036075900489,0.4627544419574271,-0.06040570932956568
2019-11-19,-0.5722561259068818,0.818041736532682,-0.6107670197064676,-0.18417626422094813,-0.026585106349346133,-0.01309226406895847,-0.1292820886827799,0.23320272602342773,-0.3830052219372546,-0.5462025133012619,0.04677201971961176,0.30954285192539954,-0.23740983282837957,0.686038887317918,0.3089098270087305
2019-11-20,-0.6417946974367252,0.7902333362059655,0.16865686673886343,-0.4047834687128887,-0.041896121764837924,-0.27924310882503867,0.09845871105861403,-0.41961799102944897,0.1295546823618427,-0.4255899816478873,-1.0404888481182193,1.294052386063386,0.10072892366963793,0.4082932853343213,-0.2117169512655276
2019-11-21,-0.27187694307200677,-0.2411621705623147,-0.059174912101011,0.3345360864596544,-0.057621045727101694,-0.5438376915955084,0.13541819022405321,-0.005697145064511466,-0.16972071944762412,0.04438189450725061,0.3149807815861667,-0.5685334294760538,-0.5419699815892556,0.5775566359276503,0.7869680080390049
2019-11-22,-0.060230324275667324,-0.20431365931939716,0.3674330009254295,-0.00032426079666283275,-0.1282045940312591,0.007155752500932913,-0.2034618404655182,-1.5177193164276812,-0.2571304307275858,0.45057788022095013,-0.5906050317046257,0.14678365394425777,-0.019895124578052537,1.3028222501230189,0.08059901045815165
2019-11-25,-0.40170581698617236,0.5754012556872397,-0.08637361615606282,-0.4109658804341981,-0.008810240941450886,0.6232098989061879,0.2614276798505434,-0.38082109461766045,0.30169163811289135,0.10443844013286929,-0.6133729589228409,0.3069705414429708,0.28454450183972096,-0.1019868365670143,-0.45840315777606117
2019-11-26,0.011311486284739991,-0.1662943333242508,0.21600117239933264,0.15730901209333958,-0.20328574160756074,0.9094453111182722,-0.27821135677721476,-0.695823426912691,-0.15009667516988878,-0.5468897592648193,-0.7542726516176883,0.04573280970687976,0.2085084701294999,0.25553622171224977,0.6146114557700124
2019-11-27,-0.0867245792861685,-0.4017548925469892,-0.0035298069515149744,-0.06113332921389597,-0.2176014658543321,0.4363625405060205,0.48716099843329075,0.2643495847586691,0.14053176385531813,0.10085235679971866,0.0969198400649941,0.04888152308521898,-0.03571214611890039,-0.4987985252162079,-0.1063871439521901
2019-11-29,-0.6575846190939142,0.1565288314946367,0.07065283558875646,-0.26564142560270065,-0.2573716320838286,0.14561416837424468,-0.20193226272787002,-0.22189568645708146,-0.1326298165247134,0.423160675157991,0.5093333294701512,0.015045590162938827,-0.7699510559970659,0.773469761528801,0.1467998156282303
2019-12-02,-2.86833742120385,0.3847742763293648,-0.2814301677533856,0.2620517841116484,0.18502394776298708,0.7461066940907027,0.6647411028115634,-0.5954436913468398,0.2638741362303289,0.785816904019174,-0.877892529012937,0.43584228795711816,-0.29506119432385025,0.041877660986784804,0.5162414350572306
2019-12-03,-0.8208154739864985,-0.38727112910966277,0.4083533354708988,0.38756731650601295,-0.30578798730148926,0.5792492682257075,-0.04008690752948818,-0.6036389507006273,0.29542330234566716,0.323154105741138,-0.45069016188479527,0.09328292007541816,-0.5244883394876658,-0.03619766822954329,0.6106043718599363
2019-12-04,-0.9513388281758742,-0.09823291166084602,-0.03750677086479337,0.1048837485472136,0.5896873330683208,0.6279963374117803,0.06976957024088848,0.5423920826453117,0.34634737431210627,-0.3458487847193932,-0.45001250704383594,0.1527954004806822,-0.058097080223229014,-0.7550586895370275,0.25969926056650894
2019-12-05,-0.1660174047520509,-0.17992891828855184,0.19677890462154657,-0.12169779304381112,-0.342704832508592,-0.059990041403485725,0.31964173050843125,1.8956035469128993,-0.6123380243947858,-0.7901650607106221,0.5645440561152428,-0.16180706165249273,-0.36893941886390214,-0.20628059302226687,0.07604229794135686
2019-12-06,0.5642315993715168,-0.03807803205495586,-0.07805236924986225,-0.07555362975546487,0.35918523579141537,0.05029017402022551,-0.19537843738947314,-0.3920867930155453,0.019187348593288855,0.10402687924258935,-0.08778948955040433,-0.3651492600404025,0.31408518813848124,-0.054882572115803274,0.0460919504723587
2019-12-09,0.11062817854808804,-0.2663036261734703,0.09186165724687206,-0.27364316900986196,0.12549575306492816,-0.16099777428819467,0.14878172680124194,0.5449877081541858,-1.1161414729945056,-1.7843242172708287,-0.020558988352546104,0.09180961238265142,0.01923062901032857,1.510931911817147,0.5724954021651267
2019-12-10,0.18256842775667614,-0.16003866853395798,0.3556929247166385,0.27076157819812174,0.20033041799063514,-0.22979223996610668,0.2438223690592838,0.5891631736821605,-0.500706794233994,-0.030248956281154704,-0.2056513884215198,-0.029711718195907316,0.9457934634065427,-0.3678279941126054,-0.9247969596460017
2019-12-11,-0.13834908935697787,-0.4141809113671274,-0.8338018345429461,-0.36736810188148117,-0.4454416943009718,-0.20281700288014703,0.5302702187854667,0.24358684485285736,-0.7288092088519476,-0.4829084021157839,0.9708001400575824,0.9401139397397231,-0.3693561111922308,0.8821191264112516,0.19503336354737227
2019-12-12,0.6768893105768219,-0.5847550281536567,0.36998333632761327,-0.07254114860967187,0.08733743072386768,0.336071292840475,0.4152500860792543,-0.5294576501692929,0.5451588889728085,0.5424803917575068,-0.5328919487731599,-0.408608717616848,-0.14470311517594792,-0.9764131717082434,0.2392554531261566
2019-12-13,-0.6568130296386496,0.6651839076056059,0.15765407353851846,-0.22458582797617999,-0.17173061429808134,-0.06275010888221416,-0.13669142007444612,0.4267605055708456,0.10779640002177393,-0.3374142385714304,0.03063257823130494,0.3766618162224792,-0.07634034965577241,0.5403472323932412,-0.5764889447753029
2019-12-16,-0.005049750106040918,-0.5350718930349039,0.3357350746889992,-0.21932302712715612,0.916809013743298,0.43279623637297526,-0.18774137292969106,1.0161791520274002,0.4066153959133414,-0.3726095101426192,-0.09011349821940406,-0.45543136604389867,-0.17321081061489696,-0.811569150089169,0.005040406857353297
2019-12-17,0.29765474893478844,0.4611201389321762,-0.47302448765959754,0.37051806237739343,0.3612778751547449,-0.620087785930527,0.31229991776022714,-0.6717491361081327,0.45669201580512164,-0.12068977288944918,-0.6424999369666149,-0.22990867096405826,0.4755809376418373,0.23521818770524155,-0.4015618502935392
2019-12-18,-0.23163464959613828,-0.4536958322272971,0.12119822002168185,0.5470490040676094,0.7437393046049792,-0.20269154190310607,-0.6967451574138797,0.5343754676804444,-0.02723819822326745,0.03933596288074992,0.5580445466139123,-0.3268158386792431,-0.6463039444856105,-0.07085523845766739,0.164002955262098
2019-12-19,-0.5258535713683565,0.13972434046442317,0.021285203553054216,0.5365619973443903,0.3434017722475454,-0.048147470643955,-0.2730614419100386,-0.13202915922640168,0.0009253967781743533,-0.389082920110007,0.13807986428421642,-0.266404410015213,0.05078856581253552,0.8914290908767005,-0.47722676672459136
2019-12-20,-0.5316558212874006,0.08699352246278563,0.7282053373471247,0.11215322750532414,0.39328628248037834,-0.1165925772347427,-0.5504119034305246,0.17853770932780444,-0.2224789283823257,-0.020292818836170068,-0.08129897143097198,-0.7203913833355322,-0.08657449872158024,0.6260232204674337,0.17421864178022356
2019-12-23,3.5562815285428293,0.1340797066347741,0.26730748650200314,0.01725924646510002,-0.714497459069251,-0.7983240983159017,-0.35030491900969307,-0.3955814576303964,-0.6141862809621426,-0.330283784594704,0.36728316201864664,0.15966271708034152,0.3125421620787594,-1.1756980318312888,-0.18805607351102666
2019-12-24,-0.2608499472523837,-0.10048094923080263,-0.03582136740172687,0.4426027965271507,0.15924434370515234,0.5334295949415202,-0.2896192186502309,-0.2445229103625314,0.2042259829816636,0.45542130389972024,0.1715833153118842,-0.25578884780746813,-0.3009962681305574,-0.15731535648055478,-0.324922833753921
2019-12-26,0.005215032800696129,0.4280246338803214,0.5780353693263452,-0.19823985125978644,-0.05122798965630124,0.44232957156129404,-0.6525940007067743,0.1287311479635822,-0.021500446077404034,0.40294652610102366,-0.2821627612105274,-0.72730128049673,-0.14938697572254545,-0.26025875921159775,0.3926199742389913
2019-12-27,0.04477495942092635,0.10213625820166905,0.2797265077439697,-0.6294901191137733,-0.06295557789348083,0.08706642879909327,-0.09690031266006977,-0.31064062263629655,0.7049354922623535,0.6125095801024862,-0.555804988299177,0.10051134049884602,-0.3442202051553218,-0.3613389009150051,0.20678050486483923
2019-12-30,-0.3824707672938342,-0.34466322689870066,-0.07160986492866861,-0.10100744992144711,-0.30906863910093074,0.36842772127711143,0.3422595552794885,0.031340168318993666,-0.22349041328861202,1.1574064648299776,-0.008831948194561456,0.5620302935713011,0.012836880656012462,-1.021979291817295,-0.1907277812493604
2019-12-31,-0.4505570713861148,0.29551174803357816,0.10201200258714915,0.28000192834725185,0.5047376786217292,0.2197612155064294,-0.5774368297119408,-0.33072618346370675,-0.22676905043619278,-0.1819512713340723,0.2269280847275555,-0.6688219568450728,-0.14964192355511802,0.9783677240802477,0.000596304700737571
2020-01-02,0.044709339910547596,-0.020742157662299726,-0.07863557027364954,-0.48895390163003905,-0.05131706984939953,-0.14346422058880545,-0.06036623697618626,-0.6753073502460656,0.5290971631991328,1.5840486729755994,-0.830370921667865,-0.21355472681050658,-0.10241619892501519,-0.6991990585785214,0.7516957485736067
2020-01-03,-0.9545117914182107,-0.01691265718683909,0.8321782940645732,0.030880854483706588,0.01670238725299733,0.2264247686375817,-0.1386251037518087,0.24522478917939106,-0.9671049896397941,1.2564702781569885,0.1965039591065838,-0.3544385975849912,-0.22845613237632145,-0.33689633882583697,0.019198919795452518
2020-01-06,-0.8304017708003553,0.002333937781303863,-0.7523732243517485,-0.34353342519473223,1.1354902693919295,-0.5141539543726413,0.39519420167476904,-0.31045022266522815,0.09891168809579196,1.0093161738079335,-0.28545617776187404,-0.6238889761206502,0.0888195995686698,0.4011554054376406,0.18696702130219345
2020-01-07,5.917579661314621,0.35413076952339095,-0.9975971245270993,-0.03162335274254439,0.5101936661430464,0.08498886594302946,-1.3222838919683926,-1.6278054130834445,0.5495743202371148,-0.8160190576981281,0.321989596634891,-0.4945129612274302,0.700046959475428,-1.651199208434105,-0.459004586600992
2020-01-08,0.8274482819194271,-0.30672308284578476,0.23393161480766755,-0.26000802350303287,0.19945278125518495,-0.3537763251280033,0.02456705741622156,-0.5469987528775841,0.7318762544674204,0.6227837757883945,-2.1904308325689827,-0.316491323699589,1.3371361243698316,-0.6643007181365324,0.10362956752019148
2020-01-09,-0.6872644020907468,0.8668432554647968,-0.7541224158706952,0.06908609411008021,0.15695887253761898,-0.1227090593330529,-0.21194687810347396,1.1760810277116893,-0.35481794514194487,-0.4006498168094877,0.17301291620425552,0.09821269430031396,0.4156266348210027,-0.4100851184052586,0.16130826395732928
2020-01-10,0.16272550633409427,0.11458327044861516,-0.47157398275301166,-0.5002894410990002,-0.3050101024129227,-0.2901448555092163,0.4103145846184247,-0.32614575301936444,0.4564119716955944,0.8116907325404215,-1.1121043269973145,0.642090390848945,0.8184126977449862,-0.5129777653299697,-0.21269337664530374
2020-01-13,-0.48483803374544404,-0.2389848256342373,0.4007433134078952,0.4850021938390194,-0.3840824304030957,-0.7067154485752108,-0.6084693767554603,-0.014811882819553382,-0.40482293740526265,0.6353242716649179,0.4834966792581691,-0.7278584514646741,-0.5348319689939833,0.9424266409506658,1.0312622992095895
2020-01-14,0.566560034563085,-0.3040442228950042,-0.36646866952660406,1.1047352218651,0.07982379893332486,0.06272896044467033,0.037881216374581306,-0.9168518194528826,0.199732637337078,0.3616222834497744,0.910547747458971,0.004703379086145432,-0.7630542761398389,-0.11242043137503305,-0.8451342169316652
2020-01-15,0.12421261573258127,-0.01622931949105816,0.5116581652228878,0.2550922520665073,0.34406623364612704,0.09264030401364154,-0.5136952908145921,-0.11395691645538492,0.17168087712925373,0.4358092369734626,0.34858861643181194,-1.4123954954026678,-0.8112234900587671,0.14142228968678133,0.49766034607582865
2020-01-16,-0.16910646733619702,-0.27269836359310695,0.565153830006499,0.08294481006179588,-0.016060585799753002,-0.39838730493528357,0.12356168817954169,-0.16575918931619313,0.06024269453235542,-0.5833808595063872,-0.3935026491150958,0.251349714860508,0.28984314359816293,0.8944316250457585,-0.3787941427619982
2020-01-17,0.06943297317061936,0.41221618304465757,-0.5090599495161747,-0.37774461112713575,-0.4361116679685775,-0.023788728281770477,0.7058486782746658,0.3647973977791833,0.10197478649074132,-0.36095680545813247,0.1239174369177215,-0.050343544496951775,-0.14381000684740608,-0.0676406842772489,0.2962747148330481
2020-01-21,1.0983042221623747,0.01691630765175023,-1.0249846374260034,0.05274656006250922,0.6485815439927679,0.8705407736590531,0.6654938814221286,-0.6404237204707766,0.45045227393595333,-0.06681979707155628,-0.2282688184011747,-0.47405251127485726,3.2378455530168715e-05,-1.2693902889966866,-0.1470176917825634
2020-01-22,0.07087704899716696,-0.5161724133759725,0.1630174607671182,-0.4531649722185844,0.1120647280361301,-0.541224005328206,0.8789882290420267,0.8948795801357848,0.3090965028518707,-0.42773732637515227,-0.17851675644963147,0.360791160881627,-0.2541228477165322,-0.5367800570665634,0.10438420378375635
2020-01-23,-1.3901628276735325,0.5418482450403569,0.9361898298404455,0.36904269365617837,-0.5526114298415956,-0.25455120049530944,-0.21622297422585302,3.4944862701382267,-0.45015658414984916,-1.1934191429104244,0.43312886345498797,-0.033312891721421156,-0.1788877337098514,-1.3109035932301405,0.0661148586242134
2020-01-24,0.2655874945659976,0.24106111392755303,-0.1854410954200395,0.14854558495285763,-0.32396052208248527,-0.048857032553557,-0.17991529703796982,-0.49453136902587747,0.1254039232711991,0.4478829982458003,-0.7758252148621564,-0.0005580506293709764,0.45816428295797923,-0.18459973237670557,0.3592472939307043
2020-01-27,0.37108119924024796,0.21752983617236366,0.9166173386902048,-0.1135648282197752,0.13082439898334863,0.017182476596381502,-1.0590983360665147,-0.11850598116499267,1.1068462654322104,0.7754132001796805,-0.5148913690798493,-0.5319901101121949,-0.9219297540776745,-0.6181215509529043,0.23324021134056006
2020-01-28,-0.31324468776544445,-0.1172921011181608,0.4352595095077306,-0.09582188467299016,-0.014031264706365815,-0.13876870717553938,0.625329162248525,0.547423899821468,-0.09874166613456697,-0.23791611606336185,-0.40926800978856864,-0.1812232041038471,0.39003747938665856,0.05080434470853562,-0.38556083801830954
2020-01-29,0.34448420756511755,0.049326961090807475,-0.09232696919200767,0.041165579119104234,-0.3126300948848213,0.4160838483499768,-0.28325440227394627,-0.3875899919346377,0.603719756294602,0.07114050722091836,-0.7597127923235321,0.7115768247178005,0.2602529110078531,-0.4820802238069397,-0.22474181869309312
2020-01-30,-0.3540941771308014,-0.03188717685726272,0.37929536045476675,0.015039210372160217,-0.06385021271430713,-0.5963588163390179,0.13324735863640924,0.6456987213558221,-0.32306099360081875,-0.287479219375152,-0.30207218297895966,0.05278798520742073,0.2875582923066835,0.1910341930889477,0.2349762868548777
2020-01-31,0.27851660128260847,-0.02038349256411287,-1.677836138848266,0.42029678684765615,-0.1611343285565341,0.09530646086827865,1.444551728084742,-0.5480659392383098,2.9423236786245943,0.4348800113601765,-2.0288684867529083,0.9140187402630942,-0.441856782023061,-0.822702729144781,-1.3628828916459543
2020-02-03,-0.27223378717393115,0.17313076531172883,0.4774582746187772,-0.5095269945599434,-0.5444317629467388,-0.873491959542621,0.12502408518054686,-0.6642358403423473,0.41279901819708487,0.6934318134010454,0.2734876011251419,0.2749754339208951,-0.6489655986004865,1.423444582744346,-0.42701191756344703
2020-02-04,-0.25270204296022014,-3.3288510285166866,0.07054263170298936,1.0028976851172606,1.2361304765960837,-0.12229952536480582,0.5006776387695544,-0.2734722230678466,1.2368610854251172,0.2092680682152011,-0.7318688333414671,1.0288925220306468,0.26932950120911736,0.658451452661596,-1.361593736360887
2020-02-05,-0.4760006695094113,0.2885674443094386,0.4066878555658717,0.3743561259863242,-0.574113413464032,0.543175249194221,-0.4508436294982032,-0.06286716814758142,-0.5862879949852937,0.33594073479327813,0.7028441552177438,-0.5586419751580805,-0.8772150466092152,-0.6462813954377394,0.9964467407486155
2020-02-06,0.16788196054305723,0.16228058985825128,0.09207768119091486,0.16577589297085715,-0.06296813917540434,-0.008557814008741782,-0.12517072651827088,0.3911614037064286,0.6734300563817928,0.469732122833139,-1.140701892991963,-0.22627337394427016,0.35384649043065486,-0.3489965163836546,-0.2697765778148655
2020-02-07,-0.08058301760432152,0.08244864031897448,0.0368464976550103,0.46414398960403347,-0.31690739409600266,-0.15659309511795805,-0.6207191012073693,-0.31971027996750334,-0.8939836542391283,0.39532226145105415,0.4106443115028078,0.6533634240942773,0.5368873563406373,-0.39514038623129977,-0.05671832200080118
2020-02-10,-0.4491098607956575,0.5482779296824484,0.8565949273597063,-0.4175327645486808,0.0830463317641103,-0.702526281569326,-0.05382281326137994,0.08385384827482845,0.4413797826385597,-1.5584076449730213,-0.28974765071439723,0.7525878606065114,-0.09710726814894305,1.2582644110331929,-0.5935327364631029
2020-02-11,-0.023578681783131245,0.3225834815491764,0.4458201062489827,-0.488292153206457,-0.04840060045856154,-0.27604185347424065,-0.023796559055891175,0.25467627456280223,0.7614842461817757,0.26139470940049714,-0.7290639549787077,0.17643725401091048,-0.27439509462530576,0.0007130612991634311,-0.07569167831058354
2020-02-12,-0.21183258225278595,0.12438843011593814,-0.4231578171904954,-0.2395573651426176,-0.8593629242062107,0.21247228021729292,0.2076998335532858,0.9065406015097237,1.0335746859242285,0.7870896067968371,-0.33078183189164834,0.22540193992596658,-0.4805589173070459,-0.21966704578630714,-0.22854878355388508
2020-02-13,-0.536216571811172,-0.27667728673499004,-0.0599632370565828,0.26753201291820333,0.40793895708051786,0.478637932572859,-0.03493429186360586,0.281014084181623,0.8049202721742598,-0.46029851529334553,-0.21093928081492444,-0.31272741105578483,-0.7418003967597611,0.16484518865494596,-0.028614431019392872
2020-02-14,-0.3797492557551532,0.05301520237835927,0.24491574538713967,-0.5272124635198219,-0.16810879404029488,0.6596272292626124,0.124283037839821,0.32568565812493605,-0.5955514430528235,-0.4184592308478018,0.6957576511376474,-0.09784826037142152,-0.25281876428306116,-0.1256211075836689,0.18798245933200716
2020-02-18,0.45131474963426493,0.20046270356651036,0.7453789498134289,-0.6831898764815785,0.2709667224767742,0.35981768553916316,0.054701255614672095,-0.16175307790661714,-0.5474017824073927,0.3639066643182347,-0.3485898560860923,-0.7009512984171261,0.5391121463637542,-0.20434030912221313,-0.2027794102426258
2020-02-19,-0.0737896823121224,-0.33813246986582546,-0.5616484566370976,-0.2769858002075738,0.42679946211768716,1.8429776030437568,-0.6263782492091865,0.2406177462357934,0.5785326403210046,0.0024225922116012377,-0.24592250340439104,-0.26671096536039496,0.16979745456416495,-0.24798909391080134,-0.49910661217755603
2020-02-20,-0.2727861576238292,0.30555256043549267,-1.1186133468896429,-0.8512776220471985,-0.5046990224429979,0.20227410549786418,-0.017916751974670464,-0.7383719805921343,1.3110600782849389,1.117958270366846,0.8610158843323632,-0.10228106064160747,-0.5158608374003332,1.6538542852847424,-0.6054140279117319
2020-02-21,0.5511097239429124,0.6281523597101536,0.4277899266679933,-0.9181196096482567,0.1335656742576503,-0.11619341232805014,-0.4840102800980439,0.29403059795413733,-0.43181736365324114,-0.18227823263231646,0.4575351948837656,0.5320695178679582,-0.2152631294427929,-0.8150382447780604,0.2256511747727914
2020-02-24,0.5670963898632877,0.8591206250712102,-0.30331635494513787,0.21713366936583478,0.8501664468499213,-0.1464253872163943,-0.10092874464657697,0.7422016340554638,-0.48212745962553427,-0.7592436683126365,1.395452346907074,-0.700636865730139,-0.86071309106975,-1.4659977894264173,-0.11287290816573226
2020-02-25,1.28704752693644,-0.3388342817490697,-0.3321049886186338,0.5360383614650837,1.387408813998741,0.140770720984845,0.5509517763398164,-0.25124198663036346,-0.28939582437247857,-2.3953097680836684,0.44555774983732244,0.20559869698354616,-0.08895216019930485,-1.3218153415957046,0.17633126539855315
2020-02-26,-0.022837442613206527,-1.0630433863946787,-0.09056964926518551,0.13593790905979475,-0.3692291708131945,-0.31830146947303506,0.6475580462588781,-1.0606185191054267,0.48689596866206897,-0.6306614206431631,-0.08387755397103258,0.5643765451469487,-0.45462137184236284,1.590581972124265,0.687040857446046
2020-02-27,0.5266627583901333,-2.0770510910262003,0.6434430180781683,0.7983710356578442,0.5621759334322154,0.2940939809755898,0.4984659431787368,-2.444168321209171,0.49333920355982164,-0.4122287933693274,-0.39694341306201686,0.12013710312950421,0.3272067469742068,1.0769879284579806,-0.11113525020983817
2020-02-28,0.2898777259926507,0.5846437653832162,-1.3418534891404423,0.3082010586521582,1.2809216774357726,0.5682744201422745,-2.5325287636252027,-1.8031670841708212,-0.3223639345118299,0.47972601639811974,0.5160321568569946,-0.4912114475870908,0.32932132697943256,0.3844716946339651,1.454502852656874
2020-03-02,-1.1250159881877835,0.17745470309434896,1.5916414086006943,-1.0896105194392893,-1.4689541436792004,-0.6385933809851726,-0.07356816683292167,3.3022111987870986,-1.3087392610337223,-0.9846075267715199,-1.1341722811131274,0.19048088245903116,-0.35812484069130046,0.37032325138632194,2.306989932270772
2020-03-03,-0.14966082536894448,-0.0982730559412528,0.18223237187015462,0.33829144291478497,0.9823630830953363,0.9545170812607348,-1.6312676485956974,-0.5996904587891692,0.03741582466614668,1.4596072918642276,0.642078892033386,-0.39117889148919005,-0.05732377640407105,-0.7037899301425212,-1.2620082354072955
2020-03-04,-0.19781222805684354,0.7959802351339321,2.027970638700385,0.506712247521743,0.7557787490377353,-0.7176977255951065,-2.1985853726599656,-0.20348752751288712,-0.34412433252177665,-0.5776203949810175,0.5712764830487411,-0.2607065616464801,-1.2360169131704606,0.45012847127467914,0.3194256564895728
2020-03-05,-0.21396099447746386,-0.018384554998252423,1.327955578992501,1.0735189686460318,-0.10056839852274879,-0.40847865796666194,0.09933324971795088,0.28783686505562467,-2.0584429965793496,-0.3484873546181806,0.34953515761891873,-0.16480367335050206,0.5849252167078032,-0.7754600418716371,-0.2009494931957918
2020-03-06,0.9895061573458861,1.224344942497099,0.9352682820176428,-0.32949398218332604,1.0998267703197842,-0.9255143278793243,-1.5547419576472872,-0.8965022512506977,-1.209799995523137,-1.433871318207128,0.1458777287259072,0.4375009430801331,2.2674390083941516,-0.8819244208467554,0.1808930534582669
2020-03-09,1.300004844193822,-0.5826795246732352,-0.9906599240292966,3.031967292271739,2.6182439224781007,-1.4655300920055367,-4.65785419542868,-5.208476617114424,-0.21369270821599518,-7.404643123120035,2.8595129129198424,0.7976783560449743,3.5994269361321796,2.3764032260352064,3.7997913820194613
2020-03-10,-0.9403948760809779,-1.6820783042827347,1.6139699231569664,-1.3313874316206111,0.26193123320515355,-0.002029876469400449,0.015198940217565404,-1.64234707127047,-0.1038950766936586,2.425514569496689,-0.4709633816658574,-0.8923162361791084,0.3045870741106489,2.5149855524630063,-0.29559458573416864
2020-03-11,-0.8839700881538128,-0.19688623302847286,0.46915962474866435,0.40282535282878673,0.19488023317880399,-0.2563013989889138,0.1855243923200287,0.12027869478132747,1.352729716887585,-0.9480161141081667,-2.7024437805705155,0.8999312389670837,-0.15930597900031218,0.6644515216928042,0.7222852373543025
2020-03-12,0.13910634240860842,-0.3166274699878766,0.776860568642082,0.34568845153233196,-0.8307548454148219,1.5137510930221798,-0.6534566339535757,-0.7397578971342562,-0.7439336891115715,1.8264267770182305,0.015789674852397795,-0.8532724304821042,0.7379035991845049,-2.3209431501137123,1.0601751479927755
2020-03-13,0.06825303340067512,-0.15572568726955582,-0.45639535122475383,0.8061225980891988,-1.1038607255566855,-0.9915483893864727,-0.020823231995818148,-0.8241190766976199,-1.0454433647601835,0.6791258320949276,2.6285879491258193,0.21314001967041962,0.6595062736969153,3.5504814613902527,-3.6765173609902195
2020-03-16,-1.8292895490634364,-0.6640622599184032,-2.0810997147029537,1.1830648176015108,1.1822966581777141,0.9022492944540257,0.27886520184337815,-1.5532128751664707,-0.022590062559790347,0.7674041917203167,0.91241319171972,1.1974227976416314,-0.5654337891970602,-1.6355249974551929,1.4131015479866837
2020-03-17,-0.40513426373789074,0.7467419917742378,0.6093899166539338,-1.6180238140758614,0.6767234899035374,-1.0220286204962743,1.8001654207053535,0.06323243005634355,1.3948193829713564,0.22968931276939897,-0.9815293237338107,0.313893307540882,-1.849759233540228,-3.1904287458225644,2.704139355784639
2020-03-18,1.5113184463517446,0.5575194732353892,-2.67302659629017,0.07440552182723792,2.196725146774754,-1.4495147550878478,-0.6965986736137602,-2.6265158307503547,0.5925490564691631,1.0516319640516278,1.5756253200275776,0.4481181860844128,1.2788224450615433,-2.217860352806528,0.7608885637614664
2020-03-19,-1.012611924278592,0.8006993407856533,-0.6697289916473435,0.664565806890796,0.20182224475239474,0.7945596215490678,-1.0625321736044282,1.646488853074311,-1.4956587886277466,-1.8300050539413548,-0.5094554744792821,1.0008278711383767,-0.32634042257563034,1.1696494436648095,0.2616997827603387
2020-03-20,-0.14709208973910867,0.33675152058242785,0.03977273725383501,-1.347586375602158,0.6548739100923763,0.312144220905887,0.5052956393032662,2.0268104762284347,1.045151803834735,-0.5596600841347543,-0.10480215651028657,0.009873565167725307,-0.9904318344058676,0.1098476415934535,-2.1580749222296705
2020-03-23,-1.2283289600325655,-0.39681046404997167,-0.7584785926902877,0.8967682796981473,0.4007327956458057,0.9384804515907713,1.466524570320281,-1.4591517334349544,0.4985012172849441,-0.8412722190610479,-0.28303008767578763,-0.7457873157097219,-0.29049039210461247,1.3065428743302672,0.46301068813172697
2020-03-24,0.4822841045368773,1.4158219185689678,2.603316358918996,0.04225311431564327,-1.0571559402793702,-0.29071234066471696,0.24997805164255382,1.143936676202419,-2.058359869688408,-1.80450134255585,-0.40291552008638254,-0.7258541094392355,-0.7583676186319845,1.1605786569088075,-0.36838687029449346
2020-03-25,-0.04426031154564514,-0.7068212066201867,0.13111551412834677,-0.5750448373639427,-0.6155498403288269,0.6091827983539573,0.18617014769115087,0.23315416606059225,0.9914393778199462,1.0470493299656798,-0.306990426207983,-1.0069211111142564,0.012097437197527316,-0.4370259006505851,0.8617656529601614
2020-03-26,-0.5252697104037086,-0.5174250555071997,0.6595019367376891,-0.09362833845437624,-0.696020775012335,0.8813446998191948,-0.12344381268427185,-0.3602548077558143,-0.25200012045002795,0.5977311974195998,-0.2048787799285925,-0.019854523564132087,0.9415223739902983,-0.26130474148391225,0.12939986943916182
2020-03-27,-0.26122463650600913,-0.17197586058585723,-0.6486512510724185,-0.30986665681031345,-0.13928334138116272,0.6987791517432537,0.2845453773627583,0.06412850348354238,0.5039277726577759,0.20796335617116413,-0.22110715412515974,-0.6147902817000569,0.1373595738615263,0.606368709247838,0.006925714776295333
2020-03-30,-0.8037869705249366,-0.07197491299399009,0.49783653469693107,0.574990782635738,-0.10227456134605359,0.5778136999038538,0.14963526023112161,-1.0555026333320967,0.22544001592564633,0.11827917269775223,0.27788217976264307,-0.5281342465335309,0.3024856452513549,-0.4023587301647004,0.3029207493415476
2020-03-31,-0.3350971189886066,0.19808298194804552,-0.5114118998222692,0.3079256984792219,-0.2091497731908576,0.24645889988087788,0.13541867239851868,0.3751959208166775,0.011436145787144608,0.004764016508690405,0.2768388660774017,-0.16713228021310628,-0.07665416630409588,-0.11086789518941453,-0.17819718177984945
2020-04-01,0.14491173654040762,0.17258694296294214,-0.057853888318027846,0.2274461169199274,-0.02938527500108412,-0.247283561319164,0.17803437626237698,-0.617798546319571,-0.07813286935162589,-0.23105761091835791,0.07555936166621802,-0.16058431967560038,0.03869934436142364,-0.06882223901964812,0.6592463536105869
2020-04-02,-0.1420682757188938,0.4240757907906674,0.38097262300833656,-0.21665319338082623,-0.16002884646915527,-0.23472460369151804,-0.09897025539310977,-0.46216788103955975,-0.17711294345134276,0.4357640335506152,0.13526925847145377,-0.013811397413203919,-0.1653235558987104,-0.28194097317719957,0.5309608327918298
2020-04-03,0.3130506241964115,-0.45518166801177806,0.1691467705509725,0.33913667791890934,0.032357902837752195,0.27090531655549555,0.028655842086033556,0.2840372201115801,-0.12968085815324298,-0.7629105318518065,0.3289652872198851,0.4009677414014007,0.13865880296924965,-0.5560356448632322,-0.4004052454984671
2020-04-06,0.21160332213364574,-0.6635018034854969,0.4507450764974238,0.4622178226836406,-0.6377553905806236,0.29339319127962815,0.2131635799765465,-0.1076256630558966,0.07877043671317363,-0.4040438665076225,0.08900011130807206,0.8372212252292994,0.11910068646309613,-0.9817183820431143,0.06302543081348044
2020-04-07,0.462611399132147,-0.2908398478811491,-0.3330540301539263,-0.6013875180767928,0.22188981257087448,-0.17087115876878634,-0.2400327265851579,-0.21767088782908883,-0.7055114277615477,-0.240309848540473,-0.03550275846713191,0.35471764677220374,0.30695800897546255,1.3713754823942994,0.10380557560193493
2020-04-08,0.02254073110692767,0.07331388392382254,0.13769894643983072,-0.24778130541880938,0.20851470867333433,0.357809124440047,0.08316538645066807,-0.1191987634305145,0.044126280529702244,-0.19252626870092482,0.1841089103884408,-0.4581285945492859,-0.013746786550177026,-0.679273307269401,0.640099161497482
2020-04-09,0.8771281866498559,-0.2947672316498327,-0.3103740460699732,0.45077886232695835,-0.020889811646434817,-0.6085690797919908,-0.5815247775846883,0.6154620615952575,0.7560460029980715,-0.01231580590066246,-0.5960534761648257,-0.5658569958339467,-0.4568931568646627,1.187503015374948,-0.26436311636693416
2020-04-13,0.35150934003928525,0.03572124185780103,0.25327377198976486,0.26426616598539976,-0.3192947627272455,-0.3324254923381667,-0.25600566013270537,-0.3013819914435538,-0.07703317522145396,0.10334248970465452,0.05090467863438221,-0.25390716713181904,-0.09898161915787515,0.5828199068278156,0.036795372782472496
2020-04-14,0.15485913467583837,0.1021299565495223,-0.10382789203676573,-0.2595299642535849,0.03672176826133666,0.02877144257295272,-0.022290761093348904,0.14024098819086492,0.21766428417261857,0.11459744250538553,-0.34758594044173285,-0.16383244024192273,0.05285096496229924,0.17363374820406025,-0.06893062147142281
2020-04-15,0.47192984320038145,-0.08503585811101633,0.34850278736644913,0.029461879466311403,-0.08412397108220632,-0.03992586654060076,-0.36457763531650167,-0.058246122300182224,0.05809486137623554,-0.23850400092988688,-0.1263743133916433,0.10859386572982144,-0.037869327665012165,0.28475077875126403,-0.2353576151568113
2020-04-16,0.4194730449559447,0.057266499241523106,-0.09829593729594549,-0.04469212480773854,-0.45765307099061325,-0.10031099923949738,0.16999535402939897,0.12812340901511704,-0.3487075476416799,-0.08561646105516907,0.005503563028188774,0.09992613076642493,0.26186172305644634,0.13147903248090995,-0.13597639701354114
2020-04-17,-0.31762058454273956,0.3293547484663173,-0.25816819739713415,0.1594492206302438,0.6451874670321045,0.04235652482401853,0.11099429010505424,-0.6554186133220277,0.15455731687548768,-0.3871700980019688,-0.16432455873640395,-0.41476074708073063,0.25113744402830696,-0.24411869031633615,0.7623669509380433
2020-04-20,0.24961256765818463,-0.029986422101741794,-0.4506662973663531,0.15688418159786782,0.025244379381605453,-0.035593341238501136,0.3613538411905967,-0.07862129264565657,0.158247268208532,-0.4873380694642999,0.05656746305973592,0.2893258806777713,0.050606109004867394,0.48545908686636385,-0.7309143767804243
2020-04-21,0.12910761419978328,-0.26942174540000075,-0.032571992442161524,0.011453178475254483,-0.11033006448343717,0.2623207465928516,0.045659595531994376,0.10567525631995264,-0.12432010361674017,-0.1670774601379012,-0.006618964510088393,-0.1707789527823373,0.1793386198504944,-0.06527593575148505,0.260132590487167
2020-04-22,-0.08740813210054243,0.14169677434726857,0.04086066857432302,0.04032581076307162,0.1207299746352829,0.10328275710056056,0.5611637136546977,-0.21039935307422153,0.27048250118040246,-0.3843624796705365,-0.07879788505716712,-0.000867014323515769,0.022013806512146017,-0.7587261897473532,0.17388735193766558
2020-04-23,-0.016251106588196507,0.010175851214953568,0.1407775722153053,0.22135452365153374,-0.48755108294669336,0.11154346283363159,0.4295567193301445,-0.7040713736851427,0.24289669062066338,-0.36793171259162827,-0.09884980813103539,0.5562720164772734,-0.035363221642770726,-0.28685765628252624,0.23068991194830646
2020-04-24,0.3371053215948325,-0.10900106620080029,-0.18216163002844216,0.02634160529649619,-0.16892866574381415,-0.25758321422912844,-0.06277956619694476,0.2693964365319406,-0.1941332799846009,0.18573018102662336,0.0989921081332876,-0.3293221054914478,-0.0020648445016441253,0.35595837427345073,0.09410680802239804
2020-04-27,-0.2961457691083844,0.15550017264601756,0.1057502966012987,0.14860598948644133,0.19940189187020424,0.08520528234659337,-0.08938102483835653,0.11211410233644142,-0.27856826501960863,0.06628320009680494,0.21111116758373538,-0.28950389950483246,0.18164705636820933,-0.13099190619276307,-0.20786820430660727
2020-04-28,-0.33157330058730383,0.16617197132174039,-0.32875431957211565,-0.06914473563897622,-0.2892960110865778,0.26097705317525943,0.49431987405069394,-0.11969872483315036,0.19316279132657288,0.1866726154997218,0.20831429201470497,-0.28873426401248736,-0.20966238860189546,0.04457511630891503,0.08430189707486324
2020-04-29,0.2520092563425409,0.13327040406491664,-0.2679516069731256,0.36259646608436347,-0.6849911088038668,0.4500720628787227,0.5819575943184991,-0.3995399626676758,0.38986509249670487,-0.7335154975104474,-0.3496778192624235,0.44167615204016264,0.3530347968657177,-0.3919355169009257,-0.11967905993070249
2020-04-30,0.11936401627363877,0.2930947878427373,-0.06120001959803917,0.057255434047965514,0.1433167128631192,-0.016519373780058216,-0.20114137064718776,-0.06213303696634165,0.09476482485723148,0.0640959149744695,0.30785977902858486,-0.6695440418048523,-0.2094260751904119,0.2764044914140389,-0.07471379739909328
2020-05-01,-0.14610705308563499,-0.10949236578017352,0.2640598353291198,-0.2629532528138836,0.09356701375401144,0.05404743931817879,0.14382876836372382,0.2140583712922925,0.10164000797552974,0.3252983692466106,-0.2835379131753699,0.1568882868196152,0.1401997869096846,-0.1412633956400403,-0.5485390902867114
2020-05-04,0.032382415558787625,-0.012759772830246763,-0.13220295555163852,-0.07540517880617237,0.2258666525499879,0.2765371479182491,-0.10769594408231897,-0.2601524139759732,-0.2354430202278951,-0.44993323361942195,0.5315809370182027,-0.11432829962211166,-0.0896428592133498,0.183325441977014,0.2228432771769655
2020-05-05,0.0351602182166014,0.20006900656461143,0.11579819523759398,-0.06758655570261213,-0.025908097018904674,-0.330152219257738,-0.07650787521719705,0.22053430380666478,-0.2252871690707784,0.1438782887993654,0.3207579024510039,0.13379956702783377,-0.25394048155312443,-0.274747581540646,0.000828253334655242
2020-05-06,0.22016254395576523,0.13268221557552484,-0.2450596478395423,0.5233653347118539,0.2617602139841938,-0.1522866832389641,-0.013347548851255886,-0.015102743120488565,0.050519252449417684,-0.7724632294857791,-0.06356369399158013,0.06301046368351498,0.18284199458209177,-0.21068496366428213,0.013038102029259147
2020-05-07,-0.2592109911772521,0.13270733770323384,-0.036982843550144195,-0.016686402041865667,0.28111752742006557,-0.13542133943792845,0.047770085356095726,-0.1661265738542499,0.2600414921814023,-0.02334852105221108,-0.043227062364651236,0.38450128375523795,-0.19192568624706807,-0.025596806971451835,-0.26677787797352015
2020-05-08,-0.35577615093909476,-0.25950107509002496,-0.07321558842325887,0.027847587539810092,0.23348383223619307,-0.1575569992701032,0.15589189026468175,0.03797886925831179,-0.03827136870450665,0.04072087168051919,-0.22042125879814378,0.444266279024239,0.07201738059244966,-0.19934420407211842,0.2257722586407872
2020-05-11,-0.05390752772116897,-0.06027958834201935,-0.2065463738579147,0.048808980080775555,-0.18830518426662787,-0.01594164062685932,0.1302284624747684,0.17750580072933536,-0.0026746921341359586,0.2865705742976543,0.014171929996885206,-0.23578961775960064,0.00031726964202773156,0.1398967628213627,0.004870687651175404
2020-05-12,-0.09843683722270566,0.011525243010594072,-0.08987505300937243,0.06528774011602775,0.107033800928398,0.014659136484247012,0.13766043911040882,-0.0456277678311377,0.29648570412622083,-0.1292990366019578,-0.24728083964484704,0.10157756306379855,-0.023715541587703726,-0.08682005440472573,-0.0238458155125712
2020-05-13,0.0018726551751343523,0.08849249414613458,0.09926044066238932,-0.028186029329507756,0.3128658173813337,0.026731891849507194,-0.25510702705347355,0.21481900754407926,0.17447676376135118,0.05839127889046902,0.10405682315871456,-0.2085419512039839,-0.15446825617967708,-0.05134547995725686,-0.35758628531071346
2020-05-14,-0.3392879479250376,-0.12490909406847503,0.06288442560516841,0.021222790661357405,-0.26754944468596,0.009244003650056565,0.3716938234357132,0.000701970648782857,-0.12263162113207017,0.22615184863672488,0.03551978229571934,0.16635633977118433,-0.017162141997786956,-0.18756526072687385,0.10736017650257923
2020-05-15,0.07150614173853295,0.23529623712547798,-0.18612430096122212,0.11969572523140226,-0.07598477613596755,-0.011628917530687205,-0.18699647052279916,0.02569747720070098,-0.03123757761971603,0.0066614232777156,0.11208239388694681,-0.1003867774036918,0.01682794491319635,0.12535596768368973,-0.10342331328704743
2020-05-18,-0.25849581322461224,-0.2655139503935543,-0.2349599936050002,-0.10971348341470444,0.1317879147507024,0.07912504986032665,0.6653059359212898,-0.17129053235235858,0.41571251435067147,-0.42395224783725094,-0.3722745240817191,0.45787928930038047,-0.16337809469944853,-0.22817783690262128,0.40174070879532375
2020-05-19,0.07866914140892162,0.09706235693696322,-0.2106864037253407,-0.15603042338562184,-0.005037450970669932,0.13079232792093587,0.12640436022336976,0.13445190964171522,0.16943976209658387,0.04685440462075857,-0.06313130744432727,-0.1633003748576869,0.02356212862910229,0.11218521948754695,-0.2788692674099581
2020-05-20,-0.07644906747987068,-0.04309021280509373,0.07160848341892634,-0.33577340196221767,0.04251815227445832,0.017562863196625145,0.29695802111763303,-0.0771806991644921,0.07518857084486374,-0.08166736837299837,-0.16846228892190784,0.36371325089454143,-0.07179275250435224,-0.19640056411422926,0.12208879530341576
2020-05-21,0.19253942002105884,0.04908284009817099,0.03341065052576633,8.207510659762052e-05,0.056633769897981176,-0.08357757137602527,0.20777649854763125,-0.05177014856408055,-0.0002986384085179594,-0.271410833010816,0.06418637203471855,-0.0428407546398811,-0.003448429451168078,-0.0584816373585684,-0.10602845293413252
2020-05-22,0.1391486659168914,-0.06533258454904178,-0.23467103677509538,-0.06953120474791273,0.049388599960154246,0.06292818175047525,-0.24976793707510958,0.16855993439008793,0.04427305458045935,0.029586963043189335,-0.08279374327115077,-0.03029940927134396,0.033169372253629426,0.15087181505183594,0.10500915136780434
2020-05-26,0.17507877270466118,-0.2676447679955713,0.03376184825700129,-0.09829957463175518,-0.47400095636071604,0.2449899299631017,-0.07371562677993315,-0.012969749517582951,-0.10627781141360049,0.023714933264564697,-0.034447885326422845,0.27752576457477185,0.05590181180854514,0.08988666351734675,0.19443551664398928
2020-05-27,-0.195042741233979,0.13075511064341558,-0.10319650340613375,-0.022732608367750415,0.19700866297406353,-0.23867596857915807,0.12860897377345182,0.042227603567572075,-0.32149063006503803,-0.07380984588063906,0.2384905059922513,0.32565162740436426,-0.004374563868834169,-0.16581838583331843,-0.03422321890911631
2020-05-28,-0.07576967729196743,-0.10880478137611155,-0.1344317362301271,-0.3020374644158204,0.10152554090075128,0.03864028801538466,0.33499451886668735,0.13421991883295104,0.08704100487968464,-0.06277682953765129,-0.09402443657825599,0.2994896761800566,-0.08788523701057771,-0.10642887230559112,-0.06351174855574676
2020-05-29,-0.20557612289260024,-0.16527621960022013,0.03449800652033695,-0.425521972308771,0.19538988891040426,0.2900368394922304,-0.0751838252162089,-0.05950296320767176,0.00012245735901159419,0.08532030509899674,-0.007719886070333096,0.02281849322113777,-0.13341152301853546,0.08334091706920627,0.3578943728961863
2020-06-01,0.13771093877086238,0.11503596750984557,0.07335132537886704,0.4035132706760498,-0.25083428491603976,-0.23462176911559218,-0.11469650780339069,0.004343567215974703,0.3259481413445557,0.13416185777684342,-0.15162589908056218,-0.32389806632901047,-0.1725515830129329,-0.015764459637847138,0.10500900290466209
2020-06-02,-0.26317768022803184,-0.09184307080591805,0.09894713252375265,-0.05747193939996925,0.2609602845904565,-0.08241655684014793,0.154674374260226,0.05212213318164843,0.005927560335095838,0.0743691550862321,0.022012806311064226,-0.011222585170134414,-0.10648099431129321,-0.15289541816781027,0.05703540938481594
2020-06-03,-0.15828633729883534,-0.09416623561567972,0.04219646821591577,-0.0395226889769304,-0.2335636739197003,0.08182867184622938,-0.06237763549388187,0.006782733784965467,-0.14332661368600375,0.13310793818028088,-0.0840638800797851,0.15749214339841122,0.00040058858638458705,-0.09093581864765632,0.4555603364296046
2020-06-04,0.1614649370752879,-0.18288039068442366,-0.14029582193626808,0.02044586486069397,-0.18010183391251908,-0.14824399061906068,-0.0024449795454785372,0.15677908532896434,-0.03071148910978405,-0.004636033322515165,-0.07516742365773837,0.4602969856004898,-0.004582286096716626,0.011042932629103282,-0.04975656360283233
2020-06-05,-0.26450180858787586,0.09585851391958222,0.13080019013559263,-0.07227965364636435,-0.536060415868362,-0.738891781600461,-0.23399560482276272,0.4738367660932023,0.05343397778438286,1.9281136153123861,-0.7977772761158725,-0.2281213339306063,-0.44422001273668676,0.3501589444243356,0.3644216090026464
2020-06-08,-0.42604030510162083,-0.4952262403198749,-0.2812156402485767,-0.4408673030138809,-0.41251727173167774,0.35226864973028227,0.4573058125854286,0.8972592321579613,-0.06151494933000709,1.0687563319795157,-0.20098391856709874,0.1526906065116247,-0.23048853808512948,-0.19565713878672503,-0.15527955011414574
2020-06-09,0.13936965514309185,0.25652846139971897,0.3918371844103282,-0.1368738189802493,0.01776347402678713,-0.46153248150122095,0.00808178531675463,-0.06361285376884274,-0.03118258114401473,0.1335223003004813,-0.12697845614951264,0.058367913212134526,-0.24350132239372813,-0.21239930480897729,0.20456149053152306
2020-06-10,0.15193585581135305,-0.042307679017046906,-0.054891220544661445,0.2891895090885993,-0.18613574699645885,0.1402216433590926,0.08579049829925645,0.039455182395150334,0.025239266315367215,-0.2817468005074435,0.35501277581511487,-0.17477365889359142,0.07969507031436168,0.037034771503644204,-0.42787625013300357
2020-06-11,0.2523146704360242,0.3331094918763873,0.10827648956040492,0.18216208986304494,0.1660762195272556,-0.01625548629360085,-0.3143107496518984,-0.1412452231677337,0.36533646779968176,-0.39528295891445575,-0.047547843230201225,-0.062969006731451,-0.012824942690703889,-0.06954809375890547,-0.3257986969036786
2020-06-12,-0.010521281493648615,0.13205015584930652,0.257226961210411,0.13728974927958465,-0.14600755914775365,0.1298502615479551,-0.07441745226048269,-0.19133507891105422,-0.05499439719033905,-0.024559980428214834,-0.07696239568193503,-0.13440667039409365,0.22289181362591287,-0.04873672007178133,-0.11756168046382054
2020-06-15,0.157069488375005,-0.3659620576219824,-0.4203564917015631,-0.06319885248804805,-0.2674051934191968,0.0869763153573247,0.04832400876236268,0.14024841278230699,0.38804817988417056,0.4347717776877962,-0.4617014607221978,0.17736148185969458,-0.08711634331956454,0.45274597889513957,-0.06057269918666522
2020-06-16,-0.27621136017171843,0.19996950567283373,0.19555075442356343,-0.12439105304094544,0.3077799849618755,-0.05940966238365469,-0.03609056200371985,-0.11141966505852091,-0.135064595584729,0.22000348973036854,-0.1380013787187987,-0.26579938758012694,0.1942373853588809,-0.02103960253127747,0.03233721881131252
2020-06-17,0.05791507985184419,0.1181792734953715,0.07232561256824888,-0.15282321362385032,-0.18976182990485502,-0.40751473371686375,-0.0014808993123452963,0.07162323145988742,0.10890930399427368,0.025921935447003164,-0.2934941150643501,0.8922777853811851,-0.20200734584651248,-0.1647911391218605,-0.021051195770930176
2020-06-18,-0.02653668617566759,-0.042427273873734614,-0.16505354433999525,0.20982194628920345,-0.038914643879679314,-0.1575259641089115,-0.01353479207479008,-0.11284903486624923,-0.12272250058789363,0.1022002797351105,0.27485410703331126,0.04098188277961021,-0.019911458099196366,0.25923871761313433,-0.15037263182490185
2020-06-19,-0.11875903953863326,-0.11013505848918959,-0.02472452775069628,0.10240778353520774,-0.024349113284138635,0.17366923659845115,-0.005471304572362945,-0.03579804704076961,0.19410249895183346,0.2649196805739401,-0.06795381319945193,-0.14662974079701974,-0.026557338292530153,0.05161211735366744,-0.18682796219264708
2020-06-22,0.1648260546672285,-0.11214090773685416,0.231153355486322,-0.27799764986282316,0.06801553446069865,-0.20977170614033586,-0.033996045737869046,-0.02793295243556805,0.06805355917084459,0.09386201069526465,-0.12292248868532163,0.14709386375832736,-0.20748304479743324,-0.056751603542536166,0.24492864580774631
2020-06-23,-0.0967948115522067,0.23993351950075986,0.00824282110781363,-0.3386516038805878,0.15122028098017593,0.10195874662024473,-0.00903684225998072,-0.14633040935658398,-0.041302955073398914,0.013592206784654087,0.027911944253902532,-0.13119633241140077,-0.08146411820526286,0.011422598080461921,0.2397317781886328
2020-06-24,0.27093779445414845,-0.053941563312518204,0.24424958110707617,-0.1499877277271071,-0.06295712303559897,-0.14702346353170004,-0.021821793471845874,-0.05797454118995593,0.04597100213128802,0.2103142566392957,-0.051840422663204766,-0.21876416938565257,-0.11986132390063586,-0.0403991437027853,0.14759568369337095
2020-06-25,-0.2029165565040622,0.003978073964293727,0.15879251823037285,-0.07976465344467559,0.16011982124487922,-0.04555658810308327,0.14612261705562135,0.027613375513189625,0.14727888593329674,-0.16638938279260335,-0.09507395378979995,0.1148601668320603,-0.22727473179674493,-0.011416704041323639,0.040632971506498305
2020-06-26,0.3201272214892322,-0.03615437225666018,-0.09722785478228291,-0.2781667019403383,0.019506517385931232,-0.10886560959681202,0.1075377972049757,-0.17865249432459795,-0.056590464387410666,0.2885814029229006,0.016569469036303963,-0.239147429434871,0.29378772432757916,0.03776994400850242,-0.06650244654562742
2020-06-29,-0.35681350046252325,0.25317724802767905,0.11475887319817946,-0.08792428302964296,0.09677773808731197,-0.24897150538188048,0.25115046163317556,0.3453812364916762,-0.3304821354621337,-0.15537033807892878,-0.1397117735318723,0.29350898022124117,-0.09226786595811566,-0.20628900462013486,0.1697434327976995
2020-06-30,-0.1950101674984904,-0.057080983624986426,-0.11461413489171512,0.12779684468163915,0.09788530083229852,-0.05598786111287579,0.30533276398922593,0.3047165037987244,0.053519179073493905,0.023666548749868038,0.1953447205761668,-0.05873331713584573,-0.2563548651611217,-0.07493237263315378,-0.2920662302647088
2020-07-01,-0.09789428813328915,-0.08742573204631554,0.16267731619630055,0.18000836197498982,0.22368626688120163,-0.2600148574453599,-0.017837161543784008,0.05369158534191509,-0.07172517692101077,-0.05504488776852923,-0.07642239012849061,-0.01882187630180543,0.01903118545510174,-0.06133615686067678,0.08368499299073595
2020-07-02,-0.26060228299331256,0.24769439014831748,0.02636741434649663,-0.15852132432658142,-0.06167553103792636,0.43661385294883426,-0.17501257335518722,0.24643335733097563,0.1026163876634815,-0.0807194463312833,-0.26815889780281377,0.07001744112737203,-0.04708681143894709,-0.11208081783219553,0.008356871915745911
2020-07-06,-0.1068205319871112,-0.308589960553202,-0.04547553842939746,-0.39655441766779986,-0.2521782650412459,0.28996226115967083,0.32491207540777156,0.0250886179476323,-0.1089221877990422,0.03777423348062153,-0.23106373543559203,0.6891311592457313,-0.08277292992463167,0.17838208517352694,0.040700254301089575
2020-07-07,0.002463527882846095,0.32331334721551663,0.10711001295508504,-0.3658837510165376,-0.15578337656026386,-0.19643003426960315,0.06248706192439912,-0.2518607136490374,0.06190325697181098,0.12229723320730679,-0.2076138740911031,0.29607078313383983,-0.23123171087998196,0.16155696533669173,0.2665870939247905
2020-07-08,0.0914524823451694,0.2694987224152917,0.15052600311671444,-0.08133662923274543,-0.28609472627831123,0.011171137356973934,0.04148901473893771,-0.20519695895110832,-0.23611258053706444,0.014369185171212431,-0.029949335605574723,-0.05639872936925651,0.13240167580624865,0.14091149784653484,0.04625804111288073
2020-07-09,-0.18270111322808424,-0.42916828072887814,-0.09745694086980072,0.07740272012229443,-0.3487050202839972,-0.06382303688304591,0.18115339745294223,-0.22881680144045435,0.7910213612113195,0.22640649688996484,-0.42456730224435146,0.1094180446809403,0.2935827019474919,-0.0610917091321348,0.1273462229531266
2020-07-10,0.20234684287067173,-0.0005126649098925462,0.0563618989797271,0.16683908340531028,-0.2615741118282127,-0.04921972315628409,-0.45675190948311406,0.058349089745261096,0.5336138778806624,-0.14515434901444013,-0.2701773460839979,0.03031525348137698,0.31227216561196836,-0.2698143164173088,0.03769858493907341
2020-07-13,0.17223330680838977,0.24683318386699,0.325047124169232,0.03030725291353531,0.08049599811874086,-0.4320969722428639,-0.11723565433094663,0.029252264287188495,-0.32556419961256255,-0.015790531234905814,-0.1498811667511639,-0.1435961898153028,-0.005535313197109537,-0.01969464655464819,0.30948342733632433
2020-07-14,0.18107248480284266,0.1521764989442591,0.3103968266863977,-0.050252573781028764,0.3920711006733012,0.03907470573124261,-0.08120084178635067,-0.07013536286826161,-0.3678433927189034,-0.5353835028693406,-0.08887453084163777,0.21895731642585536,-0.3133185536170949,0.11377525205989192,0.07600538066629658
2020-07-15,0.21514590150724797,-0.35539680252488665,-0.5096280935554957,0.3658680354625542,-0.33756795939223294,-0.09775888267515234,0.13580831521478254,-0.2350584029371161,-0.030299615363168053,0.16212628763681539,0.41101863733920196,0.037187762077976416,0.22538008623580807,0.33270857572009693,-0.24828955015484422
2020-07-16,0.0010290861410984786,0.046437374573698315,-0.04158849973880352,-0.0757982323308097,0.4544915651358048,-0.14112856860186937,0.07073681420697663,0.24671375645678129,-0.03713271211387739,-0.12805239197178792,-0.02314384687666543,-0.03273168396925158,-0.07390770302954833,-0.18552084650551856,-0.09278323857458823
2020-07-17,-0.1727161449325657,-0.38026213964262123,-0.07612643766733007,-0.15246649318590855,0.06820680428459247,0.2036187053068339,0.3023722359520151,0.09278801495610267,0.49779688253533677,-0.1212175439021076,-0.08838272581638879,0.16929565178966005,-0.11963720605434608,-0.14362350897344933,-0.09640642558457485
2020-07-20,0.2124811236748202,-0.24338746475524436,-0.294741122226474,-0.028045696467011674,0.507074590820162,-0.008781568746105584,0.6262188349138753,-0.052437805664178994,-0.3570793652897158,-0.45124788390195164,0.08895783106780764,0.07698616611539455,0.11477688591833202,0.12833847313130864,-0.32265640667517903
2020-07-21,-0.11326418262595195,0.08633378448421025,1.0778255984968161,0.4531802335088093,0.028719752931100517,0.036121884609148225,-0.531765600487526,-0.1385304363647839,-0.5075823277599579,-0.07198665499552503,0.14600761852903754,-0.3664821611234024,-0.12486116951903847,0.016000726587678038,-0.002666700510158382
2020-07-22,-0.21189205138242317,-0.23236928980579186,0.314856622712121,-0.18372620385668043,0.18252991731766818,0.1947139196853751,0.1367380189949669,0.4007989151131316,0.20479523686430828,0.02450097471458129,-0.09140175712097864,-0.03035294342669631,0.09425567358421122,-0.5209032565494207,-0.30546290068459886
2020-07-23,-0.10267232538894452,-0.2481715405776558,0.15258615091716218,-0.20883889184247217,-0.6371290615699582,-0.10397977100918995,0.7862873047695144,-0.43755862262457457,-0.14139623331986492,0.1588227557034031,-0.07669856861767897,0.2911759674928381,0.14905680567329085,0.15894610104839235,0.21959501564448505
2020-07-24,-0.1559525055011803,-0.04276738858951787,-0.1743432651392772,-0.1844687023667536,0.2146908169575857,0.007364622400576892,0.02376094588687902,-0.19234236197350363,-0.1954384429997767,0.1262365232495854,0.01185388518437916,0.33320916583314036,0.1542472401653277,0.09684020923744979,-0.021749053295049725
2020-07-27,-0.4425400732093949,-0.2302430380313128,0.4933514438981631,-0.27796224099755096,-0.1573805767109673,-0.12316513977555885,0.3091887479994333,0.09154990569620104,-0.13946509607201754,0.14062682377604785,-0.12513002501858966,0.34938028679119365,0.08550160679832872,-0.6805277669993703,0.6151222739527453
2020-07-28,0.062086977138002986,-0.09959603934501782,-0.34626144133997083,0.37394235997973124,-0.241122134523994,-0.15168533467988082,-0.02140890427528852,0.026230703926286597,0.12484829840710371,0.1511273302964703,0.05754312316904675,-0.2683810007694901,-0.0025612461832029143,0.2558768422654353,0.1210619287127202
2020-07-29,-0.021123398975316454,0.12900243944498535,-0.4753350746907922,0.5302804877231881,0.12412663261281309,0.1899548124828887,-0.34641191206975647,-0.0069158780298113065,0.13028206632742978,0.13299637107371903,-0.13867203789742155,-0.6107283036201232,0.2740194851465926,0.5892960815103521,-0.41504783656281646
2020-07-30,2.9983689745248263,-1.027107051848236,-0.5212478461147435,-0.5266744643020007,-0.47625533426908395,-0.022502383355904487,0.04458730485012019,0.43079555245458956,0.09870498266586147,-0.844216997185752,0.4837387391692478,-0.3744574593837764,0.050528423493876984,0.41140824617461713,-0.6048058885290992
2020-07-31,-0.5923015870359513,-0.031363169425247306,-0.7591663636102782,0.432935191957465,0.2822959285924074,0.3296692960889224,-0.38361792696982167,0.3776859765841478,0.21753190237584114,0.046510068919410945,-0.1425605796020652,-0.21711086581162423,0.23706834122970075,-0.19409446104769978,0.38325498769818817
2020-08-03,0.13523627409440955,-0.3856409278701689,0.5462479098570007,0.22971753254868496,-0.09107134553554436,-0.09382897002970644,0.14988646227462696,-0.6354685221466198,0.1360862745029878,-0.4660673421885794,-0.4171586797020934,0.697825331959196,-0.5754266702702181,0.5466816266902025,0.25676816455454554
2020-08-04,-0.7298764324471667,0.4720815253126973,0.4298342004430236,0.3699039378422171,1.1183987217999853,-0.4395092359884256,0.07084854268569363,-0.30932233115033725,-1.2596767275606493,-0.05358803312201016,-0.4188537351961306,0.011066173908208299,-1.018675854183943,1.137730746314055,0.5780766483792541
2020-08-05,-0.5512404446461971,-0.0557656773547166,0.18950342352278857,1.1578443940211662,0.8286915720321444,-0.11214169549982705,-0.22210091636057805,0.00871586505938815,-0.9262981281224117,-0.5386097504365986,0.2299219065895837,0.026386385395752082,-0.5406609497556274,0.3654361001122919,0.061480678255776494
2020-08-06,-0.03228998705898567,0.24799641278446016,0.24093256667282034,-0.007462167072360082,0.18191613213157812,0.08326065646770525,-0.45982573797693715,0.34030966449868827,-0.40182442522365647,-0.09133431097246347,-0.13864996887819564,-0.015071707262357681,0.108538995508569,-0.10351898227349887,0.02589658500990183
2020-08-07,-0.050031674830516085,0.15842311172589052,-0.399949472994094,0.5903021448274001,-1.170698404552709,0.4922166790476423,-0.14413862409625683,-0.26430209817316597,0.299887616894818,-0.013356563893084213,0.652395059131001,0.16627203766501095,0.3320983522375986,-0.44616876848554254,-0.2654301471293144
2020-08-10,-0.22057647872786612,0.2550418634829046,0.47725162144645406,-0.08246726189997111,0.08072547663749241,0.27588033908031817,-0.07099062242428833,-0.38332757250665317,-0.3912937728386554,0.06926516280766493,0.2165927863052557,-0.24889576117194434,-0.15374854822592204,0.15358850968538684,-0.025736305830443285
2020-08-11,-0.13865546273823803,0.3134200920152116,0.03835730723265446,0.009399737542602371,-0.242093313579902,0.2154076428833275,0.793879242704951,-0.11627751264529637,-0.3274985931844787,-0.7506208150723579,-0.3569065786886212,0.20199193241394156,-0.09247944924411926,-0.19199377708394957,0.4899310013876532
2020-08-12,0.11338412408607995,1.188045049589296,0.018960788642382265,0.09635683406446477,-0.42627170103282247,-0.012259744347696916,0.2631114881839784,0.015376905067268382,0.1002749608229565,-0.4302301039102093,-0.35889109297602867,-0.34550729499428173,0.08984198039030378,0.11359185897126677,-0.42685554193361697
2020-08-13,-0.05719516879284209,-0.10216711960571556,0.2926130809758507,-0.18837289174778027,-0.4112080624403359,0.47942384823905393,0.3508500390683318,-0.2174991524461935,0.08868563083141423,0.18378091509381012,-0.06894175657165169,-0.10263528902920993,-0.11110158894324906,0.0583412571154478,-0.20507296182785528
2020-08-14,0.16255877902538476,-0.08522872846995555,-0.1328997146388903,0.33327019992148893,0.14168448536076797,0.13477659353733382,-0.4478141821518494,-0.37583565048447026,0.23268436918122787,-0.07284472305649545,0.06245276245985848,-0.1756929830767639,0.19675972043494427,0.3251308285004044,-0.1971594290381558
2020-08-17,0.4071691399737189,0.14324127217511806,0.19197634604352626,-0.18957906311802541,-0.45173711710179926,0.05571358696149875,0.16676766888434247,0.38186963672326546,-0.0003167150800278684,-0.16492920717222304,-0.3172107287375701,-0.011208897981820759,0.36804298392222184,-0.1595128510115834,-0.37843818015617825
2020-08-18,-0.1289478901310826,0.08570467779588331,-0.36074518012183265,-0.46924468229551797,0.18642833803270598,0.05941316081371373,-0.04902916392253748,0.43135751937545985,-0.2189619362363489,0.2025920993655527,0.09555783625362524,0.049221397979407555,0.13472807289314326,-0.3318785781616418,0.250723463780546
2020-08-19,0.2802404697849282,-0.25640984171810316,-0.2704688591077528,-0.1730167627551804,-0.13282534488663583,-0.22829343134553742,0.27347680524475093,-0.2493884214891704,0.07903257181360791,0.10373237304477018,0.39093747214099184,0.24229754067707218,-0.014575208856636351,0.13070970809511,-0.10229045365125933
2020-08-20,0.04769327684992419,0.1429743424240545,0.04089433000872378,0.07530743801475293,-0.17612317539246636,-0.5535503677943006,-0.020104476144737427,0.5083906777076641,-0.5526520209231636,0.3843156591983366,0.5737976653250126,-0.6177971628110565,-0.025704532892423915,-0.07249880621447863,0.23266250218135687
2020-08-21,0.03234950753473187,-0.16014422854872784,0.31801854012733166,-0.014171583569418555,-0.003660043026411819,-0.38626778765688013,-0.14580347446752656,0.3515468371585302,-0.18525879275014223,0.25933635304611236,0.12987685815805528,-0.04755248211589852,0.0022961266306102124,-0.12864739147473625,-0.0199471309699617
2020-08-24,-0.11179090887226073,-0.32399109277799365,0.014948814935211274,0.03820299583118392,0.1148025528105262,-0.19420946933936512,-0.021706848139359525,-0.2024242522096389,-0.18450882100547839,-0.1224423224791229,0.2614936126464882,0.6882628050272174,-0.06326202944617387,-0.15822536312766206,0.20192969802036564
2020-08-25,-0.17183112695658787,0.25525825301837596,-0.07097552980864291,0.4079274334898402,0.17671633818242274,0.7138212233863745,-0.10666905424326509,-0.24372166349867275,0.167694394680862,-0.2509093800958396,-0.32974802584572993,-0.13519860799192196,0.27577352226770874,0.17668496760654384,-0.8497131731000318
2020-08-26,-0.0664173798498553,-0.3037308263575702,0.08363122398601897,0.21354540892075613,0.03449675487410342,-0.09481820441018307,0.14595353819166834,0.07742843435342428,-0.33095089460859883,0.08465934613192017,-0.04763381655702714,-0.11488267447033651,0.3947894727228939,-0.04174465284054951,-0.04049425566402143
2020-08-27,-0.00036051658272917564,0.3493269579435216,-0.014996985465977095,-0.24936927591915944,0.8951716912264014,-0.10576814029070505,-0.10824359822361379,0.29953017851741903,-0.24245192779408303,-0.33726219486267606,0.2627839189810069,-0.21642485304913853,0.08673925312553477,-0.2472132262927744,-0.396136130887247
2020-08-28,0.20172431374563443,-0.5159935079666612,-0.42540757737324447,0.14360585846390583,0.42273660235181687,-0.3229194704480759,-0.3245757275863418,0.5030587886738025,0.7219095741115198,-0.4125536303106399,-0.04017651109504672,0.4581761696771457,-0.2354660678436672,-0.332745307525651,0.19342836631838667
2020-08-31,-0.27931365170483397,0.3663633593258002,0.07833187436195732,0.07086170752349413,-0.07790835590362438,-0.11498505502477713,0.35500805655151313,-0.3032692878789125,-0.15647612069632655,-0.07882130998014664,-0.45322224118774157,0.11985053823576763,0.10211741963306609,0.12541836354144886,0.1754464476719011
2020-09-01,0.2860285320799157,-0.3495140396695906,-0.2089757930026003,0.23945663887090224,0.10784328663814562,-0.15132763729993168,0.09472652183006394,0.07300044951007703,-0.17659936770004764,-0.0389498500036497,0.4210525585842315,-0.28704208420527555,0.27764426602952963,-0.0015956185945721346,-0.22049239608381055
2020-09-02,0.21332911227279072,-0.37290489685915695,0.14091862529419735,-0.032867448000186816,-0.44397736313495595,-0.7374007039427073,0.19523236904749924,-0.10445586092834526,-0.30565528718556734,0.5929209245735451,0.4718688855242056,0.355905155696726,-0.0642874731793125,0.1419125340672927,-0.001016769886347385
2020-09-03,-0.1412411875636254,-0.13350077929720253,-0.15212769876161653,-0.222595395381059,-0.1890448183687275,-0.085811477767083,-0.04267510318992218,-0.0796502166563216,-0.40167834936130176,0.23853708758714898,0.25605523408218306,0.7662259706714635,0.007305756040062644,-0.10065447582224785,0.21843439701490208
2020-09-04,0.00751278779562245,0.07135824577691928,0.0865324406024323,0.21135957660148733,0.07565901776004874,-0.07513916189631542,-0.1958170766149806,-0.09581970521062852,-0.18296797305387968,-0.4539617732185518,0.09938243266765673,0.41524450910353117,-0.12900574576891033,-0.1326587820725066,0.22785580535028177
2020-09-08,-0.2246373610886847,0.14011358088934434,0.08372594024236335,-0.09634954268325702,0.6258757645297697,-0.34848142181830655,-0.6530487148193298,0.342057926441807,-0.568079907565861,-0.47066485268585656,0.6813697663408484,-0.02455879235328995,-0.6728413606477838,0.52645924992936,0.6140923134170915
2020-09-09,-0.4771380571786251,0.257913146463633,0.4938731435187501,-0.47942018770621964,0.5069113327439067,-0.15893666154443536,0.11309097652476635,-0.11375367747221249,-0.4477955341738212,-0.12862288271625852,0.0554566305954409,0.20070849805850602,-0.5035974788516179,0.9753020938641503,-0.3324866099142696
2020-09-10,-0.05605525929427424,0.21389343240641834,0.6267888941571933,0.09009147126811001,-1.0492381009544336,0.38459561449448687,-0.026255645057035037,0.25273262940328944,-0.6110771972720601,-0.1201836545693522,-0.09057082375797454,-0.07572725475094133,-0.3492337762264943,0.18682299876195452,0.49096440593329005
2020-09-11,0.05418682128824348,-0.05119399570731703,-0.6372501811943845,0.5306358388653851,0.9262300904937895,-0.4755210009362506,-0.42598225770261977,-0.5270796190701224,0.607696486825793,-0.05027344321273822,0.7643199621372907,-0.07594918963740871,0.08024947157322504,-0.13183513590413398,-0.4778773511437603
2020-09-14,-0.47696883899461423,0.40237704784307815,-0.4962573560385042,0.1816721407649688,0.1749590106971999,1.0657267147229745,-0.4662886360596358,0.1773431210109606,-0.07199754693788263,-0.32069771000341774,0.12825397540359318,-0.1407933113538179,0.17265514470226662,0.11596555210624704,-0.5449470795678748
2020-09-15,-0.21273369941693676,0.38605675661178884,-0.5527434429372643,0.24422836845107437,-0.6976441834712299,-0.45288717693808267,0.09295773638413518,-0.38737702561916704,-0.31207314583087886,1.5784030537569267,0.27720049490401616,0.3574401927315212,0.0013043689006694281,-0.09783046342527457,-0.37086524317273084
2020-09-16,-0.22754214263088368,-0.27659725229082754,-0.3286146027635919,-0.23705282766053393,0.31884090324056635,0.3880373245968243,-0.527964335420618,0.16732769290687943,-0.20238601160877034,0.758173125032767,-0.143387899287299,-0.053331444626324664,0.3221566823023545,-0.5252221871748537,0.46220698889165157
2020-09-17,-0.4353977208356991,0.9764703885050934,-0.01490746491324385,0.2832749294039298,-0.015085324092062202,0.5504114088849124,-0.8787092225403013,-0.27997722766435607,-0.0486390198915396,0.47425681547341764,0.005454206100285908,-0.3768394335858939,0.1718570949652417,-0.5426172618530047,-0.07836457029622498
2020-09-18,-0.09409281621333421,0.3967352592809619,0.38831065854596303,-0.059407030641902836,0.15846513117946373,0.20119039220181834,-0.6229325847865143,-0.207187935038177,0.10775904105161405,0.15116118497615733,0.09450900347343189,-0.1894343304326973,-0.05334830320058676,-0.461188703713597,0.10410569245164669
2020-09-21,0.4349216745577459,-0.14281173436447214,0.14335839716507692,0.14539384127831223,-0.11047696482625291,0.30736018243318464,-1.3808126041453586,0.45044554936166514,0.3086917026349415,0.7850102036087507,-0.930853918853775,-1.2222597315045218,0.48907948296479664,0.7137112161955191,0.30813085095557746
2020-09-22,0.013390480261616655,0.23433647339122288,-0.1523747587461845,-0.01338678318342465,-0.046543310516173636,-0.2394301160456565,0.3107255499482702,0.08435598080109685,-0.1420340043438022,-0.1292266473022613,-0.09156329245627146,0.29427638548672375,0.20959909366012158,0.5419871149588614,-0.7929054645513547
2020-09-23,-0.6485794912591887,0.26297926909359215,-0.5649010008826891,0.27578989135560916,-0.13064974280854558,0.5390397063395231,0.10824095630265318,-0.5420497251140457,-0.28500054534130737,0.24770918948499832,0.3757822621037641,0.46691816551696586,0.08162146066565157,-0.7107448263933798,0.18112427483943594
2020-09-24,-0.36229319776716995,0.5964293011905963,-0.332946213043223,0.6468254230507542,0.03569365672285524,-0.002759108725925663,-0.5967117620200995,0.06615059410062524,0.023629993911891703,0.4608118773234205,0.11901018142129025,-0.2160532361320302,0.13778475818965205,-0.4262543943377508,-0.3165284216622301
2020-09-25,-0.5573710937902947,0.2877568455942881,-0.05830952831541389,0.02760214639205877,1.1808680444529882,0.6943869506937843,-0.04918245542532168,0.3102110224273082,0.43121251034100294,-0.6628994710553391,0.15251244212843362,-1.2616956519231564,-0.24216884756118273,-0.6028464276779484,0.18772638254549173
2020-09-28,-0.10750405142663588,-0.9713116568998933,0.5270641324337024,1.91972973457884,-0.9218094301942147,0.28796246484697985,-0.1965830089118038,0.10977571856952761,0.3786383411636671,-0.5592133553873061,-0.33626744655400786,-0.01862535128235554,-0.43121966374925214,0.09356062685628297,0.14864090011315034
2020-09-29,-0.2919222466164424,-0.3839773590538198,-0.2598941524936115,0.5418736150865959,0.06028255136070815,1.0141834636970153,-0.6882386842113801,0.3326141256923464,0.34258255322088355,0.3525173689439377,-0.14886439986629252,-0.6590179846450674,-0.1000588693746598,0.37079446225410334,-0.48502647409923483
2020-09-30,0.058394435018562466,0.6948674287253732,0.3081261653602376,-0.14271842831712067,0.005329554857888719,-0.6910691700278712,0.057540874456823,-0.2660756195676034,0.14852921905838068,0.371657350180714,0.022723922276253736,0.08305011626135106,0.1973038391504123,-1.3094418272079436,0.33350460303659357
2020-10-01,0.23200423819880822,0.6089636618801478,0.25560331953758353,0.00270363906056148,-0.19556187354116317,0.21214345301889437,-1.3527706272313598,1.1123897760697379,0.0491316012504146,0.20853048320024647,0.5950285150142549,0.042286076474831624,-0.5506158752587405,-0.9450631201181274,-0.3887921237148164
2020-10-02,-0.23802894419966925,0.2956972967173028,0.03845354746826002,0.5544814822707376,-0.5861480547293787,0.42613913997741704,-0.5228422414462159,-0.1266367230490794,0.0184608014067843,0.010867637944788289,0.015298498180219777,0.4709817595940784,-0.20026635233447176,0.23132788179110114,-0.4895402264846695
2020-10-05,-0.1712544123496449,0.1267745967538072,-0.34155050758746586,0.16644801538954224,0.4004768509187526,-0.8150521987329584,0.5345449066966217,-0.03253429016493681,-0.011131707693170956,0.5769625355598405,-0.29462071391888234,-0.22584821836456648,0.7140086724529706,-0.3708283728082584,-0.25859751883997006
2020-10-06,0.09792771435683412,-0.3989947828249518,0.545854759858472,-0.22863168048552374,0.40011214249095944,-0.5380095817521642,0.6014618595050978,-0.7769704684827834,0.2678447293061334,-0.019580662038508834,-0.32239517834271036,0.0030306560903248236,0.14041895497168622,0.08568478429771387,0.2109147348948931
2020-10-07,0.22337657414302475,0.5523389462757788,0.40791991045470954,-0.356099463419778,-0.014004636936856385,-0.29076111716203396,-0.38627575842597145,1.0343356213888208,0.13264598930903293,-0.18836506470475256,0.14460254506301784,-0.0005450515545689649,-0.4101946540209988,-0.39631624810366006,-0.43838233328554715
2020-10-08,0.35898923877549227,-0.11253944734170584,-0.7205229837263507,-0.5496346165052213,-0.45300056206540684,-0.01416286030656777,0.5611124032124357,0.7634061155982352,0.4201611662696598,0.8792288107473396,-0.6476216909867778,-0.7545872478472477,-0.2253275839306228,-0.442614807538273,1.0991544022223245
2020-10-09,-0.19482013450408409,-0.03592529217911161,-0.15821598689188887,-0.08475479811709319,0.2563763931769993,0.3381550849048028,0.13999754822100352,-0.5780451088368176,-0.04459387543997384,-0.2698043237618685,0.46835895343615896,0.3093772060184041,0.40458148405417016,-0.5323893406987961,-0.16035373828156368
2020-10-12,-0.21760109099268565,0.25975048025918074,0.17978945668261542,-0.6719768117791594,0.3703469300362975,0.5308383344444348,0.3403575751761875,-0.24974093988171736,0.5403160510386387,-0.11421143893426258,0.24768955711635945,-0.29556861094717524,-0.45427110620869404,-0.05988626105988344,-0.4326894946234976
2020-10-13,0.0721208373197258,-0.35630968562446924,0.026552758322147763,-0.47816150493292237,0.6236474832518566,-0.10604855521136436,0.20876914904446853,0.21170258428256505,0.009098748253116629,-0.1407909091514783,-0.6135533266104735,-0.11249734093540043,-0.18032612450775587,0.7750507857861059,0.26042223851423946
2020-10-14,-0.08730766794225292,-0.059972162794183936,-0.36610414466767416,-0.4456834013500693,-0.1815474452004846,0.09498234781855405,0.13948141332699138,1.1565171034740072,-0.3208100126527551,0.21855829569851798,0.14411002457700695,0.3190907229423935,-0.4748024516867627,-0.08870057286681787,-0.08841973435652906
2020-10-15,0.3508173761862159,0.4915849005170202,-0.021108110930203483,-0.5696841083342277,0.14331011411707073,-0.615750841810194,0.18504837414719366,-0.22913102757126438,0.48564478611470974,-0.16324897273439531,-0.010389074949933852,0.4445274753927788,-0.3209216353852264,-0.3491262417227179,0.2557782678968306
2020-10-16,0.5431065237018302,-0.3378641501177049,0.7832905940068973,-0.05620269067377426,0.4390775653899098,0.11755734928143013,-0.7491906309753182,0.7087049931234812,0.008044391630118719,-0.01627223659917476,-0.18906141660787812,-1.827363103854827,0.13652969251424385,0.07515146168488673,0.6139227763524038
2020-10-19,-0.33401786172290504,-0.44140899355948127,-0.248056967678848,0.43800681829842725,-0.27269967657285954,-0.42325483428331745,0.4634762513774695,0.153226325799665,-0.5659137037561711,0.22243819141121413,-0.45933873932732583,0.8767686608665699,-0.015614160816985967,0.6063857568587737,-0.05371937355783185
2020-10-20,0.15186568930412037,-0.404437740689366,-0.05123017405722419,-0.39834929328455176,0.07374835041272598,-0.3040743370954907,0.6371626163664684,-1.0691171408610511,0.19786139805778635,0.40092807624797233,-0.23739456892675503,0.3130777206888148,0.5625301857387995,-0.09664652797716289,0.2643726989081636
2020-10-21,-0.1836952162093063,-1.307043809828667,0.3330812616875593,0.08012670041967529,0.275665098786225,0.37523538339697404,0.6897408513565934,-0.15726988593762714,-0.04923701457326474,0.19260186980038485,-0.05825149942592733,-0.11939755187289314,0.38966003102472696,-0.62639798283752,0.026320410561953222
2020-10-22,0.30790380089474145,-0.1796762908957792,0.3689823084830035,0.44672789080844777,-0.06029001984396598,-0.022815610374875783,-0.6722905325360555,0.6040300826347087,-0.4614722354116969,-0.26593311401998476,-0.4004128327873848,-0.9135004178523803,-0.6663283327154458,1.1727518228948384,1.0422615561833637
2020-10-23,-0.1996171152007019,0.7010332060384267,-0.6225534795075123,-0.06002276977450738,0.4052582293222425,-0.11690028385623637,0.6437598590005446,-0.7733581177494817,0.5958711164661411,-0.3983518521718954,0.4876363425522268,0.2350832522784509,0.785293523368823,-0.8178843481443873,-1.0590843589948238
2020-10-26,-0.35741176389951157,-1.082193882866479,0.47017478735378204,0.16617008912497022,-0.6440695112367161,0.31882717000658944,0.4453799473163613,-0.32940099933604006,0.08039116490113773,0.3470693710582189,-0.2246278656030476,1.2177629948152366,-0.5124823895535828,-0.556581652943847,0.394856982944388
2020-10-27,-0.023993615392661094,0.40771492864544867,-0.5848932366511654,0.062489372592359205,0.044944512190893154,-0.44108345040643776,-0.09761008276356309,-0.37657545309719986,0.3856399742940196,0.022325750352186313,-0.09452269654239231,0.4472514024440074,-0.26370428127181555,0.852283684715937,-0.19881611625812545
2020-10-28,0.22993809213766747,0.0007429997844923264,-0.27160451605071323,0.11000460085782149,-0.16163631243262322,-0.17818924729860197,-0.9000594781438653,0.1954358629732984,0.9899206720447365,0.84285199992799,-0.5250285501971514,-0.2107528824865652,-0.11168286153257223,0.17318967543087704,-0.09185058175424121
2020-10-29,0.4908002629603554,-0.5729292042843944,0.39256769553754634,-0.06148727603232129,0.5330597786032842,0.021932843396782253,-0.7511064653994807,-0.27026763909678997,0.3029250388986118,-0.19674736408299598,0.26342297923026137,-0.5143864183075626,0.08530318043702234,-0.8212928550619304,1.039296522704351
2020-10-30,-0.1570410187122555,-1.1325435126872265,0.2937552628544761,0.9729127369985952,0.19647691320774638,0.04596738323779104,0.3942797010529877,0.290437781337237,-0.20173421201549058,-0.30931939051105534,-0.17770845844123218,0.27909287763866586,0.10693998891430034,0.10817019789532512,-0.733165881192466
2020-11-02,-0.22067195588256494,0.4870001044403547,1.1641101711172501,-0.3530972430799302,-0.3907599604647263,0.26380185317159577,0.09543703626786892,-0.5794599206377657,0.47159467114155884,-0.10564118540088074,-0.34006790101565865,-0.6405464797341829,-0.34296556573873915,-1.2341775407440385,1.483413607669071
2020-11-03,-0.19048172790013732,-0.9215589420752518,-0.3116615217253942,0.5896922106207875,0.08382004797009568,0.5645385224422149,0.29534447427679383,0.3710940859101337,0.39672351837936654,0.35023725514178217,-0.47532141346342605,0.32247248826146074,-0.5358074297746841,0.318616850436316,-0.8120607712714522
2020-11-04,0.3160106953184244,0.7669248699032895,-0.0534378631189692,0.07686313046568899,0.4677146622386257,-1.3516208283593718,-0.6396557137546215,-0.5662114926923428,-0.004380576275214237,-0.1560356595747724,0.5687072173472268,0.4231984766125106,-0.08541744457612607,0.59011863331044,-0.23594855564783834
2020-11-05,0.07425973870072283,-0.4329115615063736,0.16912305512911563,0.49827891583511497,-0.5736943561666794,-0.9841842533111986,-0.22531940478439735,0.03947479329564574,0.10356372939844491,1.7061015334133258,0.22076430152842286,-0.700499216846162,0.566906235550501,-0.3321943170765727,-0.2098252571960937
2020-11-06,-0.43496325881859255,-0.12291000571190414,0.5052204582993471,0.2504582440973342,0.30936534459508647,-0.39591143273413243,-0.1515451730481827,-0.2851171750783088,0.6413318756294464,-0.07740036151301888,-0.09420274219463787,-0.252481176575299,-0.2235545809282491,-0.6041346837051045,0.7913102686682452
2020-11-09,-2.156830975079402,0.12880268042106646,0.17179064620200535,-1.8979140597361939,0.6020394384073064,2.8257515522962633,-1.9413740507044617,-1.0755242312928788,-1.825095976291344,0.6932061537968313,1.7549818967055657,-0.3933837005658294,3.8333777908322055,-1.5803024322322727,0.4510954744748128
2020-11-10,-0.34969720890778333,1.2691961652205856,1.126935142753355,-0.3558086784583261,0.4433763664444955,0.2938981255879576,-0.8349510232286124,0.8232491645931805,-0.0640446796646923,-0.6007223538725677,-0.21801912353882424,-0.587471191748294,-0.6624432718662157,-0.449550671474682,0.11019882477933873
2020-11-11,0.3883206590151249,0.22065913590903252,-0.05650383740599135,-0.0068629843864291,0.15556371162122007,-0.13156796032501394,-0.07502901898802256,0.4196376435048125,-0.20650601292193574,-0.5018709627105056,0.5671865878817892,-0.4844122086434478,0.13002678921263405,-0.27730092322951916,-0.1419325645390898
2020-11-12,0.02442690508647799,-0.36775888005671176,0.2622716471809484,-0.06116232001601196,-0.06381258972770365,0.38064835962057586,0.5326814720690907,0.30201506063840955,-0.649267213317543,-0.1979954929432015,-0.5405352197953617,0.2936631315752871,0.22284853073667477,-0.10101754600533197,-0.04566139568843153
2020-11-13,0.4613421652872274,0.13228517313812405,-0.14578604120560024,-0.2276452513299736,0.24659463211687105,-0.13272517222836422,-0.5775337641377007,-0.024820772208557607,0.7713172057301008,-0.3295437642778386,0.388489639932321,-0.21959950892466118,0.13794267025008122,-0.018129881087766808,-0.43558880849625436
2020-11-16,0.18429898950112178,0.36420304528773517,0.9070744985131425,-0.3626545884788339,-0.2890881587228733,-0.8695773812857539,-0.10783513615727558,0.6144877976265823,0.20542149554835332,-0.4033527794595655,-0.16729048772943633,0.6398785810539627,-0.4545449280433247,-0.3808429279470409,0.08724376068026052
2020-11-17,-0.007686984754829429,0.018306330501874024,-0.7312126186600275,0.2342370623786122,-0.4163168045676721,0.35583343217977154,0.3169406952245712,0.1406212593719247,-0.17242828965122461,0.057697381430822925,0.3914774912924324,-0.0576864697420955,-0.2597513667245477,-0.03520528586178351,0.17967421253144233
2020-11-18,-0.6779276158734564,0.5733059599130745,-0.4393631491695489,-0.20144015199905763,0.1287266371143082,0.879127545232437,-0.1253033453391308,0.5319957474977649,-0.3100154500853196,0.29474974276107124,-0.2675331278655091,0.2118455449518341,-0.0791437211021363,-0.19346159880653202,-0.3435521465036393
2020-11-19,-0.20573018534855037,-0.5383556354060877,0.04142640290256416,0.466051601814221,-0.4468513401317643,0.27400543807993105,0.4738840417489498,1.1780381187046505,-0.22566858835626108,0.15671407491698242,-0.14020952238186668,0.14619642210451744,-0.30059893291323514,-0.6911024300376052,-0.25800520299795227
2020-11-20,0.2010152121219502,0.1641755858736387,0.1458306241517763,-0.7169958055127823,0.004490703751128797,0.33701356262423365,8.277031176670557e-05,-0.39038621853476935,-0.4016849330790034,0.30191345047898877,0.2653624565157557,-0.15411521706530257,0.09266415902607955,0.4120188944485598,-0.21430425602094483
2020-11-23,-0.022407451115440402,-0.3348839739220266,0.10942613411714897,-0.36139700719365253,0.44245777729644997,-0.1037122143314484,-0.05768118133942446,-0.7570661196080342,-0.09066751797344552,1.0946794017025168,-0.26499664791950317,-0.6192814350820615,0.17663361326790006,0.3921437677786441,0.4086180688477148
2020-11-24,0.3555330411677886,-0.33895663970616163,0.6255912897271152,-0.37722808524563045,0.6282648178519745,-0.18378337861218963,-0.39151067420471364,-0.302190088642723,-0.34694223777415767,-0.17618549070439848,-0.3013626669545879,-0.43797008498398315,-0.03011890095561287,0.012472616754040766,1.220037380502886
2020-11-25,0.28922663759097195,-0.25706363864502146,-0.7962486765719976,-0.014812254132469616,-0.26578616794741644,-0.16475650422524024,0.3850703186692496,0.2703497498732767,0.113841710637827,0.2115998168620422,0.2559842660929388,0.25195844375272103,0.10988361025917548,-0.03629934257844747,-0.30728485346345935
2020-11-27,0.3088775799435976,-0.10067435589363388,0.01036344241997128,-0.08163267331363355,-0.32899212588007193,-0.36124737556629716,-0.026911084238820382,0.050548103122937005,0.22088415058758737,0.21804437909175733,-0.11959129280004183,0.0951100945123341,0.28389018152444784,0.030756814605082505,-0.17443691625367913
2020-11-30,0.10779391950442574,-0.5580086759977914,-0.19282982085361788,0.2779944733192343,-0.6994657134440703,0.05430904259152092,0.19899095122151844,0.1308315523932604,-0.146075685033499,0.5735470035494755,-0.2666072854162429,0.3082286177255673,0.45395003920876065,0.104164849968028,-0.3060281179787079
2020-12-01,-0.18778737805659418,0.04479664187815202,0.01564735694404997,0.3538042625391754,-0.05468228231823111,-0.13336091507166326,0.6008198747325031,-0.5381003259714514,0.07159605169158453,-0.6067474330116951,0.057660858784598645,0.23927570686509692,-0.36784127511658926,0.3457767862744347,0.1759633813896202
2020-12-02,0.4283580575033097,-0.33658498677903115,0.05473597102786887,0.19126163197183366,-0.23381141275046646,-0.5765606474650167,0.003296860050373107,-0.42394305366001384,-0.25424395920232057,0.08238375388440478,0.06562853046428774,-0.04933784817905473,0.4546468784647909,0.29748862413942234,0.32806697531434226
2020-12-03,0.15420216972169987,0.0970556645078583,-0.4039151735298761,0.09058243992397846,-0.36353713401949495,0.2136773283219735,0.14842107106179836,0.2935918207249705,0.08351559873960855,-0.12856492398725333,0.1261014518863172,0.008345917060510855,-0.1091961198980693,-0.177310078509268,-0.025492828981563215
2020-12-04,-0.21071927009933233,-0.13903155239531984,-0.3734238480416121,-0.160319736547768,0.388340276345293,0.4898084993580962,0.19195864530563278,-0.3228265087966966,-0.25259961511489726,0.3861894285656997,0.24192903373684982,-0.13203191131221015,-0.05630889129792127,0.3276666942690476,-0.36477608446246235
2020-12-07,0.07384533054250719,-0.20448080548456538,-0.23906883121689615,-0.238417484416925,0.09487342134728782,0.07008545527145493,0.019323774898300616,0.6349050623873829,0.23749260442311276,0.2385983614057267,-0.12111031317245202,-0.17206866149499545,-0.03624849622846571,-0.5192458995639655,0.13287981470226107
2020-12-08,-0.10954481637720123,-0.4496972003605329,-0.05180178729582499,-0.43323598085912807,-0.10260155169704327,-0.14570676740095823,0.6568329666644919,-0.5461065294162081,-0.21002707141663024,0.5616738151030055,-0.16542480603445187,0.14206414191549546,-0.3915172426370668,0.5287626266894125,0.75128589183085
2020-12-09,0.21904477678266518,-0.14191275029566167,-0.5002636002544475,-0.5526194617427284,0.22354424727292804,0.3241826194165339,-0.377774750483653,-0.5262608953232806,0.034163002406584875,0.03442558312088161,0.43830019791057273,0.0649281579731059,-0.07183479338414576,0.4983096168404353,0.34995602921183844
2020-12-10,0.5877449261392811,-0.6409507767363524,0.3235720552704543,0.25482728036510904,-0.4039443377889733,0.06705674519316207,-0.09619235498203155,-0.0796792630969354,0.2444273896797542,0.5492669862950672,0.16232423978512678,-0.7509552852632893,0.010065276787588562,-0.48930278751338363,0.18199631304135055
2020-12-11,-0.053858729721569576,0.11627203538285297,-0.007432369573152575,-0.3000865240973628,-0.09700441846292235,0.38366236614737137,0.1138766085100652,0.07677876970918937,-0.276647083140074,-0.08169928092561629,-0.07902914706584113,-0.07118312715439562,0.04575402062772116,0.0734965161570619,0.17071000416882393
2020-12-14,0.04892256874087453,0.2621859867158791,-0.08817661493594486,-0.08926805425630069,0.3372521492293228,-0.09718977497986159,-0.06634447674093935,-0.2218836667576134,-0.2508002140738812,-0.6272771253014828,0.3006658856459842,0.13527719527548943,0.1473320220410601,0.3325832299175001,-0.09836997031678574
2020-12-15,0.25696088415254303,-0.06554674532437776,-0.7334384366876292,-0.30089584148978754,-0.09747051784226118,-0.1423403719068544,0.7575315567456276,0.19122227678394954,0.08289757774334594,0.023865595477279233,-0.27448209821994246,0.4978010120622521,-0.22784662088674396,0.24138751793960034,-0.11706454513578268
2020-12-16,0.10595532386360482,-0.2233077289633962,-0.07654674295619307,0.39170575292024423,-0.08168492577765557,-0.07453093253605342,0.19289285276854162,0.06662988066184083,-0.1253331782394993,-0.26894149705529785,-0.13952265626492816,-0.12479926652734105,-0.06788132684532397,-0.3015521630496134,0.6963341865922377
2020-12-17,0.13284531742395972,-0.06644000603777933,0.07671950067146602,0.37534404704950824,-0.10087483981851453,0.039996903366029096,0.026430430497152713,-0.6011649295104748,-0.4712673726823071,-0.15330834891553213,0.14217937970808014,0.18813748503197997,-0.030381480471167427,0.43176470404536565,0.02914331767973266
2020-12-18,0.02753670073116088,-0.1497897632138051,0.03612948573994612,-0.13439501905215456,0.30351113575104033,-0.11786097735066536,-0.07695662594297115,0.3767091607891155,0.3309414971623807,-0.1985103537877413,0.37573108221847257,-0.2966666083222463,-0.09356192431034005,-0.39872253122468504,-0.032223074098296056
2020-12-21,0.11055630474350941,0.17182213768512777,0.1374898137727193,0.10984804092843536,-0.15806011494328365,0.15091343359868076,-0.08471540279121065,0.058416502663877434,0.047174662190687555,-0.488125596044622,0.3151675020328494,-0.30871501010100955,0.05305595877081831,-0.12019321054982923,-0.017591726041391142
2020-12-22,-0.113965788639104,0.08372347051324025,-0.13372705945963792,-0.20032622900112618,0.1423639136900806,0.045917704199996745,-0.19042871416813906,-0.22268534604523693,0.11980248265511298,0.03151755655077315,0.630337846350639,-0.3239254007351139,-0.03204961562062911,0.17751998620422502,-0.038567909397414835
2020-12-23,0.10413961477218836,-0.15428854021899485,-0.24173132690650762,0.43987502652182164,-0.24562075329034272,0.6573601599454841,-0.32361237147843963,-0.2855482838246736,0.34085916997676047,0.18888409770444659,-0.08801562873324742,-0.1520633346042325,0.03517948808576388,0.04554385756080728,-0.3437164887349643
2020-12-24,-0.1484069089669256,0.013594844785002336,0.13397041918272706,-0.29116045711883615,0.07090345134990356,0.37345738709288945,-0.26057934140674577,0.089585888846539,0.024261735874808343,-0.002794942220615604,-0.068030730816317,-0.15077846760328956,0.09517003871668021,0.02076777313453687,0.10035309249470145
2020-12-28,-0.08364580846742681,-0.030490130059191906,-0.014291012851999851,0.30897568201508185,-0.16521487791452483,-0.09544278257942063,-0.26983711427408974,0.112466495235795,-0.03985669024169841,-0.10943224641997457,0.3768101875602599,-0.07888820376739208,-0.08958937365659461,-0.17938049728727112,0.327320014342612
2020-12-29,0.07198797903086038,0.05436342645121936,0.07584572299722966,0.05315355688335735,0.034528767378306346,-0.06096563343322131,-0.2112474750577747,-0.06747797725511784,0.10535836139889374,-0.051003324501057545,-0.1416933169079196,-0.05805981096366841,0.313799029823186,0.06982807943063735,-0.17918095085053976
2020-12-30,-0.09427989564906458,-0.14478447466514643,-0.3541055577611177,0.6063409206621082,0.21009183348411098,0.17811693931586148,0.0262006400327493,-0.10988638420906591,0.02966944649892711,0.013294841688793468,0.21405948653093265,-0.09587677336782047,-0.09719458167481326,-0.0878818831354233,-0.3270350340571343
2020-12-31,-0.1398731178006728,0.5190540516093218,-0.038207191182613176,-0.21265210557537734,0.07300998137021925,-0.013615759223443769,-0.1926929013205853,0.19570771393922368,-0.059744792242062056,-0.2981565516018516,-0.0719549967022024,0.17727175571351173,0.11267252850880291,0.025699307625425355,-0.04514858103067615
2021-01-04,0.48991665221233194,-0.5048153570656073,0.04494649532385358,0.22163969482083168,-0.2502651838800409,0.14030940023062913,-0.07755624313660278,-0.29488508528446955,-0.29979297140683275,-0.10301407790199515,0.12024855144550556,0.2473387966484135,-0.04283133934033023,0.16697217190276037,0.1441659920701269
2021-01-05,0.005980646393059397,-0.2575321333990632,-0.5070934257808889,-0.01944377296572819,0.18432939031499607,0.24762230756167125,0.8721971204674824,-0.09612361518269208,-0.2797304270411911,0.08493340744868783,-0.42964831841925255,0.2987980060715558,-0.29372791590336916,0.1047122918016885,0.10302059161775001
2021-01-06,-0.22423883627631958,0.28294484834622513,0.36946279220579514,0.2020400519661285,-0.3792102938063858,0.14142204153356874,-0.2470521192524287,0.1522017653358243,-0.2429976966324237,-0.21044613025362902,-0.8042391061178398,0.9163007515859831,-0.009141679868829466,0.13620368971167474,-0.02442798626490239
2021-01-07,-0.34215586286798505,0.15840043892509248,-0.25036464804785163,-0.27329537257281744,0.9659976640718769,-0.25992968023889457,-0.8987232529829708,0.43677226544525904,0.4511771605445309,-0.0762800055424836,-0.014626002645664979,0.2438453816165918,0.23047986592490938,-0.18821054668782888,-0.1736230190115549
2021-01-08,-0.5243634358560394,0.21440007055543148,0.6095700436407314,-0.41468366757539527,0.26762610937548836,0.1825022534969456,-0.09800527280408622,0.05665055594642843,-0.3306705467160938,-0.30635365041932455,-0.06947361626660697,0.1487999619010531,-0.3223555827930641,-0.03245404335626523,0.5909911488728026
2021-01-11,-0.163359477664131,0.2063057962403389,-0.11913186605447461,-0.13207158150406814,0.012371465291284134,0.10288493342110808,0.15899594997083308,0.18670030954055478,-0.21860813232412316,-0.28567697812491655,0.09127351382946619,-0.22935458651336915,-0.10575849921838498,-0.17133954626081105,0.6480051739038755
2021-01-12,0.3602120105593445,-0.35921695384787,-0.5796809094138511,-0.028745849808721857,-0.5318421983600309,0.1137838238961113,0.7820309991367381,0.008526430784341343,0.3139977339077554,0.6378333560194169,-0.23086841922680068,0.2641624750919622,-0.20791740437192446,0.12867493410586972,-0.6202450302023337
2021-01-13,-0.43015035832510506,0.2924551305215805,0.44042618627494484,-0.33277426789623477,-0.309578977410661,0.10562511614423808,-0.18592808516970383,0.4057547079291718,-0.31156286046917125,0.17207922241259238,-0.13462000762183268,-0.15742129085719658,-0.05429304574464544,-0.33117558875139086,0.7972700437199722
2021-01-14,-0.29945174348587106,-0.2858581304644007,0.09987393279663481,0.3791290185693764,-0.021203747065993372,-0.651599622612423,-0.5180043742563492,0.02196994008198716,-0.010109152886151884,0.6863246268226948,0.13702643690923455,-0.1779719127500769,0.29269505048551187,-0.16110716019674975,0.4802235303127018
2021-01-15,0.1638179540357434,-0.2571663574892473,-0.2719576068829628,0.2905787910823461,0.027323555981532577,0.39326250062958523,-0.023710888965586596,0.054924051119528916,-0.05830515713401385,-0.10645272392392391,0.07708576612703377,0.04606644034697105,0.22569473356446823,0.09053648235619904,-0.6381677441439981
2021-01-19,0.33866159777634286,0.12551486286747437,0.36263848986892794,0.00287715746832784,0.03906085285185762,-0.40170545000340674,-0.8470576446420679,-0.1305201903151291,0.5573797267395579,0.12246881243168277,0.23038777032168134,-0.21456446195630013,-0.08977896457867818,-0.19319659522294225,0.05557401956525154
2021-01-20,-0.09575101192349078,-0.14702061079550882,0.3258798040733932,0.025437859135568064,0.018854361545041,0.21730530811297383,-0.48877151347316944,-0.04082833256558116,-0.0938666986340496,0.1513258993739643,0.03974745866584396,-0.0842839492858646,-0.15022360851943412,-0.12742188597301102,0.411864535244438
2021-01-21,0.4765528492257831,-0.04456923820503356,-0.27775738478667034,-0.5550809245163,-0.8206269350447681,0.9891715811599427,0.10601444104875712,0.21829302244124538,0.30689026392993946,0.10646116204164002,-0.045264604720698154,-0.41671127292694665,0.003901076431758743,-0.03394355057781673,0.018622831102795168
2021-01-22,0.0015567725025559254,-0.07499510405131427,-0.06715457741446337,-0.5905504228162926,0.08331241038274745,0.8608184415750078,-0.17351045394781633,0.24454834314093865,0.10747028623874948,0.1605138215956073,-0.333562128480351,0.17903318697746518,0.02269475566968672,0.050271153770239774,-0.4536687899510696
2021-01-25,-0.3176581253721905,0.3937985261708757,0.004304880604862615,-0.21500626192018135,0.538436599527924,-0.400416720780859,-0.3822725981636308,-0.23731065995994075,0.4056980845537675,0.41808129991587073,-0.0074978934022781885,-0.393351409666555,0.14076541819713945,0.10069830962812125,-0.061738198991238336
2021-01-26,0.20531945366156268,0.19022106565746677,0.048713769868683476,-0.03994616426268238,-0.003191659966768623,0.07648641163837921,0.12632353233197324,0.1500305956027046,-0.16061062546905636,-0.2191699947439537,0.22880465873755534,-0.44791618621473583,0.07980844330858439,-0.1365609547570451,-0.09821251193957381
2021-01-27,-0.5607493141488439,-0.2441758544670224,0.003064241123753253,0.8256998486460619,1.0815585072042555,-0.5367884636140309,-0.81703629171334,-0.6218140657366296,-0.30945236572221635,0.5009682672485332,0.4057644803396143,-0.6608157717786008,0.6347086993950757,0.24050562437310663,0.02723253041939655
2021-01-28,0.008935904873272726,-0.09479178272423402,-0.03401899408094275,-0.4601849396726658,-0.9224905780187381,0.6383482528682412,0.9888977286325246,-0.48020625734287936,0.12700948337065396,-0.16588879865706496,-0.26521622481510865,0.5058249111049926,-0.46534864928412734,0.5861826492645664,0.09024550693692102
2021-01-29,-0.028967655031782336,0.2512963668865884,-0.5185416621434078,-0.09939225822226683,-0.22579011049012143,-0.15584757468926713,0.08657229397241761,-0.30143457181479305,-0.052094708775085374,0.10664990088929649,-0.24807081129387787,0.4553459368462178,0.35233113498753243,0.3563086917143473,0.06413408956108979
2021-02-01,0.5285502248964087,0.10880976630659586,0.3882553002823017,-0.1282687476352137,-0.2192918168019727,0.0738231471228716,-0.03539716668990686,-0.17973399292629041,0.21680708890092576,-0.3408720428262623,-0.06706870190930128,-0.28898307252748606,0.08013169081505625,0.029536642941639803,-0.17708653892696152
2021-02-02,0.3927678904543745,-0.09812210261420048,-0.033505863720682844,-0.004338116860280274,-0.3225184547728609,-0.34341629774899496,-0.09878246661429547,-0.653555056903744,0.6878653117322587,-0.0360862128139864,-0.025108184811771128,-0.06255263789746307,0.013931223732250364,0.42064861353466476,0.1528123989429784
2021-02-03,-0.34012487619316123,0.1560691158711256,-0.46505307692025366,0.16297359143364543,0.7054888019724523,0.15449871483318156,-0.2256960788663973,0.25843020173266185,0.08953190959771806,-0.414451553010154,-0.2216825448848042,0.5873432977869613,-0.2827578106842944,-0.16950286542297643,-0.008570271537267082
2021-02-04,-0.3817564798872146,0.2536773265686291,-0.19280216429153266,-0.3278868848933486,0.3720790475369608,0.039103096673756416,0.08130316542045624,-0.41146591924065756,-0.1942904355666491,-0.14437669845482434,-0.11931388890253367,0.22950094037238822,-0.05910117765247319,0.5439539096587598,0.3276185423969491
2021-02-05,-0.028676072674316766,0.2555469187116477,0.006999594960226851,-0.35736235116760307,-0.3553203819478573,-0.376222323626714,-0.16835213352937953,0.08014775719059047,-0.07869897365829275,0.2054620414064345,-0.2194432004711852,0.1240197724187562,-0.03456200991322937,-0.06090190993389091,0.9908607463431398
2021-02-08,0.42631706282320403,0.04816192255717899,-0.4174255614194228,-0.5143401908418899,-0.2951858669800731,-0.19432304347041263,0.011187020453376606,0.5926602274844566,-0.2215985548006063,0.8256132937740681,0.37954064202964655,-0.3524791815164128,0.24622608795122436,-0.601192510791601,0.09653323920052648
2021-02-09,-0.34557573111003426,0.4785936805290501,0.17103449454725422,0.5258422681998626,-0.146159681257787,-0.34920967231348843,0.05046632102063919,-0.058838759450910216,-0.08897406679037462,-0.2770327284971048,-0.2923055491987487,0.34056806047375715,0.15252131312888753,-0.02244420215658549,-0.17333522746807084
2021-02-10,-0.19468539032798549,-0.4525563381414416,0.014523286121471135,0.36686311275353933,0.1668932927876119,-0.06242920523222456,0.14516005440581203,-0.1666809357140674,-0.17441926297958182,0.08087747714338084,0.2236143096820722,0.14321152967889045,0.026018321771288044,0.3055290289683985,-0.39472073327274815
2021-02-11,-0.10085591320401077,0.3301530040382594,0.17103680654925757,0.02830292006969659,0.19803063483607658,0.22447705295861398,-0.46358410627887314,0.30356056816363725,0.128128378466075,0.11057583389748404,0.24523231323040534,0.19853859279040093,-0.2565869812507964,-0.47615349218146463,-0.673792998762804
2021-02-12,-0.06231008144024652,-0.10560192628087056,-0.12020700416072785,0.19933409285397097,0.10868542412262566,-0.31244450326886897,0.48216892551794327,-0.34254522950595184,0.15118207089585958,-0.3399746860314398,-0.1475741960060269,-0.010634078738932795,0.010364291114806301,0.43271381858271407,0.06449306648782652
2021-02-16,0.6183935788478535,0.48934131376629875,0.014575761431117717,0.2416260451753185,-0.0744620147754177,-0.7653463599540231,0.11747737268209985,0.2918572078156582,0.09288043105224209,-0.05413091572510087,-0.15566779231341443,-0.4965583365237514,-0.04190741510852081,-0.4802386863047156,0.1580529577314641
2021-02-17,-0.07122002157021787,0.1797274476703149,0.9072641374049656,0.6197165147711137,-0.248883609736453,-0.18944322402759745,-0.1273253449963851,0.022408014526310166,-0.33906792107250155,-0.17606372390686406,-0.15606663212988142,-0.13838790730055828,-0.22627536472860332,-0.09623380395251258,-0.00040468585284991754
2021-02-18,0.1497805021522136,0.06827931818177779,0.3389400103118171,-0.28220332394072,-0.4226707227705365,0.07146944553343548,0.23583417758046488,0.29534079165672855,0.14496111543954093,0.06292310742896445,-0.01208229976533709,-0.38206549522362776,0.05574795552993961,-0.41614332162024437,0.09622353214873347
2021-02-19,0.0494915942534668,0.1227636266087948,-0.48216969952759003,-0.34946028434165644,0.07460062812163715,-0.1406435740526328,0.705210571729275,0.044589279432865725,0.19858510319251133,-0.5348215666645187,0.28316266884547936,0.30018920659731857,0.5444286700386531,-0.037641626423622676,-0.7315584057670841
2021-02-22,-0.036916000496759915,0.4376093091355737,0.1495777591538121,-0.7543207071557592,0.20717201025356946,-0.430786908162068,0.2086601391784222,0.10118530746424093,0.11991966294355572,-0.5328505968449512,-0.4385795661271594,0.6537457053698144,0.20915216335404263,-0.15682223985648247,0.25907385594857446
2021-02-23,0.2474364138471557,0.3298741845009996,-0.012033479928378443,-0.29209106035819743,0.042270663174939216,0.6751552170425011,-0.5458578332923715,-0.47784931152306803,0.07726817613251785,-1.017889512780334,0.2643361343879456,-0.1808944579198034,-0.012652467124814604,1.1485345138285923,-0.17661683200568018
2021-02-24,-0.291882391614814,0.34605474368106237,0.6714051167618791,-0.5272101616731756,0.5215668737321106,-0.5862801964956855,0.44296263395594315,0.5483572827290168,-0.6749003833624116,0.2403046438571188,-0.33953965901393723,0.6450744394545587,0.0794703638005726,-1.035012612252168,-0.11364731553383867
2021-02-25,0.29120211480499336,-0.04045289049993861,0.42705254405101023,-0.19001872607337345,0.21724802095133067,-0.5767177457252863,0.7546175270609196,-0.5957009442668564,-0.3433587206218114,-0.10335962561756973,-0.5559062734043365,-0.07125446620976783,0.6150755336451348,0.05600212003052163,0.08937520254649856
2021-02-26,0.10744586947155588,0.0016251187383378163,-0.08248106176638959,1.104990783218011,-1.3320712090648101,-0.0232916660757269,-0.07332406714404616,-0.5808481994054868,0.2639561849335206,0.6972266844184053,-0.27065293658650047,-0.34008430816322366,0.5004425390287123,0.2312893077245355,-0.24283030996937027
2021-03-01,-1.3085938955019634,-0.5229127076092441,0.2996155239321633,0.03384869157868131,-0.6541683902326898,0.5053220420173802,0.5250378209843676,0.18547123676426813,0.33134773879469404,-0.3204610652160448,0.35580758815390773,-0.04745008902183556,-0.1923691741547477,0.3842897162070129,0.5651258224861264
2021-03-02,0.49440048970122896,0.1501218621581954,0.5558811784817825,0.498126948918985,0.057185921872181134,-0.5235255296542949,-0.5691511790619794,0.15747552473586596,0.24703572975305838,0.5701244405169622,-0.8203155413655455,-0.4522718308798436,-0.368022430752746,0.07216270987340614,-0.17271341863487705
2021-03-03,-0.14397948844186392,0.41536552525965326,0.11654748665339704,-0.36763825488284846,0.6007159714951124,0.6852003041486079,-0.4541285680761875,0.15439908234839464,-0.5858601559111895,-0.012861566823763382,0.16544120641551868,-0.18185205194763576,-0.11362314875224719,-0.060915286177421625,-0.20189927826270462
2021-03-04,0.28088120256715077,0.3804211834488469,-0.23646056753941574,0.26106862593932556,1.0919095223201243,1.0180476148328825,-1.5348514647322768,0.8901894786984138,-0.3855138410199458,-0.03831364708280438,-0.07896188357037842,-0.9169490145241664,-0.9872135832236508,-0.44538976051764956,0.6774195008113205
2021-03-05,0.5909380646399351,0.1774207408610171,0.9154037179453813,0.5505983624422888,-0.051849985059525316,-0.6307282219105523,0.8473192345641871,0.04975995360045493,-0.9400617595702605,-0.874816507365828,-0.06766015638782785,-0.8388720251073787,0.10604398326728193,-0.1303326449530512,0.3095492678554146
2021-03-08,0.16987851692167183,0.2884107516058966,0.2633014840242176,-1.039056360168282,-0.20643161099356958,-0.13169679886471908,0.7865765512558093,0.7440862715038032,-0.28168959766859936,-0.8504396086221652,0.43285342321568626,0.6870732160672388,0.41199253085585924,-0.9130751632123062,-0.363439770929665
2021-03-09,-0.8557107543388796,0.39773217764635427,0.8694708388910699,-0.09409203572528169,0.7805334149404861,-0.3681888968448839,-0.35099039066443005,-0.5796658200574067,0.3444301913234886,0.06092707986096502,-0.32425706365665086,0.6477223682326739,-0.7532948139736144,-0.0674527000935552,0.13506464937629725
2021-03-10,-0.03310190639974858,0.15510913536317106,0.091505543796916,-0.1934278113388515,-0.8168245458534673,-0.3124919325870728,0.6310763061213176,0.10227095759714966,-0.16062920713865703,0.05937415416847419,-0.11216596298439985,-0.4500434284753232,0.4789030767733893,0.12239338331397098,0.46540782186728047
2021-03-11,-0.14037204157811742,0.03254970807142844,-0.3167142188747716,0.439528197974246,0.03263731588362637,0.578298518318825,-0.5826351964914712,0.2018872256624148,-0.11806911709817311,0.899018869874281,-0.47802635124004594,-0.660985698025192,0.6109010644030795,0.17832622500247075,-0.6333251666050284
2021-03-12,-0.36413716421794373,-0.2686299107887153,0.33123033669881596,0.14895307029267496,-0.10932856777336344,-0.4326542389278836,0.5257684266768249,0.3976138187783888,-0.33546231608117477,-0.0025403690792420996,0.37970370059789127,-0.41046288963819577,-0.27881746474633456,-0.05559817786397149,0.5208698021062778
2021-03-15,0.4452963294353506,-0.46192052605826844,-0.3676963108737828,0.5397624616604376,0.07333739391307298,0.6644913762287622,0.0870307518589522,0.2606477472620059,0.45393694108341365,-0.7370836939784635,-0.004412061209073226,0.3844039566790491,0.13832754212159348,-0.33495750931311097,-1.0584014746835961
2021-03-16,0.25536022501324396,0.1919560731588701,-0.13366763612020272,-0.2741159580036472,-0.16513935567589622,0.09985922668437064,-0.34241843886372747,-0.13014802591487662,0.04288962045932365,0.28599178347422494,-0.0964670382088686,-0.16387773120678983,0.12398190396795039,0.13167640290858795,0.14789891054949567
2021-03-17,0.09772777115087783,-0.22037596904101583,-0.14992675524417215,-0.02005069436204832,0.6697173600283263,-0.6069710274296057,0.41302472679625624,0.3780955291252103,-0.29876662328199755,0.4582130961370651,0.2003228107867076,-0.05361583233633832,-0.3037964645401073,-0.26267778261934216,-0.32330869215995345
2021-03-18,-0.035412872222360114,-0.2963099809330205,-0.028074696591273707,0.2519440857967854,0.36489153089747006,-0.6003435982227392,0.1970582068615241,0.05912800619757719,-0.3852863300607927,0.09753786003526654,0.39247839166894005,0.47777671567872093,-0.3480277744731497,0.00214420894632128,-0.1636958215212423
2021-03-19,0.24083832991818532,-0.7513238861281076,-0.6381600375874683,0.2816528967340713,0.29313830440140554,0.05904223394909065,-0.5779809193024417,0.3455232660386101,0.473607658370343,1.1416455871497784,0.22954438577008793,-0.40485906693743556,-0.36128410172657255,0.30988338690260964,-0.5530166759309251
2021-03-22,-0.32195181058361055,0.09951408282942842,-0.040662434405153935,-0.09025203348343391,-0.31385887956098657,-0.11789089191873825,-0.014348746163650783,-0.37314134458125225,0.2674226262449496,-0.08434548904859396,-0.05392631209608467,1.1113527925608513,-0.0022860695878683668,0.13055490780965953,-0.2447754659736292
2021-03-23,0.188791048580636,0.3172554176860376,0.31718318628374376,0.08177564014430638,1.1432213951098786,-0.3701012652305037,-0.2668433499398898,-0.23397568700083898,-0.07707540301753268,0.06508386707379643,-0.056392050994580556,-0.7122267775013517,-0.5525991727537607,0.16043345506797962,-0.09324263539340694
2021-03-24,-0.1824339994763065,0.08146701470336026,0.4180964369665895,0.10933784199780289,0.05876144600465372,0.2196873912187875,0.04417314936936445,0.25989911399557375,-0.5335270385133488,-0.37513516891726817,0.6217944367199932,0.07368982576897654,-0.2760445695077117,-0.19101616812785283,-0.31172302405671526
2021-03-25,-0.004926123704497298,0.15661009999862463,-0.014122967065758376,0.2016126010101457,-0.0422027869120814,0.023476906604812553,0.0032154027231146576,-0.19368797704982332,0.31260848037767397,-0.20596992002822212,0.04718022869102734,-0.14785103603430785,-0.036547561913212595,0.42089360518859986,-0.4995488321108688
2021-03-26,-0.07625135611782086,0.03696695952468887,0.33151578097323886,-0.19390306428466836,-0.28737800996823415,-0.11561365903928572,0.044563761982056915,-0.048641114124369667,0.023684226503860595,0.10579475680846984,0.33560333534407355,0.16302510557151195,-0.3854844940889882,-0.034100740489172665,0.056711932632701356
2021-03-29,-0.15170204153829292,-0.03137474176245125,0.4243983158671692,-0.32346650813278865,0.2576344015912755,0.14911815572125364,0.05882031732463211,0.35996261089256487,-0.45314973284588866,0.15505568151076254,-0.11967365053188739,-0.07306084577212102,-0.005524502811205978,-0.6612323257126591,0.3837102052978821
2021-03-30,-0.24766395110590864,-0.10582368245305823,-0.35344024734479523,0.14197029933991148,0.18784163001009668,0.02011220008782026,0.49092542877926515,0.3307820614548135,0.1381785691993316,0.2245549411026485,0.043208194213603446,-0.3394441796623977,0.0103563964370873,-0.1473596111736203,-0.3434968016370191
2021-03-31,0.426352847804007,-0.08324357014035622,-0.38512672780868046,0.06651655992157435,-0.07265156672500955,-0.17226549853189743,0.26626752715840885,0.19285370637354649,0.17591879611694572,-0.3195759882316315,-0.04754485937192443,0.1835806541084596,0.2068821352543348,0.11905980428590401,-0.5171176726056016
2021-04-01,-0.3195306185648692,-0.561139564421289,-0.7294014185824853,0.660485587424323,0.07233033730275096,1.2641092354603018,-0.5944803331341201,0.16679416884151207,0.5265749759789187,-0.8245996824849213,-0.36931397781505193,0.09794224973682242,0.7370510428964199,0.0011488980787401903,0.055577879624396864
2021-04-05,-0.02209278731959219,-0.1075057320200552,0.2313822223221934,0.10383630842621439,-0.4979474001085028,-0.35953503626070016,0.5994765166820379,-0.2032389743014935,-0.5574235167786785,-0.3629276424128647,0.17345325271433354,0.4282922157583474,0.22263574567101474,0.18828420424312908,0.1661275957762497
2021-04-06,0.3583921727669759,0.23846500165572296,-0.43033735941245116,0.31660757843341336,0.25366258827154287,-0.2884685208740703,-0.12382780307947755,0.17549765383984345,-0.03679794526111929,-0.031110094216577677,-0.24919956964808054,-0.20762133650545003,0.16648861274667281,0.0025193489573281935,-0.15309430609504415
2021-04-07,0.2906053925018127,-0.35891348229344155,0.09611675169484743,-0.3157245981570749,0.05808756015576061,0.18412236931381798,0.14228854763403828,0.11140472726950568,0.2985095632501481,-0.09575725704246799,-0.4031290743868883,-0.3185120435789411,0.29177607468748956,0.2577013087973927,-0.16156909046683848
2021-04-08,-0.15313478966132887,-0.27744542176038356,-0.0022240883941154754,0.1735700774591029,0.16221397840007,-0.1654853220944567,0.38150317042853277,0.2852547443667322,0.08198095429775032,-0.06839339170117897,-0.06186885758947558,0.12791235567692594,-0.09193788175634887,-0.4859137962370622,0.08760378479001729
2021-04-09,-0.09262931856977846,0.29570221463585605,0.2523029114642419,-0.1604482200880918,0.15242125112503307,-0.013017850945480969,-0.09805466961872156,-0.6473178817934037,-0.1528002462508154,0.12270061156003623,0.7094828955600252,-0.0974467346293883,-0.6422068670062832,0.1194082901816167,0.15614735541227526
2021-04-12,0.27628245297673987,0.06303114111167973,-0.1904554860798442,0.03738648777569753,-0.281653474130774,-0.27264294004304523,0.22049095144580272,0.24446493457249874,-0.06432912553087433,-0.06342035758487219,-0.13442929791797875,0.009971143431511564,0.16303794005361427,-0.05815009811468791,0.04182600242454598
2021-04-13,0.11400683714124869,-0.09427921962056622,0.1769534008089632,-0.2536492758531383,0.05277405376347636,0.5716577716044933,-0.46261117881610403,-0.1793585334905282,0.259488880421086,0.05245935172771284,0.01101825989004418,-0.6961432631370915,-0.03154477594555369,0.4952429682075853,0.03864017611094287
2021-04-14,-0.2862831012578362,0.10362857838756523,-0.02366579781061473,-0.4230526397459502,0.46715775890264666,-0.07963175555911528,0.3376290357050866,-0.029657568401125323,-0.1867665287881135,-0.15552226514061895,-0.046253956452702916,0.6994777221715667,0.014299222657824462,-0.5890753553083866,0.1349096025631169
2021-04-15,0.511256908912577,-0.18721029416860158,-0.17020301882625882,0.3660708524852284,-0.14399381301511555,0.04235553760081423,-0.4443459545312705,0.13835073795439046,0.33659745363097315,-0.13652587534796212,0.1418216023388844,-0.5682735721296355,-0.16388671540250405,0.32622232914844684,-0.01770320838823697
2021-04-16,0.15606128683334847,-0.14504691908083556,-0.07428888027246616,-0.22568923683049918,-0.434913828635876,0.18740536880968794,-0.010517914748777057,0.03267550208231562,0.3025689167352149,-0.04578289893575399,-0.2881741890432574,0.08899388082478288,0.23624494550079606,0.16825185743139648,0.08854694092037119
2021-04-19,0.3317621733643742,-0.17819653177855582,0.36693456176452566,0.1118126896660489,0.222058284736518,-0.4393636733538818,-0.12504935183773522,0.04270442277299269,-0.3705026860004377,0.16160056563605749,0.15212692187531413,0.20526389872685702,-0.23174828296334893,-0.14718202094211763,-0.14328684186920332
2021-04-20,0.10158669090882233,-0.33841586329741125,0.14914478955284283,0.015448926313183398,-0.044717977860208036,0.2155753382123753,-0.05204944736871919,0.3823083429309466,0.13551752940042183,0.12130103001396098,-0.141629473430382,-0.615876833054747,0.011236282608882098,-0.11243990629530276,0.20591114437659752
2021-04-21,-0.1631513077673709,0.5634764923808788,0.17021242735083342,-0.13080207824194645,-0.3218455171519513,-0.03368967679262877,-1.7059048859497583,-0.05105158249677261,0.36387302599070037,0.9727551216814154,0.22968647039834456,0.18949977082132602,0.07226848750820714,-0.22245862349811796,-0.040665902352258865
2021-04-22,0.7568915242944018,-0.05431164595203686,-0.3470752497717525,-0.3793795342858382,0.15330656386757852,-0.1732939960274858,0.6550594264855175,-0.0735312799030563,-0.23273695847092657,-0.28553620851337796,-0.09415426913070091,-0.2152333667071864,0.08724615873495356,0.227001299558647,0.0017800371593129638
2021-04-23,0.513249914889816,-0.36929079522734704,-0.34521021415900577,0.33628921231793785,-0.3912323392539587,-0.01102833067709938,-0.660834311222045,0.46836512050414514,0.12462498068440442,0.23410537052351071,0.20639645990016509,0.22102436204962272,0.27234323611127365,-0.022257341160739297,-0.4864129102257154
2021-04-26,0.20904885864687073,-0.04919448596422121,-0.4146043611493516,0.09828853524248043,-0.24656926576523883,-0.11733977587841093,0.3529859923868478,-0.04778823655730946,-0.06941681647241064,-0.20988623867887052,-0.18424931295050673,0.6200716545999281,0.07880979840019696,0.4653445779629159,-0.3827542614264508
2021-04-27,0.1306039359902859,0.3503516339729096,0.18366377879838286,-0.037873941174289605,0.39308907226163287,0.22343560908224508,-0.6376807352824849,-0.027620655566985258,-0.0442461670815098,-0.17547540656098867,0.41756459003607116,-0.6861457805756337,0.07868855622502302,-0.385143359221457,0.11266610998365156
2021-04-28,0.2261732171518751,-0.35126565480489,0.07975503327587097,0.9500208862986996,-0.28120383930152637,-0.3403114999393748,0.03219882373693239,0.16492569549007596,-0.07166480707772815,-0.6279217384991351,-0.11182747229035228,0.2834540608785534,0.0792723906596442,0.11123756986944366,-0.0774887851456505
2021-04-29,0.0683823797518251,-0.3156259249532067,0.49993093109498943,-0.13695023036450646,0.055970022399574826,0.07055609855307943,0.13682284276758022,-0.13160297966776055,-0.060153900269450944,-0.35091956222807824,0.013235799248539959,0.3011821778435983,-0.2719159929636146,-0.11132555706052558,0.21378915781480884
2021-04-30,0.22762212082004019,-0.4822896093995217,-1.4823433525556744,0.12150477726158093,0.12075789519716995,0.2457806536870507,-0.3625755708193632,0.08554697866635019,0.5097148951354898,0.5071971309912702,0.7492453910331335,-0.10248380915659405,0.19174129550966812,0.29163716349809576,-0.5137254129535311
2021-05-03,-0.25364204822082453,0.004905471990293453,0.03235265299772894,-0.47510753629910407,0.15546632817059702,0.10810353806924644,0.7973090698268019,-0.30459102778992386,-0.500265794511739,-0.08241102290791114,-0.13709372169937284,0.45616541190137094,0.059727500733223415,0.20037906318197352,-0.0016418923139824848
2021-05-04,-0.008911993851107691,0.06597730706665433,0.3665120490961865,0.11062927221942503,0.009886640487888454,-1.05654688945983,0.6973983948150144,-0.019416213612233224,3.7897206938586336e-05,0.07638286721208787,-0.6101062134047148,0.4112121811814541,-0.3811531382372971,-0.14534306593299173,0.4286463884791754
2021-05-05,-0.6769871559217022,0.5050998028459532,0.014396592188466784,0.7300696916598424,-0.7067221155683229,-0.16700797244736987,-0.027867002614985426,0.08379879093093456,0.2805191068910966,-0.33459244188917525,-0.37150007073578095,1.1588546132628723,-0.6351380658384272,0.19668675246193068,-0.05719222770761778
2021-05-06,0.514437870334941,0.018054509716784024,-0.28764329661036014,-0.02336812632812628,-0.0369731374022535,-0.2643821748637878,0.0800640593221434,0.2011136505942283,-0.2038668454743319,-0.4056378118301702,0.045474821806829546,0.31465657893153987,-0.1978134112219275,-0.03639299945211798,0.24629783919666198
2021-05-07,-0.8239269503709945,0.1402967747559375,-0.1762319539850039,0.0912475126474237,1.5231565203939326,-0.4653548083759679,0.5870442228139455,-0.2560679818017922,-0.3074125920327715,-0.22798478918107257,-0.3630517347056261,0.8350871527783461,-0.46484820121084514,0.022598780885361713,-0.13502000977122208
2021-05-10,0.6163895985597484,0.13923538596719034,-0.1555205081032221,-0.09627572992636207,0.336402067653479,-0.4144300668902549,0.2679618903365587,0.6329589791257042,-0.20844025190601984,-0.5419378002660318,-0.19160062912431264,-0.04197453221889369,-0.1604194174228058,-0.35452848668062414,0.09707144902964329
2021-05-11,0.05548157418809985,0.162684405718742,-0.6852092830625973,0.6286469208257367,-0.042449507088069494,-0.01715818767029864,0.9076911576645013,-0.27336160233409956,-0.06194337916238357,-1.0210129352271784,-0.1066658680326209,0.5600480683287515,-0.04607371122378856,0.7589927324642842,-0.6493948528074525
2021-05-12,0.0022921473905538198,-0.33216575913932145,-0.16881673318427393,-0.32674226632185566,-0.14749926949718573,0.17589418640812396,-0.6676260172873234,0.5767455359352069,-0.24789807730116575,0.651395041928323,0.38465292114577543,0.551897667187207,0.1753389937248373,-0.5734837998132941,-0.06993834586057078
2021-05-13,0.06593176704240444,0.07707723088461227,0.1327885742754158,0.012815783564481764,-0.049130390702022964,-0.04975722870032584,0.35642080195327075,-0.18827572695620182,0.30119837604164773,-0.4674778127957364,-0.17040951681802896,0.26388860575819784,-0.44608438907328796,0.2111269286153999,-0.05872301169687277
2021-05-14,0.13005079309212997,0.1086001020953784,-7.428806085263417e-05,0.6066358640031444,-0.17951143928398916,-0.39109472190926287,-0.41896851707080207,-0.14889634178568378,-0.4538024819982608,0.31750444121120314,0.4044582804824801,-0.22892511968466844,0.3333327194158666,0.25683904034228755,-0.2987258513558453
2021-05-17,-0.2408048374387307,0.19941828203944467,-0.2489237995770408,-0.07521808040251132,-0.3656161123179903,-0.4762604464301618,0.41502355717319106,0.002789012901639909,0.19886267017198878,0.520432061044793,-0.32784884665651937,0.5417786554294473,-0.472056170206841,0.26427511451655405,0.06917533666707254
2021-05-18,0.11690854721174526,0.21210372292689827,-0.8592798021141062,-0.4696502591133035,-0.21429240773420133,0.4427874685656221,0.31273547893560727,0.27487476995189625,0.4924084355951226,0.26192943398445967,0.07467246616390866,-0.1662061106231303,0.173245301194054,-0.005015815451547501,-0.5663455961607129
2021-05-19,-0.1033841840856442,-0.08935093716073572,-0.5424169598366047,-0.17877626615889253,-0.07079168609876518,0.17787630650413355,0.006484362039042901,-0.022556497808994158,0.4007544800985935,0.22764927350658026,0.6222949023618509,-0.14921311166271023,-0.013112677644001813,-0.142933402939302,-0.13079006598730736
2021-05-20,0.005242475576010541,-0.010830987613001358,0.27203932108926476,0.2440126318668411,-0.15625900358851305,-0.2686484169481311,0.11572374868978746,0.1625064141111714,0.0441657296050601,0.17883432880297065,-0.32605864991687794,-0.11671980644743385,-0.03425337170601439,0.06918595310995312,-0.15376852163554838
2021-05-21,0.261708447284981,0.07411387918779835,0.18524613703256948,-0.05211263774653277,-0.23839048084233327,-0.1567810045664728,-0.08710691041970318,-0.038299235330942566,-0.15717155844140968,0.1578827520398272,-0.006297513516537274,0.00011005857636885163,-0.04010396185580181,0.13883400236099086,-0.04107852781906223
2021-05-24,-0.32072707314380944,-0.08051252023343142,0.4031709906081713,0.37925632288297234,-0.3569448378395235,0.07310030563830489,-0.3259700707606383,-0.1885290166543026,0.561241788973996,0.10025407645585413,0.29069217674977615,-0.7774305591780546,0.1427671435739698,-0.14705335509875078,0.15151314586909687
2021-05-25,-0.5651009801814377,-0.00882450201277607,-0.08727092308639983,0.4224786694557817,0.3261834589509752,0.016583342768048737,-0.29779035257058384,0.13933608181863044,0.36361034485122656,-0.09017835446989864,-0.24178158980840814,0.15351318393927016,0.3294647842469255,-0.28656107167553935,-0.19620569770854246
2021-05-26,0.016734009915343906,-0.20017731688983548,-0.30633642901296526,-0.1509739554591346,-0.17507397489144083,0.23493697380987155,-0.06210299538021036,-0.7328572554573984,0.3709813554760683,0.22413291002194258,-0.19024464869239932,-0.2120870231465654,0.5931520109512507,0.4620897238715159,0.18249845814901028
2021-05-27,0.16988962407116065,-0.1952597407721679,-0.8545443010777968,-0.10049923632284719,-0.08820425625200665,0.028487950003311002,0.2930714557485903,-0.729302179688167,0.2808588212894244,0.6235632496764907,0.47985339945093586,-0.471740902165133,0.7627488557264124,0.5295494263804046,-0.5952672188726446
2021-05-28,-0.05863571333015647,0.12913419479037316,0.4515755739630983,-0.18920476940716707,-0.12949317211162995,0.23702537398140036,-0.06498487065540023,0.017802831447170504,0.2781393928866681,-0.0800814880983443,-0.09808473026011158,-0.052267878598381376,-0.18702819033163642,-0.05715901476014158,-0.21486024371229626
2021-06-01,0.29332362914838894,-0.387933104565485,0.05780986766994012,1.3539979898388252,-0.6532485327070872,-0.7350409502698132,-0.1792524193818359,-0.44532168568852715,-0.9701469106887507,0.21290269757140434,0.25102133541881977,0.5388596846120632,-0.2289768746282712,0.9667751448437993,0.037938911360856364
2021-06-02,0.11254938393718295,-0.4307953586808395,-0.49539745316436357,0.08057423326633556,-0.06228965041044146,-0.16227624797925796,0.08925662121739486,0.08162157470390485,-0.6892534676738983,0.5239327851637232,0.189252335419704,1.5867205252321592,-0.5254360634989055,0.5578109485378222,-0.6367911198965814
2021-06-03,-0.4131096182897463,0.05765542186953859,-0.6619540635915484,0.017232448386627353,0.23095600118778092,0.1373213484433193,-0.0717232359247495,-0.2792483085671879,0.41188071644685065,0.13232544651833883,-0.15538765475948363,0.38156919281538826,-0.25642557183922043,0.583909423457877,-0.05578736900939274
2021-06-04,0.13447185732582978,0.08345564082429527,0.24093974681980146,0.34380521219270227,0.04091461000589755,-0.25246622806845354,-0.12097549324174407,-0.5908030323116387,-0.07367204169478472,-0.23216184355442476,0.8837484288814159,-0.37147112608606925,-0.4148797321660065,0.29323827417247056,-0.03995992046039898
2021-06-07,0.1833934958848319,0.27032216923121555,-0.08389289215790507,-0.5049738107816422,0.07937897686239931,0.523583769504993,-0.12545246790008768,-0.1694574676326915,-0.5176352678843585,0.07920715860632793,0.4516445111035432,-0.1860387536352206,-0.4869579024888895,0.6572354665162968,-0.12366185502812982
2021-06-08,-0.6086182482071891,0.2701975136093896,0.4272678807659814,-0.41995553206506264,-0.11837741454974689,0.5452863741047562,0.047425216861663816,-0.23161790528765674,0.26831682753127084,-0.23754305108585888,-0.17319426353227765,-0.17294960860495082,-0.026683811737518465,-0.4769900738494797,0.7819842472105214
2021-06-09,0.24885755215401595,-0.132052095393344,-0.2784765060289141,-0.36289067220631543,-0.3392231926275543,0.26096258250694243,0.06885366795074388,0.027929758410571062,-0.05784967399531843,-0.1581842787174177,0.26776088567087064,0.05519445322849453,-0.27873572505334415,-0.17943050570636443,0.8056763474785644
2021-06-10,0.12987920064290853,0.5717253658353516,0.43638254529594295,-0.2032534869489589,0.3165011235120958,-0.09028898115550466,-0.26825295908696883,0.33805628800743603,-0.21129399828535506,0.29248640674919124,-0.5326641617515563,-0.745972073166991,0.019639803355978154,-0.3594427460640848,0.1962280110329795
2021-06-11,-0.014441943420629003,-0.04559829567701856,-0.09941373179465887,0.18439485028358168,-0.407525948586516,0.24104114005377938,0.17183753329684273,0.46483685189562085,0.0012935332005058475,0.19222224515539615,-0.10795275803189258,-0.14289929972895238,0.03128128416337145,0.019077514452980157,-0.4052556849935943
2021-06-14,-0.03658108789612724,0.6348459816839765,0.4532631493715453,-0.07542539220680083,0.3620029813684383,-0.41727791891560034,-0.07665342021483468,-0.5577365235589251,-0.3472231937427088,-0.009541875312736613,0.2204467088314653,-0.4590766945468967,0.003882657955696922,0.0019676480755213,0.1635783278063591
2021-06-15,-0.2903057642855057,-0.19754099901280275,0.7085350783591866,-0.31815325201389477,-0.5061153441985062,0.6900957433064832,0.2510591977234231,0.07685915914754538,-0.2274107455925643,0.10614780638884957,-0.3742355613635163,-0.710625702439642,-0.5542693367110212,-0.025447272380628938,1.3025804516040167
2021-06-16,-0.354796961640807,0.27981009954396086,0.1927574457354303,-0.6332095156300822,-0.09101972906986677,-0.3313261773625601,0.102622399255517,0.01780970721988162,-0.08668759538373916,1.3627938358282214,-0.3482346168185505,0.046752824717213926,-0.22603900060180002,-0.11573013157923773,0.12777324271830415
2021-06-17,-0.2725895745722562,0.4136263489925507,0.606581345764728,0.14976592439141378,0.24318602463911732,0.4104906636154262,-0.6813699303219376,-0.39357410429034045,-0.33333759994196654,-0.5376410425782061,-0.3836604963261778,0.18874337089694482,0.248405056378312,0.16387475931010953,0.09427236221897983
2021-06-18,-0.01276477003484211,0.28218765426464976,-0.3930920400527085,-0.3688640778357639,0.2745356914107735,0.06010780436338692,-0.3431862183709431,0.01885076692443244,-0.5007744576631696,0.343673178551857,0.4609076340017,0.11640804250892,-0.0744495155132936,0.012225403251068911,0.10958534830385558
2021-06-21,0.10279482363012171,-0.043440210119269906,-0.41469885419405794,-0.15612342510439237,0.5064620919252243,-0.06279922571477403,0.4557988814787719,0.33981209688898995,0.040344157346028364,-0.3865493229222148,-0.13647607287909214,-0.1490638931205419,0.5647843762057767,-0.3391737612584511,-0.263549525272075
2021-06-22,-0.3689572880490587,0.09686884005053692,0.018234388752260647,-0.15655889702949588,0.07699779751457753,-0.3178336614603109,0.28643533029896073,-0.3653532371964715,-0.2159549769066183,0.24768742251000506,-0.08490085804986336,-0.23669920146582982,-0.07914751483304994,0.14356803156683862,0.8854541413954451
2021-06-23,-0.40297665119902326,-0.20456086153587658,-0.024504958955863326,0.20412248140532446,0.20839802648850841,-0.24243564509718335,-0.15754024694769642,-0.23765385984790777,0.055684672778322446,0.6146855480364021,0.17772390940051108,-0.2989434316129642,-0.2413359317402263,0.2448052257721664,0.30484350929830667
2021-06-24,-0.0017930122945319371,-0.09580568667435002,0.05395047408180054,0.1026063736070435,-0.2711274618042035,0.19959811407630962,0.094087484235293,0.3209181096553613,0.08671530054934429,0.1167351979114376,0.24988282618683177,-0.051472499742891975,-0.21338100899938212,-0.14893406477391238,-0.39233889622370843
2021-06-25,-0.43201737516520733,-0.3623408030803662,0.016602314468141213,-0.3892869660617077,0.43595713301684225,0.2170581457614001,0.02881982632740318,0.2596492487033077,-0.07325992403305226,0.6604174184317967,0.021270711060698014,-0.10862160677078933,-0.06763623334896615,0.04871873014858438,-0.15681065199523905
2021-06-28,-0.12272216003558589,0.5529168990912494,0.1572946539563591,0.053016031095026284,-0.5538799183935206,0.12450046774321488,-0.524286855304892,0.40034921237865273,0.08995375730212629,0.14474784882666958,-0.6027765506230174,0.23589061247274756,-0.3116855707725752,-0.2109595135760738,0.5024582950662695
2021-06-29,0.1443502694910197,-0.18291971143739,0.2960353986975143,-0.32805766107570555,-0.1089235592729268,0.08100783447847565,0.1719384747469718,-0.0795563157855872,-0.14857505940887067,0.17150602229604295,0.15669654516880188,0.10285797230207122,-0.1915271557527793,0.029391414287535,-0.09279867751147569
2021-06-30,0.14955455145977203,0.7652594897950808,-0.03754314054376939,0.47934044429887346,-0.341395154473817,0.018834274310477295,-0.03209019888682474,0.3635860904089636,-0.2953415601916904,-0.33227299206575867,-0.03661828072083395,-0.7248046030695664,0.3470017565749941,-0.08291907753451011,-0.25472214282517114
2021-07-01,-0.8479314073230078,0.41942587063873416,0.1978775940032389,-0.565676344073439,0.018369534033209733,0.8393361428823318,0.07004786884328285,0.2605836821434095,0.2827974718557473,0.3641389590516888,0.18989042794701882,0.21078249203084976,-0.6458507334203809,0.045930644966882594,-0.77171721248076
2021-07-02,-0.23593969165603113,0.10917542213943293,-0.08562715746228437,-0.2841962468175656,0.2014898189183851,-0.006648530387897589,0.270395448770667,0.10464219202892017,-0.488850798976352,0.20802546642558845,0.3586920048712225,-0.1604159615567315,0.008814326986032989,0.04695305054188692,-0.012857724402800474
2021-07-06,0.3967545179954388,0.04602055866554222,0.6270032340450118,0.2615065481802692,0.7253592711310317,-0.6734811407657904,-0.8918223804946683,0.522109371068252,-0.4255167794565937,0.11086430710339545,-0.1369683207668575,-0.15927615530399652,-0.04510937382745306,-0.6562074037275794,0.2038417461606068
2021-07-07,0.09574171496106976,0.0007127599978178356,0.44578366596610064,0.43730741795546896,-0.43471268226323334,-0.3493994626479142,-0.2516222433861868,-0.04300133537705997,-0.060065573129068905,0.07247673291402545,-0.017517081361505094,0.265800129492635,-0.25369723940700006,-0.059074838115891426,0.10851329371724039
2021-07-08,-0.11862602147490864,0.3705936147384215,0.4262293888885952,0.03219367659846478,-0.5966672098208017,-0.09969689120325423,0.03953694512075749,-0.045596625901365706,0.19506169670769324,0.2789846599050386,-0.3211573961654418,0.0015192136046791593,-0.4271162790723121,0.10628652647677239,0.12334884723877254
2021-07-09,0.010446314251685296,-0.34756543440721777,-0.27310155637288314,0.10010876429298987,0.29031566944628306,-0.03697796399216585,0.3769606149252944,0.2847357695662991,0.0021208681934778983,0.03125675521107907,-0.011130461446969608,-0.32069168836836304,0.23566910140465702,-0.242001978587864,-0.05386363981356623
2021-07-12,-0.23260253328463643,-0.19080626919322216,0.42343421460302394,-0.008334865658180174,0.42116746996626375,-0.004925420131903412,0.20879547088290124,-0.16244617495322322,-0.11309818653636683,-0.38330886186561286,0.10138991937184746,0.1565492896668587,-0.10200877799042829,-0.2597655353364925,0.08997947130518452
2021-07-13,-0.20786340734169106,0.03349152611598272,0.4453242821621617,0.3429578788805339,0.05130027119500885,-0.06412691822896903,-0.17508737103247013,0.026303236848530753,-0.322864568168454,-0.018668794979107357,0.20656563886286727,-0.30427592660788294,-0.11766775226015302,-0.07909221459122384,0.16327037923888615
2021-07-14,-0.1395437127352137,0.3591768062877001,0.6038923408168544,-0.1858662596141063,0.16738256648588634,-0.42912036626353545,0.5909686837121959,-0.07446813814360453,-0.6752209833171487,-0.5288226607574575,-0.11715189042082264,0.3750612507308333,0.028152191432335494,-0.5779976909520299,0.4713079307703478
2021-07-15,-0.05015709438220517,0.35529976375104033,0.33092298938756826,0.1487932256153881,-0.20135440522126768,-0.1434725125037657,-0.4487466238155722,0.0034516410649149676,-0.35215771713729105,0.2941794953773611,-0.20774344059871241,-0.2480635591960011,0.09710955959138279,0.2244930602382968,0.1992275679839416
2021-07-16,0.3550602815852536,-0.05655015063646207,-0.2867161350042866,0.07670995695709881,-0.07811069234619361,-0.12905565673777186,-0.032498769025593344,0.03361274492258992,0.3332693386524801,0.012039613020690787,-0.2337619311253032,0.004645573399715941,0.2747236692878716,-0.02984523140051376,-0.24069475409920726
2021-07-19,0.1660565389657871,0.22837377039781948,0.3792861300202739,0.3005180647420105,-0.3403872511963779,-0.8201399055251402,0.2735649512702627,-0.02160245862376753,-0.42820165983562797,0.3682264357604943,-0.3360370798801253,0.05437875363658251,0.3145591121902056,-0.14263171355681958,-0.019642053829700856
2021-07-20,-0.07129124743587523,-0.16878390132029253,-0.3486062889460571,-0.32320884421802376,-0.18900679444625945,0.25998933668899743,0.560706086690707,0.14747177949490542,0.6624485845336298,0.14904338673718914,-0.26614187833983866,-0.056136764271711215,-0.11907105369673121,-0.09969754921383422,-0.11152705869526025
2021-07-21,0.010784374552963882,0.33145375961983836,0.3464979513177875,-0.35967092797768196,-0.020327985460125042,0.19536290685149615,-0.06813856034870858,0.2903554160996631,0.26030275599385866,-0.018651905569387228,-0.22182300705678992,0.0908008298151537,-0.42574221996191697,-0.37298593450912976,-0.06722205194177344
2021-07-22,0.007909159471921445,0.14899448948724942,0.15658693692734782,-0.28904475214726,0.1333123737127181,-0.1660429450328006,0.05253127645302769,-0.661752788370662,0.1101164596095,0.07872344152816702,-0.07217743952744471,-0.08042933499152305,-0.013483023943744343,0.5665547531533861,-0.01641321778175764
2021-07-23,0.3641998327974435,-0.46518279059206086,0.17905098142076528,0.05968234541982498,-0.2180399238012607,0.1499135189523278,-0.5504166077932124,-0.149087070791398,0.09960871687932152,-0.29003746716325973,-0.08372323165607062,0.7667826172986778,0.08160356257125287,0.02982605151561668,0.045714179820305664
2021-07-26,0.10364138348680108,0.02121530540478589,0.011299129361005189,0.2398794506359614,-0.29561962907299233,0.07565821797884742,-0.2404507989381166,0.21201239773761404,-0.09707381106675106,-0.17287287063313828,0.11343572406423585,0.053088836396046,0.015678584339901436,-0.15308547700473896,0.1262041114634913
2021-07-27,0.2940294904490095,0.09157012810466014,0.10827313368473374,0.09540535597997624,-0.06030281399471327,0.0020275772774458467,0.3446552885641504,0.03580966172745215,-0.1450839254750396,-0.4305352457011461,0.22176505715076336,0.10943131463623534,0.00037869740375116867,-0.409214450624631,-0.3061060177370758
2021-07-28,0.41307552546191656,-0.23498944839357164,-0.1896877576156561,0.20244601455366928,-0.04230181223499263,-0.1790156133193534,0.29959336310945933,-0.08702733859520914,0.3381155659671442,-0.1001303374567315,-0.24841267239894232,-0.2852293451128605,0.3740107622756955,-0.014826280958959593,-0.25789125472420527
2021-07-29,-0.06504375616213598,-0.02305074274900379,0.5060268364358924,0.03245100710684458,-0.06757997031771462,-0.011555391033618002,-0.07525452655074125,-0.10639810813153705,0.2601856816608279,-0.14312961824944373,-0.5665832176324905,0.041359836540034944,-0.05711393585993474,-0.10055838228042036,0.344608639666458
2021-07-30,0.32891145432109925,0.009978874672551541,0.31756992354117825,-0.01427989202630675,0.5272163511572439,-0.27189401243941114,-0.10030168441227305,-0.0748519728725413,0.07870193423308602,-0.08365673122918982,-0.10344059635337488,-0.12214704004837174,0.2152263182633244,-0.20131425365443523,-0.5283377741020162
2021-08-02,-0.2861931839813412,-0.13373103577467937,0.21322395173364977,0.15038921742028155,-0.0786535854765209,0.2758337601425106,-0.46415344473427655,0.1102438471156092,-0.45858859150301823,0.02985616187108503,0.3064271809102258,0.03314475724391125,-0.17042315488638585,0.19406958126126506,0.3336334850653474
2021-08-03,0.008109002221945438,0.060347401958450564,-0.542510801904323,0.11472946124164052,0.4674228045644152,0.5643736652234026,-0.45429970750152665,-0.05816218860805378,0.3233074424221045,-0.4701617110438322,0.38348625928246816,-0.3256756214688257,0.3539003677988892,0.16081676132656547,-0.559006026881452
2021-08-04,-0.28454966030185136,0.0774515837753893,0.4661835658233182,0.03912303150231056,-0.28100986553929275,-0.22105839798864624,-0.6999529095949117,0.10888646494005538,0.3763335835947299,0.7229433813325457,-0.6354204275460944,-0.1709275949177289,-0.2854182949784043,0.35197785680058147,0.48410090291994234
2021-08-05,-0.2393848565058272,0.008159087984226043,-0.24713956874201493,0.7998702348782183,-0.5365825142882198,0.36089714198752887,-0.11349038436167569,-0.6815207251426478,1.3140492273481308,-0.6716064904409393,0.22228093715895203,-0.26083668522439496,0.04322439750250462,0.5099798930470496,-0.5580342158371869
2021-08-06,0.16414115424253622,-0.0002645350957853898,-0.058954206718199675,0.1098546897502527,-0.24332575645725954,-0.32532589234113746,0.6094974920717687,-0.05147878056707195,0.25392183509425326,-0.16449223154845294,-0.24870263154684524,0.26455723881490845,-0.12807263846954176,-0.4209970375107395,0.18581736965234907
2021-08-09,0.1493934733362261,-0.15319063035586822,-0.4862677860691551,0.45428724786441504,-0.0867966116559582,-0.3641203231264061,0.17760000902395956,0.1648592638754145,0.3059665673556278,-0.07971397921007761,-0.07348454300654172,0.1274598854948139,0.11468946756542098,-0.2543362732130544,0.007939261919553409
2021-08-10,1.224706309231092,-0.04993232466215769,0.36591549641773136,0.21071282662233148,-1.2025566981199864,-0.5168756871940208,0.19376446319678897,-0.09472747645114232,0.34985010512852466,-0.17753465469152263,-0.024043544991182664,-0.20880692559988645,-0.1512093756850421,-0.1065985776511067,0.14913583293887633
2021-08-11,-0.16781739482295582,0.09237511609187848,0.14306059855609654,-0.2043107442059096,0.052198412763897195,-0.005393414713507627,0.42246536724441625,-0.0037440229402571634,0.2468938719153731,0.045280094542329286,-0.17965301560486124,0.3862479557558421,-0.29665744499107416,-0.3460160910890422,-0.21994220154928265
2021-08-12,-0.4238525664494421,-0.1469207530873337,-0.15663139760708902,0.5355736153281658,0.28150056903767146,0.12961454058062055,-0.2855692496809207,0.23869634857869615,0.27128630814470334,0.017206643895597062,-0.03822735367764764,-0.5200997536806121,0.18095807815241516,0.102042424393533,-0.1329809378511671
2021-08-13,-0.6912503498173661,-0.09415228358517536,0.12706323300326766,0.5847125344390299,-0.2172439574963424,-0.3767388161244447,0.24204422591047248,-0.30804258316314853,0.13816115459593886,-0.03960268466811545,0.24859351329378324,0.5159990613358048,-0.11897011929477774,-0.11716661979139126,0.09169985348041754
2021-08-16,-0.21403569753010276,0.0028497245853815745,0.24742397295856067,0.09228393937297108,-0.2202710253753617,-0.13843548977802667,0.15668770734944149,-0.28698097284283586,0.26784459490605605,-0.04988883490503282,-0.180861869317,0.20853358328973282,-0.0668912645192794,0.03531519312503395,0.11853869490133861
2021-08-17,0.010716370175943846,0.22050089014488589,0.4423653290285625,0.038793787374194755,0.6189988756186315,0.07949521114267089,-0.3511663895058409,-0.40472296863750745,-0.12101708741972039,-0.5526319941690352,-0.004343191713754191,-0.25271786467775276,-0.08306896459018909,0.1576380861054566,0.13145212995217714
2021-08-18,0.34029990725871134,0.03220221019319225,-0.6423324323384767,-0.2566081103594975,0.6285572728748501,-0.44236411805096665,0.5402819156025449,-0.3597853073268784,0.1964966718985851,-0.3653872945654465,-0.12770644049312152,0.5853006154347555,0.11774180107774068,-0.09531306622537294,-0.2184883438584304
2021-08-19,-0.02052650493049679,0.19825293191948745,-0.35442746721014995,-0.06941652727052372,0.5789800005223946,0.29281087685067264,-0.20508399943152678,-0.596023399777365,-0.44150215742398347,-0.7633292695183966,0.36768015953146316,0.6371145522437149,0.27212710169917775,0.5848460550164138,-0.5230831324711951
2021-08-20,0.029650005721489764,0.09267715906139534,-0.1876864083722911,0.175978372970167,0.0405920011785558,0.0779407094127458,-0.028171341366213354,-0.059444475454550116,0.4343089929180053,-0.25527713917552475,-0.22183710374390597,-0.19727710283877828,0.03226687992058418,0.20451284301895717,-0.14769010597475685
2021-08-23,0.4352931071902586,-0.19120566069573375,-0.19824913992358328,-0.10465779031163125,0.1937108434793431,-0.28174287017425637,0.09563527319426113,0.03826279311047864,-0.12174732616050621,-0.015469819329443801,-0.08075618394991535,-0.2655261283517294,0.07521360644266029,-0.03263960865653215,0.44782162082829435
2021-08-24,0.17529843349842333,-0.5147020212603634,-0.22159178916966393,0.49209697223891435,-0.42786424112461363,-0.25217087164187413,0.6568311237017461,0.20318547483728988,-0.13071694507889697,0.0855263291947892,0.2732783957962781,0.1993428589313736,0.30017699202394343,-0.2512232584947762,-0.5478105211790423
2021-08-25,0.0822209662085927,0.1186793846934901,0.10849020076801341,0.4556448306641192,-0.15332850348258142,-0.22869661414456538,-0.113516165739797,-0.03212001193892931,-0.010064339350848384,-0.21041180433937934,0.24791959771673167,0.13499425623772887,0.10649012163682858,-0.2100054423646072,-0.30810511890185666
2021-08-26,-0.05598104407391069,-0.05177154230524372,0.03170930231852709,0.4788097675688713,-0.026671009047689043,-0.34130246048794777,0.11268849616237508,-0.16415217370404722,0.2228045601692925,-0.30017019491050567,-0.13659799816320983,0.487674343585071,0.13212548699842008,-0.416880373317152,0.005858548388725682
2021-08-27,0.491558338234813,-0.2751260076280413,-0.42817893523265016,-0.1718199655663155,-0.17596334188461427,-0.12127406085994386,-0.13669131658686862,0.5173210431999469,0.24160530577323436,0.46490358223164585,0.04386614862534799,-0.10989418756525593,0.03273281892292523,0.003159127802295103,-0.32200744902293876
2021-08-30,0.5017526342733847,0.09373662829937535,0.490657375788003,-0.15002780179858805,-0.7394186543807743,0.36534997753287024,-0.06256462830661513,-0.2930999376932929,-0.3184199345267875,0.016393092201217818,0.06846718811551172,-0.5065787740733139,0.006456164777279061,0.5447394604019345,-0.010306003667912789
2021-08-31,1.4154251944463327,-0.7342974141388949,-0.9139706616275514,-0.46729946252581633,0.05191266851034704,0.02535369662225423,-0.29112955198437207,0.1435001041468901,0.3312068326822315,0.1506649533510615,-0.06909079375236962,-0.1477118315339723,0.44184210319981787,0.7140207720175428,-0.5749924482115417
2021-09-01,0.30137726908061124,-0.08975254779441322,0.14122361478047185,-0.7672711856207465,0.0043051269155790495,-0.30612992352827184,0.3248772737260481,-0.14915704352121253,-0.62226599230394,0.22121722023600898,0.23008204375242447,0.6498505923078882,0.0299023301237058,-0.028229301536470214,0.06562155687699467
2021-09-02,0.1953727188000849,0.2782669666764239,0.30667622388577187,-0.12029491933706238,-0.07775405422348602,-0.4211576560373662,0.10014773391252829,-0.10062704908503783,-0.4939287475015651,0.38630763189731265,-0.2676802396129333,-0.3807518587658689,0.26637954348357207,0.06712986481350858,0.26653088441559536
2021-09-03,0.11862839971599143,0.04843745806664801,0.06317072828173588,0.07729501838705535,0.20737543043412332,0.054633476664103675,-0.13266485202678668,-0.03828748706338808,0.3936048408510226,-0.18576482355443358,-0.041904239043080896,-0.3765286426300011,-0.27257420823823875,-0.00219180659948226,0.07560360479186619
2021-09-07,0.042722357320299165,0.14998443835918668,0.07989292653395891,-0.011761732997213406,0.21455244357748354,-0.09267926963081699,-0.12398088642812544,0.07391875170668583,0.20849785332318282,-0.009352331828702931,-0.6332389783512802,0.017794966677120327,0.3081284684249954,-0.2548921681851316,0.02812922566742526
2021-09-08,-0.07690288902012554,-0.06618545386043229,0.1424977504556988,-0.2321169033394742,0.3841374334534992,0.7303745715267689,-0.30834508036209496,-0.12964402144170895,-0.16497636200199128,-0.22456856916186518,0.20644240391552948,-1.0715556460587092,0.17840386302439448,0.5203438146577828,0.13517275560099384
2021-09-09,-0.3071285165079228,0.23610536506907437,-0.049705456054775526,0.09806108235806277,0.16294409904524892,0.11445458653258872,-0.0513167949745682,0.08542467165563677,0.056634468865797,-0.12276132271502693,-0.11461118641356206,0.05332441398055596,-0.09531100559140192,-0.25676084819403544,0.1744975669465661
2021-09-10,-0.34637313364182665,0.04962421112525486,-0.04436835639702316,0.11660311136693735,-0.07326769818613293,-0.11197170489017211,0.4023864386415516,-0.3123138207254857,-0.22515779736940358,-0.03986205474669433,0.026317262031525013,0.2962315275964202,0.1424048794040614,0.2432217579354995,-0.1420981006063771
2021-09-13,0.7270128927536808,-0.14272035228342705,-0.051805590185904915,-0.6919243166692726,0.21466212159360487,-0.6546939733907073,0.08302117483090776,-0.5435784648172772,0.059887285788001954,0.09668154301641674,-0.6661518000871054,0.6186323827545881,0.5716381067853586,0.30110862885864065,0.08643255135741157
2021-09-14,-0.5377385714986642,0.05825622048019086,-0.45221485468516587,-0.05372294954552892,0.3291963514252342,-0.17459337617315251,0.13147042705260426,0.017547487259971073,0.13156824130694011,0.2179706469133061,-0.15592169400613964,0.18473081742641184,0.2431009495926768,0.10773516506897891,-0.04156002893457755
2021-09-15,-0.18061245950593907,-0.4778188976523192,-0.42301001939063165,0.397779655176123,1.1633741238226585,0.09591215624530225,-0.7111675093324876,-0.6026377633030113,0.43299650835945025,-0.7611668956723012,-0.5273901431861898,0.5600136518155165,0.3284736922322191,0.613887934173913,0.11931126333849118
2021-09-16,0.213024896774525,0.4704422671241696,0.019615560015837585,0.2700113620345236,-0.16450418771236602,-0.2524931222486582,0.1306388831345841,0.025533751485576017,-0.12532611963399923,-0.18870917926841496,0.22219536794104464,-0.012681628451463867,-0.36633748798641724,-0.2584149805954771,-0.025523159118841898
2021-09-17,-0.4241265285051317,-0.003413665932622184,0.11219444702668907,-0.5355913716983304,0.44387968176646087,0.9677819376198682,-0.29962344597702445,-0.037245715246670974,-0.07184629137942211,-0.4155018901932842,0.4533202432868848,-0.46699678699225083,0.2834751223232845,0.3058874776747052,-0.2807584469602112
2021-09-20,-0.34360583887489593,-0.07514710399557356,-0.030471631038606617,-0.4028755911300297,0.017365798761021622,0.30285841418607595,0.27954140049597553,-0.09371131733832327,0.050307759554314435,-0.0017319426739206278,0.3776833480766336,-0.054046396828170584,-0.1223416404684714,0.250846704103983,-0.1333588795524545
2021-09-21,-0.44911632602579143,1.760262559145604,-0.13869266125083485,0.05257964389154485,0.34295565707938014,0.14939518841950217,-0.43699087638152945,0.482325810122097,0.21944772285295006,-0.21580630992003982,-0.2204241351852572,-0.6361837206459239,-0.09744824955916237,-0.7218524134906895,-0.1557253655412461
2021-09-22,0.5742357524375332,0.7802111306655177,0.43994953181078,0.6059410016312119,-0.10508150709239605,0.07386500820779718,-1.1206848281156687,0.20985567043299969,-0.035732480163633173,-0.045865721348356425,0.23929274196702588,-1.227517006225384,-0.38565008130435086,-0.24065332291712327,0.21655265513609634
2021-09-23,0.49092938648642703,-0.631217239264847,0.013107053761052034,0.8871546154091972,-0.38922402021720015,-0.33476724686707793,0.29887634968146903,-0.09417314935464027,-0.17638777727714539,-0.30859806997970596,-0.444070056298389,0.985272604925288,-0.4205106409006496,-0.2674521704088644,0.3543647765910092
2021-09-24,0.144557900305618,0.6256878205102536,0.1548276604412453,-0.11822373215965104,0.29044551380368216,-0.10839521620033904,0.05789053804673039,0.03850492682470097,-0.24017768285649288,-0.23986797339411878,-0.44397483925107645,-0.09559140076073946,0.11288459695331376,-0.5767040220216232,0.3334947690455744
2021-09-27,-0.0849864103959852,-0.6779801650055892,-0.19184139769484232,-0.052580569125937116,0.056116877121544784,0.4835612465988175,0.21051118690066062,0.1626841988174874,-0.8416036290105018,0.2885546320483041,0.5661719386280757,-0.19536095992936486,0.34511991997358527,0.1102031841885196,-0.13266140637649304
2021-09-28,-1.8327735118321353,0.7579213524400586,0.10583962983426862,0.10576020432836489,0.0639852278709059,0.0913237694308894,0.3844538799143808,-0.7097295856483632,-0.46717962144437375,-0.1123271273376854,-0.07850149078546634,0.8973029607146726,0.2661742329961558,-0.01718037651147969,0.5051813972581997
2021-09-29,-0.5963461725270136,0.1137737002523365,0.1736605386141164,0.5466651142545347,0.17134124522772243,0.2744760509363027,-0.2731306913625375,0.2319158444624131,-0.1579959801970912,0.025079294195988033,0.0597753023867329,-0.7487860499613715,0.010267627141390845,0.09245133122409954,0.07818390627830288
2021-09-30,0.6040859043413742,0.1495025262998285,-0.6774244697671369,0.009563124050661453,-0.39473085249047923,-0.13469553512187687,-0.31589078403581183,0.3097517166740602,0.014353576171913546,0.11460252718285052,0.21185234373540276,-0.15834936623514384,0.26598485624657586,0.33585388577871167,-0.2857031764581063
2021-10-01,-0.9142549260273418,0.10736655019214392,0.4527675885980471,-0.36160327242230106,0.543575689742932,-0.023006386298332515,-0.2763949109878665,-0.5816411273969543,-0.21546364687042585,0.17810282568333324,0.23669735903242217,-0.38423565993430975,0.3342213476708502,0.25570609363612795,0.6261356000802372
2021-10-04,-0.6431563508397387,-0.1031772045344227,-0.5580881744261997,0.6381779403219463,-0.223161438463235,0.21162187879887107,0.4431779880284432,-0.7650317679849272,-1.020969132668562,-0.5391687951435925,1.601489389314479,-0.1389409638448098,0.2627168819738397,1.1470949534474533,-0.2477903703783323
2021-10-05,-0.22614890833240647,-0.26447827662170925,0.49256041996842925,0.5878708905649914,0.09645270923634386,-0.20010052230077047,0.4477963500962114,-0.07972241371941043,-0.31653544945214646,0.54553788614207,0.5973073905341637,-0.4534849014364883,-0.8313953498149338,-0.15937774825648104,-0.26560238158876925
2021-10-06,-0.05127563379945288,0.24892372173775384,-0.07521787753078246,-0.9966570640428898,0.32482423719079123,0.11304751220461713,-0.09027072878617859,0.12510275232453427,-0.3390369098522624,-0.3171094044521925,0.6389300284777755,-0.10361044983273882,0.5860309513727809,0.3871812691468697,-0.38681696668701737
2021-10-07,0.7592214157079222,-0.6651645540943718,-0.18991292122280212,-0.6502132291201838,-0.8554291666558704,0.16087794107178782,-0.108657688222484,0.037332265200895054,0.25763361330464674,0.10383317414575538,0.41860770380288004,0.5673209790720702,0.06788209333286838,0.7941192118438405,-0.5733273048438363
2021-10-08,0.3172223825472913,0.619491831313661,0.04895672383173011,-0.4569617430437787,0.3851858766349012,-0.34215258028063267,-0.5011856083437107,0.7726379188536145,-0.14409544905906535,-0.6640927959865488,0.4519908227706757,-0.540949624412532,0.14428680872993227,0.11127578955219297,-0.14544664475651015
2021-10-11,0.0611803526797392,-0.30970625501329174,-0.6289623482934033,-0.3335942634761391,-0.03115790018756648,0.6577946913551441,0.5736904881518314,0.7256287906537561,-0.19171072959808705,-0.28985470936643043,0.552752923886562,0.04813673555109055,0.01344746561684007,0.006796864639247557,-0.7940067623634249
2021-10-12,0.2317822032421408,-0.40561823409636033,-0.09642519607692394,-0.32850716302104477,-0.0005618995482874756,-0.1441464287090075,-0.5916910094455687,0.6611879597576545,0.0394169713521405,-0.44022507492924756,0.4162928488275002,0.10474508148549827,0.5936312820014006,0.49546810051575185,-0.4213048746859145
2021-10-13,-0.05788933258047879,0.020202107402679137,0.5167007300202479,-0.16356926142167472,0.35701145881924323,-0.2626215386607092,-0.019450467379318437,0.26855754361342715,0.4794021414867772,-0.5146717641232473,-0.12192217632299907,-0.2390940427362796,-0.23984852620021058,0.014531919978001434,-0.02532449124796113
2021-10-14,1.0988353910013462,-0.09872229886116943,-0.10018408301282566,-0.06598406659267603,-0.1507129886022439,-0.1555664792443653,-0.5706672085042049,0.8104254046318667,0.3961339997685728,-0.9470945795192933,-0.21107560783525786,-0.3003200244441333,0.012174407939415877,0.32144005671460874,0.05814563461239053
2021-10-15,-0.07404760976226651,0.3344349080108697,0.20210798143890973,0.07603222245736285,-0.1997003142200799,0.2161733833645279,1.0289937645897986,-0.13492952808649222,-0.07109465244837573,-0.5092823990481274,-0.22321433631744525,-0.568432829540589,-0.2124072531257913,-0.05802753362055019,0.1462178111965648
2021-10-18,0.4701081175271454,0.04199442167263665,-0.09983247817064966,0.13692816948974276,-0.21238594210283285,0.1557377946058202,-0.038727255302904356,0.08526669861342479,-0.5254464981052563,1.2208601762912232,-0.29926884761574896,0.20085055857613543,-0.46636765717580914,-0.7177177567876928,-0.04084374428351881
2021-10-19,-0.6144242019206212,-0.018661606945728604,0.9818802534553706,-0.7793278466761061,0.28278820549700345,0.09763365813224106,-0.154031335406289,-0.12106141759077585,-0.6080801585244203,-0.31509049432346076,0.3564484359596013,0.34146177652150145,0.2757589579420062,-0.4170547495789084,0.6309209140267416
2021-10-20,0.12907023447158766,-0.14102319821748827,0.46113284757768497,-0.11494821252585727,0.7402460532452549,-0.5431079711094997,0.043602990076570536,0.318550493742069,-0.11966782482825188,-0.08060582913942571,-0.055849872474485696,-0.2320559422257797,0.07159825294652622,-0.3181155021045063,-0.16819918483868626
2021-10-21,0.3989394138853479,-0.46544999091155903,0.07759805815015364,-0.3393917823575544,0.20808961904038514,0.043688975648954576,-0.15404663968722576,-2.6096217974287264,-0.11373491306057776,0.4802210081548067,-0.1805633201347298,1.260195225197688,0.6045274406707628,0.5962094984569737,0.22794457642726074
2021-10-22,0.33614248637708416,0.21972012899983623,0.32475710789310913,0.09526731757094137,-0.06693236102603373,-0.4306931936378234,0.4951156710599819,0.2513499715412133,0.10212949114935337,0.6867357208278889,-0.16997769476773666,-0.7776588285145747,-0.8556850185901743,-0.30938944851092676,0.0328403380921663
2021-10-25,-0.13182090502727684,-0.13866623284917706,0.05607158779465976,-0.5459919468362144,0.33560466752260987,-0.6030774818653374,-0.18619072211612275,0.19071796833412535,-0.11748741302068016,0.5708496063593995,-0.0674982389826711,-0.07637374334539376,0.32095744199107146,-0.20716580218335262,0.5776495003247946
2021-10-26,-0.09839516032673473,-0.06361534617038954,0.06347446026423412,0.44264012167328154,0.08776456006265021,0.34918276393436715,0.1154543172572533,-0.657742485153414,0.12701872026449557,0.0006723649223789492,-0.969415083072895,0.1914627613613665,-0.5707667467266869,-0.6249424555074719,1.3669382853669436
2021-10-27,0.45052312053292987,-0.14102074604449588,0.32636141174522737,-0.024167478609475435,0.18087694375383312,0.11009652641496448,0.17525835519310684,-0.0571165683264141,0.15706752867843488,-0.2523402137673547,-0.8828407119891424,-0.3345566793305814,0.30435164317468777,-0.12306090544820325,0.06867213598590993
2021-10-28,-0.28235922875493596,0.19990834718659334,0.3260035671281351,0.30270649553438367,0.0686723145470134,0.1997693111580875,0.09702006527888074,-0.2896880277178696,0.10919961968499378,0.161623979972345,-0.5034570901288259,0.33888187938571146,-0.31447417391340987,-0.29830759493802744,-0.19532019120800953
2021-10-29,-0.25382154217369923,-0.20928811753713455,1.459777163046142,0.09759859932076764,-0.27736967420388575,-0.2567397679297675,0.02142922348641174,-0.37958822264498615,-0.06295740697549668,0.2833063080819741,-0.7233181107146615,-0.2965389114408916,-0.16732976736495242,-0.26854729765439944,0.851772123572247
2021-11-01,-0.21860206177889652,-0.6897122365046181,-0.8293774673237331,0.5814359869566373,-0.20923028530944365,0.6820600413619713,-0.47083860035990033,0.14864229778152516,0.017112398647096128,0.19883258722765218,1.1791114132686338,-0.11186349001192086,-0.638416349758455,0.18009614437366406,0.1957403243792074
2021-11-02,0.6796216309753105,-0.6970415135227086,0.03950930421642862,0.4012701721185321,-0.09676798555605093,1.302710161413458,0.0047617462262509735,-0.16340939082248826,-1.382977111209621,0.1841567753691652,0.5741440033234926,0.31601159667766626,-0.35032481536962856,-0.6052421197777568,-0.2522046815588981
2021-11-03,0.4826935629579172,0.20823245694033288,-0.10475875387177691,0.3211135376159647,-0.2181550905343035,-0.31027143621020925,-0.7479304587992208,0.2430017505116175,-0.7863828262622264,-0.06605618080961939,1.0469698695547731,-0.10720997108664626,0.05590875211442742,0.42225342087273526,-0.32468978829238515
2021-11-04,1.3468977894026117,0.1406413448521496,0.17226868410122262,0.0918762134183524,-0.21876994310449943,0.12104672773615638,-0.38261007221937704,-0.28404784333398714,-0.22363709934075685,-0.1935985615640774,-1.2368688457223558,0.22884877682861776,0.18176946703155358,-0.12393009853033729,0.33645734916848047
2021-11-05,0.038976115936086964,0.35200673394340243,-0.17206392587461306,-0.0539630435104671,0.9176985735502927,-0.7191693690202645,-0.3241357007097559,0.3382566992376348,1.154235903181756,-1.1891513400960743,-0.16422161307429683,0.03144081782145064,0.09887356821323945,0.16030326526236816,-0.36472480390000256
2021-11-08,0.23823323435497873,-0.09527047143393824,-0.06904638634420536,-0.06992152781090988,0.4054137975108605,0.14353808590315,0.30546662064690744,-0.619581032228238,-0.435599889468009,0.42906314767898723,-0.18743370499043005,0.6043192904570049,-0.4492605031280126,-0.6177242517508739,0.31066356660816347
2021-11-09,-0.7547055550790056,-0.46070705608882445,0.3784196800784957,-0.2956261410969892,-0.10621788284085815,-0.8237508212086007,0.08036403179462862,0.2680239991807096,0.9613878827348772,-0.55666898079369,0.5919329678076758,-0.05439956436446236,-0.0043784637657895975,0.3709419591897048,0.48921208705117813
2021-11-10,-0.032475117417241295,-0.5980270170637887,0.18783389723987853,0.02918482895974539,0.10573767335250372,-0.5274986861395929,-0.62808164420537,0.9546573878465036,0.0839556555394021,-0.3293376156367753,0.3529924367079412,-0.48218197954049224,0.5035849424129468,0.1680403147643692,0.29352499918121144
2021-11-11,0.19661975037270374,-0.5742558388195205,0.010775523066375525,-0.033523847741165756,0.07922099548584007,0.18022270561167342,-0.8140442541104485,-0.17737378948482962,0.45752059670299317,0.04029676414612253,-0.0006947120140313456,-0.6415781869146605,0.2284354016966375,1.0876126538860758,0.03128242413438559
2021-11-12,0.0965315412190973,0.10419868536800676,0.12682147995192963,-0.07458934792911381,0.022888829684054646,0.4535031548327143,0.019768604666247802,0.007713846596649421,-0.0809498798490415,0.12854019458948263,-0.05863465238473159,0.2427901544714203,-0.33499669803123777,-0.37572631886902363,-0.29797239086088445
2021-11-15,-0.20743895723876543,-0.28409814217217016,1.3581923529999078,0.055049892341543394,-1.1148337008178446,0.027828213729801557,-0.3943912016609028,0.8346654881570101,-0.2056242395319638,-0.40930125204247825,0.5285190272547085,-0.15908376087572887,-0.0482677213341931,-0.05363679923563941,0.1777800415851559
2021-11-16,0.16175925489573623,-0.2815783137826983,0.18723189272975527,0.20844368879836317,-0.6183932104211027,-0.24355275964446482,0.6893594421332407,-0.2802941088217218,-0.6119271529749681,0.01539015750186562,-0.3663752364790713,0.6035152838425293,0.36194065071474735,-0.5696578236066413,0.6254373123860395
2021-11-17,-0.7009138591870225,0.15137472038793576,0.22940748949216783,-0.008534713971913188,-0.3074215265113538,-0.008263517974361534,-0.29527917148873484,0.005542950657948187,0.3219655802618726,0.0442897553317636,0.575995052319318,0.06952059307536174,-0.4196622185616934,0.4189165481995877,-0.008669180944742227
2021-11-18,0.14943428384532953,0.5772388818974439,-0.5664259523859456,1.0061738460191996,-0.06253916200999332,0.453824613104033,0.034893952718627164,-0.40523939114672725,-0.5664502090623886,0.173305375625756,-0.2536498784948008,0.17517138906913837,-0.12531524267446525,-0.22880102872083907,-0.4655786878228891
2021-11-19,0.15017677862368117,-0.11179155957793174,0.27260130481168865,-0.16784678935375874,-0.018428807775669576,-0.06969923914075071,0.37940523092113687,0.8262880950037843,0.3293095610519763,0.5138259509223115,-0.18467525016604558,-0.6316609988310402,0.03354625005081502,-0.5101266881776558,-0.7898168762848341
2021-11-22,-0.35495338799339143,0.4261821471004563,0.31022758493609826,-0.5715634244761284,-0.3705449077988352,0.19504606309296846,0.08909155746149822,-0.16394623707352418,0.08106101017042011,0.09801290947238284,0.6029642965285655,-0.16248154008355703,-0.3409833858310707,0.41411144000386446,-0.1669865626921141
2021-11-23,0.5184889675148332,-0.4175191202836206,-0.0699134069409657,0.13415298123238983,0.740498518223021,-0.07687743769252853,-0.20556075728557488,-0.25869217721621207,0.32301454509153626,0.42734360007593875,-0.36093996592837296,-0.3228774830698762,-0.33241011176136737,-0.045245595431704366,-0.12840365685692112
2021-11-24,-0.3838910771148346,0.09881655881462398,-0.09618857888617993,0.5885951645896035,-0.13668240408325866,0.6628843193668215,-0.299905725228443,0.05107580939601941,0.2745615794947565,-0.48193716049637453,-0.12994920340062552,-0.26936364873975505,0.08575230311978688,0.3603317620164578,-0.31151980954162617
2021-11-26,-0.04320934625195916,-0.025956436626670687,0.2580311728043567,0.4589382117209335,-0.44602682851788034,0.12206423526911925,-1.0269474661452802,0.2587724010700121,0.05646517102369408,0.022955033471093067,-0.014656842245521773,-0.07976299615127136,-0.09990908250043073,0.43549770527666054,0.1713045162406024
2021-11-29,0.2819536545114958,-0.1774006580839162,-0.33299319006213446,0.5023135380342851,0.08718567952236422,0.4082905323072107,1.1212351297658607,-0.7837801193877558,-0.12440944809170001,0.06066248021117404,0.026012369534006374,-0.15908282526847456,-0.5124878039690681,-0.4472035652719685,-0.11344526608286529
2021-11-30,0.007793637619193605,-0.6608011901168251,-0.24121396585345622,-0.41457292427291814,0.6582895875863387,-0.10921403723526257,0.2518832358033962,0.4916887390209199,0.29375207257323876,0.4573533243031491,0.49556063502555997,0.23192476365219994,-0.14662063849518847,-0.7590949283241066,-0.5337684326458234
2021-12-01,-0.0277273993123488,-0.45567526735308755,-0.3529069465517783,-0.3466152409984562,-0.22763306875303746,-0.5420571142949935,0.1514965299597555,-0.24278697122976578,0.2296748127854791,0.04907375073975517,0.03087302766255262,0.4978775409697837,0.4717947008676304,0.3229123805287746,0.4599210281589738
2021-12-02,-0.36540960643173415,-0.2825738818787702,0.08657600025591261,-0.6210591173618322,-1.0105947487055884,0.12404290415958852,0.7941945763004032,0.052688429204461595,0.030809271906908853,-0.11498961445004774,0.12885878508401283,0.4190530478862169,0.8450093932233742,0.10539469316184791,-0.09364379469234896
2021-12-03,-0.2755750883245699,0.4692007397534683,0.14564704016511953,0.24974501313846115,0.13006691647492064,-0.10311629575223552,0.05702098189086964,0.0958611060278931,-0.41640243589797366,-0.31192563920085076,-0.056554561234959055,0.09605360761853002,-0.05999940535222947,-0.18091733775871272,0.13723371404848073
2021-12-06,-0.49278400223146324,0.3041677292417938,0.2645222073831347,-0.39137481286092723,-0.13720963583510437,-0.06715771990493513,0.40377749302261456,0.0968309933149869,0.19269992315535234,0.08563681964712777,-0.007965949268833206,0.4246392911843393,-0.2770597418648981,-0.25214393360459636,-0.14996793950002085
2021-12-07,-0.19598297457891578,-0.09296922652140882,-0.12528510051102337,0.439049430457753,-0.1685964464107903,0.7049349333510324,-0.09164593919382247,0.602507540958303,0.2620269224370463,-0.028787779483401055,0.15498068843169754,-0.3663115365017714,0.06309612179622437,-0.4340862080690916,-0.6678134187535496
2021-12-08,-0.16132094954182585,-0.17496802250515137,0.35158364999112945,-0.1117153124082998,-0.1077876893228154,-0.49863384283750706,0.7945881362951192,-0.07389988939157079,0.07862372264419276,-0.11108212238875964,-0.10519063488551056,0.4865975494463971,-0.2612487977142268,-0.49035533357873146,0.3075836671312818
2021-12-09,-0.04583297505351658,-0.6547974591444337,0.10634060517622396,-0.48350423085380134,0.20033944691518213,-0.23837942023168268,0.44844715888205877,0.1060852884447292,-0.3680081239354323,0.19713880064165146,0.3834677936217015,0.25936317481114646,-0.22313341802857484,-0.4608409875900632,0.7341565469220914
2021-12-10,0.21584738983294116,0.1288436562846469,-0.36163300459073844,0.22381274737551715,-0.18019625262101552,-0.330790730268725,0.26369618789043503,0.32087057712519107,0.012149138204275156,0.10258121592473013,-0.07735447273376783,0.07243542436439349,0.10291040432965431,-0.40886925898132925,-0.07533066438944422
2021-12-13,0.009731779558619813,-0.14134727093654775,-0.16574931405773619,-0.3467474520006639,0.7532710274976511,0.06045399820409236,-0.542943278701794,0.1379309270894371,0.0680719345917351,0.03890332304249644,-0.1684829631303606,-0.03455141497659908,0.009252720168864803,-0.007204395685325604,0.31629040632660077
2021-12-14,-0.08431064702040658,-0.18246995758447968,0.0412755784707454,0.08788767008877119,-0.019152295797377927,-0.20055656604205452,0.2541028679853937,0.13100336508072974,0.20762962635853455,-0.02090405750891311,0.4382481886834726,0.1831469124959903,-0.47474403708736146,-0.3506584428035956,-0.023558367557270615
2021-12-15,0.318837427581368,0.17728820468650322,-0.47822835808480024,-0.07193308541959925,-0.04102265502087421,0.14084165628386802,-0.17615172880824165,0.09187794415117229,0.10690683340863526,0.1349301580642901,0.011742885177225743,-0.35422909383198947,0.15191020675721867,0.16100166474780522,-0.13160385897289045
2021-12-16,-0.6699485948723081,0.30139794487513627,0.22905551052965342,-0.07356540738565995,0.35988470795377936,0.16750075396043185,0.21518525638142597,-0.28154668603077476,-0.06770538426111458,-0.3999482949503075,-0.022972646240118993,0.2904445894145343,0.0322933851681112,0.15238202691382613,-0.2570930536033408
2021-12-17,0.3902840767187855,-1.3455164751816195,-1.3929320997567407,0.13439472249933293,-0.17845721357623723,0.1122050907750527,0.32503156501527775,-0.01038261997785539,0.3252630030213656,0.6393866449756218,1.0995448017239384,-0.04573766814335145,0.4548305983364889,0.08604280623352856,-0.5065043158258455
2021-12-20,0.18436425004658097,0.5179462610415982,0.5718407357744941,-0.05930677593364453,0.45296934552721074,-0.40324382862122077,0.3735981843353501,-0.20718172838354887,-0.6125657069711389,-0.573187583293778,-0.7807597769692689,0.1804381663134781,0.524355437657099,-0.004807498670712729,-0.1867103732832922
2021-12-21,0.10683925484973789,-0.2858375672261326,-0.6130597924217105,0.882928145564631,-0.38244687981878056,0.19185948580503331,-0.1907352430320659,0.503719878079897,0.5653993526641761,0.2928778198388504,0.03604007091605044,-0.17623028811145414,0.07815848516042001,-0.5674696779827507,-0.4174272122427263
2021-12-22,0.42103879171798403,-0.11950080823606452,0.08470484060386371,0.20376317359222684,-0.011026086053475936,-0.2773766380117283,-0.20838230182262385,-0.10544399833366674,-0.12527155115515962,-0.04516353192067485,-0.21363190635140153,-0.03844580186215171,0.10000438699005065,0.11384577054122064,0.22943233957571835
2021-12-23,0.143261535590661,0.09716992817045715,-0.009079241124504603,-0.19161751490688916,-0.02788626123441032,0.09660039609704742,-0.09205040475541452,-0.05161707164627016,-0.22709665374624166,0.06096016182366466,-0.01128475862514286,0.005677359475097177,0.11674177513297038,0.11737197531339649,-0.015338401994917766
2021-12-27,1.0878097858186764,0.03445597627775565,0.26530283111872444,0.41635193949339633,0.33846768019646856,0.11635009857078016,-0.5997358685866162,-0.04678189607236927,0.10657092551510694,-0.4868269479131512,-0.2536308226894522,-0.7551661312648537,0.14604051242145422,0.1049153810331227,-0.406746174671088
2021-12-28,-0.16138515308040713,0.03100597806956927,-0.3523468312739225,0.2729935351860804,-0.12389856222314521,-0.004619625143806316,-0.007264246518619677,0.1856902167324748,-0.23965320268455162,0.07456983672547074,0.15843586642040863,0.38084916220031156,0.25226692022728736,-0.22374010778398387,-0.23992281133381305
2021-12-29,0.20684474912615688,0.19247856859401374,-0.2619047170214866,0.018568096332915063,0.09793816312876702,-0.18338214401533343,0.12793662772773734,0.20492380347967398,0.002690307589036378,0.12849418915190375,-0.31506609510536493,-0.34434209256518905,0.4328252933456611,-0.05715128773566541,-0.2305905042658139
2021-12-30,-0.6440799114717424,-0.0026718931345482977,-0.14756012991039624,0.013150566485856108,0.07457308515803623,-0.026506186301040402,0.06987665886478261,0.0734281727946233,-0.13817515179323164,0.18996455282905328,-0.0006838916501937797,0.6242895373683233,0.034256715401880855,-0.15357158934441356,0.018995008983198836
2021-12-31,-0.4215380661762179,0.0021349550963845887,-0.34802365041986627,0.20694805923366044,-0.2640834659236022,0.12161587086493011,0.08619523398876232,-0.02302395581669664,0.20252389926687886,0.0716397049053962,-0.2852590814110966,0.02072961746561902,0.24759041773989382,0.05544711808509423,0.3077251584989048
